file,jd,object_id,role,x,y,flux,flux_err,flux_rate,flux_rate_err,flag,dx,dy
light_V_8s_2026_05_20-0001_flat_0p3_late_bias_cal.fits,2461181.672184375,target_V0399_direct,target,1846.1828551628541,714.9477537747637,1504062.3229370117,5544.916210311319,188007.79036712646,693.1145262889149,ok,1.1368683772161603e-13,0.0
light_V_8s_2026_05_20-0001_flat_0p3_late_bias_cal.fits,2461181.672184375,DN_UMa_direct,check,1764.9244620103386,759.2228666861361,2206656.2880859375,9496.15617281736,275832.0360107422,1187.01952160217,ok,1.1368683772161603e-13,0.0
light_V_8s_2026_05_20-0001_flat_0p3_late_bias_cal.fits,2461181.672184375,gaia_774287774887292672_src5,comparison,1891.6436288263067,1173.234740031981,9673.55029296875,117.83602519608989,1209.1937866210938,14.729503149511237,ok,1.1368683772161603e-13,0.0
light_V_8s_2026_05_20-0001_flat_0p3_late_bias_cal.fits,2461181.672184375,gaia_774288805679445888_src7,comparison,1767.995250132296,1430.049490681881,7492.035720825195,106.4022221786389,936.5044651031494,13.300277772329862,ok,1.1368683772161603e-13,0.0
light_V_8s_2026_05_20-0001_flat_0p3_late_bias_cal.fits,2461181.672184375,gaia_774289041901756032_src4,comparison,1852.144473974858,1532.6528088919893,9684.960998535156,118.42173937482613,1210.6201248168945,14.802717421853266,ok,1.1368683772161603e-13,0.0
light_V_8s_2026_05_20-0001_flat_0p3_late_bias_cal.fits,2461181.672184375,gaia_774271076054448768_src2,comparison,1468.5081692804415,351.13981376307237,16327.112182617188,149.4234296848427,2040.8890228271484,18.677928710605336,ok,1.1368683772161603e-13,0.0
light_V_8s_2026_05_20-0001_flat_0p3_late_bias_cal.fits,2461181.672184375,gaia_774272862760870784_src1,comparison,577.761300198513,169.5638766273241,24509.17251586914,183.9902964433029,3063.6465644836426,22.998787055412862,ok,1.1368683772161603e-13,0.0
light_V_8s_2026_05_20-0001_flat_0p3_late_bias_cal.fits,2461181.672184375,gaia_774384016513181696_src3,comparison,239.38060962487788,1130.5477973514164,10909.139343261719,130.99211500839627,1363.6424179077148,16.374014376049534,ok,1.1368683772161603e-13,0.0
light_V_8s_2026_05_20-0001_flat_0p3_late_bias_cal.fits,2461181.672184375,gaia_774289488578357504_src6,comparison,805.0728403613343,1049.5229640101609,8584.531753540039,111.88151002383479,1073.0664691925049,13.985188752979349,ok,1.1368683772161603e-13,0.0
light_V_8s_2026_05_20-0001_flat_0p3_late_bias_cal.fits,2461181.672184375,gaia_774290626745586944_src8,comparison,889.9963596699455,1396.5941079873598,2654.808303833008,75.3245194777436,331.851037979126,9.41556493471795,ok,1.1368683772161603e-13,0.0
light_V_8s_2026_05_20-0002_flat_0p3_late_bias_cal.fits,2461181.672376852,target_V0399_direct,target,1846.2800691734446,713.5418331515764,1359514.9892578125,6413.731445387102,169939.37365722656,801.7164306733878,ok,0.11907919954296631,-1.4205978353804767
light_V_8s_2026_05_20-0002_flat_0p3_late_bias_cal.fits,2461181.672376852,DN_UMa_direct,check,1765.0654063988338,757.7875916385624,1954202.9777832031,10844.534663275186,244275.3722229004,1355.5668329093983,ok,0.11907919954296631,-1.4205978353804767
light_V_8s_2026_05_20-0002_flat_0p3_late_bias_cal.fits,2461181.672376852,gaia_774287774887292672_src5,comparison,1891.7627080258494,1171.8141421966004,8290.030944824219,113.80275816763837,1036.2538681030273,14.225344770954797,ok,0.11907919954296631,-1.4205978353804767
light_V_8s_2026_05_20-0002_flat_0p3_late_bias_cal.fits,2461181.672376852,gaia_774288805679445888_src7,comparison,1768.114329331839,1428.6288928465005,6743.502250671387,102.73549673086849,842.9377813339233,12.841937091358561,ok,0.11907919954296631,-1.4205978353804767
light_V_8s_2026_05_20-0002_flat_0p3_late_bias_cal.fits,2461181.672376852,gaia_774289041901756032_src4,comparison,1852.263553174401,1531.2322110566088,8491.726196289062,114.19687806402526,1061.4657745361328,14.274609758003157,ok,0.11907919954296631,-1.4205978353804767
light_V_8s_2026_05_20-0002_flat_0p3_late_bias_cal.fits,2461181.672376852,gaia_774271076054448768_src2,comparison,1468.6272484799845,349.7192159276919,14282.48110961914,145.59636034118427,1785.3101387023926,18.199545042648033,ok,0.11907919954296631,-1.4205978353804767
light_V_8s_2026_05_20-0002_flat_0p3_late_bias_cal.fits,2461181.672376852,gaia_774272862760870784_src1,comparison,577.8803793980559,168.14327879194363,20359.695770263672,185.320740215753,2544.961971282959,23.165092526969126,ok,0.11907919954296631,-1.4205978353804767
light_V_8s_2026_05_20-0002_flat_0p3_late_bias_cal.fits,2461181.672376852,gaia_774384016513181696_src3,comparison,239.49968882442073,1129.127199516036,9356.121688842773,126.61126440956019,1169.5152111053467,15.826408051195024,ok,0.11907919954296631,-1.4205978353804767
light_V_8s_2026_05_20-0002_flat_0p3_late_bias_cal.fits,2461181.672376852,gaia_774289488578357504_src6,comparison,805.1919195608772,1048.1023661747804,7230.713607788086,106.38492579696965,903.8392009735107,13.298115724621207,ok,0.11907919954296631,-1.4205978353804767
light_V_8s_2026_05_20-0002_flat_0p3_late_bias_cal.fits,2461181.672376852,gaia_774290626745586944_src8,comparison,890.1154388694883,1395.1735101519794,2308.4925537109375,70.80743543981627,288.5615692138672,8.850929429977034,ok,0.11907919954296631,-1.4205978353804767
light_V_8s_2026_05_20-0003_flat_0p3_late_bias_cal.fits,2461181.6725682872,target_V0399_direct,target,1846.9915506363493,713.3496788357897,1586021.6779785156,4948.532559454115,198252.70974731445,618.5665699317643,ok,0.8381889226286603,-1.609937754995883
light_V_8s_2026_05_20-0003_flat_0p3_late_bias_cal.fits,2461181.6725682872,DN_UMa_direct,check,1765.7921443821006,757.6010661151182,2391956.7163085938,8658.73687535451,298994.5895385742,1082.3421094193138,ok,0.8381889226286603,-1.609937754995883
light_V_8s_2026_05_20-0003_flat_0p3_late_bias_cal.fits,2461181.6725682872,gaia_774287774887292672_src5,comparison,1892.481817748935,1171.624802276985,10256.730529785156,118.91282496461402,1282.0913162231445,14.864103120576752,ok,0.8381889226286603,-1.609937754995883
light_V_8s_2026_05_20-0003_flat_0p3_late_bias_cal.fits,2461181.6725682872,gaia_774288805679445888_src7,comparison,1768.8334390549246,1428.4395529268852,8161.217422485352,107.99007783320417,1020.152177810669,13.498759729150521,ok,0.8381889226286603,-1.609937754995883
light_V_8s_2026_05_20-0003_flat_0p3_late_bias_cal.fits,2461181.6725682872,gaia_774289041901756032_src4,comparison,1852.9826628974868,1531.0428711369934,10149.049499511719,118.38591959991102,1268.6311874389648,14.798239949988877,ok,0.8381889226286603,-1.609937754995883
light_V_8s_2026_05_20-0003_flat_0p3_late_bias_cal.fits,2461181.6725682872,gaia_774271076054448768_src2,comparison,1469.3463582030702,349.5298760080765,16854.090606689453,148.27690755746798,2106.7613258361816,18.534613444683497,ok,0.8381889226286603,-1.609937754995883
light_V_8s_2026_05_20-0003_flat_0p3_late_bias_cal.fits,2461181.6725682872,gaia_774272862760870784_src1,comparison,578.5994891211416,167.95393887232822,25216.5238571167,184.202266491997,3152.0654821395874,23.025283311499624,ok,0.8381889226286603,-1.609937754995883
light_V_8s_2026_05_20-0003_flat_0p3_late_bias_cal.fits,2461181.6725682872,gaia_774384016513181696_src3,comparison,240.21879854750642,1128.9378595964206,11089.020462036133,131.41841293302983,1386.1275577545166,16.42730161662873,ok,0.8381889226286603,-1.609937754995883
light_V_8s_2026_05_20-0003_flat_0p3_late_bias_cal.fits,2461181.6725682872,gaia_774289488578357504_src6,comparison,805.9110292839629,1047.913026255165,8864.159683227539,111.62028487676723,1108.0199604034424,13.952535609595904,ok,0.8381889226286603,-1.609937754995883
light_V_8s_2026_05_20-0003_flat_0p3_late_bias_cal.fits,2461181.6725682872,gaia_774290626745586944_src8,comparison,890.834548592574,1394.984170232364,2839.399932861328,76.21111181516662,354.924991607666,9.526388976895827,ok,0.8381889226286603,-1.609937754995883
light_V_8s_2026_05_20-0004_flat_0p3_late_bias_cal.fits,2461181.6727600694,target_V0399_direct,target,1848.0788941053722,714.3136277952666,1361998.40625,6315.334693577036,170249.80078125,789.4168366971295,ok,1.9165032606709929,-0.6539891714082842
light_V_8s_2026_05_20-0004_flat_0p3_late_bias_cal.fits,2461181.6727600694,DN_UMa_direct,check,1766.8614295891623,758.5490143228166,2018953.2623291016,10430.965903470416,252369.1577911377,1303.870737933802,ok,1.9165032606709929,-0.6539891714082842
light_V_8s_2026_05_20-0004_flat_0p3_late_bias_cal.fits,2461181.6727600694,gaia_774287774887292672_src5,comparison,1893.5601320869773,1172.5807508605726,8665.838958740234,112.37259544811751,1083.2298698425293,14.046574431014688,ok,1.9165032606709929,-0.6539891714082842
light_V_8s_2026_05_20-0004_flat_0p3_late_bias_cal.fits,2461181.6727600694,gaia_774288805679445888_src7,comparison,1769.911753392967,1429.3955015104727,6966.832244873047,104.77435676147888,870.8540306091309,13.09679459518486,ok,1.9165032606709929,-0.6539891714082842
light_V_8s_2026_05_20-0004_flat_0p3_late_bias_cal.fits,2461181.6727600694,gaia_774289041901756032_src4,comparison,1854.0609772355292,1531.998819720581,8476.566780090332,113.16846737257522,1059.5708475112915,14.146058421571903,ok,1.9165032606709929,-0.6539891714082842
light_V_8s_2026_05_20-0004_flat_0p3_late_bias_cal.fits,2461181.6727600694,gaia_774271076054448768_src2,comparison,1470.4246725411126,350.4858245916641,14415.812278747559,146.74662080118216,1801.9765348434448,18.34332760014777,ok,1.9165032606709929,-0.6539891714082842
light_V_8s_2026_05_20-0004_flat_0p3_late_bias_cal.fits,2461181.6727600694,gaia_774272862760870784_src1,comparison,579.6778034591839,168.90988745591582,20758.39532470703,184.52485898410626,2594.799415588379,23.065607373013282,ok,1.9165032606709929,-0.6539891714082842
light_V_8s_2026_05_20-0004_flat_0p3_late_bias_cal.fits,2461181.6727600694,gaia_774384016513181696_src3,comparison,241.29711288554876,1129.8938081800081,9393.563278198242,126.26719338411166,1174.1954097747803,15.783399173013958,ok,1.9165032606709929,-0.6539891714082842
light_V_8s_2026_05_20-0004_flat_0p3_late_bias_cal.fits,2461181.6727600694,gaia_774289488578357504_src6,comparison,806.9893436220052,1048.8689748387526,7288.984954833984,106.1977293108988,911.123119354248,13.27471616386235,ok,1.9165032606709929,-0.6539891714082842
light_V_8s_2026_05_20-0004_flat_0p3_late_bias_cal.fits,2461181.6727600694,gaia_774290626745586944_src8,comparison,891.9128629306164,1395.9401188159516,2233.7511138916016,70.04027806990152,279.2188892364502,8.75503475873769,ok,1.9165032606709929,-0.6539891714082842
light_V_8s_2026_05_20-0005_flat_0p3_late_bias_cal.fits,2461181.6729527777,target_V0399_direct,target,1849.3380563283938,714.9581307711196,1561809.5745239258,5189.221516909477,195226.19681549072,648.6526896136846,ok,3.151076973045747,0.0014371618690347532
light_V_8s_2026_05_20-0005_flat_0p3_late_bias_cal.fits,2461181.6729527777,DN_UMa_direct,check,1768.0714147908902,759.2153640135182,2283602.7356567383,9099.321288992167,285450.3419570923,1137.4151611240209,ok,3.151076973045747,0.0014371618690347532
light_V_8s_2026_05_20-0005_flat_0p3_late_bias_cal.fits,2461181.6729527777,gaia_774287774887292672_src5,comparison,1894.7947057993522,1173.23617719385,9960.409317016602,116.92206050919258,1245.0511646270752,14.615257563649072,ok,3.151076973045747,0.0014371618690347532
light_V_8s_2026_05_20-0005_flat_0p3_late_bias_cal.fits,2461181.6729527777,gaia_774288805679445888_src7,comparison,1771.1463271053417,1430.05092784375,7614.183029174805,105.20548555129905,951.7728786468506,13.150685693912381,ok,3.151076973045747,0.0014371618690347532
light_V_8s_2026_05_20-0005_flat_0p3_late_bias_cal.fits,2461181.6729527777,gaia_774289041901756032_src4,comparison,1855.2955509479038,1532.6542460538583,10283.50904083252,120.96533939746084,1285.438630104065,15.120667424682605,ok,3.151076973045747,0.0014371618690347532
light_V_8s_2026_05_20-0005_flat_0p3_late_bias_cal.fits,2461181.6729527777,gaia_774271076054448768_src2,comparison,1471.6592462534873,351.1412509249414,16426.0009765625,147.86544532324936,2053.2501220703125,18.48318066540617,ok,3.151076973045747,0.0014371618690347532
light_V_8s_2026_05_20-0005_flat_0p3_late_bias_cal.fits,2461181.6729527777,gaia_774272862760870784_src1,comparison,580.9123771715587,169.56531378919314,24665.37432861328,184.77132390394746,3083.17179107666,23.096415487993433,ok,3.151076973045747,0.0014371618690347532
light_V_8s_2026_05_20-0005_flat_0p3_late_bias_cal.fits,2461181.6729527777,gaia_774384016513181696_src3,comparison,242.5316865979235,1130.5492345132855,10770.711868286133,129.93254808365847,1346.3389835357666,16.24156851045731,ok,3.151076973045747,0.0014371618690347532
light_V_8s_2026_05_20-0005_flat_0p3_late_bias_cal.fits,2461181.6729527777,gaia_774289488578357504_src6,comparison,808.22391733438,1049.52440117203,8839.987609863281,111.3620902875852,1104.9984512329102,13.92026128594815,ok,3.151076973045747,0.0014371618690347532
light_V_8s_2026_05_20-0005_flat_0p3_late_bias_cal.fits,2461181.6729527777,gaia_774290626745586944_src8,comparison,893.1474366429911,1396.5955451492289,2749.3536224365234,74.99872226056488,343.66920280456543,9.37484028257061,ok,3.151076973045747,0.0014371618690347532
light_V_8s_2026_05_20-0006_flat_0p3_late_bias_cal.fits,2461181.6731434027,target_V0399_direct,target,1836.0633166775551,633.2956601566749,1507636.3814086914,5670.661674610555,188454.54767608643,708.8327093263193,ok,-6.893077048212831,-76.58210602317524
light_V_8s_2026_05_20-0006_flat_0p3_late_bias_cal.fits,2461181.6731434027,DN_UMa_direct,check,1761.2578463992118,687.7107482578743,2215156.7098999023,9286.751659117144,276894.5887374878,1160.843957389643,ok,-6.893077048212831,-76.58210602317524
light_V_8s_2026_05_20-0006_flat_0p3_late_bias_cal.fits,2461181.6731434027,gaia_774287774887292672_src5,comparison,1884.7505517780937,1096.6526340088058,59.7913818359375,50.54517123959918,7.4739227294921875,6.318146404949897,ok,-6.893077048212831,-76.58210602317524
light_V_8s_2026_05_20-0006_flat_0p3_late_bias_cal.fits,2461181.6731434027,gaia_774288805679445888_src7,comparison,1761.102173084083,1353.4673846587057,-29.70447540283203,53.552601730975276,-3.713059425354004,6.6940752163719095,nonpositive_flux,-6.893077048212831,-76.58210602317524
light_V_8s_2026_05_20-0006_flat_0p3_late_bias_cal.fits,2461181.6731434027,gaia_774289041901756032_src4,comparison,1845.2513969266452,1456.070702868814,61.807151794433594,54.813567980462274,7.725893974304199,6.851695997557784,ok,-6.893077048212831,-76.58210602317524
light_V_8s_2026_05_20-0006_flat_0p3_late_bias_cal.fits,2461181.6731434027,gaia_774271076054448768_src2,comparison,1461.6150922322286,274.5577077398971,-40.121822357177734,51.62232992011288,-5.015227794647217,6.45279124001411,nonpositive_flux,-6.893077048212831,-76.58210602317524
light_V_8s_2026_05_20-0006_flat_0p3_late_bias_cal.fits,2461181.6731434027,gaia_774272862760870784_src1,comparison,570.8682231503001,92.98177060414886,-74.26292419433594,54.3079950081176,-9.282865524291992,6.7884993760147,nonpositive_flux,-6.893077048212831,-76.58210602317524
light_V_8s_2026_05_20-0006_flat_0p3_late_bias_cal.fits,2461181.6731434027,gaia_774384016513181696_src3,comparison,232.48753257666493,1053.965691328241,-29.5491943359375,54.1731270075585,-3.6936492919921875,6.771640875944812,nonpositive_flux,-6.893077048212831,-76.58210602317524
light_V_8s_2026_05_20-0006_flat_0p3_late_bias_cal.fits,2461181.6731434027,gaia_774289488578357504_src6,comparison,798.1797633131214,972.9408579869856,-75.40089416503906,50.778445209793986,-9.425111770629883,6.347305651224248,nonpositive_flux,-6.893077048212831,-76.58210602317524
light_V_8s_2026_05_20-0006_flat_0p3_late_bias_cal.fits,2461181.6731434027,gaia_774290626745586944_src8,comparison,883.1032826217325,1320.0120019641845,-27.003143310546875,50.61276709838482,-3.3753929138183594,6.326595887298103,nonpositive_flux,-6.893077048212831,-76.58210602317524
light_V_8s_2026_05_20-0007_flat_0p3_late_bias_cal.fits,2461181.6733350693,target_V0399_direct,target,1835.8303733601165,633.542843628741,1607907.9735107422,4923.238332016448,200988.49668884277,615.404791502056,ok,-7.103040643606278,-76.36185098412312
light_V_8s_2026_05_20-0007_flat_0p3_late_bias_cal.fits,2461181.6733350693,DN_UMa_direct,check,1761.0708625258635,687.9040748639125,2267618.5166015625,8553.669442825158,283452.3145751953,1069.2086803531447,ok,-7.103040643606278,-76.36185098412312
light_V_8s_2026_05_20-0007_flat_0p3_late_bias_cal.fits,2461181.6733350693,gaia_774287774887292672_src5,comparison,1884.5405881827,1096.8728890478578,-64.31577682495117,53.6984558581527,-8.039472103118896,6.712306982269087,nonpositive_flux,-7.103040643606278,-76.36185098412312
light_V_8s_2026_05_20-0007_flat_0p3_late_bias_cal.fits,2461181.6733350693,gaia_774288805679445888_src7,comparison,1760.8922094886898,1353.687639697758,72.79045104980469,50.616616113938775,9.098806381225586,6.327077014242347,ok,-7.103040643606278,-76.36185098412312
light_V_8s_2026_05_20-0007_flat_0p3_late_bias_cal.fits,2461181.6733350693,gaia_774289041901756032_src4,comparison,1845.041433331252,1456.2909579078662,75.77317810058594,51.359399841163366,9.471647262573242,6.419924980145421,ok,-7.103040643606278,-76.36185098412312
light_V_8s_2026_05_20-0007_flat_0p3_late_bias_cal.fits,2461181.6733350693,gaia_774271076054448768_src2,comparison,1461.4051286368353,274.77796277894925,-65.46837615966797,52.8308044287851,-8.183547019958496,6.6038505535981376,nonpositive_flux,-7.103040643606278,-76.36185098412312
light_V_8s_2026_05_20-0007_flat_0p3_late_bias_cal.fits,2461181.6733350693,gaia_774272862760870784_src1,comparison,570.6582595549066,93.20202564320098,31.790069580078125,52.32669865236845,3.9737586975097656,6.540837331546056,ok,-7.103040643606278,-76.36185098412312
light_V_8s_2026_05_20-0007_flat_0p3_late_bias_cal.fits,2461181.6733350693,gaia_774384016513181696_src3,comparison,232.2775689812715,1054.1859463672934,-27.9449462890625,49.953895518007684,-3.4931182861328125,6.2442369397509605,nonpositive_flux,-7.103040643606278,-76.36185098412312
light_V_8s_2026_05_20-0007_flat_0p3_late_bias_cal.fits,2461181.6733350693,gaia_774289488578357504_src6,comparison,797.9697997177279,973.1611130260378,-3.5439453125,49.4244930153026,-0.4429931640625,6.178061626912825,nonpositive_flux,-7.103040643606278,-76.36185098412312
light_V_8s_2026_05_20-0007_flat_0p3_late_bias_cal.fits,2461181.6733350693,gaia_774290626745586944_src8,comparison,882.8933190263391,1320.2322570032368,-13.170555114746094,52.52878865771367,-1.6463193893432617,6.566098582214209,nonpositive_flux,-7.103040643606278,-76.36185098412312
light_V_8s_2026_05_20-0008_flat_0p3_late_bias_cal.fits,2461181.6735259257,target_V0399_direct,target,1835.188559018229,632.2938711344638,1249857.2888793945,6556.829849999127,156232.16110992432,819.6037312498909,ok,-7.815385492003429,-77.55830280445667
light_V_8s_2026_05_20-0008_flat_0p3_late_bias_cal.fits,2461181.6735259257,DN_UMa_direct,check,1760.2879871709567,686.7601437175226,1830313.3677978516,10657.252487048989,228789.17097473145,1332.1565608811236,ok,-7.815385492003429,-77.55830280445667
light_V_8s_2026_05_20-0008_flat_0p3_late_bias_cal.fits,2461181.6735259257,gaia_774287774887292672_src5,comparison,1883.828243334303,1095.6764372275243,44.870147705078125,50.89986749919644,5.608768463134766,6.362483437399555,ok,-7.815385492003429,-77.55830280445667
light_V_8s_2026_05_20-0008_flat_0p3_late_bias_cal.fits,2461181.6735259257,gaia_774288805679445888_src7,comparison,1760.1798646402926,1352.4911878774244,-114.54672622680664,50.26429041774564,-14.31834077835083,6.283036302218205,nonpositive_flux,-7.815385492003429,-77.55830280445667
light_V_8s_2026_05_20-0008_flat_0p3_late_bias_cal.fits,2461181.6735259257,gaia_774289041901756032_src4,comparison,1844.3290884828548,1455.0945060875326,-12.474761962890625,50.79741394687223,-1.5593452453613281,6.349676743359029,nonpositive_flux,-7.815385492003429,-77.55830280445667
light_V_8s_2026_05_20-0008_flat_0p3_late_bias_cal.fits,2461181.6735259257,gaia_774271076054448768_src2,comparison,1460.6927837884382,273.5815109586157,-82.57259368896484,54.387291577952524,-10.321574211120605,6.7984114472440655,nonpositive_flux,-7.815385492003429,-77.55830280445667
light_V_8s_2026_05_20-0008_flat_0p3_late_bias_cal.fits,2461181.6735259257,gaia_774272862760870784_src1,comparison,569.9459147065095,92.00557382286743,-46.36371612548828,50.24522619474182,-5.795464515686035,6.280653274342727,nonpositive_flux,-7.815385492003429,-77.55830280445667
light_V_8s_2026_05_20-0008_flat_0p3_late_bias_cal.fits,2461181.6735259257,gaia_774384016513181696_src3,comparison,231.56522413287433,1052.9894945469598,30.585357666015625,51.567295579110166,3.823169708251953,6.445911947388771,ok,-7.815385492003429,-77.55830280445667
light_V_8s_2026_05_20-0008_flat_0p3_late_bias_cal.fits,2461181.6735259257,gaia_774289488578357504_src6,comparison,797.2574548693308,971.9646612057043,-26.7462158203125,51.35336189979024,-3.3432769775390625,6.41917023747378,nonpositive_flux,-7.815385492003429,-77.55830280445667
light_V_8s_2026_05_20-0008_flat_0p3_late_bias_cal.fits,2461181.6735259257,gaia_774290626745586944_src8,comparison,882.180974177942,1319.0358051829032,67.3801155090332,53.393123685498644,8.42251443862915,6.6741404606873305,ok,-7.815385492003429,-77.55830280445667
light_V_8s_2026_05_20-0009_flat_0p3_late_bias_cal.fits,2461181.6737177083,target_V0399_direct,target,1834.8841906583505,631.7515513319121,1604202.750427246,4950.105678473874,200525.34380340576,618.7632098092342,ok,-8.063851498824988,-78.15306891813174
light_V_8s_2026_05_20-0009_flat_0p3_late_bias_cal.fits,2461181.6737177083,DN_UMa_direct,check,1760.095423517192,686.1129312927242,2335640.3745117188,8664.155830950136,291955.04681396484,1083.019478868767,ok,-8.063851498824988,-78.15306891813174
light_V_8s_2026_05_20-0009_flat_0p3_late_bias_cal.fits,2461181.6737177083,gaia_774287774887292672_src5,comparison,1883.5797773274815,1095.081671113849,102.3436508178711,50.9549831985226,12.792956352233887,6.369372899815325,ok,-8.063851498824988,-78.15306891813174
light_V_8s_2026_05_20-0009_flat_0p3_late_bias_cal.fits,2461181.6737177083,gaia_774288805679445888_src7,comparison,1759.931398633471,1351.8964217637492,59.16539001464844,48.878916988356806,7.395673751831055,6.109864623544601,ok,-8.063851498824988,-78.15306891813174
light_V_8s_2026_05_20-0009_flat_0p3_late_bias_cal.fits,2461181.6737177083,gaia_774289041901756032_src4,comparison,1844.080622476033,1454.4997399738575,72.42599487304688,51.01435248986587,9.05324935913086,6.376794061233234,ok,-8.063851498824988,-78.15306891813174
light_V_8s_2026_05_20-0009_flat_0p3_late_bias_cal.fits,2461181.6737177083,gaia_774271076054448768_src2,comparison,1460.4443177816165,272.98674484494063,14.997611999511719,51.333867065313186,1.8747014999389648,6.416733383164148,ok,-8.063851498824988,-78.15306891813174
light_V_8s_2026_05_20-0009_flat_0p3_late_bias_cal.fits,2461181.6737177083,gaia_774272862760870784_src1,comparison,569.6974486996879,91.41080770919237,-25.588760375976562,51.770587649263724,-3.1985950469970703,6.471323456157966,nonpositive_flux,-8.063851498824988,-78.15306891813174
light_V_8s_2026_05_20-0009_flat_0p3_late_bias_cal.fits,2461181.6737177083,gaia_774384016513181696_src3,comparison,231.31675812605278,1052.3947284332846,-26.37506103515625,50.699019234600456,-3.2968826293945312,6.337377404325057,nonpositive_flux,-8.063851498824988,-78.15306891813174
light_V_8s_2026_05_20-0009_flat_0p3_late_bias_cal.fits,2461181.6737177083,gaia_774289488578357504_src6,comparison,797.0089888625092,971.3698950920291,-87.15876007080078,52.48687093808007,-10.894845008850098,6.560858867260008,nonpositive_flux,-8.063851498824988,-78.15306891813174
light_V_8s_2026_05_20-0009_flat_0p3_late_bias_cal.fits,2461181.6737177083,gaia_774290626745586944_src8,comparison,881.9325081711204,1318.441039069228,90.86717987060547,52.5617583888545,11.358397483825684,6.5702197986068125,ok,-8.063851498824988,-78.15306891813174
light_V_8s_2026_05_20-0010_flat_0p3_late_bias_cal.fits,2461181.6739096064,target_V0399_direct,target,1835.7398028357868,629.6792331213811,1410314.056274414,5710.913722090481,176289.25703430176,713.8642152613102,ok,-7.215373999417352,-80.21748693366453
light_V_8s_2026_05_20-0010_flat_0p3_late_bias_cal.fits,2461181.6739096064,DN_UMa_direct,check,1760.936766338571,684.0564134721895,2009539.1633300781,9629.40142120163,251192.39541625977,1203.6751776502038,ok,-7.215373999417352,-80.21748693366453
light_V_8s_2026_05_20-0010_flat_0p3_late_bias_cal.fits,2461181.6739096064,gaia_774287774887292672_src5,comparison,1884.428254826889,1093.0172530983164,22.004493713378906,50.50520688195364,2.7505617141723633,6.313150860244205,ok,-7.215373999417352,-80.21748693366453
light_V_8s_2026_05_20-0010_flat_0p3_late_bias_cal.fits,2461181.6739096064,gaia_774288805679445888_src7,comparison,1760.7798761328786,1349.8320037482165,-45.70610809326172,50.31129804671539,-5.713263511657715,6.288912255839424,nonpositive_flux,-7.215373999417352,-80.21748693366453
light_V_8s_2026_05_20-0010_flat_0p3_late_bias_cal.fits,2461181.6739096064,gaia_774289041901756032_src4,comparison,1844.9290999754407,1452.4353219583247,-0.12720108032226562,51.19970885870581,-0.015900135040283203,6.3999636073382264,nonpositive_flux,-7.215373999417352,-80.21748693366453
light_V_8s_2026_05_20-0010_flat_0p3_late_bias_cal.fits,2461181.6739096064,gaia_774271076054448768_src2,comparison,1461.2927952810242,270.92232682940784,73.5986099243164,52.28370158944007,9.19982624053955,6.535462698680009,ok,-7.215373999417352,-80.21748693366453
light_V_8s_2026_05_20-0010_flat_0p3_late_bias_cal.fits,2461181.6739096064,gaia_774272862760870784_src1,comparison,570.5459261990956,89.34638969365957,-78.1683235168457,50.94949011458084,-9.771040439605713,6.368686264322605,nonpositive_flux,-7.215373999417352,-80.21748693366453
light_V_8s_2026_05_20-0010_flat_0p3_late_bias_cal.fits,2461181.6739096064,gaia_774384016513181696_src3,comparison,232.1652356254604,1050.330310417752,-68.87252807617188,51.917821696591304,-8.609066009521484,6.489727712073913,nonpositive_flux,-7.215373999417352,-80.21748693366453
light_V_8s_2026_05_20-0010_flat_0p3_late_bias_cal.fits,2461181.6739096064,gaia_774289488578357504_src6,comparison,797.8574663619169,969.3054770764963,7.065185546875,48.02322190485854,0.883148193359375,6.002902738107317,ok,-7.215373999417352,-80.21748693366453
light_V_8s_2026_05_20-0010_flat_0p3_late_bias_cal.fits,2461181.6739096064,gaia_774290626745586944_src8,comparison,882.780985670528,1316.3766210536953,-43.36986541748047,51.86113634916083,-5.421233177185059,6.482642043645104,nonpositive_flux,-7.215373999417352,-80.21748693366453
light_V_8s_2026_05_20-0011_flat_0p3_late_bias_cal.fits,2461181.67410081,target_V0399_direct,target,1836.7125334539894,629.8931269736328,1775394.0916137695,4298.669109470911,221924.2614517212,537.3336386838639,ok,-6.226995296072118,-79.98595577781964
light_V_8s_2026_05_20-0011_flat_0p3_late_bias_cal.fits,2461181.67410081,DN_UMa_direct,check,1761.940793127059,684.3055819316277,2579054.831665039,7810.175833066707,322381.8539581299,976.2719791333384,ok,-6.226995296072118,-79.98595577781964
light_V_8s_2026_05_20-0011_flat_0p3_late_bias_cal.fits,2461181.67410081,gaia_774287774887292672_src5,comparison,1885.4166335302343,1093.2487842541614,76.07093048095703,51.274529500400156,9.508866310119629,6.4093161875500195,ok,-6.226995296072118,-79.98595577781964
light_V_8s_2026_05_20-0011_flat_0p3_late_bias_cal.fits,2461181.67410081,gaia_774288805679445888_src7,comparison,1761.7682548362238,1350.0635349040613,11.776947021484375,49.86757798401647,1.4721183776855469,6.233447248002059,ok,-6.226995296072118,-79.98595577781964
light_V_8s_2026_05_20-0011_flat_0p3_late_bias_cal.fits,2461181.67410081,gaia_774289041901756032_src4,comparison,1845.917478678786,1452.6668531141695,58.30702209472656,52.42693326833651,7.28837776184082,6.553366658542064,ok,-6.226995296072118,-79.98595577781964
light_V_8s_2026_05_20-0011_flat_0p3_late_bias_cal.fits,2461181.67410081,gaia_774271076054448768_src2,comparison,1462.2811739843694,271.1538579852527,-18.872634887695312,51.40190372467121,-2.359079360961914,6.425237965583901,nonpositive_flux,-6.226995296072118,-79.98595577781964
light_V_8s_2026_05_20-0011_flat_0p3_late_bias_cal.fits,2461181.67410081,gaia_774272862760870784_src1,comparison,571.5343049024408,89.57792084950447,1.4180145263671875,51.70938505724786,0.17725181579589844,6.463673132155982,ok,-6.226995296072118,-79.98595577781964
light_V_8s_2026_05_20-0011_flat_0p3_late_bias_cal.fits,2461181.67410081,gaia_774384016513181696_src3,comparison,233.15361432880565,1050.5618415735967,35.94718551635742,50.955129558775305,4.493398189544678,6.369391194846913,ok,-6.226995296072118,-79.98595577781964
light_V_8s_2026_05_20-0011_flat_0p3_late_bias_cal.fits,2461181.67410081,gaia_774289488578357504_src6,comparison,798.8458450652621,969.5370082323412,26.030807495117188,48.093172041957224,3.2538509368896484,6.011646505244653,ok,-6.226995296072118,-79.98595577781964
light_V_8s_2026_05_20-0011_flat_0p3_late_bias_cal.fits,2461181.67410081,gaia_774290626745586944_src8,comparison,883.7693643738733,1316.60815220954,63.481651306152344,50.597150950928906,7.935206413269043,6.324643868866113,ok,-6.226995296072118,-79.98595577781964
light_V_8s_2026_05_20-0012_flat_0p3_late_bias_cal.fits,2461181.674292361,target_V0399_direct,target,1836.839905278434,630.4152468959002,1396723.5654296875,5869.410321346118,174590.44567871094,733.6762901682647,ok,-6.120747671053209,-79.45788407287029
light_V_8s_2026_05_20-0012_flat_0p3_late_bias_cal.fits,2461181.674292361,DN_UMa_direct,check,1762.0259165526522,684.839605419259,2011465.8581542969,10072.735733734642,251433.2322692871,1259.0919667168303,ok,-6.120747671053209,-79.45788407287029
light_V_8s_2026_05_20-0012_flat_0p3_late_bias_cal.fits,2461181.674292361,gaia_774287774887292672_src5,comparison,1885.5228811552533,1093.7768559591107,47.82849884033203,50.914245590512145,5.978562355041504,6.364280698814018,ok,-6.120747671053209,-79.45788407287029
light_V_8s_2026_05_20-0012_flat_0p3_late_bias_cal.fits,2461181.674292361,gaia_774288805679445888_src7,comparison,1761.8745024612426,1350.5916066090108,157.69510650634766,52.232831286249194,19.711888313293457,6.529103910781149,ok,-6.120747671053209,-79.45788407287029
light_V_8s_2026_05_20-0012_flat_0p3_late_bias_cal.fits,2461181.674292361,gaia_774289041901756032_src4,comparison,1846.0237263038048,1453.194924819119,75.15139770507812,49.73097989133595,9.393924713134766,6.216372486416994,ok,-6.120747671053209,-79.45788407287029
light_V_8s_2026_05_20-0012_flat_0p3_late_bias_cal.fits,2461181.674292361,gaia_774271076054448768_src2,comparison,1462.3874216093882,271.6819296902021,53.362083435058594,52.74926976076213,6.670260429382324,6.5936587200952665,ok,-6.120747671053209,-79.45788407287029
light_V_8s_2026_05_20-0012_flat_0p3_late_bias_cal.fits,2461181.674292361,gaia_774272862760870784_src1,comparison,571.6405525274597,90.10599255445382,0.0186309814453125,46.47946820667427,0.0023288726806640625,5.809933525834284,ok,-6.120747671053209,-79.45788407287029
light_V_8s_2026_05_20-0012_flat_0p3_late_bias_cal.fits,2461181.674292361,gaia_774384016513181696_src3,comparison,233.25986195382455,1051.0899132785462,-9.349006652832031,51.48906293172857,-1.168625831604004,6.436132866466071,nonpositive_flux,-6.120747671053209,-79.45788407287029
light_V_8s_2026_05_20-0012_flat_0p3_late_bias_cal.fits,2461181.674292361,gaia_774289488578357504_src6,comparison,798.952092690281,970.0650799372906,-85.70341873168945,46.925633094214916,-10.712927341461182,5.8657041367768645,nonpositive_flux,-6.120747671053209,-79.45788407287029
light_V_8s_2026_05_20-0012_flat_0p3_late_bias_cal.fits,2461181.674292361,gaia_774290626745586944_src8,comparison,883.8756119988922,1317.1362239144896,5.7689056396484375,49.2849745191313,0.7211132049560547,6.160621814891413,ok,-6.120747671053209,-79.45788407287029
light_V_8s_2026_05_20-0013_flat_0p3_late_bias_cal.fits,2461181.6744832178,target_V0399_direct,target,1838.0423133443514,629.7115337947264,1496035.9492492676,5524.355379220652,187004.49365615845,690.5444224025815,ok,-4.918863248232128,-80.15644138096485
light_V_8s_2026_05_20-0013_flat_0p3_late_bias_cal.fits,2461181.6744832178,DN_UMa_direct,check,1763.2272773323768,684.1462039042436,2217282.695739746,9478.708362546462,277160.33696746826,1184.8385453183078,ok,-4.918863248232128,-80.15644138096485
light_V_8s_2026_05_20-0013_flat_0p3_late_bias_cal.fits,2461181.6744832178,gaia_774287774887292672_src5,comparison,1886.7247655780743,1093.078298651016,-56.39446258544922,48.31074139233762,-7.049307823181152,6.038842674042202,nonpositive_flux,-4.918863248232128,-80.15644138096485
light_V_8s_2026_05_20-0013_flat_0p3_late_bias_cal.fits,2461181.6744832178,gaia_774288805679445888_src7,comparison,1763.0763868840638,1349.8930493009161,30.711776733398438,47.852704400758626,3.8389720916748047,5.981588050094828,ok,-4.918863248232128,-80.15644138096485
light_V_8s_2026_05_20-0013_flat_0p3_late_bias_cal.fits,2461181.6744832178,gaia_774289041901756032_src4,comparison,1847.225610726626,1452.4963675110243,-53.137001037597656,48.71123148959722,-6.642125129699707,6.088903936199652,nonpositive_flux,-4.918863248232128,-80.15644138096485
light_V_8s_2026_05_20-0013_flat_0p3_late_bias_cal.fits,2461181.6744832178,gaia_774271076054448768_src2,comparison,1463.5893060322094,270.9833723821075,2.0591392517089844,48.497413348115195,0.25739240646362305,6.062176668514399,ok,-4.918863248232128,-80.15644138096485
light_V_8s_2026_05_20-0013_flat_0p3_late_bias_cal.fits,2461181.6744832178,gaia_774272862760870784_src1,comparison,572.8424369502808,89.40743524635926,-56.925140380859375,49.971898542598886,-7.115642547607422,6.246487317824861,nonpositive_flux,-4.918863248232128,-80.15644138096485
light_V_8s_2026_05_20-0013_flat_0p3_late_bias_cal.fits,2461181.6744832178,gaia_774384016513181696_src3,comparison,234.46174637664564,1050.3913559704515,34.123313903808594,48.84962925125192,4.265414237976074,6.10620365640649,ok,-4.918863248232128,-80.15644138096485
light_V_8s_2026_05_20-0013_flat_0p3_late_bias_cal.fits,2461181.6744832178,gaia_774289488578357504_src6,comparison,800.1539771131021,969.366522629196,105.31118392944336,47.772698625932335,13.16389799118042,5.971587328241542,ok,-4.918863248232128,-80.15644138096485
light_V_8s_2026_05_20-0013_flat_0p3_late_bias_cal.fits,2461181.6744832178,gaia_774290626745586944_src8,comparison,885.0774964217132,1316.437666606395,51.88282012939453,50.7304865308762,6.485352516174316,6.341310816359525,ok,-4.918863248232128,-80.15644138096485
light_V_8s_2026_05_20-0014_flat_0p3_late_bias_cal.fits,2461181.674675,target_V0399_direct,target,1839.0915497993944,629.3492986607052,1251379.55859375,6405.912533486437,156422.44482421875,800.7390666858046,ok,-3.9065141304355393,-80.50131238124828
light_V_8s_2026_05_20-0014_flat_0p3_late_bias_cal.fits,2461181.674675,DN_UMa_direct,check,1764.202739112927,683.8186970376979,1865152.2537841797,10595.756601246876,233144.03172302246,1324.4695751558595,ok,-3.9065141304355393,-80.50131238124828
light_V_8s_2026_05_20-0014_flat_0p3_late_bias_cal.fits,2461181.674675,gaia_774287774887292672_src5,comparison,1887.7371146958708,1092.7334276507327,28.256385803222656,50.38303802566871,3.532048225402832,6.297879753208589,ok,-3.9065141304355393,-80.50131238124828
light_V_8s_2026_05_20-0014_flat_0p3_late_bias_cal.fits,2461181.674675,gaia_774288805679445888_src7,comparison,1764.0887360018605,1349.5481783006328,146.41593170166016,52.62246724808519,18.30199146270752,6.577808406010648,ok,-3.9065141304355393,-80.50131238124828
light_V_8s_2026_05_20-0014_flat_0p3_late_bias_cal.fits,2461181.674675,gaia_774289041901756032_src4,comparison,1848.2379598444227,1452.151496510741,-40.470367431640625,48.170712340615154,-5.058795928955078,6.021339042576894,nonpositive_flux,-3.9065141304355393,-80.50131238124828
light_V_8s_2026_05_20-0014_flat_0p3_late_bias_cal.fits,2461181.674675,gaia_774271076054448768_src2,comparison,1464.601655150006,270.6385013818241,-10.473686218261719,50.4428738308415,-1.3092107772827148,6.305359228855187,nonpositive_flux,-3.9065141304355393,-80.50131238124828
light_V_8s_2026_05_20-0014_flat_0p3_late_bias_cal.fits,2461181.674675,gaia_774272862760870784_src1,comparison,573.8547860680774,89.06256424607582,-66.18330764770508,49.63549876596226,-8.272913455963135,6.204437345745283,nonpositive_flux,-3.9065141304355393,-80.50131238124828
light_V_8s_2026_05_20-0014_flat_0p3_late_bias_cal.fits,2461181.674675,gaia_774384016513181696_src3,comparison,235.47409549444222,1050.0464849701682,67.25580596923828,50.38170336297424,8.406975746154785,6.29771292037178,ok,-3.9065141304355393,-80.50131238124828
light_V_8s_2026_05_20-0014_flat_0p3_late_bias_cal.fits,2461181.674675,gaia_774289488578357504_src6,comparison,801.1663262308987,969.0216516289127,17.40024185180664,47.181237672562226,2.17503023147583,5.897654709070278,ok,-3.9065141304355393,-80.50131238124828
light_V_8s_2026_05_20-0014_flat_0p3_late_bias_cal.fits,2461181.674675,gaia_774290626745586944_src8,comparison,886.0898455395098,1316.0927956061116,-11.364212036132812,46.56651734894499,-1.4205265045166016,5.820814668618124,nonpositive_flux,-3.9065141304355393,-80.50131238124828
light_V_8s_2026_05_20-0015_flat_0p3_late_bias_cal.fits,2461181.6748667825,target_V0399_direct,target,1839.5291409708257,629.2553703645111,1367345.0458984375,6214.943088492898,170918.1307373047,776.8678860616122,ok,-3.4004397353179456,-80.65354538302785
light_V_8s_2026_05_20-0015_flat_0p3_late_bias_cal.fits,2461181.6748667825,DN_UMa_direct,check,1764.777296731731,683.6081593303329,2007391.845703125,10206.882041043269,250923.98071289062,1275.8602551304086,ok,-3.4004397353179456,-80.65354538302785
light_V_8s_2026_05_20-0015_flat_0p3_late_bias_cal.fits,2461181.6748667825,gaia_774287774887292672_src5,comparison,1888.2431890909884,1092.581194648953,74.29181671142578,50.52499627373748,9.286477088928223,6.315624534217185,ok,-3.4004397353179456,-80.65354538302785
light_V_8s_2026_05_20-0015_flat_0p3_late_bias_cal.fits,2461181.6748667825,gaia_774288805679445888_src7,comparison,1764.5948103969781,1349.3959452988531,18.209335327148438,50.83245258978441,2.2761669158935547,6.354056573723051,ok,-3.4004397353179456,-80.65354538302785
light_V_8s_2026_05_20-0015_flat_0p3_late_bias_cal.fits,2461181.6748667825,gaia_774289041901756032_src4,comparison,1848.7440342395403,1451.9992635089613,-4.1894989013671875,48.00646877571795,-0.5236873626708984,6.000808596964744,nonpositive_flux,-3.4004397353179456,-80.65354538302785
light_V_8s_2026_05_20-0015_flat_0p3_late_bias_cal.fits,2461181.6748667825,gaia_774271076054448768_src2,comparison,1465.1077295451237,270.4862683800445,19.009788513183594,49.106719722751826,2.376223564147949,6.138339965343978,ok,-3.4004397353179456,-80.65354538302785
light_V_8s_2026_05_20-0015_flat_0p3_late_bias_cal.fits,2461181.6748667825,gaia_774272862760870784_src1,comparison,574.360860463195,88.91033124429626,62.60797882080078,48.49596997243784,7.825997352600098,6.06199624655473,ok,-3.4004397353179456,-80.65354538302785
light_V_8s_2026_05_20-0015_flat_0p3_late_bias_cal.fits,2461181.6748667825,gaia_774384016513181696_src3,comparison,235.98016988955982,1049.8942519683885,-18.269142150878906,46.888443069469886,-2.2836427688598633,5.861055383683736,nonpositive_flux,-3.4004397353179456,-80.65354538302785
light_V_8s_2026_05_20-0015_flat_0p3_late_bias_cal.fits,2461181.6748667825,gaia_774289488578357504_src6,comparison,801.6724006260163,968.869418627133,45.446998596191406,47.33178119044498,5.680874824523926,5.916472648805622,ok,-3.4004397353179456,-80.65354538302785
light_V_8s_2026_05_20-0015_flat_0p3_late_bias_cal.fits,2461181.6748667825,gaia_774290626745586944_src8,comparison,886.5959199346274,1315.940562604332,-17.516372680664062,48.14577861739347,-2.189546585083008,6.0182223271741835,nonpositive_flux,-3.4004397353179456,-80.65354538302785
light_V_8s_2026_05_20-0016_flat_0p3_late_bias_cal.fits,2461181.675058449,target_V0399_direct,target,1840.668310328686,628.9336290406833,1483766.3072509766,5540.357708360872,185470.78840637207,692.544713545109,ok,-2.28381997695908,-80.93661710137172
light_V_8s_2026_05_20-0016_flat_0p3_late_bias_cal.fits,2461181.675058449,DN_UMa_direct,check,1765.8713668905884,683.363757217473,2197601.07611084,9636.123684616741,274700.134513855,1204.5154605770927,ok,-2.28381997695908,-80.93661710137172
light_V_8s_2026_05_20-0016_flat_0p3_late_bias_cal.fits,2461181.675058449,gaia_774287774887292672_src5,comparison,1889.3598088493472,1092.2981229306092,-53.54365921020508,49.00429656083609,-6.692957401275635,6.125537070104511,nonpositive_flux,-2.28381997695908,-80.93661710137172
light_V_8s_2026_05_20-0016_flat_0p3_late_bias_cal.fits,2461181.675058449,gaia_774288805679445888_src7,comparison,1765.711430155337,1349.1128735805094,-44.58350372314453,49.63893860331066,-5.572937965393066,6.204867325413833,nonpositive_flux,-2.28381997695908,-80.93661710137172
light_V_8s_2026_05_20-0016_flat_0p3_late_bias_cal.fits,2461181.675058449,gaia_774289041901756032_src4,comparison,1849.8606539978991,1451.7161917906176,-38.3143310546875,51.316543162924866,-4.7892913818359375,6.414567895365608,nonpositive_flux,-2.28381997695908,-80.93661710137172
light_V_8s_2026_05_20-0016_flat_0p3_late_bias_cal.fits,2461181.675058449,gaia_774271076054448768_src2,comparison,1466.2243493034825,270.20319666170064,79.41039276123047,49.53334555977801,9.926299095153809,6.191668194972252,ok,-2.28381997695908,-80.93661710137172
light_V_8s_2026_05_20-0016_flat_0p3_late_bias_cal.fits,2461181.675058449,gaia_774272862760870784_src1,comparison,575.4774802215538,88.62725952595238,35.13661193847656,48.62740042192814,4.39207649230957,6.078425052741017,ok,-2.28381997695908,-80.93661710137172
light_V_8s_2026_05_20-0016_flat_0p3_late_bias_cal.fits,2461181.675058449,gaia_774384016513181696_src3,comparison,237.09678964791868,1049.6111802500448,-50.34619140625,50.478130185212585,-6.29327392578125,6.309766273151573,nonpositive_flux,-2.28381997695908,-80.93661710137172
light_V_8s_2026_05_20-0016_flat_0p3_late_bias_cal.fits,2461181.675058449,gaia_774289488578357504_src6,comparison,802.7890203843751,968.5863469087892,0.6093597412109375,48.470971598689275,0.07616996765136719,6.058871449836159,ok,-2.28381997695908,-80.93661710137172
light_V_8s_2026_05_20-0016_flat_0p3_late_bias_cal.fits,2461181.675058449,gaia_774290626745586944_src8,comparison,887.7125396929863,1315.6574908859882,-60.24897766113281,50.18094404371212,-7.531122207641602,6.272618005464015,nonpositive_flux,-2.28381997695908,-80.93661710137172
light_V_8s_2026_05_20-0017_flat_0p3_late_bias_cal.fits,2461181.6752502313,target_V0399_direct,target,1840.7743473286616,629.4291321704884,1675443.1567382812,5049.768013777732,209430.39459228516,631.2210017222166,ok,-2.1721254208221126,-80.43824869251853
light_V_8s_2026_05_20-0017_flat_0p3_late_bias_cal.fits,2461181.6752502313,DN_UMa_direct,check,1765.9887190028867,683.8649909053743,2390265.462890625,8861.674744554468,298783.1828613281,1107.7093430693085,ok,-2.1721254208221126,-80.43824869251853
light_V_8s_2026_05_20-0017_flat_0p3_late_bias_cal.fits,2461181.6752502313,gaia_774287774887292672_src5,comparison,1889.4715034054843,1092.7964913394624,51.67565155029297,49.37025672514024,6.459456443786621,6.17128209064253,ok,-2.1721254208221126,-80.43824869251853
light_V_8s_2026_05_20-0017_flat_0p3_late_bias_cal.fits,2461181.6752502313,gaia_774288805679445888_src7,comparison,1765.8231247114738,1349.6112419893625,15.982048034667969,48.88617942375056,1.997756004333496,6.11077242796882,ok,-2.1721254208221126,-80.43824869251853
light_V_8s_2026_05_20-0017_flat_0p3_late_bias_cal.fits,2461181.6752502313,gaia_774289041901756032_src4,comparison,1849.972348554036,1452.2145601994707,-39.810176849365234,49.08383836766779,-4.976272106170654,6.1354797959584735,nonpositive_flux,-2.1721254208221126,-80.43824869251853
light_V_8s_2026_05_20-0017_flat_0p3_late_bias_cal.fits,2461181.6752502313,gaia_774271076054448768_src2,comparison,1466.3360438596194,270.70156507055384,15.053707122802734,50.17335245107347,1.8817133903503418,6.271669056384184,ok,-2.1721254208221126,-80.43824869251853
light_V_8s_2026_05_20-0017_flat_0p3_late_bias_cal.fits,2461181.6752502313,gaia_774272862760870784_src1,comparison,575.5891747776908,89.12562793480558,20.67218017578125,48.20551053215511,2.5840225219726562,6.025688816519389,ok,-2.1721254208221126,-80.43824869251853
light_V_8s_2026_05_20-0017_flat_0p3_late_bias_cal.fits,2461181.6752502313,gaia_774384016513181696_src3,comparison,237.20848420405565,1050.109548658898,-23.640426635742188,47.27925667879612,-2.9550533294677734,5.909907084849515,nonpositive_flux,-2.1721254208221126,-80.43824869251853
light_V_8s_2026_05_20-0017_flat_0p3_late_bias_cal.fits,2461181.6752502313,gaia_774289488578357504_src6,comparison,802.9007149405121,969.0847153176423,-20.934127807617188,48.552159765138754,-2.6167659759521484,6.069019970642344,nonpositive_flux,-2.1721254208221126,-80.43824869251853
light_V_8s_2026_05_20-0017_flat_0p3_late_bias_cal.fits,2461181.6752502313,gaia_774290626745586944_src8,comparison,887.8242342491233,1316.1558592948413,-94.84661102294922,46.98955962260337,-11.855826377868652,5.873694952825422,nonpositive_flux,-2.1721254208221126,-80.43824869251853
light_V_8s_2026_05_20-0018_flat_0p3_late_bias_cal.fits,2461181.67544213,target_V0399_direct,target,1840.001409997533,629.4824966652319,1023159.6691894531,7325.316701844649,127894.95864868164,915.6645877305812,ok,-2.9551283642312,-80.4118197171419
light_V_8s_2026_05_20-0018_flat_0p3_late_bias_cal.fits,2461181.67544213,DN_UMa_direct,check,1765.195650447197,683.864484361384,1506954.7706298828,11730.90355267306,188369.34632873535,1466.3629440841326,ok,-2.9551283642312,-80.4118197171419
light_V_8s_2026_05_20-0018_flat_0p3_late_bias_cal.fits,2461181.67544213,gaia_774287774887292672_src5,comparison,1888.6885004620754,1092.822920314839,2.0035972595214844,47.18087942454239,0.25044965744018555,5.897609928067799,ok,-2.9551283642312,-80.4118197171419
light_V_8s_2026_05_20-0018_flat_0p3_late_bias_cal.fits,2461181.67544213,gaia_774288805679445888_src7,comparison,1765.0401217680646,1349.637670964739,51.62586212158203,49.40670431701449,6.453232765197754,6.175838039626811,ok,-2.9551283642312,-80.4118197171419
light_V_8s_2026_05_20-0018_flat_0p3_late_bias_cal.fits,2461181.67544213,gaia_774289041901756032_src4,comparison,1849.1893456106268,1452.2409891748473,81.79388427734375,46.804268762763584,10.224235534667969,5.850533595345448,ok,-2.9551283642312,-80.4118197171419
light_V_8s_2026_05_20-0018_flat_0p3_late_bias_cal.fits,2461181.67544213,gaia_774271076054448768_src2,comparison,1465.5530409162102,270.7279940459305,-60.47711944580078,51.00531620606711,-7.559639930725098,6.375664525758388,nonpositive_flux,-2.9551283642312,-80.4118197171419
light_V_8s_2026_05_20-0018_flat_0p3_late_bias_cal.fits,2461181.67544213,gaia_774272862760870784_src1,comparison,574.8061718342817,89.15205691018221,75.49823760986328,49.01180387127798,9.43727970123291,6.126475483909748,ok,-2.9551283642312,-80.4118197171419
light_V_8s_2026_05_20-0018_flat_0p3_late_bias_cal.fits,2461181.67544213,gaia_774384016513181696_src3,comparison,236.42548126064656,1050.1359776342745,38.67081069946289,46.479101601696634,4.833851337432861,5.809887700212079,ok,-2.9551283642312,-80.4118197171419
light_V_8s_2026_05_20-0018_flat_0p3_late_bias_cal.fits,2461181.67544213,gaia_774289488578357504_src6,comparison,802.117711997103,969.1111442930189,-18.284088134765625,45.2480555992515,-2.285511016845703,5.656006949906438,nonpositive_flux,-2.9551283642312,-80.4118197171419
light_V_8s_2026_05_20-0018_flat_0p3_late_bias_cal.fits,2461181.67544213,gaia_774290626745586944_src8,comparison,887.0412313057142,1316.182288270218,47.12949752807617,48.17248210473759,5.8911871910095215,6.021560263092199,ok,-2.9551283642312,-80.4118197171419
light_V_8s_2026_05_20-0019_flat_0p3_late_bias_cal.fits,2461181.6756346063,target_V0399_direct,target,1840.4392982263391,629.3408666483862,1759453.6474456787,4519.228457159763,219931.70593070984,564.9035571449704,ok,-2.5112468043731724,-80.5211319261964
light_V_8s_2026_05_20-0019_flat_0p3_late_bias_cal.fits,2461181.6756346063,DN_UMa_direct,check,1765.645525338107,683.7874899601208,2582600.8295898438,7967.9700861313595,322825.10369873047,995.9962607664199,ok,-2.5112468043731724,-80.5211319261964
light_V_8s_2026_05_20-0019_flat_0p3_late_bias_cal.fits,2461181.6756346063,gaia_774287774887292672_src5,comparison,1889.1323820219332,1092.7136081057845,29.385948181152344,50.872404498475476,3.673243522644043,6.359050562309434,ok,-2.5112468043731724,-80.5211319261964
light_V_8s_2026_05_20-0019_flat_0p3_late_bias_cal.fits,2461181.6756346063,gaia_774288805679445888_src7,comparison,1765.484003327923,1349.5283587556846,-9.078346252441406,46.154721563358756,-1.1347932815551758,5.769340195419844,nonpositive_flux,-2.5112468043731724,-80.5211319261964
light_V_8s_2026_05_20-0019_flat_0p3_late_bias_cal.fits,2461181.6756346063,gaia_774289041901756032_src4,comparison,1849.633227170485,1452.1316769657928,86.59626388549805,49.42215655754792,10.824532985687256,6.17776956969349,ok,-2.5112468043731724,-80.5211319261964
light_V_8s_2026_05_20-0019_flat_0p3_late_bias_cal.fits,2461181.6756346063,gaia_774271076054448768_src2,comparison,1465.9969224760684,270.61868183687596,-35.561248779296875,49.27866466814963,-4.445156097412109,6.159833083518704,nonpositive_flux,-2.5112468043731724,-80.5211319261964
light_V_8s_2026_05_20-0019_flat_0p3_late_bias_cal.fits,2461181.6756346063,gaia_774272862760870784_src1,comparison,575.2500533941397,89.0427447011277,-126.37214660644531,48.46634796703048,-15.796518325805664,6.05829349587881,nonpositive_flux,-2.5112468043731724,-80.5211319261964
light_V_8s_2026_05_20-0019_flat_0p3_late_bias_cal.fits,2461181.6756346063,gaia_774384016513181696_src3,comparison,236.8693628205046,1050.02666542522,-50.152984619140625,49.21397714138455,-6.269123077392578,6.151747142673068,nonpositive_flux,-2.5112468043731724,-80.5211319261964
light_V_8s_2026_05_20-0019_flat_0p3_late_bias_cal.fits,2461181.6756346063,gaia_774289488578357504_src6,comparison,802.561593556961,969.0018320839645,-63.74090576171875,49.10222314570741,-7.967613220214844,6.137777893213427,nonpositive_flux,-2.5112468043731724,-80.5211319261964
light_V_8s_2026_05_20-0019_flat_0p3_late_bias_cal.fits,2461181.6756346063,gaia_774290626745586944_src8,comparison,887.4851128655722,1316.0729760611634,-42.431373596191406,49.056703309436806,-5.303921699523926,6.132087913679601,nonpositive_flux,-2.5112468043731724,-80.5211319261964
light_V_8s_2026_05_20-0020_flat_0p3_late_bias_cal.fits,2461181.6758256946,target_V0399_direct,target,1842.1933139951414,628.6851398069822,1572454.6843261719,5460.146231488236,196556.83554077148,682.5182789360294,ok,-0.7448021883018328,-81.18326705287853
light_V_8s_2026_05_20-0020_flat_0p3_late_bias_cal.fits,2461181.6758256946,DN_UMa_direct,check,1767.4243988014475,683.1189465481605,2303241.231994629,9329.600368154472,287905.1539993286,1166.200046019309,ok,-0.7448021883018328,-81.18326705287853
light_V_8s_2026_05_20-0020_flat_0p3_late_bias_cal.fits,2461181.6758256946,gaia_774287774887292672_src5,comparison,1890.8988266380047,1092.0514729791023,25.892791748046875,46.037087627142895,3.2365989685058594,5.754635953392862,ok,-0.7448021883018328,-81.18326705287853
light_V_8s_2026_05_20-0020_flat_0p3_late_bias_cal.fits,2461181.6758256946,gaia_774288805679445888_src7,comparison,1767.250447943994,1348.8662236290024,37.88444519042969,44.6288407386511,4.735555648803711,5.5786050923313875,ok,-0.7448021883018328,-81.18326705287853
light_V_8s_2026_05_20-0020_flat_0p3_late_bias_cal.fits,2461181.6758256946,gaia_774289041901756032_src4,comparison,1851.3996717865562,1451.4695418391107,28.834442138671875,47.37728937332572,3.6043052673339844,5.922161171665715,ok,-0.7448021883018328,-81.18326705287853
light_V_8s_2026_05_20-0020_flat_0p3_late_bias_cal.fits,2461181.6758256946,gaia_774271076054448768_src2,comparison,1467.7633670921396,269.95654671019383,-25.74176025390625,47.677432179154685,-3.2177200317382812,5.959679022394336,nonpositive_flux,-0.7448021883018328,-81.18326705287853
light_V_8s_2026_05_20-0020_flat_0p3_late_bias_cal.fits,2461181.6758256946,gaia_774272862760870784_src1,comparison,577.0164980102111,88.38060957444557,-13.715007781982422,46.95789557578303,-1.7143759727478027,5.869736946972878,nonpositive_flux,-0.7448021883018328,-81.18326705287853
light_V_8s_2026_05_20-0020_flat_0p3_late_bias_cal.fits,2461181.6758256946,gaia_774384016513181696_src3,comparison,238.63580743657593,1049.3645302985378,-3.3021469116210938,48.611086614879035,-0.4127683639526367,6.076385826859879,nonpositive_flux,-0.7448021883018328,-81.18326705287853
light_V_8s_2026_05_20-0020_flat_0p3_late_bias_cal.fits,2461181.6758256946,gaia_774289488578357504_src6,comparison,804.3280381730324,968.3396969572823,-115.15550231933594,48.8349351493307,-14.394437789916992,6.104366893666337,nonpositive_flux,-0.7448021883018328,-81.18326705287853
light_V_8s_2026_05_20-0020_flat_0p3_late_bias_cal.fits,2461181.6758256946,gaia_774290626745586944_src8,comparison,889.2515574816435,1315.4108409344813,0.3493499755859375,47.6205365956113,0.04366874694824219,5.952567074451412,ok,-0.7448021883018328,-81.18326705287853
light_V_8s_2026_05_20-0021_flat_0p3_late_bias_cal.fits,2461181.676017361,target_V0399_direct,target,1843.5778912191363,628.1389658968611,1630175.4043273926,4849.329797071825,203771.92554092407,606.1662246339781,ok,0.6257186860284492,-81.75190374391411
light_V_8s_2026_05_20-0021_flat_0p3_late_bias_cal.fits,2461181.676017361,DN_UMa_direct,check,1768.7808633261131,682.5278470762104,2364333.096069336,8433.130158094094,295541.637008667,1054.1412697617618,ok,0.6257186860284492,-81.75190374391411
light_V_8s_2026_05_20-0021_flat_0p3_late_bias_cal.fits,2461181.676017361,gaia_774287774887292672_src5,comparison,1892.269347512335,1091.4828362880667,-31.108612060546875,49.71816280711917,-3.8885765075683594,6.214770350889896,nonpositive_flux,0.6257186860284492,-81.75190374391411
light_V_8s_2026_05_20-0021_flat_0p3_late_bias_cal.fits,2461181.676017361,gaia_774288805679445888_src7,comparison,1768.6209688183244,1348.297586937967,-42.57749938964844,48.42324560224953,-5.322187423706055,6.052905700281191,nonpositive_flux,0.6257186860284492,-81.75190374391411
light_V_8s_2026_05_20-0021_flat_0p3_late_bias_cal.fits,2461181.676017361,gaia_774289041901756032_src4,comparison,1852.7701926608866,1450.9009051480753,-16.836868286132812,47.16934055045752,-2.1046085357666016,5.89616756880719,nonpositive_flux,0.6257186860284492,-81.75190374391411
light_V_8s_2026_05_20-0021_flat_0p3_late_bias_cal.fits,2461181.676017361,gaia_774271076054448768_src2,comparison,1469.13388796647,269.38791001915826,-59.654762268066406,48.24665421827596,-7.456845283508301,6.030831777284495,nonpositive_flux,0.6257186860284492,-81.75190374391411
light_V_8s_2026_05_20-0021_flat_0p3_late_bias_cal.fits,2461181.676017361,gaia_774272862760870784_src1,comparison,578.3870188845414,87.81197288341,57.31813049316406,49.68921012548497,7.164766311645508,6.211151265685621,ok,0.6257186860284492,-81.75190374391411
light_V_8s_2026_05_20-0021_flat_0p3_late_bias_cal.fits,2461181.676017361,gaia_774384016513181696_src3,comparison,240.0063283109062,1048.7958936075024,-9.531570434570312,48.53119141057938,-1.191446304321289,6.066398926322423,nonpositive_flux,0.6257186860284492,-81.75190374391411
light_V_8s_2026_05_20-0021_flat_0p3_late_bias_cal.fits,2461181.676017361,gaia_774289488578357504_src6,comparison,805.6985590473627,967.7710602662468,82.54589080810547,47.45290408277748,10.318236351013184,5.931613010347185,ok,0.6257186860284492,-81.75190374391411
light_V_8s_2026_05_20-0021_flat_0p3_late_bias_cal.fits,2461181.676017361,gaia_774290626745586944_src8,comparison,890.6220783559738,1314.8422042434458,7.182426452636719,47.017914603744956,0.8978033065795898,5.8772393254681194,ok,0.6257186860284492,-81.75190374391411
light_V_8s_2026_05_20-0022_flat_0p3_late_bias_cal.fits,2461181.676209028,target_V0399_direct,target,1844.7863222394112,628.3283878238909,1668423.7810058594,4870.530314175603,208552.97262573242,608.8162892719504,ok,1.822963126800346,-81.52955536743656
light_V_8s_2026_05_20-0022_flat_0p3_late_bias_cal.fits,2461181.676209028,DN_UMa_direct,check,1769.966921187382,682.7831219021357,2384089.7002563477,8598.377074001013,298011.21253204346,1074.7971342501266,ok,1.822963126800346,-81.52955536743656
light_V_8s_2026_05_20-0022_flat_0p3_late_bias_cal.fits,2461181.676209028,gaia_774287774887292672_src5,comparison,1893.4665919531067,1091.7051846645443,87.23979187011719,46.566855876907745,10.904973983764648,5.820856984613468,ok,1.822963126800346,-81.52955536743656
light_V_8s_2026_05_20-0022_flat_0p3_late_bias_cal.fits,2461181.676209028,gaia_774288805679445888_src7,comparison,1769.8182132590964,1348.5199353144444,-7.700366973876953,49.19899051153069,-0.9625458717346191,6.149873813941336,nonpositive_flux,1.822963126800346,-81.52955536743656
light_V_8s_2026_05_20-0022_flat_0p3_late_bias_cal.fits,2461181.676209028,gaia_774289041901756032_src4,comparison,1853.9674371016586,1451.1232535245526,-37.86993408203125,47.039520350761244,-4.733741760253906,5.8799400438451555,nonpositive_flux,1.822963126800346,-81.52955536743656
light_V_8s_2026_05_20-0022_flat_0p3_late_bias_cal.fits,2461181.676209028,gaia_774271076054448768_src2,comparison,1470.331132407242,269.6102583956358,-22.078216552734375,50.27686472379696,-2.759777069091797,6.28460809047462,nonpositive_flux,1.822963126800346,-81.52955536743656
light_V_8s_2026_05_20-0022_flat_0p3_late_bias_cal.fits,2461181.676209028,gaia_774272862760870784_src1,comparison,579.5842633253133,88.03432125988755,17.061538696289062,49.468291359902096,2.132692337036133,6.183536419987762,ok,1.822963126800346,-81.52955536743656
light_V_8s_2026_05_20-0022_flat_0p3_late_bias_cal.fits,2461181.676209028,gaia_774384016513181696_src3,comparison,241.2035727516781,1049.0182419839798,-121.46445083618164,49.896591511467896,-15.183056354522705,6.237073938933487,nonpositive_flux,1.822963126800346,-81.52955536743656
light_V_8s_2026_05_20-0022_flat_0p3_late_bias_cal.fits,2461181.676209028,gaia_774289488578357504_src6,comparison,806.8958034881346,967.9934086427243,-31.473857879638672,47.0779690539837,-3.934232234954834,5.884746131747963,nonpositive_flux,1.822963126800346,-81.52955536743656
light_V_8s_2026_05_20-0022_flat_0p3_late_bias_cal.fits,2461181.676209028,gaia_774290626745586944_src8,comparison,891.8193227967457,1315.0645526199232,-86.12957000732422,48.9557820670428,-10.766196250915527,6.11947275838035,nonpositive_flux,1.822963126800346,-81.52955536743656
light_V_8s_2026_05_20-0023_flat_0p3_late_bias_cal.fits,2461181.6764001157,target_V0399_direct,target,1845.068551454848,626.8479722580109,1764666.2439727783,4560.709595379283,220583.2804965973,570.0886994224104,ok,2.1210857215660326,-83.03204857982314
light_V_8s_2026_05_20-0023_flat_0p3_late_bias_cal.fits,2461181.6764001157,DN_UMa_direct,check,1770.2809371614767,681.2585510432425,2607236.6133728027,8098.3737537565585,325904.57667160034,1012.2967192195698,ok,2.1210857215660326,-83.03204857982314
light_V_8s_2026_05_20-0023_flat_0p3_late_bias_cal.fits,2461181.6764001157,gaia_774287774887292672_src5,comparison,1893.7647145478725,1090.2026914521578,7.919990539550781,46.34275318337698,0.9899988174438477,5.792844147922122,ok,2.1210857215660326,-83.03204857982314
light_V_8s_2026_05_20-0023_flat_0p3_late_bias_cal.fits,2461181.6764001157,gaia_774288805679445888_src7,comparison,1770.116335853862,1347.0174421020579,-39.78035354614258,45.888630504687555,-4.972544193267822,5.736078813085944,nonpositive_flux,2.1210857215660326,-83.03204857982314
light_V_8s_2026_05_20-0023_flat_0p3_late_bias_cal.fits,2461181.6764001157,gaia_774289041901756032_src4,comparison,1854.2655596964241,1449.620760312166,89.03881072998047,47.77911459192083,11.129851341247559,5.972389323990104,ok,2.1210857215660326,-83.03204857982314
light_V_8s_2026_05_20-0023_flat_0p3_late_bias_cal.fits,2461181.6764001157,gaia_774271076054448768_src2,comparison,1470.6292550020075,268.1077651832492,-39.21995544433594,47.00143419126213,-4.902494430541992,5.875179273907766,nonpositive_flux,2.1210857215660326,-83.03204857982314
light_V_8s_2026_05_20-0023_flat_0p3_late_bias_cal.fits,2461181.6764001157,gaia_774272862760870784_src1,comparison,579.882385920079,86.53182804750097,29.08757781982422,47.04129567009194,3.6359472274780273,5.880161958761493,ok,2.1210857215660326,-83.03204857982314
light_V_8s_2026_05_20-0023_flat_0p3_late_bias_cal.fits,2461181.6764001157,gaia_774384016513181696_src3,comparison,241.5016953464438,1047.5157487715933,10.590423583984375,47.8534536334385,1.3238029479980469,5.981681704179812,ok,2.1210857215660326,-83.03204857982314
light_V_8s_2026_05_20-0023_flat_0p3_late_bias_cal.fits,2461181.6764001157,gaia_774289488578357504_src6,comparison,807.1939260829002,966.4909154303377,-6.211338043212891,46.17489477719509,-0.7764172554016113,5.7718618471493865,nonpositive_flux,2.1210857215660326,-83.03204857982314
light_V_8s_2026_05_20-0023_flat_0p3_late_bias_cal.fits,2461181.6764001157,gaia_774290626745586944_src8,comparison,892.1174453915114,1313.5620594075367,-73.68061065673828,49.65339398095268,-9.210076332092285,6.206674247619085,nonpositive_flux,2.1210857215660326,-83.03204857982314
light_V_8s_2026_05_20-0024_flat_0p3_late_bias_cal.fits,2461181.6765917824,target_V0399_direct,target,1845.6086172746243,626.6291765236346,1271588.1105041504,6464.979755678222,158948.5138130188,808.1224694597778,ok,2.664520773154095,-83.2299846691875
light_V_8s_2026_05_20-0024_flat_0p3_late_bias_cal.fits,2461181.6765917824,DN_UMa_direct,check,1770.8277414448764,681.0814745988902,1823029.2006835938,10696.2314786884,227878.65008544922,1337.02893483605,ok,2.664520773154095,-83.2299846691875
light_V_8s_2026_05_20-0024_flat_0p3_late_bias_cal.fits,2461181.6765917824,gaia_774287774887292672_src5,comparison,1894.3081495994606,1090.0047553627933,-12.321144104003906,46.30606734155936,-1.5401430130004883,5.78825841769492,nonpositive_flux,2.664520773154095,-83.2299846691875
light_V_8s_2026_05_20-0024_flat_0p3_late_bias_cal.fits,2461181.6765917824,gaia_774288805679445888_src7,comparison,1770.65977090545,1346.8195060126936,82.6386489868164,47.81429495613747,10.32983112335205,5.976786869517184,ok,2.664520773154095,-83.2299846691875
light_V_8s_2026_05_20-0024_flat_0p3_late_bias_cal.fits,2461181.6765917824,gaia_774289041901756032_src4,comparison,1854.808994748012,1449.4228242228019,139.24476623535156,48.922540719382994,17.405595779418945,6.115317589922874,ok,2.664520773154095,-83.2299846691875
light_V_8s_2026_05_20-0024_flat_0p3_late_bias_cal.fits,2461181.6765917824,gaia_774271076054448768_src2,comparison,1471.1726900535955,267.90982909388487,-60.94447326660156,48.27091939538508,-7.618059158325195,6.033864924423135,nonpositive_flux,2.664520773154095,-83.2299846691875
light_V_8s_2026_05_20-0024_flat_0p3_late_bias_cal.fits,2461181.6765917824,gaia_774272862760870784_src1,comparison,580.425820971667,86.3338919581366,76.04834747314453,48.79752054532808,9.506043434143066,6.09969006816601,ok,2.664520773154095,-83.2299846691875
light_V_8s_2026_05_20-0024_flat_0p3_late_bias_cal.fits,2461181.6765917824,gaia_774384016513181696_src3,comparison,242.04513039803186,1047.317812682229,9.219802856445312,47.67774468516472,1.152475357055664,5.95971808564559,ok,2.664520773154095,-83.2299846691875
light_V_8s_2026_05_20-0024_flat_0p3_late_bias_cal.fits,2461181.6765917824,gaia_774289488578357504_src6,comparison,807.7373611344883,966.2929793409734,-0.5459518432617188,46.38663548411098,-0.06824398040771484,5.798329435513873,nonpositive_flux,2.664520773154095,-83.2299846691875
light_V_8s_2026_05_20-0024_flat_0p3_late_bias_cal.fits,2461181.6765917824,gaia_774290626745586944_src8,comparison,892.6608804430995,1313.3641233181725,-48.78692626953125,48.75467323194809,-6.098365783691406,6.094334153993511,nonpositive_flux,2.664520773154095,-83.2299846691875
light_V_8s_2026_05_20-0025_flat_0p3_late_bias_cal.fits,2461181.676783449,target_V0399_direct,target,1845.9597307060703,627.0296645873835,1769003.3500671387,4367.165861254231,221125.41875839233,545.8957326567788,ok,3.006388652216174,-82.81895404307363
light_V_8s_2026_05_20-0025_flat_0p3_late_bias_cal.fits,2461181.676783449,DN_UMa_direct,check,1771.1603637715546,681.5030477873689,2682832.0888671875,7793.513077116203,335354.01110839844,974.1891346395254,ok,3.006388652216174,-82.81895404307363
light_V_8s_2026_05_20-0025_flat_0p3_late_bias_cal.fits,2461181.676783449,gaia_774287774887292672_src5,comparison,1894.6500174785226,1090.4157859889074,27.62352752685547,46.96512471691616,3.4529409408569336,5.87064058961452,ok,3.006388652216174,-82.81895404307363
light_V_8s_2026_05_20-0025_flat_0p3_late_bias_cal.fits,2461181.676783449,gaia_774288805679445888_src7,comparison,1771.0016387845121,1347.2305366388073,-48.03041076660156,46.26123046488077,-6.003801345825195,5.782653808110096,nonpositive_flux,3.006388652216174,-82.81895404307363
light_V_8s_2026_05_20-0025_flat_0p3_late_bias_cal.fits,2461181.676783449,gaia_774289041901756032_src4,comparison,1855.1508626270743,1449.8338548489155,-21.6737060546875,48.04847310079133,-2.7092132568359375,6.006059137598916,nonpositive_flux,3.006388652216174,-82.81895404307363
light_V_8s_2026_05_20-0025_flat_0p3_late_bias_cal.fits,2461181.676783449,gaia_774271076054448768_src2,comparison,1471.5145579326577,268.32085971999874,55.253997802734375,47.306051788739715,6.906749725341797,5.913256473592464,ok,3.006388652216174,-82.81895404307363
light_V_8s_2026_05_20-0025_flat_0p3_late_bias_cal.fits,2461181.676783449,gaia_774272862760870784_src1,comparison,580.7676888507291,86.74492258425047,13.848289489746094,46.9247904879784,1.7310361862182617,5.8655988109973,ok,3.006388652216174,-82.81895404307363
light_V_8s_2026_05_20-0025_flat_0p3_late_bias_cal.fits,2461181.676783449,gaia_774384016513181696_src3,comparison,242.38699827709394,1047.7288433083427,-79.58157348632812,49.587418821917325,-9.947696685791016,6.198427352739666,nonpositive_flux,3.006388652216174,-82.81895404307363
light_V_8s_2026_05_20-0025_flat_0p3_late_bias_cal.fits,2461181.676783449,gaia_774289488578357504_src6,comparison,808.0792290135504,966.7040099670872,-4.593574523925781,45.64041418517781,-0.5741968154907227,5.705051773147226,nonpositive_flux,3.006388652216174,-82.81895404307363
light_V_8s_2026_05_20-0025_flat_0p3_late_bias_cal.fits,2461181.676783449,gaia_774290626745586944_src8,comparison,893.0027483221616,1313.775153944286,25.597389221191406,48.45705455686128,3.199673652648926,6.05713181960766,ok,3.006388652216174,-82.81895404307363
light_V_8s_2026_05_20-0026_flat_0p3_late_bias_cal.fits,2461181.676976158,target_V0399_direct,target,1846.624441100603,626.4304243528255,1816527.6856384277,4290.894268558806,227065.96070480347,536.3617835698508,ok,3.669525227826398,-83.45406493625461
light_V_8s_2026_05_20-0026_flat_0p3_late_bias_cal.fits,2461181.676976158,DN_UMa_direct,check,1771.8219265282423,680.832066235565,2636401.03704834,7707.539254346215,329550.1296310425,963.4424067932769,ok,3.669525227826398,-83.45406493625461
light_V_8s_2026_05_20-0026_flat_0p3_late_bias_cal.fits,2461181.676976158,gaia_774287774887292672_src5,comparison,1895.3131540541328,1089.7806750957263,34.62903594970703,47.30473963887682,4.328629493713379,5.913092454859602,ok,3.669525227826398,-83.45406493625461
light_V_8s_2026_05_20-0026_flat_0p3_late_bias_cal.fits,2461181.676976158,gaia_774288805679445888_src7,comparison,1771.6647753601223,1346.5954257456265,-25.276046752929688,47.05643608836467,-3.159505844116211,5.882054511045584,nonpositive_flux,3.669525227826398,-83.45406493625461
light_V_8s_2026_05_20-0026_flat_0p3_late_bias_cal.fits,2461181.676976158,gaia_774289041901756032_src4,comparison,1855.8139992026845,1449.1987439557347,26.339736938476562,45.98672568711968,3.2924671173095703,5.74834071088996,ok,3.669525227826398,-83.45406493625461
light_V_8s_2026_05_20-0026_flat_0p3_late_bias_cal.fits,2461181.676976158,gaia_774271076054448768_src2,comparison,1472.177694508268,267.68574882681776,-56.522544860839844,48.47308943143424,-7.0653181076049805,6.05913617892928,nonpositive_flux,3.669525227826398,-83.45406493625461
light_V_8s_2026_05_20-0026_flat_0p3_late_bias_cal.fits,2461181.676976158,gaia_774272862760870784_src1,comparison,581.4308254263393,86.1098116910695,56.705039978027344,45.5977329079681,7.088129997253418,5.699716613496013,ok,3.669525227826398,-83.45406493625461
light_V_8s_2026_05_20-0026_flat_0p3_late_bias_cal.fits,2461181.676976158,gaia_774384016513181696_src3,comparison,243.05013485270416,1047.0937324151619,18.74383544921875,46.255752655806496,2.3429794311523438,5.781969081975812,ok,3.669525227826398,-83.45406493625461
light_V_8s_2026_05_20-0026_flat_0p3_late_bias_cal.fits,2461181.676976158,gaia_774289488578357504_src6,comparison,808.7423655891606,966.0688990739063,-17.887847900390625,45.57609321912115,-2.235980987548828,5.6970116523901435,nonpositive_flux,3.669525227826398,-83.45406493625461
light_V_8s_2026_05_20-0026_flat_0p3_late_bias_cal.fits,2461181.676976158,gaia_774290626745586944_src8,comparison,893.6658848977718,1313.1400430511053,58.00726318359375,46.076728712847796,7.250907897949219,5.7595910891059745,ok,3.669525227826398,-83.45406493625461
light_V_8s_2026_05_20-0027_flat_0p3_late_bias_cal.fits,2461181.6771674766,target_V0399_direct,target,1848.6573164884296,625.8713059933059,1578949.9385375977,5160.700043464173,197368.7423171997,645.0875054330216,ok,5.701444975844197,-84.02275328305063
light_V_8s_2026_05_20-0027_flat_0p3_late_bias_cal.fits,2461181.6771674766,DN_UMa_direct,check,1773.8528906364513,680.2538079014926,2316885.7244873047,8965.628265141628,289610.7155609131,1120.7035331427035,ok,5.701444975844197,-84.02275328305063
light_V_8s_2026_05_20-0027_flat_0p3_late_bias_cal.fits,2461181.6771674766,gaia_774287774887292672_src5,comparison,1897.3450738021506,1089.2119867489303,64.35318756103516,45.95092691224488,8.044148445129395,5.74386586403061,ok,5.701444975844197,-84.02275328305063
light_V_8s_2026_05_20-0027_flat_0p3_late_bias_cal.fits,2461181.6771674766,gaia_774288805679445888_src7,comparison,1773.6966951081401,1346.0267373988304,22.829761505126953,45.03436129030806,2.853720188140869,5.629295161288508,ok,5.701444975844197,-84.02275328305063
light_V_8s_2026_05_20-0027_flat_0p3_late_bias_cal.fits,2461181.6771674766,gaia_774289041901756032_src4,comparison,1857.8459189507023,1448.6300556089386,99.4127426147461,46.55869918446487,12.426592826843262,5.819837398058109,ok,5.701444975844197,-84.02275328305063
light_V_8s_2026_05_20-0027_flat_0p3_late_bias_cal.fits,2461181.6771674766,gaia_774271076054448768_src2,comparison,1474.2096142562857,267.11706048002173,-0.731414794921875,46.74699663754928,-0.09142684936523438,5.84337457969366,nonpositive_flux,5.701444975844197,-84.02275328305063
light_V_8s_2026_05_20-0027_flat_0p3_late_bias_cal.fits,2461181.6771674766,gaia_774272862760870784_src1,comparison,583.4627451743571,85.54112334427347,27.231964111328125,45.45928053032345,3.4039955139160156,5.682410066290431,ok,5.701444975844197,-84.02275328305063
light_V_8s_2026_05_20-0027_flat_0p3_late_bias_cal.fits,2461181.6771674766,gaia_774384016513181696_src3,comparison,245.08205460072196,1046.5250440683658,20.97503662109375,46.37507284762781,2.6218795776367188,5.796884105953477,ok,5.701444975844197,-84.02275328305063
light_V_8s_2026_05_20-0027_flat_0p3_late_bias_cal.fits,2461181.6771674766,gaia_774289488578357504_src6,comparison,810.7742853371784,965.5002107271102,-8.29986572265625,47.07037841799631,-1.0374832153320312,5.883797302249539,nonpositive_flux,5.701444975844197,-84.02275328305063
light_V_8s_2026_05_20-0027_flat_0p3_late_bias_cal.fits,2461181.6771674766,gaia_774290626745586944_src8,comparison,895.6978046457896,1312.5713547043092,-50.97393035888672,46.883958945524455,-6.37174129486084,5.860494868190557,nonpositive_flux,5.701444975844197,-84.02275328305063
light_V_8s_2026_05_20-0028_flat_0p3_late_bias_cal.fits,2461181.677359375,target_V0399_direct,target,1849.781887293159,624.4128923573826,1383191.5888671875,6093.617297836885,172898.94860839844,761.7021622296106,ok,6.856381622848858,-85.49386760723758
light_V_8s_2026_05_20-0028_flat_0p3_late_bias_cal.fits,2461181.677359375,DN_UMa_direct,check,1775.0381931257314,678.769992889042,1993179.838684082,10376.675458595138,249147.47983551025,1297.0844323243923,ok,6.856381622848858,-85.49386760723758
light_V_8s_2026_05_20-0028_flat_0p3_late_bias_cal.fits,2461181.677359375,gaia_774287774887292672_src5,comparison,1898.5000104491553,1087.7408724247434,-0.092193603515625,47.9328967776856,-0.011524200439453125,5.9916120972107,nonpositive_flux,6.856381622848858,-85.49386760723758
light_V_8s_2026_05_20-0028_flat_0p3_late_bias_cal.fits,2461181.677359375,gaia_774288805679445888_src7,comparison,1774.8516317551448,1344.5556230746433,79.06150436401367,46.10496398257308,9.882688045501709,5.763120497821635,ok,6.856381622848858,-85.49386760723758
light_V_8s_2026_05_20-0028_flat_0p3_late_bias_cal.fits,2461181.677359375,gaia_774289041901756032_src4,comparison,1859.000855597707,1447.1589412847516,-46.362098693847656,47.94167585441315,-5.795262336730957,5.9927094818016435,nonpositive_flux,6.856381622848858,-85.49386760723758
light_V_8s_2026_05_20-0028_flat_0p3_late_bias_cal.fits,2461181.677359375,gaia_774271076054448768_src2,comparison,1475.3645509032904,265.6459461558348,-97.07247161865234,47.963074364659384,-12.134058952331543,5.995384295582423,nonpositive_flux,6.856381622848858,-85.49386760723758
light_V_8s_2026_05_20-0028_flat_0p3_late_bias_cal.fits,2461181.677359375,gaia_774272862760870784_src1,comparison,584.6176818213618,84.07000902008653,4.860054016113281,45.2811798692681,0.6075067520141602,5.660147483658513,ok,6.856381622848858,-85.49386760723758
light_V_8s_2026_05_20-0028_flat_0p3_late_bias_cal.fits,2461181.677359375,gaia_774384016513181696_src3,comparison,246.23699124772662,1045.0539297441787,-19.21685028076172,45.20768626773182,-2.402106285095215,5.650960783466478,nonpositive_flux,6.856381622848858,-85.49386760723758
light_V_8s_2026_05_20-0028_flat_0p3_late_bias_cal.fits,2461181.677359375,gaia_774289488578357504_src6,comparison,811.9292219841831,964.0290964029233,10.116531372070312,42.849259461305834,1.264566421508789,5.356157432663229,ok,6.856381622848858,-85.49386760723758
light_V_8s_2026_05_20-0028_flat_0p3_late_bias_cal.fits,2461181.677359375,gaia_774290626745586944_src8,comparison,896.8527412927942,1311.1002403801222,-70.2022933959961,46.44932138130188,-8.775286674499512,5.806165172662735,nonpositive_flux,6.856381622848858,-85.49386760723758
light_V_8s_2026_05_20-0029_flat_0p3_late_bias_cal.fits,2461181.677550463,target_V0399_direct,target,1850.7519990538135,625.0266581551952,1794580.44039917,4386.41263730933,224322.55504989624,548.3015796636663,ok,7.805952719667971,-84.84530429342578
light_V_8s_2026_05_20-0029_flat_0p3_late_bias_cal.fits,2461181.677550463,DN_UMa_direct,check,1775.967223558715,679.453353718853,2674900.884765625,8100.965890475647,334362.6105957031,1012.6207363094559,ok,7.805952719667971,-84.84530429342578
light_V_8s_2026_05_20-0029_flat_0p3_late_bias_cal.fits,2461181.677550463,gaia_774287774887292672_src5,comparison,1899.4495815459745,1088.3894357385552,46.21576690673828,45.92452019662079,5.776970863342285,5.740565024577599,ok,7.805952719667971,-84.84530429342578
light_V_8s_2026_05_20-0029_flat_0p3_late_bias_cal.fits,2461181.677550463,gaia_774288805679445888_src7,comparison,1775.8012028519638,1345.2041863884551,-66.85215759277344,43.69946945500269,-8.35651969909668,5.4624336818753365,nonpositive_flux,7.805952719667971,-84.84530429342578
light_V_8s_2026_05_20-0029_flat_0p3_late_bias_cal.fits,2461181.677550463,gaia_774289041901756032_src4,comparison,1859.950426694526,1447.8075045985634,-44.498687744140625,44.340919992951754,-5.562335968017578,5.542614999118969,nonpositive_flux,7.805952719667971,-84.84530429342578
light_V_8s_2026_05_20-0029_flat_0p3_late_bias_cal.fits,2461181.677550463,gaia_774271076054448768_src2,comparison,1476.3141220001094,266.2945094696466,22.851242065429688,46.412407597805306,2.856405258178711,5.801550949725663,ok,7.805952719667971,-84.84530429342578
light_V_8s_2026_05_20-0029_flat_0p3_late_bias_cal.fits,2461181.677550463,gaia_774272862760870784_src1,comparison,585.5672529181809,84.71857233389832,-40.59165573120117,49.04496141238521,-5.0739569664001465,6.130620176548152,nonpositive_flux,7.805952719667971,-84.84530429342578
light_V_8s_2026_05_20-0029_flat_0p3_late_bias_cal.fits,2461181.677550463,gaia_774384016513181696_src3,comparison,247.18656234454573,1045.7024930579905,-21.34947967529297,46.302433998483,-2.668684959411621,5.787804249810375,nonpositive_flux,7.805952719667971,-84.84530429342578
light_V_8s_2026_05_20-0029_flat_0p3_late_bias_cal.fits,2461181.677550463,gaia_774289488578357504_src6,comparison,812.8787930810022,964.6776597167351,14.525802612304688,45.471446470107054,1.815725326538086,5.683930808763382,ok,7.805952719667971,-84.84530429342578
light_V_8s_2026_05_20-0029_flat_0p3_late_bias_cal.fits,2461181.677550463,gaia_774290626745586944_src8,comparison,897.8023123896133,1311.748803693934,64.4153823852539,44.223124873747715,8.051922798156738,5.527890609218464,ok,7.805952719667971,-84.84530429342578
light_V_8s_2026_05_20-0030_flat_0p3_late_bias_cal.fits,2461181.677741667,target_V0399_direct,target,1851.7030141717933,624.6071553749035,1546665.1293945312,5362.4851117142325,193333.1411743164,670.3106389642791,ok,8.739942345353029,-85.28435845799197
light_V_8s_2026_05_20-0030_flat_0p3_late_bias_cal.fits,2461181.677741667,DN_UMa_direct,check,1776.8841876921053,678.9947481700123,2206001.872619629,9130.623326288089,275750.2340774536,1141.327915786011,ok,8.739942345353029,-85.28435845799197
light_V_8s_2026_05_20-0030_flat_0p3_late_bias_cal.fits,2461181.677741667,gaia_774287774887292672_src5,comparison,1900.3835711716595,1087.950381573989,31.181137084960938,44.76623697955248,3.897642135620117,5.59577962244406,ok,8.739942345353029,-85.28435845799197
light_V_8s_2026_05_20-0030_flat_0p3_late_bias_cal.fits,2461181.677741667,gaia_774288805679445888_src7,comparison,1776.735192477649,1344.765132223889,-7.1936187744140625,47.09658896470216,-0.8992023468017578,5.88707362058777,nonpositive_flux,8.739942345353029,-85.28435845799197
light_V_8s_2026_05_20-0030_flat_0p3_late_bias_cal.fits,2461181.677741667,gaia_774289041901756032_src4,comparison,1860.8844163202111,1447.3684504339972,29.014381408691406,45.69349186182924,3.626797676086426,5.711686482728655,ok,8.739942345353029,-85.28435845799197
light_V_8s_2026_05_20-0030_flat_0p3_late_bias_cal.fits,2461181.677741667,gaia_774271076054448768_src2,comparison,1477.2481116257945,265.8554553050804,-47.72019958496094,44.50627920526935,-5.965024948120117,5.563284900658669,nonpositive_flux,8.739942345353029,-85.28435845799197
light_V_8s_2026_05_20-0030_flat_0p3_late_bias_cal.fits,2461181.677741667,gaia_774272862760870784_src1,comparison,586.5012425438659,84.27951816933214,-68.53517150878906,45.545174242647676,-8.566896438598633,5.6931467803309594,nonpositive_flux,8.739942345353029,-85.28435845799197
light_V_8s_2026_05_20-0030_flat_0p3_late_bias_cal.fits,2461181.677741667,gaia_774384016513181696_src3,comparison,248.1205519702308,1045.2634388934243,-2.55194091796875,47.16691072501352,-0.31899261474609375,5.89586384062669,nonpositive_flux,8.739942345353029,-85.28435845799197
light_V_8s_2026_05_20-0030_flat_0p3_late_bias_cal.fits,2461181.677741667,gaia_774289488578357504_src6,comparison,813.8127827066872,964.2386055521689,-64.11336517333984,46.06704629431635,-8.01417064666748,5.758380786789544,nonpositive_flux,8.739942345353029,-85.28435845799197
light_V_8s_2026_05_20-0030_flat_0p3_late_bias_cal.fits,2461181.677741667,gaia_774290626745586944_src8,comparison,898.7363020152984,1311.3097495293678,-10.487953186035156,44.59981967273068,-1.3109941482543945,5.574977459091335,nonpositive_flux,8.739942345353029,-85.28435845799197
light_V_8s_2026_05_20-0031_flat_0p3_late_bias_cal.fits,2461181.6779328706,target_V0399_direct,target,1851.2453709518036,624.5238527037649,1659232.3740234375,5057.510862785337,207404.0467529297,632.1888578481671,ok,8.311702825828093,-85.37438176805705
light_V_8s_2026_05_20-0031_flat_0p3_late_bias_cal.fits,2461181.6779328706,DN_UMa_direct,check,1776.4853518730451,678.8980042210208,2428525.2006835938,8701.238998898096,303565.6500854492,1087.654874862262,ok,8.311702825828093,-85.37438176805705
light_V_8s_2026_05_20-0031_flat_0p3_late_bias_cal.fits,2461181.6779328706,gaia_774287774887292672_src5,comparison,1899.9553316521346,1087.860358263924,-8.922019958496094,44.041555354511544,-1.1152524948120117,5.505194419313943,nonpositive_flux,8.311702825828093,-85.37438176805705
light_V_8s_2026_05_20-0031_flat_0p3_late_bias_cal.fits,2461181.6779328706,gaia_774288805679445888_src7,comparison,1776.306952958124,1344.675108913824,6.4433135986328125,45.61591266725659,0.8054141998291016,5.7019890834070734,ok,8.311702825828093,-85.37438176805705
light_V_8s_2026_05_20-0031_flat_0p3_late_bias_cal.fits,2461181.6779328706,gaia_774289041901756032_src4,comparison,1860.456176800686,1447.2784271239323,42.64546203613281,46.103068907998555,5.330682754516602,5.762883613499819,ok,8.311702825828093,-85.37438176805705
light_V_8s_2026_05_20-0031_flat_0p3_late_bias_cal.fits,2461181.6779328706,gaia_774271076054448768_src2,comparison,1476.8198721062695,265.7654319950153,-27.677703857421875,44.943001376535435,-3.4597129821777344,5.617875172066929,nonpositive_flux,8.311702825828093,-85.37438176805705
light_V_8s_2026_05_20-0031_flat_0p3_late_bias_cal.fits,2461181.6779328706,gaia_774272862760870784_src1,comparison,586.073003024341,84.18949485926706,-38.577659606933594,42.69709296891927,-4.822207450866699,5.337136621114909,nonpositive_flux,8.311702825828093,-85.37438176805705
light_V_8s_2026_05_20-0031_flat_0p3_late_bias_cal.fits,2461181.6779328706,gaia_774384016513181696_src3,comparison,247.69231245070586,1045.1734155833594,6.959526062011719,46.35904794086079,0.8699407577514648,5.794880992607599,ok,8.311702825828093,-85.37438176805705
light_V_8s_2026_05_20-0031_flat_0p3_late_bias_cal.fits,2461181.6779328706,gaia_774289488578357504_src6,comparison,813.3845431871623,964.1485822421039,15.13863754272461,43.72827717056905,1.8923296928405762,5.466034646321131,ok,8.311702825828093,-85.37438176805705
light_V_8s_2026_05_20-0031_flat_0p3_late_bias_cal.fits,2461181.6779328706,gaia_774290626745586944_src8,comparison,898.3080624957735,1311.2197262193029,7.259635925292969,44.062824310381394,0.9074544906616211,5.507853038797674,ok,8.311702825828093,-85.37438176805705
light_V_8s_2026_05_20-0032_flat_0p3_late_bias_cal.fits,2461181.6781244213,target_V0399_direct,target,1851.9018065870985,623.9284744840153,1229097.8540039062,6444.456780344142,153637.23175048828,805.5570975430178,ok,8.964422651633868,-85.97037461233663
light_V_8s_2026_05_20-0032_flat_0p3_late_bias_cal.fits,2461181.6781244213,DN_UMa_direct,check,1777.1343558893618,678.3013967522112,1857139.8718261719,11210.014377564097,232142.48397827148,1401.2517971955122,ok,8.964422651633868,-85.97037461233663
light_V_8s_2026_05_20-0032_flat_0p3_late_bias_cal.fits,2461181.6781244213,gaia_774287774887292672_src5,comparison,1900.6080514779403,1087.2643654196443,-37.694061279296875,45.01215944114608,-4.711757659912109,5.62651993014326,nonpositive_flux,8.964422651633868,-85.97037461233663
light_V_8s_2026_05_20-0032_flat_0p3_late_bias_cal.fits,2461181.6781244213,gaia_774288805679445888_src7,comparison,1776.9596727839298,1344.0791160695444,-4.274711608886719,43.388514546334726,-0.5343389511108398,5.423564318291841,nonpositive_flux,8.964422651633868,-85.97037461233663
light_V_8s_2026_05_20-0032_flat_0p3_late_bias_cal.fits,2461181.6781244213,gaia_774289041901756032_src4,comparison,1861.108896626492,1446.6824342796526,8.150718688964844,44.39753177352477,1.0188398361206055,5.549691471690596,ok,8.964422651633868,-85.97037461233663
light_V_8s_2026_05_20-0032_flat_0p3_late_bias_cal.fits,2461181.6781244213,gaia_774271076054448768_src2,comparison,1477.4725919320754,265.16943915073574,-67.75740051269531,48.37373798265944,-8.469675064086914,6.04671724783243,nonpositive_flux,8.964422651633868,-85.97037461233663
light_V_8s_2026_05_20-0032_flat_0p3_late_bias_cal.fits,2461181.6781244213,gaia_774272862760870784_src1,comparison,586.7257228501468,83.59350201498748,-1.2385635375976562,47.443795278017596,-0.15482044219970703,5.9304744097521995,nonpositive_flux,8.964422651633868,-85.97037461233663
light_V_8s_2026_05_20-0032_flat_0p3_late_bias_cal.fits,2461181.6781244213,gaia_774384016513181696_src3,comparison,248.34503227651163,1044.5774227390798,26.87896728515625,44.46435488359048,3.3598709106445312,5.55804436044881,ok,8.964422651633868,-85.97037461233663
light_V_8s_2026_05_20-0032_flat_0p3_late_bias_cal.fits,2461181.6781244213,gaia_774289488578357504_src6,comparison,814.0372630129681,963.5525893978242,-33.27952575683594,48.18638164846993,-4.159940719604492,6.023297706058742,nonpositive_flux,8.964422651633868,-85.97037461233663
light_V_8s_2026_05_20-0032_flat_0p3_late_bias_cal.fits,2461181.6781244213,gaia_774290626745586944_src8,comparison,898.9607823215792,1310.6237333750232,43.75056457519531,44.841121412812534,5.468820571899414,5.605140176601567,ok,8.964422651633868,-85.97037461233663
light_V_8s_2026_05_20-0033_flat_0p3_late_bias_cal.fits,2461181.678316204,target_V0399_direct,target,1852.8070034925852,625.9385217266729,1734018.0264282227,4641.358761560823,216752.25330352783,580.1698451951029,ok,9.847643170188121,-83.91506777198367
light_V_8s_2026_05_20-0033_flat_0p3_late_bias_cal.fits,2461181.678316204,DN_UMa_direct,check,1777.9956000209836,680.4019631902595,2502420.1185302734,8062.891034395423,312802.5148162842,1007.8613792994279,ok,9.847643170188121,-83.91506777198367
light_V_8s_2026_05_20-0033_flat_0p3_late_bias_cal.fits,2461181.678316204,gaia_774287774887292672_src5,comparison,1901.4912719964946,1089.3196722599973,15.9013671875,44.86532572457097,1.9876708984375,5.608165715571372,ok,9.847643170188121,-83.91506777198367
light_V_8s_2026_05_20-0033_flat_0p3_late_bias_cal.fits,2461181.678316204,gaia_774288805679445888_src7,comparison,1777.842893302484,1346.1344229098972,23.090377807617188,43.81063670513734,2.8862972259521484,5.476329588142168,ok,9.847643170188121,-83.91506777198367
light_V_8s_2026_05_20-0033_flat_0p3_late_bias_cal.fits,2461181.678316204,gaia_774289041901756032_src4,comparison,1861.9921171450462,1448.7377411200055,43.29884719848633,44.096148168176164,5.412355899810791,5.5120185210220205,ok,9.847643170188121,-83.91506777198367
light_V_8s_2026_05_20-0033_flat_0p3_late_bias_cal.fits,2461181.678316204,gaia_774271076054448768_src2,comparison,1478.3558124506296,267.2247459910887,-45.12013244628906,47.51080322411478,-5.640016555786133,5.938850403014348,nonpositive_flux,9.847643170188121,-83.91506777198367
light_V_8s_2026_05_20-0033_flat_0p3_late_bias_cal.fits,2461181.678316204,gaia_774272862760870784_src1,comparison,587.608943368701,85.64880885534043,-30.546119689941406,43.038647034260954,-3.818264961242676,5.379830879282619,nonpositive_flux,9.847643170188121,-83.91506777198367
light_V_8s_2026_05_20-0033_flat_0p3_late_bias_cal.fits,2461181.678316204,gaia_774384016513181696_src3,comparison,249.22825279506588,1046.6327295794326,-39.35717010498047,44.06540273088558,-4.919646263122559,5.5081753413606975,nonpositive_flux,9.847643170188121,-83.91506777198367
light_V_8s_2026_05_20-0033_flat_0p3_late_bias_cal.fits,2461181.678316204,gaia_774289488578357504_src6,comparison,814.9204835315223,965.6078962381772,83.41072845458984,45.075772597000245,10.42634105682373,5.634471574625031,ok,9.847643170188121,-83.91506777198367
light_V_8s_2026_05_20-0033_flat_0p3_late_bias_cal.fits,2461181.678316204,gaia_774290626745586944_src8,comparison,899.8440028401335,1312.679040215376,-128.8576889038086,42.96496671114675,-16.107211112976074,5.370620838893344,nonpositive_flux,9.847643170188121,-83.91506777198367
light_V_8s_2026_05_20-0034_flat_0p3_late_bias_cal.fits,2461181.6785078705,target_V0399_direct,target,1853.8798420264045,626.2283938106516,1580868.876953125,5569.82031533188,197608.60961914062,696.227539416485,ok,10.957134424004494,-83.6553007600242
light_V_8s_2026_05_20-0034_flat_0p3_late_bias_cal.fits,2461181.6785078705,DN_UMa_direct,check,1779.141743994797,680.6316251301997,2333065.9577941895,9159.208561134537,291633.2447242737,1144.9010701418172,ok,10.957134424004494,-83.6553007600242
light_V_8s_2026_05_20-0034_flat_0p3_late_bias_cal.fits,2461181.6785078705,gaia_774287774887292672_src5,comparison,1902.600763250311,1089.5794392719567,-60.061073303222656,46.00494349350302,-7.507634162902832,5.750617936687878,nonpositive_flux,10.957134424004494,-83.6553007600242
light_V_8s_2026_05_20-0034_flat_0p3_late_bias_cal.fits,2461181.6785078705,gaia_774288805679445888_src7,comparison,1778.9523845563003,1346.3941899218569,12.518707275390625,43.3747979695341,1.5648384094238281,5.4218497461917625,ok,10.957134424004494,-83.6553007600242
light_V_8s_2026_05_20-0034_flat_0p3_late_bias_cal.fits,2461181.6785078705,gaia_774289041901756032_src4,comparison,1863.1016083988625,1448.997508131965,76.09687805175781,45.56013179351103,9.512109756469727,5.695016474188879,ok,10.957134424004494,-83.6553007600242
light_V_8s_2026_05_20-0034_flat_0p3_late_bias_cal.fits,2461181.6785078705,gaia_774271076054448768_src2,comparison,1479.465303704446,267.48451300304816,-110.6395263671875,45.78542200692008,-13.829940795898438,5.72317775086501,nonpositive_flux,10.957134424004494,-83.6553007600242
light_V_8s_2026_05_20-0034_flat_0p3_late_bias_cal.fits,2461181.6785078705,gaia_774272862760870784_src1,comparison,588.7184346225174,85.9085758672999,-10.102287292480469,42.353475563981156,-1.2627859115600586,5.2941844454976446,nonpositive_flux,10.957134424004494,-83.6553007600242
light_V_8s_2026_05_20-0034_flat_0p3_late_bias_cal.fits,2461181.6785078705,gaia_774384016513181696_src3,comparison,250.33774404888226,1046.8924965913923,-21.74437713623047,45.61587927127065,-2.7180471420288086,5.701984908908831,nonpositive_flux,10.957134424004494,-83.6553007600242
light_V_8s_2026_05_20-0034_flat_0p3_late_bias_cal.fits,2461181.6785078705,gaia_774289488578357504_src6,comparison,816.0299747853387,965.8676632501367,22.400577545166016,44.404581697245824,2.800072193145752,5.550572712155728,ok,10.957134424004494,-83.6553007600242
light_V_8s_2026_05_20-0034_flat_0p3_late_bias_cal.fits,2461181.6785078705,gaia_774290626745586944_src8,comparison,900.9534940939499,1312.9388072273357,-77.01717376708984,43.46200928646578,-9.62714672088623,5.432751160808222,nonpositive_flux,10.957134424004494,-83.6553007600242
light_V_8s_2026_05_20-0035_flat_0p3_late_bias_cal.fits,2461181.678699537,target_V0399_direct,target,1853.9799147628578,625.2421550896304,1729347.0052490234,4611.712957024546,216168.37565612793,576.4641196280683,ok,10.989058001345597,-84.61600862776982
light_V_8s_2026_05_20-0035_flat_0p3_late_bias_cal.fits,2461181.678699537,DN_UMa_direct,check,1779.105518413026,679.6964481157297,2528481.454650879,7963.234661268303,316060.18183135986,995.4043326585379,ok,10.989058001345597,-84.61600862776982
light_V_8s_2026_05_20-0035_flat_0p3_late_bias_cal.fits,2461181.678699537,gaia_774287774887292672_src5,comparison,1902.632686827652,1088.618731404211,-41.15193176269531,46.32597938295146,-5.143991470336914,5.790747422868932,nonpositive_flux,10.989058001345597,-84.61600862776982
light_V_8s_2026_05_20-0035_flat_0p3_late_bias_cal.fits,2461181.678699537,gaia_774288805679445888_src7,comparison,1778.9843081336417,1345.4334820541112,14.533622741699219,45.67556857827495,1.8167028427124023,5.7094460722843685,ok,10.989058001345597,-84.61600862776982
light_V_8s_2026_05_20-0035_flat_0p3_late_bias_cal.fits,2461181.678699537,gaia_774289041901756032_src4,comparison,1863.1335319762038,1448.0368002642194,16.929153442382812,46.678064849612234,2.1161441802978516,5.834758106201529,ok,10.989058001345597,-84.61600862776982
light_V_8s_2026_05_20-0035_flat_0p3_late_bias_cal.fits,2461181.678699537,gaia_774271076054448768_src2,comparison,1479.4972272817872,266.52380513530255,9.978561401367188,45.8844748718299,1.2473201751708984,5.735559358978738,ok,10.989058001345597,-84.61600862776982
light_V_8s_2026_05_20-0035_flat_0p3_late_bias_cal.fits,2461181.678699537,gaia_774272862760870784_src1,comparison,588.7503581998585,84.94786799955429,-76.25162124633789,42.428962452027314,-9.531452655792236,5.303620306503414,nonpositive_flux,10.989058001345597,-84.61600862776982
light_V_8s_2026_05_20-0035_flat_0p3_late_bias_cal.fits,2461181.678699537,gaia_774384016513181696_src3,comparison,250.36966762622336,1045.9317887236466,49.772911071777344,44.25819867340581,6.221613883972168,5.532274834175726,ok,10.989058001345597,-84.61600862776982
light_V_8s_2026_05_20-0035_flat_0p3_late_bias_cal.fits,2461181.678699537,gaia_774289488578357504_src6,comparison,816.0618983626798,964.9069553823911,94.32202911376953,45.81352743215531,11.790253639221191,5.726690929019414,ok,10.989058001345597,-84.61600862776982
light_V_8s_2026_05_20-0035_flat_0p3_late_bias_cal.fits,2461181.678699537,gaia_774290626745586944_src8,comparison,900.985417671291,1311.97809935959,-19.691165924072266,42.79436122781051,-2.461395740509033,5.349295153476314,nonpositive_flux,10.989058001345597,-84.61600862776982
light_V_8s_2026_05_20-0036_flat_0p3_late_bias_cal.fits,2461181.6788909724,target_V0399_direct,target,1855.595569539936,625.1926241943427,1707527.5709533691,4919.061640931871,213440.94636917114,614.8827051164839,ok,12.656253405448183,-84.71379544673249
light_V_8s_2026_05_20-0036_flat_0p3_late_bias_cal.fits,2461181.6788909724,DN_UMa_direct,check,1780.824254444153,679.5504053730921,2469407.2585144043,8732.390946590616,308675.90731430054,1091.548868323827,ok,12.656253405448183,-84.71379544673249
light_V_8s_2026_05_20-0036_flat_0p3_late_bias_cal.fits,2461181.6788909724,gaia_774287774887292672_src5,comparison,1904.2998822317545,1088.5209445852483,-23.094581604003906,46.02124826612212,-2.8868227005004883,5.752656033265265,nonpositive_flux,12.656253405448183,-84.71379544673249
light_V_8s_2026_05_20-0036_flat_0p3_late_bias_cal.fits,2461181.6788909724,gaia_774288805679445888_src7,comparison,1780.6515035377442,1345.3356952351485,22.25009536743164,44.6091187656834,2.781261920928955,5.576139845710425,ok,12.656253405448183,-84.71379544673249
light_V_8s_2026_05_20-0036_flat_0p3_late_bias_cal.fits,2461181.6788909724,gaia_774289041901756032_src4,comparison,1864.8007273803064,1447.9390134452567,-10.418731689453125,43.10741692857197,-1.3023414611816406,5.3884271160714965,nonpositive_flux,12.656253405448183,-84.71379544673249
light_V_8s_2026_05_20-0036_flat_0p3_late_bias_cal.fits,2461181.6788909724,gaia_774271076054448768_src2,comparison,1481.1644226858898,266.4260183163399,9.954414367675781,45.09871186541628,1.2443017959594727,5.637338983177035,ok,12.656253405448183,-84.71379544673249
light_V_8s_2026_05_20-0036_flat_0p3_late_bias_cal.fits,2461181.6788909724,gaia_774272862760870784_src1,comparison,590.4175536039611,84.85008118059162,1.5447769165039062,42.473823777761275,0.19309711456298828,5.309227972220159,ok,12.656253405448183,-84.71379544673249
light_V_8s_2026_05_20-0036_flat_0p3_late_bias_cal.fits,2461181.6788909724,gaia_774384016513181696_src3,comparison,252.03686303032595,1045.8340019046839,67.39512634277344,43.066360161500626,8.42439079284668,5.383295020187578,ok,12.656253405448183,-84.71379544673249
light_V_8s_2026_05_20-0036_flat_0p3_late_bias_cal.fits,2461181.6788909724,gaia_774289488578357504_src6,comparison,817.7290937667824,964.8091685634283,45.86811828613281,44.288149289189576,5.733514785766602,5.536018661148697,ok,12.656253405448183,-84.71379544673249
light_V_8s_2026_05_20-0036_flat_0p3_late_bias_cal.fits,2461181.6788909724,gaia_774290626745586944_src8,comparison,902.6526130753936,1311.8803125406273,-20.128753662109375,44.48031282113668,-2.516094207763672,5.560039102642085,nonpositive_flux,12.656253405448183,-84.71379544673249
light_V_8s_2026_05_20-0037_flat_0p3_late_bias_cal.fits,2461181.67908206,target_V0399_direct,target,1856.9468436787306,625.2413936189765,1731838.5299682617,4577.59131097773,216479.81624603271,572.1989138722163,ok,13.97815938423139,-84.63263328605899
light_V_8s_2026_05_20-0037_flat_0p3_late_bias_cal.fits,2461181.67908206,DN_UMa_direct,check,1782.1167922629247,679.6639602698052,2539888.766723633,8007.335616473215,317486.0958404541,1000.9169520591519,ok,13.97815938423139,-84.63263328605899
light_V_8s_2026_05_20-0037_flat_0p3_late_bias_cal.fits,2461181.67908206,gaia_774287774887292672_src5,comparison,1905.621788210538,1088.602106745922,-35.543678283691406,44.50251067723533,-4.442959785461426,5.562813834654416,nonpositive_flux,13.97815938423139,-84.63263328605899
light_V_8s_2026_05_20-0037_flat_0p3_late_bias_cal.fits,2461181.67908206,gaia_774288805679445888_src7,comparison,1781.9734095165272,1345.416857395822,72.0496597290039,46.85442446855697,9.006207466125488,5.856803058569621,ok,13.97815938423139,-84.63263328605899
light_V_8s_2026_05_20-0037_flat_0p3_late_bias_cal.fits,2461181.67908206,gaia_774289041901756032_src4,comparison,1866.1226333590894,1448.0201756059303,47.325469970703125,44.86430800403511,5.915683746337891,5.608038500504389,ok,13.97815938423139,-84.63263328605899
light_V_8s_2026_05_20-0037_flat_0p3_late_bias_cal.fits,2461181.67908206,gaia_774271076054448768_src2,comparison,1482.4863286646728,266.5071804770134,29.267677307128906,44.31617633517127,3.6584596633911133,5.539522041896409,ok,13.97815938423139,-84.63263328605899
light_V_8s_2026_05_20-0037_flat_0p3_late_bias_cal.fits,2461181.67908206,gaia_774272862760870784_src1,comparison,591.7394595827443,84.93124334126512,12.714347839355469,44.83231078997266,1.5892934799194336,5.604038848746582,ok,13.97815938423139,-84.63263328605899
light_V_8s_2026_05_20-0037_flat_0p3_late_bias_cal.fits,2461181.67908206,gaia_774384016513181696_src3,comparison,253.35876900910915,1045.9151640653574,104.23143005371094,44.81463642859347,13.028928756713867,5.601829553574183,ok,13.97815938423139,-84.63263328605899
light_V_8s_2026_05_20-0037_flat_0p3_late_bias_cal.fits,2461181.67908206,gaia_774289488578357504_src6,comparison,819.0509997455656,964.8903307241019,67.06210327148438,43.03513735778727,8.382762908935547,5.379392169723409,ok,13.97815938423139,-84.63263328605899
light_V_8s_2026_05_20-0037_flat_0p3_late_bias_cal.fits,2461181.67908206,gaia_774290626745586944_src8,comparison,903.9745190541768,1311.9614747013009,40.39659881591797,43.77345032582478,5.049574851989746,5.471681290728098,ok,13.97815938423139,-84.63263328605899
light_V_8s_2026_05_20-0038_flat_0p3_late_bias_cal.fits,2461181.6792738424,target_V0399_direct,target,1857.7752812991523,624.7275166038282,1431921.622619629,6073.3132074559635,178990.2028274536,759.1641509319954,ok,14.79837798655501,-85.12071254728795
light_V_8s_2026_05_20-0038_flat_0p3_late_bias_cal.fits,2461181.6792738424,DN_UMa_direct,check,1782.9287918471503,679.2016787624956,2084583.9979248047,10677.177318143325,260572.9997406006,1334.6471647679157,ok,14.79837798655501,-85.12071254728795
light_V_8s_2026_05_20-0038_flat_0p3_late_bias_cal.fits,2461181.6792738424,gaia_774287774887292672_src5,comparison,1906.4420068128616,1088.114027484693,-64.12576675415039,44.2593031862251,-8.015720844268799,5.532412898278137,nonpositive_flux,14.79837798655501,-85.12071254728795
light_V_8s_2026_05_20-0038_flat_0p3_late_bias_cal.fits,2461181.6792738424,gaia_774288805679445888_src7,comparison,1782.7936281188508,1344.9287781345931,-17.939773559570312,43.16067773451011,-2.242471694946289,5.395084716813764,nonpositive_flux,14.79837798655501,-85.12071254728795
light_V_8s_2026_05_20-0038_flat_0p3_late_bias_cal.fits,2461181.6792738424,gaia_774289041901756032_src4,comparison,1866.942851961413,1447.5320963447014,-29.782699584960938,44.44740288157531,-3.722837448120117,5.555925360196913,nonpositive_flux,14.79837798655501,-85.12071254728795
light_V_8s_2026_05_20-0038_flat_0p3_late_bias_cal.fits,2461181.6792738424,gaia_774271076054448768_src2,comparison,1483.3065472669964,266.0191012157844,-52.68732452392578,45.46095079957047,-6.585915565490723,5.682618849946309,nonpositive_flux,14.79837798655501,-85.12071254728795
light_V_8s_2026_05_20-0038_flat_0p3_late_bias_cal.fits,2461181.6792738424,gaia_774272862760870784_src1,comparison,592.5596781850679,84.44316408003615,-22.720279693603516,45.40095810798324,-2.8400349617004395,5.675119763497905,nonpositive_flux,14.79837798655501,-85.12071254728795
light_V_8s_2026_05_20-0038_flat_0p3_late_bias_cal.fits,2461181.6792738424,gaia_774384016513181696_src3,comparison,254.17898761143277,1045.4270848041285,29.808242797851562,45.64191239999523,3.7260303497314453,5.7052390499994035,ok,14.79837798655501,-85.12071254728795
light_V_8s_2026_05_20-0038_flat_0p3_late_bias_cal.fits,2461181.6792738424,gaia_774289488578357504_src6,comparison,819.8712183478892,964.402251462873,61.89277648925781,42.654840920526034,7.736597061157227,5.331855115065754,ok,14.79837798655501,-85.12071254728795
light_V_8s_2026_05_20-0038_flat_0p3_late_bias_cal.fits,2461181.6792738424,gaia_774290626745586944_src8,comparison,904.7947376565004,1311.473395440072,-48.703453063964844,45.026627132263854,-6.0879316329956055,5.628328391532982,nonpositive_flux,14.79837798655501,-85.12071254728795
light_V_8s_2026_05_20-0039_flat_0p3_late_bias_cal.fits,2461181.6794653935,target_V0399_direct,target,1857.918392345078,625.6809514288703,1816324.8464355469,4361.392725636006,227040.60580444336,545.1740907045007,ok,14.954678748333208,-84.16460013113345
light_V_8s_2026_05_20-0039_flat_0p3_late_bias_cal.fits,2461181.6794653935,DN_UMa_direct,check,1783.098282324781,680.1604687697625,2624591.8919677734,7605.060152105377,328073.9864959717,950.6325190131721,saturated,14.954678748333208,-84.16460013113345
light_V_8s_2026_05_20-0039_flat_0p3_late_bias_cal.fits,2461181.6794653935,gaia_774287774887292672_src5,comparison,1906.5983075746396,1089.0701399008474,44.899173736572266,45.606110913516844,5.612396717071533,5.7007638641896055,ok,14.954678748333208,-84.16460013113345
light_V_8s_2026_05_20-0039_flat_0p3_late_bias_cal.fits,2461181.6794653935,gaia_774288805679445888_src7,comparison,1782.9499288806292,1345.8848905507475,-32.51243591308594,44.98558090426767,-4.064054489135742,5.623197613033459,nonpositive_flux,14.954678748333208,-84.16460013113345
light_V_8s_2026_05_20-0039_flat_0p3_late_bias_cal.fits,2461181.6794653935,gaia_774289041901756032_src4,comparison,1867.0991527231913,1448.4882087608557,30.994064331054688,42.40869517519505,3.874258041381836,5.301086896899381,ok,14.954678748333208,-84.16460013113345
light_V_8s_2026_05_20-0039_flat_0p3_late_bias_cal.fits,2461181.6794653935,gaia_774271076054448768_src2,comparison,1483.4628480287747,266.9752136319389,-1.5086822509765625,43.42348848923537,-0.1885852813720703,5.427936061154421,nonpositive_flux,14.954678748333208,-84.16460013113345
light_V_8s_2026_05_20-0039_flat_0p3_late_bias_cal.fits,2461181.6794653935,gaia_774272862760870784_src1,comparison,592.7159789468461,85.39927649619065,-21.140274047851562,43.39894534507004,-2.6425342559814453,5.424868168133755,nonpositive_flux,14.954678748333208,-84.16460013113345
light_V_8s_2026_05_20-0039_flat_0p3_late_bias_cal.fits,2461181.6794653935,gaia_774384016513181696_src3,comparison,254.33528837321097,1046.383197220283,-14.734039306640625,43.731373877261206,-1.8417549133300781,5.466421734657651,nonpositive_flux,14.954678748333208,-84.16460013113345
light_V_8s_2026_05_20-0039_flat_0p3_late_bias_cal.fits,2461181.6794653935,gaia_774289488578357504_src6,comparison,820.0275191096674,965.3583638790274,34.18254089355469,43.10270033055896,4.272817611694336,5.38783754131987,ok,14.954678748333208,-84.16460013113345
light_V_8s_2026_05_20-0039_flat_0p3_late_bias_cal.fits,2461181.6794653935,gaia_774290626745586944_src8,comparison,904.9510384182786,1312.4295078562263,-65.49234771728516,44.73546267501586,-8.186543464660645,5.5919328343769825,nonpositive_flux,14.954678748333208,-84.16460013113345
light_V_8s_2026_05_20-0040_flat_0p3_late_bias_cal.fits,2461181.679657176,target_V0399_direct,target,1858.9749501716174,625.5002803037524,1704307.9855957031,4698.483098687164,213038.4981994629,587.3103873358955,ok,16.026238785270607,-84.37224566922868
light_V_8s_2026_05_20-0040_flat_0p3_late_bias_cal.fits,2461181.679657176,DN_UMa_direct,check,1784.1848445721164,679.9258488186899,2458682.77734375,8068.031575295889,307335.34716796875,1008.5039469119861,ok,16.026238785270607,-84.37224566922868
light_V_8s_2026_05_20-0040_flat_0p3_late_bias_cal.fits,2461181.679657176,gaia_774287774887292672_src5,comparison,1907.669867611577,1088.8624943627522,4.75616455078125,45.920053931070505,0.5945205688476562,5.740006741383813,ok,16.026238785270607,-84.37224566922868
light_V_8s_2026_05_20-0040_flat_0p3_late_bias_cal.fits,2461181.679657176,gaia_774288805679445888_src7,comparison,1784.0214889175666,1345.6772450126523,-19.1217041015625,45.28859409656521,-2.3902130126953125,5.661074262070652,nonpositive_flux,16.026238785270607,-84.37224566922868
light_V_8s_2026_05_20-0040_flat_0p3_late_bias_cal.fits,2461181.679657176,gaia_774289041901756032_src4,comparison,1868.1707127601287,1448.2805632227605,-128.38777542114258,45.21589578811082,-16.048471927642822,5.651986973513853,nonpositive_flux,16.026238785270607,-84.37224566922868
light_V_8s_2026_05_20-0040_flat_0p3_late_bias_cal.fits,2461181.679657176,gaia_774271076054448768_src2,comparison,1484.5344080657121,266.7675680938437,19.750946044921875,46.23509839241979,2.4688682556152344,5.779387299052474,ok,16.026238785270607,-84.37224566922868
light_V_8s_2026_05_20-0040_flat_0p3_late_bias_cal.fits,2461181.679657176,gaia_774272862760870784_src1,comparison,593.7875389837835,85.19163095809543,-6.9329376220703125,42.02599357845204,-0.8666172027587891,5.253249197306505,nonpositive_flux,16.026238785270607,-84.37224566922868
light_V_8s_2026_05_20-0040_flat_0p3_late_bias_cal.fits,2461181.679657176,gaia_774384016513181696_src3,comparison,255.40684841014837,1046.1755516821877,69.39814758300781,44.29907436083045,8.674768447875977,5.537384295103807,ok,16.026238785270607,-84.37224566922868
light_V_8s_2026_05_20-0040_flat_0p3_late_bias_cal.fits,2461181.679657176,gaia_774289488578357504_src6,comparison,821.0990791466048,965.1507183409321,67.13219451904297,43.307419528363084,8.391524314880371,5.4134274410453855,ok,16.026238785270607,-84.37224566922868
light_V_8s_2026_05_20-0040_flat_0p3_late_bias_cal.fits,2461181.679657176,gaia_774290626745586944_src8,comparison,906.022598455216,1312.2218623181311,67.20866775512695,41.78363289897976,8.40108346939087,5.22295411237247,ok,16.026238785270607,-84.37224566922868
light_V_8s_2026_05_20-0041_flat_0p3_late_bias_cal.fits,2461181.679848843,target_V0399_direct,target,1858.2795889060212,626.3976999128325,1591310.78515625,5114.136281408767,198913.84814453125,639.2670351760959,ok,15.35899164337502,-83.48924935456677
light_V_8s_2026_05_20-0041_flat_0p3_late_bias_cal.fits,2461181.679848843,DN_UMa_direct,check,1783.5457115539214,680.7944218389337,2321375.7082214355,8782.775125607726,290171.96352767944,1097.8468907009658,ok,15.35899164337502,-83.48924935456677
light_V_8s_2026_05_20-0041_flat_0p3_late_bias_cal.fits,2461181.679848843,gaia_774287774887292672_src5,comparison,1907.0026204696815,1089.7454906774142,-12.841667175292969,42.64743122561718,-1.605208396911621,5.330928903202148,nonpositive_flux,15.35899164337502,-83.48924935456677
light_V_8s_2026_05_20-0041_flat_0p3_late_bias_cal.fits,2461181.679848843,gaia_774288805679445888_src7,comparison,1783.354241775671,1346.5602413273143,-10.438003540039062,43.77771605186743,-1.3047504425048828,5.472214506483429,nonpositive_flux,15.35899164337502,-83.48924935456677
light_V_8s_2026_05_20-0041_flat_0p3_late_bias_cal.fits,2461181.679848843,gaia_774289041901756032_src4,comparison,1867.5034656182331,1449.1635595374225,80.25228881835938,43.80662679382831,10.031536102294922,5.4758283492285384,ok,15.35899164337502,-83.48924935456677
light_V_8s_2026_05_20-0041_flat_0p3_late_bias_cal.fits,2461181.679848843,gaia_774271076054448768_src2,comparison,1483.8671609238165,267.6505644085056,-57.12238311767578,45.7302616748831,-7.140297889709473,5.716282709360388,nonpositive_flux,15.35899164337502,-83.48924935456677
light_V_8s_2026_05_20-0041_flat_0p3_late_bias_cal.fits,2461181.679848843,gaia_774272862760870784_src1,comparison,593.1202918418879,86.07462727275734,-0.6240768432617188,42.42965989398614,-0.07800960540771484,5.303707486748268,nonpositive_flux,15.35899164337502,-83.48924935456677
light_V_8s_2026_05_20-0041_flat_0p3_late_bias_cal.fits,2461181.679848843,gaia_774384016513181696_src3,comparison,254.73960126825278,1047.0585479968497,9.539604187011719,41.41760871178817,1.1924505233764648,5.177201088973521,ok,15.35899164337502,-83.48924935456677
light_V_8s_2026_05_20-0041_flat_0p3_late_bias_cal.fits,2461181.679848843,gaia_774289488578357504_src6,comparison,820.4318320047092,966.0337146555942,91.78217697143555,44.39906302904135,11.472772121429443,5.549882878630169,ok,15.35899164337502,-83.48924935456677
light_V_8s_2026_05_20-0041_flat_0p3_late_bias_cal.fits,2461181.679848843,gaia_774290626745586944_src8,comparison,905.3553513133204,1313.1048586327931,133.74996948242188,44.08995802307468,16.718746185302734,5.511244752884335,ok,15.35899164337502,-83.48924935456677
light_V_8s_2026_05_20-0042_flat_0p3_late_bias_cal.fits,2461181.6800405094,target_V0399_direct,target,1858.7281285777538,624.4196237957163,1575867.9125976562,5204.225807651051,196983.48907470703,650.5282259563813,ok,15.755139926630022,-85.44722187534495
light_V_8s_2026_05_20-0042_flat_0p3_late_bias_cal.fits,2461181.6800405094,DN_UMa_direct,check,1783.8894684486988,678.8565529144935,2227209.356689453,8980.859135926486,278401.16958618164,1122.6073919908108,ok,15.755139926630022,-85.44722187534495
light_V_8s_2026_05_20-0042_flat_0p3_late_bias_cal.fits,2461181.6800405094,gaia_774287774887292672_src5,comparison,1907.3987687529366,1087.787518156636,-35.982147216796875,44.86254598948019,-4.497768402099609,5.607818248685024,nonpositive_flux,15.755139926630022,-85.44722187534495
light_V_8s_2026_05_20-0042_flat_0p3_late_bias_cal.fits,2461181.6800405094,gaia_774288805679445888_src7,comparison,1783.7503900589259,1344.6022688065361,56.331275939941406,44.40390827978062,7.041409492492676,5.550488534972578,ok,15.755139926630022,-85.44722187534495
light_V_8s_2026_05_20-0042_flat_0p3_late_bias_cal.fits,2461181.6800405094,gaia_774289041901756032_src4,comparison,1867.899613901488,1447.2055870166444,36.322715759277344,41.28751823701293,4.540339469909668,5.1609397796266165,ok,15.755139926630022,-85.44722187534495
light_V_8s_2026_05_20-0042_flat_0p3_late_bias_cal.fits,2461181.6800405094,gaia_774271076054448768_src2,comparison,1484.2633092070714,265.6925918877274,-2.72174072265625,44.774977893130576,-0.34021759033203125,5.596872236641322,nonpositive_flux,15.755139926630022,-85.44722187534495
light_V_8s_2026_05_20-0042_flat_0p3_late_bias_cal.fits,2461181.6800405094,gaia_774272862760870784_src1,comparison,593.5164401251429,84.11665475197915,-17.917221069335938,42.661081702609685,-2.239652633666992,5.332635212826211,nonpositive_flux,15.755139926630022,-85.44722187534495
light_V_8s_2026_05_20-0042_flat_0p3_late_bias_cal.fits,2461181.6800405094,gaia_774384016513181696_src3,comparison,255.13574955150779,1045.1005754760715,37.030982971191406,43.55983052336,4.628872871398926,5.44497881542,ok,15.755139926630022,-85.44722187534495
light_V_8s_2026_05_20-0042_flat_0p3_late_bias_cal.fits,2461181.6800405094,gaia_774289488578357504_src6,comparison,820.8279802879642,964.075742134816,41.54243469238281,41.98942198137553,5.192804336547852,5.248677747671941,ok,15.755139926630022,-85.44722187534495
light_V_8s_2026_05_20-0042_flat_0p3_late_bias_cal.fits,2461181.6800405094,gaia_774290626745586944_src8,comparison,905.7514995965754,1311.146886112015,77.90992736816406,43.31931515927335,9.738740921020508,5.414914394909169,ok,15.755139926630022,-85.44722187534495
light_V_8s_2026_05_20-0043_flat_0p3_late_bias_cal.fits,2461181.6802317128,target_V0399_direct,target,1860.093866244015,623.7423407401877,1541133.8371582031,5338.504238701068,192641.7296447754,667.3130298376335,ok,17.144512868467928,-86.14841562035679
light_V_8s_2026_05_20-0043_flat_0p3_late_bias_cal.fits,2461181.6802317128,DN_UMa_direct,check,1785.3024766661133,678.1314484799984,2255735.6875,9183.045444865826,281966.9609375,1147.8806806082282,ok,17.144512868467928,-86.14841562035679
light_V_8s_2026_05_20-0043_flat_0p3_late_bias_cal.fits,2461181.6802317128,gaia_774287774887292672_src5,comparison,1908.7881416947744,1087.086324411624,12.072967529296875,43.68112675830785,1.5091209411621094,5.460140844788481,ok,17.144512868467928,-86.14841562035679
light_V_8s_2026_05_20-0043_flat_0p3_late_bias_cal.fits,2461181.6802317128,gaia_774288805679445888_src7,comparison,1785.1397630007639,1343.9010750615244,47.108909606933594,44.7384377070021,5.888613700866699,5.592304713375262,ok,17.144512868467928,-86.14841562035679
light_V_8s_2026_05_20-0043_flat_0p3_late_bias_cal.fits,2461181.6802317128,gaia_774289041901756032_src4,comparison,1869.288986843326,1446.5043932716326,-10.932487487792969,44.04007290453605,-1.366560935974121,5.505009113067007,nonpositive_flux,17.144512868467928,-86.14841562035679
light_V_8s_2026_05_20-0043_flat_0p3_late_bias_cal.fits,2461181.6802317128,gaia_774271076054448768_src2,comparison,1485.6526821489094,264.9913981427156,-40.86280059814453,46.72624615634542,-5.107850074768066,5.840780769543177,nonpositive_flux,17.144512868467928,-86.14841562035679
light_V_8s_2026_05_20-0043_flat_0p3_late_bias_cal.fits,2461181.6802317128,gaia_774272862760870784_src1,comparison,594.9058130669808,83.41546100696732,52.12377166748047,43.02716735431918,6.515471458435059,5.378395919289898,ok,17.144512868467928,-86.14841562035679
light_V_8s_2026_05_20-0043_flat_0p3_late_bias_cal.fits,2461181.6802317128,gaia_774384016513181696_src3,comparison,256.5251224933457,1044.3993817310597,-33.399681091308594,42.18192225317335,-4.174960136413574,5.272740281646668,nonpositive_flux,17.144512868467928,-86.14841562035679
light_V_8s_2026_05_20-0043_flat_0p3_late_bias_cal.fits,2461181.6802317128,gaia_774289488578357504_src6,comparison,822.2173532298021,963.3745483898041,-0.6612167358398438,43.31497657715671,-0.08265209197998047,5.414372072144589,nonpositive_flux,17.144512868467928,-86.14841562035679
light_V_8s_2026_05_20-0043_flat_0p3_late_bias_cal.fits,2461181.6802317128,gaia_774290626745586944_src8,comparison,907.1408725384133,1310.4456923670032,62.36753463745117,42.84010448339248,7.7959418296813965,5.35501306042406,ok,17.144512868467928,-86.14841562035679
light_V_8s_2026_05_20-0044_flat_0p3_late_bias_cal.fits,2461181.6804236113,target_V0399_direct,target,1861.200366586603,623.6165231832829,1829504.2768554688,4293.134786489264,228688.0346069336,536.641848311158,ok,18.241631671653067,-86.2389290607349
light_V_8s_2026_05_20-0044_flat_0p3_late_bias_cal.fits,2461181.6804236113,DN_UMa_direct,check,1786.3902139298957,678.076239156147,2622562.127807617,7562.151776452424,327820.26597595215,945.268972056553,ok,18.241631671653067,-86.2389290607349
light_V_8s_2026_05_20-0044_flat_0p3_late_bias_cal.fits,2461181.6804236113,gaia_774287774887292672_src5,comparison,1909.8852604979595,1086.995810971246,-78.16562271118164,44.4110114376747,-9.770702838897705,5.551376429709338,nonpositive_flux,18.241631671653067,-86.2389290607349
light_V_8s_2026_05_20-0044_flat_0p3_late_bias_cal.fits,2461181.6804236113,gaia_774288805679445888_src7,comparison,1786.236881803949,1343.810561621146,84.42005157470703,43.30817806815836,10.552506446838379,5.413522258519795,ok,18.241631671653067,-86.2389290607349
light_V_8s_2026_05_20-0044_flat_0p3_late_bias_cal.fits,2461181.6804236113,gaia_774289041901756032_src4,comparison,1870.3861056465112,1446.4138798312542,-46.97022247314453,44.844738971672044,-5.871277809143066,5.6055923714590055,nonpositive_flux,18.241631671653067,-86.2389290607349
light_V_8s_2026_05_20-0044_flat_0p3_late_bias_cal.fits,2461181.6804236113,gaia_774271076054448768_src2,comparison,1486.7498009520946,264.90088470233746,-16.598243713378906,43.50093436807572,-2.0747804641723633,5.437616796009465,nonpositive_flux,18.241631671653067,-86.2389290607349
light_V_8s_2026_05_20-0044_flat_0p3_late_bias_cal.fits,2461181.6804236113,gaia_774272862760870784_src1,comparison,596.002931870166,83.3249475665892,-66.61859893798828,42.88672144745291,-8.327324867248535,5.360840180931614,nonpositive_flux,18.241631671653067,-86.2389290607349
light_V_8s_2026_05_20-0044_flat_0p3_late_bias_cal.fits,2461181.6804236113,gaia_774384016513181696_src3,comparison,257.62224129653083,1044.3088682906814,14.831306457519531,43.408987630105464,1.8539133071899414,5.426123453763183,ok,18.241631671653067,-86.2389290607349
light_V_8s_2026_05_20-0044_flat_0p3_late_bias_cal.fits,2461181.6804236113,gaia_774289488578357504_src6,comparison,823.3144720329873,963.284034949426,-41.14288330078125,43.92610873270957,-5.142860412597656,5.4907635915886965,nonpositive_flux,18.241631671653067,-86.2389290607349
light_V_8s_2026_05_20-0044_flat_0p3_late_bias_cal.fits,2461181.6804236113,gaia_774290626745586944_src8,comparison,908.2379913415984,1310.3551789266248,-52.6383056640625,43.95444231922754,-6.5797882080078125,5.494305289903442,nonpositive_flux,18.241631671653067,-86.2389290607349
light_V_8s_2026_05_20-0045_flat_0p3_late_bias_cal.fits,2461181.680614699,target_V0399_direct,target,1861.0542568635947,623.3714545638487,1286162.3424072266,6518.152560634025,160770.29280090332,814.7690700792531,ok,18.07439348134335,-86.47525004889934
light_V_8s_2026_05_20-0045_flat_0p3_late_bias_cal.fits,2461181.680614699,DN_UMa_direct,check,1786.2018472722846,677.8486657992523,1883934.4853515625,10519.744507807154,235491.8106689453,1314.9680634758943,ok,18.07439348134335,-86.47525004889934
light_V_8s_2026_05_20-0045_flat_0p3_late_bias_cal.fits,2461181.680614699,gaia_774287774887292672_src5,comparison,1909.7180223076498,1086.7594899830815,-50.417999267578125,44.25579883443476,-6.302249908447266,5.531974854304345,nonpositive_flux,18.07439348134335,-86.47525004889934
light_V_8s_2026_05_20-0045_flat_0p3_late_bias_cal.fits,2461181.680614699,gaia_774288805679445888_src7,comparison,1786.0696436136393,1343.5742406329816,-21.055625915527344,42.38670753718344,-2.631953239440918,5.29833844214793,nonpositive_flux,18.07439348134335,-86.47525004889934
light_V_8s_2026_05_20-0045_flat_0p3_late_bias_cal.fits,2461181.680614699,gaia_774289041901756032_src4,comparison,1870.2188674562015,1446.1775588430899,-48.719825744628906,45.07853775678819,-6.089978218078613,5.634817219598523,nonpositive_flux,18.07439348134335,-86.47525004889934
light_V_8s_2026_05_20-0045_flat_0p3_late_bias_cal.fits,2461181.680614699,gaia_774271076054448768_src2,comparison,1486.5825627617849,264.664563714173,25.325149536132812,44.13603124445409,3.1656436920166016,5.517003905556761,ok,18.07439348134335,-86.47525004889934
light_V_8s_2026_05_20-0045_flat_0p3_late_bias_cal.fits,2461181.680614699,gaia_774272862760870784_src1,comparison,595.8356936798563,83.08862657842477,1.68560791015625,45.13213324004234,0.21070098876953125,5.641516655005293,ok,18.07439348134335,-86.47525004889934
light_V_8s_2026_05_20-0045_flat_0p3_late_bias_cal.fits,2461181.680614699,gaia_774384016513181696_src3,comparison,257.4550031062211,1044.072547302517,35.56536865234375,45.311582783535265,4.445671081542969,5.663947847941908,ok,18.07439348134335,-86.47525004889934
light_V_8s_2026_05_20-0045_flat_0p3_late_bias_cal.fits,2461181.680614699,gaia_774289488578357504_src6,comparison,823.1472338426776,963.0477139612615,-11.781204223632812,43.08408846780705,-1.4726505279541016,5.385511058475881,nonpositive_flux,18.07439348134335,-86.47525004889934
light_V_8s_2026_05_20-0045_flat_0p3_late_bias_cal.fits,2461181.680614699,gaia_774290626745586944_src8,comparison,908.0707531512887,1310.1188579384605,23.028194427490234,42.35911278739907,2.8785243034362793,5.294889098424884,ok,18.07439348134335,-86.47525004889934
light_V_8s_2026_05_20-0046_flat_0p3_late_bias_cal.fits,2461181.6808056715,target_V0399_direct,target,1861.7111378801492,623.4293240615004,1685064.765625,4729.703876704891,210633.095703125,591.2129845881113,ok,18.807079005838204,-86.44937275653552
light_V_8s_2026_05_20-0046_flat_0p3_late_bias_cal.fits,2461181.6808056715,DN_UMa_direct,check,1787.0103373047198,677.8425508863282,2387456.677520752,8529.3400486368,298432.084690094,1066.1675060796,ok,18.807079005838204,-86.44937275653552
light_V_8s_2026_05_20-0046_flat_0p3_late_bias_cal.fits,2461181.6808056715,gaia_774287774887292672_src5,comparison,1910.4507078321446,1086.7853672754454,-85.1999282836914,43.47208029541061,-10.649991035461426,5.434010036926327,nonpositive_flux,18.807079005838204,-86.44937275653552
light_V_8s_2026_05_20-0046_flat_0p3_late_bias_cal.fits,2461181.6808056715,gaia_774288805679445888_src7,comparison,1786.8023291381342,1343.6001179253456,-40.64399337768555,44.455725246124054,-5.080499172210693,5.556965655765507,nonpositive_flux,18.807079005838204,-86.44937275653552
light_V_8s_2026_05_20-0046_flat_0p3_late_bias_cal.fits,2461181.6808056715,gaia_774289041901756032_src4,comparison,1870.9515529806963,1446.2034361354538,-41.225364685058594,41.68174135514447,-5.153170585632324,5.210217669393058,nonpositive_flux,18.807079005838204,-86.44937275653552
light_V_8s_2026_05_20-0046_flat_0p3_late_bias_cal.fits,2461181.6808056715,gaia_774271076054448768_src2,comparison,1487.3152482862797,264.69044100653684,-80.27745819091797,45.30772029801498,-10.034682273864746,5.663465037251872,nonpositive_flux,18.807079005838204,-86.44937275653552
light_V_8s_2026_05_20-0046_flat_0p3_late_bias_cal.fits,2461181.6808056715,gaia_774272862760870784_src1,comparison,596.5683792043511,83.11450387078858,63.830360412597656,45.608599270040024,7.978795051574707,5.701074908755003,ok,18.807079005838204,-86.44937275653552
light_V_8s_2026_05_20-0046_flat_0p3_late_bias_cal.fits,2461181.6808056715,gaia_774384016513181696_src3,comparison,258.18768863071597,1044.098424594881,-32.66448974609375,43.43458385751049,-4.083061218261719,5.429322982188811,nonpositive_flux,18.807079005838204,-86.44937275653552
light_V_8s_2026_05_20-0046_flat_0p3_late_bias_cal.fits,2461181.6808056715,gaia_774289488578357504_src6,comparison,823.8799193671724,963.0735912536254,-99.57452392578125,42.9478460109564,-12.446815490722656,5.36848075136955,nonpositive_flux,18.807079005838204,-86.44937275653552
light_V_8s_2026_05_20-0046_flat_0p3_late_bias_cal.fits,2461181.6808056715,gaia_774290626745586944_src8,comparison,908.8034386757836,1310.1447352308244,81.15959167480469,41.217976046030664,10.144948959350586,5.152247005753833,ok,18.807079005838204,-86.44937275653552
light_V_8s_2026_05_20-0047_flat_0p3_late_bias_cal.fits,2461181.6809974536,target_V0399_direct,target,1863.354853976259,622.7080495107846,1727601.8349609375,4638.8381843780435,215950.2293701172,579.8547730472554,ok,20.394099281915942,-87.14398094201903
light_V_8s_2026_05_20-0047_flat_0p3_late_bias_cal.fits,2461181.6809974536,DN_UMa_direct,check,1788.5406617607655,677.1746090660771,2487700.605621338,8122.421196930641,310962.57570266724,1015.3026496163301,ok,20.394099281915942,-87.14398094201903
light_V_8s_2026_05_20-0047_flat_0p3_late_bias_cal.fits,2461181.6809974536,gaia_774287774887292672_src5,comparison,1912.0377281082224,1086.090759089962,-21.092727661132812,40.90629540725186,-2.6365909576416016,5.113286925906483,nonpositive_flux,20.394099281915942,-87.14398094201903
light_V_8s_2026_05_20-0047_flat_0p3_late_bias_cal.fits,2461181.6809974536,gaia_774288805679445888_src7,comparison,1788.389349414212,1342.905509739862,-0.3193092346191406,42.60555227277462,-0.03991365432739258,5.325694034096827,nonpositive_flux,20.394099281915942,-87.14398094201903
light_V_8s_2026_05_20-0047_flat_0p3_late_bias_cal.fits,2461181.6809974536,gaia_774289041901756032_src4,comparison,1872.538573256774,1445.5088279499703,-7.398796081542969,44.904549161302896,-0.9248495101928711,5.613068645162862,nonpositive_flux,20.394099281915942,-87.14398094201903
light_V_8s_2026_05_20-0047_flat_0p3_late_bias_cal.fits,2461181.6809974536,gaia_774271076054448768_src2,comparison,1488.9022685623574,263.99583282105334,-11.020732879638672,43.10984936148747,-1.377591609954834,5.388731170185934,nonpositive_flux,20.394099281915942,-87.14398094201903
light_V_8s_2026_05_20-0047_flat_0p3_late_bias_cal.fits,2461181.6809974536,gaia_774272862760870784_src1,comparison,598.1553994804289,82.41989568530508,84.18659210205078,41.68853967740249,10.523324012756348,5.211067459675311,ok,20.394099281915942,-87.14398094201903
light_V_8s_2026_05_20-0047_flat_0p3_late_bias_cal.fits,2461181.6809974536,gaia_774384016513181696_src3,comparison,259.7747089067937,1043.4038164093975,-6.800605773925781,43.7274481195475,-0.8500757217407227,5.465931014943438,nonpositive_flux,20.394099281915942,-87.14398094201903
light_V_8s_2026_05_20-0047_flat_0p3_late_bias_cal.fits,2461181.6809974536,gaia_774289488578357504_src6,comparison,825.4669396432502,962.3789830681419,48.304664611816406,41.34477761568897,6.038083076477051,5.168097201961121,ok,20.394099281915942,-87.14398094201903
light_V_8s_2026_05_20-0047_flat_0p3_late_bias_cal.fits,2461181.6809974536,gaia_774290626745586944_src8,comparison,910.3904589518613,1309.4501270453409,1.757659912109375,42.38709534482256,0.21970748901367188,5.29838691810282,ok,20.394099281915942,-87.14398094201903
light_V_8s_2026_05_20-0048_flat_0p3_late_bias_cal.fits,2461181.6811891203,target_V0399_direct,target,1862.9140281749349,623.3984824692023,1148561.6564331055,7085.595698449296,143570.20705413818,885.699462306162,ok,19.975842122236145,-86.48441351051503
light_V_8s_2026_05_20-0048_flat_0p3_late_bias_cal.fits,2461181.6811891203,DN_UMa_direct,check,1788.14497324273,677.8033109706673,1647572.4715576172,11240.917200398053,205946.55894470215,1405.1146500497566,ok,19.975842122236145,-86.48441351051503
light_V_8s_2026_05_20-0048_flat_0p3_late_bias_cal.fits,2461181.6811891203,gaia_774287774887292672_src5,comparison,1911.6194709485426,1086.750326521466,-24.455490112304688,43.76680048329744,-3.056936264038086,5.47085006041218,nonpositive_flux,19.975842122236145,-86.48441351051503
light_V_8s_2026_05_20-0048_flat_0p3_late_bias_cal.fits,2461181.6811891203,gaia_774288805679445888_src7,comparison,1787.971092254532,1343.565077171366,24.869060516357422,40.54320775789918,3.1086325645446777,5.067900969737398,ok,19.975842122236145,-86.48441351051503
light_V_8s_2026_05_20-0048_flat_0p3_late_bias_cal.fits,2461181.6811891203,gaia_774289041901756032_src4,comparison,1872.1203160970942,1446.1683953814743,14.240577697753906,46.51451371573691,1.7800722122192383,5.814314214467114,ok,19.975842122236145,-86.48441351051503
light_V_8s_2026_05_20-0048_flat_0p3_late_bias_cal.fits,2461181.6811891203,gaia_774271076054448768_src2,comparison,1488.4840114026777,264.65540025255734,25.7076416015625,44.47322678164305,3.2134552001953125,5.559153347705381,ok,19.975842122236145,-86.48441351051503
light_V_8s_2026_05_20-0048_flat_0p3_late_bias_cal.fits,2461181.6811891203,gaia_774272862760870784_src1,comparison,597.7371423207491,83.07946311680908,98.21459197998047,41.69067610711874,12.276823997497559,5.2113345133898425,ok,19.975842122236145,-86.48441351051503
light_V_8s_2026_05_20-0048_flat_0p3_late_bias_cal.fits,2461181.6811891203,gaia_774384016513181696_src3,comparison,259.3564517471139,1044.0633838409015,-79.53671264648438,45.71854215175443,-9.942089080810547,5.714817768969303,nonpositive_flux,19.975842122236145,-86.48441351051503
light_V_8s_2026_05_20-0048_flat_0p3_late_bias_cal.fits,2461181.6811891203,gaia_774289488578357504_src6,comparison,825.0486824835704,963.0385504996459,-13.458236694335938,40.97411138107043,-1.6822795867919922,5.121763922633804,nonpositive_flux,19.975842122236145,-86.48441351051503
light_V_8s_2026_05_20-0048_flat_0p3_late_bias_cal.fits,2461181.6811891203,gaia_774290626745586944_src8,comparison,909.9722017921815,1310.1096944768449,-10.072708129882812,42.247699853711225,-1.2590885162353516,5.280962481713903,nonpositive_flux,19.975842122236145,-86.48441351051503
light_V_8s_2026_05_20-0049_flat_0p3_late_bias_cal.fits,2461181.68138044,target_V0399_direct,target,1864.389319460398,622.9045335283035,1726703.807067871,4664.368705919787,215837.9758834839,583.0460882399734,ok,21.44998743871861,-86.97636455423037
light_V_8s_2026_05_20-0049_flat_0p3_late_bias_cal.fits,2461181.68138044,DN_UMa_direct,check,1789.6179725902318,677.3133578241354,2537917.3212890625,8108.27109073206,317239.6651611328,1013.5338863415075,ok,21.44998743871861,-86.97636455423037
light_V_8s_2026_05_20-0049_flat_0p3_late_bias_cal.fits,2461181.68138044,gaia_774287774887292672_src5,comparison,1913.093616265025,1086.2583754777506,40.063621520996094,41.99352861668832,5.007952690124512,5.24919107708604,ok,21.44998743871861,-86.97636455423037
light_V_8s_2026_05_20-0049_flat_0p3_late_bias_cal.fits,2461181.68138044,gaia_774288805679445888_src7,comparison,1789.4452375710146,1343.0731261276505,92.95105743408203,43.82296736154431,11.618882179260254,5.4778709201930385,ok,21.44998743871861,-86.97636455423037
light_V_8s_2026_05_20-0049_flat_0p3_late_bias_cal.fits,2461181.68138044,gaia_774289041901756032_src4,comparison,1873.5944614135767,1445.6764443377588,58.43928527832031,43.84619792312267,7.304910659790039,5.480774740390334,ok,21.44998743871861,-86.97636455423037
light_V_8s_2026_05_20-0049_flat_0p3_late_bias_cal.fits,2461181.68138044,gaia_774271076054448768_src2,comparison,1489.9581567191601,264.163449208842,-30.50201416015625,41.99396402059671,-3.8127517700195312,5.249245502574588,nonpositive_flux,21.44998743871861,-86.97636455423037
light_V_8s_2026_05_20-0049_flat_0p3_late_bias_cal.fits,2461181.68138044,gaia_774272862760870784_src1,comparison,599.2112876372315,82.58751207309373,7.905937194824219,43.2552314478901,0.9882421493530273,5.406903930986262,ok,21.44998743871861,-86.97636455423037
light_V_8s_2026_05_20-0049_flat_0p3_late_bias_cal.fits,2461181.68138044,gaia_774384016513181696_src3,comparison,260.8305970635964,1043.571432797186,-0.9625015258789062,43.25575465769545,-0.12031269073486328,5.406969332211931,nonpositive_flux,21.44998743871861,-86.97636455423037
light_V_8s_2026_05_20-0049_flat_0p3_late_bias_cal.fits,2461181.68138044,gaia_774289488578357504_src6,comparison,826.5228278000528,962.5465994559305,-91.46715545654297,43.76497345619281,-11.433394432067871,5.470621682024102,nonpositive_flux,21.44998743871861,-86.97636455423037
light_V_8s_2026_05_20-0049_flat_0p3_late_bias_cal.fits,2461181.68138044,gaia_774290626745586944_src8,comparison,911.446347108664,1309.6177434331294,64.0815315246582,42.08668573373028,8.010191440582275,5.260835716716285,ok,21.44998743871861,-86.97636455423037
light_V_8s_2026_05_20-0050_flat_0p3_late_bias_cal.fits,2461181.6815721067,target_V0399_direct,target,1866.3701661034547,623.6357837299842,1865373.0415039062,4303.506108272948,233171.63018798828,537.9382635341185,ok,23.400781126995525,-86.22399583361903
light_V_8s_2026_05_20-0050_flat_0p3_late_bias_cal.fits,2461181.6815721067,DN_UMa_direct,check,1791.5387133237289,678.0868450636775,2675436.185546875,7718.784025596662,334429.5231933594,964.8480031995828,ok,23.400781126995525,-86.22399583361903
light_V_8s_2026_05_20-0050_flat_0p3_late_bias_cal.fits,2461181.6815721067,gaia_774287774887292672_src5,comparison,1915.044409953302,1087.0107441983619,-0.4937744140625,42.305258349971,-0.0617218017578125,5.288157293746375,nonpositive_flux,23.400781126995525,-86.22399583361903
light_V_8s_2026_05_20-0050_flat_0p3_late_bias_cal.fits,2461181.6815721067,gaia_774288805679445888_src7,comparison,1791.3960312592915,1343.825494848262,-59.240379333496094,43.980407502847356,-7.405047416687012,5.4975509378559195,nonpositive_flux,23.400781126995525,-86.22399583361903
light_V_8s_2026_05_20-0050_flat_0p3_late_bias_cal.fits,2461181.6815721067,gaia_774289041901756032_src4,comparison,1875.5452551018536,1446.4288130583702,31.897377014160156,43.189170861579484,3.9871721267700195,5.3986463576974355,ok,23.400781126995525,-86.22399583361903
light_V_8s_2026_05_20-0050_flat_0p3_late_bias_cal.fits,2461181.6815721067,gaia_774271076054448768_src2,comparison,1491.908950407437,264.91581792945334,-24.10552978515625,43.238471789182704,-3.0131912231445312,5.404808973647838,nonpositive_flux,23.400781126995525,-86.22399583361903
light_V_8s_2026_05_20-0050_flat_0p3_late_bias_cal.fits,2461181.6815721067,gaia_774272862760870784_src1,comparison,601.1620813255084,83.33988079370508,98.22836303710938,43.10353363839779,12.278545379638672,5.387941704799724,ok,23.400781126995525,-86.22399583361903
light_V_8s_2026_05_20-0050_flat_0p3_late_bias_cal.fits,2461181.6815721067,gaia_774384016513181696_src3,comparison,262.7813907518733,1044.3238015177974,8.865501403808594,43.01469127885437,1.1081876754760742,5.3768364098567965,ok,23.400781126995525,-86.22399583361903
light_V_8s_2026_05_20-0050_flat_0p3_late_bias_cal.fits,2461181.6815721067,gaia_774289488578357504_src6,comparison,828.4736214883297,963.2989681765418,-49.07823181152344,41.666539469674575,-6.13477897644043,5.208317433709322,nonpositive_flux,23.400781126995525,-86.22399583361903
light_V_8s_2026_05_20-0050_flat_0p3_late_bias_cal.fits,2461181.6815721067,gaia_774290626745586944_src8,comparison,913.3971407969409,1310.3701121537408,62.143028259277344,44.31047240089463,7.767878532409668,5.538809050111829,ok,23.400781126995525,-86.22399583361903
light_V_8s_2026_05_20-0051_flat_0p3_late_bias_cal.fits,2461181.6817636574,target_V0399_direct,target,1865.8659634698906,624.3077118694418,1741653.1437988281,4586.549298654642,217706.64297485352,573.3186623318303,ok,22.92373431224985,-85.54362153215999
light_V_8s_2026_05_20-0051_flat_0p3_late_bias_cal.fits,2461181.6817636574,DN_UMa_direct,check,1791.0888223278016,678.7756655271379,2531364.499267578,8063.760756327364,316420.56240844727,1007.9700945409205,ok,22.92373431224985,-85.54362153215999
light_V_8s_2026_05_20-0051_flat_0p3_late_bias_cal.fits,2461181.6817636574,gaia_774287774887292672_src5,comparison,1914.5673631385562,1087.691118499821,39.555458068847656,43.690041734037194,4.944432258605957,5.461255216754649,ok,22.92373431224985,-85.54362153215999
light_V_8s_2026_05_20-0051_flat_0p3_late_bias_cal.fits,2461181.6817636574,gaia_774288805679445888_src7,comparison,1790.918984444546,1344.505869149721,47.307891845703125,42.85920589497901,5.913486480712891,5.357400736872377,ok,22.92373431224985,-85.54362153215999
light_V_8s_2026_05_20-0051_flat_0p3_late_bias_cal.fits,2461181.6817636574,gaia_774289041901756032_src4,comparison,1875.068208287108,1447.1091873598293,19.121002197265625,43.080923766591575,2.390125274658203,5.385115470823947,ok,22.92373431224985,-85.54362153215999
light_V_8s_2026_05_20-0051_flat_0p3_late_bias_cal.fits,2461181.6817636574,gaia_774271076054448768_src2,comparison,1491.4319035926915,265.5961922309124,46.286705017089844,43.700401329852966,5.7858381271362305,5.462550166231621,ok,22.92373431224985,-85.54362153215999
light_V_8s_2026_05_20-0051_flat_0p3_late_bias_cal.fits,2461181.6817636574,gaia_774272862760870784_src1,comparison,600.6850345107628,84.02025509516412,56.208465576171875,43.60087412910016,7.026058197021484,5.45010926613752,ok,22.92373431224985,-85.54362153215999
light_V_8s_2026_05_20-0051_flat_0p3_late_bias_cal.fits,2461181.6817636574,gaia_774384016513181696_src3,comparison,262.3043439371276,1045.0041758192565,-14.355545043945312,41.237206748616245,-1.794443130493164,5.154650843577031,nonpositive_flux,22.92373431224985,-85.54362153215999
light_V_8s_2026_05_20-0051_flat_0p3_late_bias_cal.fits,2461181.6817636574,gaia_774289488578357504_src6,comparison,827.9965746735841,963.979342478001,-5.152290344238281,43.062044749005196,-0.6440362930297852,5.3827555936256495,nonpositive_flux,22.92373431224985,-85.54362153215999
light_V_8s_2026_05_20-0051_flat_0p3_late_bias_cal.fits,2461181.6817636574,gaia_774290626745586944_src8,comparison,912.9200939821952,1311.0504864552,28.754783630371094,40.08190170716929,3.5943479537963867,5.010237713396161,ok,22.92373431224985,-85.54362153215999
light_V_8s_2026_05_20-0052_flat_0p3_late_bias_cal.fits,2461181.681955324,target_V0399_direct,target,1865.0588553233822,623.997471819856,1641316.7218322754,4737.937614230548,205164.59022903442,592.2422017788185,ok,22.128776824278475,-85.87217683543844
light_V_8s_2026_05_20-0052_flat_0p3_late_bias_cal.fits,2461181.681955324,DN_UMa_direct,check,1790.3060154983673,678.4287949701669,2485103.4267578125,8324.86157619665,310637.92834472656,1040.6076970245813,ok,22.128776824278475,-85.87217683543844
light_V_8s_2026_05_20-0052_flat_0p3_late_bias_cal.fits,2461181.681955324,gaia_774287774887292672_src5,comparison,1913.772405650585,1087.3625631965424,87.85848999023438,45.907380322269816,10.982311248779297,5.738422540283727,ok,22.128776824278475,-85.87217683543844
light_V_8s_2026_05_20-0052_flat_0p3_late_bias_cal.fits,2461181.681955324,gaia_774288805679445888_src7,comparison,1790.1240269565744,1344.1773138464425,-54.08625030517578,43.325601831268266,-6.760781288146973,5.415700228908533,nonpositive_flux,22.128776824278475,-85.87217683543844
light_V_8s_2026_05_20-0052_flat_0p3_late_bias_cal.fits,2461181.681955324,gaia_774289041901756032_src4,comparison,1874.2732507991366,1446.7806320565508,45.8753662109375,45.31199738122252,5.7344207763671875,5.663999672652815,ok,22.128776824278475,-85.87217683543844
light_V_8s_2026_05_20-0052_flat_0p3_late_bias_cal.fits,2461181.681955324,gaia_774271076054448768_src2,comparison,1490.63694610472,265.26763692763393,-45.067649841308594,43.305713416321716,-5.633456230163574,5.4132141770402145,nonpositive_flux,22.128776824278475,-85.87217683543844
light_V_8s_2026_05_20-0052_flat_0p3_late_bias_cal.fits,2461181.681955324,gaia_774272862760870784_src1,comparison,599.8900770227914,83.69169979188567,16.2667236328125,41.53712022173875,2.0333404541015625,5.192140027717344,ok,22.128776824278475,-85.87217683543844
light_V_8s_2026_05_20-0052_flat_0p3_late_bias_cal.fits,2461181.681955324,gaia_774384016513181696_src3,comparison,261.50938644915624,1044.675620515978,-7.9839935302734375,45.038056322432965,-0.9979991912841797,5.629757040304121,nonpositive_flux,22.128776824278475,-85.87217683543844
light_V_8s_2026_05_20-0052_flat_0p3_late_bias_cal.fits,2461181.681955324,gaia_774289488578357504_src6,comparison,827.2016171856127,963.6507871747224,0.9591064453125,43.257850047439064,0.1198883056640625,5.407231255929883,ok,22.128776824278475,-85.87217683543844
light_V_8s_2026_05_20-0052_flat_0p3_late_bias_cal.fits,2461181.681955324,gaia_774290626745586944_src8,comparison,912.1251364942239,1310.7219311519214,49.586524963378906,43.000173278594026,6.198315620422363,5.375021659824253,ok,22.128776824278475,-85.87217683543844
light_V_8s_2026_05_20-0053_flat_0p3_late_bias_cal.fits,2461181.682147222,target_V0399_direct,target,1866.8377426253483,623.7426887724816,1731439.4846343994,4667.029311633423,216429.93557929993,583.3786639541779,ok,23.889873501868237,-86.10269543156005
light_V_8s_2026_05_20-0053_flat_0p3_late_bias_cal.fits,2461181.682147222,DN_UMa_direct,check,1792.0493215515808,678.222540825298,2484917.2373962402,8243.233063312668,310614.65467453003,1030.4041329140834,ok,23.889873501868237,-86.10269543156005
light_V_8s_2026_05_20-0053_flat_0p3_late_bias_cal.fits,2461181.682147222,gaia_774287774887292672_src5,comparison,1915.5335023281746,1087.1320446004208,-12.362964630126953,39.780087723492294,-1.5453705787658691,4.972510965436537,nonpositive_flux,23.889873501868237,-86.10269543156005
light_V_8s_2026_05_20-0053_flat_0p3_late_bias_cal.fits,2461181.682147222,gaia_774288805679445888_src7,comparison,1791.8851236341643,1343.946795250321,-31.33920669555664,42.318562942321414,-3.91740083694458,5.289820367790177,nonpositive_flux,23.889873501868237,-86.10269543156005
light_V_8s_2026_05_20-0053_flat_0p3_late_bias_cal.fits,2461181.682147222,gaia_774289041901756032_src4,comparison,1876.0343474767265,1446.5501134604292,18.924667358398438,42.225108535519155,2.3655834197998047,5.278138566939894,ok,23.889873501868237,-86.10269543156005
light_V_8s_2026_05_20-0053_flat_0p3_late_bias_cal.fits,2461181.682147222,gaia_774271076054448768_src2,comparison,1492.3980427823099,265.0371183315123,-72.290283203125,42.964119877730994,-9.036285400390625,5.370514984716374,nonpositive_flux,23.889873501868237,-86.10269543156005
light_V_8s_2026_05_20-0053_flat_0p3_late_bias_cal.fits,2461181.682147222,gaia_774272862760870784_src1,comparison,601.6511737003812,83.46118119576406,48.20659637451172,44.17955180939292,6.025824546813965,5.522443976174115,ok,23.889873501868237,-86.10269543156005
light_V_8s_2026_05_20-0053_flat_0p3_late_bias_cal.fits,2461181.682147222,gaia_774384016513181696_src3,comparison,263.270483126746,1044.4451019198564,10.71451187133789,41.865218650236756,1.3393139839172363,5.2331523312795944,ok,23.889873501868237,-86.10269543156005
light_V_8s_2026_05_20-0053_flat_0p3_late_bias_cal.fits,2461181.682147222,gaia_774289488578357504_src6,comparison,828.9627138632025,963.4202685786008,-31.580291748046875,41.89344789223088,-3.9475364685058594,5.23668098652886,nonpositive_flux,23.889873501868237,-86.10269543156005
light_V_8s_2026_05_20-0053_flat_0p3_late_bias_cal.fits,2461181.682147222,gaia_774290626745586944_src8,comparison,913.8862331718136,1310.4914125557998,3.33154296875,42.24845822746387,0.41644287109375,5.281057278432984,ok,23.889873501868237,-86.10269543156005
light_V_8s_2026_05_20-0054_flat_0p3_late_bias_cal.fits,2461181.6823388888,target_V0399_direct,target,1867.025827284963,623.7299455466127,1764228.5438995361,4500.247248037386,220528.56798744202,562.5309060046733,ok,24.095029151523136,-86.12344311647968
light_V_8s_2026_05_20-0054_flat_0p3_late_bias_cal.fits,2461181.6823388888,DN_UMa_direct,check,1792.2715481912758,678.1937886813276,2574050.2200927734,7789.521256110912,321756.2775115967,973.690157013864,ok,24.095029151523136,-86.12344311647968
light_V_8s_2026_05_20-0054_flat_0p3_late_bias_cal.fits,2461181.6823388888,gaia_774287774887292672_src5,comparison,1915.7386579778295,1087.1112969155013,46.32099151611328,42.253271575197154,5.79012393951416,5.281658946899644,ok,24.095029151523136,-86.12344311647968
light_V_8s_2026_05_20-0054_flat_0p3_late_bias_cal.fits,2461181.6823388888,gaia_774288805679445888_src7,comparison,1792.0902792838192,1343.9260475654014,58.992584228515625,42.91319734575332,7.374073028564453,5.364149668219165,ok,24.095029151523136,-86.12344311647968
light_V_8s_2026_05_20-0054_flat_0p3_late_bias_cal.fits,2461181.6823388888,gaia_774289041901756032_src4,comparison,1876.2395031263814,1446.5293657755096,-44.91400146484375,45.63065812329543,-5.614250183105469,5.703832265411929,nonpositive_flux,24.095029151523136,-86.12344311647968
light_V_8s_2026_05_20-0054_flat_0p3_late_bias_cal.fits,2461181.6823388888,gaia_774271076054448768_src2,comparison,1492.6031984319648,265.0163706465927,16.312118530273438,39.77049626339814,2.0390148162841797,4.971312032924767,ok,24.095029151523136,-86.12344311647968
light_V_8s_2026_05_20-0054_flat_0p3_late_bias_cal.fits,2461181.6823388888,gaia_774272862760870784_src1,comparison,601.856329350036,83.44043351084443,-58.858829498291016,44.20205688730682,-7.357353687286377,5.525257110913352,nonpositive_flux,24.095029151523136,-86.12344311647968
light_V_8s_2026_05_20-0054_flat_0p3_late_bias_cal.fits,2461181.6823388888,gaia_774384016513181696_src3,comparison,263.4756387764009,1044.4243542349368,25.860794067382812,42.55395931343361,3.2325992584228516,5.319244914179201,ok,24.095029151523136,-86.12344311647968
light_V_8s_2026_05_20-0054_flat_0p3_late_bias_cal.fits,2461181.6823388888,gaia_774289488578357504_src6,comparison,829.1678695128574,963.3995208936813,-46.330928802490234,41.08623350124413,-5.791366100311279,5.135779187655516,nonpositive_flux,24.095029151523136,-86.12344311647968
light_V_8s_2026_05_20-0054_flat_0p3_late_bias_cal.fits,2461181.6823388888,gaia_774290626745586944_src8,comparison,914.0913888214685,1310.4706648708802,23.511749267578125,42.62289072989255,2.9389686584472656,5.327861341236569,ok,24.095029151523136,-86.12344311647968
light_V_8s_2026_05_20-0055_flat_0p3_late_bias_cal.fits,2461181.682530903,target_V0399_direct,target,1867.3121472607288,622.1887638699909,1419595.0131225586,5835.173575874378,177449.37664031982,729.3966969842973,ok,24.36546754667461,-87.70240316257247
light_V_8s_2026_05_20-0055_flat_0p3_late_bias_cal.fits,2461181.682530903,DN_UMa_direct,check,1792.526105005813,676.5770502657639,2094278.4671020508,9811.553908681162,261784.80838775635,1226.4442385851453,ok,24.36546754667461,-87.70240316257247
light_V_8s_2026_05_20-0055_flat_0p3_late_bias_cal.fits,2461181.682530903,gaia_774287774887292672_src5,comparison,1916.009096372981,1085.5323368694085,-33.48823547363281,42.0898917451753,-4.186029434204102,5.261236468146913,nonpositive_flux,24.36546754667461,-87.70240316257247
light_V_8s_2026_05_20-0055_flat_0p3_late_bias_cal.fits,2461181.682530903,gaia_774288805679445888_src7,comparison,1792.3607176789706,1342.3470875193086,-15.107864379882812,44.69486773380858,-1.8884830474853516,5.586858466726072,nonpositive_flux,24.36546754667461,-87.70240316257247
light_V_8s_2026_05_20-0055_flat_0p3_late_bias_cal.fits,2461181.682530903,gaia_774289041901756032_src4,comparison,1876.5099415215327,1444.9504057294168,-28.81896209716797,43.19826560803256,-3.602370262145996,5.39978320100407,nonpositive_flux,24.36546754667461,-87.70240316257247
light_V_8s_2026_05_20-0055_flat_0p3_late_bias_cal.fits,2461181.682530903,gaia_774271076054448768_src2,comparison,1492.8736368271161,263.4374106004999,-9.638057708740234,42.457063416925614,-1.2047572135925293,5.307132927115702,nonpositive_flux,24.36546754667461,-87.70240316257247
light_V_8s_2026_05_20-0055_flat_0p3_late_bias_cal.fits,2461181.682530903,gaia_774272862760870784_src1,comparison,602.1267677451875,81.86147346475164,76.68982696533203,43.375858790808145,9.586228370666504,5.421982348851018,ok,24.36546754667461,-87.70240316257247
light_V_8s_2026_05_20-0055_flat_0p3_late_bias_cal.fits,2461181.682530903,gaia_774384016513181696_src3,comparison,263.7460771715524,1042.845394188844,-55.376197814941406,42.27706270672133,-6.922024726867676,5.284632838340166,nonpositive_flux,24.36546754667461,-87.70240316257247
light_V_8s_2026_05_20-0055_flat_0p3_late_bias_cal.fits,2461181.682530903,gaia_774289488578357504_src6,comparison,829.4383079080088,961.8205608475885,72.5427474975586,42.55338115741431,9.067843437194824,5.319172644676788,ok,24.36546754667461,-87.70240316257247
light_V_8s_2026_05_20-0055_flat_0p3_late_bias_cal.fits,2461181.682530903,gaia_774290626745586944_src8,comparison,914.36182721662,1308.8917048247874,33.37260437011719,42.25539801161199,4.171575546264648,5.281924751451498,ok,24.36546754667461,-87.70240316257247
light_V_8s_2026_05_20-0056_flat_0p3_late_bias_cal.fits,2461181.6827226854,target_V0399_direct,target,1868.8053440339786,623.3806248545446,1966826.5634765625,3921.6048026252583,245853.3204345703,490.2006003281573,ok,25.82985974236567,-86.47697875778061
light_V_8s_2026_05_20-0056_flat_0p3_late_bias_cal.fits,2461181.6827226854,DN_UMa_direct,check,1793.9616926239453,677.8360380907939,2801414.022644043,7256.712386962648,350176.7528305054,907.089048370331,saturated,25.82985974236567,-86.47697875778061
light_V_8s_2026_05_20-0056_flat_0p3_late_bias_cal.fits,2461181.6827226854,gaia_774287774887292672_src5,comparison,1917.473488568672,1086.7577612742002,23.721649169921875,41.693764016081,2.9652061462402344,5.211720502010125,ok,25.82985974236567,-86.47697875778061
light_V_8s_2026_05_20-0056_flat_0p3_late_bias_cal.fits,2461181.6827226854,gaia_774288805679445888_src7,comparison,1793.8251098746616,1343.5725119241004,16.908687591552734,40.53045470868699,2.113585948944092,5.066306838585874,ok,25.82985974236567,-86.47697875778061
light_V_8s_2026_05_20-0056_flat_0p3_late_bias_cal.fits,2461181.6827226854,gaia_774289041901756032_src4,comparison,1877.9743337172238,1446.1758301342086,-38.07378005981445,42.13812924746744,-4.759222507476807,5.26726615593343,nonpositive_flux,25.82985974236567,-86.47697875778061
light_V_8s_2026_05_20-0056_flat_0p3_late_bias_cal.fits,2461181.6827226854,gaia_774271076054448768_src2,comparison,1494.3380290228072,264.66283500529175,28.798023223876953,43.51442662777233,3.599752902984619,5.439303328471541,ok,25.82985974236567,-86.47697875778061
light_V_8s_2026_05_20-0056_flat_0p3_late_bias_cal.fits,2461181.6827226854,gaia_774272862760870784_src1,comparison,603.5911599408786,83.08689786954349,-5.20220947265625,42.72390690267332,-0.6502761840820312,5.340488362834165,nonpositive_flux,25.82985974236567,-86.47697875778061
light_V_8s_2026_05_20-0056_flat_0p3_late_bias_cal.fits,2461181.6827226854,gaia_774384016513181696_src3,comparison,265.21046936724343,1044.0708185936357,4.523368835449219,41.25914671927461,0.5654211044311523,5.157393339909326,ok,25.82985974236567,-86.47697875778061
light_V_8s_2026_05_20-0056_flat_0p3_late_bias_cal.fits,2461181.6827226854,gaia_774289488578357504_src6,comparison,830.9027001036999,963.0459852523802,-40.242210388183594,42.243753181855894,-5.030276298522949,5.280469147731987,nonpositive_flux,25.82985974236567,-86.47697875778061
light_V_8s_2026_05_20-0056_flat_0p3_late_bias_cal.fits,2461181.6827226854,gaia_774290626745586944_src8,comparison,915.826219412311,1310.1171292295792,23.969070434570312,42.52984791432492,2.996133804321289,5.316230989290615,ok,25.82985974236567,-86.47697875778061
light_V_8s_2026_05_20-0057_flat_0p3_late_bias_cal.fits,2461181.682914352,target_V0399_direct,target,1869.5549333550384,621.9913931135951,1577682.2657470703,5230.431630465247,197210.2832183838,653.8039538081558,ok,26.613315181328744,-87.87907231927727
light_V_8s_2026_05_20-0057_flat_0p3_late_bias_cal.fits,2461181.682914352,DN_UMa_direct,check,1794.7790141808116,676.4210827087501,2356663.9638671875,8774.259343859874,294582.99548339844,1096.7824179824843,ok,26.613315181328744,-87.87907231927727
light_V_8s_2026_05_20-0057_flat_0p3_late_bias_cal.fits,2461181.682914352,gaia_774287774887292672_src5,comparison,1918.2569440076352,1085.3556677127035,115.78089904785156,44.62330242087,14.472612380981445,5.57791280260875,ok,26.613315181328744,-87.87907231927727
light_V_8s_2026_05_20-0057_flat_0p3_late_bias_cal.fits,2461181.682914352,gaia_774288805679445888_src7,comparison,1794.6085653136247,1342.1704183626039,65.49129486083984,43.482163174336144,8.18641185760498,5.435270396792018,ok,26.613315181328744,-87.87907231927727
light_V_8s_2026_05_20-0057_flat_0p3_late_bias_cal.fits,2461181.682914352,gaia_774289041901756032_src4,comparison,1878.7577891561868,1444.773736572712,28.719234466552734,43.95223948119949,3.589904308319092,5.494029935149936,ok,26.613315181328744,-87.87907231927727
light_V_8s_2026_05_20-0057_flat_0p3_late_bias_cal.fits,2461181.682914352,gaia_774271076054448768_src2,comparison,1495.1214844617703,263.2607414437951,53.43024444580078,44.00981661789625,6.678780555725098,5.501227077237031,ok,26.613315181328744,-87.87907231927727
light_V_8s_2026_05_20-0057_flat_0p3_late_bias_cal.fits,2461181.682914352,gaia_774272862760870784_src1,comparison,604.3746153798417,81.68480430804684,-63.057411193847656,44.3973890785774,-7.882176399230957,5.549673634822175,nonpositive_flux,26.613315181328744,-87.87907231927727
light_V_8s_2026_05_20-0057_flat_0p3_late_bias_cal.fits,2461181.682914352,gaia_774384016513181696_src3,comparison,265.9939248062065,1042.6687250321393,-2.054412841796875,40.16524159924128,-0.2568016052246094,5.02065519990516,nonpositive_flux,26.613315181328744,-87.87907231927727
light_V_8s_2026_05_20-0057_flat_0p3_late_bias_cal.fits,2461181.682914352,gaia_774289488578357504_src6,comparison,831.686155542663,961.6438916908836,10.024810791015625,41.12184633822055,1.2531013488769531,5.140230792277569,ok,26.613315181328744,-87.87907231927727
light_V_8s_2026_05_20-0057_flat_0p3_late_bias_cal.fits,2461181.682914352,gaia_774290626745586944_src8,comparison,916.6096748512741,1308.7150356680827,12.187149047851562,43.10534496881313,1.5233936309814453,5.388168121101641,ok,26.613315181328744,-87.87907231927727
light_V_8s_2026_05_20-0058_flat_0p3_late_bias_cal.fits,2461181.68310625,target_V0399_direct,target,1870.9687408502107,622.7462457252819,1550906.3853149414,5477.048004942157,193863.29816436768,684.6310006177696,ok,28.01359970810904,-87.1412834688827
light_V_8s_2026_05_20-0058_flat_0p3_late_bias_cal.fits,2461181.68310625,DN_UMa_direct,check,1796.1657757392,677.1418077978524,2284232.734741211,9121.978615152511,285529.09184265137,1140.247326894064,ok,28.01359970810904,-87.1412834688827
light_V_8s_2026_05_20-0058_flat_0p3_late_bias_cal.fits,2461181.68310625,gaia_774287774887292672_src5,comparison,1919.6572285344155,1086.0934565630982,8.725822448730469,41.87727256281479,1.0907278060913086,5.2346590703518485,ok,28.01359970810904,-87.1412834688827
light_V_8s_2026_05_20-0058_flat_0p3_late_bias_cal.fits,2461181.68310625,gaia_774288805679445888_src7,comparison,1796.008849840405,1342.9082072129984,-25.212501525878906,41.59784811708278,-3.1515626907348633,5.199731014635348,nonpositive_flux,28.01359970810904,-87.1412834688827
light_V_8s_2026_05_20-0058_flat_0p3_late_bias_cal.fits,2461181.68310625,gaia_774289041901756032_src4,comparison,1880.1580736829671,1445.5115254231066,71.24050903320312,42.3025490568585,8.90506362915039,5.287818632107313,ok,28.01359970810904,-87.1412834688827
light_V_8s_2026_05_20-0058_flat_0p3_late_bias_cal.fits,2461181.68310625,gaia_774271076054448768_src2,comparison,1496.5217689885505,263.99853029418966,21.98047637939453,42.15014605540563,2.7475595474243164,5.2687682569257035,ok,28.01359970810904,-87.1412834688827
light_V_8s_2026_05_20-0058_flat_0p3_late_bias_cal.fits,2461181.68310625,gaia_774272862760870784_src1,comparison,605.774899906622,82.4225931584414,54.250213623046875,44.10532628870292,6.781276702880859,5.513165786087865,ok,28.01359970810904,-87.1412834688827
light_V_8s_2026_05_20-0058_flat_0p3_late_bias_cal.fits,2461181.68310625,gaia_774384016513181696_src3,comparison,267.3942093329868,1043.4065138825338,64.1704330444336,42.55499211508933,8.0213041305542,5.319374014386166,ok,28.01359970810904,-87.1412834688827
light_V_8s_2026_05_20-0058_flat_0p3_late_bias_cal.fits,2461181.68310625,gaia_774289488578357504_src6,comparison,833.0864400694433,962.3816805412782,-14.441272735595703,40.62244122008279,-1.805159091949463,5.077805152510349,nonpositive_flux,28.01359970810904,-87.1412834688827
light_V_8s_2026_05_20-0058_flat_0p3_late_bias_cal.fits,2461181.68310625,gaia_774290626745586944_src8,comparison,918.0099593780544,1309.4528245184772,43.40149688720703,41.09935306498601,5.425187110900879,5.1374191331232515,ok,28.01359970810904,-87.1412834688827
light_V_8s_2026_05_20-0059_flat_0p3_late_bias_cal.fits,2461181.683298148,target_V0399_direct,target,1871.655361654679,622.4731518883931,1859687.2763061523,4238.4435832516665,232460.90953826904,529.8054479064583,ok,28.71989682671665,-87.36493921228328
light_V_8s_2026_05_20-0059_flat_0p3_late_bias_cal.fits,2461181.683298148,DN_UMa_direct,check,1796.891749171947,676.9675901479401,2682233.422973633,7810.920832602558,335279.1778717041,976.3651040753198,ok,28.71989682671665,-87.36493921228328
light_V_8s_2026_05_20-0059_flat_0p3_late_bias_cal.fits,2461181.683298148,gaia_774287774887292672_src5,comparison,1920.363525653023,1085.8698008196975,-72.86288070678711,42.16295521567026,-9.107860088348389,5.270369401958782,nonpositive_flux,28.71989682671665,-87.36493921228328
light_V_8s_2026_05_20-0059_flat_0p3_late_bias_cal.fits,2461181.683298148,gaia_774288805679445888_src7,comparison,1796.7151469590126,1342.6845514695979,0.0031890869140625,43.39199968737209,0.0003986358642578125,5.4239999609215115,ok,28.71989682671665,-87.36493921228328
light_V_8s_2026_05_20-0059_flat_0p3_late_bias_cal.fits,2461181.683298148,gaia_774289041901756032_src4,comparison,1880.8643708015748,1445.287869679706,-31.565895080566406,43.27472303832184,-3.945736885070801,5.40934037979023,nonpositive_flux,28.71989682671665,-87.36493921228328
light_V_8s_2026_05_20-0059_flat_0p3_late_bias_cal.fits,2461181.683298148,gaia_774271076054448768_src2,comparison,1497.2280661071582,263.7748745507891,-79.0217056274414,42.95258905209832,-9.877713203430176,5.36907363151229,nonpositive_flux,28.71989682671665,-87.36493921228328
light_V_8s_2026_05_20-0059_flat_0p3_late_bias_cal.fits,2461181.683298148,gaia_774272862760870784_src1,comparison,606.4811970252296,82.19893741504083,13.518428802490234,43.21660328625166,1.6898036003112793,5.402075410781458,ok,28.71989682671665,-87.36493921228328
light_V_8s_2026_05_20-0059_flat_0p3_late_bias_cal.fits,2461181.683298148,gaia_774384016513181696_src3,comparison,268.1005064515944,1043.1828581391333,-79.72290802001953,40.51220852663035,-9.965363502502441,5.064026065828794,nonpositive_flux,28.71989682671665,-87.36493921228328
light_V_8s_2026_05_20-0059_flat_0p3_late_bias_cal.fits,2461181.683298148,gaia_774289488578357504_src6,comparison,833.7927371880509,962.1580247978776,-11.352928161621094,41.87921539295506,-1.4191160202026367,5.234901924119383,nonpositive_flux,28.71989682671665,-87.36493921228328
light_V_8s_2026_05_20-0059_flat_0p3_late_bias_cal.fits,2461181.683298148,gaia_774290626745586944_src8,comparison,918.716256496662,1309.2291687750767,-29.32524871826172,43.62128435762478,-3.665656089782715,5.452660544703098,nonpositive_flux,28.71989682671665,-87.36493921228328
light_V_8s_2026_05_20-0060_flat_0p3_late_bias_cal.fits,2461181.683489236,target_V0399_direct,target,1871.6968439986038,622.5420705749257,1613334.6723632812,5312.983406403294,201666.83404541016,664.1229258004117,ok,28.75668526722302,-87.32972327595775
light_V_8s_2026_05_20-0060_flat_0p3_late_bias_cal.fits,2461181.683489236,DN_UMa_direct,check,1796.9238437090348,676.9691033340586,2248786.54296875,8804.600935141805,281098.31787109375,1100.5751168927256,ok,28.75668526722302,-87.32972327595775
light_V_8s_2026_05_20-0060_flat_0p3_late_bias_cal.fits,2461181.683489236,gaia_774287774887292672_src5,comparison,1920.4003140935295,1085.905016756023,46.00245666503906,40.40465607167042,5.750307083129883,5.050582008958803,ok,28.75668526722302,-87.32972327595775
light_V_8s_2026_05_20-0060_flat_0p3_late_bias_cal.fits,2461181.683489236,gaia_774288805679445888_src7,comparison,1796.751935399519,1342.7197674059232,26.814987182617188,42.8544298204885,3.3518733978271484,5.356803727561062,ok,28.75668526722302,-87.32972327595775
light_V_8s_2026_05_20-0060_flat_0p3_late_bias_cal.fits,2461181.683489236,gaia_774289041901756032_src4,comparison,1880.9011592420811,1445.3230856160314,-26.019287109375,40.87997699600387,-3.252410888671875,5.109997124500484,nonpositive_flux,28.75668526722302,-87.32972327595775
light_V_8s_2026_05_20-0060_flat_0p3_late_bias_cal.fits,2461181.683489236,gaia_774271076054448768_src2,comparison,1497.2648545476645,263.8100904871146,6.4697113037109375,43.21320550965493,0.8087139129638672,5.401650688706866,ok,28.75668526722302,-87.32972327595775
light_V_8s_2026_05_20-0060_flat_0p3_late_bias_cal.fits,2461181.683489236,gaia_774272862760870784_src1,comparison,606.5179854657359,82.23415335136636,47.00343322753906,42.07284225440076,5.875429153442383,5.259105281800095,ok,28.75668526722302,-87.32972327595775
light_V_8s_2026_05_20-0060_flat_0p3_late_bias_cal.fits,2461181.683489236,gaia_774384016513181696_src3,comparison,268.1372948921008,1043.2180740754586,-3.800994873046875,41.75921686778085,-0.4751243591308594,5.219902108472606,nonpositive_flux,28.75668526722302,-87.32972327595775
light_V_8s_2026_05_20-0060_flat_0p3_late_bias_cal.fits,2461181.683489236,gaia_774289488578357504_src6,comparison,833.8295256285572,962.1932407342031,21.25865936279297,41.84819272772988,2.657332420349121,5.231024090966235,ok,28.75668526722302,-87.32972327595775
light_V_8s_2026_05_20-0060_flat_0p3_late_bias_cal.fits,2461181.683489236,gaia_774290626745586944_src8,comparison,918.7530449371684,1309.264384711402,-46.19704818725586,41.2323280724642,-5.774631023406982,5.154041009058025,nonpositive_flux,28.75668526722302,-87.32972327595775
light_V_8s_2026_05_20-0061_flat_0p3_late_bias_cal.fits,2461181.683680787,target_V0399_direct,target,1872.3136162139115,621.087904393853,1681687.3066711426,4760.357329886422,210210.91333389282,595.0446662358028,ok,29.372991187520938,-88.78461037972176
light_V_8s_2026_05_20-0061_flat_0p3_late_bias_cal.fits,2461181.683680787,DN_UMa_direct,check,1797.539683334323,675.5134953076032,2503970.4116210938,8387.854865952952,312996.3014526367,1048.481858244119,ok,29.372991187520938,-88.78461037972176
light_V_8s_2026_05_20-0061_flat_0p3_late_bias_cal.fits,2461181.683680787,gaia_774287774887292672_src5,comparison,1921.0166200138274,1084.4501296522592,-18.67816162109375,42.56167335921608,-2.3347702026367188,5.32020916990201,nonpositive_flux,29.372991187520938,-88.78461037972176
light_V_8s_2026_05_20-0061_flat_0p3_late_bias_cal.fits,2461181.683680787,gaia_774288805679445888_src7,comparison,1797.368241319817,1341.2648803021593,-23.179248809814453,40.73534299327346,-2.8974061012268066,5.091917874159183,nonpositive_flux,29.372991187520938,-88.78461037972176
light_V_8s_2026_05_20-0061_flat_0p3_late_bias_cal.fits,2461181.683680787,gaia_774289041901756032_src4,comparison,1881.517465162379,1443.8681985122676,121.0115737915039,44.55254620632846,15.126446723937988,5.569068275791057,ok,29.372991187520938,-88.78461037972176
light_V_8s_2026_05_20-0061_flat_0p3_late_bias_cal.fits,2461181.683680787,gaia_774271076054448768_src2,comparison,1497.8811604679624,262.3552033833506,-31.72442626953125,43.045879673652266,-3.9655532836914062,5.380734959206533,nonpositive_flux,29.372991187520938,-88.78461037972176
light_V_8s_2026_05_20-0061_flat_0p3_late_bias_cal.fits,2461181.683680787,gaia_774272862760870784_src1,comparison,607.1342913860339,80.77926624760235,74.79329681396484,42.82405058391228,9.349162101745605,5.353006322989035,ok,29.372991187520938,-88.78461037972176
light_V_8s_2026_05_20-0061_flat_0p3_late_bias_cal.fits,2461181.683680787,gaia_774384016513181696_src3,comparison,268.7536008123987,1041.7631869716947,-66.00161361694336,43.449097825065294,-8.25020170211792,5.431137228133162,nonpositive_flux,29.372991187520938,-88.78461037972176
light_V_8s_2026_05_20-0061_flat_0p3_late_bias_cal.fits,2461181.683680787,gaia_774289488578357504_src6,comparison,834.4458315488552,960.7383536304392,14.170848846435547,43.8441453624327,1.7713561058044434,5.480518170304087,ok,29.372991187520938,-88.78461037972176
light_V_8s_2026_05_20-0061_flat_0p3_late_bias_cal.fits,2461181.683680787,gaia_774290626745586944_src8,comparison,919.3693508574663,1307.8094976076381,69.25343322753906,41.43709217062065,8.656679153442383,5.1796365213275815,ok,29.372991187520938,-88.78461037972176
light_V_8s_2026_05_20-0062_flat_0p3_late_bias_cal.fits,2461181.683872454,target_V0399_direct,target,1872.95618806119,620.7696485594145,1750893.0454406738,4599.237726241668,218861.63068008423,574.9047157802084,ok,30.00660314382833,-89.10280657730635
light_V_8s_2026_05_20-0062_flat_0p3_late_bias_cal.fits,2461181.683872454,DN_UMa_direct,check,1798.1643353996592,675.1953587468726,2591132.226928711,8015.042211428345,323891.52836608887,1001.8802764285431,ok,30.00660314382833,-89.10280657730635
light_V_8s_2026_05_20-0062_flat_0p3_late_bias_cal.fits,2461181.683872454,gaia_774287774887292672_src5,comparison,1921.6502319701349,1084.1319334546745,71.8165283203125,42.574150451265496,8.977066040039062,5.321768806408187,ok,30.00660314382833,-89.10280657730635
light_V_8s_2026_05_20-0062_flat_0p3_late_bias_cal.fits,2461181.683872454,gaia_774288805679445888_src7,comparison,1798.0018532761242,1340.9466841045746,-31.73614501953125,41.02950808685908,-3.9670181274414062,5.128688510857385,nonpositive_flux,30.00660314382833,-89.10280657730635
light_V_8s_2026_05_20-0062_flat_0p3_late_bias_cal.fits,2461181.683872454,gaia_774289041901756032_src4,comparison,1882.1510771186863,1443.5500023146828,46.1566162109375,41.23081578565945,5.7695770263671875,5.1538519732074315,ok,30.00660314382833,-89.10280657730635
light_V_8s_2026_05_20-0062_flat_0p3_late_bias_cal.fits,2461181.683872454,gaia_774271076054448768_src2,comparison,1498.5147724242697,262.037007185766,-45.61769104003906,42.896230957696005,-5.702211380004883,5.362028869712001,nonpositive_flux,30.00660314382833,-89.10280657730635
light_V_8s_2026_05_20-0062_flat_0p3_late_bias_cal.fits,2461181.683872454,gaia_774272862760870784_src1,comparison,607.7679033423412,80.46107005001775,-83.61213684082031,44.91067600111946,-10.451517105102539,5.613834500139933,nonpositive_flux,30.00660314382833,-89.10280657730635
light_V_8s_2026_05_20-0062_flat_0p3_late_bias_cal.fits,2461181.683872454,gaia_774384016513181696_src3,comparison,269.3872127687061,1041.44499077411,5.6961669921875,43.275623550456785,0.7120208740234375,5.409452943807098,ok,30.00660314382833,-89.10280657730635
light_V_8s_2026_05_20-0062_flat_0p3_late_bias_cal.fits,2461181.683872454,gaia_774289488578357504_src6,comparison,835.0794435051625,960.4201574328545,63.45155334472656,42.35503305502414,7.93144416809082,5.294379131878017,ok,30.00660314382833,-89.10280657730635
light_V_8s_2026_05_20-0062_flat_0p3_late_bias_cal.fits,2461181.683872454,gaia_774290626745586944_src8,comparison,920.0029628137737,1307.4913014100534,-81.09891510009766,42.74681447994381,-10.137364387512207,5.343351809992976,nonpositive_flux,30.00660314382833,-89.10280657730635
light_V_8s_2026_05_20-0063_flat_0p3_late_bias_cal.fits,2461181.6840641205,target_V0399_direct,target,1873.8607022340063,618.8600585746583,1539918.9369506836,5866.316412572697,192489.86711883545,733.2895515715871,ok,30.910844027325652,-91.00270693734268
light_V_8s_2026_05_20-0063_flat_0p3_late_bias_cal.fits,2461181.6840641205,DN_UMa_direct,check,1799.0683029938375,673.3051480115561,2224299.187927246,9431.767931716397,278037.39849090576,1178.9709914645496,ok,30.910844027325652,-91.00270693734268
light_V_8s_2026_05_20-0063_flat_0p3_late_bias_cal.fits,2461181.6840641205,gaia_774287774887292672_src5,comparison,1922.554472853632,1082.2320330946382,-34.38207244873047,40.83324608452827,-4.297759056091309,5.104155760566034,nonpositive_flux,30.910844027325652,-91.00270693734268
light_V_8s_2026_05_20-0063_flat_0p3_late_bias_cal.fits,2461181.6840641205,gaia_774288805679445888_src7,comparison,1798.9060941596217,1339.0467837445383,50.001373291015625,40.43001726387004,6.250171661376953,5.053752157983755,ok,30.910844027325652,-91.00270693734268
light_V_8s_2026_05_20-0063_flat_0p3_late_bias_cal.fits,2461181.6840641205,gaia_774289041901756032_src4,comparison,1883.0553180021839,1441.6501019546465,-59.09050369262695,42.07123623865631,-7.386312961578369,5.258904529832039,nonpositive_flux,30.910844027325652,-91.00270693734268
light_V_8s_2026_05_20-0063_flat_0p3_late_bias_cal.fits,2461181.6840641205,gaia_774271076054448768_src2,comparison,1499.4190133077673,260.1371068257297,-25.812702178955078,46.43365655775052,-3.2265877723693848,5.804207069718815,nonpositive_flux,30.910844027325652,-91.00270693734268
light_V_8s_2026_05_20-0063_flat_0p3_late_bias_cal.fits,2461181.6840641205,gaia_774272862760870784_src1,comparison,608.6721442258386,78.56116968998143,25.016464233398438,43.01108035417971,3.1270580291748047,5.376385044272464,ok,30.910844027325652,-91.00270693734268
light_V_8s_2026_05_20-0063_flat_0p3_late_bias_cal.fits,2461181.6840641205,gaia_774384016513181696_src3,comparison,270.2914536522034,1039.5450904140737,67.13968658447266,43.43856163848197,8.392460823059082,5.429820204810246,ok,30.910844027325652,-91.00270693734268
light_V_8s_2026_05_20-0063_flat_0p3_late_bias_cal.fits,2461181.6840641205,gaia_774289488578357504_src6,comparison,835.9836843886599,958.5202570728181,43.386383056640625,41.72737893127325,5.423297882080078,5.215922366409156,ok,30.910844027325652,-91.00270693734268
light_V_8s_2026_05_20-0063_flat_0p3_late_bias_cal.fits,2461181.6840641205,gaia_774290626745586944_src8,comparison,920.907203697271,1305.591401050017,94.38599395751953,43.81095255340016,11.798249244689941,5.47636906917502,ok,30.910844027325652,-91.00270693734268
light_V_8s_2026_05_20-0064_flat_0p3_late_bias_cal.fits,2461181.684255671,target_V0399_direct,target,1875.3894938920955,619.2592507228435,1738653.3676757812,4655.967351641657,217331.67095947266,581.9959189552071,ok,32.482800786242706,-90.60108035363021
light_V_8s_2026_05_20-0064_flat_0p3_late_bias_cal.fits,2461181.684255671,DN_UMa_direct,check,1800.6834248535824,673.7092090307958,2534148.3071289062,8245.77035156965,316768.5383911133,1030.7212939462063,ok,32.482800786242706,-90.60108035363021
light_V_8s_2026_05_20-0064_flat_0p3_late_bias_cal.fits,2461181.684255671,gaia_774287774887292672_src5,comparison,1924.1264296125491,1082.6336596783508,0.7120246887207031,41.982275556952615,0.08900308609008789,5.247784444619077,ok,32.482800786242706,-90.60108035363021
light_V_8s_2026_05_20-0064_flat_0p3_late_bias_cal.fits,2461181.684255671,gaia_774288805679445888_src7,comparison,1800.4780509185387,1339.4484103282507,-8.64200210571289,41.62228257408407,-1.0802502632141113,5.2027853217605085,nonpositive_flux,32.482800786242706,-90.60108035363021
light_V_8s_2026_05_20-0064_flat_0p3_late_bias_cal.fits,2461181.684255671,gaia_774289041901756032_src4,comparison,1884.6272747611008,1442.051728538359,-104.03324127197266,44.40135274796352,-13.004155158996582,5.55016909349544,nonpositive_flux,32.482800786242706,-90.60108035363021
light_V_8s_2026_05_20-0064_flat_0p3_late_bias_cal.fits,2461181.684255671,gaia_774271076054448768_src2,comparison,1500.9909700666842,260.53873340944216,18.48217010498047,43.03232041048303,2.3102712631225586,5.379040051310379,ok,32.482800786242706,-90.60108035363021
light_V_8s_2026_05_20-0064_flat_0p3_late_bias_cal.fits,2461181.684255671,gaia_774272862760870784_src1,comparison,610.2441009847556,78.9627962736939,-11.450702667236328,41.147364319046666,-1.431337833404541,5.143420539880833,nonpositive_flux,32.482800786242706,-90.60108035363021
light_V_8s_2026_05_20-0064_flat_0p3_late_bias_cal.fits,2461181.684255671,gaia_774384016513181696_src3,comparison,271.86341041112047,1039.946716997786,-3.5947952270507812,41.23006754144555,-0.44934940338134766,5.153758442680694,nonpositive_flux,32.482800786242706,-90.60108035363021
light_V_8s_2026_05_20-0064_flat_0p3_late_bias_cal.fits,2461181.684255671,gaia_774289488578357504_src6,comparison,837.5556411475769,958.9218836565307,18.17966079711914,41.756922938807215,2.2724575996398926,5.219615367350902,ok,32.482800786242706,-90.60108035363021
light_V_8s_2026_05_20-0064_flat_0p3_late_bias_cal.fits,2461181.684255671,gaia_774290626745586944_src8,comparison,922.4791604561881,1305.9930276337295,-54.212982177734375,40.999708766252304,-6.776622772216797,5.124963595781538,nonpositive_flux,32.482800786242706,-90.60108035363021
light_V_8s_2026_05_20-0065_flat_0p3_late_bias_cal.fits,2461181.684446991,target_V0399_direct,target,1875.6300889271956,619.0690397917135,1690369.702697754,4907.112989692108,211296.21283721924,613.3891237115135,ok,32.72053265019656,-90.78851828218302
light_V_8s_2026_05_20-0065_flat_0p3_late_bias_cal.fits,2461181.684446991,DN_UMa_direct,check,1800.91829354639,673.5245441048202,2505260.162109375,8922.439818375236,313157.5202636719,1115.3049772969046,ok,32.72053265019656,-90.78851828218302
light_V_8s_2026_05_20-0065_flat_0p3_late_bias_cal.fits,2461181.684446991,gaia_774287774887292672_src5,comparison,1924.3641614765029,1082.4462217497978,-20.252788543701172,39.69560257400115,-2.5315985679626465,4.961950321750144,nonpositive_flux,32.72053265019656,-90.78851828218302
light_V_8s_2026_05_20-0065_flat_0p3_late_bias_cal.fits,2461181.684446991,gaia_774288805679445888_src7,comparison,1800.7157827824926,1339.260972399698,-2.9655838012695312,41.10331757452308,-0.3706979751586914,5.137914696815385,nonpositive_flux,32.72053265019656,-90.78851828218302
light_V_8s_2026_05_20-0065_flat_0p3_late_bias_cal.fits,2461181.684446991,gaia_774289041901756032_src4,comparison,1884.8650066250548,1441.8642906098062,-10.284515380859375,41.29021811941119,-1.2855644226074219,5.161277264926399,nonpositive_flux,32.72053265019656,-90.78851828218302
light_V_8s_2026_05_20-0065_flat_0p3_late_bias_cal.fits,2461181.684446991,gaia_774271076054448768_src2,comparison,1501.2287019306382,260.35129548088935,-56.958824157714844,43.36493500885154,-7.1198530197143555,5.420616876106442,nonpositive_flux,32.72053265019656,-90.78851828218302
light_V_8s_2026_05_20-0065_flat_0p3_late_bias_cal.fits,2461181.684446991,gaia_774272862760870784_src1,comparison,610.4818328487095,78.77535834514109,-6.204090118408203,40.801105423572935,-0.7755112648010254,5.100138177946617,nonpositive_flux,32.72053265019656,-90.78851828218302
light_V_8s_2026_05_20-0065_flat_0p3_late_bias_cal.fits,2461181.684446991,gaia_774384016513181696_src3,comparison,272.1011422750743,1039.7592790692333,43.95304870605469,40.48946100140524,5.494131088256836,5.061182625175655,ok,32.72053265019656,-90.78851828218302
light_V_8s_2026_05_20-0065_flat_0p3_late_bias_cal.fits,2461181.684446991,gaia_774289488578357504_src6,comparison,837.7933730115308,958.7344457279778,27.109657287597656,40.76197542045414,3.388707160949707,5.095246927556768,ok,32.72053265019656,-90.78851828218302
light_V_8s_2026_05_20-0065_flat_0p3_late_bias_cal.fits,2461181.684446991,gaia_774290626745586944_src8,comparison,922.7168923201419,1305.8055897051768,73.77159881591797,42.514782270386085,9.221449851989746,5.314347783798261,ok,32.72053265019656,-90.78851828218302
light_V_8s_2026_05_20-0066_flat_0p3_late_bias_cal.fits,2461181.684639352,target_V0399_direct,target,1875.8593721661434,620.4191557793923,1474280.1958007812,5762.759185039799,184285.02447509766,720.3448981299749,ok,32.91544564050662,-89.44322924608105
light_V_8s_2026_05_20-0066_flat_0p3_late_bias_cal.fits,2461181.684639352,DN_UMa_direct,check,1801.0788362880623,674.8650061893453,2136677.843017578,9638.796329324834,267084.73037719727,1204.8495411656043,ok,32.91544564050662,-89.44322924608105
light_V_8s_2026_05_20-0066_flat_0p3_late_bias_cal.fits,2461181.684639352,gaia_774287774887292672_src5,comparison,1924.559074466813,1083.7915107858998,29.723403930664062,43.84776035952418,3.715425491333008,5.4809700449405225,ok,32.91544564050662,-89.44322924608105
light_V_8s_2026_05_20-0066_flat_0p3_late_bias_cal.fits,2461181.684639352,gaia_774288805679445888_src7,comparison,1800.9106957728027,1340.6062614358,10.561355590820312,41.41050039538297,1.320169448852539,5.176312549422871,ok,32.91544564050662,-89.44322924608105
light_V_8s_2026_05_20-0066_flat_0p3_late_bias_cal.fits,2461181.684639352,gaia_774289041901756032_src4,comparison,1885.0599196153648,1443.2095796459082,-33.70344543457031,40.13642558941739,-4.212930679321289,5.017053198677174,nonpositive_flux,32.91544564050662,-89.44322924608105
light_V_8s_2026_05_20-0066_flat_0p3_late_bias_cal.fits,2461181.684639352,gaia_774271076054448768_src2,comparison,1501.4236149209482,261.6965845169913,64.64214324951172,42.524134059596705,8.080267906188965,5.315516757449588,ok,32.91544564050662,-89.44322924608105
light_V_8s_2026_05_20-0066_flat_0p3_late_bias_cal.fits,2461181.684639352,gaia_774272862760870784_src1,comparison,610.6767458390195,80.12064738124306,-26.644424438476562,40.83007615495144,-3.3305530548095703,5.10375951936893,nonpositive_flux,32.91544564050662,-89.44322924608105
light_V_8s_2026_05_20-0066_flat_0p3_late_bias_cal.fits,2461181.684639352,gaia_774384016513181696_src3,comparison,272.2960552653844,1041.1045681053354,-1.4598388671875,40.10847527669841,-0.1824798583984375,5.013559409587301,nonpositive_flux,32.91544564050662,-89.44322924608105
light_V_8s_2026_05_20-0066_flat_0p3_late_bias_cal.fits,2461181.684639352,gaia_774289488578357504_src6,comparison,837.9882860018408,960.0797347640798,30.577674865722656,39.16479260416908,3.822209358215332,4.895599075521135,ok,32.91544564050662,-89.44322924608105
light_V_8s_2026_05_20-0066_flat_0p3_late_bias_cal.fits,2461181.684639352,gaia_774290626745586944_src8,comparison,922.911805310452,1307.1508787412788,40.18921661376953,40.32648442815614,5.023652076721191,5.040810553519518,ok,32.91544564050662,-89.44322924608105
light_V_8s_2026_05_20-0067_flat_0p3_late_bias_cal.fits,2461181.6848310186,target_V0399_direct,target,1877.2975541501999,621.2477774509027,1818212.34324646,4543.619857287555,227276.5429058075,567.9524821609443,ok,34.35814091773398,-88.62521593107556
light_V_8s_2026_05_20-0067_flat_0p3_late_bias_cal.fits,2461181.6848310186,DN_UMa_direct,check,1802.5260448584606,675.6724111478459,2641315.155944824,7749.883079551369,330164.394493103,968.7353849439211,ok,34.35814091773398,-88.62521593107556
light_V_8s_2026_05_20-0067_flat_0p3_late_bias_cal.fits,2461181.6848310186,gaia_774287774887292672_src5,comparison,1926.0017697440403,1084.6095241009052,18.421096801757812,43.198353593922654,2.3026371002197266,5.399794199240332,ok,34.35814091773398,-88.62521593107556
light_V_8s_2026_05_20-0067_flat_0p3_late_bias_cal.fits,2461181.6848310186,gaia_774288805679445888_src7,comparison,1802.35339105003,1341.4242747508056,1.5931777954101562,42.4007023383947,0.19914722442626953,5.300087792299338,ok,34.35814091773398,-88.62521593107556
light_V_8s_2026_05_20-0067_flat_0p3_late_bias_cal.fits,2461181.6848310186,gaia_774289041901756032_src4,comparison,1886.5026148925922,1444.0275929609138,37.624267578125,44.12148956901414,4.703033447265625,5.515186196126767,ok,34.35814091773398,-88.62521593107556
light_V_8s_2026_05_20-0067_flat_0p3_late_bias_cal.fits,2461181.6848310186,gaia_774271076054448768_src2,comparison,1502.8663101981756,262.5145978319968,-26.662940979003906,42.235207212885854,-3.3328676223754883,5.279400901610732,nonpositive_flux,34.35814091773398,-88.62521593107556
light_V_8s_2026_05_20-0067_flat_0p3_late_bias_cal.fits,2461181.6848310186,gaia_774272862760870784_src1,comparison,612.1194411162469,80.93866069624855,26.652278900146484,43.625403144013816,3.3315348625183105,5.453175393001727,ok,34.35814091773398,-88.62521593107556
light_V_8s_2026_05_20-0067_flat_0p3_late_bias_cal.fits,2461181.6848310186,gaia_774384016513181696_src3,comparison,273.73875054261174,1041.922581420341,0.23131561279296875,41.5358419829751,0.028914451599121094,5.1919802478718875,ok,34.35814091773398,-88.62521593107556
light_V_8s_2026_05_20-0067_flat_0p3_late_bias_cal.fits,2461181.6848310186,gaia_774289488578357504_src6,comparison,839.4309812790682,960.8977480790853,-17.06671142578125,40.743270151259566,-2.1333389282226562,5.092908768907446,nonpositive_flux,34.35814091773398,-88.62521593107556
light_V_8s_2026_05_20-0067_flat_0p3_late_bias_cal.fits,2461181.6848310186,gaia_774290626745586944_src8,comparison,924.3545005876794,1307.9688920562844,-23.499343872070312,41.32899944572355,-2.937417984008789,5.166124930715443,nonpositive_flux,34.35814091773398,-88.62521593107556
light_V_8s_2026_05_20-0068_flat_0p3_late_bias_cal.fits,2461181.6850228007,target_V0399_direct,target,1878.9840481273407,620.6721690904582,1810992.2539367676,4439.2801006138525,226374.03174209595,554.9100125767316,ok,36.050002722314275,-89.18466998255764
light_V_8s_2026_05_20-0068_flat_0p3_late_bias_cal.fits,2461181.6850228007,DN_UMa_direct,check,1804.2232744904804,675.1291114053263,2654103.596862793,7908.301866209069,331762.9496078491,988.5377332761336,ok,36.050002722314275,-89.18466998255764
light_V_8s_2026_05_20-0068_flat_0p3_late_bias_cal.fits,2461181.6850228007,gaia_774287774887292672_src5,comparison,1927.6936315486207,1084.0500700494233,-85.97892761230469,44.21882496557139,-10.747365951538086,5.527353120696424,nonpositive_flux,36.050002722314275,-89.18466998255764
light_V_8s_2026_05_20-0068_flat_0p3_late_bias_cal.fits,2461181.6850228007,gaia_774288805679445888_src7,comparison,1804.0452528546102,1340.8648206993234,15.27029800415039,40.9521454660475,1.9087872505187988,5.119018183255937,ok,36.050002722314275,-89.18466998255764
light_V_8s_2026_05_20-0068_flat_0p3_late_bias_cal.fits,2461181.6850228007,gaia_774289041901756032_src4,comparison,1888.1944766971724,1443.4681389094317,-26.08200454711914,42.26769734954938,-3.2602505683898926,5.2834621686936725,nonpositive_flux,36.050002722314275,-89.18466998255764
light_V_8s_2026_05_20-0068_flat_0p3_late_bias_cal.fits,2461181.6850228007,gaia_774271076054448768_src2,comparison,1504.5581720027558,261.95514378051473,40.59807205200195,42.23698666137614,5.074759006500244,5.279623332672018,ok,36.050002722314275,-89.18466998255764
light_V_8s_2026_05_20-0068_flat_0p3_late_bias_cal.fits,2461181.6850228007,gaia_774272862760870784_src1,comparison,613.8113029208272,80.37920664476647,-22.0474853515625,40.647856950881405,-2.7559356689453125,5.080982118860176,nonpositive_flux,36.050002722314275,-89.18466998255764
light_V_8s_2026_05_20-0068_flat_0p3_late_bias_cal.fits,2461181.6850228007,gaia_774384016513181696_src3,comparison,275.43061234719204,1041.3631273688588,40.33124542236328,40.884851419519606,5.04140567779541,5.110606427439951,ok,36.050002722314275,-89.18466998255764
light_V_8s_2026_05_20-0068_flat_0p3_late_bias_cal.fits,2461181.6850228007,gaia_774289488578357504_src6,comparison,841.1228430836485,960.3382940276033,16.508506774902344,40.22660763550159,2.063563346862793,5.028325954437698,ok,36.050002722314275,-89.18466998255764
light_V_8s_2026_05_20-0068_flat_0p3_late_bias_cal.fits,2461181.6850228007,gaia_774290626745586944_src8,comparison,926.0463623922597,1307.4094380048023,101.94863891601562,42.2048874236647,12.743579864501953,5.275610927958088,ok,36.050002722314275,-89.18466998255764
light_V_8s_2026_05_20-0069_flat_0p3_late_bias_cal.fits,2461181.685213773,target_V0399_direct,target,1879.8279548004898,620.526114159961,1797625.5372009277,4495.226493331678,224703.19215011597,561.9033116664598,ok,36.896492654339,-89.34247333900521
light_V_8s_2026_05_20-0069_flat_0p3_late_bias_cal.fits,2461181.685213773,DN_UMa_direct,check,1805.0723476813807,674.9595596229283,2525700.623565674,7875.737519462319,315712.5779457092,984.4671899327899,ok,36.896492654339,-89.34247333900521
light_V_8s_2026_05_20-0069_flat_0p3_late_bias_cal.fits,2461181.685213773,gaia_774287774887292672_src5,comparison,1928.5401214806454,1083.8922666929757,90.32012176513672,42.31661753119335,11.29001522064209,5.289577191399169,ok,36.896492654339,-89.34247333900521
light_V_8s_2026_05_20-0069_flat_0p3_late_bias_cal.fits,2461181.685213773,gaia_774288805679445888_src7,comparison,1804.891742786635,1340.7070173428758,18.326553344726562,40.69306655298798,2.2908191680908203,5.086633319123497,ok,36.896492654339,-89.34247333900521
light_V_8s_2026_05_20-0069_flat_0p3_late_bias_cal.fits,2461181.685213773,gaia_774289041901756032_src4,comparison,1889.040966629197,1443.310335552984,-29.063316345214844,43.10592195750573,-3.6329145431518555,5.388240244688216,nonpositive_flux,36.896492654339,-89.34247333900521
light_V_8s_2026_05_20-0069_flat_0p3_late_bias_cal.fits,2461181.685213773,gaia_774271076054448768_src2,comparison,1505.4046619347805,261.79734042406716,-44.532569885253906,44.680066157623045,-5.566571235656738,5.585008269702881,nonpositive_flux,36.896492654339,-89.34247333900521
light_V_8s_2026_05_20-0069_flat_0p3_late_bias_cal.fits,2461181.685213773,gaia_774272862760870784_src1,comparison,614.6577928528519,80.2214032883189,-37.11408233642578,41.128848761738254,-4.639260292053223,5.141106095217282,nonpositive_flux,36.896492654339,-89.34247333900521
light_V_8s_2026_05_20-0069_flat_0p3_late_bias_cal.fits,2461181.685213773,gaia_774384016513181696_src3,comparison,276.27710227921676,1041.2053240124112,14.529930114746094,42.35493290509342,1.8162412643432617,5.294366613136678,ok,36.896492654339,-89.34247333900521
light_V_8s_2026_05_20-0069_flat_0p3_late_bias_cal.fits,2461181.685213773,gaia_774289488578357504_src6,comparison,841.9693330156732,960.1804906711557,25.84691619873047,40.747821147418676,3.2308645248413086,5.0934776434273346,ok,36.896492654339,-89.34247333900521
light_V_8s_2026_05_20-0069_flat_0p3_late_bias_cal.fits,2461181.685213773,gaia_774290626745586944_src8,comparison,926.8928523242844,1307.2516346483546,-17.141258239746094,40.75612001573546,-2.1426572799682617,5.094515001966933,nonpositive_flux,36.896492654339,-89.34247333900521
light_V_8s_2026_05_20-0070_flat_0p3_late_bias_cal.fits,2461181.685405671,target_V0399_direct,target,1879.793665837265,620.8442272874411,1642079.6026611328,5089.984433594098,205259.9503326416,636.2480541992622,ok,36.854050146339546,-89.02329286079782
light_V_8s_2026_05_20-0070_flat_0p3_late_bias_cal.fits,2461181.685405671,DN_UMa_direct,check,1805.0217516286066,675.279807451863,2381806.910217285,8973.288181508346,297725.86377716064,1121.6610226885432,ok,36.854050146339546,-89.02329286079782
light_V_8s_2026_05_20-0070_flat_0p3_late_bias_cal.fits,2461181.685405671,gaia_774287774887292672_src5,comparison,1928.497678972646,1084.211447171183,-7.892112731933594,42.22668174262354,-0.9865140914916992,5.278335217827943,nonpositive_flux,36.854050146339546,-89.02329286079782
light_V_8s_2026_05_20-0070_flat_0p3_late_bias_cal.fits,2461181.685405671,gaia_774288805679445888_src7,comparison,1804.8493002786354,1341.0261978210833,2.4190750122070312,40.01752030564716,0.3023843765258789,5.002190038205895,ok,36.854050146339546,-89.02329286079782
light_V_8s_2026_05_20-0070_flat_0p3_late_bias_cal.fits,2461181.685405671,gaia_774289041901756032_src4,comparison,1888.9985241211975,1443.6295160311915,-22.39899444580078,39.89335623665497,-2.7998743057250977,4.986669529581871,nonpositive_flux,36.854050146339546,-89.02329286079782
light_V_8s_2026_05_20-0070_flat_0p3_late_bias_cal.fits,2461181.685405671,gaia_774271076054448768_src2,comparison,1505.362219426781,262.11652090227454,-82.23039245605469,42.54902870955264,-10.278799057006836,5.31862858869408,nonpositive_flux,36.854050146339546,-89.02329286079782
light_V_8s_2026_05_20-0070_flat_0p3_late_bias_cal.fits,2461181.685405671,gaia_774272862760870784_src1,comparison,614.6153503448525,80.54058376652628,52.483665466308594,41.84555450382841,6.560458183288574,5.230694312978551,ok,36.854050146339546,-89.02329286079782
light_V_8s_2026_05_20-0070_flat_0p3_late_bias_cal.fits,2461181.685405671,gaia_774384016513181696_src3,comparison,276.2346597712173,1041.5245044906187,14.55966567993164,42.484691850555585,1.819958209991455,5.310586481319448,ok,36.854050146339546,-89.02329286079782
light_V_8s_2026_05_20-0070_flat_0p3_late_bias_cal.fits,2461181.685405671,gaia_774289488578357504_src6,comparison,841.9268905076738,960.499671149363,-51.703758239746094,42.91088060181708,-6.462969779968262,5.363860075227135,nonpositive_flux,36.854050146339546,-89.02329286079782
light_V_8s_2026_05_20-0070_flat_0p3_late_bias_cal.fits,2461181.685405671,gaia_774290626745586944_src8,comparison,926.8504098162849,1307.5708151265621,-43.476383209228516,41.078028135280924,-5.4345479011535645,5.1347535169101155,nonpositive_flux,36.854050146339546,-89.02329286079782
light_V_8s_2026_05_20-0071_flat_0p3_late_bias_cal.fits,2461181.6855980325,target_V0399_direct,target,1881.1954526343075,620.8515212792871,1873113.6905517578,4205.193066614982,234139.21131896973,525.6491333268727,ok,38.26824233327352,-89.01617291147517
light_V_8s_2026_05_20-0071_flat_0p3_late_bias_cal.fits,2461181.6855980325,DN_UMa_direct,check,1806.4483492054321,675.2867533586623,2750836.0927734375,7487.352560191873,343854.5115966797,935.9190700239841,ok,38.26824233327352,-89.01617291147517
light_V_8s_2026_05_20-0071_flat_0p3_late_bias_cal.fits,2461181.6855980325,gaia_774287774887292672_src5,comparison,1929.91187115958,1084.2185671205057,-9.780097961425781,41.71479307956058,-1.2225122451782227,5.214349134945072,nonpositive_flux,38.26824233327352,-89.01617291147517
light_V_8s_2026_05_20-0071_flat_0p3_late_bias_cal.fits,2461181.6855980325,gaia_774288805679445888_src7,comparison,1806.2634924655695,1341.0333177704058,-17.960609436035156,41.160592617408795,-2.2450761795043945,5.145074077176099,nonpositive_flux,38.26824233327352,-89.01617291147517
light_V_8s_2026_05_20-0071_flat_0p3_late_bias_cal.fits,2461181.6855980325,gaia_774289041901756032_src4,comparison,1890.4127163081316,1443.636635980514,-26.86693572998047,41.267110023412975,-3.3583669662475586,5.158388752926622,nonpositive_flux,38.26824233327352,-89.01617291147517
light_V_8s_2026_05_20-0071_flat_0p3_late_bias_cal.fits,2461181.6855980325,gaia_774271076054448768_src2,comparison,1506.776411613715,262.1236408515972,-27.876564025878906,41.90971320522334,-3.4845705032348633,5.238714150652918,nonpositive_flux,38.26824233327352,-89.01617291147517
light_V_8s_2026_05_20-0071_flat_0p3_late_bias_cal.fits,2461181.6855980325,gaia_774272862760870784_src1,comparison,616.0295425317864,80.54770371584894,-21.019256591796875,41.76757125342044,-2.6274070739746094,5.220946406677555,nonpositive_flux,38.26824233327352,-89.01617291147517
light_V_8s_2026_05_20-0071_flat_0p3_late_bias_cal.fits,2461181.6855980325,gaia_774384016513181696_src3,comparison,277.6488519581513,1041.5316244399412,27.441978454589844,41.26366374215418,3.4302473068237305,5.157957967769272,ok,38.26824233327352,-89.01617291147517
light_V_8s_2026_05_20-0071_flat_0p3_late_bias_cal.fits,2461181.6855980325,gaia_774289488578357504_src6,comparison,843.3410826946077,960.5067910986857,59.59681701660156,40.58264121243776,7.449602127075195,5.07283015155472,ok,38.26824233327352,-89.01617291147517
light_V_8s_2026_05_20-0071_flat_0p3_late_bias_cal.fits,2461181.6855980325,gaia_774290626745586944_src8,comparison,928.2646020032189,1307.5779350758846,-42.350341796875,41.16124441060298,-5.293792724609375,5.145155551325373,nonpositive_flux,38.26824233327352,-89.01617291147517
light_V_8s_2026_05_20-0072_flat_0p3_late_bias_cal.fits,2461181.6857905095,target_V0399_direct,target,1881.7911595751034,620.4401051169779,1772004.1285858154,4449.049498257995,221500.51607322693,556.1311872822494,ok,38.88093749955692,-89.40930331532002
light_V_8s_2026_05_20-0072_flat_0p3_late_bias_cal.fits,2461181.6857905095,DN_UMa_direct,check,1807.078032597203,674.9119087132818,2521546.4404296875,7787.448450352484,315193.30505371094,973.4310562940605,ok,38.88093749955692,-89.40930331532002
light_V_8s_2026_05_20-0072_flat_0p3_late_bias_cal.fits,2461181.6857905095,gaia_774287774887292672_src5,comparison,1930.5245663258634,1083.825436716661,15.566307067871094,39.60253954824615,1.9457883834838867,4.950317443530769,ok,38.88093749955692,-89.40930331532002
light_V_8s_2026_05_20-0072_flat_0p3_late_bias_cal.fits,2461181.6857905095,gaia_774288805679445888_src7,comparison,1806.8761876318529,1340.640187366561,-14.180397033691406,39.80471825484027,-1.7725496292114258,4.975589781855033,nonpositive_flux,38.88093749955692,-89.40930331532002
light_V_8s_2026_05_20-0072_flat_0p3_late_bias_cal.fits,2461181.6857905095,gaia_774289041901756032_src4,comparison,1891.025411474415,1443.2435055766691,44.254520416259766,41.05011559198594,5.531815052032471,5.131264448998243,ok,38.88093749955692,-89.40930331532002
light_V_8s_2026_05_20-0072_flat_0p3_late_bias_cal.fits,2461181.6857905095,gaia_774271076054448768_src2,comparison,1507.3891067799984,261.73051044775235,-40.364044189453125,42.877898693250664,-5.045505523681641,5.359737336656333,nonpositive_flux,38.88093749955692,-89.40930331532002
light_V_8s_2026_05_20-0072_flat_0p3_late_bias_cal.fits,2461181.6857905095,gaia_774272862760870784_src1,comparison,616.6422376980698,80.15457331200409,-15.715499877929688,40.9211410069093,-1.964437484741211,5.115142625863663,nonpositive_flux,38.88093749955692,-89.40930331532002
light_V_8s_2026_05_20-0072_flat_0p3_late_bias_cal.fits,2461181.6857905095,gaia_774384016513181696_src3,comparison,278.2615471244347,1041.1384940360963,-9.129077911376953,42.963632507686306,-1.1411347389221191,5.370454063460788,nonpositive_flux,38.88093749955692,-89.40930331532002
light_V_8s_2026_05_20-0072_flat_0p3_late_bias_cal.fits,2461181.6857905095,gaia_774289488578357504_src6,comparison,843.9537778608911,960.1136606948409,-11.122230529785156,39.98296246935953,-1.3902788162231445,4.997870308669941,nonpositive_flux,38.88093749955692,-89.40930331532002
light_V_8s_2026_05_20-0072_flat_0p3_late_bias_cal.fits,2461181.6857905095,gaia_774290626745586944_src8,comparison,928.8772971695023,1307.1848046720397,46.98937225341797,41.57315880677314,5.873671531677246,5.196644850846642,ok,38.88093749955692,-89.40930331532002
light_V_8s_2026_05_20-0073_flat_0p3_late_bias_cal.fits,2461181.68598206,target_V0399_direct,target,1882.575141211286,620.6188571794829,1557821.3096313477,5163.766862311724,194727.66370391846,645.4708577889655,ok,39.60498189725024,-89.22999539940457
light_V_8s_2026_05_20-0073_flat_0p3_late_bias_cal.fits,2461181.68598206,DN_UMa_direct,check,1807.742139756407,675.0917724826077,2243604.0915527344,9025.105504220272,280450.5114440918,1128.138188027534,ok,39.60498189725024,-89.22999539940457
light_V_8s_2026_05_20-0073_flat_0p3_late_bias_cal.fits,2461181.68598206,gaia_774287774887292672_src5,comparison,1931.2486107235568,1084.0047446325764,43.78856658935547,40.95490881121563,5.473570823669434,5.119363601401954,ok,39.60498189725024,-89.22999539940457
light_V_8s_2026_05_20-0073_flat_0p3_late_bias_cal.fits,2461181.68598206,gaia_774288805679445888_src7,comparison,1807.600232029546,1340.8194952824765,35.997501373291016,41.649115078966545,4.499687671661377,5.206139384870818,ok,39.60498189725024,-89.22999539940457
light_V_8s_2026_05_20-0073_flat_0p3_late_bias_cal.fits,2461181.68598206,gaia_774289041901756032_src4,comparison,1891.7494558721082,1443.4228134925847,-21.090667724609375,40.59425726682196,-2.636333465576172,5.074282158352745,nonpositive_flux,39.60498189725024,-89.22999539940457
light_V_8s_2026_05_20-0073_flat_0p3_late_bias_cal.fits,2461181.68598206,gaia_774271076054448768_src2,comparison,1508.1131511776916,261.9098183636678,-146.03000259399414,42.64232363419325,-18.253750324249268,5.330290454274156,nonpositive_flux,39.60498189725024,-89.22999539940457
light_V_8s_2026_05_20-0073_flat_0p3_late_bias_cal.fits,2461181.68598206,gaia_774272862760870784_src1,comparison,617.3662820957632,80.33388122791953,-5.790920257568359,42.31322542550359,-0.7238650321960449,5.289153178187949,nonpositive_flux,39.60498189725024,-89.22999539940457
light_V_8s_2026_05_20-0073_flat_0p3_late_bias_cal.fits,2461181.68598206,gaia_774384016513181696_src3,comparison,278.985591522128,1041.317801952012,-37.89985275268555,41.24954354381752,-4.737481594085693,5.15619294297719,nonpositive_flux,39.60498189725024,-89.22999539940457
light_V_8s_2026_05_20-0073_flat_0p3_late_bias_cal.fits,2461181.68598206,gaia_774289488578357504_src6,comparison,844.6778222585845,960.2929686107564,9.001220703125,41.188193427744984,1.125152587890625,5.148524178468123,ok,39.60498189725024,-89.22999539940457
light_V_8s_2026_05_20-0073_flat_0p3_late_bias_cal.fits,2461181.68598206,gaia_774290626745586944_src8,comparison,929.6013415671956,1307.3641125879553,5.429435729980469,42.84092187468178,0.6786794662475586,5.355115234335223,ok,39.60498189725024,-89.22999539940457
light_V_8s_2026_05_20-0074_flat_0p3_late_bias_cal.fits,2461181.686173727,target_V0399_direct,target,1884.7546431150581,620.4729121662314,1864179.8813476562,4311.80997866624,233022.48516845703,538.97624733328,ok,41.79426849570905,-89.38443601997625
light_V_8s_2026_05_20-0074_flat_0p3_late_bias_cal.fits,2461181.686173727,DN_UMa_direct,check,1809.9412110495525,674.9288362547159,2595751.1867370605,7417.550160472742,324468.89834213257,927.1937700590928,saturated,41.79426849570905,-89.38443601997625
light_V_8s_2026_05_20-0074_flat_0p3_late_bias_cal.fits,2461181.686173727,gaia_774287774887292672_src5,comparison,1933.4378973220155,1083.8503040120047,39.1181640625,42.220264266270114,4.8897705078125,5.277533033283764,ok,41.79426849570905,-89.38443601997625
light_V_8s_2026_05_20-0074_flat_0p3_late_bias_cal.fits,2461181.686173727,gaia_774288805679445888_src7,comparison,1809.789518628005,1340.6650546619048,-8.441719055175781,42.76767677526488,-1.0552148818969727,5.34595959690811,nonpositive_flux,41.79426849570905,-89.38443601997625
light_V_8s_2026_05_20-0074_flat_0p3_late_bias_cal.fits,2461181.686173727,gaia_774289041901756032_src4,comparison,1893.9387424705671,1443.268372872013,42.4351806640625,40.79918966561819,5.3043975830078125,5.099898708202273,ok,41.79426849570905,-89.38443601997625
light_V_8s_2026_05_20-0074_flat_0p3_late_bias_cal.fits,2461181.686173727,gaia_774271076054448768_src2,comparison,1510.3024377761506,261.7553777430961,14.368183135986328,42.53490264504475,1.796022891998291,5.316862830630594,ok,41.79426849570905,-89.38443601997625
light_V_8s_2026_05_20-0074_flat_0p3_late_bias_cal.fits,2461181.686173727,gaia_774272862760870784_src1,comparison,619.555568694222,80.17944060734786,-8.574111938476562,42.822408734799794,-1.0717639923095703,5.352801091849974,nonpositive_flux,41.79426849570905,-89.38443601997625
light_V_8s_2026_05_20-0074_flat_0p3_late_bias_cal.fits,2461181.686173727,gaia_774384016513181696_src3,comparison,281.1748781205868,1041.1633613314402,-55.85512161254883,41.35512232973401,-6.9818902015686035,5.169390291216751,nonpositive_flux,41.79426849570905,-89.38443601997625
light_V_8s_2026_05_20-0074_flat_0p3_late_bias_cal.fits,2461181.686173727,gaia_774289488578357504_src6,comparison,846.8671088570433,960.1385279901847,-26.917736053466797,41.23877487621025,-3.3647170066833496,5.154846859526281,nonpositive_flux,41.79426849570905,-89.38443601997625
light_V_8s_2026_05_20-0074_flat_0p3_late_bias_cal.fits,2461181.686173727,gaia_774290626745586944_src8,comparison,931.7906281656544,1307.2096719673837,7.2059326171875,41.980122023951424,0.9007415771484375,5.247515252993928,ok,41.79426849570905,-89.38443601997625
light_V_8s_2026_05_20-0075_flat_0p3_late_bias_cal.fits,2461181.686365625,target_V0399_direct,target,1884.8729106122773,620.5027674703161,1810291.5444335938,4658.698759129896,226286.44305419922,582.337344891237,ok,41.902083094227805,-89.35157782220836
light_V_8s_2026_05_20-0075_flat_0p3_late_bias_cal.fits,2461181.686365625,DN_UMa_direct,check,1810.0385727493708,674.9646973461669,2521463.261444092,7872.357845144479,315182.9076805115,984.0447306430599,ok,41.902083094227805,-89.35157782220836
light_V_8s_2026_05_20-0075_flat_0p3_late_bias_cal.fits,2461181.686365625,gaia_774287774887292672_src5,comparison,1933.5457119205344,1083.8831622097725,-45.6828498840332,43.68082409001769,-5.71035623550415,5.460103011252211,nonpositive_flux,41.902083094227805,-89.35157782220836
light_V_8s_2026_05_20-0075_flat_0p3_late_bias_cal.fits,2461181.686365625,gaia_774288805679445888_src7,comparison,1809.8973332265236,1340.6979128596727,1.4984207153320312,41.986310509035576,0.1873025894165039,5.248288813629447,ok,41.902083094227805,-89.35157782220836
light_V_8s_2026_05_20-0075_flat_0p3_late_bias_cal.fits,2461181.686365625,gaia_774289041901756032_src4,comparison,1894.0465570690858,1443.301231069781,-9.611873626708984,41.70980445090641,-1.201484203338623,5.213725556363301,nonpositive_flux,41.902083094227805,-89.35157782220836
light_V_8s_2026_05_20-0075_flat_0p3_late_bias_cal.fits,2461181.686365625,gaia_774271076054448768_src2,comparison,1510.4102523746692,261.788235940864,-8.659225463867188,41.86677012029614,-1.0824031829833984,5.233346265037017,nonpositive_flux,41.902083094227805,-89.35157782220836
light_V_8s_2026_05_20-0075_flat_0p3_late_bias_cal.fits,2461181.686365625,gaia_774272862760870784_src1,comparison,619.6633832927407,80.21229880511575,-32.84769821166992,40.69718819442788,-4.10596227645874,5.087148524303485,nonpositive_flux,41.902083094227805,-89.35157782220836
light_V_8s_2026_05_20-0075_flat_0p3_late_bias_cal.fits,2461181.686365625,gaia_774384016513181696_src3,comparison,281.28269271910557,1041.196219529208,-58.208431243896484,40.37267906085946,-7.2760539054870605,5.046584882607433,nonpositive_flux,41.902083094227805,-89.35157782220836
light_V_8s_2026_05_20-0075_flat_0p3_late_bias_cal.fits,2461181.686365625,gaia_774289488578357504_src6,comparison,846.974923455562,960.1713861879525,28.155338287353516,39.403658271949254,3.5194172859191895,4.925457283993657,ok,41.902083094227805,-89.35157782220836
light_V_8s_2026_05_20-0075_flat_0p3_late_bias_cal.fits,2461181.686365625,gaia_774290626745586944_src8,comparison,931.8984427641732,1307.2425301651515,66.19976806640625,41.66582686598123,8.274971008300781,5.208228358247654,ok,41.902083094227805,-89.35157782220836
light_V_8s_2026_05_20-0076_flat_0p3_late_bias_cal.fits,2461181.686557176,target_V0399_direct,target,1884.9663668626827,621.7914382446785,1447382.0387878418,5660.4883510540385,180922.75484848022,707.5610438817548,ok,42.03041391499505,-88.08153138825963
light_V_8s_2026_05_20-0076_flat_0p3_late_bias_cal.fits,2461181.686557176,DN_UMa_direct,check,1810.2017781405,676.216119439702,2163954.7798461914,9678.586395457756,270494.3474807739,1209.8232994322195,ok,42.03041391499505,-88.08153138825963
light_V_8s_2026_05_20-0076_flat_0p3_late_bias_cal.fits,2461181.686557176,gaia_774287774887292672_src5,comparison,1933.6740427413015,1085.1532086437212,-13.157814025878906,39.65469105114903,-1.6447267532348633,4.956836381393629,nonpositive_flux,42.03041391499505,-88.08153138825963
light_V_8s_2026_05_20-0076_flat_0p3_late_bias_cal.fits,2461181.686557176,gaia_774288805679445888_src7,comparison,1810.025664047291,1341.9679592936213,61.557498931884766,40.817597627727466,7.694687366485596,5.102199703465933,ok,42.03041391499505,-88.08153138825963
light_V_8s_2026_05_20-0076_flat_0p3_late_bias_cal.fits,2461181.686557176,gaia_774289041901756032_src4,comparison,1894.1748878898532,1444.5712775037296,50.037559509277344,43.51896097030548,6.254694938659668,5.439870121288185,ok,42.03041391499505,-88.08153138825963
light_V_8s_2026_05_20-0076_flat_0p3_late_bias_cal.fits,2461181.686557176,gaia_774271076054448768_src2,comparison,1510.5385831954366,263.05828237481273,-52.51317596435547,43.99514040311587,-6.564146995544434,5.499392550389484,nonpositive_flux,42.03041391499505,-88.08153138825963
light_V_8s_2026_05_20-0076_flat_0p3_late_bias_cal.fits,2461181.686557176,gaia_774272862760870784_src1,comparison,619.791714113508,81.48234523906447,-45.73311233520508,41.915080688289976,-5.716639041900635,5.239385086036247,nonpositive_flux,42.03041391499505,-88.08153138825963
light_V_8s_2026_05_20-0076_flat_0p3_late_bias_cal.fits,2461181.686557176,gaia_774384016513181696_src3,comparison,281.4110235398728,1042.4662659631567,22.792476654052734,42.35384560056903,2.849059581756592,5.294230700071129,ok,42.03041391499505,-88.08153138825963
light_V_8s_2026_05_20-0076_flat_0p3_late_bias_cal.fits,2461181.686557176,gaia_774289488578357504_src6,comparison,847.1032542763293,961.4414326219012,-35.6371955871582,40.488705281719405,-4.454649448394775,5.061088160214926,nonpositive_flux,42.03041391499505,-88.08153138825963
light_V_8s_2026_05_20-0076_flat_0p3_late_bias_cal.fits,2461181.686557176,gaia_774290626745586944_src8,comparison,932.0267735849404,1308.5125765991002,-18.115291595458984,39.24767926345175,-2.264411449432373,4.905959907931469,nonpositive_flux,42.03041391499505,-88.08153138825963
light_V_8s_2026_05_20-0077_flat_0p3_late_bias_cal.fits,2461181.6867488427,target_V0399_direct,target,1886.4029213463627,621.4655623738091,1829925.1960449219,4192.987578725304,228740.64950561523,524.123447340663,ok,43.49388963887532,-88.39848354937544
light_V_8s_2026_05_20-0077_flat_0p3_late_bias_cal.fits,2461181.6867488427,DN_UMa_direct,check,1811.6921751045804,675.9080909883397,2639449.3999023438,7575.8415336567205,329931.17498779297,946.9801917070901,ok,43.49388963887532,-88.39848354937544
light_V_8s_2026_05_20-0077_flat_0p3_late_bias_cal.fits,2461181.6867488427,gaia_774287774887292672_src5,comparison,1935.1375184651818,1084.8362564826054,-23.18674087524414,42.6260553294745,-2.8983426094055176,5.328256916184312,nonpositive_flux,43.49388963887532,-88.39848354937544
light_V_8s_2026_05_20-0077_flat_0p3_late_bias_cal.fits,2461181.6867488427,gaia_774288805679445888_src7,comparison,1811.4891397711713,1341.6510071325056,100.82918548583984,40.58234456870133,12.60364818572998,5.072793071087666,ok,43.49388963887532,-88.39848354937544
light_V_8s_2026_05_20-0077_flat_0p3_late_bias_cal.fits,2461181.6867488427,gaia_774289041901756032_src4,comparison,1895.6383636137334,1444.2543253426138,-40.67156219482422,41.28070735820724,-5.083945274353027,5.160088419775905,nonpositive_flux,43.49388963887532,-88.39848354937544
light_V_8s_2026_05_20-0077_flat_0p3_late_bias_cal.fits,2461181.6867488427,gaia_774271076054448768_src2,comparison,1512.0020589193168,262.7413302136969,5.6092987060546875,40.914811171127326,0.7011623382568359,5.114351396390916,ok,43.49388963887532,-88.39848354937544
light_V_8s_2026_05_20-0077_flat_0p3_late_bias_cal.fits,2461181.6867488427,gaia_774272862760870784_src1,comparison,621.2551898373882,81.16539307794866,0.15962600708007812,40.683830282451545,0.019953250885009766,5.085478785306443,ok,43.49388963887532,-88.39848354937544
light_V_8s_2026_05_20-0077_flat_0p3_late_bias_cal.fits,2461181.6867488427,gaia_774384016513181696_src3,comparison,282.8744992637531,1042.149313802041,11.878929138183594,41.40574071154996,1.4848661422729492,5.175717588943745,ok,43.49388963887532,-88.39848354937544
light_V_8s_2026_05_20-0077_flat_0p3_late_bias_cal.fits,2461181.6867488427,gaia_774289488578357504_src6,comparison,848.5667300002095,961.1244804607854,-73.65948104858398,40.15688825954283,-9.207435131072998,5.019611032442854,nonpositive_flux,43.49388963887532,-88.39848354937544
light_V_8s_2026_05_20-0077_flat_0p3_late_bias_cal.fits,2461181.6867488427,gaia_774290626745586944_src8,comparison,933.4902493088207,1308.1956244379844,18.941566467285156,41.07745332934574,2.3676958084106445,5.134681666168217,ok,43.49388963887532,-88.39848354937544
light_V_8s_2026_05_20-0078_flat_0p3_late_bias_cal.fits,2461181.6869399305,target_V0399_direct,target,1887.2944745918408,620.618104960081,1971739.3706054688,3990.13771653192,246467.4213256836,498.76721456649,ok,44.37191345195015,-89.23784193734758
light_V_8s_2026_05_20-0078_flat_0p3_late_bias_cal.fits,2461181.6869399305,DN_UMa_direct,check,1812.556669485252,675.0768316261235,2835101.1873779297,7120.697183375496,354387.6484222412,890.087147921937,saturated,44.37191345195015,-89.23784193734758
light_V_8s_2026_05_20-0078_flat_0p3_late_bias_cal.fits,2461181.6869399305,gaia_774287774887292672_src5,comparison,1936.0155422782566,1083.9968980946333,51.090328216552734,41.35720293570572,6.386291027069092,5.169650366963215,ok,44.37191345195015,-89.23784193734758
light_V_8s_2026_05_20-0078_flat_0p3_late_bias_cal.fits,2461181.6869399305,gaia_774288805679445888_src7,comparison,1812.367163584246,1340.8116487445334,9.259445190429688,40.37972037902708,1.157430648803711,5.047465047378385,ok,44.37191345195015,-89.23784193734758
light_V_8s_2026_05_20-0078_flat_0p3_late_bias_cal.fits,2461181.6869399305,gaia_774289041901756032_src4,comparison,1896.5163874268083,1443.4149669546416,-1.6249198913574219,40.02017235966687,-0.20311498641967773,5.002521544958359,nonpositive_flux,44.37191345195015,-89.23784193734758
light_V_8s_2026_05_20-0078_flat_0p3_late_bias_cal.fits,2461181.6869399305,gaia_774271076054448768_src2,comparison,1512.8800827323917,261.9019718257248,-13.140151977539062,40.4209957389971,-1.6425189971923828,5.052624467374637,nonpositive_flux,44.37191345195015,-89.23784193734758
light_V_8s_2026_05_20-0078_flat_0p3_late_bias_cal.fits,2461181.6869399305,gaia_774272862760870784_src1,comparison,622.1332136504631,80.32603468997652,37.78288269042969,40.78876962460791,4.722860336303711,5.098596203075989,ok,44.37191345195015,-89.23784193734758
light_V_8s_2026_05_20-0078_flat_0p3_late_bias_cal.fits,2461181.6869399305,gaia_774384016513181696_src3,comparison,283.7525230768279,1041.3099554140688,-10.739635467529297,40.82489816996149,-1.342454433441162,5.103112271245187,nonpositive_flux,44.37191345195015,-89.23784193734758
light_V_8s_2026_05_20-0078_flat_0p3_late_bias_cal.fits,2461181.6869399305,gaia_774289488578357504_src6,comparison,849.4447538132844,960.2851220728132,-73.11671829223633,41.77363053834351,-9.139589786529541,5.221703817292939,nonpositive_flux,44.37191345195015,-89.23784193734758
light_V_8s_2026_05_20-0078_flat_0p3_late_bias_cal.fits,2461181.6869399305,gaia_774290626745586944_src8,comparison,934.3682731218955,1307.3562660500122,-40.75562286376953,43.0317681410949,-5.094452857971191,5.378971017636863,nonpositive_flux,44.37191345195015,-89.23784193734758
light_V_8s_2026_05_20-0079_flat_0p3_late_bias_cal.fits,2461181.6871314817,target_V0399_direct,target,1886.608028448659,620.2006128525936,1735430.2514648438,4773.310585541745,216928.78143310547,596.6638231927182,ok,43.70095972314948,-89.66306048778978
light_V_8s_2026_05_20-0079_flat_0p3_late_bias_cal.fits,2461181.6871314817,DN_UMa_direct,check,1811.9012081708324,674.6438866327265,2476636.180908203,8299.623698078232,309579.5226135254,1037.452962259779,ok,43.70095972314948,-89.66306048778978
light_V_8s_2026_05_20-0079_flat_0p3_late_bias_cal.fits,2461181.6871314817,gaia_774287774887292672_src5,comparison,1935.344588549456,1083.571679544191,-0.6206283569335938,41.02149834952252,-0.07757854461669922,5.127687293690315,nonpositive_flux,43.70095972314948,-89.66306048778978
light_V_8s_2026_05_20-0079_flat_0p3_late_bias_cal.fits,2461181.6871314817,gaia_774288805679445888_src7,comparison,1811.6962098554454,1340.3864301940912,-16.479156494140625,42.384693068546916,-2.059894561767578,5.2980866335683645,nonpositive_flux,43.70095972314948,-89.66306048778978
light_V_8s_2026_05_20-0079_flat_0p3_late_bias_cal.fits,2461181.6871314817,gaia_774289041901756032_src4,comparison,1895.8454336980076,1442.9897484041994,-77.80072784423828,41.83806241994115,-9.725090980529785,5.229757802492644,nonpositive_flux,43.70095972314948,-89.66306048778978
light_V_8s_2026_05_20-0079_flat_0p3_late_bias_cal.fits,2461181.6871314817,gaia_774271076054448768_src2,comparison,1512.209129003591,261.4767532752826,-36.745216369628906,43.833227339058716,-4.593152046203613,5.4791534173823395,nonpositive_flux,43.70095972314948,-89.66306048778978
light_V_8s_2026_05_20-0079_flat_0p3_late_bias_cal.fits,2461181.6871314817,gaia_774272862760870784_src1,comparison,621.4622599216624,79.90081613953433,37.109371185302734,41.05116540878924,4.638671398162842,5.131395676098655,ok,43.70095972314948,-89.66306048778978
light_V_8s_2026_05_20-0079_flat_0p3_late_bias_cal.fits,2461181.6871314817,gaia_774384016513181696_src3,comparison,283.08156934802724,1040.8847368636266,-32.276092529296875,39.45938319812655,-4.034511566162109,4.932422899765819,nonpositive_flux,43.70095972314948,-89.66306048778978
light_V_8s_2026_05_20-0079_flat_0p3_late_bias_cal.fits,2461181.6871314817,gaia_774289488578357504_src6,comparison,848.7738000844837,959.859903522371,-9.077705383300781,40.006278339405384,-1.1347131729125977,5.000784792425673,nonpositive_flux,43.70095972314948,-89.66306048778978
light_V_8s_2026_05_20-0079_flat_0p3_late_bias_cal.fits,2461181.6871314817,gaia_774290626745586944_src8,comparison,933.6973193930949,1306.93104749957,-17.50414276123047,39.30007421819058,-2.1880178451538086,4.912509277273823,nonpositive_flux,43.70095972314948,-89.66306048778978
light_V_8s_2026_05_20-0080_flat_0p3_late_bias_cal.fits,2461181.687323264,target_V0399_direct,target,1887.8329018761542,619.2377637512242,1870722.5084838867,4249.138000940102,233840.31356048584,531.1422501175127,ok,44.8686747497145,-90.62951897779749
light_V_8s_2026_05_20-0080_flat_0p3_late_bias_cal.fits,2461181.687323264,DN_UMa_direct,check,1813.0117647964673,673.6738187540806,2653952.5158081055,7573.032348473371,331744.0644760132,946.6290435591714,ok,44.8686747497145,-90.62951897779749
light_V_8s_2026_05_20-0080_flat_0p3_late_bias_cal.fits,2461181.687323264,gaia_774287774887292672_src5,comparison,1936.512303576021,1082.6052210541834,-5.123409271240234,41.147657180033576,-0.6404261589050293,5.143457147504197,nonpositive_flux,44.8686747497145,-90.62951897779749
light_V_8s_2026_05_20-0080_flat_0p3_late_bias_cal.fits,2461181.687323264,gaia_774288805679445888_src7,comparison,1812.8639248820105,1339.4199717040835,92.22614669799805,43.338364376268856,11.528268337249756,5.417295547033607,ok,44.8686747497145,-90.62951897779749
light_V_8s_2026_05_20-0080_flat_0p3_late_bias_cal.fits,2461181.687323264,gaia_774289041901756032_src4,comparison,1897.0131487245726,1442.0232899141918,-117.55755233764648,40.80953650073357,-14.69469404220581,5.101192062591696,nonpositive_flux,44.8686747497145,-90.62951897779749
light_V_8s_2026_05_20-0080_flat_0p3_late_bias_cal.fits,2461181.687323264,gaia_774271076054448768_src2,comparison,1513.376844030156,260.5102947852749,-39.99418640136719,43.939768807687976,-4.999273300170898,5.492471100960997,nonpositive_flux,44.8686747497145,-90.62951897779749
light_V_8s_2026_05_20-0080_flat_0p3_late_bias_cal.fits,2461181.687323264,gaia_774272862760870784_src1,comparison,622.6299749482274,78.93435764952662,-36.39970016479492,41.81244424726627,-4.549962520599365,5.226555530908284,nonpositive_flux,44.8686747497145,-90.62951897779749
light_V_8s_2026_05_20-0080_flat_0p3_late_bias_cal.fits,2461181.687323264,gaia_774384016513181696_src3,comparison,284.24928437459226,1039.918278373619,-12.675590515136719,42.1507369799092,-1.5844488143920898,5.26884212248865,nonpositive_flux,44.8686747497145,-90.62951897779749
light_V_8s_2026_05_20-0080_flat_0p3_late_bias_cal.fits,2461181.687323264,gaia_774289488578357504_src6,comparison,849.9415151110487,958.8934450323634,6.5409698486328125,40.59475495503474,0.8176212310791016,5.074344369379342,ok,44.8686747497145,-90.62951897779749
light_V_8s_2026_05_20-0080_flat_0p3_late_bias_cal.fits,2461181.687323264,gaia_774290626745586944_src8,comparison,934.8650344196599,1305.9645890095624,81.06890487670898,40.96218565887413,10.133613109588623,5.120273207359266,ok,44.8686747497145,-90.62951897779749
light_V_8s_2026_05_20-0081_flat_0p3_late_bias_cal.fits,2461181.6875149305,target_V0399_direct,target,1887.8955833708237,619.7323880510914,1714416.9924926758,4753.400561679065,214302.12406158447,594.1750702098831,ok,44.9291811340687,-90.10244883820485
light_V_8s_2026_05_20-0081_flat_0p3_late_bias_cal.fits,2461181.6875149305,DN_UMa_direct,check,1813.0700960705062,674.2333347333986,2486449.8068847656,8448.356881107518,310806.2258605957,1056.0446101384398,ok,44.9291811340687,-90.10244883820485
light_V_8s_2026_05_20-0081_flat_0p3_late_bias_cal.fits,2461181.6875149305,gaia_774287774887292672_src5,comparison,1936.5728099603753,1083.132291193776,12.116043090820312,41.05544686441618,1.514505386352539,5.131930858052023,ok,44.9291811340687,-90.10244883820485
light_V_8s_2026_05_20-0081_flat_0p3_late_bias_cal.fits,2461181.6875149305,gaia_774288805679445888_src7,comparison,1812.9244312663645,1339.9470418436763,18.177352905273438,39.641806130699294,2.2721691131591797,4.955225766337412,ok,44.9291811340687,-90.10244883820485
light_V_8s_2026_05_20-0081_flat_0p3_late_bias_cal.fits,2461181.6875149305,gaia_774289041901756032_src4,comparison,1897.0736551089267,1442.5503600537845,-72.82474517822266,43.34587815222317,-9.103093147277832,5.4182347690278965,nonpositive_flux,44.9291811340687,-90.10244883820485
light_V_8s_2026_05_20-0081_flat_0p3_late_bias_cal.fits,2461181.6875149305,gaia_774271076054448768_src2,comparison,1513.43735041451,261.0373649248675,-41.40003204345703,39.89201158299192,-5.175004005432129,4.98650144787399,nonpositive_flux,44.9291811340687,-90.10244883820485
light_V_8s_2026_05_20-0081_flat_0p3_late_bias_cal.fits,2461181.6875149305,gaia_774272862760870784_src1,comparison,622.6904813325816,79.46142778911926,8.911231994628906,43.71572285688959,1.1139039993286133,5.464465357111199,ok,44.9291811340687,-90.10244883820485
light_V_8s_2026_05_20-0081_flat_0p3_late_bias_cal.fits,2461181.6875149305,gaia_774384016513181696_src3,comparison,284.30979075894646,1040.4453485132117,-69.93059921264648,40.97239222203322,-8.74132490158081,5.121549027754153,nonpositive_flux,44.9291811340687,-90.10244883820485
light_V_8s_2026_05_20-0081_flat_0p3_late_bias_cal.fits,2461181.6875149305,gaia_774289488578357504_src6,comparison,850.0020214954029,959.420515171956,-14.23287582397461,40.28030907866293,-1.7791094779968262,5.035038634832866,nonpositive_flux,44.9291811340687,-90.10244883820485
light_V_8s_2026_05_20-0081_flat_0p3_late_bias_cal.fits,2461181.6875149305,gaia_774290626745586944_src8,comparison,934.9255408040141,1306.491659149155,-54.92337417602539,39.75878497395244,-6.865421772003174,4.969848121744055,nonpositive_flux,44.9291811340687,-90.10244883820485
light_V_8s_2026_05_20-0082_flat_0p3_late_bias_cal.fits,2461181.687706597,target_V0399_direct,target,1888.186227677052,618.4769071611915,1646498.1710510254,5036.571196850347,205812.27138137817,629.5713996062934,ok,45.23860778762207,-91.36586584047444
light_V_8s_2026_05_20-0082_flat_0p3_late_bias_cal.fits,2461181.687706597,DN_UMa_direct,check,1813.3983050713846,672.9619816187593,2396747.685546875,9126.649633186766,299593.4606933594,1140.8312041483457,ok,45.23860778762207,-91.36586584047444
light_V_8s_2026_05_20-0082_flat_0p3_late_bias_cal.fits,2461181.687706597,gaia_774287774887292672_src5,comparison,1936.8822366139284,1081.8688741915064,44.75325012207031,40.80587800192919,5.594156265258789,5.100734750241148,ok,45.23860778762207,-91.36586584047444
light_V_8s_2026_05_20-0082_flat_0p3_late_bias_cal.fits,2461181.687706597,gaia_774288805679445888_src7,comparison,1813.2338579199181,1338.6836248414065,-14.36376953125,40.10577747120485,-1.79547119140625,5.013222183900607,nonpositive_flux,45.23860778762207,-91.36586584047444
light_V_8s_2026_05_20-0082_flat_0p3_late_bias_cal.fits,2461181.687706597,gaia_774289041901756032_src4,comparison,1897.3830817624803,1441.2869430515148,-100.27566528320312,41.797827540553214,-12.53445816040039,5.224728442569152,nonpositive_flux,45.23860778762207,-91.36586584047444
light_V_8s_2026_05_20-0082_flat_0p3_late_bias_cal.fits,2461181.687706597,gaia_774271076054448768_src2,comparison,1513.7467770680637,259.7739479225979,36.272911071777344,40.99433641974137,4.534113883972168,5.124292052467672,ok,45.23860778762207,-91.36586584047444
light_V_8s_2026_05_20-0082_flat_0p3_late_bias_cal.fits,2461181.687706597,gaia_774272862760870784_src1,comparison,622.999907986135,78.19801078684966,-0.17134857177734375,40.2339563833052,-0.02141857147216797,5.02924454791315,nonpositive_flux,45.23860778762207,-91.36586584047444
light_V_8s_2026_05_20-0082_flat_0p3_late_bias_cal.fits,2461181.687706597,gaia_774384016513181696_src3,comparison,284.61921741249984,1039.181931510942,-24.439346313476562,40.57143520411931,-3.0549182891845703,5.071429400514914,nonpositive_flux,45.23860778762207,-91.36586584047444
light_V_8s_2026_05_20-0082_flat_0p3_late_bias_cal.fits,2461181.687706597,gaia_774289488578357504_src6,comparison,850.3114481489563,958.1570981696864,24.360126495361328,40.25242776644045,3.045015811920166,5.031553470805056,ok,45.23860778762207,-91.36586584047444
light_V_8s_2026_05_20-0082_flat_0p3_late_bias_cal.fits,2461181.687706597,gaia_774290626745586944_src8,comparison,935.2349674575674,1305.2282421468853,16.135147094726562,40.031116622707216,2.0168933868408203,5.003889577838402,ok,45.23860778762207,-91.36586584047444
light_V_8s_2026_05_20-0083_flat_0p3_late_bias_cal.fits,2461181.6878975695,target_V0399_direct,target,1888.7071274270452,619.4325309613733,1964928.5629882812,4010.5814604629622,245616.07037353516,501.3226825578703,ok,45.770570869288804,-90.38658583471266
light_V_8s_2026_05_20-0083_flat_0p3_late_bias_cal.fits,2461181.6878975695,DN_UMa_direct,check,1813.941331484725,673.9649178301011,2748668.061340332,7214.399688806349,343583.5076675415,901.7999611007937,saturated,45.770570869288804,-90.38658583471266
light_V_8s_2026_05_20-0083_flat_0p3_late_bias_cal.fits,2461181.6878975695,gaia_774287774887292672_src5,comparison,1937.4141996955952,1082.8481541972683,46.73815155029297,42.39231187516586,5.842268943786621,5.299038984395732,ok,45.770570869288804,-90.38658583471266
light_V_8s_2026_05_20-0083_flat_0p3_late_bias_cal.fits,2461181.6878975695,gaia_774288805679445888_src7,comparison,1813.7658210015848,1339.6629048471684,-103.49203109741211,42.679764221538036,-12.936503887176514,5.3349705276922545,nonpositive_flux,45.770570869288804,-90.38658583471266
light_V_8s_2026_05_20-0083_flat_0p3_late_bias_cal.fits,2461181.6878975695,gaia_774289041901756032_src4,comparison,1897.915044844147,1442.2662230572766,83.46199798583984,43.196115507405786,10.43274974822998,5.399514438425723,ok,45.770570869288804,-90.38658583471266
light_V_8s_2026_05_20-0083_flat_0p3_late_bias_cal.fits,2461181.6878975695,gaia_774271076054448768_src2,comparison,1514.2787401497303,260.7532279283597,-13.379100799560547,41.81739665003953,-1.6723875999450684,5.227174581254941,nonpositive_flux,45.770570869288804,-90.38658583471266
light_V_8s_2026_05_20-0083_flat_0p3_late_bias_cal.fits,2461181.6878975695,gaia_774272862760870784_src1,comparison,623.5318710678017,79.17729079261144,-83.72319793701172,42.652926692086595,-10.465399742126465,5.331615836510824,nonpositive_flux,45.770570869288804,-90.38658583471266
light_V_8s_2026_05_20-0083_flat_0p3_late_bias_cal.fits,2461181.6878975695,gaia_774384016513181696_src3,comparison,285.15118049416657,1040.1612115167038,50.779212951660156,43.63791632851129,6.3474016189575195,5.454739541063911,ok,45.770570869288804,-90.38658583471266
light_V_8s_2026_05_20-0083_flat_0p3_late_bias_cal.fits,2461181.6878975695,gaia_774289488578357504_src6,comparison,850.843411230623,959.1363781754483,58.43775939941406,41.45477487814657,7.304719924926758,5.181846859768322,ok,45.770570869288804,-90.38658583471266
light_V_8s_2026_05_20-0083_flat_0p3_late_bias_cal.fits,2461181.6878975695,gaia_774290626745586944_src8,comparison,935.7669305392342,1306.2075221526472,26.008407592773438,42.106316420554364,3.2510509490966797,5.2632895525692955,ok,45.770570869288804,-90.38658583471266
