flat,sequence,file,object_id,role,x,y,match_dist,flux_rate,flag
flat_0p3_late_bias,V0399 named,light_V0399_V_8s_2026_05_20-0001_flat_0p3_late_bias_cal.fits,gaia_774271076054448768_src2,comparison,1496.8261972737305,323.38912427460417,0.7751548261209308,2278.350749015808,ok
flat_0p3_late_bias,V0399 named,light_V0399_V_8s_2026_05_20-0001_flat_0p3_late_bias_cal.fits,gaia_774272862760870784_src1,comparison,589.9488503558082,260.06675505119244,2.2278656733372255,3326.646740913391,ok
flat_0p3_late_bias,V0399 named,light_V0399_V_8s_2026_05_20-0001_flat_0p3_late_bias_cal.fits,gaia_774287774887292672_src5,comparison,2024.0397640441583,1082.9872937469418,0.766469693287703,1307.785496711731,ok
flat_0p3_late_bias,V0399 named,light_V0399_V_8s_2026_05_20-0001_flat_0p3_late_bias_cal.fits,gaia_774288805679445888_src7,comparison,1935.118026830609,1353.849526775419,1.5406676160650112,1074.4656772613525,ok
flat_0p3_late_bias,V0399 named,light_V0399_V_8s_2026_05_20-0001_flat_0p3_late_bias_cal.fits,gaia_774289041901756032_src4,comparison,2031.8971565602849,1444.6760039472465,1.5566161754419505,1377.9126615524292,ok
flat_0p3_late_bias,V0399 named,light_V0399_V_8s_2026_05_20-0001_flat_0p3_late_bias_cal.fits,gaia_774289488578357504_src6,comparison,930.6605250786797,1102.5646171895623,1.6455768332122327,1219.54843044281,ok
flat_0p3_late_bias,V0399 named,light_V0399_V_8s_2026_05_20-0001_flat_0p3_late_bias_cal.fits,gaia_774290626745586944_src8,comparison,1060.6387317188412,1435.5339310292973,1.003855535729375,381.35105323791504,ok
flat_0p3_late_bias,V0399 named,light_V0399_V_8s_2026_05_20-0001_flat_0p3_late_bias_cal.fits,gaia_774384016513181696_src3,comparison,380.7732924829132,1256.926819189222,2.9150044040776293,1517.339282989502,ok
flat_0p3_late_bias,V0399 named,light_V0399_V_8s_2026_05_20-0002_flat_0p3_late_bias_cal.fits,gaia_774271076054448768_src2,comparison,1497.2719154158933,323.68239316613256,1.4067623449726636,2235.532293319702,ok
flat_0p3_late_bias,V0399 named,light_V0399_V_8s_2026_05_20-0002_flat_0p3_late_bias_cal.fits,gaia_774272862760870784_src1,comparison,590.413509511586,260.2714761284802,3.9575325017557432,3270.5273971557617,ok
flat_0p3_late_bias,V0399 named,light_V0399_V_8s_2026_05_20-0002_flat_0p3_late_bias_cal.fits,gaia_774287774887292672_src5,comparison,2024.439137637906,1083.3913054125037,1.2184142444471269,1328.920883178711,ok
flat_0p3_late_bias,V0399 named,light_V0399_V_8s_2026_05_20-0002_flat_0p3_late_bias_cal.fits,gaia_774288805679445888_src7,comparison,1935.5778797583807,1354.2999942014055,2.3140194155835534,1071.1167583465576,ok
flat_0p3_late_bias,V0399 named,light_V0399_V_8s_2026_05_20-0002_flat_0p3_late_bias_cal.fits,gaia_774289041901756032_src4,comparison,2032.3474937746016,1444.975491942366,2.5007812490416454,1334.1734628677368,ok
flat_0p3_late_bias,V0399 named,light_V0399_V_8s_2026_05_20-0002_flat_0p3_late_bias_cal.fits,gaia_774289488578357504_src6,comparison,930.984546295427,1102.9075373604976,2.9281499966812787,1122.8119373321533,ok
flat_0p3_late_bias,V0399 named,light_V0399_V_8s_2026_05_20-0002_flat_0p3_late_bias_cal.fits,gaia_774290626745586944_src8,comparison,1060.9237315842356,1435.7411181276789,2.5017253530047796,378.9598226547241,ok
flat_0p3_late_bias,V0399 named,light_V0399_V_8s_2026_05_20-0002_flat_0p3_late_bias_cal.fits,gaia_774384016513181696_src3,comparison,381.03355270563304,1257.2981751790114,4.797746299293219,1424.3305401802063,ok
flat_0p3_late_bias,V0399 named,light_V0399_V_8s_2026_05_20-0003_flat_0p3_late_bias_cal.fits,gaia_774271076054448768_src2,comparison,1497.051762458424,323.35071972886897,0.9591241488718497,2102.415699005127,ok
flat_0p3_late_bias,V0399 named,light_V0399_V_8s_2026_05_20-0003_flat_0p3_late_bias_cal.fits,gaia_774272862760870784_src1,comparison,590.1889321348878,260.0182709347027,2.7728585796908534,3155.2760524749756,ok
flat_0p3_late_bias,V0399 named,light_V0399_V_8s_2026_05_20-0003_flat_0p3_late_bias_cal.fits,gaia_774287774887292672_src5,comparison,2024.2146348995263,1082.9352400317466,0.8876902148807913,1269.3526515960693,ok
flat_0p3_late_bias,V0399 named,light_V0399_V_8s_2026_05_20-0003_flat_0p3_late_bias_cal.fits,gaia_774288805679445888_src7,comparison,1935.3249214848522,1353.7533262770094,1.7845556145725567,1019.0909833908081,ok
flat_0p3_late_bias,V0399 named,light_V0399_V_8s_2026_05_20-0003_flat_0p3_late_bias_cal.fits,gaia_774289041901756032_src4,comparison,2032.072256385734,1444.5582773096264,1.7874662917697177,1316.2620849609375,ok
flat_0p3_late_bias,V0399 named,light_V0399_V_8s_2026_05_20-0003_flat_0p3_late_bias_cal.fits,gaia_774289488578357504_src6,comparison,930.7735124116753,1102.544640520634,1.9508881123469568,1113.0166816711426,ok
flat_0p3_late_bias,V0399 named,light_V0399_V_8s_2026_05_20-0003_flat_0p3_late_bias_cal.fits,gaia_774290626745586944_src8,comparison,1060.7554446198772,1435.4249248936308,1.5137436630071297,349.79727363586426,ok
flat_0p3_late_bias,V0399 named,light_V0399_V_8s_2026_05_20-0003_flat_0p3_late_bias_cal.fits,gaia_774384016513181696_src3,comparison,380.88426276486297,1256.8727381085735,3.3443369407577714,1434.3666305541992,ok
flat_0p3_late_bias,V0399 named,light_V0399_V_8s_2026_05_20-0004_flat_0p3_late_bias_cal.fits,gaia_774271076054448768_src2,comparison,1497.3672269026915,324.00150969788706,0.9550720695880609,2152.3408851623535,ok
flat_0p3_late_bias,V0399 named,light_V0399_V_8s_2026_05_20-0004_flat_0p3_late_bias_cal.fits,gaia_774272862760870784_src1,comparison,590.643176044893,260.6506538107824,2.896899714992591,3331.3806228637695,ok
flat_0p3_late_bias,V0399 named,light_V0399_V_8s_2026_05_20-0004_flat_0p3_late_bias_cal.fits,gaia_774287774887292672_src5,comparison,2024.5371324743226,1083.7116629363088,0.813249424830872,1335.534315109253,ok
flat_0p3_late_bias,V0399 named,light_V0399_V_8s_2026_05_20-0004_flat_0p3_late_bias_cal.fits,gaia_774288805679445888_src7,comparison,1935.6278045822912,1354.630915238272,1.6485567809382118,1057.395263671875,ok
flat_0p3_late_bias,V0399 named,light_V0399_V_8s_2026_05_20-0004_flat_0p3_late_bias_cal.fits,gaia_774289041901756032_src4,comparison,2032.361529701589,1445.374990444596,1.6750964155749235,1377.874168395996,ok
flat_0p3_late_bias,V0399 named,light_V0399_V_8s_2026_05_20-0004_flat_0p3_late_bias_cal.fits,gaia_774289488578357504_src6,comparison,931.1824211852223,1103.1034234788563,2.054498367055988,1137.4559364318848,ok
flat_0p3_late_bias,V0399 named,light_V0399_V_8s_2026_05_20-0004_flat_0p3_late_bias_cal.fits,gaia_774290626745586944_src8,comparison,1060.8308962117405,1436.1432715067476,1.3733667194916495,358.8126459121704,ok
flat_0p3_late_bias,V0399 named,light_V0399_V_8s_2026_05_20-0004_flat_0p3_late_bias_cal.fits,gaia_774384016513181696_src3,comparison,381.4126159018661,1257.585655467387,3.600466873705835,1438.5088262557983,ok
flat_0p3_late_bias,V0399 named,light_V0399_V_8s_2026_05_20-0005_flat_0p3_late_bias_cal.fits,gaia_774271076054448768_src2,comparison,1498.959121276634,323.3114369789377,1.2150457649136905,2004.104019165039,ok
flat_0p3_late_bias,V0399 named,light_V0399_V_8s_2026_05_20-0005_flat_0p3_late_bias_cal.fits,gaia_774272862760870784_src1,comparison,592.0913929602672,259.90725420808593,3.425267428961239,2984.8116207122803,ok
flat_0p3_late_bias,V0399 named,light_V0399_V_8s_2026_05_20-0005_flat_0p3_late_bias_cal.fits,gaia_774287774887292672_src5,comparison,2025.9681576688095,1082.958620721806,1.0432952501649349,1199.1838855743408,ok
flat_0p3_late_bias,V0399 named,light_V0399_V_8s_2026_05_20-0005_flat_0p3_late_bias_cal.fits,gaia_774288805679445888_src7,comparison,1937.1574416968542,1353.7295334856315,2.1482714669734717,971.1565084457397,ok
flat_0p3_late_bias,V0399 named,light_V0399_V_8s_2026_05_20-0005_flat_0p3_late_bias_cal.fits,gaia_774289041901756032_src4,comparison,2033.817341922828,1444.5417038522198,2.135104711538878,1258.001428604126,ok
flat_0p3_late_bias,V0399 named,light_V0399_V_8s_2026_05_20-0005_flat_0p3_late_bias_cal.fits,gaia_774289488578357504_src6,comparison,932.6221835796588,1102.3161867829542,2.461927287038093,1070.457335472107,ok
flat_0p3_late_bias,V0399 named,light_V0399_V_8s_2026_05_20-0005_flat_0p3_late_bias_cal.fits,gaia_774290626745586944_src8,comparison,1062.3620822290643,1435.0714131009684,2.000741352468787,337.2434720993042,ok
flat_0p3_late_bias,V0399 named,light_V0399_V_8s_2026_05_20-0005_flat_0p3_late_bias_cal.fits,gaia_774384016513181696_src3,comparison,382.77485521611374,1256.7230619033135,4.1746534942123015,1340.1320729255676,ok
flat_0p3_late_bias,V0399 named,light_V0399_V_8s_2026_05_20-0006_flat_0p3_late_bias_cal.fits,gaia_774271076054448768_src2,comparison,1499.522391572979,322.78647379008856,0.8795252726012516,2271.992217063904,ok
flat_0p3_late_bias,V0399 named,light_V0399_V_8s_2026_05_20-0006_flat_0p3_late_bias_cal.fits,gaia_774272862760870784_src1,comparison,592.7504332954563,259.33801019360203,2.587013742684393,3372.716133117676,ok
flat_0p3_late_bias,V0399 named,light_V0399_V_8s_2026_05_20-0006_flat_0p3_late_bias_cal.fits,gaia_774287774887292672_src5,comparison,2026.595606879743,1082.5745754366767,0.6279587395651529,1371.5216827392578,ok
flat_0p3_late_bias,V0399 named,light_V0399_V_8s_2026_05_20-0006_flat_0p3_late_bias_cal.fits,gaia_774288805679445888_src7,comparison,1937.6182367385024,1353.3608881120422,1.46230933142896,1104.3220677375793,ok
flat_0p3_late_bias,V0399 named,light_V0399_V_8s_2026_05_20-0006_flat_0p3_late_bias_cal.fits,gaia_774289041901756032_src4,comparison,2034.4641514877012,1444.1398054469362,1.5368922665252247,1400.6667079925537,ok
flat_0p3_late_bias,V0399 named,light_V0399_V_8s_2026_05_20-0006_flat_0p3_late_bias_cal.fits,gaia_774289488578357504_src6,comparison,933.2724628790827,1101.7885734933816,1.8160775725415486,1173.4793033599854,ok
flat_0p3_late_bias,V0399 named,light_V0399_V_8s_2026_05_20-0006_flat_0p3_late_bias_cal.fits,gaia_774290626745586944_src8,comparison,1063.0622525368697,1434.5825417148872,1.5165980495308182,380.12001514434814,ok
flat_0p3_late_bias,V0399 named,light_V0399_V_8s_2026_05_20-0006_flat_0p3_late_bias_cal.fits,gaia_774384016513181696_src3,comparison,383.4571904837421,1256.1276458583177,3.1697855225258253,1474.1129698753357,ok
flat_0p3_late_bias,V0399 named,light_V0399_V_8s_2026_05_20-0007_flat_0p3_late_bias_cal.fits,gaia_774271076054448768_src2,comparison,1501.079938203671,322.7657958014346,0.9214376456497197,2212.9689178466797,ok
flat_0p3_late_bias,V0399 named,light_V0399_V_8s_2026_05_20-0007_flat_0p3_late_bias_cal.fits,gaia_774272862760870784_src1,comparison,594.3964518655885,259.35304325107023,2.7419353994628146,3363.503450870514,ok
flat_0p3_late_bias,V0399 named,light_V0399_V_8s_2026_05_20-0007_flat_0p3_late_bias_cal.fits,gaia_774287774887292672_src5,comparison,2028.3508792901655,1082.4072758265036,0.9375401230895972,1389.1815752983093,ok
flat_0p3_late_bias,V0399 named,light_V0399_V_8s_2026_05_20-0007_flat_0p3_late_bias_cal.fits,gaia_774288805679445888_src7,comparison,1939.5127415211768,1353.327474695383,1.838224810268658,1068.8565740585327,ok
flat_0p3_late_bias,V0399 named,light_V0399_V_8s_2026_05_20-0007_flat_0p3_late_bias_cal.fits,gaia_774289041901756032_src4,comparison,2036.2424018618026,1444.0675112947627,1.883183640924609,1392.1023616790771,ok
flat_0p3_late_bias,V0399 named,light_V0399_V_8s_2026_05_20-0007_flat_0p3_late_bias_cal.fits,gaia_774289488578357504_src6,comparison,934.9376083621082,1102.0059571074546,2.041823986794401,1161.2566475868225,ok
flat_0p3_late_bias,V0399 named,light_V0399_V_8s_2026_05_20-0007_flat_0p3_late_bias_cal.fits,gaia_774290626745586944_src8,comparison,1064.9849212913703,1434.6728336442704,1.6372804372104144,369.8907461166382,ok
flat_0p3_late_bias,V0399 named,light_V0399_V_8s_2026_05_20-0007_flat_0p3_late_bias_cal.fits,gaia_774384016513181696_src3,comparison,385.0430858086057,1256.3430648373217,3.493062692626498,1481.3709182739258,ok
flat_0p3_late_bias,V0399 named,light_V0399_V_8s_2026_05_20-0008_flat_0p3_late_bias_cal.fits,gaia_774271076054448768_src2,comparison,1501.368348837207,322.59722767759666,0.9534750827996817,2323.7754440307617,ok
flat_0p3_late_bias,V0399 named,light_V0399_V_8s_2026_05_20-0008_flat_0p3_late_bias_cal.fits,gaia_774272862760870784_src1,comparison,594.5589330273414,259.36703778189394,2.8439358409584075,3405.8341608047485,ok
flat_0p3_late_bias,V0399 named,light_V0399_V_8s_2026_05_20-0008_flat_0p3_late_bias_cal.fits,gaia_774287774887292672_src5,comparison,2028.627873682784,1082.1780804737289,0.8106766044488763,1376.6947011947632,ok
flat_0p3_late_bias,V0399 named,light_V0399_V_8s_2026_05_20-0008_flat_0p3_late_bias_cal.fits,gaia_774288805679445888_src7,comparison,1939.744201901411,1353.1040571598296,1.6033365421353805,1087.9728507995605,ok
flat_0p3_late_bias,V0399 named,light_V0399_V_8s_2026_05_20-0008_flat_0p3_late_bias_cal.fits,gaia_774289041901756032_src4,comparison,2036.4313788603204,1443.885759556683,1.560442665331265,1390.656141281128,ok
flat_0p3_late_bias,V0399 named,light_V0399_V_8s_2026_05_20-0008_flat_0p3_late_bias_cal.fits,gaia_774289488578357504_src6,comparison,935.1256782179556,1101.6763078844235,1.8428391545735319,1201.5932426452637,ok
flat_0p3_late_bias,V0399 named,light_V0399_V_8s_2026_05_20-0008_flat_0p3_late_bias_cal.fits,gaia_774290626745586944_src8,comparison,1065.0899797556888,1434.453175350235,1.7572655752928141,387.0719404220581,ok
flat_0p3_late_bias,V0399 named,light_V0399_V_8s_2026_05_20-0008_flat_0p3_late_bias_cal.fits,gaia_774384016513181696_src3,comparison,385.29323248709295,1256.093878368695,3.2352939384400283,1496.6222438812256,ok
flat_0p3_late_bias,V0399 named,light_V0399_V_8s_2026_05_20-0009_flat_0p3_late_bias_cal.fits,gaia_774271076054448768_src2,comparison,1501.7430334652272,323.66988394275523,0.5694296785257208,2131.532162666321,ok
flat_0p3_late_bias,V0399 named,light_V0399_V_8s_2026_05_20-0009_flat_0p3_late_bias_cal.fits,gaia_774272862760870784_src1,comparison,594.8060562761491,260.3551058437025,1.5753172124720325,3206.548656463623,ok
flat_0p3_late_bias,V0399 named,light_V0399_V_8s_2026_05_20-0009_flat_0p3_late_bias_cal.fits,gaia_774287774887292672_src5,comparison,2028.9531419389725,1083.3490337102942,0.4753461844612364,1261.8246002197266,ok
flat_0p3_late_bias,V0399 named,light_V0399_V_8s_2026_05_20-0009_flat_0p3_late_bias_cal.fits,gaia_774288805679445888_src7,comparison,1940.0479080122968,1354.2424891016663,1.1458412821821418,1004.827018737793,ok
flat_0p3_late_bias,V0399 named,light_V0399_V_8s_2026_05_20-0009_flat_0p3_late_bias_cal.fits,gaia_774289041901756032_src4,comparison,2036.784326957846,1445.0443387898608,1.1129129303301124,1280.0594482421875,ok
flat_0p3_late_bias,V0399 named,light_V0399_V_8s_2026_05_20-0009_flat_0p3_late_bias_cal.fits,gaia_774289488578357504_src6,comparison,935.4078441424615,1102.9436120882833,1.0464697278056,1111.2012076377869,ok
flat_0p3_late_bias,V0399 named,light_V0399_V_8s_2026_05_20-0009_flat_0p3_late_bias_cal.fits,gaia_774290626745586944_src8,comparison,1065.3364461509063,1435.8893085965003,0.27331267158456957,344.7728157043457,ok
flat_0p3_late_bias,V0399 named,light_V0399_V_8s_2026_05_20-0009_flat_0p3_late_bias_cal.fits,gaia_774384016513181696_src3,comparison,385.53899470348387,1257.3133463550816,2.127323443074689,1433.605848789215,ok
flat_0p3_late_bias,V0399 named,light_V0399_V_8s_2026_05_20-0010_flat_0p3_late_bias_cal.fits,gaia_774271076054448768_src2,comparison,1503.6093364681196,324.18670286798596,0.8966213165138034,2367.247266292572,ok
flat_0p3_late_bias,V0399 named,light_V0399_V_8s_2026_05_20-0010_flat_0p3_late_bias_cal.fits,gaia_774272862760870784_src1,comparison,596.7065765654214,261.01384855152673,2.8592562598435105,3438.4616804122925,ok
flat_0p3_late_bias,V0399 named,light_V0399_V_8s_2026_05_20-0010_flat_0p3_late_bias_cal.fits,gaia_774287774887292672_src5,comparison,2030.8566717163117,1083.9234323167998,0.7575257504003549,1403.5345726013184,ok
flat_0p3_late_bias,V0399 named,light_V0399_V_8s_2026_05_20-0010_flat_0p3_late_bias_cal.fits,gaia_774288805679445888_src7,comparison,1942.050424640179,1354.7538432121137,1.6586492708746852,1107.3050379753113,ok
flat_0p3_late_bias,V0399 named,light_V0399_V_8s_2026_05_20-0010_flat_0p3_late_bias_cal.fits,gaia_774289041901756032_src4,comparison,2038.8262699669178,1445.537826767408,1.6443960887036466,1444.1618113517761,ok
flat_0p3_late_bias,V0399 named,light_V0399_V_8s_2026_05_20-0010_flat_0p3_late_bias_cal.fits,gaia_774289488578357504_src6,comparison,937.4504382050526,1103.4059297549588,2.0297952662712158,1234.5446877479553,ok
flat_0p3_late_bias,V0399 named,light_V0399_V_8s_2026_05_20-0010_flat_0p3_late_bias_cal.fits,gaia_774290626745586944_src8,comparison,1067.3640938538213,1436.3231131643406,1.9287539787381252,388.1373052597046,ok
flat_0p3_late_bias,V0399 named,light_V0399_V_8s_2026_05_20-0010_flat_0p3_late_bias_cal.fits,gaia_774384016513181696_src3,comparison,387.6906373973859,1257.8820786388183,3.4516511340519473,1523.9074201583862,ok
flat_0p3_late_bias,V0399 named,light_V0399_V_8s_2026_05_20-0011_flat_0p3_late_bias_cal.fits,gaia_774271076054448768_src2,comparison,1504.0270428078773,323.4095211805998,1.1525984652814807,1996.560194015503,ok
flat_0p3_late_bias,V0399 named,light_V0399_V_8s_2026_05_20-0011_flat_0p3_late_bias_cal.fits,gaia_774272862760870784_src1,comparison,597.1613393234932,260.05573454373587,3.2482976737789557,2989.974073410034,ok
flat_0p3_late_bias,V0399 named,light_V0399_V_8s_2026_05_20-0011_flat_0p3_late_bias_cal.fits,gaia_774287774887292672_src5,comparison,2031.0907303163042,1082.9325675476964,1.0283693153397464,1181.240605354309,ok
flat_0p3_late_bias,V0399 named,light_V0399_V_8s_2026_05_20-0011_flat_0p3_late_bias_cal.fits,gaia_774288805679445888_src7,comparison,1942.1700499782874,1353.743121720576,1.9553741902347217,986.4656167030334,ok
flat_0p3_late_bias,V0399 named,light_V0399_V_8s_2026_05_20-0011_flat_0p3_late_bias_cal.fits,gaia_774289041901756032_src4,comparison,2038.9960701073862,1444.630593035066,1.9526631082181998,1223.4878120422363,ok
flat_0p3_late_bias,V0399 named,light_V0399_V_8s_2026_05_20-0011_flat_0p3_late_bias_cal.fits,gaia_774289488578357504_src6,comparison,937.6052809222963,1102.5851908650277,2.183988501198127,1079.9909343719482,ok
flat_0p3_late_bias,V0399 named,light_V0399_V_8s_2026_05_20-0011_flat_0p3_late_bias_cal.fits,gaia_774290626745586944_src8,comparison,1067.735406202845,1435.2698387759515,2.1298615779672687,342.30854415893555,ok
flat_0p3_late_bias,V0399 named,light_V0399_V_8s_2026_05_20-0011_flat_0p3_late_bias_cal.fits,gaia_774384016513181696_src3,comparison,387.69895373636245,1257.0256197948447,3.7205427763634655,1342.4869661331177,ok
flat_0p3_late_bias,V0399 named,light_V0399_V_8s_2026_05_20-0012_flat_0p3_late_bias_cal.fits,gaia_774271076054448768_src2,comparison,1504.4903384916768,322.27052948386864,0.6007494902370871,2283.6753482818604,ok
flat_0p3_late_bias,V0399 named,light_V0399_V_8s_2026_05_20-0012_flat_0p3_late_bias_cal.fits,gaia_774272862760870784_src1,comparison,597.8452479732465,258.68131237867476,1.3932660237377228,3306.4922199249268,ok
flat_0p3_late_bias,V0399 named,light_V0399_V_8s_2026_05_20-0012_flat_0p3_late_bias_cal.fits,gaia_774287774887292672_src5,comparison,2031.7836630750903,1081.8302573908566,0.756859246180977,1330.691650390625,ok
flat_0p3_late_bias,V0399 named,light_V0399_V_8s_2026_05_20-0012_flat_0p3_late_bias_cal.fits,gaia_774288805679445888_src7,comparison,1942.8726158530508,1352.7255030604892,1.4308931584994924,1065.0568351745605,ok
flat_0p3_late_bias,V0399 named,light_V0399_V_8s_2026_05_20-0012_flat_0p3_late_bias_cal.fits,gaia_774289041901756032_src4,comparison,2039.7493054993413,1443.5328541477832,1.593050663629625,1404.6607208251953,ok
flat_0p3_late_bias,V0399 named,light_V0399_V_8s_2026_05_20-0012_flat_0p3_late_bias_cal.fits,gaia_774289488578357504_src6,comparison,938.5247360132179,1101.1175672316024,1.1650009943124178,1195.2221870422363,ok
flat_0p3_late_bias,V0399 named,light_V0399_V_8s_2026_05_20-0012_flat_0p3_late_bias_cal.fits,gaia_774290626745586944_src8,comparison,1068.3805866212574,1433.8719415526207,0.5480069605768194,363.784836769104,ok
flat_0p3_late_bias,V0399 named,light_V0399_V_8s_2026_05_20-0012_flat_0p3_late_bias_cal.fits,gaia_774384016513181696_src3,comparison,388.63995364524953,1255.6252318635707,2.3595451728558245,1519.0560522079468,ok
flat_0p3_late_bias,V0399 named,light_V0399_V_8s_2026_05_20-0013_flat_0p3_late_bias_cal.fits,gaia_774271076054448768_src2,comparison,1503.492955945143,322.303584951515,0.8897368708307364,2055.731922149658,ok
flat_0p3_late_bias,V0399 named,light_V0399_V_8s_2026_05_20-0013_flat_0p3_late_bias_cal.fits,gaia_774272862760870784_src1,comparison,596.8828106611878,258.67077662255366,2.600509123089481,3025.0284423828125,ok
flat_0p3_late_bias,V0399 named,light_V0399_V_8s_2026_05_20-0013_flat_0p3_late_bias_cal.fits,gaia_774287774887292672_src5,comparison,2030.76231794612,1081.8398214781214,1.0671414197214122,1226.4017667770386,ok
flat_0p3_late_bias,V0399 named,light_V0399_V_8s_2026_05_20-0013_flat_0p3_late_bias_cal.fits,gaia_774288805679445888_src7,comparison,1941.778597407568,1352.742410175306,1.8429290001841012,979.7530946731567,ok
flat_0p3_late_bias,V0399 named,light_V0399_V_8s_2026_05_20-0013_flat_0p3_late_bias_cal.fits,gaia_774289041901756032_src4,comparison,2038.572526824376,1443.590957917323,1.863631844492973,1261.7191171646118,ok
flat_0p3_late_bias,V0399 named,light_V0399_V_8s_2026_05_20-0013_flat_0p3_late_bias_cal.fits,gaia_774289488578357504_src6,comparison,937.3208472290064,1101.2176876596936,1.9676800963607064,1062.0119791030884,ok
flat_0p3_late_bias,V0399 named,light_V0399_V_8s_2026_05_20-0013_flat_0p3_late_bias_cal.fits,gaia_774290626745586944_src8,comparison,1067.0956837584047,1434.3468569787817,1.3550735561065579,332.40102195739746,ok
flat_0p3_late_bias,V0399 named,light_V0399_V_8s_2026_05_20-0013_flat_0p3_late_bias_cal.fits,gaia_774384016513181696_src3,comparison,387.47390360863545,1255.5174926240038,3.3330320675623284,1369.7535877227783,ok
flat_0p3_late_bias,V0399 named,light_V0399_V_8s_2026_05_20-0014_flat_0p3_late_bias_cal.fits,gaia_774271076054448768_src2,comparison,1505.8528862330543,321.97199801922636,1.132923813145725,2312.3115768432617,ok
flat_0p3_late_bias,V0399 named,light_V0399_V_8s_2026_05_20-0014_flat_0p3_late_bias_cal.fits,gaia_774272862760870784_src1,comparison,599.090845807468,258.48254634287605,3.2107785611507955,3521.5533447265625,ok
flat_0p3_late_bias,V0399 named,light_V0399_V_8s_2026_05_20-0014_flat_0p3_late_bias_cal.fits,gaia_774287774887292672_src5,comparison,2032.960744481673,1081.6209814120496,0.9387139162979435,1388.8896789550781,ok
flat_0p3_late_bias,V0399 named,light_V0399_V_8s_2026_05_20-0014_flat_0p3_late_bias_cal.fits,gaia_774288805679445888_src7,comparison,1944.2171879283721,1352.3631972985643,2.0576265727625267,1146.715187072754,ok
flat_0p3_late_bias,V0399 named,light_V0399_V_8s_2026_05_20-0014_flat_0p3_late_bias_cal.fits,gaia_774289041901756032_src4,comparison,2040.942325506618,1443.129389003754,2.0967026856334714,1433.0499467849731,ok
flat_0p3_late_bias,V0399 named,light_V0399_V_8s_2026_05_20-0014_flat_0p3_late_bias_cal.fits,gaia_774289488578357504_src6,comparison,939.6075595263856,1101.014744245245,2.304064177831499,1220.281322479248,ok
flat_0p3_late_bias,V0399 named,light_V0399_V_8s_2026_05_20-0014_flat_0p3_late_bias_cal.fits,gaia_774290626745586944_src8,comparison,1069.5340601619073,1433.776454289425,2.0787075654084624,393.14287185668945,ok
flat_0p3_late_bias,V0399 named,light_V0399_V_8s_2026_05_20-0014_flat_0p3_late_bias_cal.fits,gaia_774384016513181696_src3,comparison,389.6886531699074,1255.4029766017072,3.8367325182221603,1577.214427947998,ok
flat_0p3_late_bias,V0399 named,light_V0399_V_8s_2026_05_20-0015_flat_0p3_late_bias_cal.fits,gaia_774271076054448768_src2,comparison,1506.7067498100757,321.2681280651757,0.23222168995819678,1650.6520023345947,ok
flat_0p3_late_bias,V0399 named,light_V0399_V_8s_2026_05_20-0015_flat_0p3_late_bias_cal.fits,gaia_774272862760870784_src1,comparison,599.5932008182496,258.05340869621904,0.6570229156268034,2489.6154708862305,ok
flat_0p3_late_bias,V0399 named,light_V0399_V_8s_2026_05_20-0015_flat_0p3_late_bias_cal.fits,gaia_774287774887292672_src5,comparison,2033.764506360742,1080.780156202833,0.15964740246094014,945.7635154724121,ok
flat_0p3_late_bias,V0399 named,light_V0399_V_8s_2026_05_20-0015_flat_0p3_late_bias_cal.fits,gaia_774288805679445888_src7,comparison,1944.5640617818601,1351.8010568583982,0.29994084859158954,767.6679096221924,ok
flat_0p3_late_bias,V0399 named,light_V0399_V_8s_2026_05_20-0015_flat_0p3_late_bias_cal.fits,gaia_774289041901756032_src4,comparison,2041.389571913247,1442.3528198219747,0.4020295135159605,1015.4467430114746,ok
flat_0p3_late_bias,V0399 named,light_V0399_V_8s_2026_05_20-0015_flat_0p3_late_bias_cal.fits,gaia_774289488578357504_src6,comparison,940.5982687574509,1100.4895828930798,0.4954169672133716,853.2473163604736,ok
flat_0p3_late_bias,V0399 named,light_V0399_V_8s_2026_05_20-0015_flat_0p3_late_bias_cal.fits,gaia_774290626745586944_src8,comparison,1070.6238154467403,1433.3940677231124,0.4658325656662239,277.93186140060425,ok
flat_0p3_late_bias,V0399 named,light_V0399_V_8s_2026_05_20-0015_flat_0p3_late_bias_cal.fits,gaia_774384016513181696_src3,comparison,390.7059825036564,1254.7619078352795,1.0782839454604867,1103.016074180603,ok
flat_0p3_late_bias,V0399 named,light_V0399_V_8s_2026_05_20-0016_flat_0p3_late_bias_cal.fits,gaia_774271076054448768_src2,comparison,1506.5285067831196,319.87959484513175,1.7595681889899424,2317.4705963134766,ok
flat_0p3_late_bias,V0399 named,light_V0399_V_8s_2026_05_20-0016_flat_0p3_late_bias_cal.fits,gaia_774272862760870784_src1,comparison,599.9415556888831,256.85202629618254,5.633950749688525,3291.139974594116,ok
flat_0p3_late_bias,V0399 named,light_V0399_V_8s_2026_05_20-0016_flat_0p3_late_bias_cal.fits,gaia_774287774887292672_src5,comparison,2033.8242832003807,1079.786005705071,1.4306735548443559,1381.368480682373,ok
flat_0p3_late_bias,V0399 named,light_V0399_V_8s_2026_05_20-0016_flat_0p3_late_bias_cal.fits,gaia_774288805679445888_src7,comparison,1944.7488246083442,1350.555635020465,2.6873575940473677,1130.1779127120972,ok
flat_0p3_late_bias,V0399 named,light_V0399_V_8s_2026_05_20-0016_flat_0p3_late_bias_cal.fits,gaia_774289041901756032_src4,comparison,2041.4745051806126,1441.4471173395407,2.7725920613559545,1433.0672793388367,ok
flat_0p3_late_bias,V0399 named,light_V0399_V_8s_2026_05_20-0016_flat_0p3_late_bias_cal.fits,gaia_774289488578357504_src6,comparison,940.4484081691706,1099.320487294705,3.930324483460585,1221.2595400810242,ok
flat_0p3_late_bias,V0399 named,light_V0399_V_8s_2026_05_20-0016_flat_0p3_late_bias_cal.fits,gaia_774290626745586944_src8,comparison,1070.196824535195,1432.2559950029565,3.7535845537858865,379.23385524749756,ok
flat_0p3_late_bias,V0399 named,light_V0399_V_8s_2026_05_20-0016_flat_0p3_late_bias_cal.fits,gaia_774384016513181696_src3,comparison,390.5492283983581,1253.9305949849154,6.216396708595344,1543.1813774108887,ok
flat_0p3_late_bias,V0399 named,light_V0399_V_8s_2026_05_20-0017_flat_0p3_late_bias_cal.fits,gaia_774271076054448768_src2,comparison,1507.600465365685,322.213358863021,1.124079728066642,2356.444730758667,ok
flat_0p3_late_bias,V0399 named,light_V0399_V_8s_2026_05_20-0017_flat_0p3_late_bias_cal.fits,gaia_774272862760870784_src1,comparison,600.7301873605185,258.8120374825283,2.8223007064816517,3516.3553652763367,ok
flat_0p3_late_bias,V0399 named,light_V0399_V_8s_2026_05_20-0017_flat_0p3_late_bias_cal.fits,gaia_774287774887292672_src5,comparison,2034.913281149605,1081.7267192020922,0.8316124228047738,1395.4812393188477,ok
flat_0p3_late_bias,V0399 named,light_V0399_V_8s_2026_05_20-0017_flat_0p3_late_bias_cal.fits,gaia_774288805679445888_src7,comparison,1946.1143704967467,1352.3329629628379,1.9612111410786337,1111.4543132781982,ok
flat_0p3_late_bias,V0399 named,light_V0399_V_8s_2026_05_20-0017_flat_0p3_late_bias_cal.fits,gaia_774289041901756032_src4,comparison,2042.7780183733032,1443.1530572173253,1.8842795347779648,1433.1356558799744,ok
flat_0p3_late_bias,V0399 named,light_V0399_V_8s_2026_05_20-0017_flat_0p3_late_bias_cal.fits,gaia_774289488578357504_src6,comparison,941.5375220567496,1101.3471668672041,2.1226110191894842,1248.454426765442,ok
flat_0p3_late_bias,V0399 named,light_V0399_V_8s_2026_05_20-0017_flat_0p3_late_bias_cal.fits,gaia_774290626745586944_src8,comparison,1071.3041967676095,1434.145977497761,1.500003578817765,394.73261547088623,ok
flat_0p3_late_bias,V0399 named,light_V0399_V_8s_2026_05_20-0017_flat_0p3_late_bias_cal.fits,gaia_774384016513181696_src3,comparison,391.54898992857176,1255.8711364600442,3.486663136776886,1546.4184226989746,ok
flat_0p3_late_bias,V0399 named,light_V0399_V_8s_2026_05_20-0018_flat_0p3_late_bias_cal.fits,gaia_774271076054448768_src2,comparison,1507.99821197961,323.4262081082868,1.1371964933125183,2384.025375366211,ok
flat_0p3_late_bias,V0399 named,light_V0399_V_8s_2026_05_20-0018_flat_0p3_late_bias_cal.fits,gaia_774272862760870784_src1,comparison,601.0778411010133,260.0772837046497,3.0856356865117016,3451.2376642227173,ok
flat_0p3_late_bias,V0399 named,light_V0399_V_8s_2026_05_20-0018_flat_0p3_late_bias_cal.fits,gaia_774287774887292672_src5,comparison,2035.3514674190883,1082.9882039682786,0.976403726406603,1417.9955654144287,ok
flat_0p3_late_bias,V0399 named,light_V0399_V_8s_2026_05_20-0018_flat_0p3_late_bias_cal.fits,gaia_774288805679445888_src7,comparison,1946.569455460141,1353.9607225265759,1.9146056065380268,1153.6593561172485,ok
flat_0p3_late_bias,V0399 named,light_V0399_V_8s_2026_05_20-0018_flat_0p3_late_bias_cal.fits,gaia_774289041901756032_src4,comparison,2043.3047239542127,1444.6893188519516,1.946640351405656,1488.7291736602783,ok
flat_0p3_late_bias,V0399 named,light_V0399_V_8s_2026_05_20-0018_flat_0p3_late_bias_cal.fits,gaia_774289488578357504_src6,comparison,941.9048138245295,1102.6843401188069,2.3315117192102943,1255.0409936904907,ok
flat_0p3_late_bias,V0399 named,light_V0399_V_8s_2026_05_20-0018_flat_0p3_late_bias_cal.fits,gaia_774290626745586944_src8,comparison,1071.8853289167773,1435.6011997788055,1.9020909996082973,405.16500663757324,ok
flat_0p3_late_bias,V0399 named,light_V0399_V_8s_2026_05_20-0018_flat_0p3_late_bias_cal.fits,gaia_774384016513181696_src3,comparison,391.8283336759984,1257.0939304075177,3.678473901854938,1593.7704191207886,ok
flat_0p3_late_bias,V0399 named,light_V0399_V_8s_2026_05_20-0019_flat_0p3_late_bias_cal.fits,gaia_774271076054448768_src2,comparison,1508.761303972793,323.6320035037014,0.85400601180287,2365.1422691345215,ok
flat_0p3_late_bias,V0399 named,light_V0399_V_8s_2026_05_20-0019_flat_0p3_late_bias_cal.fits,gaia_774272862760870784_src1,comparison,601.9576877746154,260.3152199577528,2.3819047645289433,3429.191969871521,ok
flat_0p3_late_bias,V0399 named,light_V0399_V_8s_2026_05_20-0019_flat_0p3_late_bias_cal.fits,gaia_774287774887292672_src5,comparison,2035.853502671893,1083.263932059055,0.48482987339354877,1374.8871364593506,ok
flat_0p3_late_bias,V0399 named,light_V0399_V_8s_2026_05_20-0019_flat_0p3_late_bias_cal.fits,gaia_774288805679445888_src7,comparison,1947.1442625763314,1354.0757476796748,1.3906699839377827,1095.3382425308228,ok
flat_0p3_late_bias,V0399 named,light_V0399_V_8s_2026_05_20-0019_flat_0p3_late_bias_cal.fits,gaia_774289041901756032_src4,comparison,2043.8250609691077,1444.8810154408136,1.2798925151347824,1424.2509155273438,ok
flat_0p3_late_bias,V0399 named,light_V0399_V_8s_2026_05_20-0019_flat_0p3_late_bias_cal.fits,gaia_774289488578357504_src6,comparison,942.3860782187555,1102.857444862725,1.403539005633227,1228.8881478309631,ok
flat_0p3_late_bias,V0399 named,light_V0399_V_8s_2026_05_20-0019_flat_0p3_late_bias_cal.fits,gaia_774290626745586944_src8,comparison,1071.999328484178,1435.7349977483436,0.9901695917192778,374.4139862060547,ok
flat_0p3_late_bias,V0399 named,light_V0399_V_8s_2026_05_20-0019_flat_0p3_late_bias_cal.fits,gaia_774384016513181696_src3,comparison,392.6949778370455,1257.3386299903264,2.777521425852519,1580.152485370636,ok
flat_0p3_late_bias,V0399 named,light_V0399_V_8s_2026_05_20-0020_flat_0p3_late_bias_cal.fits,gaia_774271076054448768_src2,comparison,1509.4456447205798,323.11994549725455,1.3467261039819138,2417.3104095458984,ok
flat_0p3_late_bias,V0399 named,light_V0399_V_8s_2026_05_20-0020_flat_0p3_late_bias_cal.fits,gaia_774272862760870784_src1,comparison,602.4088273110223,259.76643411110035,3.8417695392511133,3618.4666862487793,ok
flat_0p3_late_bias,V0399 named,light_V0399_V_8s_2026_05_20-0020_flat_0p3_late_bias_cal.fits,gaia_774287774887292672_src5,comparison,2036.544155647337,1082.9290449914085,1.0562494388446504,1472.3181838989258,ok
flat_0p3_late_bias,V0399 named,light_V0399_V_8s_2026_05_20-0020_flat_0p3_late_bias_cal.fits,gaia_774288805679445888_src7,comparison,1947.5972032295592,1353.789983287981,2.0093215937854794,1158.0261211395264,ok
flat_0p3_late_bias,V0399 named,light_V0399_V_8s_2026_05_20-0020_flat_0p3_late_bias_cal.fits,gaia_774289041901756032_src4,comparison,2044.3529533824608,1444.5405577070924,2.121089031050135,1514.3498344421387,ok
flat_0p3_late_bias,V0399 named,light_V0399_V_8s_2026_05_20-0020_flat_0p3_late_bias_cal.fits,gaia_774289488578357504_src6,comparison,943.203795466252,1102.3440674830872,2.889430558516924,1275.8148307800293,ok
flat_0p3_late_bias,V0399 named,light_V0399_V_8s_2026_05_20-0020_flat_0p3_late_bias_cal.fits,gaia_774290626745586944_src8,comparison,1073.0888858305434,1435.4560414641749,2.6955754621814183,415.9906463623047,ok
flat_0p3_late_bias,V0399 named,light_V0399_V_8s_2026_05_20-0020_flat_0p3_late_bias_cal.fits,gaia_774384016513181696_src3,comparison,393.16168450882304,1256.718097679662,4.471200057015328,1618.913812637329,ok
flat_0p3_late_bias,V0399 named,light_V0399_V_8s_2026_05_20-0021_flat_0p3_late_bias_cal.fits,gaia_774271076054448768_src2,comparison,1511.8242207302733,324.208610410786,0.8889887533628362,2356.521372795105,ok
flat_0p3_late_bias,V0399 named,light_V0399_V_8s_2026_05_20-0021_flat_0p3_late_bias_cal.fits,gaia_774272862760870784_src1,comparison,605.0710928587206,260.836748814321,2.6916987360250535,3438.1177921295166,ok
flat_0p3_late_bias,V0399 named,light_V0399_V_8s_2026_05_20-0021_flat_0p3_late_bias_cal.fits,gaia_774287774887292672_src5,comparison,2039.0581388676949,1083.9105221066259,0.8266482142346706,1387.200961112976,ok
flat_0p3_late_bias,V0399 named,light_V0399_V_8s_2026_05_20-0021_flat_0p3_late_bias_cal.fits,gaia_774288805679445888_src7,comparison,1950.178652308271,1354.8309302686146,1.674724758558995,1140.8826866149902,ok
flat_0p3_late_bias,V0399 named,light_V0399_V_8s_2026_05_20-0021_flat_0p3_late_bias_cal.fits,gaia_774289041901756032_src4,comparison,2046.9093225699137,1445.5753497967673,1.700274645905489,1468.9012379646301,ok
flat_0p3_late_bias,V0399 named,light_V0399_V_8s_2026_05_20-0021_flat_0p3_late_bias_cal.fits,gaia_774289488578357504_src6,comparison,945.6544877387392,1103.3996384276722,1.949535577366632,1255.946403503418,ok
flat_0p3_late_bias,V0399 named,light_V0399_V_8s_2026_05_20-0021_flat_0p3_late_bias_cal.fits,gaia_774290626745586944_src8,comparison,1075.7188436067288,1436.2755577053506,1.5935252994807576,390.060622215271,ok
flat_0p3_late_bias,V0399 named,light_V0399_V_8s_2026_05_20-0021_flat_0p3_late_bias_cal.fits,gaia_774384016513181696_src3,comparison,395.85781363300185,1257.7240464088645,3.4149177756117854,1530.6264724731445,ok
flat_0p3_late_bias,V0399 named,light_V0399_V_8s_2026_05_20-0022_flat_0p3_late_bias_cal.fits,gaia_774271076054448768_src2,comparison,1510.8457856019656,324.17246384336664,0.6967592798924377,2283.2201828956604,ok
flat_0p3_late_bias,V0399 named,light_V0399_V_8s_2026_05_20-0022_flat_0p3_late_bias_cal.fits,gaia_774272862760870784_src1,comparison,604.0928718666538,260.92498289274874,2.0185103673176235,3335.8812828063965,ok
flat_0p3_late_bias,V0399 named,light_V0399_V_8s_2026_05_20-0022_flat_0p3_late_bias_cal.fits,gaia_774287774887292672_src5,comparison,2038.3194866715135,1083.7263264762626,0.6358112706421011,1380.9569416046143,ok
flat_0p3_late_bias,V0399 named,light_V0399_V_8s_2026_05_20-0022_flat_0p3_late_bias_cal.fits,gaia_774288805679445888_src7,comparison,1949.356467766109,1354.628634590084,1.2869089953190254,1122.6767382621765,ok
flat_0p3_late_bias,V0399 named,light_V0399_V_8s_2026_05_20-0022_flat_0p3_late_bias_cal.fits,gaia_774289041901756032_src4,comparison,2046.2009383346344,1445.4150902078638,1.3147184819741675,1409.3478355407715,ok
flat_0p3_late_bias,V0399 named,light_V0399_V_8s_2026_05_20-0022_flat_0p3_late_bias_cal.fits,gaia_774289488578357504_src6,comparison,944.7683352049573,1103.4031082584938,1.3165235462757139,1224.435863494873,ok
flat_0p3_late_bias,V0399 named,light_V0399_V_8s_2026_05_20-0022_flat_0p3_late_bias_cal.fits,gaia_774290626745586944_src8,comparison,1074.4423592978812,1436.2936640656865,0.7701602561044882,388.59738063812256,ok
flat_0p3_late_bias,V0399 named,light_V0399_V_8s_2026_05_20-0022_flat_0p3_late_bias_cal.fits,gaia_774384016513181696_src3,comparison,394.7449038651279,1257.74267190407,2.2613940705654563,1558.2655334472656,ok
flat_0p3_late_bias,V0399 named,light_V0399_V_8s_2026_05_20-0023_flat_0p3_late_bias_cal.fits,gaia_774271076054448768_src2,comparison,1512.1847133456367,325.084635907472,0.7894107984167149,2153.6565866470337,ok
flat_0p3_late_bias,V0399 named,light_V0399_V_8s_2026_05_20-0023_flat_0p3_late_bias_cal.fits,gaia_774272862760870784_src1,comparison,605.5790252282803,261.9069754059252,2.592456727038882,3235.000273704529,ok
flat_0p3_late_bias,V0399 named,light_V0399_V_8s_2026_05_20-0023_flat_0p3_late_bias_cal.fits,gaia_774287774887292672_src5,comparison,2039.4840877924482,1084.6192657277984,0.791310007125169,1298.813081741333,ok
flat_0p3_late_bias,V0399 named,light_V0399_V_8s_2026_05_20-0023_flat_0p3_late_bias_cal.fits,gaia_774288805679445888_src7,comparison,1950.5210788220563,1355.5549963138246,1.4721675306680133,1067.7950510978699,ok
flat_0p3_late_bias,V0399 named,light_V0399_V_8s_2026_05_20-0023_flat_0p3_late_bias_cal.fits,gaia_774289041901756032_src4,comparison,2047.29777170104,1446.297331041618,1.5016219463192246,1360.3411645889282,ok
flat_0p3_late_bias,V0399 named,light_V0399_V_8s_2026_05_20-0023_flat_0p3_late_bias_cal.fits,gaia_774289488578357504_src6,comparison,946.3081460698141,1104.35536446387,1.933645179590138,1171.0029950141907,ok
flat_0p3_late_bias,V0399 named,light_V0399_V_8s_2026_05_20-0023_flat_0p3_late_bias_cal.fits,gaia_774290626745586944_src8,comparison,1076.1875669888998,1437.1368161147489,1.4321797545195534,356.40630054473877,ok
flat_0p3_late_bias,V0399 named,light_V0399_V_8s_2026_05_20-0023_flat_0p3_late_bias_cal.fits,gaia_774384016513181696_src3,comparison,396.38971348256734,1258.8437502647666,3.1597149933936013,1460.6836957931519,ok
flat_0p3_late_bias,V0399 named,light_V0399_V_8s_2026_05_20-0024_flat_0p3_late_bias_cal.fits,gaia_774271076054448768_src2,comparison,1511.835211494378,324.10946509922314,0.8377357735098032,2106.348066329956,ok
flat_0p3_late_bias,V0399 named,light_V0399_V_8s_2026_05_20-0024_flat_0p3_late_bias_cal.fits,gaia_774272862760870784_src1,comparison,604.9998185958007,260.92145459841123,2.5119993027951466,3057.4566955566406,ok
flat_0p3_late_bias,V0399 named,light_V0399_V_8s_2026_05_20-0024_flat_0p3_late_bias_cal.fits,gaia_774287774887292672_src5,comparison,2039.0894030609822,1083.8125568280707,0.6408804467048959,1271.7205619812012,ok
flat_0p3_late_bias,V0399 named,light_V0399_V_8s_2026_05_20-0024_flat_0p3_late_bias_cal.fits,gaia_774288805679445888_src7,comparison,1950.414475177587,1354.8380671082696,1.5494333312789603,1040.5926036834717,ok
flat_0p3_late_bias,V0399 named,light_V0399_V_8s_2026_05_20-0024_flat_0p3_late_bias_cal.fits,gaia_774289041901756032_src4,comparison,2047.0348800079348,1445.4735212482253,1.4858480745500315,1339.1146755218506,ok
flat_0p3_late_bias,V0399 named,light_V0399_V_8s_2026_05_20-0024_flat_0p3_late_bias_cal.fits,gaia_774289488578357504_src6,comparison,945.7664083526307,1103.420462004398,1.829205069283154,1145.4442768096924,ok
flat_0p3_late_bias,V0399 named,light_V0399_V_8s_2026_05_20-0024_flat_0p3_late_bias_cal.fits,gaia_774290626745586944_src8,comparison,1075.768827479036,1436.3311210316215,1.3326601453490314,347.2302074432373,ok
flat_0p3_late_bias,V0399 named,light_V0399_V_8s_2026_05_20-0024_flat_0p3_late_bias_cal.fits,gaia_774384016513181696_src3,comparison,395.827850544794,1257.9401077185014,3.0761982393719385,1405.8524942398071,ok
flat_0p3_late_bias,V0399 named,light_V0399_V_8s_2026_05_20-0025_flat_0p3_late_bias_cal.fits,gaia_774271076054448768_src2,comparison,1513.5796058115325,324.74768612655373,1.3335652514611889,2465.6745109558105,ok
flat_0p3_late_bias,V0399 named,light_V0399_V_8s_2026_05_20-0025_flat_0p3_late_bias_cal.fits,gaia_774272862760870784_src1,comparison,606.689727006951,261.5494428849303,3.714032180937147,3557.8542518615723,ok
flat_0p3_late_bias,V0399 named,light_V0399_V_8s_2026_05_20-0025_flat_0p3_late_bias_cal.fits,gaia_774287774887292672_src5,comparison,2040.8367752946006,1084.2079494586096,1.1101482347894838,1450.8815670013428,ok
flat_0p3_late_bias,V0399 named,light_V0399_V_8s_2026_05_20-0025_flat_0p3_late_bias_cal.fits,gaia_774288805679445888_src7,comparison,1951.9398695911323,1355.1636826680485,1.9751484938885453,1148.8189859390259,ok
flat_0p3_late_bias,V0399 named,light_V0399_V_8s_2026_05_20-0025_flat_0p3_late_bias_cal.fits,gaia_774289041901756032_src4,comparison,2048.7865800282925,1445.8480360300975,2.1521165501103248,1464.979549407959,ok
flat_0p3_late_bias,V0399 named,light_V0399_V_8s_2026_05_20-0025_flat_0p3_late_bias_cal.fits,gaia_774289488578357504_src6,comparison,947.4434474976136,1103.9844889678288,2.605363192902326,1237.9095973968506,ok
flat_0p3_late_bias,V0399 named,light_V0399_V_8s_2026_05_20-0025_flat_0p3_late_bias_cal.fits,gaia_774290626745586944_src8,comparison,1077.2454759886655,1436.9761525324222,2.183383130799672,398.014497756958,ok
flat_0p3_late_bias,V0399 named,light_V0399_V_8s_2026_05_20-0025_flat_0p3_late_bias_cal.fits,gaia_774384016513181696_src3,comparison,397.47837665847817,1258.5007481261212,4.215402673943067,1586.2655696868896,ok
flat_0p3_late_bias,V0399 named,light_V0399_V_8s_2026_05_20-0026_flat_0p3_late_bias_cal.fits,gaia_774271076054448768_src2,comparison,1513.5829348358452,324.97949747898497,0.8950484781836233,2220.9762573242188,ok
flat_0p3_late_bias,V0399 named,light_V0399_V_8s_2026_05_20-0026_flat_0p3_late_bias_cal.fits,gaia_774272862760870784_src1,comparison,606.8480168092174,261.78735701772723,2.730449668616182,3311.8516988754272,ok
flat_0p3_late_bias,V0399 named,light_V0399_V_8s_2026_05_20-0026_flat_0p3_late_bias_cal.fits,gaia_774287774887292672_src5,comparison,2041.0028978284333,1084.528760420512,0.8612645742381884,1332.9043273925781,ok
flat_0p3_late_bias,V0399 named,light_V0399_V_8s_2026_05_20-0026_flat_0p3_late_bias_cal.fits,gaia_774288805679445888_src7,comparison,1952.2049179356188,1355.424336141106,1.7447892599128358,1065.79203414917,ok
flat_0p3_late_bias,V0399 named,light_V0399_V_8s_2026_05_20-0026_flat_0p3_late_bias_cal.fits,gaia_774289041901756032_src4,comparison,2048.952501394509,1446.0960185030551,1.814329381463797,1334.881341934204,ok
flat_0p3_late_bias,V0399 named,light_V0399_V_8s_2026_05_20-0026_flat_0p3_late_bias_cal.fits,gaia_774289488578357504_src6,comparison,947.7854726298035,1104.0795911220744,2.1059841701106117,1154.4365940093994,ok
flat_0p3_late_bias,V0399 named,light_V0399_V_8s_2026_05_20-0026_flat_0p3_late_bias_cal.fits,gaia_774290626745586944_src8,comparison,1077.6499967466207,1436.8369562557925,1.7593766732340348,365.4141159057617,ok
flat_0p3_late_bias,V0399 named,light_V0399_V_8s_2026_05_20-0026_flat_0p3_late_bias_cal.fits,gaia_774384016513181696_src3,comparison,397.7467643628189,1258.6213476731598,3.3175095950883318,1469.0985488891602,ok
flat_0p3_late_bias,V0399 named,light_V0399_V_8s_2026_05_20-0027_flat_0p3_late_bias_cal.fits,gaia_774271076054448768_src2,comparison,1515.101899354429,324.62215765219736,0.7937837634682761,2365.090676307678,ok
flat_0p3_late_bias,V0399 named,light_V0399_V_8s_2026_05_20-0027_flat_0p3_late_bias_cal.fits,gaia_774272862760870784_src1,comparison,608.3783666321211,261.2596952123122,2.341852267189902,3534.443193435669,ok
flat_0p3_late_bias,V0399 named,light_V0399_V_8s_2026_05_20-0027_flat_0p3_late_bias_cal.fits,gaia_774287774887292672_src5,comparison,2042.284426610119,1084.1705610315469,0.7358801926106451,1421.3508501052856,ok
flat_0p3_late_bias,V0399 named,light_V0399_V_8s_2026_05_20-0027_flat_0p3_late_bias_cal.fits,gaia_774288805679445888_src7,comparison,1953.4376676860743,1355.0444116207082,1.5403852505187134,1145.2708158493042,ok
flat_0p3_late_bias,V0399 named,light_V0399_V_8s_2026_05_20-0027_flat_0p3_late_bias_cal.fits,gaia_774289041901756032_src4,comparison,2050.305534952515,1445.7706859963441,1.658885258178952,1421.9947662353516,ok
flat_0p3_late_bias,V0399 named,light_V0399_V_8s_2026_05_20-0027_flat_0p3_late_bias_cal.fits,gaia_774289488578357504_src6,comparison,948.9879973159813,1103.6280454197986,1.6540987845665553,1222.1757164001465,ok
flat_0p3_late_bias,V0399 named,light_V0399_V_8s_2026_05_20-0027_flat_0p3_late_bias_cal.fits,gaia_774290626745586944_src8,comparison,1078.855521828762,1436.6885372203838,1.123296421341135,394.3821382522583,ok
flat_0p3_late_bias,V0399 named,light_V0399_V_8s_2026_05_20-0027_flat_0p3_late_bias_cal.fits,gaia_774384016513181696_src3,comparison,399.0498353072537,1258.137548843736,2.8595718466249314,1522.445053577423,ok
flat_0p3_late_bias,V0399 named,light_V0399_V_8s_2026_05_20-0028_flat_0p3_late_bias_cal.fits,gaia_774271076054448768_src2,comparison,1514.672007861939,324.9925032499044,1.0621360902803585,2276.247631072998,ok
flat_0p3_late_bias,V0399 named,light_V0399_V_8s_2026_05_20-0028_flat_0p3_late_bias_cal.fits,gaia_774272862760870784_src1,comparison,607.7792404467848,261.6158450862964,2.8161817768240973,3485.3967781066895,ok
flat_0p3_late_bias,V0399 named,light_V0399_V_8s_2026_05_20-0028_flat_0p3_late_bias_cal.fits,gaia_774287774887292672_src5,comparison,2041.8750336974645,1084.5682246573604,0.8887635177919129,1390.2602162361145,ok
flat_0p3_late_bias,V0399 named,light_V0399_V_8s_2026_05_20-0028_flat_0p3_late_bias_cal.fits,gaia_774288805679445888_src7,comparison,1953.0587215382266,1355.4233123538388,1.858784316486485,1120.1043634414673,ok
flat_0p3_late_bias,V0399 named,light_V0399_V_8s_2026_05_20-0028_flat_0p3_late_bias_cal.fits,gaia_774289041901756032_src4,comparison,2049.726213960313,1446.1974174658524,1.8457620022868517,1433.0693473815918,ok
flat_0p3_late_bias,V0399 named,light_V0399_V_8s_2026_05_20-0028_flat_0p3_late_bias_cal.fits,gaia_774289488578357504_src6,comparison,948.4150848615494,1104.0616540609017,1.9707112499584327,1233.95068359375,ok
flat_0p3_late_bias,V0399 named,light_V0399_V_8s_2026_05_20-0028_flat_0p3_late_bias_cal.fits,gaia_774290626745586944_src8,comparison,1078.4235628710487,1436.9138898990743,1.4621001552231838,393.4165916442871,ok
flat_0p3_late_bias,V0399 named,light_V0399_V_8s_2026_05_20-0028_flat_0p3_late_bias_cal.fits,gaia_774384016513181696_src3,comparison,398.44030666983394,1258.529147360513,3.4619364621124,1556.5701351165771,ok
flat_0p3_late_bias,V0399 named,light_V0399_V_8s_2026_05_20-0029_flat_0p3_late_bias_cal.fits,gaia_774271076054448768_src2,comparison,1516.2327770635966,326.62941700631734,0.977064371701357,2370.953790664673,ok
flat_0p3_late_bias,V0399 named,light_V0399_V_8s_2026_05_20-0029_flat_0p3_late_bias_cal.fits,gaia_774272862760870784_src1,comparison,609.5176251384147,263.24892176499384,2.7095220670420286,3508.3303546905518,ok
flat_0p3_late_bias,V0399 named,light_V0399_V_8s_2026_05_20-0029_flat_0p3_late_bias_cal.fits,gaia_774287774887292672_src5,comparison,2043.4361978330865,1086.2187399299632,0.7597939585262786,1411.262752532959,ok
flat_0p3_late_bias,V0399 named,light_V0399_V_8s_2026_05_20-0029_flat_0p3_late_bias_cal.fits,gaia_774288805679445888_src7,comparison,1954.6207710239557,1357.1076918031301,1.6521569491538157,1106.909336090088,ok
flat_0p3_late_bias,V0399 named,light_V0399_V_8s_2026_05_20-0029_flat_0p3_late_bias_cal.fits,gaia_774289041901756032_src4,comparison,2051.342604459644,1447.8576102681573,1.6634767968744568,1399.346487045288,ok
flat_0p3_late_bias,V0399 named,light_V0399_V_8s_2026_05_20-0029_flat_0p3_late_bias_cal.fits,gaia_774289488578357504_src6,comparison,950.1053563332453,1105.653497629413,1.8899398392353421,1225.867003440857,ok
flat_0p3_late_bias,V0399 named,light_V0399_V_8s_2026_05_20-0029_flat_0p3_late_bias_cal.fits,gaia_774290626745586944_src8,comparison,1080.1593669883289,1438.6064470618307,1.5289496907530307,395.8411502838135,ok
flat_0p3_late_bias,V0399 named,light_V0399_V_8s_2026_05_20-0029_flat_0p3_late_bias_cal.fits,gaia_774384016513181696_src3,comparison,400.1833769542194,1260.0910955801482,3.2471225800228036,1549.567720413208,ok
flat_0p3_late_bias,V0399 named,light_V0399_V_8s_2026_05_20-0030_flat_0p3_late_bias_cal.fits,gaia_774271076054448768_src2,comparison,1515.6479647427454,326.0428243894735,0.8960933640192414,2509.0247478485107,ok
flat_0p3_late_bias,V0399 named,light_V0399_V_8s_2026_05_20-0030_flat_0p3_late_bias_cal.fits,gaia_774272862760870784_src1,comparison,608.7520513143993,262.7555605744832,2.429214988031146,3774.020531654358,ok
flat_0p3_late_bias,V0399 named,light_V0399_V_8s_2026_05_20-0030_flat_0p3_late_bias_cal.fits,gaia_774287774887292672_src5,comparison,2043.2117753106174,1085.5747626515658,0.9376913193277775,1545.246192932129,ok
flat_0p3_late_bias,V0399 named,light_V0399_V_8s_2026_05_20-0030_flat_0p3_late_bias_cal.fits,gaia_774288805679445888_src7,comparison,1954.3687873453155,1356.4139586964936,1.8379144537756418,1226.6026458740234,ok
flat_0p3_late_bias,V0399 named,light_V0399_V_8s_2026_05_20-0030_flat_0p3_late_bias_cal.fits,gaia_774289041901756032_src4,comparison,2051.1030070804063,1447.254569489206,1.7939414575486536,1569.9461193084717,ok
flat_0p3_late_bias,V0399 named,light_V0399_V_8s_2026_05_20-0030_flat_0p3_late_bias_cal.fits,gaia_774289488578357504_src6,comparison,949.5924663957016,1105.2222972623613,1.7573332090747458,1356.8464756011963,ok
flat_0p3_late_bias,V0399 named,light_V0399_V_8s_2026_05_20-0030_flat_0p3_late_bias_cal.fits,gaia_774290626745586944_src8,comparison,1079.599020129177,1438.078090290565,1.2873323839192414,448.9540090560913,ok
flat_0p3_late_bias,V0399 named,light_V0399_V_8s_2026_05_20-0030_flat_0p3_late_bias_cal.fits,gaia_774384016513181696_src3,comparison,399.8772416607638,1259.8128993392454,3.3458300688540037,1695.772855758667,ok
flat_0p3_late_bias,V0399 named,light_V0399_V_8s_2026_05_20-0031_flat_0p3_late_bias_cal.fits,gaia_774271076054448768_src2,comparison,1517.3995191647016,327.0921005014725,0.69490809072245,2455.262710571289,ok
flat_0p3_late_bias,V0399 named,light_V0399_V_8s_2026_05_20-0031_flat_0p3_late_bias_cal.fits,gaia_774272862760870784_src1,comparison,610.7251797675426,263.87053491212606,2.1993400163681875,3655.2699871063232,ok
flat_0p3_late_bias,V0399 named,light_V0399_V_8s_2026_05_20-0031_flat_0p3_late_bias_cal.fits,gaia_774287774887292672_src5,comparison,2044.874401599607,1086.6609151336665,0.6063047614837906,1480.6566104888916,ok
flat_0p3_late_bias,V0399 named,light_V0399_V_8s_2026_05_20-0031_flat_0p3_late_bias_cal.fits,gaia_774288805679445888_src7,comparison,1956.204047828077,1357.4625951913433,1.5425098305643354,1198.4099111557007,ok
flat_0p3_late_bias,V0399 named,light_V0399_V_8s_2026_05_20-0031_flat_0p3_late_bias_cal.fits,gaia_774289041901756032_src4,comparison,2052.751443049575,1448.1230166133494,1.4315957112006716,1493.53422164917,ok
flat_0p3_late_bias,V0399 named,light_V0399_V_8s_2026_05_20-0031_flat_0p3_late_bias_cal.fits,gaia_774289488578357504_src6,comparison,951.5094594108108,1106.2375927847231,1.5437621748873545,1305.7596702575684,ok
flat_0p3_late_bias,V0399 named,light_V0399_V_8s_2026_05_20-0031_flat_0p3_late_bias_cal.fits,gaia_774290626745586944_src8,comparison,1081.5957854032988,1439.1074799467292,1.419907806395438,406.06594038009644,ok
flat_0p3_late_bias,V0399 named,light_V0399_V_8s_2026_05_20-0031_flat_0p3_late_bias_cal.fits,gaia_774384016513181696_src3,comparison,401.7624404284669,1260.8160778766267,2.7712250096681816,1650.1924781799316,ok
flat_0p3_late_bias,V0399 named,light_V0399_V_8s_2026_05_20-0032_flat_0p3_late_bias_cal.fits,gaia_774271076054448768_src2,comparison,1518.2501661352396,326.3212309068909,0.8966058924428816,2402.145516395569,ok
flat_0p3_late_bias,V0399 named,light_V0399_V_8s_2026_05_20-0032_flat_0p3_late_bias_cal.fits,gaia_774272862760870784_src1,comparison,611.4957279679767,263.12336254431483,2.614802118753876,3631.480930328369,ok
flat_0p3_late_bias,V0399 named,light_V0399_V_8s_2026_05_20-0032_flat_0p3_late_bias_cal.fits,gaia_774287774887292672_src5,comparison,2045.6449129410737,1085.868410106194,0.6214121277757028,1460.183889389038,ok
flat_0p3_late_bias,V0399 named,light_V0399_V_8s_2026_05_20-0032_flat_0p3_late_bias_cal.fits,gaia_774288805679445888_src7,comparison,1956.8740037000578,1356.727933118185,1.4782144986683328,1166.2195072174072,ok
flat_0p3_late_bias,V0399 named,light_V0399_V_8s_2026_05_20-0032_flat_0p3_late_bias_cal.fits,gaia_774289041901756032_src4,comparison,2053.595875799891,1447.5256553567592,1.3861616918198072,1483.7073040008545,ok
flat_0p3_late_bias,V0399 named,light_V0399_V_8s_2026_05_20-0032_flat_0p3_late_bias_cal.fits,gaia_774289488578357504_src6,comparison,952.310737080951,1105.432988822639,1.8343737585279547,1302.5051555633545,ok
flat_0p3_late_bias,V0399 named,light_V0399_V_8s_2026_05_20-0032_flat_0p3_late_bias_cal.fits,gaia_774290626745586944_src8,comparison,1082.2296751852502,1438.4997899625062,1.5144860605996666,407.5074043273926,ok
flat_0p3_late_bias,V0399 named,light_V0399_V_8s_2026_05_20-0032_flat_0p3_late_bias_cal.fits,gaia_774384016513181696_src3,comparison,402.32988960218387,1260.0478084425527,2.9172720710241444,1603.0361518859863,ok
flat_0p3_late_bias,V0399 named,light_V0399_V_8s_2026_05_20-0033_flat_0p3_late_bias_cal.fits,gaia_774271076054448768_src2,comparison,1518.6619939940153,325.6816128672757,0.8964796344698326,2261.643846988678,ok
flat_0p3_late_bias,V0399 named,light_V0399_V_8s_2026_05_20-0033_flat_0p3_late_bias_cal.fits,gaia_774272862760870784_src1,comparison,611.6197665222486,262.658385357517,2.7482637334283386,3363.773018836975,ok
flat_0p3_late_bias,V0399 named,light_V0399_V_8s_2026_05_20-0033_flat_0p3_late_bias_cal.fits,gaia_774287774887292672_src5,comparison,2046.237036802133,1085.3268562676485,0.8483801512697804,1313.6328506469727,ok
flat_0p3_late_bias,V0399 named,light_V0399_V_8s_2026_05_20-0033_flat_0p3_late_bias_cal.fits,gaia_774288805679445888_src7,comparison,1957.2196070510224,1356.2103467844036,1.621379252041999,1059.192988395691,ok
flat_0p3_late_bias,V0399 named,light_V0399_V_8s_2026_05_20-0033_flat_0p3_late_bias_cal.fits,gaia_774289041901756032_src4,comparison,2054.0164622437496,1447.000038436205,1.616236938686633,1303.7707228660583,ok
flat_0p3_late_bias,V0399 named,light_V0399_V_8s_2026_05_20-0033_flat_0p3_late_bias_cal.fits,gaia_774289488578357504_src6,comparison,952.6158846471178,1105.022661341191,1.969333227184096,1147.3594751358032,ok
flat_0p3_late_bias,V0399 named,light_V0399_V_8s_2026_05_20-0033_flat_0p3_late_bias_cal.fits,gaia_774290626745586944_src8,comparison,1082.61336889972,1437.9429642709717,1.721612423343682,373.69062900543213,ok
flat_0p3_late_bias,V0399 named,light_V0399_V_8s_2026_05_20-0033_flat_0p3_late_bias_cal.fits,gaia_774384016513181696_src3,comparison,402.75115749318604,1259.4410726298343,3.3231980100332765,1443.3648719787598,ok
flat_0p3_late_bias,V0399 named,light_V0399_V_8s_2026_05_20-0034_flat_0p3_late_bias_cal.fits,gaia_774271076054448768_src2,comparison,1518.7385215717154,326.5357804605025,0.7637938625816317,2577.0498237609863,ok
flat_0p3_late_bias,V0399 named,light_V0399_V_8s_2026_05_20-0034_flat_0p3_late_bias_cal.fits,gaia_774272862760870784_src1,comparison,611.8923128727295,263.39963597601763,2.2181617346209515,3802.1286182403564,ok
flat_0p3_late_bias,V0399 named,light_V0399_V_8s_2026_05_20-0034_flat_0p3_late_bias_cal.fits,gaia_774287774887292672_src5,comparison,2046.0948491577649,1085.9867290059417,0.7565982378751015,1479.856104850769,ok
flat_0p3_late_bias,V0399 named,light_V0399_V_8s_2026_05_20-0034_flat_0p3_late_bias_cal.fits,gaia_774288805679445888_src7,comparison,1957.335733657054,1356.9298121674508,1.569169565080553,1230.8167839050293,ok
flat_0p3_late_bias,V0399 named,light_V0399_V_8s_2026_05_20-0034_flat_0p3_late_bias_cal.fits,gaia_774289041901756032_src4,comparison,2054.045503701149,1447.6950543110192,1.5177914772036254,1569.3983173370361,ok
flat_0p3_late_bias,V0399 named,light_V0399_V_8s_2026_05_20-0034_flat_0p3_late_bias_cal.fits,gaia_774289488578357504_src6,comparison,952.6893424847481,1105.723916442137,1.5397411484794832,1357.5617198944092,ok
flat_0p3_late_bias,V0399 named,light_V0399_V_8s_2026_05_20-0034_flat_0p3_late_bias_cal.fits,gaia_774290626745586944_src8,comparison,1082.5373706957062,1438.5807793351737,0.9053260335729748,427.2977924346924,ok
flat_0p3_late_bias,V0399 named,light_V0399_V_8s_2026_05_20-0034_flat_0p3_late_bias_cal.fits,gaia_774384016513181696_src3,comparison,402.8561598372321,1260.2242330822903,2.781805785632069,1689.8959980010986,ok
flat_0p3_late_bias,V0399 named,light_V0399_V_8s_2026_05_20-0035_flat_0p3_late_bias_cal.fits,gaia_774271076054448768_src2,comparison,1520.121841335402,325.5217829946272,0.8205060550847537,2524.9402828216553,ok
flat_0p3_late_bias,V0399 named,light_V0399_V_8s_2026_05_20-0035_flat_0p3_late_bias_cal.fits,gaia_774272862760870784_src1,comparison,613.348268081082,262.3101214744772,2.717788947841773,3758.6722373962402,ok
flat_0p3_late_bias,V0399 named,light_V0399_V_8s_2026_05_20-0035_flat_0p3_late_bias_cal.fits,gaia_774287774887292672_src5,comparison,2047.3966914160621,1085.3107130029298,0.7363507495120724,1507.8236751556396,ok
flat_0p3_late_bias,V0399 named,light_V0399_V_8s_2026_05_20-0035_flat_0p3_late_bias_cal.fits,gaia_774288805679445888_src7,comparison,1958.6354251133616,1356.0219887869525,1.7905692560517092,1196.7776908874512,ok
flat_0p3_late_bias,V0399 named,light_V0399_V_8s_2026_05_20-0035_flat_0p3_late_bias_cal.fits,gaia_774289041901756032_src4,comparison,2055.3192282856403,1446.838986740733,1.7113345198198506,1536.9734020233154,ok
flat_0p3_late_bias,V0399 named,light_V0399_V_8s_2026_05_20-0035_flat_0p3_late_bias_cal.fits,gaia_774289488578357504_src6,comparison,953.9835472072011,1104.7668988013875,1.9087632089989897,1307.607871055603,ok
flat_0p3_late_bias,V0399 named,light_V0399_V_8s_2026_05_20-0035_flat_0p3_late_bias_cal.fits,gaia_774290626745586944_src8,comparison,1083.7986621640557,1437.5795164025224,1.5253189234843694,440.8380546569824,ok
flat_0p3_late_bias,V0399 named,light_V0399_V_8s_2026_05_20-0035_flat_0p3_late_bias_cal.fits,gaia_774384016513181696_src3,comparison,404.1648981501084,1259.0869558766844,3.2774570807726717,1646.7721862792969,ok
flat_0p3_late_bias,V0399 named,light_V0399_V_8s_2026_05_20-0036_flat_0p3_late_bias_cal.fits,gaia_774271076054448768_src2,comparison,1520.0526340464103,325.7341979257318,0.8735886144529411,2579.448815345764,ok
flat_0p3_late_bias,V0399 named,light_V0399_V_8s_2026_05_20-0036_flat_0p3_late_bias_cal.fits,gaia_774272862760870784_src1,comparison,613.263992955263,262.3146565270335,2.4273319520174654,3920.2836990356445,ok
flat_0p3_late_bias,V0399 named,light_V0399_V_8s_2026_05_20-0036_flat_0p3_late_bias_cal.fits,gaia_774287774887292672_src5,comparison,2047.1771201858912,1085.3667283625755,0.6140704361399881,1583.0827188491821,ok
flat_0p3_late_bias,V0399 named,light_V0399_V_8s_2026_05_20-0036_flat_0p3_late_bias_cal.fits,gaia_774288805679445888_src7,comparison,1958.318181208585,1356.212000165884,1.4413872884862253,1251.7237348556519,ok
flat_0p3_late_bias,V0399 named,light_V0399_V_8s_2026_05_20-0036_flat_0p3_late_bias_cal.fits,gaia_774289041901756032_src4,comparison,2054.97209464854,1447.0595717462777,1.3054860562249093,1565.9518566131592,ok
flat_0p3_late_bias,V0399 named,light_V0399_V_8s_2026_05_20-0036_flat_0p3_late_bias_cal.fits,gaia_774289488578357504_src6,comparison,953.8096338444421,1104.8656038681406,1.6580602193351017,1404.9630851745605,ok
flat_0p3_late_bias,V0399 named,light_V0399_V_8s_2026_05_20-0036_flat_0p3_late_bias_cal.fits,gaia_774290626745586944_src8,comparison,1083.684838924597,1437.8615438573177,1.1744290724342301,440.7917470932007,ok
flat_0p3_late_bias,V0399 named,light_V0399_V_8s_2026_05_20-0036_flat_0p3_late_bias_cal.fits,gaia_774384016513181696_src3,comparison,404.1119986483218,1259.3167286259052,3.0783003529148494,1719.679391860962,ok
flat_0p3_late_bias,V0399 named,light_V0399_V_8s_2026_05_20-0037_flat_0p3_late_bias_cal.fits,gaia_774271076054448768_src2,comparison,1519.4417823974338,324.36304923280113,1.1881178125741312,1893.8776502609253,ok
flat_0p3_late_bias,V0399 named,light_V0399_V_8s_2026_05_20-0037_flat_0p3_late_bias_cal.fits,gaia_774272862760870784_src1,comparison,612.6050731321584,261.196189437217,3.6728380376184973,2845.2400493621826,ok
flat_0p3_late_bias,V0399 named,light_V0399_V_8s_2026_05_20-0037_flat_0p3_late_bias_cal.fits,gaia_774287774887292672_src5,comparison,2046.651184298772,1084.166771417093,0.9731744717994657,1138.5487461090088,ok
flat_0p3_late_bias,V0399 named,light_V0399_V_8s_2026_05_20-0037_flat_0p3_late_bias_cal.fits,gaia_774288805679445888_src7,comparison,1957.854538098423,1355.0511436742818,2.01765054017173,890.1081199645996,ok
flat_0p3_late_bias,V0399 named,light_V0399_V_8s_2026_05_20-0037_flat_0p3_late_bias_cal.fits,gaia_774289041901756032_src4,comparison,2054.552714727927,1445.866366152147,2.0136244231395013,1154.0356750488281,ok
flat_0p3_late_bias,V0399 named,light_V0399_V_8s_2026_05_20-0037_flat_0p3_late_bias_cal.fits,gaia_774289488578357504_src6,comparison,953.3094459934491,1103.7149346858787,2.648440180852073,1008.471061706543,ok
flat_0p3_late_bias,V0399 named,light_V0399_V_8s_2026_05_20-0037_flat_0p3_late_bias_cal.fits,gaia_774290626745586944_src8,comparison,1083.3171267401983,1436.7919630057663,2.2275539184514628,319.58185386657715,ok
flat_0p3_late_bias,V0399 named,light_V0399_V_8s_2026_05_20-0037_flat_0p3_late_bias_cal.fits,gaia_774384016513181696_src3,comparison,403.2757024655927,1258.0913633734233,4.240138198184698,1240.936939239502,ok
flat_0p3_late_bias,V0399 named,light_V0399_V_8s_2026_05_20-0038_flat_0p3_late_bias_cal.fits,gaia_774271076054448768_src2,comparison,1519.3471306281976,326.140293477163,0.8494085069303641,2425.169195175171,ok
flat_0p3_late_bias,V0399 named,light_V0399_V_8s_2026_05_20-0038_flat_0p3_late_bias_cal.fits,gaia_774272862760870784_src1,comparison,612.566822855762,263.1015124362151,2.7003683432365557,3653.745484352112,ok
flat_0p3_late_bias,V0399 named,light_V0399_V_8s_2026_05_20-0038_flat_0p3_late_bias_cal.fits,gaia_774287774887292672_src5,comparison,2046.7833394557074,1085.7733289030737,0.7484503689114544,1470.5119733810425,ok
flat_0p3_late_bias,V0399 named,light_V0399_V_8s_2026_05_20-0038_flat_0p3_late_bias_cal.fits,gaia_774288805679445888_src7,comparison,1957.892845458377,1356.6729543349654,1.552413796623562,1150.405101776123,ok
flat_0p3_late_bias,V0399 named,light_V0399_V_8s_2026_05_20-0038_flat_0p3_late_bias_cal.fits,gaia_774289041901756032_src4,comparison,2054.672583136163,1447.4318086637645,1.565802329786754,1512.7403235435486,ok
flat_0p3_late_bias,V0399 named,light_V0399_V_8s_2026_05_20-0038_flat_0p3_late_bias_cal.fits,gaia_774289488578357504_src6,comparison,953.1422791247788,1105.55061591113,1.6743357477455212,1285.2294092178345,ok
flat_0p3_late_bias,V0399 named,light_V0399_V_8s_2026_05_20-0038_flat_0p3_late_bias_cal.fits,gaia_774290626745586944_src8,comparison,1083.152436498249,1438.2721996644527,1.3338377830527575,409.9486904144287,ok
flat_0p3_late_bias,V0399 named,light_V0399_V_8s_2026_05_20-0038_flat_0p3_late_bias_cal.fits,gaia_774384016513181696_src3,comparison,403.4863884151098,1259.9768801302343,3.2042787071391747,1625.0120763778687,ok
flat_0p3_late_bias,V0399 named,light_V0399_V_8s_2026_05_20-0039_flat_0p3_late_bias_cal.fits,gaia_774271076054448768_src2,comparison,1520.0551717248882,326.0527719559755,1.0930624972092513,2421.083818435669,ok
flat_0p3_late_bias,V0399 named,light_V0399_V_8s_2026_05_20-0039_flat_0p3_late_bias_cal.fits,gaia_774272862760870784_src1,comparison,613.3569790127649,262.7909603148135,3.1171126563184997,3761.5518169403076,ok
flat_0p3_late_bias,V0399 named,light_V0399_V_8s_2026_05_20-0039_flat_0p3_late_bias_cal.fits,gaia_774287774887292672_src5,comparison,2047.359287486047,1085.5931740560218,0.8162086639516275,1507.369170665741,ok
flat_0p3_late_bias,V0399 named,light_V0399_V_8s_2026_05_20-0039_flat_0p3_late_bias_cal.fits,gaia_774288805679445888_src7,comparison,1958.6701850750173,1356.343470265958,1.9059252705494092,1216.250316143036,ok
flat_0p3_late_bias,V0399 named,light_V0399_V_8s_2026_05_20-0039_flat_0p3_late_bias_cal.fits,gaia_774289041901756032_src4,comparison,2055.424847068346,1447.100928203029,1.908045743403377,1558.8827362060547,ok
flat_0p3_late_bias,V0399 named,light_V0399_V_8s_2026_05_20-0039_flat_0p3_late_bias_cal.fits,gaia_774289488578357504_src6,comparison,954.0326065884041,1105.2992403636688,2.204766688248711,1275.3957886695862,ok
flat_0p3_late_bias,V0399 named,light_V0399_V_8s_2026_05_20-0039_flat_0p3_late_bias_cal.fits,gaia_774290626745586944_src8,comparison,1083.9371263986345,1438.20192816205,1.7784439848577052,407.85394191741943,ok
flat_0p3_late_bias,V0399 named,light_V0399_V_8s_2026_05_20-0039_flat_0p3_late_bias_cal.fits,gaia_774384016513181696_src3,comparison,404.20543729309315,1260.0036500653034,3.72643762973686,1624.0166664123535,ok
flat_0p3_late_bias,V0399 named,light_V0399_V_8s_2026_05_20-0040_flat_0p3_late_bias_cal.fits,gaia_774271076054448768_src2,comparison,1521.1480153462917,325.55575605946126,0.703182438829492,2713.8083605766296,ok
flat_0p3_late_bias,V0399 named,light_V0399_V_8s_2026_05_20-0040_flat_0p3_late_bias_cal.fits,gaia_774272862760870784_src1,comparison,614.3082794861843,262.48500226167346,2.1541331386477887,4116.964614868164,ok
flat_0p3_late_bias,V0399 named,light_V0399_V_8s_2026_05_20-0040_flat_0p3_late_bias_cal.fits,gaia_774287774887292672_src5,comparison,2048.559638369622,1085.0794641005757,0.6592520476477906,1636.0521745681763,ok
flat_0p3_late_bias,V0399 named,light_V0399_V_8s_2026_05_20-0040_flat_0p3_late_bias_cal.fits,gaia_774288805679445888_src7,comparison,1959.7644939271554,1355.869618560338,1.5095948592271948,1321.1207695007324,ok
flat_0p3_late_bias,V0399 named,light_V0399_V_8s_2026_05_20-0040_flat_0p3_late_bias_cal.fits,gaia_774289041901756032_src4,comparison,2056.604053007738,1446.6674504821963,1.5256721354821996,1739.9036660194397,ok
flat_0p3_late_bias,V0399 named,light_V0399_V_8s_2026_05_20-0040_flat_0p3_late_bias_cal.fits,gaia_774289488578357504_src6,comparison,955.0464828711689,1104.858430857003,1.3870767313770902,1413.9285979270935,ok
flat_0p3_late_bias,V0399 named,light_V0399_V_8s_2026_05_20-0040_flat_0p3_late_bias_cal.fits,gaia_774290626745586944_src8,comparison,1084.9655006373735,1437.613939213991,0.9670943330891246,457.1417417526245,ok
flat_0p3_late_bias,V0399 named,light_V0399_V_8s_2026_05_20-0040_flat_0p3_late_bias_cal.fits,gaia_774384016513181696_src3,comparison,405.33261783004116,1259.5060996431387,2.758299830220131,1828.3990993499756,ok
flat_0p3_late_bias,V0399 named,light_V0399_V_8s_2026_05_20-0041_flat_0p3_late_bias_cal.fits,gaia_774271076054448768_src2,comparison,1521.3595698426493,326.10891866262955,0.4949171744524442,2596.6297283172607,ok
flat_0p3_late_bias,V0399 named,light_V0399_V_8s_2026_05_20-0041_flat_0p3_late_bias_cal.fits,gaia_774272862760870784_src1,comparison,614.50472435315,262.9126174163349,1.6429515165473234,3909.1671600341797,ok
flat_0p3_late_bias,V0399 named,light_V0399_V_8s_2026_05_20-0041_flat_0p3_late_bias_cal.fits,gaia_774287774887292672_src5,comparison,2048.848487993118,1085.6524981540028,0.49718546604829694,1542.9551839828491,ok
flat_0p3_late_bias,V0399 named,light_V0399_V_8s_2026_05_20-0041_flat_0p3_late_bias_cal.fits,gaia_774288805679445888_src7,comparison,1959.9457192981413,1356.566191501462,1.087736953000466,1275.331660270691,ok
flat_0p3_late_bias,V0399 named,light_V0399_V_8s_2026_05_20-0041_flat_0p3_late_bias_cal.fits,gaia_774289041901756032_src4,comparison,2056.6481948467676,1447.404563330161,0.9081492703930426,1631.3335037231445,ok
flat_0p3_late_bias,V0399 named,light_V0399_V_8s_2026_05_20-0041_flat_0p3_late_bias_cal.fits,gaia_774289488578357504_src6,comparison,955.2769607790156,1105.555734526028,1.038454021813478,1386.8745975494385,ok
flat_0p3_late_bias,V0399 named,light_V0399_V_8s_2026_05_20-0041_flat_0p3_late_bias_cal.fits,gaia_774290626745586944_src8,comparison,1085.4223291349965,1438.4799678753548,0.9168356048397361,439.8154020309448,ok
flat_0p3_late_bias,V0399 named,light_V0399_V_8s_2026_05_20-0041_flat_0p3_late_bias_cal.fits,gaia_774384016513181696_src3,comparison,405.61833825322134,1260.0852962333358,2.1475037266179755,1717.7209272384644,ok
flat_0p3_late_bias,V0399 named,light_V0399_V_8s_2026_05_20-0042_flat_0p3_late_bias_cal.fits,gaia_774271076054448768_src2,comparison,1522.4222996138653,327.00395185318695,1.1259318073921043,2302.15202999115,ok
flat_0p3_late_bias,V0399 named,light_V0399_V_8s_2026_05_20-0042_flat_0p3_late_bias_cal.fits,gaia_774272862760870784_src1,comparison,615.4436154058297,264.01436840342535,3.154697075897182,3356.832597732544,ok
flat_0p3_late_bias,V0399 named,light_V0399_V_8s_2026_05_20-0042_flat_0p3_late_bias_cal.fits,gaia_774287774887292672_src5,comparison,2049.8120967574732,1086.4394910644392,0.937570311671953,1407.2795448303223,ok
flat_0p3_late_bias,V0399 named,light_V0399_V_8s_2026_05_20-0042_flat_0p3_late_bias_cal.fits,gaia_774288805679445888_src7,comparison,1960.9516624131136,1357.4310768275284,1.7461024279973913,1102.7346591949463,ok
flat_0p3_late_bias,V0399 named,light_V0399_V_8s_2026_05_20-0042_flat_0p3_late_bias_cal.fits,gaia_774289041901756032_src4,comparison,2057.727241608108,1448.1044868816882,1.8503792539307644,1426.731834411621,ok
flat_0p3_late_bias,V0399 named,light_V0399_V_8s_2026_05_20-0042_flat_0p3_late_bias_cal.fits,gaia_774289488578357504_src6,comparison,956.413860562256,1106.3279278027144,2.214829048881519,1227.222318649292,ok
flat_0p3_late_bias,V0399 named,light_V0399_V_8s_2026_05_20-0042_flat_0p3_late_bias_cal.fits,gaia_774290626745586944_src8,comparison,1086.2547881374703,1439.2519117747677,1.5904812922478275,393.0859146118164,ok
flat_0p3_late_bias,V0399 named,light_V0399_V_8s_2026_05_20-0042_flat_0p3_late_bias_cal.fits,gaia_774384016513181696_src3,comparison,406.59834086664205,1260.807258309834,3.7851123230544057,1512.544638633728,ok
flat_0p3_late_bias,V0399 named,light_V0399_V_8s_2026_05_20-0043_flat_0p3_late_bias_cal.fits,gaia_774271076054448768_src2,comparison,1522.8813888029315,326.0572198953015,0.6505083791976404,2502.1384439468384,ok
flat_0p3_late_bias,V0399 named,light_V0399_V_8s_2026_05_20-0043_flat_0p3_late_bias_cal.fits,gaia_774272862760870784_src1,comparison,616.0336436068037,262.89832139953376,2.1164743371802524,3723.353708267212,ok
flat_0p3_late_bias,V0399 named,light_V0399_V_8s_2026_05_20-0043_flat_0p3_late_bias_cal.fits,gaia_774287774887292672_src5,comparison,2050.1201588720032,1085.673365612228,0.5602323547724364,1534.0884628295898,ok
flat_0p3_late_bias,V0399 named,light_V0399_V_8s_2026_05_20-0043_flat_0p3_late_bias_cal.fits,gaia_774288805679445888_src7,comparison,1961.2850912723409,1356.6137406526504,1.2503690397345475,1267.1089401245117,ok
flat_0p3_late_bias,V0399 named,light_V0399_V_8s_2026_05_20-0043_flat_0p3_late_bias_cal.fits,gaia_774289041901756032_src4,comparison,2057.9788361620967,1447.4212216759229,1.1269297637658109,1605.6991844177246,ok
flat_0p3_late_bias,V0399 named,light_V0399_V_8s_2026_05_20-0043_flat_0p3_late_bias_cal.fits,gaia_774289488578357504_src6,comparison,956.6280909118707,1105.1963485485971,1.2873788743424643,1359.921552658081,ok
flat_0p3_late_bias,V0399 named,light_V0399_V_8s_2026_05_20-0043_flat_0p3_late_bias_cal.fits,gaia_774290626745586944_src8,comparison,1086.5403261996012,1438.0980836130313,1.209107307857621,433.0219097137451,ok
flat_0p3_late_bias,V0399 named,light_V0399_V_8s_2026_05_20-0043_flat_0p3_late_bias_cal.fits,gaia_774384016513181696_src3,comparison,406.7958242564231,1259.8581356171214,2.4178289430736877,1698.6466522216797,ok
flat_0p3_late_bias,V0399 named,light_V0399_V_8s_2026_05_20-0044_flat_0p3_late_bias_cal.fits,gaia_774271076054448768_src2,comparison,1523.4991076365084,326.9292173942854,0.9589022468124224,2453.9199619293213,ok
flat_0p3_late_bias,V0399 named,light_V0399_V_8s_2026_05_20-0044_flat_0p3_late_bias_cal.fits,gaia_774272862760870784_src1,comparison,616.6179019967913,263.7749039259296,3.0053613453384216,3668.1933212280273,ok
flat_0p3_late_bias,V0399 named,light_V0399_V_8s_2026_05_20-0044_flat_0p3_late_bias_cal.fits,gaia_774287774887292672_src5,comparison,2050.6535219405814,1086.759587673068,0.7163808349248905,1472.423626422882,ok
flat_0p3_late_bias,V0399 named,light_V0399_V_8s_2026_05_20-0044_flat_0p3_late_bias_cal.fits,gaia_774288805679445888_src7,comparison,1961.7576498212002,1357.5699039200454,1.6389332343270435,1194.8923244476318,ok
flat_0p3_late_bias,V0399 named,light_V0399_V_8s_2026_05_20-0044_flat_0p3_late_bias_cal.fits,gaia_774289041901756032_src4,comparison,2058.640508623267,1448.3007758438307,1.7626017188543959,1536.2978744506836,ok
flat_0p3_late_bias,V0399 named,light_V0399_V_8s_2026_05_20-0044_flat_0p3_late_bias_cal.fits,gaia_774289488578357504_src6,comparison,957.2581992778395,1106.2167984101923,2.074329586840413,1288.5465636253357,ok
flat_0p3_late_bias,V0399 named,light_V0399_V_8s_2026_05_20-0044_flat_0p3_late_bias_cal.fits,gaia_774290626745586944_src8,comparison,1087.176864286904,1439.0282563905757,1.7930642251414848,409.20510625839233,ok
flat_0p3_late_bias,V0399 named,light_V0399_V_8s_2026_05_20-0044_flat_0p3_late_bias_cal.fits,gaia_774384016513181696_src3,comparison,407.46661432456483,1260.6723475652223,3.593881319224057,1638.3460431098938,ok
flat_0p3_late_bias,V0399 named,light_V0399_V_8s_2026_05_20-0045_flat_0p3_late_bias_cal.fits,gaia_774271076054448768_src2,comparison,1523.4834581217904,327.342526240274,0.809056362869493,2356.507152557373,ok
flat_0p3_late_bias,V0399 named,light_V0399_V_8s_2026_05_20-0045_flat_0p3_late_bias_cal.fits,gaia_774272862760870784_src1,comparison,616.579948982006,264.1428205136559,2.4169363184469597,3598.9569206237793,ok
flat_0p3_late_bias,V0399 named,light_V0399_V_8s_2026_05_20-0045_flat_0p3_late_bias_cal.fits,gaia_774287774887292672_src5,comparison,2050.7144580167396,1086.9896513958154,0.6475698249706138,1422.031065940857,ok
flat_0p3_late_bias,V0399 named,light_V0399_V_8s_2026_05_20-0045_flat_0p3_late_bias_cal.fits,gaia_774288805679445888_src7,comparison,1961.8906668779914,1357.907918703676,1.4448430393598184,1132.0475358963013,ok
flat_0p3_late_bias,V0399 named,light_V0399_V_8s_2026_05_20-0045_flat_0p3_late_bias_cal.fits,gaia_774289041901756032_src4,comparison,2058.69169848589,1448.6707675368068,1.4540320596910123,1509.6086854934692,ok
flat_0p3_late_bias,V0399 named,light_V0399_V_8s_2026_05_20-0045_flat_0p3_late_bias_cal.fits,gaia_774289488578357504_src6,comparison,957.4261059680118,1106.5815555914703,1.784699361595629,1255.4145345687866,ok
flat_0p3_late_bias,V0399 named,light_V0399_V_8s_2026_05_20-0045_flat_0p3_late_bias_cal.fits,gaia_774290626745586944_src8,comparison,1087.2575423948554,1439.3744427875909,1.39970499995044,406.7204918861389,ok
flat_0p3_late_bias,V0399 named,light_V0399_V_8s_2026_05_20-0045_flat_0p3_late_bias_cal.fits,gaia_774384016513181696_src3,comparison,407.6136507094156,1260.9817370816088,3.041235562247766,1555.0700001716614,ok
flat_0p3_late_bias,V0399 named,light_V0399_V_8s_2026_05_20-0046_flat_0p3_late_bias_cal.fits,gaia_774271076054448768_src2,comparison,1523.8751536554796,328.37610277387023,0.7054592789023403,2406.5519123077393,ok
flat_0p3_late_bias,V0399 named,light_V0399_V_8s_2026_05_20-0046_flat_0p3_late_bias_cal.fits,gaia_774272862760870784_src1,comparison,616.9703944728286,265.26799882402133,2.1254107410308043,3571.8443875312805,ok
flat_0p3_late_bias,V0399 named,light_V0399_V_8s_2026_05_20-0046_flat_0p3_late_bias_cal.fits,gaia_774287774887292672_src5,comparison,2051.331121525688,1087.9176832490489,0.7384992042599234,1454.742615699768,ok
flat_0p3_late_bias,V0399 named,light_V0399_V_8s_2026_05_20-0046_flat_0p3_late_bias_cal.fits,gaia_774288805679445888_src7,comparison,1962.5018990218425,1358.7913818084367,1.533817932887235,1158.0386381149292,ok
flat_0p3_late_bias,V0399 named,light_V0399_V_8s_2026_05_20-0046_flat_0p3_late_bias_cal.fits,gaia_774289041901756032_src4,comparison,2059.3087618012787,1449.5816835058683,1.5437647774256194,1525.0899391174316,ok
flat_0p3_late_bias,V0399 named,light_V0399_V_8s_2026_05_20-0046_flat_0p3_late_bias_cal.fits,gaia_774289488578357504_src6,comparison,957.8461942573762,1107.7627467600091,1.5401459411650207,1272.7242641448975,ok
flat_0p3_late_bias,V0399 named,light_V0399_V_8s_2026_05_20-0046_flat_0p3_late_bias_cal.fits,gaia_774290626745586944_src8,comparison,1087.6756393239393,1440.7848407927859,0.705995356551506,406.51244735717773,ok
flat_0p3_late_bias,V0399 named,light_V0399_V_8s_2026_05_20-0046_flat_0p3_late_bias_cal.fits,gaia_774384016513181696_src3,comparison,408.0783260974164,1262.3653559439247,2.899078687708063,1588.7890701293945,ok
flat_0p3_late_bias,V0399 named,light_V0399_V_8s_2026_05_20-0047_flat_0p3_late_bias_cal.fits,gaia_774271076054448768_src2,comparison,1525.9358598240817,328.02085645431566,0.7415927741823176,2315.0838074684143,ok
flat_0p3_late_bias,V0399 named,light_V0399_V_8s_2026_05_20-0047_flat_0p3_late_bias_cal.fits,gaia_774272862760870784_src1,comparison,619.2050281651293,265.0838580776848,2.3189597280029166,3574.6650924682617,ok
flat_0p3_late_bias,V0399 named,light_V0399_V_8s_2026_05_20-0047_flat_0p3_late_bias_cal.fits,gaia_774287774887292672_src5,comparison,2053.272527879372,1087.4159179369556,0.7485577438896384,1443.7147674560547,ok
flat_0p3_late_bias,V0399 named,light_V0399_V_8s_2026_05_20-0047_flat_0p3_late_bias_cal.fits,gaia_774288805679445888_src7,comparison,1964.417437932649,1358.3552461506706,1.449493296714147,1146.2789478302002,ok
flat_0p3_late_bias,V0399 named,light_V0399_V_8s_2026_05_20-0047_flat_0p3_late_bias_cal.fits,gaia_774289041901756032_src4,comparison,2061.1644634384625,1448.9940586704727,1.484960350038987,1438.028847694397,ok
flat_0p3_late_bias,V0399 named,light_V0399_V_8s_2026_05_20-0047_flat_0p3_late_bias_cal.fits,gaia_774289488578357504_src6,comparison,960.0136167360442,1107.273127323818,1.619725086979528,1257.6323132514954,ok
flat_0p3_late_bias,V0399 named,light_V0399_V_8s_2026_05_20-0047_flat_0p3_late_bias_cal.fits,gaia_774290626745586944_src8,comparison,1089.8554831954084,1440.082077371491,0.8897104850793508,391.4003791809082,ok
flat_0p3_late_bias,V0399 named,light_V0399_V_8s_2026_05_20-0047_flat_0p3_late_bias_cal.fits,gaia_774384016513181696_src3,comparison,410.1195565447879,1262.0120895158745,2.8461915291561235,1575.5346298217773,ok
flat_0p3_late_bias,V0399 named,light_V0399_V_8s_2026_05_20-0048_flat_0p3_late_bias_cal.fits,gaia_774271076054448768_src2,comparison,1525.4329795932865,328.6005245442757,0.8772227800753812,2454.2669067382812,ok
flat_0p3_late_bias,V0399 named,light_V0399_V_8s_2026_05_20-0048_flat_0p3_late_bias_cal.fits,gaia_774272862760870784_src1,comparison,618.7327382970914,265.5429861485897,2.592461059203609,3660.320472717285,ok
flat_0p3_late_bias,V0399 named,light_V0399_V_8s_2026_05_20-0048_flat_0p3_late_bias_cal.fits,gaia_774287774887292672_src5,comparison,2052.902643017091,1088.0941049649464,0.6828641918735681,1434.586016178131,ok
flat_0p3_late_bias,V0399 named,light_V0399_V_8s_2026_05_20-0048_flat_0p3_late_bias_cal.fits,gaia_774288805679445888_src7,comparison,1964.0900417314117,1358.9473346507316,1.5282792347626601,1143.5875239372253,ok
flat_0p3_late_bias,V0399 named,light_V0399_V_8s_2026_05_20-0048_flat_0p3_late_bias_cal.fits,gaia_774289041901756032_src4,comparison,2060.9270726013333,1449.7074410428913,1.5568783356514997,1516.618564605713,ok
flat_0p3_late_bias,V0399 named,light_V0399_V_8s_2026_05_20-0048_flat_0p3_late_bias_cal.fits,gaia_774289488578357504_src6,comparison,959.5537195786918,1107.8136178777552,1.7758222184062629,1295.1483263969421,ok
flat_0p3_late_bias,V0399 named,light_V0399_V_8s_2026_05_20-0048_flat_0p3_late_bias_cal.fits,gaia_774290626745586944_src8,comparison,1089.692802243287,1440.452589403745,1.6549867930533986,410.44894790649414,ok
flat_0p3_late_bias,V0399 named,light_V0399_V_8s_2026_05_20-0048_flat_0p3_late_bias_cal.fits,gaia_774384016513181696_src3,comparison,409.931316514469,1262.5498954344791,3.3037324640207495,1641.9922771453857,ok
flat_0p3_late_bias,V0399 named,light_V0399_V_8s_2026_05_20-0049_flat_0p3_late_bias_cal.fits,gaia_774271076054448768_src2,comparison,1525.2328385371613,328.3144499357575,1.0935913466946778,2412.790475845337,ok
flat_0p3_late_bias,V0399 named,light_V0399_V_8s_2026_05_20-0049_flat_0p3_late_bias_cal.fits,gaia_774272862760870784_src1,comparison,618.4908567396808,265.32329023182785,3.221509891332492,3655.6556434631348,ok
flat_0p3_late_bias,V0399 named,light_V0399_V_8s_2026_05_20-0049_flat_0p3_late_bias_cal.fits,gaia_774287774887292672_src5,comparison,2052.6190039493795,1087.8096318272055,0.9346007810438834,1464.8233156204224,ok
flat_0p3_late_bias,V0399 named,light_V0399_V_8s_2026_05_20-0049_flat_0p3_late_bias_cal.fits,gaia_774288805679445888_src7,comparison,1963.8089192651214,1358.7260569710224,1.8633542947638393,1178.2053451538086,ok
flat_0p3_late_bias,V0399 named,light_V0399_V_8s_2026_05_20-0049_flat_0p3_late_bias_cal.fits,gaia_774289041901756032_src4,comparison,2060.630595006159,1449.4424700310271,1.9725306292809686,1495.6750583648682,ok
flat_0p3_late_bias,V0399 named,light_V0399_V_8s_2026_05_20-0049_flat_0p3_late_bias_cal.fits,gaia_774289488578357504_src6,comparison,959.2161522654059,1107.6430072178855,2.2138669842347434,1285.5818328857422,ok
flat_0p3_late_bias,V0399 named,light_V0399_V_8s_2026_05_20-0049_flat_0p3_late_bias_cal.fits,gaia_774290626745586944_src8,comparison,1089.394496865198,1440.5038088038639,1.7830836532470606,404.26472568511963,ok
flat_0p3_late_bias,V0399 named,light_V0399_V_8s_2026_05_20-0049_flat_0p3_late_bias_cal.fits,gaia_774384016513181696_src3,comparison,409.4142289952474,1262.3305515945208,3.9056108229034523,1613.3246726989746,ok
flat_0p3_late_bias,V0399 named,light_V0399_V_8s_2026_05_20-0050_flat_0p3_late_bias_cal.fits,gaia_774271076054448768_src2,comparison,1525.3529871115795,328.6226686455612,1.1730185382121818,2158.644124984741,ok
flat_0p3_late_bias,V0399 named,light_V0399_V_8s_2026_05_20-0050_flat_0p3_late_bias_cal.fits,gaia_774272862760870784_src1,comparison,618.3918945489183,265.67340774420444,3.3023256765756455,3258.24165725708,ok
flat_0p3_late_bias,V0399 named,light_V0399_V_8s_2026_05_20-0050_flat_0p3_late_bias_cal.fits,gaia_774287774887292672_src5,comparison,2052.8156800907695,1088.0533675574509,1.0245651439521288,1235.1157035827637,ok
flat_0p3_late_bias,V0399 named,light_V0399_V_8s_2026_05_20-0050_flat_0p3_late_bias_cal.fits,gaia_774288805679445888_src7,comparison,1963.9639580969224,1358.912341438183,1.9801607642387882,980.1375880241394,ok
flat_0p3_late_bias,V0399 named,light_V0399_V_8s_2026_05_20-0050_flat_0p3_late_bias_cal.fits,gaia_774289041901756032_src4,comparison,2060.7230378204295,1449.6807227468507,2.0191069300191145,1303.2487964630127,ok
flat_0p3_late_bias,V0399 named,light_V0399_V_8s_2026_05_20-0050_flat_0p3_late_bias_cal.fits,gaia_774289488578357504_src6,comparison,959.4072191580681,1107.7717909636483,2.316781010742549,1141.4220867156982,ok
flat_0p3_late_bias,V0399 named,light_V0399_V_8s_2026_05_20-0050_flat_0p3_late_bias_cal.fits,gaia_774290626745586944_src8,comparison,1089.390354451898,1440.5490699508962,1.9126993181431164,349.2490062713623,ok
flat_0p3_late_bias,V0399 named,light_V0399_V_8s_2026_05_20-0050_flat_0p3_late_bias_cal.fits,gaia_774384016513181696_src3,comparison,409.5327784678355,1262.3240314678462,3.905539395175386,1402.4025831222534,ok
flat_0p3_late_bias,V0399 named,light_V0399_V_8s_2026_05_20-0051_flat_0p3_late_bias_cal.fits,gaia_774271076054448768_src2,comparison,1525.8340438481125,329.04221820066664,1.056304386096362,2419.506028175354,ok
flat_0p3_late_bias,V0399 named,light_V0399_V_8s_2026_05_20-0051_flat_0p3_late_bias_cal.fits,gaia_774272862760870784_src1,comparison,619.1023152573463,266.04675737759453,3.2590246883069813,3582.8703956604004,ok
flat_0p3_late_bias,V0399 named,light_V0399_V_8s_2026_05_20-0051_flat_0p3_late_bias_cal.fits,gaia_774287774887292672_src5,comparison,2053.1130121513684,1088.659973618693,0.8185782669369124,1477.4242515563965,ok
flat_0p3_late_bias,V0399 named,light_V0399_V_8s_2026_05_20-0051_flat_0p3_late_bias_cal.fits,gaia_774288805679445888_src7,comparison,1964.2757504807698,1359.667511196096,1.6473854823746543,1207.8510208129883,ok
flat_0p3_late_bias,V0399 named,light_V0399_V_8s_2026_05_20-0051_flat_0p3_late_bias_cal.fits,gaia_774289041901756032_src4,comparison,2061.073855316339,1450.3760635092706,1.7282575051495077,1525.383228302002,ok
flat_0p3_late_bias,V0399 named,light_V0399_V_8s_2026_05_20-0051_flat_0p3_late_bias_cal.fits,gaia_774289488578357504_src6,comparison,959.7198572626606,1108.519895934775,2.1862110193770565,1316.2826671600342,ok
flat_0p3_late_bias,V0399 named,light_V0399_V_8s_2026_05_20-0051_flat_0p3_late_bias_cal.fits,gaia_774290626745586944_src8,comparison,1089.893832011356,1441.3479089032278,1.8103133626827628,417.11650371551514,ok
flat_0p3_late_bias,V0399 named,light_V0399_V_8s_2026_05_20-0051_flat_0p3_late_bias_cal.fits,gaia_774384016513181696_src3,comparison,410.07216397769884,1263.0520455078863,3.929242984120924,1577.8529977798462,ok
flat_0p3_late_bias,V0399 named,light_V0399_V_8s_2026_05_20-0052_flat_0p3_late_bias_cal.fits,gaia_774271076054448768_src2,comparison,1526.5258088847704,328.7164285895121,1.1515773587260285,2413.892084121704,ok
flat_0p3_late_bias,V0399 named,light_V0399_V_8s_2026_05_20-0052_flat_0p3_late_bias_cal.fits,gaia_774272862760870784_src1,comparison,619.7788813570411,265.54584733552764,3.3437265565833636,3578.3289527893066,ok
flat_0p3_late_bias,V0399 named,light_V0399_V_8s_2026_05_20-0052_flat_0p3_late_bias_cal.fits,gaia_774287774887292672_src5,comparison,2053.890755393562,1088.230410597806,0.9347330460018182,1420.0902271270752,ok
flat_0p3_late_bias,V0399 named,light_V0399_V_8s_2026_05_20-0052_flat_0p3_late_bias_cal.fits,gaia_774288805679445888_src7,comparison,1965.0099372144753,1359.0702222694533,1.866690018755568,1091.781262397766,ok
flat_0p3_late_bias,V0399 named,light_V0399_V_8s_2026_05_20-0052_flat_0p3_late_bias_cal.fits,gaia_774289041901756032_src4,comparison,2061.827741292631,1449.898160646739,1.8728492361021762,1439.2447519302368,ok
flat_0p3_late_bias,V0399 named,light_V0399_V_8s_2026_05_20-0052_flat_0p3_late_bias_cal.fits,gaia_774289488578357504_src6,comparison,960.4536718237651,1107.9121339720673,2.2868030941844633,1255.6200408935547,ok
flat_0p3_late_bias,V0399 named,light_V0399_V_8s_2026_05_20-0052_flat_0p3_late_bias_cal.fits,gaia_774290626745586944_src8,comparison,1090.490175173144,1440.6201204780548,2.186696967014379,389.00253200531006,ok
flat_0p3_late_bias,V0399 named,light_V0399_V_8s_2026_05_20-0052_flat_0p3_late_bias_cal.fits,gaia_774384016513181696_src3,comparison,410.68957763569995,1262.3232640176875,3.89171539079925,1615.044529914856,ok
flat_0p3_late_bias,V0399 named,light_V0399_V_8s_2026_05_20-0053_flat_0p3_late_bias_cal.fits,gaia_774271076054448768_src2,comparison,1525.981444666511,328.7323779730998,0.8362566239393926,2360.132387161255,ok
flat_0p3_late_bias,V0399 named,light_V0399_V_8s_2026_05_20-0053_flat_0p3_late_bias_cal.fits,gaia_774272862760870784_src1,comparison,619.1547183408071,265.46871913728774,2.804867131788112,3563.8267068862915,ok
flat_0p3_late_bias,V0399 named,light_V0399_V_8s_2026_05_20-0053_flat_0p3_late_bias_cal.fits,gaia_774287774887292672_src5,comparison,2053.490717690617,1088.4818947468302,0.8542567416462861,1450.5592250823975,ok
flat_0p3_late_bias,V0399 named,light_V0399_V_8s_2026_05_20-0053_flat_0p3_late_bias_cal.fits,gaia_774288805679445888_src7,comparison,1964.6202530179526,1359.4169465483062,1.6899884003674044,1153.6366167068481,ok
flat_0p3_late_bias,V0399 named,light_V0399_V_8s_2026_05_20-0053_flat_0p3_late_bias_cal.fits,gaia_774289041901756032_src4,comparison,2061.43834188398,1450.2122401294296,1.6938029506441519,1503.0969543457031,ok
flat_0p3_late_bias,V0399 named,light_V0399_V_8s_2026_05_20-0053_flat_0p3_late_bias_cal.fits,gaia_774289488578357504_src6,comparison,959.9842730555803,1108.0176328150549,2.105852226486834,1209.4723753929138,ok
flat_0p3_late_bias,V0399 named,light_V0399_V_8s_2026_05_20-0053_flat_0p3_late_bias_cal.fits,gaia_774290626745586944_src8,comparison,1090.2424049813624,1441.239628984192,1.9533327900301882,392.7197823524475,ok
flat_0p3_late_bias,V0399 named,light_V0399_V_8s_2026_05_20-0053_flat_0p3_late_bias_cal.fits,gaia_774384016513181696_src3,comparison,410.0849666943021,1262.5434127471103,3.4594036852418695,1608.5146446228027,ok
flat_0p3_late_bias,V0399 named,light_V0399_V_8s_2026_05_20-0054_flat_0p3_late_bias_cal.fits,gaia_774271076054448768_src2,comparison,1527.169212221523,329.50664037123164,0.8817326638224344,2438.3332772254944,ok
flat_0p3_late_bias,V0399 named,light_V0399_V_8s_2026_05_20-0054_flat_0p3_late_bias_cal.fits,gaia_774272862760870784_src1,comparison,620.5465490321973,266.2701254406787,2.7464655716918305,3676.346779823303,ok
flat_0p3_late_bias,V0399 named,light_V0399_V_8s_2026_05_20-0054_flat_0p3_late_bias_cal.fits,gaia_774287774887292672_src5,comparison,2054.5193578951776,1089.0761886037187,0.6832293011985592,1484.3140335083008,ok
flat_0p3_late_bias,V0399 named,light_V0399_V_8s_2026_05_20-0054_flat_0p3_late_bias_cal.fits,gaia_774288805679445888_src7,comparison,1965.6453602915708,1359.9729341962545,1.4567809184167126,1151.9835724830627,ok
flat_0p3_late_bias,V0399 named,light_V0399_V_8s_2026_05_20-0054_flat_0p3_late_bias_cal.fits,gaia_774289041901756032_src4,comparison,2062.472145557909,1450.7114194322983,1.4889814272680322,1520.592155456543,ok
flat_0p3_late_bias,V0399 named,light_V0399_V_8s_2026_05_20-0054_flat_0p3_late_bias_cal.fits,gaia_774289488578357504_src6,comparison,961.3732507080191,1108.7717571132684,2.0627369030745726,1286.6706981658936,ok
flat_0p3_late_bias,V0399 named,light_V0399_V_8s_2026_05_20-0054_flat_0p3_late_bias_cal.fits,gaia_774290626745586944_src8,comparison,1091.2181707832206,1441.4370939381029,1.8173560489799765,424.6100654602051,ok
flat_0p3_late_bias,V0399 named,light_V0399_V_8s_2026_05_20-0054_flat_0p3_late_bias_cal.fits,gaia_774384016513181696_src3,comparison,411.5235538576174,1263.3331948303671,3.3225431331068016,1612.9249296188354,ok
flat_0p3_late_bias,V0399 named,light_V0399_V_8s_2026_05_20-0055_flat_0p3_late_bias_cal.fits,gaia_774271076054448768_src2,comparison,1527.0998492428769,329.69345695878815,1.4436008205891286,2497.11203289032,ok
flat_0p3_late_bias,V0399 named,light_V0399_V_8s_2026_05_20-0055_flat_0p3_late_bias_cal.fits,gaia_774272862760870784_src1,comparison,620.384138417593,266.62213202832396,4.1213796615881915,3894.2203330993652,ok
flat_0p3_late_bias,V0399 named,light_V0399_V_8s_2026_05_20-0055_flat_0p3_late_bias_cal.fits,gaia_774287774887292672_src5,comparison,2054.590315308671,1089.1537792003442,1.1695666122064612,1504.875210762024,ok
flat_0p3_late_bias,V0399 named,light_V0399_V_8s_2026_05_20-0055_flat_0p3_late_bias_cal.fits,gaia_774288805679445888_src7,comparison,1965.680486710974,1360.0468716189832,2.1733972226294664,1192.1498708724976,ok
flat_0p3_late_bias,V0399 named,light_V0399_V_8s_2026_05_20-0055_flat_0p3_late_bias_cal.fits,gaia_774289041901756032_src4,comparison,2062.5462794995883,1450.775241416016,2.3072858311571154,1589.4364624023438,ok
flat_0p3_late_bias,V0399 named,light_V0399_V_8s_2026_05_20-0055_flat_0p3_late_bias_cal.fits,gaia_774289488578357504_src6,comparison,961.107787927789,1108.9332284348734,2.882574359226544,1322.106101989746,ok
flat_0p3_late_bias,V0399 named,light_V0399_V_8s_2026_05_20-0055_flat_0p3_late_bias_cal.fits,gaia_774290626745586944_src8,comparison,1091.005817118632,1441.7695910631312,2.586549032016959,421.3555097579956,ok
flat_0p3_late_bias,V0399 named,light_V0399_V_8s_2026_05_20-0055_flat_0p3_late_bias_cal.fits,gaia_774384016513181696_src3,comparison,411.37201303960603,1263.4576628956847,4.7669938585630085,1709.624255180359,ok
flat_0p3_late_bias,V0399 named,light_V0399_V_8s_2026_05_20-0056_flat_0p3_late_bias_cal.fits,gaia_774271076054448768_src2,comparison,1527.5661244527516,330.375883805972,0.7472474432726192,2514.047582626343,ok
flat_0p3_late_bias,V0399 named,light_V0399_V_8s_2026_05_20-0056_flat_0p3_late_bias_cal.fits,gaia_774272862760870784_src1,comparison,620.9176653403249,267.25695955595984,2.272311029383484,3763.1556272506714,ok
flat_0p3_late_bias,V0399 named,light_V0399_V_8s_2026_05_20-0056_flat_0p3_late_bias_cal.fits,gaia_774287774887292672_src5,comparison,2055.0793754830247,1089.796936095957,0.834670155452,1533.2441892623901,ok
flat_0p3_late_bias,V0399 named,light_V0399_V_8s_2026_05_20-0056_flat_0p3_late_bias_cal.fits,gaia_774288805679445888_src7,comparison,1966.3389718426608,1360.7792495397002,1.6451495984792608,1236.0152807235718,ok
flat_0p3_late_bias,V0399 named,light_V0399_V_8s_2026_05_20-0056_flat_0p3_late_bias_cal.fits,gaia_774289041901756032_src4,comparison,2063.029425944765,1451.485420620092,1.602614974768641,1596.8681526184082,ok
flat_0p3_late_bias,V0399 named,light_V0399_V_8s_2026_05_20-0056_flat_0p3_late_bias_cal.fits,gaia_774289488578357504_src6,comparison,961.7778684706178,1109.645529457031,1.7258533471998996,1344.098554611206,ok
flat_0p3_late_bias,V0399 named,light_V0399_V_8s_2026_05_20-0056_flat_0p3_late_bias_cal.fits,gaia_774290626745586944_src8,comparison,1091.6736404143194,1442.6527570369167,0.9793081965880683,436.88157320022583,ok
flat_0p3_late_bias,V0399 named,light_V0399_V_8s_2026_05_20-0056_flat_0p3_late_bias_cal.fits,gaia_774384016513181696_src3,comparison,412.0627149621237,1264.3384256862957,3.1485093444775294,1672.3621501922607,ok
flat_0p3_late_bias,V0399 named,light_V0399_V_8s_2026_05_20-0057_flat_0p3_late_bias_cal.fits,gaia_774271076054448768_src2,comparison,1529.100870511722,330.07558299091033,0.9769845357186568,2581.3385648727417,ok
flat_0p3_late_bias,V0399 named,light_V0399_V_8s_2026_05_20-0057_flat_0p3_late_bias_cal.fits,gaia_774272862760870784_src1,comparison,622.3921859449815,267.05511645855097,2.976486613084591,3879.512104034424,ok
flat_0p3_late_bias,V0399 named,light_V0399_V_8s_2026_05_20-0057_flat_0p3_late_bias_cal.fits,gaia_774287774887292672_src5,comparison,2056.5742639056093,1089.4951270936056,0.882420708753826,1591.5198574066162,ok
flat_0p3_late_bias,V0399 named,light_V0399_V_8s_2026_05_20-0057_flat_0p3_late_bias_cal.fits,gaia_774288805679445888_src7,comparison,1967.7112366202143,1360.3084571192874,1.7669663795573696,1277.190294265747,ok
flat_0p3_late_bias,V0399 named,light_V0399_V_8s_2026_05_20-0057_flat_0p3_late_bias_cal.fits,gaia_774289041901756032_src4,comparison,2064.5755466305714,1451.073066672633,1.821125716397711,1618.1078128814697,ok
flat_0p3_late_bias,V0399 named,light_V0399_V_8s_2026_05_20-0057_flat_0p3_late_bias_cal.fits,gaia_774289488578357504_src6,comparison,963.0971488947699,1109.4014918736482,1.9619671047121365,1391.6210746765137,ok
flat_0p3_late_bias,V0399 named,light_V0399_V_8s_2026_05_20-0057_flat_0p3_late_bias_cal.fits,gaia_774290626745586944_src8,comparison,1093.0594377089244,1442.234604946588,1.6111629692585507,442.1259078979492,ok
flat_0p3_late_bias,V0399 named,light_V0399_V_8s_2026_05_20-0057_flat_0p3_late_bias_cal.fits,gaia_774384016513181696_src3,comparison,413.48918353291856,1263.9881794287453,3.58139774712175,1728.9216766357422,ok
flat_0p3_late_bias,V0399 named,light_V0399_V_8s_2026_05_20-0058_flat_0p3_late_bias_cal.fits,gaia_774271076054448768_src2,comparison,1529.3684229486125,329.7398572336118,0.8949396284832626,2320.298896789551,ok
flat_0p3_late_bias,V0399 named,light_V0399_V_8s_2026_05_20-0058_flat_0p3_late_bias_cal.fits,gaia_774272862760870784_src1,comparison,622.5736174288958,266.73373634234343,2.444314835131409,3468.751268386841,ok
flat_0p3_late_bias,V0399 named,light_V0399_V_8s_2026_05_20-0058_flat_0p3_late_bias_cal.fits,gaia_774287774887292672_src5,comparison,2056.8298371514356,1089.0838865834282,0.8319981619482999,1378.745976448059,ok
flat_0p3_late_bias,V0399 named,light_V0399_V_8s_2026_05_20-0058_flat_0p3_late_bias_cal.fits,gaia_774288805679445888_src7,comparison,1968.032847770037,1359.9652616996955,1.6668105485202735,1072.3162541389465,ok
flat_0p3_late_bias,V0399 named,light_V0399_V_8s_2026_05_20-0058_flat_0p3_late_bias_cal.fits,gaia_774289041901756032_src4,comparison,2064.8500795100367,1450.712458347294,1.7412098818432606,1419.7611331939697,ok
flat_0p3_late_bias,V0399 named,light_V0399_V_8s_2026_05_20-0058_flat_0p3_late_bias_cal.fits,gaia_774289488578357504_src6,comparison,963.5022951758258,1108.8472540394605,1.6880819613984142,1213.4677457809448,ok
flat_0p3_late_bias,V0399 named,light_V0399_V_8s_2026_05_20-0058_flat_0p3_late_bias_cal.fits,gaia_774290626745586944_src8,comparison,1093.5505237344375,1441.5480989021241,1.1262509310416686,389.1392903327942,ok
flat_0p3_late_bias,V0399 named,light_V0399_V_8s_2026_05_20-0058_flat_0p3_late_bias_cal.fits,gaia_774384016513181696_src3,comparison,413.69336002727033,1263.5398599854086,3.1239935290476426,1484.740177154541,ok
flat_0p3_late_bias,V0399 named,light_V0399_V_8s_2026_05_20-0059_flat_0p3_late_bias_cal.fits,gaia_774271076054448768_src2,comparison,1530.0971049964803,330.5734871381737,0.9822763886645767,2467.019464492798,ok
flat_0p3_late_bias,V0399 named,light_V0399_V_8s_2026_05_20-0059_flat_0p3_late_bias_cal.fits,gaia_774272862760870784_src1,comparison,623.4043643743099,267.7269353304737,3.3026831186103696,3712.468900680542,ok
flat_0p3_late_bias,V0399 named,light_V0399_V_8s_2026_05_20-0059_flat_0p3_late_bias_cal.fits,gaia_774287774887292672_src5,comparison,2057.700684640723,1090.1083601484445,0.9207517441825536,1492.7625064849854,ok
flat_0p3_late_bias,V0399 named,light_V0399_V_8s_2026_05_20-0059_flat_0p3_late_bias_cal.fits,gaia_774288805679445888_src7,comparison,1968.8735929127797,1361.2270569900631,1.6365868075721528,1172.145380973816,ok
flat_0p3_late_bias,V0399 named,light_V0399_V_8s_2026_05_20-0059_flat_0p3_late_bias_cal.fits,gaia_774289041901756032_src4,comparison,2065.670589518275,1451.8965724700329,1.7116098210269932,1510.9215717315674,ok
flat_0p3_late_bias,V0399 named,light_V0399_V_8s_2026_05_20-0059_flat_0p3_late_bias_cal.fits,gaia_774289488578357504_src6,comparison,964.3319058837807,1110.02820895967,2.333395406554139,1278.4813261032104,ok
flat_0p3_late_bias,V0399 named,light_V0399_V_8s_2026_05_20-0059_flat_0p3_late_bias_cal.fits,gaia_774290626745586944_src8,comparison,1094.5022697296129,1442.8640024890644,2.189569790093152,419.786171913147,ok
flat_0p3_late_bias,V0399 named,light_V0399_V_8s_2026_05_20-0059_flat_0p3_late_bias_cal.fits,gaia_774384016513181696_src3,comparison,414.6111773754011,1264.708738693418,3.9360259136665303,1662.9057998657227,ok
flat_0p3_late_bias,V0399 named,light_V0399_V_8s_2026_05_20-0060_flat_0p3_late_bias_cal.fits,gaia_774271076054448768_src2,comparison,1530.7980419353662,330.48481069430403,0.6881755301133772,2246.2510690689087,ok
flat_0p3_late_bias,V0399 named,light_V0399_V_8s_2026_05_20-0060_flat_0p3_late_bias_cal.fits,gaia_774272862760870784_src1,comparison,623.8813388078461,267.5976968317079,2.553995427779757,3283.9354367256165,ok
flat_0p3_late_bias,V0399 named,light_V0399_V_8s_2026_05_20-0060_flat_0p3_late_bias_cal.fits,gaia_774287774887292672_src5,comparison,2058.3215810948313,1090.3522549188324,0.6917523147618605,1364.845055103302,ok
flat_0p3_late_bias,V0399 named,light_V0399_V_8s_2026_05_20-0060_flat_0p3_late_bias_cal.fits,gaia_774288805679445888_src7,comparison,1969.515364478358,1361.292066715457,1.5514792913865305,1099.9639472961426,ok
flat_0p3_late_bias,V0399 named,light_V0399_V_8s_2026_05_20-0060_flat_0p3_late_bias_cal.fits,gaia_774289041901756032_src4,comparison,2066.357457251578,1451.9524787698285,1.661267897867108,1390.8828563690186,ok
flat_0p3_late_bias,V0399 named,light_V0399_V_8s_2026_05_20-0060_flat_0p3_late_bias_cal.fits,gaia_774289488578357504_src6,comparison,964.756180227947,1109.9417107229476,1.7336184298973114,1162.6087646484375,ok
flat_0p3_late_bias,V0399 named,light_V0399_V_8s_2026_05_20-0060_flat_0p3_late_bias_cal.fits,gaia_774290626745586944_src8,comparison,1095.0789588650325,1442.9399346488683,1.5416281358293795,365.1441993713379,ok
flat_0p3_late_bias,V0399 named,light_V0399_V_8s_2026_05_20-0060_flat_0p3_late_bias_cal.fits,gaia_774384016513181696_src3,comparison,415.0027462809006,1264.1810232750042,3.083123827896008,1451.663122177124,ok
flat_0p3_late_bias,V0399 named,light_V0399_V_8s_2026_05_20-0061_flat_0p3_late_bias_cal.fits,gaia_774271076054448768_src2,comparison,1531.703178402887,330.66980744311786,1.2544515750064453,2627.1305618286133,ok
flat_0p3_late_bias,V0399 named,light_V0399_V_8s_2026_05_20-0061_flat_0p3_late_bias_cal.fits,gaia_774272862760870784_src1,comparison,624.8849197478264,267.5370195999767,3.6428134210984773,3784.2255716323853,ok
flat_0p3_late_bias,V0399 named,light_V0399_V_8s_2026_05_20-0061_flat_0p3_late_bias_cal.fits,gaia_774287774887292672_src5,comparison,2059.060710538893,1090.1817861402847,0.9745732579546049,1527.871919631958,ok
flat_0p3_late_bias,V0399 named,light_V0399_V_8s_2026_05_20-0061_flat_0p3_late_bias_cal.fits,gaia_774288805679445888_src7,comparison,1970.2737047329563,1361.0419275360816,1.9217145425523505,1224.1563901901245,ok
flat_0p3_late_bias,V0399 named,light_V0399_V_8s_2026_05_20-0061_flat_0p3_late_bias_cal.fits,gaia_774289041901756032_src4,comparison,2067.0583276705634,1451.8028298442118,1.9534549349638162,1584.4506912231445,ok
flat_0p3_late_bias,V0399 named,light_V0399_V_8s_2026_05_20-0061_flat_0p3_late_bias_cal.fits,gaia_774289488578357504_src6,comparison,965.6470077848312,1109.9128440275542,2.5315698063771386,1339.2148246765137,ok
flat_0p3_late_bias,V0399 named,light_V0399_V_8s_2026_05_20-0061_flat_0p3_late_bias_cal.fits,gaia_774290626745586944_src8,comparison,1095.6414968029944,1442.6960329094536,2.617477025868392,435.5547127723694,ok
flat_0p3_late_bias,V0399 named,light_V0399_V_8s_2026_05_20-0061_flat_0p3_late_bias_cal.fits,gaia_774384016513181696_src3,comparison,415.92929850642014,1264.4498617492927,4.203851092879564,1726.2752323150635,ok
flat_0p3_late_bias,V0399 named,light_V0399_V_8s_2026_05_20-0062_flat_0p3_late_bias_cal.fits,gaia_774271076054448768_src2,comparison,1531.9997730225843,330.67997837290574,0.986902448070563,2385.5227813720703,ok
flat_0p3_late_bias,V0399 named,light_V0399_V_8s_2026_05_20-0062_flat_0p3_late_bias_cal.fits,gaia_774272862760870784_src1,comparison,625.1342649783362,267.46341174721897,2.9134736885684855,3643.2189559936523,ok
flat_0p3_late_bias,V0399 named,light_V0399_V_8s_2026_05_20-0062_flat_0p3_late_bias_cal.fits,gaia_774287774887292672_src5,comparison,2059.465927508915,1090.2232301790189,0.9676253455976307,1491.5821418762207,ok
flat_0p3_late_bias,V0399 named,light_V0399_V_8s_2026_05_20-0062_flat_0p3_late_bias_cal.fits,gaia_774288805679445888_src7,comparison,1970.499068761295,1361.0878392206182,1.8045756901169805,1191.4254627227783,ok
flat_0p3_late_bias,V0399 named,light_V0399_V_8s_2026_05_20-0062_flat_0p3_late_bias_cal.fits,gaia_774289041901756032_src4,comparison,2067.345106431301,1451.817475624587,1.9083443111047251,1497.819275856018,ok
flat_0p3_late_bias,V0399 named,light_V0399_V_8s_2026_05_20-0062_flat_0p3_late_bias_cal.fits,gaia_774289488578357504_src6,comparison,965.8792224619195,1109.9429347819125,2.040918180749055,1257.1210069656372,ok
flat_0p3_late_bias,V0399 named,light_V0399_V_8s_2026_05_20-0062_flat_0p3_late_bias_cal.fits,gaia_774290626745586944_src8,comparison,1095.9393713933978,1442.7258112890052,1.8424503415540447,398.6641216278076,ok
flat_0p3_late_bias,V0399 named,light_V0399_V_8s_2026_05_20-0062_flat_0p3_late_bias_cal.fits,gaia_774384016513181696_src3,comparison,415.9776010575372,1264.466374504168,3.485859167990217,1614.6693105697632,ok
flat_0p3_late_bias,V0399 named,light_V0399_V_8s_2026_05_20-0063_flat_0p3_late_bias_cal.fits,gaia_774271076054448768_src2,comparison,1531.8153624922595,330.84832342110457,1.1043860682551747,2441.253291130066,ok
flat_0p3_late_bias,V0399 named,light_V0399_V_8s_2026_05_20-0063_flat_0p3_late_bias_cal.fits,gaia_774272862760870784_src1,comparison,624.8794894808275,267.8096212073518,3.1250498640583495,3554.803388595581,ok
flat_0p3_late_bias,V0399 named,light_V0399_V_8s_2026_05_20-0063_flat_0p3_late_bias_cal.fits,gaia_774287774887292672_src5,comparison,2059.489018150724,1090.4353977207131,0.844197512808371,1480.8339262008667,ok
flat_0p3_late_bias,V0399 named,light_V0399_V_8s_2026_05_20-0063_flat_0p3_late_bias_cal.fits,gaia_774288805679445888_src7,comparison,1970.6076084995761,1361.393659087056,1.7026042417500338,1169.3402981758118,ok
flat_0p3_late_bias,V0399 named,light_V0399_V_8s_2026_05_20-0063_flat_0p3_late_bias_cal.fits,gaia_774289041901756032_src4,comparison,2067.4045185953987,1452.1423922342183,1.7250247639299505,1508.9332447052002,ok
flat_0p3_late_bias,V0399 named,light_V0399_V_8s_2026_05_20-0063_flat_0p3_late_bias_cal.fits,gaia_774289488578357504_src6,comparison,965.9648752908097,1110.1597283163815,2.292500052580247,1248.8941531181335,ok
flat_0p3_late_bias,V0399 named,light_V0399_V_8s_2026_05_20-0063_flat_0p3_late_bias_cal.fits,gaia_774290626745586944_src8,comparison,1095.8137152102663,1443.2403910100581,1.7670354311472307,409.1407814025879,ok
flat_0p3_late_bias,V0399 named,light_V0399_V_8s_2026_05_20-0063_flat_0p3_late_bias_cal.fits,gaia_774384016513181696_src3,comparison,416.11328909420723,1264.8022634937754,3.8115986705791842,1613.7795295715332,ok
flat_0p3_late_bias,V0399 named,light_V0399_V_8s_2026_05_20-0064_flat_0p3_late_bias_cal.fits,gaia_774271076054448768_src2,comparison,1532.2511161947978,330.1395377455441,0.7112564364814948,2414.113109588623,ok
flat_0p3_late_bias,V0399 named,light_V0399_V_8s_2026_05_20-0064_flat_0p3_late_bias_cal.fits,gaia_774272862760870784_src1,comparison,625.5658356947278,267.1403270584507,2.444533753901111,3645.184792995453,ok
flat_0p3_late_bias,V0399 named,light_V0399_V_8s_2026_05_20-0064_flat_0p3_late_bias_cal.fits,gaia_774287774887292672_src5,comparison,2059.8205117216985,1089.6984082662093,0.7437012819866011,1480.5238342285156,ok
flat_0p3_late_bias,V0399 named,light_V0399_V_8s_2026_05_20-0064_flat_0p3_late_bias_cal.fits,gaia_774288805679445888_src7,comparison,1971.1403246365892,1360.5278628195304,1.6856027534930766,1199.5206727981567,ok
flat_0p3_late_bias,V0399 named,light_V0399_V_8s_2026_05_20-0064_flat_0p3_late_bias_cal.fits,gaia_774289041901756032_src4,comparison,2067.8348608258134,1451.29759541136,1.5822131039519864,1534.43070602417,ok
flat_0p3_late_bias,V0399 named,light_V0399_V_8s_2026_05_20-0064_flat_0p3_late_bias_cal.fits,gaia_774289488578357504_src6,comparison,966.3194418833436,1109.497248296104,1.6392640018097617,1295.8421058654785,ok
flat_0p3_late_bias,V0399 named,light_V0399_V_8s_2026_05_20-0064_flat_0p3_late_bias_cal.fits,gaia_774290626745586944_src8,comparison,1096.380770795319,1442.4921867339335,1.2552565980916117,409.7969741821289,ok
flat_0p3_late_bias,V0399 named,light_V0399_V_8s_2026_05_20-0064_flat_0p3_late_bias_cal.fits,gaia_774384016513181696_src3,comparison,416.53762624663966,1264.2428776037634,2.949590897792369,1671.11918258667,ok
flat_0p3_late_bias,V0399 named,light_V0399_V_8s_2026_05_20-0065_flat_0p3_late_bias_cal.fits,gaia_774271076054448768_src2,comparison,1532.671834406868,330.0424301922437,1.1764213354431161,2483.188190460205,ok
flat_0p3_late_bias,V0399 named,light_V0399_V_8s_2026_05_20-0065_flat_0p3_late_bias_cal.fits,gaia_774272862760870784_src1,comparison,626.1464852131829,267.08950237814344,3.585938896390046,3701.9700088500977,ok
flat_0p3_late_bias,V0399 named,light_V0399_V_8s_2026_05_20-0065_flat_0p3_late_bias_cal.fits,gaia_774287774887292672_src5,comparison,2060.157032247974,1089.3590745274953,1.040165208286288,1488.9139285087585,ok
flat_0p3_late_bias,V0399 named,light_V0399_V_8s_2026_05_20-0065_flat_0p3_late_bias_cal.fits,gaia_774288805679445888_src7,comparison,1971.2946805010251,1360.2999175217315,1.8858408319266375,1207.1933507919312,ok
flat_0p3_late_bias,V0399 named,light_V0399_V_8s_2026_05_20-0065_flat_0p3_late_bias_cal.fits,gaia_774289041901756032_src4,comparison,2068.1631598355943,1450.9823997335495,2.027221150177544,1521.9022417068481,ok
flat_0p3_late_bias,V0399 named,light_V0399_V_8s_2026_05_20-0065_flat_0p3_late_bias_cal.fits,gaia_774289488578357504_src6,comparison,966.8591810576967,1109.2900822437873,2.440280444861955,1301.813593864441,ok
flat_0p3_late_bias,V0399 named,light_V0399_V_8s_2026_05_20-0065_flat_0p3_late_bias_cal.fits,gaia_774290626745586944_src8,comparison,1097.0034281750366,1442.2364975450116,2.1646658570871664,410.32611083984375,ok
flat_0p3_late_bias,V0399 named,light_V0399_V_8s_2026_05_20-0065_flat_0p3_late_bias_cal.fits,gaia_774384016513181696_src3,comparison,417.18362970774893,1264.0597921264716,4.180240670977315,1622.4973526000977,ok
flat_0p3_late_bias,V0399 named,light_V0399_V_8s_2026_05_20-0066_flat_0p3_late_bias_cal.fits,gaia_774271076054448768_src2,comparison,1533.4209419342883,328.83358524667176,0.9093617941234955,2494.4523277282715,ok
flat_0p3_late_bias,V0399 named,light_V0399_V_8s_2026_05_20-0066_flat_0p3_late_bias_cal.fits,gaia_774272862760870784_src1,comparison,626.6278573640698,265.8860171818458,2.847034801245197,3637.0372529029846,ok
flat_0p3_late_bias,V0399 named,light_V0399_V_8s_2026_05_20-0066_flat_0p3_late_bias_cal.fits,gaia_774287774887292672_src5,comparison,2060.9082945497776,1088.2256496526359,0.8453873661011597,1486.0202045440674,ok
flat_0p3_late_bias,V0399 named,light_V0399_V_8s_2026_05_20-0066_flat_0p3_late_bias_cal.fits,gaia_774288805679445888_src7,comparison,1972.296746698514,1359.1547769370818,1.741737791174641,1204.4896831512451,ok
flat_0p3_late_bias,V0399 named,light_V0399_V_8s_2026_05_20-0066_flat_0p3_late_bias_cal.fits,gaia_774289041901756032_src4,comparison,2069.0208710602965,1449.8571944094417,1.721181065503695,1515.8358697891235,ok
flat_0p3_late_bias,V0399 named,light_V0399_V_8s_2026_05_20-0066_flat_0p3_late_bias_cal.fits,gaia_774289488578357504_src6,comparison,967.5858466983558,1108.145815488006,2.0156124200458914,1307.4271059036255,ok
flat_0p3_late_bias,V0399 named,light_V0399_V_8s_2026_05_20-0066_flat_0p3_late_bias_cal.fits,gaia_774290626745586944_src8,comparison,1097.6240658634451,1441.1811317145323,1.7201545424325801,419.4612922668457,ok
flat_0p3_late_bias,V0399 named,light_V0399_V_8s_2026_05_20-0066_flat_0p3_late_bias_cal.fits,gaia_774384016513181696_src3,comparison,417.7136013564364,1262.8635653785007,3.2795371682871366,1626.5995597839355,ok
flat_0p3_late_bias,V0399 named,light_V0399_V_8s_2026_05_20-0067_flat_0p3_late_bias_cal.fits,gaia_774271076054448768_src2,comparison,1533.574004313142,328.4059114142754,1.0697410582618412,2698.052858352661,ok
flat_0p3_late_bias,V0399 named,light_V0399_V_8s_2026_05_20-0067_flat_0p3_late_bias_cal.fits,gaia_774272862760870784_src1,comparison,626.9075624173304,265.34434804496937,3.3194190620487944,4012.775043487549,ok
flat_0p3_late_bias,V0399 named,light_V0399_V_8s_2026_05_20-0067_flat_0p3_late_bias_cal.fits,gaia_774287774887292672_src5,comparison,2061.145256438537,1087.8195540870706,0.9776834953178192,1650.3702974319458,ok
flat_0p3_late_bias,V0399 named,light_V0399_V_8s_2026_05_20-0067_flat_0p3_late_bias_cal.fits,gaia_774288805679445888_src7,comparison,1972.2807464078664,1358.6063811630172,1.9301907500588218,1337.4428300857544,ok
flat_0p3_late_bias,V0399 named,light_V0399_V_8s_2026_05_20-0067_flat_0p3_late_bias_cal.fits,gaia_774289041901756032_src4,comparison,2069.155221960712,1449.4023078907944,1.9625418808264055,1700.1253299713135,ok
flat_0p3_late_bias,V0399 named,light_V0399_V_8s_2026_05_20-0067_flat_0p3_late_bias_cal.fits,gaia_774289488578357504_src6,comparison,967.899315319955,1107.7368126842598,2.472891541795815,1428.3415241241455,ok
flat_0p3_late_bias,V0399 named,light_V0399_V_8s_2026_05_20-0067_flat_0p3_late_bias_cal.fits,gaia_774290626745586944_src8,comparison,1098.0321729893492,1440.554133744547,2.3643505203007438,461.6275520324707,ok
flat_0p3_late_bias,V0399 named,light_V0399_V_8s_2026_05_20-0067_flat_0p3_late_bias_cal.fits,gaia_774384016513181696_src3,comparison,418.1247358851523,1262.393389840042,4.0329778289558655,1791.708369255066,ok
flat_0p3_late_bias,V0399 named,light_V0399_V_8s_2026_05_20-0068_flat_0p3_late_bias_cal.fits,gaia_774271076054448768_src2,comparison,1533.8185891021212,329.8737815486283,0.9324930960597866,2507.4602479934692,ok
flat_0p3_late_bias,V0399 named,light_V0399_V_8s_2026_05_20-0068_flat_0p3_late_bias_cal.fits,gaia_774272862760870784_src1,comparison,627.0304214328753,266.7851310022066,2.801307774670032,3757.212788105011,ok
flat_0p3_late_bias,V0399 named,light_V0399_V_8s_2026_05_20-0068_flat_0p3_late_bias_cal.fits,gaia_774287774887292672_src5,comparison,2061.4538323117804,1089.3649780602689,0.7482148636610215,1494.2406311035156,ok
flat_0p3_late_bias,V0399 named,light_V0399_V_8s_2026_05_20-0068_flat_0p3_late_bias_cal.fits,gaia_774288805679445888_src7,comparison,1972.8391668744966,1360.1519534693373,1.7885105349534756,1204.7075119018555,ok
flat_0p3_late_bias,V0399 named,light_V0399_V_8s_2026_05_20-0068_flat_0p3_late_bias_cal.fits,gaia_774289041901756032_src4,comparison,2069.5471667829206,1450.9414774157353,1.6912388023937275,1577.7449855804443,ok
flat_0p3_late_bias,V0399 named,light_V0399_V_8s_2026_05_20-0068_flat_0p3_late_bias_cal.fits,gaia_774289488578357504_src6,comparison,968.058353968772,1109.1401898415425,2.047636749847819,1325.400050163269,ok
flat_0p3_late_bias,V0399 named,light_V0399_V_8s_2026_05_20-0068_flat_0p3_late_bias_cal.fits,gaia_774290626745586944_src8,comparison,1098.1912264855569,1441.9254176171187,2.060591163309141,409.581600189209,ok
flat_0p3_late_bias,V0399 named,light_V0399_V_8s_2026_05_20-0068_flat_0p3_late_bias_cal.fits,gaia_774384016513181696_src3,comparison,418.417738134939,1263.8285866838128,3.56183331692089,1685.2483043670654,ok
flat_0p3_late_bias,V0399 named,light_V0399_V_8s_2026_05_20-0069_flat_0p3_late_bias_cal.fits,gaia_774271076054448768_src2,comparison,1533.5354791070713,329.6151934600532,0.7788987700969466,2165.4399547576904,ok
flat_0p3_late_bias,V0399 named,light_V0399_V_8s_2026_05_20-0069_flat_0p3_late_bias_cal.fits,gaia_774272862760870784_src1,comparison,626.7033310588707,266.57162645658644,2.0709856440461887,3262.4877758026123,ok
flat_0p3_late_bias,V0399 named,light_V0399_V_8s_2026_05_20-0069_flat_0p3_late_bias_cal.fits,gaia_774287774887292672_src5,comparison,2061.254004738289,1089.1379818441535,0.6931165655023137,1306.0345306396484,ok
flat_0p3_late_bias,V0399 named,light_V0399_V_8s_2026_05_20-0069_flat_0p3_late_bias_cal.fits,gaia_774288805679445888_src7,comparison,1972.2583275186737,1360.152103163789,1.2629394640535776,1031.9732074737549,ok
flat_0p3_late_bias,V0399 named,light_V0399_V_8s_2026_05_20-0069_flat_0p3_late_bias_cal.fits,gaia_774289041901756032_src4,comparison,2069.0683828131378,1450.8071628970486,1.3332987324268508,1316.0162734985352,ok
flat_0p3_late_bias,V0399 named,light_V0399_V_8s_2026_05_20-0069_flat_0p3_late_bias_cal.fits,gaia_774289488578357504_src6,comparison,967.6975427246437,1108.8743878569655,1.420324285739065,1115.3152551651,ok
flat_0p3_late_bias,V0399 named,light_V0399_V_8s_2026_05_20-0069_flat_0p3_late_bias_cal.fits,gaia_774290626745586944_src8,comparison,1097.7207451755446,1441.8790511174298,0.8107917257001128,367.7432107925415,ok
flat_0p3_late_bias,V0399 named,light_V0399_V_8s_2026_05_20-0069_flat_0p3_late_bias_cal.fits,gaia_774384016513181696_src3,comparison,417.7845337744279,1263.5441782693754,2.6305637199374283,1417.7736382484436,ok
flat_0p3_late_bias,V0399 named,light_V0399_V_8s_2026_05_20-0070_flat_0p3_late_bias_cal.fits,gaia_774271076054448768_src2,comparison,1536.8129287876761,331.5719921855698,0.9417693696566714,2181.4312410354614,ok
flat_0p3_late_bias,V0399 named,light_V0399_V_8s_2026_05_20-0070_flat_0p3_late_bias_cal.fits,gaia_774272862760870784_src1,comparison,630.0877383850715,268.4482713159788,2.4391469804289034,3171.2090759277344,ok
flat_0p3_late_bias,V0399 named,light_V0399_V_8s_2026_05_20-0070_flat_0p3_late_bias_cal.fits,gaia_774287774887292672_src5,comparison,2064.35095625919,1091.0915045100298,0.7567528336301609,1258.2198867797852,ok
flat_0p3_late_bias,V0399 named,light_V0399_V_8s_2026_05_20-0070_flat_0p3_late_bias_cal.fits,gaia_774288805679445888_src7,comparison,1975.5679807269746,1362.0114852419376,1.6311271810094723,998.356143951416,ok
flat_0p3_late_bias,V0399 named,light_V0399_V_8s_2026_05_20-0070_flat_0p3_late_bias_cal.fits,gaia_774289041901756032_src4,comparison,2072.524450783417,1452.6620185605693,1.8718360984286457,1298.7610473632812,ok
flat_0p3_late_bias,V0399 named,light_V0399_V_8s_2026_05_20-0070_flat_0p3_late_bias_cal.fits,gaia_774289488578357504_src6,comparison,971.0659742960651,1110.725305550843,1.820150390602241,1089.4737129211426,ok
flat_0p3_late_bias,V0399 named,light_V0399_V_8s_2026_05_20-0070_flat_0p3_late_bias_cal.fits,gaia_774290626745586944_src8,comparison,1101.190128380803,1443.5912960467026,1.272187880147894,356.37241554260254,ok
flat_0p3_late_bias,V0399 named,light_V0399_V_8s_2026_05_20-0070_flat_0p3_late_bias_cal.fits,gaia_774384016513181696_src3,comparison,421.16304696813415,1265.0915778552767,3.0321681700124974,1362.744218826294,ok
flat_0p3_late_bias,V0399 named,light_V0399_V_8s_2026_05_20-0071_flat_0p3_late_bias_cal.fits,gaia_774271076054448768_src2,comparison,1536.3697104903345,331.43714007318715,1.0295568683229293,2435.4697589874268,ok
flat_0p3_late_bias,V0399 named,light_V0399_V_8s_2026_05_20-0071_flat_0p3_late_bias_cal.fits,gaia_774272862760870784_src1,comparison,629.4025897166937,268.2376379698151,2.9587116338139507,3648.8849754333496,ok
flat_0p3_late_bias,V0399 named,light_V0399_V_8s_2026_05_20-0071_flat_0p3_late_bias_cal.fits,gaia_774287774887292672_src5,comparison,2063.742371708964,1090.9506253892766,0.9659439678443403,1446.1064257621765,ok
flat_0p3_late_bias,V0399 named,light_V0399_V_8s_2026_05_20-0071_flat_0p3_late_bias_cal.fits,gaia_774288805679445888_src7,comparison,1974.8476421521011,1361.8350582316655,1.824711863374725,1166.7105207443237,ok
flat_0p3_late_bias,V0399 named,light_V0399_V_8s_2026_05_20-0071_flat_0p3_late_bias_cal.fits,gaia_774289041901756032_src4,comparison,2071.6595732778665,1452.644746790481,1.8309688526707717,1512.876714706421,ok
flat_0p3_late_bias,V0399 named,light_V0399_V_8s_2026_05_20-0071_flat_0p3_late_bias_cal.fits,gaia_774289488578357504_src6,comparison,970.3962747830471,1110.7182510959394,2.2886195321015324,1290.3231353759766,ok
flat_0p3_late_bias,V0399 named,light_V0399_V_8s_2026_05_20-0071_flat_0p3_late_bias_cal.fits,gaia_774290626745586944_src8,comparison,1100.5885623999002,1443.6496268456283,2.1202273273078154,405.5253224372864,ok
flat_0p3_late_bias,V0399 named,light_V0399_V_8s_2026_05_20-0071_flat_0p3_late_bias_cal.fits,gaia_774384016513181696_src3,comparison,420.6781044740839,1265.1807675798725,3.8729896855600474,1618.074288368225,ok
flat_0p3_late_bias,V0399 named,light_V0399_V_8s_2026_05_20-0072_flat_0p3_late_bias_cal.fits,gaia_774271076054448768_src2,comparison,1536.1599235836602,332.2723864670393,0.9473935382571806,2523.718849182129,ok
flat_0p3_late_bias,V0399 named,light_V0399_V_8s_2026_05_20-0072_flat_0p3_late_bias_cal.fits,gaia_774272862760870784_src1,comparison,629.4979477095592,269.23412949886324,2.59903904077723,3744.911626815796,ok
flat_0p3_late_bias,V0399 named,light_V0399_V_8s_2026_05_20-0072_flat_0p3_late_bias_cal.fits,gaia_774287774887292672_src5,comparison,2063.738450213698,1091.7430071262918,0.7273529306798775,1520.2222781181335,ok
flat_0p3_late_bias,V0399 named,light_V0399_V_8s_2026_05_20-0072_flat_0p3_late_bias_cal.fits,gaia_774288805679445888_src7,comparison,1974.9010690609805,1362.6825671376273,1.5277126017955402,1200.2592287063599,ok
flat_0p3_late_bias,V0399 named,light_V0399_V_8s_2026_05_20-0072_flat_0p3_late_bias_cal.fits,gaia_774289041901756032_src4,comparison,2071.782623100737,1453.4350292880915,1.62428524300812,1559.2581462860107,ok
flat_0p3_late_bias,V0399 named,light_V0399_V_8s_2026_05_20-0072_flat_0p3_late_bias_cal.fits,gaia_774289488578357504_src6,comparison,970.3499626254916,1111.5332065902207,1.7928499674288894,1311.1717720031738,ok
flat_0p3_late_bias,V0399 named,light_V0399_V_8s_2026_05_20-0072_flat_0p3_late_bias_cal.fits,gaia_774290626745586944_src8,comparison,1100.2451621217583,1444.471468063545,1.0597160983868825,428.469277381897,ok
flat_0p3_late_bias,V0399 named,light_V0399_V_8s_2026_05_20-0072_flat_0p3_late_bias_cal.fits,gaia_774384016513181696_src3,comparison,420.48205324081397,1266.2771692246893,3.2172241126728176,1688.276990890503,ok
flat_0p3_late_bias,V0399 named,light_V0399_V_8s_2026_05_20-0073_flat_0p3_late_bias_cal.fits,gaia_774271076054448768_src2,comparison,1536.3710839483444,332.1814327128016,0.6449614090477768,2536.1918754577637,ok
flat_0p3_late_bias,V0399 named,light_V0399_V_8s_2026_05_20-0073_flat_0p3_late_bias_cal.fits,gaia_774272862760870784_src1,comparison,629.4800813124627,269.31914546459694,1.9148299233085102,3718.053873538971,ok
flat_0p3_late_bias,V0399 named,light_V0399_V_8s_2026_05_20-0073_flat_0p3_late_bias_cal.fits,gaia_774287774887292672_src5,comparison,2064.162855200779,1091.6277853643237,0.6711051042372855,1506.948784828186,ok
flat_0p3_late_bias,V0399 named,light_V0399_V_8s_2026_05_20-0073_flat_0p3_late_bias_cal.fits,gaia_774288805679445888_src7,comparison,1975.3622814748196,1362.7014741476337,1.3176441427913925,1226.036623954773,ok
flat_0p3_late_bias,V0399 named,light_V0399_V_8s_2026_05_20-0073_flat_0p3_late_bias_cal.fits,gaia_774289041901756032_src4,comparison,2072.219731101725,1453.3524951679526,1.390163991849002,1534.0707302093506,ok
flat_0p3_late_bias,V0399 named,light_V0399_V_8s_2026_05_20-0073_flat_0p3_late_bias_cal.fits,gaia_774289488578357504_src6,comparison,970.606386684426,1111.7911900084396,1.3893119052760043,1328.544578552246,ok
flat_0p3_late_bias,V0399 named,light_V0399_V_8s_2026_05_20-0073_flat_0p3_late_bias_cal.fits,gaia_774290626745586944_src8,comparison,1100.8139573912229,1444.7483270953833,0.7885688432022706,408.98250007629395,ok
flat_0p3_late_bias,V0399 named,light_V0399_V_8s_2026_05_20-0073_flat_0p3_late_bias_cal.fits,gaia_774384016513181696_src3,comparison,420.7704843306927,1266.4809013467172,2.5562005977073814,1653.605254650116,ok
flat_0p3_late_bias,V0399 named,light_V0399_V_8s_2026_05_20-0074_flat_0p3_late_bias_cal.fits,gaia_774271076054448768_src2,comparison,1537.157056765934,332.50406700644197,0.9418781101411708,1968.770456314087,ok
flat_0p3_late_bias,V0399 named,light_V0399_V_8s_2026_05_20-0074_flat_0p3_late_bias_cal.fits,gaia_774272862760870784_src1,comparison,630.5142722436781,269.6281638918346,2.726804249415409,2876.9497966766357,ok
flat_0p3_late_bias,V0399 named,light_V0399_V_8s_2026_05_20-0074_flat_0p3_late_bias_cal.fits,gaia_774287774887292672_src5,comparison,2064.835157040129,1091.9788448062516,0.7606324901468576,1143.319499015808,ok
flat_0p3_late_bias,V0399 named,light_V0399_V_8s_2026_05_20-0074_flat_0p3_late_bias_cal.fits,gaia_774288805679445888_src7,comparison,1976.047728327583,1362.8641614534097,1.6352109043100438,927.3386144638062,ok
flat_0p3_late_bias,V0399 named,light_V0399_V_8s_2026_05_20-0074_flat_0p3_late_bias_cal.fits,gaia_774289041901756032_src4,comparison,2072.9645765701384,1453.5933574162987,1.7715945737938887,1194.3163599967957,ok
flat_0p3_late_bias,V0399 named,light_V0399_V_8s_2026_05_20-0074_flat_0p3_late_bias_cal.fits,gaia_774289488578357504_src6,comparison,971.3997231597336,1111.9854111904929,1.8658144736662254,985.7882747650146,ok
flat_0p3_late_bias,V0399 named,light_V0399_V_8s_2026_05_20-0074_flat_0p3_late_bias_cal.fits,gaia_774290626745586944_src8,comparison,1101.5432391944344,1444.9119657789831,1.2545418841247922,315.4348134994507,ok
flat_0p3_late_bias,V0399 named,light_V0399_V_8s_2026_05_20-0074_flat_0p3_late_bias_cal.fits,gaia_774384016513181696_src3,comparison,421.6951186361853,1266.499081365369,3.3479651547129343,1278.7356090545654,ok
flat_0p3_late_bias,V0399 named,light_V0399_V_8s_2026_05_20-0075_flat_0p3_late_bias_cal.fits,gaia_774271076054448768_src2,comparison,1538.428231222433,332.57896045728666,0.651566342726212,2615.743158340454,ok
flat_0p3_late_bias,V0399 named,light_V0399_V_8s_2026_05_20-0075_flat_0p3_late_bias_cal.fits,gaia_774272862760870784_src1,comparison,631.6245859196297,269.7543320431057,2.2853041646576715,3936.412136077881,ok
flat_0p3_late_bias,V0399 named,light_V0399_V_8s_2026_05_20-0075_flat_0p3_late_bias_cal.fits,gaia_774287774887292672_src5,comparison,2066.0539162454106,1092.1654852865865,0.5315575693316378,1585.23366355896,ok
flat_0p3_late_bias,V0399 named,light_V0399_V_8s_2026_05_20-0075_flat_0p3_late_bias_cal.fits,gaia_774288805679445888_src7,comparison,1977.3603175876567,1363.0241440935365,1.3856386014555448,1267.4782609939575,ok
flat_0p3_late_bias,V0399 named,light_V0399_V_8s_2026_05_20-0075_flat_0p3_late_bias_cal.fits,gaia_774289041901756032_src4,comparison,2074.122748769768,1453.768869402789,1.3134275228528314,1629.263277053833,ok
flat_0p3_late_bias,V0399 named,light_V0399_V_8s_2026_05_20-0075_flat_0p3_late_bias_cal.fits,gaia_774289488578357504_src6,comparison,972.6752819890437,1112.1078158840028,1.5819917887135095,1384.902123451233,ok
flat_0p3_late_bias,V0399 named,light_V0399_V_8s_2026_05_20-0075_flat_0p3_late_bias_cal.fits,gaia_774290626745586944_src8,comparison,1102.6301254175746,1444.9565944501942,1.2699900563201576,444.62749576568604,ok
flat_0p3_late_bias,V0399 named,light_V0399_V_8s_2026_05_20-0075_flat_0p3_late_bias_cal.fits,gaia_774384016513181696_src3,comparison,422.8249649694795,1266.8357192069132,2.700709505164076,1749.3469700813293,ok
flat_0p3_late_bias,V0399 named,light_V0399_V_8s_2026_05_20-0076_flat_0p3_late_bias_cal.fits,gaia_774271076054448768_src2,comparison,1537.7780008099605,333.4896677707728,1.1402782758905081,2274.6978549957275,ok
flat_0p3_late_bias,V0399 named,light_V0399_V_8s_2026_05_20-0076_flat_0p3_late_bias_cal.fits,gaia_774272862760870784_src1,comparison,630.887399428071,270.6852380716609,3.4871669169529533,3374.401741027832,ok
flat_0p3_late_bias,V0399 named,light_V0399_V_8s_2026_05_20-0076_flat_0p3_late_bias_cal.fits,gaia_774287774887292672_src5,comparison,2065.2441735145744,1092.9788273289998,0.9898302429200041,1367.1833019256592,ok
flat_0p3_late_bias,V0399 named,light_V0399_V_8s_2026_05_20-0076_flat_0p3_late_bias_cal.fits,gaia_774288805679445888_src7,comparison,1976.4918419616995,1363.90880030682,1.9375436899848433,1108.0354270935059,ok
flat_0p3_late_bias,V0399 named,light_V0399_V_8s_2026_05_20-0076_flat_0p3_late_bias_cal.fits,gaia_774289041901756032_src4,comparison,2073.2137958404646,1454.5266818576727,2.0471657698888057,1410.775827407837,ok
flat_0p3_late_bias,V0399 named,light_V0399_V_8s_2026_05_20-0076_flat_0p3_late_bias_cal.fits,gaia_774289488578357504_src6,comparison,971.9065756497351,1112.9394172405857,2.4908953018711006,1179.3945980072021,ok
flat_0p3_late_bias,V0399 named,light_V0399_V_8s_2026_05_20-0076_flat_0p3_late_bias_cal.fits,gaia_774290626745586944_src8,comparison,1101.7547741065528,1445.8873761559867,1.9385950337802305,385.59306621551514,ok
flat_0p3_late_bias,V0399 named,light_V0399_V_8s_2026_05_20-0076_flat_0p3_late_bias_cal.fits,gaia_774384016513181696_src3,comparison,422.04059830542946,1267.5822263361074,4.067558377489635,1492.7098846435547,ok
flat_0p3_late_bias,V0399 named,light_V0399_V_8s_2026_05_20-0077_flat_0p3_late_bias_cal.fits,gaia_774271076054448768_src2,comparison,1538.5921845319103,333.2539565664931,0.7243038601843108,2639.428478240967,ok
flat_0p3_late_bias,V0399 named,light_V0399_V_8s_2026_05_20-0077_flat_0p3_late_bias_cal.fits,gaia_774272862760870784_src1,comparison,631.7962967171936,270.39941841094287,1.9619107604946406,3904.340019226074,ok
flat_0p3_late_bias,V0399 named,light_V0399_V_8s_2026_05_20-0077_flat_0p3_late_bias_cal.fits,gaia_774287774887292672_src5,comparison,2066.2499343865547,1092.5995005567784,0.6657832805357312,1601.5522289276123,ok
flat_0p3_late_bias,V0399 named,light_V0399_V_8s_2026_05_20-0077_flat_0p3_late_bias_cal.fits,gaia_774288805679445888_src7,comparison,1977.526763618549,1363.5076067257942,1.4493725665384747,1279.443681716919,ok
flat_0p3_late_bias,V0399 named,light_V0399_V_8s_2026_05_20-0077_flat_0p3_late_bias_cal.fits,gaia_774289041901756032_src4,comparison,2074.323598019996,1454.2908654683306,1.4476033367491412,1650.8011164665222,ok
flat_0p3_late_bias,V0399 named,light_V0399_V_8s_2026_05_20-0077_flat_0p3_late_bias_cal.fits,gaia_774289488578357504_src6,comparison,972.8084441939209,1112.6002157901696,1.3179591809392441,1385.2411994934082,ok
flat_0p3_late_bias,V0399 named,light_V0399_V_8s_2026_05_20-0077_flat_0p3_late_bias_cal.fits,gaia_774290626745586944_src8,comparison,1102.843863682756,1445.4620462572761,0.5258154724156775,450.69578075408936,ok
flat_0p3_late_bias,V0399 named,light_V0399_V_8s_2026_05_20-0077_flat_0p3_late_bias_cal.fits,gaia_774384016513181696_src3,comparison,423.254200640929,1267.364234200693,2.7616675712922945,1747.1999769210815,ok
flat_0p3_late_bias,V0399 named,light_V0399_V_8s_2026_05_20-0078_flat_0p3_late_bias_cal.fits,gaia_774271076054448768_src2,comparison,1539.1159689327776,333.137991463587,0.9697168950291581,2237.373430252075,ok
flat_0p3_late_bias,V0399 named,light_V0399_V_8s_2026_05_20-0078_flat_0p3_late_bias_cal.fits,gaia_774272862760870784_src1,comparison,632.3635004120799,270.14455346837934,2.481757298947809,3380.1104097366333,ok
flat_0p3_late_bias,V0399 named,light_V0399_V_8s_2026_05_20-0078_flat_0p3_late_bias_cal.fits,gaia_774287774887292672_src5,comparison,2067.000476577562,1092.402219140491,0.817682167908542,1346.5242805480957,ok
flat_0p3_late_bias,V0399 named,light_V0399_V_8s_2026_05_20-0078_flat_0p3_late_bias_cal.fits,gaia_774288805679445888_src7,comparison,1978.1788688445447,1363.3228984749946,1.6008378775817413,1089.6484160423279,ok
flat_0p3_late_bias,V0399 named,light_V0399_V_8s_2026_05_20-0078_flat_0p3_late_bias_cal.fits,gaia_774289041901756032_src4,comparison,2074.8353140586246,1453.9573789243884,1.597691592032766,1377.980242729187,ok
flat_0p3_late_bias,V0399 named,light_V0399_V_8s_2026_05_20-0078_flat_0p3_late_bias_cal.fits,gaia_774289488578357504_src6,comparison,973.5214226875502,1112.3865482291415,1.7586503272717025,1193.9925231933594,ok
flat_0p3_late_bias,V0399 named,light_V0399_V_8s_2026_05_20-0078_flat_0p3_late_bias_cal.fits,gaia_774290626745586944_src8,comparison,1103.7065753812878,1445.13101396376,1.5578202943944714,382.30585289001465,ok
flat_0p3_late_bias,V0399 named,light_V0399_V_8s_2026_05_20-0078_flat_0p3_late_bias_cal.fits,gaia_774384016513181696_src3,comparison,423.61204925468076,1267.1039818688776,3.0193168629964537,1488.4266710281372,ok
flat_0p3_late_bias,V0399 named,light_V0399_V_8s_2026_05_20-0079_flat_0p3_late_bias_cal.fits,gaia_774271076054448768_src2,comparison,1538.8910955734232,334.21701375513527,0.954367075441961,2731.8589477539062,ok
flat_0p3_late_bias,V0399 named,light_V0399_V_8s_2026_05_20-0079_flat_0p3_late_bias_cal.fits,gaia_774272862760870784_src1,comparison,631.9652086686851,271.36006423744146,3.08606572226787,4042.9267148971558,ok
flat_0p3_late_bias,V0399 named,light_V0399_V_8s_2026_05_20-0079_flat_0p3_late_bias_cal.fits,gaia_774287774887292672_src5,comparison,2066.3429806233517,1093.7508674282935,0.8701549584176866,1661.5883255004883,ok
flat_0p3_late_bias,V0399 named,light_V0399_V_8s_2026_05_20-0079_flat_0p3_late_bias_cal.fits,gaia_774288805679445888_src7,comparison,1977.582312540411,1364.721898882701,1.6312103025828217,1350.7671957015991,ok
flat_0p3_late_bias,V0399 named,light_V0399_V_8s_2026_05_20-0079_flat_0p3_late_bias_cal.fits,gaia_774289041901756032_src4,comparison,2074.3698393707723,1455.4821485654536,1.6228149673552845,1684.4145212173462,ok
flat_0p3_late_bias,V0399 named,light_V0399_V_8s_2026_05_20-0079_flat_0p3_late_bias_cal.fits,gaia_774289488578357504_src6,comparison,972.9908800649062,1113.656945760024,2.194648798403699,1419.8675022125244,ok
flat_0p3_late_bias,V0399 named,light_V0399_V_8s_2026_05_20-0079_flat_0p3_late_bias_cal.fits,gaia_774290626745586944_src8,comparison,1103.068323453622,1446.676808844146,2.087972247514703,460.3932275772095,ok
flat_0p3_late_bias,V0399 named,light_V0399_V_8s_2026_05_20-0079_flat_0p3_late_bias_cal.fits,gaia_774384016513181696_src3,comparison,423.24832742749675,1268.4023143858908,3.6535751306383304,1836.3599185943604,ok
flat_0p3_late_bias,V0399 named,light_V0399_V_8s_2026_05_20-0080_flat_0p3_late_bias_cal.fits,gaia_774271076054448768_src2,comparison,1541.2008834034646,335.050286435898,0.7440632567180323,2682.398371696472,ok
flat_0p3_late_bias,V0399 named,light_V0399_V_8s_2026_05_20-0080_flat_0p3_late_bias_cal.fits,gaia_774272862760870784_src1,comparison,634.494827673718,272.0203922338197,2.3936218286583038,4019.7144660949707,ok
flat_0p3_late_bias,V0399 named,light_V0399_V_8s_2026_05_20-0080_flat_0p3_late_bias_cal.fits,gaia_774287774887292672_src5,comparison,2068.769883764635,1094.602656425892,0.6592568399443497,1646.2212734222412,ok
flat_0p3_late_bias,V0399 named,light_V0399_V_8s_2026_05_20-0080_flat_0p3_late_bias_cal.fits,gaia_774288805679445888_src7,comparison,1979.9922474418424,1365.3720457724605,1.559245537827803,1274.9118251800537,ok
flat_0p3_late_bias,V0399 named,light_V0399_V_8s_2026_05_20-0080_flat_0p3_late_bias_cal.fits,gaia_774289041901756032_src4,comparison,2076.7910506865696,1456.2377917738625,1.4677707036648773,1642.634952545166,ok
flat_0p3_late_bias,V0399 named,light_V0399_V_8s_2026_05_20-0080_flat_0p3_late_bias_cal.fits,gaia_774289488578357504_src6,comparison,975.3260752308371,1114.4162739747658,1.6367955378837358,1433.035987854004,ok
flat_0p3_late_bias,V0399 named,light_V0399_V_8s_2026_05_20-0080_flat_0p3_late_bias_cal.fits,gaia_774290626745586944_src8,comparison,1105.3557547331243,1447.2208091758366,1.3362292614007563,456.9448137283325,ok
flat_0p3_late_bias,V0399 named,light_V0399_V_8s_2026_05_20-0080_flat_0p3_late_bias_cal.fits,gaia_774384016513181696_src3,comparison,425.5718864988778,1268.953696778954,2.896651267551017,1777.6255941390991,ok
flat_0p3_late_bias,V0399 named,light_V0399_V_8s_2026_05_20-0081_flat_0p3_late_bias_cal.fits,gaia_774271076054448768_src2,comparison,1540.9293831726375,334.6997201769913,1.1510359043944813,2582.6877422332764,ok
flat_0p3_late_bias,V0399 named,light_V0399_V_8s_2026_05_20-0081_flat_0p3_late_bias_cal.fits,gaia_774272862760870784_src1,comparison,634.2046005906135,271.6379479050715,3.362111553181652,3903.5583839416504,ok
flat_0p3_late_bias,V0399 named,light_V0399_V_8s_2026_05_20-0081_flat_0p3_late_bias_cal.fits,gaia_774287774887292672_src5,comparison,2068.5247722239137,1094.141671872671,0.9934500481194019,1552.2206506729126,ok
flat_0p3_late_bias,V0399 named,light_V0399_V_8s_2026_05_20-0081_flat_0p3_late_bias_cal.fits,gaia_774288805679445888_src7,comparison,1979.7071619792462,1365.0367208331036,1.935526608543972,1210.117669582367,ok
flat_0p3_late_bias,V0399 named,light_V0399_V_8s_2026_05_20-0081_flat_0p3_late_bias_cal.fits,gaia_774289041901756032_src4,comparison,2076.496315563694,1455.790522368354,1.9726796108728828,1610.3247032165527,ok
flat_0p3_late_bias,V0399 named,light_V0399_V_8s_2026_05_20-0081_flat_0p3_late_bias_cal.fits,gaia_774289488578357504_src6,comparison,974.9591066157537,1114.0012787691514,2.2631822597800015,1322.895628452301,ok
flat_0p3_late_bias,V0399 named,light_V0399_V_8s_2026_05_20-0081_flat_0p3_late_bias_cal.fits,gaia_774290626745586944_src8,comparison,1105.0963090583186,1446.8368109324,2.082486425340887,431.5590629577637,ok
flat_0p3_late_bias,V0399 named,light_V0399_V_8s_2026_05_20-0081_flat_0p3_late_bias_cal.fits,gaia_774384016513181696_src3,comparison,425.13726608035984,1268.6693247474502,3.8814487811150236,1722.5231895446777,ok
flat_0p3_late_bias,V0399 named,light_V0399_V_8s_2026_05_20-0082_flat_0p3_late_bias_cal.fits,gaia_774271076054448768_src2,comparison,1541.7945174660103,335.5191644701895,0.8721508417843378,2953.754008769989,ok
flat_0p3_late_bias,V0399 named,light_V0399_V_8s_2026_05_20-0082_flat_0p3_late_bias_cal.fits,gaia_774272862760870784_src1,comparison,635.0222933512216,272.64140977848285,2.913123657625706,4328.715431213379,ok
flat_0p3_late_bias,V0399 named,light_V0399_V_8s_2026_05_20-0082_flat_0p3_late_bias_cal.fits,gaia_774287774887292672_src5,comparison,2069.4354308484485,1095.0780687260444,0.7377660073378259,1788.1032152175903,ok
flat_0p3_late_bias,V0399 named,light_V0399_V_8s_2026_05_20-0082_flat_0p3_late_bias_cal.fits,gaia_774288805679445888_src7,comparison,1980.6658120275792,1365.9568178441896,1.6021650960637372,1415.4407901763916,ok
flat_0p3_late_bias,V0399 named,light_V0399_V_8s_2026_05_20-0082_flat_0p3_late_bias_cal.fits,gaia_774289041901756032_src4,comparison,2077.4982664906292,1456.7173691355983,1.6004770700850028,1850.076223373413,ok
flat_0p3_late_bias,V0399 named,light_V0399_V_8s_2026_05_20-0082_flat_0p3_late_bias_cal.fits,gaia_774289488578357504_src6,comparison,976.0309940644861,1114.9174698493032,2.038514358748737,1537.2127876281738,ok
flat_0p3_late_bias,V0399 named,light_V0399_V_8s_2026_05_20-0082_flat_0p3_late_bias_cal.fits,gaia_774290626745586944_src8,comparison,1106.225713037772,1447.823868842645,1.9950870633192663,491.95001888275146,ok
flat_0p3_late_bias,V0399 named,light_V0399_V_8s_2026_05_20-0082_flat_0p3_late_bias_cal.fits,gaia_774384016513181696_src3,comparison,401.60494424310406,1245.3234407474474,31.982568671819276,270.2433557510376,ok
flat_0p3_late_bias,V0399 named,light_V0399_V_8s_2026_05_20-0083_flat_0p3_late_bias_cal.fits,gaia_774271076054448768_src2,comparison,1541.2411772232597,334.3630813543157,1.2733809654894142,2359.0828609466553,ok
flat_0p3_late_bias,V0399 named,light_V0399_V_8s_2026_05_20-0083_flat_0p3_late_bias_cal.fits,gaia_774272862760870784_src1,comparison,634.473034289657,271.3991363067578,3.3460415177110865,3447.380609512329,ok
flat_0p3_late_bias,V0399 named,light_V0399_V_8s_2026_05_20-0083_flat_0p3_late_bias_cal.fits,gaia_774287774887292672_src5,comparison,2068.9008286060766,1093.7252511402228,1.0057218224798765,1374.4973239898682,ok
flat_0p3_late_bias,V0399 named,light_V0399_V_8s_2026_05_20-0083_flat_0p3_late_bias_cal.fits,gaia_774288805679445888_src7,comparison,1980.1687284672855,1364.6400631268768,2.030328058084719,1130.780915260315,ok
flat_0p3_late_bias,V0399 named,light_V0399_V_8s_2026_05_20-0083_flat_0p3_late_bias_cal.fits,gaia_774289041901756032_src4,comparison,2077.0144098468004,1455.3772112245736,2.142594121454673,1425.2750964164734,ok
flat_0p3_late_bias,V0399 named,light_V0399_V_8s_2026_05_20-0083_flat_0p3_late_bias_cal.fits,gaia_774289488578357504_src6,comparison,975.509616609159,1113.6056994768776,2.396049241279583,1217.5739879608154,ok
flat_0p3_late_bias,V0399 named,light_V0399_V_8s_2026_05_20-0083_flat_0p3_late_bias_cal.fits,gaia_774290626745586944_src8,comparison,1105.4668740757218,1446.7734949751302,1.6565494198238102,390.20659732818604,ok
flat_0p3_late_bias,V0399 named,light_V0399_V_8s_2026_05_20-0083_flat_0p3_late_bias_cal.fits,gaia_774384016513181696_src3,comparison,425.57664938482776,1268.389192971242,4.058731735948296,1529.5391578674316,ok
flat_0p3_late_bias,V0399 named,light_V0399_V_8s_2026_05_20-0084_flat_0p3_late_bias_cal.fits,gaia_774271076054448768_src2,comparison,1541.891744077638,335.5133707285943,1.0051776555247118,2320.1756343841553,ok
flat_0p3_late_bias,V0399 named,light_V0399_V_8s_2026_05_20-0084_flat_0p3_late_bias_cal.fits,gaia_774272862760870784_src1,comparison,635.1449579251499,272.6975534334961,3.063784666581479,3339.0000762939453,ok
flat_0p3_late_bias,V0399 named,light_V0399_V_8s_2026_05_20-0084_flat_0p3_late_bias_cal.fits,gaia_774287774887292672_src5,comparison,2069.6119333159063,1094.929887427619,0.9232458840878204,1358.175100326538,ok
flat_0p3_late_bias,V0399 named,light_V0399_V_8s_2026_05_20-0084_flat_0p3_late_bias_cal.fits,gaia_774288805679445888_src7,comparison,1980.8581119462644,1365.7481136220074,1.9059353699939385,1074.8583631515503,ok
flat_0p3_late_bias,V0399 named,light_V0399_V_8s_2026_05_20-0084_flat_0p3_late_bias_cal.fits,gaia_774289041901756032_src4,comparison,2077.599171716657,1456.684926693661,1.7597147602181766,1393.245283126831,ok
flat_0p3_late_bias,V0399 named,light_V0399_V_8s_2026_05_20-0084_flat_0p3_late_bias_cal.fits,gaia_774289488578357504_src6,comparison,976.1300401540427,1114.96822087068,2.0889041354551665,1170.2961540222168,ok
flat_0p3_late_bias,V0399 named,light_V0399_V_8s_2026_05_20-0084_flat_0p3_late_bias_cal.fits,gaia_774290626745586944_src8,comparison,1106.2155748398764,1447.9656257031245,1.5890958012074696,361.63401317596436,ok
flat_0p3_late_bias,V0399 named,light_V0399_V_8s_2026_05_20-0084_flat_0p3_late_bias_cal.fits,gaia_774384016513181696_src3,comparison,426.3962988445851,1269.704327928253,3.7257926257627094,1488.3239154815674,ok
flat_0p3_late_bias,V0399 named,light_V0399_V_8s_2026_05_20-0085_flat_0p3_late_bias_cal.fits,gaia_774271076054448768_src2,comparison,1541.509296282259,335.8100235089162,0.9897574724693432,2597.6684160232544,ok
flat_0p3_late_bias,V0399 named,light_V0399_V_8s_2026_05_20-0085_flat_0p3_late_bias_cal.fits,gaia_774272862760870784_src1,comparison,634.8132142814263,273.01145973435894,3.038784946150976,3767.3109974861145,ok
flat_0p3_late_bias,V0399 named,light_V0399_V_8s_2026_05_20-0085_flat_0p3_late_bias_cal.fits,gaia_774287774887292672_src5,comparison,2069.2945452902773,1095.2072097347032,1.0022679680443605,1535.5832443237305,ok
flat_0p3_late_bias,V0399 named,light_V0399_V_8s_2026_05_20-0085_flat_0p3_late_bias_cal.fits,gaia_774288805679445888_src7,comparison,1980.541799535315,1366.1555690564326,1.912707320498979,1226.7816672325134,ok
flat_0p3_late_bias,V0399 named,light_V0399_V_8s_2026_05_20-0085_flat_0p3_late_bias_cal.fits,gaia_774289041901756032_src4,comparison,2077.276555055211,1456.9206238392164,1.8752049386958771,1599.0279579162598,ok
flat_0p3_late_bias,V0399 named,light_V0399_V_8s_2026_05_20-0085_flat_0p3_late_bias_cal.fits,gaia_774289488578357504_src6,comparison,975.7600511319285,1115.2425703618155,2.102840679797474,1358.4485125541687,ok
flat_0p3_late_bias,V0399 named,light_V0399_V_8s_2026_05_20-0085_flat_0p3_late_bias_cal.fits,gaia_774290626745586944_src8,comparison,1105.9122131149363,1448.1165815209547,1.6363995372771718,429.7654047012329,ok
flat_0p3_late_bias,V0399 named,light_V0399_V_8s_2026_05_20-0085_flat_0p3_late_bias_cal.fits,gaia_774384016513181696_src3,comparison,426.0783479300176,1269.9605641547673,3.7465627914708173,1657.22620677948,ok
flat_0p3_late_bias,V0399 named,light_V0399_V_8s_2026_05_20-0086_flat_0p3_late_bias_cal.fits,gaia_774271076054448768_src2,comparison,1542.1708137586072,335.9895205226028,1.146014913073848,2313.6445546150208,ok
flat_0p3_late_bias,V0399 named,light_V0399_V_8s_2026_05_20-0086_flat_0p3_late_bias_cal.fits,gaia_774272862760870784_src1,comparison,635.4057083109697,273.1903365041115,3.4413524057282943,3491.658923149109,ok
flat_0p3_late_bias,V0399 named,light_V0399_V_8s_2026_05_20-0086_flat_0p3_late_bias_cal.fits,gaia_774287774887292672_src5,comparison,2069.908539445051,1095.4872232710313,0.9294024667115292,1434.6752834320068,ok
flat_0p3_late_bias,V0399 named,light_V0399_V_8s_2026_05_20-0086_flat_0p3_late_bias_cal.fits,gaia_774288805679445888_src7,comparison,1981.0979003761527,1366.5242566328436,1.7905929070248303,1129.6899528503418,ok
flat_0p3_late_bias,V0399 named,light_V0399_V_8s_2026_05_20-0086_flat_0p3_late_bias_cal.fits,gaia_774289041901756032_src4,comparison,2077.9034232745144,1457.2253418569558,1.8529452237215647,1424.5262470245361,ok
flat_0p3_late_bias,V0399 named,light_V0399_V_8s_2026_05_20-0086_flat_0p3_late_bias_cal.fits,gaia_774289488578357504_src6,comparison,976.2228259957651,1115.5808503154935,2.2239992714059023,1224.8171501159668,ok
flat_0p3_late_bias,V0399 named,light_V0399_V_8s_2026_05_20-0086_flat_0p3_late_bias_cal.fits,gaia_774290626745586944_src8,comparison,1106.519102474031,1448.1211014826265,2.135968510662059,404.7094144821167,ok
flat_0p3_late_bias,V0399 named,light_V0399_V_8s_2026_05_20-0086_flat_0p3_late_bias_cal.fits,gaia_774384016513181696_src3,comparison,426.47403897988954,1270.3195109238943,3.955200110609795,1536.8837575912476,ok
flat_0p3_late_bias,V0399 named,light_V0399_V_8s_2026_05_20-0087_flat_0p3_late_bias_cal.fits,gaia_774271076054448768_src2,comparison,1543.1713600531016,336.10968728630183,0.8568729692425726,2248.944284439087,ok
flat_0p3_late_bias,V0399 named,light_V0399_V_8s_2026_05_20-0087_flat_0p3_late_bias_cal.fits,gaia_774272862760870784_src1,comparison,636.3851618217032,273.31777739478713,2.6554655577015667,3389.703691482544,ok
flat_0p3_late_bias,V0399 named,light_V0399_V_8s_2026_05_20-0087_flat_0p3_late_bias_cal.fits,gaia_774287774887292672_src5,comparison,2070.610371134547,1095.6300185709572,0.6724318703375595,1385.1536612510681,ok
flat_0p3_late_bias,V0399 named,light_V0399_V_8s_2026_05_20-0087_flat_0p3_late_bias_cal.fits,gaia_774288805679445888_src7,comparison,1981.9931532507308,1366.5619085981807,1.6458499897548091,1070.5888023376465,ok
flat_0p3_late_bias,V0399 named,light_V0399_V_8s_2026_05_20-0087_flat_0p3_late_bias_cal.fits,gaia_774289041901756032_src4,comparison,2078.680174116136,1457.2195171829392,1.618250784644703,1382.6101522445679,ok
flat_0p3_late_bias,V0399 named,light_V0399_V_8s_2026_05_20-0087_flat_0p3_late_bias_cal.fits,gaia_774289488578357504_src6,comparison,977.2687583906145,1115.683341849345,1.8471662109456308,1192.4379405975342,ok
flat_0p3_late_bias,V0399 named,light_V0399_V_8s_2026_05_20-0087_flat_0p3_late_bias_cal.fits,gaia_774290626745586944_src8,comparison,1107.2214600717718,1448.8432700957578,0.9392016449954492,384.34212350845337,ok
flat_0p3_late_bias,V0399 named,light_V0399_V_8s_2026_05_20-0087_flat_0p3_late_bias_cal.fits,gaia_774384016513181696_src3,comparison,427.47786617266337,1270.320741850531,3.258769586082388,1478.610924243927,ok
flat_0p3_late_bias,V0399 named,light_V0399_V_8s_2026_05_20-0088_flat_0p3_late_bias_cal.fits,gaia_774271076054448768_src2,comparison,1543.3027208676135,336.660428501823,0.8321552876527365,2954.5768489837646,ok
flat_0p3_late_bias,V0399 named,light_V0399_V_8s_2026_05_20-0088_flat_0p3_late_bias_cal.fits,gaia_774272862760870784_src1,comparison,636.4071033890112,273.9057619302694,2.530253448323887,4399.071364402771,ok
flat_0p3_late_bias,V0399 named,light_V0399_V_8s_2026_05_20-0088_flat_0p3_late_bias_cal.fits,gaia_774287774887292672_src5,comparison,2070.9105768163477,1095.9353043115336,0.6909424339267625,1734.6600646972656,ok
flat_0p3_late_bias,V0399 named,light_V0399_V_8s_2026_05_20-0088_flat_0p3_late_bias_cal.fits,gaia_774288805679445888_src7,comparison,1982.1345469591563,1366.8794465807425,1.3648936244873062,1424.234356880188,ok
flat_0p3_late_bias,V0399 named,light_V0399_V_8s_2026_05_20-0088_flat_0p3_late_bias_cal.fits,gaia_774289041901756032_src4,comparison,2078.8571737496695,1457.667583747551,1.2471388275579802,1816.613437652588,ok
flat_0p3_late_bias,V0399 named,light_V0399_V_8s_2026_05_20-0088_flat_0p3_late_bias_cal.fits,gaia_774289488578357504_src6,comparison,977.4625486425124,1115.9469897769238,1.6553262739089927,1568.1242008209229,ok
flat_0p3_late_bias,V0399 named,light_V0399_V_8s_2026_05_20-0088_flat_0p3_late_bias_cal.fits,gaia_774290626745586944_src8,comparison,1107.5936681744467,1448.8708519999636,1.7438112203406153,499.32877492904663,ok
flat_0p3_late_bias,V0399 named,light_V0399_V_8s_2026_05_20-0088_flat_0p3_late_bias_cal.fits,gaia_774384016513181696_src3,comparison,402.98021975084686,1246.565365420149,32.60505100720889,269.574987411499,ok
flat_0p3_late_bias,V0399 named,light_V0399_V_8s_2026_05_20-0089_flat_0p3_late_bias_cal.fits,gaia_774271076054448768_src2,comparison,1543.576855959886,337.0321144688585,0.6905747028869805,2470.784273147583,ok
flat_0p3_late_bias,V0399 named,light_V0399_V_8s_2026_05_20-0089_flat_0p3_late_bias_cal.fits,gaia_774272862760870784_src1,comparison,636.7717739040123,274.15837705792836,2.3094537758439553,3693.5856499671936,ok
flat_0p3_late_bias,V0399 named,light_V0399_V_8s_2026_05_20-0089_flat_0p3_late_bias_cal.fits,gaia_774287774887292672_src5,comparison,2071.0726254252863,1096.538993138158,0.5782088619941864,1515.3414402008057,ok
flat_0p3_late_bias,V0399 named,light_V0399_V_8s_2026_05_20-0089_flat_0p3_late_bias_cal.fits,gaia_774288805679445888_src7,comparison,1982.3748875661117,1367.4734871108394,1.3633590299878933,1194.9278726577759,ok
flat_0p3_late_bias,V0399 named,light_V0399_V_8s_2026_05_20-0089_flat_0p3_late_bias_cal.fits,gaia_774289041901756032_src4,comparison,2079.169043267096,1458.1650629211624,1.3616592699156627,1512.7167015075684,ok
flat_0p3_late_bias,V0399 named,light_V0399_V_8s_2026_05_20-0089_flat_0p3_late_bias_cal.fits,gaia_774289488578357504_src6,comparison,977.6514707229685,1116.4632132009565,1.4810653908801934,1297.6442289352417,ok
flat_0p3_late_bias,V0399 named,light_V0399_V_8s_2026_05_20-0089_flat_0p3_late_bias_cal.fits,gaia_774290626745586944_src8,comparison,1107.584687112375,1449.231204094367,1.2815149949519677,418.2299509048462,ok
flat_0p3_late_bias,V0399 named,light_V0399_V_8s_2026_05_20-0089_flat_0p3_late_bias_cal.fits,gaia_774384016513181696_src3,comparison,427.97775001661563,1271.094492559101,2.7574200034252163,1575.594139099121,ok
flat_0p3_late_bias,V0399 named,light_V0399_V_8s_2026_05_20-0090_flat_0p3_late_bias_cal.fits,gaia_774271076054448768_src2,comparison,1545.0122253110644,337.585062911543,0.8714234896643286,2563.005057811737,ok
flat_0p3_late_bias,V0399 named,light_V0399_V_8s_2026_05_20-0090_flat_0p3_late_bias_cal.fits,gaia_774272862760870784_src1,comparison,638.3741654730085,274.5582890108848,2.6973958229101433,3833.3175044059753,ok
flat_0p3_late_bias,V0399 named,light_V0399_V_8s_2026_05_20-0090_flat_0p3_late_bias_cal.fits,gaia_774287774887292672_src5,comparison,2072.577561097069,1097.0908750757674,0.6791563212129436,1539.9399542808533,ok
flat_0p3_late_bias,V0399 named,light_V0399_V_8s_2026_05_20-0090_flat_0p3_late_bias_cal.fits,gaia_774288805679445888_src7,comparison,1983.7687593816097,1367.931902964607,1.5358308010746546,1222.823091506958,ok
flat_0p3_late_bias,V0399 named,light_V0399_V_8s_2026_05_20-0090_flat_0p3_late_bias_cal.fits,gaia_774289041901756032_src4,comparison,2080.532018191268,1458.756522169512,1.4567980436202086,1607.4705648422241,ok
flat_0p3_late_bias,V0399 named,light_V0399_V_8s_2026_05_20-0090_flat_0p3_late_bias_cal.fits,gaia_774289488578357504_src6,comparison,979.1914685248263,1116.8882700222441,1.8131017887152943,1355.6470203399658,ok
flat_0p3_late_bias,V0399 named,light_V0399_V_8s_2026_05_20-0090_flat_0p3_late_bias_cal.fits,gaia_774290626745586944_src8,comparison,1109.184877976289,1449.7750605268195,1.4831418283763385,422.68267154693604,ok
flat_0p3_late_bias,V0399 named,light_V0399_V_8s_2026_05_20-0090_flat_0p3_late_bias_cal.fits,gaia_774384016513181696_src3,comparison,429.3891117071372,1271.4516847576194,3.126738940519829,1681.9700813293457,ok
flat_0p3_late_bias,V0399 named,light_V0399_V_8s_2026_05_20-0091_flat_0p3_late_bias_cal.fits,gaia_774271076054448768_src2,comparison,1546.0020544289189,338.04922265963904,1.2291521107114902,2493.989909172058,ok
flat_0p3_late_bias,V0399 named,light_V0399_V_8s_2026_05_20-0091_flat_0p3_late_bias_cal.fits,gaia_774272862760870784_src1,comparison,639.1704823864569,275.21597396077107,3.684121427973963,3810.0757999420166,ok
flat_0p3_late_bias,V0399 named,light_V0399_V_8s_2026_05_20-0091_flat_0p3_late_bias_cal.fits,gaia_774287774887292672_src5,comparison,2073.3361481502134,1097.4941810943506,1.0261123812949158,1543.8462295532227,ok
flat_0p3_late_bias,V0399 named,light_V0399_V_8s_2026_05_20-0091_flat_0p3_late_bias_cal.fits,gaia_774288805679445888_src7,comparison,1984.5036990538156,1368.4184817510677,1.9214083187597741,1233.8299617767334,ok
flat_0p3_late_bias,V0399 named,light_V0399_V_8s_2026_05_20-0091_flat_0p3_late_bias_cal.fits,gaia_774289041901756032_src4,comparison,2081.344190454718,1459.1898742595652,1.9758588394773022,1588.0431442260742,ok
flat_0p3_late_bias,V0399 named,light_V0399_V_8s_2026_05_20-0091_flat_0p3_late_bias_cal.fits,gaia_774289488578357504_src6,comparison,979.9337487658379,1117.5830975975293,2.4605489577208672,1348.8838815689087,ok
flat_0p3_late_bias,V0399 named,light_V0399_V_8s_2026_05_20-0091_flat_0p3_late_bias_cal.fits,gaia_774290626745586944_src8,comparison,1109.815582448907,1450.3764616280207,2.031004881612366,432.4310989379883,ok
flat_0p3_late_bias,V0399 named,light_V0399_V_8s_2026_05_20-0091_flat_0p3_late_bias_cal.fits,gaia_774384016513181696_src3,comparison,430.1391513860604,1272.1598120077742,4.126653883650837,1714.9833273887634,ok
flat_0p3_late_bias,V0399 named,light_V0399_V_8s_2026_05_20-0092_flat_0p3_late_bias_cal.fits,gaia_774271076054448768_src2,comparison,1545.37666556241,338.48892182576765,1.1263518646688342,2327.904335975647,ok
flat_0p3_late_bias,V0399 named,light_V0399_V_8s_2026_05_20-0092_flat_0p3_late_bias_cal.fits,gaia_774272862760870784_src1,comparison,638.654685486062,275.47887045106535,3.450216753745447,3432.805917739868,ok
flat_0p3_late_bias,V0399 named,light_V0399_V_8s_2026_05_20-0092_flat_0p3_late_bias_cal.fits,gaia_774287774887292672_src5,comparison,2072.956209498156,1097.9872299983645,0.9009499565317667,1338.626413345337,ok
flat_0p3_late_bias,V0399 named,light_V0399_V_8s_2026_05_20-0092_flat_0p3_late_bias_cal.fits,gaia_774288805679445888_src7,comparison,1984.321885251822,1368.8607504512959,1.9251101347866617,1077.2095937728882,ok
flat_0p3_late_bias,V0399 named,light_V0399_V_8s_2026_05_20-0092_flat_0p3_late_bias_cal.fits,gaia_774289041901756032_src4,comparison,2081.022767749536,1459.59957208345,1.8880003594805503,1381.7677822113037,ok
flat_0p3_late_bias,V0399 named,light_V0399_V_8s_2026_05_20-0092_flat_0p3_late_bias_cal.fits,gaia_774289488578357504_src6,comparison,979.6710069995531,1117.7657599393694,2.5718197900482163,1197.587345123291,ok
flat_0p3_late_bias,V0399 named,light_V0399_V_8s_2026_05_20-0092_flat_0p3_late_bias_cal.fits,gaia_774290626745586944_src8,comparison,1109.5469649784047,1450.7008801172124,2.3153095795571406,387.9321413040161,ok
flat_0p3_late_bias,V0399 named,light_V0399_V_8s_2026_05_20-0092_flat_0p3_late_bias_cal.fits,gaia_774384016513181696_src3,comparison,429.72300855131203,1272.5642648094013,3.92869917441521,1543.1425490379333,ok
flat_0p3_late_bias,V0399 named,light_V0399_V_8s_2026_05_20-0093_flat_0p3_late_bias_cal.fits,gaia_774271076054448768_src2,comparison,1545.6992165295924,338.80139359876557,0.8592633188201761,2721.2338647842407,ok
flat_0p3_late_bias,V0399 named,light_V0399_V_8s_2026_05_20-0093_flat_0p3_late_bias_cal.fits,gaia_774272862760870784_src1,comparison,638.8225637777945,275.9419019769843,2.664267194143871,3948.465853691101,ok
flat_0p3_late_bias,V0399 named,light_V0399_V_8s_2026_05_20-0093_flat_0p3_late_bias_cal.fits,gaia_774287774887292672_src5,comparison,2073.2250053374414,1098.2555809242685,0.6826067417788778,1648.7576475143433,ok
flat_0p3_late_bias,V0399 named,light_V0399_V_8s_2026_05_20-0093_flat_0p3_late_bias_cal.fits,gaia_774288805679445888_src7,comparison,1984.3920181375206,1369.2112544896713,1.3804404523342597,1295.8116035461426,ok
flat_0p3_late_bias,V0399 named,light_V0399_V_8s_2026_05_20-0093_flat_0p3_late_bias_cal.fits,gaia_774289041901756032_src4,comparison,2081.281998053974,1459.9595793065575,1.3846451713564758,1657.3121514320374,ok
flat_0p3_late_bias,V0399 named,light_V0399_V_8s_2026_05_20-0093_flat_0p3_late_bias_cal.fits,gaia_774289488578357504_src6,comparison,979.8562006804665,1118.2906309997525,1.845589288926321,1413.7860088348389,ok
flat_0p3_late_bias,V0399 named,light_V0399_V_8s_2026_05_20-0093_flat_0p3_late_bias_cal.fits,gaia_774290626745586944_src8,comparison,1109.8487930123438,1451.2022719525623,1.6482511897662808,438.7832431793213,ok
flat_0p3_late_bias,V0399 named,light_V0399_V_8s_2026_05_20-0093_flat_0p3_late_bias_cal.fits,gaia_774384016513181696_src3,comparison,430.1101101503718,1273.0067799154563,3.108826211215702,1759.3232355117798,ok
flat_0p3_late_bias,V0399 named,light_V0399_V_8s_2026_05_20-0094_flat_0p3_late_bias_cal.fits,gaia_774271076054448768_src2,comparison,1546.1911896983693,337.3601674845113,1.144108484829282,2295.321165084839,ok
flat_0p3_late_bias,V0399 named,light_V0399_V_8s_2026_05_20-0094_flat_0p3_late_bias_cal.fits,gaia_774272862760870784_src1,comparison,639.4242612164692,274.55131822412363,3.5254580372169717,3349.2226581573486,ok
flat_0p3_late_bias,V0399 named,light_V0399_V_8s_2026_05_20-0094_flat_0p3_late_bias_cal.fits,gaia_774287774887292672_src5,comparison,2073.854185339649,1096.7899479332027,1.0723451307015661,1350.0777416229248,ok
flat_0p3_late_bias,V0399 named,light_V0399_V_8s_2026_05_20-0094_flat_0p3_late_bias_cal.fits,gaia_774288805679445888_src7,comparison,1985.0916805730608,1367.7845033263854,1.9966556989757702,1082.7256107330322,ok
flat_0p3_late_bias,V0399 named,light_V0399_V_8s_2026_05_20-0094_flat_0p3_late_bias_cal.fits,gaia_774289041901756032_src4,comparison,2081.9336149744804,1458.513553530412,2.067301784856334,1411.707160949707,ok
flat_0p3_late_bias,V0399 named,light_V0399_V_8s_2026_05_20-0094_flat_0p3_late_bias_cal.fits,gaia_774289488578357504_src6,comparison,980.373758489484,1116.9283322920955,2.495529432431289,1188.756513595581,ok
flat_0p3_late_bias,V0399 named,light_V0399_V_8s_2026_05_20-0094_flat_0p3_late_bias_cal.fits,gaia_774290626745586944_src8,comparison,1110.268424591291,1450.0527834849488,1.7707589837445556,373.3786687850952,ok
flat_0p3_late_bias,V0399 named,light_V0399_V_8s_2026_05_20-0094_flat_0p3_late_bias_cal.fits,gaia_774384016513181696_src3,comparison,430.68127903882805,1271.6646659601356,4.276260546223402,1523.884169101715,ok
flat_0p3_late_bias,V0399 named,light_V0399_V_8s_2026_05_20-0095_flat_0p3_late_bias_cal.fits,gaia_774271076054448768_src2,comparison,1545.738985728893,338.3199507241184,0.9834935884056729,2668.3586769104004,ok
flat_0p3_late_bias,V0399 named,light_V0399_V_8s_2026_05_20-0095_flat_0p3_late_bias_cal.fits,gaia_774272862760870784_src1,comparison,638.9903945070098,275.4884825607104,3.0832327218316804,3927.8144607543945,ok
flat_0p3_late_bias,V0399 named,light_V0399_V_8s_2026_05_20-0095_flat_0p3_late_bias_cal.fits,gaia_774287774887292672_src5,comparison,2073.5096426269715,1097.729181717962,0.8266267333480936,1622.4109926223755,ok
flat_0p3_late_bias,V0399 named,light_V0399_V_8s_2026_05_20-0095_flat_0p3_late_bias_cal.fits,gaia_774288805679445888_src7,comparison,1984.8747201626468,1368.6029205304828,1.8035319087210269,1302.7529096603394,ok
flat_0p3_late_bias,V0399 named,light_V0399_V_8s_2026_05_20-0095_flat_0p3_late_bias_cal.fits,gaia_774289041901756032_src4,comparison,2081.6332157143743,1459.4471860728286,1.663298251654599,1662.9881629943848,ok
flat_0p3_late_bias,V0399 named,light_V0399_V_8s_2026_05_20-0095_flat_0p3_late_bias_cal.fits,gaia_774289488578357504_src6,comparison,980.2275397299593,1117.8677274422646,2.332959559571182,1403.5398321151733,ok
flat_0p3_late_bias,V0399 named,light_V0399_V_8s_2026_05_20-0095_flat_0p3_late_bias_cal.fits,gaia_774290626745586944_src8,comparison,1110.1886870286135,1450.7212183709844,1.9824102734125764,444.98054027557373,ok
flat_0p3_late_bias,V0399 named,light_V0399_V_8s_2026_05_20-0095_flat_0p3_late_bias_cal.fits,gaia_774384016513181696_src3,comparison,430.40071135651135,1272.7416113725865,3.7061209978297183,1810.0960655212402,ok
flat_0p3_late_bias,V0399 named,light_V0399_V_8s_2026_05_20-0096_flat_0p3_late_bias_cal.fits,gaia_774271076054448768_src2,comparison,1545.853820447425,338.5334053331473,1.069185168701385,2834.9023122787476,ok
flat_0p3_late_bias,V0399 named,light_V0399_V_8s_2026_05_20-0096_flat_0p3_late_bias_cal.fits,gaia_774272862760870784_src1,comparison,638.9653780154601,275.71033020177885,3.1699170846771545,4196.378565788269,ok
flat_0p3_late_bias,V0399 named,light_V0399_V_8s_2026_05_20-0096_flat_0p3_late_bias_cal.fits,gaia_774287774887292672_src5,comparison,2073.612229462436,1097.8828000325313,0.880504504660982,1742.3830876350403,ok
flat_0p3_late_bias,V0399 named,light_V0399_V_8s_2026_05_20-0096_flat_0p3_late_bias_cal.fits,gaia_774288805679445888_src7,comparison,1984.8405437806343,1368.761840230385,1.7768173305032195,1397.921992778778,ok
flat_0p3_late_bias,V0399 named,light_V0399_V_8s_2026_05_20-0096_flat_0p3_late_bias_cal.fits,gaia_774289041901756032_src4,comparison,2081.67958804035,1459.561022275035,1.7234292953855928,1781.4314193725586,ok
flat_0p3_late_bias,V0399 named,light_V0399_V_8s_2026_05_20-0096_flat_0p3_late_bias_cal.fits,gaia_774289488578357504_src6,comparison,980.1834450128868,1117.9861671456486,2.3196839014248942,1492.6056118011475,ok
flat_0p3_late_bias,V0399 named,light_V0399_V_8s_2026_05_20-0096_flat_0p3_late_bias_cal.fits,gaia_774290626745586944_src8,comparison,1110.217872316821,1450.8734968088436,2.1936064221263654,478.7757396697998,ok
flat_0p3_late_bias,V0399 named,light_V0399_V_8s_2026_05_20-0096_flat_0p3_late_bias_cal.fits,gaia_774384016513181696_src3,comparison,430.4786366634946,1272.9151559378663,3.8073893559029472,1894.1678199768066,ok
flat_0p3_late_bias,V0399 named,light_V0399_V_8s_2026_05_20-0097_flat_0p3_late_bias_cal.fits,gaia_774271076054448768_src2,comparison,1545.8808471063926,338.18846008088735,1.1372757899248453,2574.071367263794,ok
flat_0p3_late_bias,V0399 named,light_V0399_V_8s_2026_05_20-0097_flat_0p3_late_bias_cal.fits,gaia_774272862760870784_src1,comparison,638.8767153115159,275.402466299222,3.109252865242642,3820.7211742401123,ok
flat_0p3_late_bias,V0399 named,light_V0399_V_8s_2026_05_20-0097_flat_0p3_late_bias_cal.fits,gaia_774287774887292672_src5,comparison,2073.488999912406,1097.5078060900955,0.8778447669156224,1559.4711418151855,ok
flat_0p3_late_bias,V0399 named,light_V0399_V_8s_2026_05_20-0097_flat_0p3_late_bias_cal.fits,gaia_774288805679445888_src7,comparison,1984.7003876956626,1368.4278202949995,1.7514615228185397,1241.9263925552368,ok
flat_0p3_late_bias,V0399 named,light_V0399_V_8s_2026_05_20-0097_flat_0p3_late_bias_cal.fits,gaia_774289041901756032_src4,comparison,2081.4847723506687,1459.3095695709867,1.6337711123924932,1596.5363845825195,ok
flat_0p3_late_bias,V0399 named,light_V0399_V_8s_2026_05_20-0097_flat_0p3_late_bias_cal.fits,gaia_774289488578357504_src6,comparison,980.0393664935411,1117.6501535033558,2.1817879998300067,1330.2141819000244,ok
flat_0p3_late_bias,V0399 named,light_V0399_V_8s_2026_05_20-0097_flat_0p3_late_bias_cal.fits,gaia_774290626745586944_src8,comparison,1110.1075269400856,1450.3964342253846,1.8875051905086142,433.0678381919861,ok
flat_0p3_late_bias,V0399 named,light_V0399_V_8s_2026_05_20-0097_flat_0p3_late_bias_cal.fits,gaia_774384016513181696_src3,comparison,430.2364752403028,1272.4648850192343,3.6886780622360726,1706.6181011199951,ok
flat_0p3_late_bias,V0399 named,light_V0399_V_8s_2026_05_20-0098_flat_0p3_late_bias_cal.fits,gaia_774271076054448768_src2,comparison,1546.0735590879801,338.7203521424316,0.9097953401233227,2455.905830383301,ok
flat_0p3_late_bias,V0399 named,light_V0399_V_8s_2026_05_20-0098_flat_0p3_late_bias_cal.fits,gaia_774272862760870784_src1,comparison,639.284950840334,275.894655718688,2.971778350899548,3617.781135559082,ok
flat_0p3_late_bias,V0399 named,light_V0399_V_8s_2026_05_20-0098_flat_0p3_late_bias_cal.fits,gaia_774287774887292672_src5,comparison,2073.7546657509197,1098.0508130444869,0.9055358589694099,1465.9258151054382,ok
flat_0p3_late_bias,V0399 named,light_V0399_V_8s_2026_05_20-0098_flat_0p3_late_bias_cal.fits,gaia_774288805679445888_src7,comparison,1985.0777251460206,1369.0384129569634,1.6930175189298637,1148.8934788703918,ok
flat_0p3_late_bias,V0399 named,light_V0399_V_8s_2026_05_20-0098_flat_0p3_late_bias_cal.fits,gaia_774289041901756032_src4,comparison,2081.8459604377963,1459.6823913237604,1.7506543986333494,1522.6012744903564,ok
flat_0p3_late_bias,V0399 named,light_V0399_V_8s_2026_05_20-0098_flat_0p3_late_bias_cal.fits,gaia_774289488578357504_src6,comparison,980.4090592155427,1118.357238845016,2.1114139899377027,1323.4544701576233,ok
flat_0p3_late_bias,V0399 named,light_V0399_V_8s_2026_05_20-0098_flat_0p3_late_bias_cal.fits,gaia_774290626745586944_src8,comparison,1110.5061630760104,1451.0651707234551,2.0226573841974926,412.5415391921997,ok
flat_0p3_late_bias,V0399 named,light_V0399_V_8s_2026_05_20-0098_flat_0p3_late_bias_cal.fits,gaia_774384016513181696_src3,comparison,430.6990295679464,1273.0253656333655,3.5755791896047615,1624.2063455581665,ok
flat_0p3_late_bias,V0399 named,light_V0399_V_8s_2026_05_20-0099_flat_0p3_late_bias_cal.fits,gaia_774271076054448768_src2,comparison,1546.2635568678797,339.0443335813803,0.5004540771051466,2829.7523736953735,ok
flat_0p3_late_bias,V0399 named,light_V0399_V_8s_2026_05_20-0099_flat_0p3_late_bias_cal.fits,gaia_774272862760870784_src1,comparison,639.6909135474276,276.28551434311413,1.9269788780955588,4303.015853881836,ok
flat_0p3_late_bias,V0399 named,light_V0399_V_8s_2026_05_20-0099_flat_0p3_late_bias_cal.fits,gaia_774287774887292672_src5,comparison,2073.904517279512,1098.4297678232365,0.45499793777473996,1716.50843334198,ok
flat_0p3_late_bias,V0399 named,light_V0399_V_8s_2026_05_20-0099_flat_0p3_late_bias_cal.fits,gaia_774288805679445888_src7,comparison,1985.2310747806887,1369.340533346325,1.17620621208703,1383.178216934204,ok
flat_0p3_late_bias,V0399 named,light_V0399_V_8s_2026_05_20-0099_flat_0p3_late_bias_cal.fits,gaia_774289041901756032_src4,comparison,2082.1249490170812,1460.0883361675403,1.1773199622095447,1762.9115562438965,ok
flat_0p3_late_bias,V0399 named,light_V0399_V_8s_2026_05_20-0099_flat_0p3_late_bias_cal.fits,gaia_774289488578357504_src6,comparison,980.6385723124381,1118.5016025265495,1.2269246490611934,1509.1245965957642,ok
flat_0p3_late_bias,V0399 named,light_V0399_V_8s_2026_05_20-0099_flat_0p3_late_bias_cal.fits,gaia_774290626745586944_src8,comparison,1110.780817228783,1451.3805266613092,0.9794340197584526,485.51542472839355,ok
flat_0p3_late_bias,V0399 named,light_V0399_V_8s_2026_05_20-0099_flat_0p3_late_bias_cal.fits,gaia_774384016513181696_src3,comparison,431.07583927779956,1273.1903792527264,2.352999006432376,1909.5249547958374,ok
flat_0p3_late_bias,V0399 named,light_V0399_V_8s_2026_05_20-0100_flat_0p3_late_bias_cal.fits,gaia_774271076054448768_src2,comparison,1547.5773698466915,339.20101444387757,0.6142891459045088,2396.1270694732666,ok
flat_0p3_late_bias,V0399 named,light_V0399_V_8s_2026_05_20-0100_flat_0p3_late_bias_cal.fits,gaia_774272862760870784_src1,comparison,640.7260483326121,276.290180645107,1.9967693537994786,3521.396590232849,ok
flat_0p3_late_bias,V0399 named,light_V0399_V_8s_2026_05_20-0100_flat_0p3_late_bias_cal.fits,gaia_774287774887292672_src5,comparison,2075.2277902917945,1098.642109137644,0.7477189438938683,1451.233835220337,ok
flat_0p3_late_bias,V0399 named,light_V0399_V_8s_2026_05_20-0100_flat_0p3_late_bias_cal.fits,gaia_774288805679445888_src7,comparison,1986.460664199421,1369.4912778623345,1.5470930030744776,1147.6220455169678,ok
flat_0p3_late_bias,V0399 named,light_V0399_V_8s_2026_05_20-0100_flat_0p3_late_bias_cal.fits,gaia_774289041901756032_src4,comparison,2083.3184544606274,1460.277218650382,1.571063096939051,1482.1516246795654,ok
flat_0p3_late_bias,V0399 named,light_V0399_V_8s_2026_05_20-0100_flat_0p3_late_bias_cal.fits,gaia_774289488578357504_src6,comparison,981.9582594978222,1118.5989310834009,1.6129979197192958,1252.8889298439026,ok
flat_0p3_late_bias,V0399 named,light_V0399_V_8s_2026_05_20-0100_flat_0p3_late_bias_cal.fits,gaia_774290626745586944_src8,comparison,1112.2201032129585,1451.5136849955084,1.2404475322191006,389.5055818557739,ok
flat_0p3_late_bias,V0399 named,light_V0399_V_8s_2026_05_20-0100_flat_0p3_late_bias_cal.fits,gaia_774384016513181696_src3,comparison,432.0581900860393,1273.2663560080498,2.7125084778159034,1562.587682723999,ok
flat_0p3_late_bias,V0399 named,light_V0399_V_8s_2026_05_20-0101_flat_0p3_late_bias_cal.fits,gaia_774271076054448768_src2,comparison,1547.5569733171515,338.43350212390334,0.9776522276932991,2799.8857312202454,ok
flat_0p3_late_bias,V0399 named,light_V0399_V_8s_2026_05_20-0101_flat_0p3_late_bias_cal.fits,gaia_774272862760870784_src1,comparison,640.8542912625325,275.5563785879045,3.0316937404305606,4158.1061334609985,ok
flat_0p3_late_bias,V0399 named,light_V0399_V_8s_2026_05_20-0101_flat_0p3_late_bias_cal.fits,gaia_774287774887292672_src5,comparison,2075.1431197072525,1097.806384920377,0.7636743084862154,1670.7656741142273,ok
flat_0p3_late_bias,V0399 named,light_V0399_V_8s_2026_05_20-0101_flat_0p3_late_bias_cal.fits,gaia_774288805679445888_src7,comparison,1986.39691108042,1368.606477683443,1.6755043143102506,1349.4564566612244,ok
flat_0p3_late_bias,V0399 named,light_V0399_V_8s_2026_05_20-0101_flat_0p3_late_bias_cal.fits,gaia_774289041901756032_src4,comparison,2083.1571629988384,1459.3855138154324,1.6111096913328766,1722.2384023666382,ok
flat_0p3_late_bias,V0399 named,light_V0399_V_8s_2026_05_20-0101_flat_0p3_late_bias_cal.fits,gaia_774289488578357504_src6,comparison,981.7060931589732,1117.7402099670228,1.9734781829100083,1490.5998811721802,ok
flat_0p3_late_bias,V0399 named,light_V0399_V_8s_2026_05_20-0101_flat_0p3_late_bias_cal.fits,gaia_774290626745586944_src8,comparison,1111.7668525056172,1450.4568642285471,2.0793743530989017,486.8850402832031,ok
flat_0p3_late_bias,V0399 named,light_V0399_V_8s_2026_05_20-0101_flat_0p3_late_bias_cal.fits,gaia_774384016513181696_src3,comparison,432.14167730679065,1272.4675010619312,3.4972033423925675,1870.2187881469727,ok
flat_0p3_late_bias,V0399 named,light_V0399_V_8s_2026_05_20-0102_flat_0p3_late_bias_cal.fits,gaia_774271076054448768_src2,comparison,1549.3274305059647,339.01927184606336,0.9605924336246917,2345.0144844055176,ok
flat_0p3_late_bias,V0399 named,light_V0399_V_8s_2026_05_20-0102_flat_0p3_late_bias_cal.fits,gaia_774272862760870784_src1,comparison,642.6580344149736,276.1206638643832,2.9742388905795503,3538.107654571533,ok
flat_0p3_late_bias,V0399 named,light_V0399_V_8s_2026_05_20-0102_flat_0p3_late_bias_cal.fits,gaia_774287774887292672_src5,comparison,2076.8290617215066,1098.442753017793,0.7299080402959629,1450.0712566375732,ok
flat_0p3_late_bias,V0399 named,light_V0399_V_8s_2026_05_20-0102_flat_0p3_late_bias_cal.fits,gaia_774288805679445888_src7,comparison,1988.0107932093943,1369.4336713674734,1.4576588243920612,1133.9315204620361,ok
flat_0p3_late_bias,V0399 named,light_V0399_V_8s_2026_05_20-0102_flat_0p3_late_bias_cal.fits,gaia_774289041901756032_src4,comparison,2084.795287664724,1460.1626525027302,1.4579263681777768,1456.3082656860352,ok
flat_0p3_late_bias,V0399 named,light_V0399_V_8s_2026_05_20-0102_flat_0p3_late_bias_cal.fits,gaia_774289488578357504_src6,comparison,983.4659760063664,1118.3292820579557,1.93369560886459,1271.483235359192,ok
flat_0p3_late_bias,V0399 named,light_V0399_V_8s_2026_05_20-0102_flat_0p3_late_bias_cal.fits,gaia_774290626745586944_src8,comparison,1113.5502535196083,1451.2817368681042,1.6906540288889864,412.1520709991455,ok
flat_0p3_late_bias,V0399 named,light_V0399_V_8s_2026_05_20-0102_flat_0p3_late_bias_cal.fits,gaia_774384016513181696_src3,comparison,433.77250878093713,1273.0094451835744,3.3843875215188843,1531.2136883735657,ok
flat_0p3_late_bias,V0399 named,light_V0399_V_8s_2026_05_20-0103_flat_0p3_late_bias_cal.fits,gaia_774271076054448768_src2,comparison,1548.265822675089,339.44018934761056,0.6593714378260387,2724.300446033478,ok
flat_0p3_late_bias,V0399 named,light_V0399_V_8s_2026_05_20-0103_flat_0p3_late_bias_cal.fits,gaia_774272862760870784_src1,comparison,641.4382286749901,276.57477982608646,2.0214241856697512,3965.7082805633545,ok
flat_0p3_late_bias,V0399 named,light_V0399_V_8s_2026_05_20-0103_flat_0p3_late_bias_cal.fits,gaia_774287774887292672_src5,comparison,2075.944710930769,1098.8622867178701,0.6429229513466965,1597.0464577674866,ok
flat_0p3_late_bias,V0399 named,light_V0399_V_8s_2026_05_20-0103_flat_0p3_late_bias_cal.fits,gaia_774288805679445888_src7,comparison,1987.2071543063669,1369.7486678635014,1.4302361539091575,1285.6183652877808,ok
flat_0p3_late_bias,V0399 named,light_V0399_V_8s_2026_05_20-0103_flat_0p3_late_bias_cal.fits,gaia_774289041901756032_src4,comparison,2083.99874337127,1460.485454167914,1.40463696977654,1617.1121768951416,ok
flat_0p3_late_bias,V0399 named,light_V0399_V_8s_2026_05_20-0103_flat_0p3_late_bias_cal.fits,gaia_774289488578357504_src6,comparison,982.6461315599505,1118.8183445052407,1.5320694340861187,1383.4030771255493,ok
flat_0p3_late_bias,V0399 named,light_V0399_V_8s_2026_05_20-0103_flat_0p3_late_bias_cal.fits,gaia_774290626745586944_src8,comparison,1112.6341289724855,1451.6997938571142,0.9843279488615995,465.5333375930786,ok
flat_0p3_late_bias,V0399 named,light_V0399_V_8s_2026_05_20-0103_flat_0p3_late_bias_cal.fits,gaia_774384016513181696_src3,comparison,432.66328053959484,1273.5358209267706,2.5191373287227683,1762.8669772148132,ok
flat_0p3_late_bias,V0399 named,light_V0399_V_8s_2026_05_20-0104_flat_0p3_late_bias_cal.fits,gaia_774271076054448768_src2,comparison,1548.505781278579,339.86613666276645,1.1696742121352453,2329.149085998535,ok
flat_0p3_late_bias,V0399 named,light_V0399_V_8s_2026_05_20-0104_flat_0p3_late_bias_cal.fits,gaia_774272862760870784_src1,comparison,641.480287645926,277.08439294804384,3.3496330142279005,3469.5189456939697,ok
flat_0p3_late_bias,V0399 named,light_V0399_V_8s_2026_05_20-0104_flat_0p3_late_bias_cal.fits,gaia_774287774887292672_src5,comparison,2076.2240023288305,1099.3171528597695,0.9479636524148256,1373.8216495513916,ok
flat_0p3_late_bias,V0399 named,light_V0399_V_8s_2026_05_20-0104_flat_0p3_late_bias_cal.fits,gaia_774288805679445888_src7,comparison,1987.5259552105213,1370.2969741979366,1.9036490912239505,1106.8454313278198,ok
flat_0p3_late_bias,V0399 named,light_V0399_V_8s_2026_05_20-0104_flat_0p3_late_bias_cal.fits,gaia_774289041901756032_src4,comparison,2084.283387953778,1461.0327473834675,1.9106049255481965,1369.394190788269,ok
flat_0p3_late_bias,V0399 named,light_V0399_V_8s_2026_05_20-0104_flat_0p3_late_bias_cal.fits,gaia_774289488578357504_src6,comparison,982.7300316847746,1119.3827591363372,2.411951233101002,1219.175724029541,ok
flat_0p3_late_bias,V0399 named,light_V0399_V_8s_2026_05_20-0104_flat_0p3_late_bias_cal.fits,gaia_774290626745586944_src8,comparison,1112.8272563656278,1452.3497595734034,2.030223507499817,373.6749954223633,ok
flat_0p3_late_bias,V0399 named,light_V0399_V_8s_2026_05_20-0104_flat_0p3_late_bias_cal.fits,gaia_774384016513181696_src3,comparison,432.98429930865257,1274.0550380608024,4.115176191448852,1456.5204281806946,ok
flat_0p3_late_bias,V0399 named,light_V0399_V_8s_2026_05_20-0105_flat_0p3_late_bias_cal.fits,gaia_774271076054448768_src2,comparison,1549.0391260816796,339.6320223079323,0.8055235929148988,2225.3806438446045,ok
flat_0p3_late_bias,V0399 named,light_V0399_V_8s_2026_05_20-0105_flat_0p3_late_bias_cal.fits,gaia_774272862760870784_src1,comparison,642.3633979587828,276.8648492065849,2.543602852036062,3351.7526988983154,ok
flat_0p3_late_bias,V0399 named,light_V0399_V_8s_2026_05_20-0105_flat_0p3_late_bias_cal.fits,gaia_774287774887292672_src5,comparison,2076.73812184283,1098.914407312432,0.842958861161586,1342.9654998779297,ok
flat_0p3_late_bias,V0399 named,light_V0399_V_8s_2026_05_20-0105_flat_0p3_late_bias_cal.fits,gaia_774288805679445888_src7,comparison,1988.0014708710344,1369.8504177832403,1.645020756409436,1049.5689525604248,ok
flat_0p3_late_bias,V0399 named,light_V0399_V_8s_2026_05_20-0105_flat_0p3_late_bias_cal.fits,gaia_774289041901756032_src4,comparison,2084.7544572843717,1460.6564849751196,1.570883738813176,1382.9662337303162,ok
flat_0p3_late_bias,V0399 named,light_V0399_V_8s_2026_05_20-0105_flat_0p3_late_bias_cal.fits,gaia_774289488578357504_src6,comparison,983.341343361613,1119.1723610333047,1.7564324083575713,1170.356900215149,ok
flat_0p3_late_bias,V0399 named,light_V0399_V_8s_2026_05_20-0105_flat_0p3_late_bias_cal.fits,gaia_774290626745586944_src8,comparison,1113.3088803463927,1452.5349105202938,0.8911924862520821,382.75767612457275,ok
flat_0p3_late_bias,V0399 named,light_V0399_V_8s_2026_05_20-0105_flat_0p3_late_bias_cal.fits,gaia_774384016513181696_src3,comparison,433.60544100570894,1273.8164941054172,3.1180962714700327,1495.2689905166626,ok
flat_0p3_late_bias,V0399 named,light_V0399_V_8s_2026_05_20-0106_flat_0p3_late_bias_cal.fits,gaia_774271076054448768_src2,comparison,1548.7173813680292,339.6897939686757,0.9247703186820129,2760.4719791412354,ok
flat_0p3_late_bias,V0399 named,light_V0399_V_8s_2026_05_20-0106_flat_0p3_late_bias_cal.fits,gaia_774272862760870784_src1,comparison,641.8530489822556,276.9697834721299,2.6090819239518237,4021.1273431777954,ok
flat_0p3_late_bias,V0399 named,light_V0399_V_8s_2026_05_20-0106_flat_0p3_late_bias_cal.fits,gaia_774287774887292672_src5,comparison,2076.4449912268838,1099.094523023154,0.7015645097689541,1636.8074789047241,ok
flat_0p3_late_bias,V0399 named,light_V0399_V_8s_2026_05_20-0106_flat_0p3_late_bias_cal.fits,gaia_774288805679445888_src7,comparison,1987.8344481200659,1370.0087204140389,1.6702863143043596,1293.3535194396973,ok
flat_0p3_late_bias,V0399 named,light_V0399_V_8s_2026_05_20-0106_flat_0p3_late_bias_cal.fits,gaia_774289041901756032_src4,comparison,2084.5957919450448,1460.802669228366,1.6008565254434028,1685.1437730789185,ok
flat_0p3_late_bias,V0399 named,light_V0399_V_8s_2026_05_20-0106_flat_0p3_late_bias_cal.fits,gaia_774289488578357504_src6,comparison,982.9254494306028,1119.2246224518237,1.737598981029644,1427.4805479049683,ok
flat_0p3_late_bias,V0399 named,light_V0399_V_8s_2026_05_20-0106_flat_0p3_late_bias_cal.fits,gaia_774290626745586944_src8,comparison,1113.108722670272,1452.2988513625344,1.0823627499645558,445.0424928665161,ok
flat_0p3_late_bias,V0399 named,light_V0399_V_8s_2026_05_20-0106_flat_0p3_late_bias_cal.fits,gaia_774384016513181696_src3,comparison,433.3151955631467,1273.9835300023535,3.2926937157045066,1771.4670929908752,ok
flat_0p3_late_bias,V0399 named,light_V0399_V_8s_2026_05_20-0107_flat_0p3_late_bias_cal.fits,gaia_774271076054448768_src2,comparison,1549.482997918163,340.4150131360388,1.1909602350923436,2699.4129695892334,ok
flat_0p3_late_bias,V0399 named,light_V0399_V_8s_2026_05_20-0107_flat_0p3_late_bias_cal.fits,gaia_774272862760870784_src1,comparison,642.869291459924,277.6609691202627,3.6380068762136117,4006.471188545227,ok
flat_0p3_late_bias,V0399 named,light_V0399_V_8s_2026_05_20-0107_flat_0p3_late_bias_cal.fits,gaia_774287774887292672_src5,comparison,2077.3197854885516,1099.7675688638828,0.9656278488100425,1631.4394941329956,ok
flat_0p3_late_bias,V0399 named,light_V0399_V_8s_2026_05_20-0107_flat_0p3_late_bias_cal.fits,gaia_774288805679445888_src7,comparison,1988.6230493977273,1370.5489242932679,2.061249198330991,1313.1228256225586,ok
flat_0p3_late_bias,V0399 named,light_V0399_V_8s_2026_05_20-0107_flat_0p3_late_bias_cal.fits,gaia_774289041901756032_src4,comparison,2085.4409673127225,1461.3096383160569,2.0821679420348427,1698.9082899093628,ok
flat_0p3_late_bias,V0399 named,light_V0399_V_8s_2026_05_20-0107_flat_0p3_late_bias_cal.fits,gaia_774289488578357504_src6,comparison,983.9570009372002,1119.8074210239843,2.5542149720884577,1419.5236501693726,ok
flat_0p3_late_bias,V0399 named,light_V0399_V_8s_2026_05_20-0107_flat_0p3_late_bias_cal.fits,gaia_774290626745586944_src8,comparison,1113.952938765347,1452.5381151623615,2.3321244268169887,461.3987464904785,ok
flat_0p3_late_bias,V0399 named,light_V0399_V_8s_2026_05_20-0107_flat_0p3_late_bias_cal.fits,gaia_774384016513181696_src3,comparison,434.18319707962405,1274.7294497441387,4.224337551243094,1828.253092288971,ok
flat_0p3_late_bias,V0399 named,light_V0399_V_8s_2026_05_20-0108_flat_0p3_late_bias_cal.fits,gaia_774271076054448768_src2,comparison,1550.27837779704,341.0141479969534,0.9996860367537526,2748.1712369918823,ok
flat_0p3_late_bias,V0399 named,light_V0399_V_8s_2026_05_20-0108_flat_0p3_late_bias_cal.fits,gaia_774272862760870784_src1,comparison,643.4637400862944,278.30254744392124,3.2232087787790404,4149.701877593994,ok
flat_0p3_late_bias,V0399 named,light_V0399_V_8s_2026_05_20-0108_flat_0p3_late_bias_cal.fits,gaia_774287774887292672_src5,comparison,2078.082256419393,1100.5217747693205,0.7954434359550183,1688.4087505340576,ok
flat_0p3_late_bias,V0399 named,light_V0399_V_8s_2026_05_20-0108_flat_0p3_late_bias_cal.fits,gaia_774288805679445888_src7,comparison,1989.4266951716422,1371.3634922697752,1.80556104364655,1350.3222093582153,ok
flat_0p3_late_bias,V0399 named,light_V0399_V_8s_2026_05_20-0108_flat_0p3_late_bias_cal.fits,gaia_774289041901756032_src4,comparison,2086.3185625673395,1462.1136459617155,1.8306126543496095,1737.0326175689697,ok
flat_0p3_late_bias,V0399 named,light_V0399_V_8s_2026_05_20-0108_flat_0p3_late_bias_cal.fits,gaia_774289488578357504_src6,comparison,984.5860479884058,1120.6746511866183,2.212837841781043,1469.8513088226318,ok
flat_0p3_late_bias,V0399 named,light_V0399_V_8s_2026_05_20-0108_flat_0p3_late_bias_cal.fits,gaia_774290626745586944_src8,comparison,1114.8856756573489,1453.5914309191205,2.1068923382676554,455.4983215332031,ok
flat_0p3_late_bias,V0399 named,light_V0399_V_8s_2026_05_20-0108_flat_0p3_late_bias_cal.fits,gaia_774384016513181696_src3,comparison,434.92120378208284,1275.4100175276953,3.8277563565007946,1844.6993036270142,ok
flat_0p3_late_bias,V0399 named,light_V0399_V_8s_2026_05_20-0109_flat_0p3_late_bias_cal.fits,gaia_774271076054448768_src2,comparison,1550.6785842930653,341.31196570563674,1.0018763236498474,2743.3055391311646,ok
flat_0p3_late_bias,V0399 named,light_V0399_V_8s_2026_05_20-0109_flat_0p3_late_bias_cal.fits,gaia_774272862760870784_src1,comparison,643.9274046510324,278.6516765069788,3.102990144162275,4015.508554458618,ok
flat_0p3_late_bias,V0399 named,light_V0399_V_8s_2026_05_20-0109_flat_0p3_late_bias_cal.fits,gaia_774287774887292672_src5,comparison,2078.6583026860353,1100.8380397195808,0.8910890005747971,1625.5288791656494,ok
flat_0p3_late_bias,V0399 named,light_V0399_V_8s_2026_05_20-0109_flat_0p3_late_bias_cal.fits,gaia_774288805679445888_src7,comparison,1989.9220075179642,1371.6947280732418,1.8927539604934425,1300.1631307601929,ok
flat_0p3_late_bias,V0399 named,light_V0399_V_8s_2026_05_20-0109_flat_0p3_late_bias_cal.fits,gaia_774289041901756032_src4,comparison,2086.769152554661,1462.4720121185928,1.9173874593134594,1690.2118091583252,ok
flat_0p3_late_bias,V0399 named,light_V0399_V_8s_2026_05_20-0109_flat_0p3_late_bias_cal.fits,gaia_774289488578357504_src6,comparison,984.9774552808204,1120.9850021937614,2.0850463329574263,1380.589099407196,ok
flat_0p3_late_bias,V0399 named,light_V0399_V_8s_2026_05_20-0109_flat_0p3_late_bias_cal.fits,gaia_774290626745586944_src8,comparison,1115.0638376302293,1453.8321863474716,1.5175791725808967,444.4238739013672,ok
flat_0p3_late_bias,V0399 named,light_V0399_V_8s_2026_05_20-0109_flat_0p3_late_bias_cal.fits,gaia_774384016513181696_src3,comparison,435.35686247450695,1275.7373594457565,3.834821648091263,1792.684705734253,ok
flat_0p3_late_bias,V_8 generic,light_V_8s_2026_05_20-0001_flat_0p3_late_bias_cal.fits,gaia_774271076054448768_src2,comparison,1468.4901671880339,351.1603487761052,0.027308644993170265,2023.344967842102,ok
flat_0p3_late_bias,V_8 generic,light_V_8s_2026_05_20-0001_flat_0p3_late_bias_cal.fits,gaia_774272862760870784_src1,comparison,577.7299667483894,169.5485574827964,0.03487780505562625,3092.09676361084,ok
flat_0p3_late_bias,V_8 generic,light_V_8s_2026_05_20-0001_flat_0p3_late_bias_cal.fits,gaia_774287774887292672_src5,comparison,1891.6035304632062,1173.2992199503678,0.07593114379713925,1211.0835514068604,ok
flat_0p3_late_bias,V_8 generic,light_V_8s_2026_05_20-0001_flat_0p3_late_bias_cal.fits,gaia_774288805679445888_src7,comparison,1767.982390501925,1430.0759524925734,0.02942103870180967,936.5411577224731,ok
flat_0p3_late_bias,V_8 generic,light_V_8s_2026_05_20-0001_flat_0p3_late_bias_cal.fits,gaia_774289041901756032_src4,comparison,1852.09653058046,1532.5990803152285,0.07200922876476429,1219.8334636688232,ok
flat_0p3_late_bias,V_8 generic,light_V_8s_2026_05_20-0001_flat_0p3_late_bias_cal.fits,gaia_774289488578357504_src6,comparison,805.0642719957781,1049.5405592334348,0.019570609861166266,1072.4445209503174,ok
flat_0p3_late_bias,V_8 generic,light_V_8s_2026_05_20-0001_flat_0p3_late_bias_cal.fits,gaia_774290626745586944_src8,comparison,889.8530082271728,1396.717211782743,0.1889554989459864,338.6435489654541,ok
flat_0p3_late_bias,V_8 generic,light_V_8s_2026_05_20-0001_flat_0p3_late_bias_cal.fits,gaia_774384016513181696_src3,comparison,239.30627015855046,1130.2567774515946,0.3003646755943414,1380.6401176452637,ok
flat_0p3_late_bias,V_8 generic,light_V_8s_2026_05_20-0002_flat_0p3_late_bias_cal.fits,gaia_774271076054448768_src2,comparison,1468.5291008489226,349.61055394345243,0.4377865429635852,1752.5881881713867,ok
flat_0p3_late_bias,V_8 generic,light_V_8s_2026_05_20-0002_flat_0p3_late_bias_cal.fits,gaia_774272862760870784_src1,comparison,577.535568916764,168.04574442821615,1.1276789933206093,2580.06063079834,ok
flat_0p3_late_bias,V_8 generic,light_V_8s_2026_05_20-0002_flat_0p3_late_bias_cal.fits,gaia_774287774887292672_src5,comparison,1891.7873199107535,1171.5418580036976,0.10072991372895744,1044.9353065490723,ok
flat_0p3_late_bias,V_8 generic,light_V_8s_2026_05_20-0002_flat_0p3_late_bias_cal.fits,gaia_774288805679445888_src7,comparison,1768.2204290966938,1428.471934617422,0.2668358366258112,843.5023155212402,ok
flat_0p3_late_bias,V_8 generic,light_V_8s_2026_05_20-0002_flat_0p3_late_bias_cal.fits,gaia_774289041901756032_src4,comparison,1852.2980212092116,1531.106781798984,0.33891164160788745,1052.2511920928955,ok
flat_0p3_late_bias,V_8 generic,light_V_8s_2026_05_20-0002_flat_0p3_late_bias_cal.fits,gaia_774289488578357504_src6,comparison,805.2184643327064,1048.037178580992,0.5492504886246753,893.7841625213623,ok
flat_0p3_late_bias,V_8 generic,light_V_8s_2026_05_20-0002_flat_0p3_late_bias_cal.fits,gaia_774290626745586944_src8,comparison,890.4015895298415,1395.3771929241827,0.6561082318305532,296.5225639343262,ok
flat_0p3_late_bias,V_8 generic,light_V_8s_2026_05_20-0002_flat_0p3_late_bias_cal.fits,gaia_774384016513181696_src3,comparison,239.6257579184653,1128.824256812938,0.7409135272513893,1163.040997505188,ok
flat_0p3_late_bias,V_8 generic,light_V_8s_2026_05_20-0003_flat_0p3_late_bias_cal.fits,gaia_774271076054448768_src2,comparison,1469.1560589277467,349.5005421494048,0.503841663798078,2123.3178005218506,ok
flat_0p3_late_bias,V_8 generic,light_V_8s_2026_05_20-0003_flat_0p3_late_bias_cal.fits,gaia_774272862760870784_src1,comparison,578.4032211365001,168.06832628591562,1.0560970918726738,3155.876799583435,ok
flat_0p3_late_bias,V_8 generic,light_V_8s_2026_05_20-0003_flat_0p3_late_bias_cal.fits,gaia_774287774887292672_src5,comparison,1892.4706944647485,1171.4513631668447,0.13169191629922458,1294.3143701553345,ok
flat_0p3_late_bias,V_8 generic,light_V_8s_2026_05_20-0003_flat_0p3_late_bias_cal.fits,gaia_774288805679445888_src7,comparison,1768.978659920413,1428.3266071151859,0.36268024064108145,1002.3396911621094,ok
flat_0p3_late_bias,V_8 generic,light_V_8s_2026_05_20-0003_flat_0p3_late_bias_cal.fits,gaia_774289041901756032_src4,comparison,1852.9481443172892,1530.979000687191,0.4872785741462022,1271.3165969848633,ok
flat_0p3_late_bias,V_8 generic,light_V_8s_2026_05_20-0003_flat_0p3_late_bias_cal.fits,gaia_774289488578357504_src6,comparison,805.8015326740297,1047.8496101478474,0.8201684362728704,1117.6343688964844,ok
flat_0p3_late_bias,V_8 generic,light_V_8s_2026_05_20-0003_flat_0p3_late_bias_cal.fits,gaia_774290626745586944_src8,comparison,890.6997360018225,1394.9656856860456,0.8878423585526761,354.0868282318115,ok
flat_0p3_late_bias,V_8 generic,light_V_8s_2026_05_20-0003_flat_0p3_late_bias_cal.fits,gaia_774384016513181696_src3,comparison,240.21440663557735,1128.8667365107253,1.1069487214799145,1386.1652717590332,ok
flat_0p3_late_bias,V_8 generic,light_V_8s_2026_05_20-0004_flat_0p3_late_bias_cal.fits,gaia_774271076054448768_src2,comparison,1470.3380146678987,350.4660356472169,0.4003268434462051,1802.8969640731812,ok
flat_0p3_late_bias,V_8 generic,light_V_8s_2026_05_20-0004_flat_0p3_late_bias_cal.fits,gaia_774272862760870784_src1,comparison,579.5951415878787,168.86201668023858,0.9236220805127143,2616.6968898773193,ok
flat_0p3_late_bias,V_8 generic,light_V_8s_2026_05_20-0004_flat_0p3_late_bias_cal.fits,gaia_774287774887292672_src5,comparison,1893.5426048411987,1172.3896929034706,0.11856202444000055,1082.4227418899536,ok
flat_0p3_late_bias,V_8 generic,light_V_8s_2026_05_20-0004_flat_0p3_late_bias_cal.fits,gaia_774288805679445888_src7,comparison,1769.8418697414686,1429.3354089696081,0.3582889353802819,863.571403503418,ok
flat_0p3_late_bias,V_8 generic,light_V_8s_2026_05_20-0004_flat_0p3_late_bias_cal.fits,gaia_774289041901756032_src4,comparison,1853.8656290098183,1531.9792593596558,0.4465935750105564,1074.2500705718994,ok
flat_0p3_late_bias,V_8 generic,light_V_8s_2026_05_20-0004_flat_0p3_late_bias_cal.fits,gaia_774289488578357504_src6,comparison,806.964706570965,1048.779371937641,0.6243728305156642,911.9244928359985,ok
flat_0p3_late_bias,V_8 generic,light_V_8s_2026_05_20-0004_flat_0p3_late_bias_cal.fits,gaia_774290626745586944_src8,comparison,892.2114261117015,1395.624537763399,0.2649928465707705,295.8512706756592,ok
flat_0p3_late_bias,V_8 generic,light_V_8s_2026_05_20-0004_flat_0p3_late_bias_cal.fits,gaia_774384016513181696_src3,comparison,241.44092269989272,1129.7573175095515,0.8042369928327161,1196.8250064849854,ok
flat_0p3_late_bias,V_8 generic,light_V_8s_2026_05_20-0005_flat_0p3_late_bias_cal.fits,gaia_774271076054448768_src2,comparison,1471.7191257264578,351.0198643885303,0.061466996089891174,2037.4240236282349,ok
flat_0p3_late_bias,V_8 generic,light_V_8s_2026_05_20-0005_flat_0p3_late_bias_cal.fits,gaia_774272862760870784_src1,comparison,580.9761876479209,169.24839422664448,0.09808881712095674,3037.5458059310913,ok
flat_0p3_late_bias,V_8 generic,light_V_8s_2026_05_20-0005_flat_0p3_late_bias_cal.fits,gaia_774287774887292672_src5,comparison,1894.7640248995367,1173.2072208994437,0.07531152673972892,1244.1644096374512,ok
flat_0p3_late_bias,V_8 generic,light_V_8s_2026_05_20-0005_flat_0p3_late_bias_cal.fits,gaia_774288805679445888_src7,comparison,1771.1482275950657,1430.094568687236,0.16070022083819208,959.0168170928955,ok
flat_0p3_late_bias,V_8 generic,light_V_8s_2026_05_20-0005_flat_0p3_late_bias_cal.fits,gaia_774289041901756032_src4,comparison,1855.154220642495,1532.6606609271385,0.02929575384996457,1254.646780014038,ok
flat_0p3_late_bias,V_8 generic,light_V_8s_2026_05_20-0005_flat_0p3_late_bias_cal.fits,gaia_774289488578357504_src6,comparison,808.3717765330902,1049.2687404609644,0.2037448268890281,1101.780746459961,ok
flat_0p3_late_bias,V_8 generic,light_V_8s_2026_05_20-0005_flat_0p3_late_bias_cal.fits,gaia_774290626745586944_src8,comparison,893.5790034281183,1396.4189261144177,0.5592688929748356,344.9238519668579,ok
flat_0p3_late_bias,V_8 generic,light_V_8s_2026_05_20-0005_flat_0p3_late_bias_cal.fits,gaia_774384016513181696_src3,comparison,242.71652139269008,1129.9092192957594,0.3895606355036418,1356.0788650512695,ok
flat_0p3_late_bias,V_8 generic,light_V_8s_2026_05_20-0006_flat_0p3_late_bias_cal.fits,gaia_774271076054448768_src2,comparison,1414.3244858048179,321.4945434417658,0.28180440973268667,1998.8182067871094,ok
flat_0p3_late_bias,V_8 generic,light_V_8s_2026_05_20-0006_flat_0p3_late_bias_cal.fits,gaia_774272862760870784_src1,comparison,507.5342142320844,256.98996431407943,0.610556044731178,2947.5538597106934,ok
flat_0p3_late_bias,V_8 generic,light_V_8s_2026_05_20-0006_flat_0p3_late_bias_cal.fits,gaia_774287774887292672_src5,comparison,1940.428247699773,1081.8064331622647,0.17154290514052303,1172.3051509857178,ok
flat_0p3_late_bias,V_8 generic,light_V_8s_2026_05_20-0006_flat_0p3_late_bias_cal.fits,gaia_774288805679445888_src7,comparison,1851.2757867046353,1352.4860213589993,0.2577224559206337,968.9220428466797,ok
flat_0p3_late_bias,V_8 generic,light_V_8s_2026_05_20-0006_flat_0p3_late_bias_cal.fits,gaia_774289041901756032_src4,comparison,1947.7273504129782,1443.3931860697085,0.4201737700076231,1230.0706539154053,ok
flat_0p3_late_bias,V_8 generic,light_V_8s_2026_05_20-0006_flat_0p3_late_bias_cal.fits,gaia_774289488578357504_src6,comparison,847.0477687243877,1099.9540530705226,0.44491183579925303,1004.5965709686279,ok
flat_0p3_late_bias,V_8 generic,light_V_8s_2026_05_20-0006_flat_0p3_late_bias_cal.fits,gaia_774290626745586944_src8,comparison,976.4239256363462,1433.324986160139,0.5198023190972465,328.90245246887207,ok
flat_0p3_late_bias,V_8 generic,light_V_8s_2026_05_20-0006_flat_0p3_late_bias_cal.fits,gaia_774384016513181696_src3,comparison,296.7071437373132,1253.4216086832662,0.5593750630545785,1341.1829376220703,ok
flat_0p3_late_bias,V_8 generic,light_V_8s_2026_05_20-0007_flat_0p3_late_bias_cal.fits,gaia_774271076054448768_src2,comparison,1414.0736227747277,321.7240941878299,0.7058628231615158,2092.8506183624268,ok
flat_0p3_late_bias,V_8 generic,light_V_8s_2026_05_20-0007_flat_0p3_late_bias_cal.fits,gaia_774272862760870784_src1,comparison,507.3424031559848,257.2719833669143,1.6210167222576624,3175.7324047088623,ok
flat_0p3_late_bias,V_8 generic,light_V_8s_2026_05_20-0007_flat_0p3_late_bias_cal.fits,gaia_774287774887292672_src5,comparison,1940.2204757123143,1081.8927225172797,0.32066553392777275,1265.0464353561401,ok
flat_0p3_late_bias,V_8 generic,light_V_8s_2026_05_20-0007_flat_0p3_late_bias_cal.fits,gaia_774288805679445888_src7,comparison,1850.8535081816071,1352.734391751417,0.7872917897878022,1007.2533016204834,ok
flat_0p3_late_bias,V_8 generic,light_V_8s_2026_05_20-0007_flat_0p3_late_bias_cal.fits,gaia_774289041901756032_src4,comparison,1947.622393971457,1443.6408638309947,0.9602713518829072,1311.232482433319,ok
flat_0p3_late_bias,V_8 generic,light_V_8s_2026_05_20-0007_flat_0p3_late_bias_cal.fits,gaia_774289488578357504_src6,comparison,846.805619492538,1100.201269470981,1.265300747890897,1111.5864944458008,ok
flat_0p3_late_bias,V_8 generic,light_V_8s_2026_05_20-0007_flat_0p3_late_bias_cal.fits,gaia_774290626745586944_src8,comparison,976.4377912176,1433.3995659302884,1.1476871412933614,351.76540088653564,ok
flat_0p3_late_bias,V_8 generic,light_V_8s_2026_05_20-0007_flat_0p3_late_bias_cal.fits,gaia_774384016513181696_src3,comparison,296.40927669193024,1253.8690520055918,1.888902224074306,1412.9022617340088,ok
flat_0p3_late_bias,V_8 generic,light_V_8s_2026_05_20-0008_flat_0p3_late_bias_cal.fits,gaia_774271076054448768_src2,comparison,1413.5158354031628,320.4575232103273,0.3626017282911611,1607.1670017242432,ok
flat_0p3_late_bias,V_8 generic,light_V_8s_2026_05_20-0008_flat_0p3_late_bias_cal.fits,gaia_774272862760870784_src1,comparison,506.77692023856997,255.79290322694726,1.0531632060021174,2456.5673694610596,ok
flat_0p3_late_bias,V_8 generic,light_V_8s_2026_05_20-0008_flat_0p3_late_bias_cal.fits,gaia_774287774887292672_src5,comparison,1939.5707207316614,1080.9187873938827,0.29427680272489093,979.2585201263428,ok
flat_0p3_late_bias,V_8 generic,light_V_8s_2026_05_20-0008_flat_0p3_late_bias_cal.fits,gaia_774288805679445888_src7,comparison,1850.2475839041604,1351.5284451361517,0.5363353694129332,773.7333984375,ok
flat_0p3_late_bias,V_8 generic,light_V_8s_2026_05_20-0008_flat_0p3_late_bias_cal.fits,gaia_774289041901756032_src4,comparison,1946.7912805210476,1442.2039599635825,0.8220873247881061,967.6740636825562,ok
flat_0p3_late_bias,V_8 generic,light_V_8s_2026_05_20-0008_flat_0p3_late_bias_cal.fits,gaia_774289488578357504_src6,comparison,846.2178135783524,1099.0572870718095,0.8483038801515491,840.0886826515198,ok
flat_0p3_late_bias,V_8 generic,light_V_8s_2026_05_20-0008_flat_0p3_late_bias_cal.fits,gaia_774290626745586944_src8,comparison,976.0849136624921,1432.3828866357853,1.4736488710278233,272.1329174041748,ok
flat_0p3_late_bias,V_8 generic,light_V_8s_2026_05_20-0008_flat_0p3_late_bias_cal.fits,gaia_774384016513181696_src3,comparison,295.92175902332355,1252.4566172814427,1.4850404338970637,1082.7628784179688,ok
flat_0p3_late_bias,V_8 generic,light_V_8s_2026_05_20-0009_flat_0p3_late_bias_cal.fits,gaia_774271076054448768_src2,comparison,1413.0470039338413,319.96593597323573,0.6739261033154762,2062.627456188202,ok
flat_0p3_late_bias,V_8 generic,light_V_8s_2026_05_20-0009_flat_0p3_late_bias_cal.fits,gaia_774272862760870784_src1,comparison,506.1617784066637,255.20121248462385,1.5814113684978248,3196.7471408843994,ok
flat_0p3_late_bias,V_8 generic,light_V_8s_2026_05_20-0009_flat_0p3_late_bias_cal.fits,gaia_774287774887292672_src5,comparison,1939.2356082732772,1080.1673464686735,0.26379890501305425,1253.4510879516602,ok
flat_0p3_late_bias,V_8 generic,light_V_8s_2026_05_20-0009_flat_0p3_late_bias_cal.fits,gaia_774288805679445888_src7,comparison,1849.9306082765575,1350.993236298304,0.6666486637300821,955.2550163269043,ok
flat_0p3_late_bias,V_8 generic,light_V_8s_2026_05_20-0009_flat_0p3_late_bias_cal.fits,gaia_774289041901756032_src4,comparison,1946.507412154529,1441.885445028085,0.7627174578586837,1288.0730533599854,ok
flat_0p3_late_bias,V_8 generic,light_V_8s_2026_05_20-0009_flat_0p3_late_bias_cal.fits,gaia_774289488578357504_src6,comparison,845.6549240114555,1098.2652470901694,1.107043660455395,1126.1312856674194,ok
flat_0p3_late_bias,V_8 generic,light_V_8s_2026_05_20-0009_flat_0p3_late_bias_cal.fits,gaia_774290626745586944_src8,comparison,975.2118117928021,1431.4080897166477,0.8862705442963696,346.8082695007324,ok
flat_0p3_late_bias,V_8 generic,light_V_8s_2026_05_20-0009_flat_0p3_late_bias_cal.fits,gaia_774384016513181696_src3,comparison,295.42817253729413,1251.6201930881894,1.3145366181427278,1422.5833415985107,ok
flat_0p3_late_bias,V_8 generic,light_V_8s_2026_05_20-0010_flat_0p3_late_bias_cal.fits,gaia_774271076054448768_src2,comparison,1414.2170418637268,317.8970084623908,0.24817421821882946,1845.2379598617554,ok
flat_0p3_late_bias,V_8 generic,light_V_8s_2026_05_20-0010_flat_0p3_late_bias_cal.fits,gaia_774272862760870784_src1,comparison,507.2372386239602,253.19657653376407,1.0454603761751307,2764.2500581741333,ok
flat_0p3_late_bias,V_8 generic,light_V_8s_2026_05_20-0010_flat_0p3_late_bias_cal.fits,gaia_774287774887292672_src5,comparison,1940.1159241095531,1078.1588918161956,0.2260844431370918,1075.8524284362793,ok
flat_0p3_late_bias,V_8 generic,light_V_8s_2026_05_20-0010_flat_0p3_late_bias_cal.fits,gaia_774288805679445888_src7,comparison,1850.823410859852,1348.9275250234014,0.5169540514768153,876.4724454879761,ok
flat_0p3_late_bias,V_8 generic,light_V_8s_2026_05_20-0010_flat_0p3_late_bias_cal.fits,gaia_774289041901756032_src4,comparison,1947.421703101273,1439.9023693998959,0.6750478053667729,1143.3195314407349,ok
flat_0p3_late_bias,V_8 generic,light_V_8s_2026_05_20-0010_flat_0p3_late_bias_cal.fits,gaia_774289488578357504_src6,comparison,846.744287052326,1096.2548241670336,0.7012346623183293,979.0744256973267,ok
flat_0p3_late_bias,V_8 generic,light_V_8s_2026_05_20-0010_flat_0p3_late_bias_cal.fits,gaia_774290626745586944_src8,comparison,975.9279778770814,1429.7082782705957,1.020723769438491,304.48814392089844,ok
flat_0p3_late_bias,V_8 generic,light_V_8s_2026_05_20-0010_flat_0p3_late_bias_cal.fits,gaia_774384016513181696_src3,comparison,296.40356344332645,1249.6704136398005,0.8887184376300385,1271.5801086425781,ok
flat_0p3_late_bias,V_8 generic,light_V_8s_2026_05_20-0011_flat_0p3_late_bias_cal.fits,gaia_774271076054448768_src2,comparison,1414.9451631572215,318.02742349468264,0.5140491711294976,2290.4412508010864,ok
flat_0p3_late_bias,V_8 generic,light_V_8s_2026_05_20-0011_flat_0p3_late_bias_cal.fits,gaia_774272862760870784_src1,comparison,508.24564433694246,253.52625843544035,1.0274178053207614,3538.1671409606934,ok
flat_0p3_late_bias,V_8 generic,light_V_8s_2026_05_20-0011_flat_0p3_late_bias_cal.fits,gaia_774287774887292672_src5,comparison,1941.0712583869843,1078.4161312257206,0.3522393810603131,1401.4031438827515,ok
flat_0p3_late_bias,V_8 generic,light_V_8s_2026_05_20-0011_flat_0p3_late_bias_cal.fits,gaia_774288805679445888_src7,comparison,1851.884860616014,1349.2195622732688,0.6298304946842568,1113.188175201416,ok
flat_0p3_late_bias,V_8 generic,light_V_8s_2026_05_20-0011_flat_0p3_late_bias_cal.fits,gaia_774289041901756032_src4,comparison,1948.5402756262017,1440.005306743916,0.6741001334162601,1430.5552062988281,ok
flat_0p3_late_bias,V_8 generic,light_V_8s_2026_05_20-0011_flat_0p3_late_bias_cal.fits,gaia_774289488578357504_src6,comparison,847.8310879534856,1096.5436583223238,0.6955444315323731,1260.018349647522,ok
flat_0p3_late_bias,V_8 generic,light_V_8s_2026_05_20-0011_flat_0p3_late_bias_cal.fits,gaia_774290626745586944_src8,comparison,977.2445113362331,1429.6427585285858,0.53449117825004,405.5467824935913,ok
flat_0p3_late_bias,V_8 generic,light_V_8s_2026_05_20-0011_flat_0p3_late_bias_cal.fits,gaia_774384016513181696_src3,comparison,297.61220143144504,1250.1427882792668,0.9009538278354328,1561.4369812011719,ok
flat_0p3_late_bias,V_8 generic,light_V_8s_2026_05_20-0012_flat_0p3_late_bias_cal.fits,gaia_774271076054448768_src2,comparison,1414.8971889095085,318.50259667321893,0.44304298097750505,1838.4116764068604,ok
flat_0p3_late_bias,V_8 generic,light_V_8s_2026_05_20-0012_flat_0p3_late_bias_cal.fits,gaia_774272862760870784_src1,comparison,508.1639738669528,253.99426643669509,0.595295489268985,2677.321891784668,ok
flat_0p3_late_bias,V_8 generic,light_V_8s_2026_05_20-0012_flat_0p3_late_bias_cal.fits,gaia_774287774887292672_src5,comparison,1941.4803558339363,1078.935555194747,0.19614647475421287,1101.6540222167969,ok
flat_0p3_late_bias,V_8 generic,light_V_8s_2026_05_20-0012_flat_0p3_late_bias_cal.fits,gaia_774288805679445888_src7,comparison,1852.183533665225,1349.713303700555,0.3078184906560876,887.8405628204346,ok
flat_0p3_late_bias,V_8 generic,light_V_8s_2026_05_20-0012_flat_0p3_late_bias_cal.fits,gaia_774289041901756032_src4,comparison,1948.6868774093311,1440.5462794460682,0.30025262444272616,1125.8254842758179,ok
flat_0p3_late_bias,V_8 generic,light_V_8s_2026_05_20-0012_flat_0p3_late_bias_cal.fits,gaia_774289488578357504_src6,comparison,847.7964055157446,1097.0234730116997,0.3384358477991947,952.1147928237915,ok
flat_0p3_late_bias,V_8 generic,light_V_8s_2026_05_20-0012_flat_0p3_late_bias_cal.fits,gaia_774290626745586944_src8,comparison,977.7014757013236,1430.2861693367363,0.43408855377509326,303.59124279022217,ok
flat_0p3_late_bias,V_8 generic,light_V_8s_2026_05_20-0012_flat_0p3_late_bias_cal.fits,gaia_774384016513181696_src3,comparison,297.62641999165504,1250.7454260054797,0.232292505719288,1224.007459640503,ok
flat_0p3_late_bias,V_8 generic,light_V_8s_2026_05_20-0013_flat_0p3_late_bias_cal.fits,gaia_774271076054448768_src2,comparison,1416.2063925697992,318.0252229369044,0.22089175467127883,1941.4373941421509,ok
flat_0p3_late_bias,V_8 generic,light_V_8s_2026_05_20-0013_flat_0p3_late_bias_cal.fits,gaia_774272862760870784_src1,comparison,509.40211736046797,253.54168411232925,0.3974564879862296,2925.539448738098,ok
flat_0p3_late_bias,V_8 generic,light_V_8s_2026_05_20-0013_flat_0p3_late_bias_cal.fits,gaia_774287774887292672_src5,comparison,1942.564014897976,1078.291462194906,0.13776459636347538,1214.1107692718506,ok
flat_0p3_late_bias,V_8 generic,light_V_8s_2026_05_20-0013_flat_0p3_late_bias_cal.fits,gaia_774288805679445888_src7,comparison,1853.2464235980488,1349.0045059257925,0.2132810330466358,932.9150829315186,ok
flat_0p3_late_bias,V_8 generic,light_V_8s_2026_05_20-0013_flat_0p3_late_bias_cal.fits,gaia_774289041901756032_src4,comparison,1949.820447489596,1439.774588110336,0.2700221962954755,1206.3904161453247,ok
flat_0p3_late_bias,V_8 generic,light_V_8s_2026_05_20-0013_flat_0p3_late_bias_cal.fits,gaia_774289488578357504_src6,comparison,849.005108195712,1096.4988018449585,0.29921146906623697,1039.7810831069946,ok
flat_0p3_late_bias,V_8 generic,light_V_8s_2026_05_20-0013_flat_0p3_late_bias_cal.fits,gaia_774290626745586944_src8,comparison,978.8186247834348,1429.6094738539355,0.31437052713766733,333.64720582962036,ok
flat_0p3_late_bias,V_8 generic,light_V_8s_2026_05_20-0013_flat_0p3_late_bias_cal.fits,gaia_774384016513181696_src3,comparison,298.74186185669953,1250.2759330167203,0.27315836427189727,1310.7549123764038,ok
flat_0p3_late_bias,V_8 generic,light_V_8s_2026_05_20-0014_flat_0p3_late_bias_cal.fits,gaia_774271076054448768_src2,comparison,1417.3142437256213,317.5140029891569,0.23973237263020336,1659.9100513458252,ok
flat_0p3_late_bias,V_8 generic,light_V_8s_2026_05_20-0014_flat_0p3_late_bias_cal.fits,gaia_774272862760870784_src1,comparison,510.6067639147426,252.81155768139908,0.8598488808320606,2454.8871092796326,ok
flat_0p3_late_bias,V_8 generic,light_V_8s_2026_05_20-0014_flat_0p3_late_bias_cal.fits,gaia_774287774887292672_src5,comparison,1943.4471185090836,1077.9680611888227,0.29079523844317995,1005.7739086151123,ok
flat_0p3_late_bias,V_8 generic,light_V_8s_2026_05_20-0014_flat_0p3_late_bias_cal.fits,gaia_774288805679445888_src7,comparison,1854.1308440091866,1348.656012778143,0.41620513781923524,785.6645421981812,ok
flat_0p3_late_bias,V_8 generic,light_V_8s_2026_05_20-0014_flat_0p3_late_bias_cal.fits,gaia_774289041901756032_src4,comparison,1950.7815246576467,1439.4648884831481,0.5551319365932353,1012.8115768432617,ok
flat_0p3_late_bias,V_8 generic,light_V_8s_2026_05_20-0014_flat_0p3_late_bias_cal.fits,gaia_774289488578357504_src6,comparison,850.0720269120881,1095.9478929064064,0.7611698869762289,841.2186212539673,ok
flat_0p3_late_bias,V_8 generic,light_V_8s_2026_05_20-0014_flat_0p3_late_bias_cal.fits,gaia_774290626745586944_src8,comparison,979.5100192456632,1429.5794327521958,0.831722124545621,280.9326272010803,ok
flat_0p3_late_bias,V_8 generic,light_V_8s_2026_05_20-0014_flat_0p3_late_bias_cal.fits,gaia_774384016513181696_src3,comparison,,,274.0713831562722,,no_sep_match
flat_0p3_late_bias,V_8 generic,light_V_8s_2026_05_20-0015_flat_0p3_late_bias_cal.fits,gaia_774271076054448768_src2,comparison,1417.8400834708084,317.2924933763698,0.7893338558621771,1765.123945236206,ok
flat_0p3_late_bias,V_8 generic,light_V_8s_2026_05_20-0015_flat_0p3_late_bias_cal.fits,gaia_774272862760870784_src1,comparison,511.01363043371816,252.7199630907978,1.8539362894902465,2564.5485558509827,ok
flat_0p3_late_bias,V_8 generic,light_V_8s_2026_05_20-0015_flat_0p3_late_bias_cal.fits,gaia_774287774887292672_src5,comparison,1943.8695619166704,1077.7378929335773,0.49434202228615226,1068.83620262146,ok
flat_0p3_late_bias,V_8 generic,light_V_8s_2026_05_20-0015_flat_0p3_late_bias_cal.fits,gaia_774288805679445888_src7,comparison,1854.6701777567453,1348.6451231968038,1.08014788110453,881.8926191329956,ok
flat_0p3_late_bias,V_8 generic,light_V_8s_2026_05_20-0015_flat_0p3_late_bias_cal.fits,gaia_774289041901756032_src4,comparison,1951.1557632081087,1439.337621627881,1.028013019003685,1074.9820938110352,ok
flat_0p3_late_bias,V_8 generic,light_V_8s_2026_05_20-0015_flat_0p3_late_bias_cal.fits,gaia_774289488578357504_src6,comparison,850.3834555645591,1095.802606775624,1.4540314413350592,923.1705837249756,ok
flat_0p3_late_bias,V_8 generic,light_V_8s_2026_05_20-0015_flat_0p3_late_bias_cal.fits,gaia_774290626745586944_src8,comparison,979.4651048420285,1429.3658157540149,1.8694925461334693,293.50478744506836,ok
flat_0p3_late_bias,V_8 generic,light_V_8s_2026_05_20-0015_flat_0p3_late_bias_cal.fits,gaia_774384016513181696_src3,comparison,300.07474148200794,1249.3784648946532,2.0322092643723924,1152.3992729187012,ok
flat_0p3_late_bias,V_8 generic,light_V_8s_2026_05_20-0016_flat_0p3_late_bias_cal.fits,gaia_774271076054448768_src2,comparison,1418.882203631456,317.17011181839945,0.2841795474252615,1913.3990058898926,ok
flat_0p3_late_bias,V_8 generic,light_V_8s_2026_05_20-0016_flat_0p3_late_bias_cal.fits,gaia_774272862760870784_src1,comparison,512.0776035919755,252.7066971525947,0.6208418919340061,2863.0425300598145,ok
flat_0p3_late_bias,V_8 generic,light_V_8s_2026_05_20-0016_flat_0p3_late_bias_cal.fits,gaia_774287774887292672_src5,comparison,1944.966768834099,1077.3795684716447,0.2531794354946084,1152.3668594360352,ok
flat_0p3_late_bias,V_8 generic,light_V_8s_2026_05_20-0016_flat_0p3_late_bias_cal.fits,gaia_774288805679445888_src7,comparison,1855.7952870673157,1348.2017502445228,0.3635023385812229,942.6329288482666,ok
flat_0p3_late_bias,V_8 generic,light_V_8s_2026_05_20-0016_flat_0p3_late_bias_cal.fits,gaia_774289041901756032_src4,comparison,1952.3657782757518,1439.0232811999088,0.487010832427738,1187.3810777664185,ok
flat_0p3_late_bias,V_8 generic,light_V_8s_2026_05_20-0016_flat_0p3_late_bias_cal.fits,gaia_774289488578357504_src6,comparison,851.4948104184991,1095.6139994612988,0.6551247083006926,1028.8425102233887,ok
flat_0p3_late_bias,V_8 generic,light_V_8s_2026_05_20-0016_flat_0p3_late_bias_cal.fits,gaia_774290626745586944_src8,comparison,981.3032638668657,1428.6650361530067,0.05996218479282206,318.3910484313965,ok
flat_0p3_late_bias,V_8 generic,light_V_8s_2026_05_20-0016_flat_0p3_late_bias_cal.fits,gaia_774384016513181696_src3,comparison,301.40006156431156,1249.3439456229323,0.5551703392125696,1323.6401710510254,ok
flat_0p3_late_bias,V_8 generic,light_V_8s_2026_05_20-0017_flat_0p3_late_bias_cal.fits,gaia_774271076054448768_src2,comparison,1418.9965306522517,317.67697959144186,0.31001477505453195,2119.736656188965,ok
flat_0p3_late_bias,V_8 generic,light_V_8s_2026_05_20-0017_flat_0p3_late_bias_cal.fits,gaia_774272862760870784_src1,comparison,512.2385924838445,253.27350508381414,0.6604484958929572,3252.7923378944397,ok
flat_0p3_late_bias,V_8 generic,light_V_8s_2026_05_20-0017_flat_0p3_late_bias_cal.fits,gaia_774287774887292672_src5,comparison,1945.282713078408,1077.9298208271723,0.20438472308603772,1301.8366832733154,ok
flat_0p3_late_bias,V_8 generic,light_V_8s_2026_05_20-0017_flat_0p3_late_bias_cal.fits,gaia_774288805679445888_src7,comparison,1856.1374666784493,1348.4999652608708,0.17040346081198862,1053.7184219360352,ok
flat_0p3_late_bias,V_8 generic,light_V_8s_2026_05_20-0017_flat_0p3_late_bias_cal.fits,gaia_774289041901756032_src4,comparison,1952.7211105782494,1439.4194890297667,0.367484789802606,1363.4131984710693,ok
flat_0p3_late_bias,V_8 generic,light_V_8s_2026_05_20-0017_flat_0p3_late_bias_cal.fits,gaia_774289488578357504_src6,comparison,851.9982250726291,1096.0751729174372,0.4152295868939475,1112.9092917442322,ok
flat_0p3_late_bias,V_8 generic,light_V_8s_2026_05_20-0017_flat_0p3_late_bias_cal.fits,gaia_774290626745586944_src8,comparison,981.5623955643134,1429.2469960188087,0.0679174146278472,375.36537647247314,ok
flat_0p3_late_bias,V_8 generic,light_V_8s_2026_05_20-0017_flat_0p3_late_bias_cal.fits,gaia_774384016513181696_src3,comparison,301.64795087709496,1249.9425026860488,0.5904555098136679,1461.671543121338,ok
flat_0p3_late_bias,V_8 generic,light_V_8s_2026_05_20-0018_flat_0p3_late_bias_cal.fits,gaia_774271076054448768_src2,comparison,1418.143845191659,317.70915559550446,0.5455148634029352,1325.9158306121826,ok
flat_0p3_late_bias,V_8 generic,light_V_8s_2026_05_20-0018_flat_0p3_late_bias_cal.fits,gaia_774272862760870784_src1,comparison,511.192606401311,253.21375324494298,1.2938972192813512,2011.829716682434,ok
flat_0p3_late_bias,V_8 generic,light_V_8s_2026_05_20-0018_flat_0p3_late_bias_cal.fits,gaia_774287774887292672_src5,comparison,1944.5545408478274,1077.833408689099,0.26339996972179325,824.9371967315674,ok
flat_0p3_late_bias,V_8 generic,light_V_8s_2026_05_20-0018_flat_0p3_late_bias_cal.fits,gaia_774288805679445888_src7,comparison,1855.2826778207798,1348.6669557959713,0.5109152745518267,633.9097423553467,ok
flat_0p3_late_bias,V_8 generic,light_V_8s_2026_05_20-0018_flat_0p3_late_bias_cal.fits,gaia_774289041901756032_src4,comparison,1951.836702762688,1439.4990411282183,0.4758947247989575,819.9879608154297,ok
flat_0p3_late_bias,V_8 generic,light_V_8s_2026_05_20-0018_flat_0p3_late_bias_cal.fits,gaia_774289488578357504_src6,comparison,850.9604701892752,1096.2408126357823,0.7984342031353878,677.1779780387878,ok
flat_0p3_late_bias,V_8 generic,light_V_8s_2026_05_20-0018_flat_0p3_late_bias_cal.fits,gaia_774290626745586944_src8,comparison,980.2809765948178,1429.7115507400981,1.1185149953007907,229.35046195983887,ok
flat_0p3_late_bias,V_8 generic,light_V_8s_2026_05_20-0018_flat_0p3_late_bias_cal.fits,gaia_774384016513181696_src3,comparison,300.63834353194477,1250.0721005630267,1.230942167244101,884.291654586792,ok
flat_0p3_late_bias,V_8 generic,light_V_8s_2026_05_20-0019_flat_0p3_late_bias_cal.fits,gaia_774271076054448768_src2,comparison,1418.6450140285324,317.71037916141563,0.1726099332697485,2300.817590713501,ok
flat_0p3_late_bias,V_8 generic,light_V_8s_2026_05_20-0019_flat_0p3_late_bias_cal.fits,gaia_774272862760870784_src1,comparison,511.70456460414084,253.21694432453913,0.6432595549124741,3350.31564617157,ok
flat_0p3_late_bias,V_8 generic,light_V_8s_2026_05_20-0019_flat_0p3_late_bias_cal.fits,gaia_774287774887292672_src5,comparison,1944.8585577245528,1077.7711461126357,0.20515536363388906,1355.084927558899,ok
flat_0p3_late_bias,V_8 generic,light_V_8s_2026_05_20-0019_flat_0p3_late_bias_cal.fits,gaia_774288805679445888_src7,comparison,1855.653313296366,1348.4005578191768,0.21426980593656283,1134.7255611419678,ok
flat_0p3_late_bias,V_8 generic,light_V_8s_2026_05_20-0019_flat_0p3_late_bias_cal.fits,gaia_774289041901756032_src4,comparison,1952.285863166019,1439.3109070689368,0.3753786666086438,1415.9570446014404,ok
flat_0p3_late_bias,V_8 generic,light_V_8s_2026_05_20-0019_flat_0p3_late_bias_cal.fits,gaia_774289488578357504_src6,comparison,851.5075240829527,1095.9569469439975,0.5194095322369069,1192.4978008270264,ok
flat_0p3_late_bias,V_8 generic,light_V_8s_2026_05_20-0019_flat_0p3_late_bias_cal.fits,gaia_774290626745586944_src8,comparison,980.933266613926,1428.9128912250803,0.44641928020642563,367.02620220184326,ok
flat_0p3_late_bias,V_8 generic,light_V_8s_2026_05_20-0019_flat_0p3_late_bias_cal.fits,gaia_774384016513181696_src3,comparison,301.24681351693675,1249.9500162678053,0.4838491067314984,1465.0603475570679,ok
flat_0p3_late_bias,V_8 generic,light_V_8s_2026_05_20-0020_flat_0p3_late_bias_cal.fits,gaia_774271076054448768_src2,comparison,1420.5180625656005,316.88386270110004,0.3942824672574646,2066.579132080078,ok
flat_0p3_late_bias,V_8 generic,light_V_8s_2026_05_20-0020_flat_0p3_late_bias_cal.fits,gaia_774272862760870784_src1,comparison,513.8744178417601,252.50794559336452,0.7618274819051597,3092.869827270508,ok
flat_0p3_late_bias,V_8 generic,light_V_8s_2026_05_20-0020_flat_0p3_late_bias_cal.fits,gaia_774287774887292672_src5,comparison,1946.652726840009,1077.1570223050753,0.2826303538118033,1205.3623056411743,ok
flat_0p3_late_bias,V_8 generic,light_V_8s_2026_05_20-0020_flat_0p3_late_bias_cal.fits,gaia_774288805679445888_src7,comparison,1857.2993892453626,1348.000685172616,0.6304560622033073,946.7702732086182,ok
flat_0p3_late_bias,V_8 generic,light_V_8s_2026_05_20-0020_flat_0p3_late_bias_cal.fits,gaia_774289041901756032_src4,comparison,1954.066318382042,1438.883953740223,0.7358990282841981,1235.4995603561401,ok
flat_0p3_late_bias,V_8 generic,light_V_8s_2026_05_20-0020_flat_0p3_late_bias_cal.fits,gaia_774289488578357504_src6,comparison,853.2068242460839,1095.2600399845037,0.8264931596435723,1080.7790298461914,ok
flat_0p3_late_bias,V_8 generic,light_V_8s_2026_05_20-0020_flat_0p3_late_bias_cal.fits,gaia_774290626745586944_src8,comparison,982.4257796618427,1428.5150412806747,0.8269406907472301,353.6673250198364,ok
flat_0p3_late_bias,V_8 generic,light_V_8s_2026_05_20-0020_flat_0p3_late_bias_cal.fits,gaia_774384016513181696_src3,comparison,303.04269079659866,1248.948187423784,0.9833840736515186,1328.2206873893738,ok
flat_0p3_late_bias,V_8 generic,light_V_8s_2026_05_20-0021_flat_0p3_late_bias_cal.fits,gaia_774271076054448768_src2,comparison,1421.9157251109411,316.363748001944,0.3442430981360818,2082.7505531311035,ok
flat_0p3_late_bias,V_8 generic,light_V_8s_2026_05_20-0021_flat_0p3_late_bias_cal.fits,gaia_774272862760870784_src1,comparison,515.1426368979364,251.85170512714095,0.8975865276715879,3179.5606718063354,ok
flat_0p3_late_bias,V_8 generic,light_V_8s_2026_05_20-0021_flat_0p3_late_bias_cal.fits,gaia_774287774887292672_src5,comparison,1947.9898598435318,1076.4549040046902,0.08177486970233971,1262.994857788086,ok
flat_0p3_late_bias,V_8 generic,light_V_8s_2026_05_20-0021_flat_0p3_late_bias_cal.fits,gaia_774288805679445888_src7,comparison,1858.6039801684299,1347.2827774416812,0.3775516855917588,1025.7412548065186,ok
flat_0p3_late_bias,V_8 generic,light_V_8s_2026_05_20-0021_flat_0p3_late_bias_cal.fits,gaia_774289041901756032_src4,comparison,1955.2795332016838,1438.118484933754,0.42259915015836663,1280.600872039795,ok
flat_0p3_late_bias,V_8 generic,light_V_8s_2026_05_20-0021_flat_0p3_late_bias_cal.fits,gaia_774289488578357504_src6,comparison,854.7675760133706,1094.6494854018858,0.4575093483268864,1119.4143543243408,ok
flat_0p3_late_bias,V_8 generic,light_V_8s_2026_05_20-0021_flat_0p3_late_bias_cal.fits,gaia_774290626745586944_src8,comparison,983.8498640101905,1427.6972438437338,0.5013916953731883,354.1081552505493,ok
flat_0p3_late_bias,V_8 generic,light_V_8s_2026_05_20-0021_flat_0p3_late_bias_cal.fits,gaia_774384016513181696_src3,comparison,304.5551339732734,1248.350991789335,0.6788084453665312,1405.4797086715698,ok
flat_0p3_late_bias,V_8 generic,light_V_8s_2026_05_20-0022_flat_0p3_late_bias_cal.fits,gaia_774271076054448768_src2,comparison,1422.943609053979,316.56254985846545,0.1464285844092155,2157.229245662689,ok
flat_0p3_late_bias,V_8 generic,light_V_8s_2026_05_20-0022_flat_0p3_late_bias_cal.fits,gaia_774272862760870784_src1,comparison,516.1157857278699,252.24410692534863,0.16804935938644244,3162.5846424102783,ok
flat_0p3_late_bias,V_8 generic,light_V_8s_2026_05_20-0022_flat_0p3_late_bias_cal.fits,gaia_774287774887292672_src5,comparison,1949.1769977994218,1076.8673515475436,0.21489591154424978,1276.165937423706,ok
flat_0p3_late_bias,V_8 generic,light_V_8s_2026_05_20-0022_flat_0p3_late_bias_cal.fits,gaia_774288805679445888_src7,comparison,1859.9895484708732,1347.5793646414656,0.16281711651706765,1024.720630645752,ok
flat_0p3_late_bias,V_8 generic,light_V_8s_2026_05_20-0022_flat_0p3_late_bias_cal.fits,gaia_774289041901756032_src4,comparison,1956.6493714317758,1438.3548230575498,0.25975981977193285,1340.3755311965942,ok
flat_0p3_late_bias,V_8 generic,light_V_8s_2026_05_20-0022_flat_0p3_late_bias_cal.fits,gaia_774289488578357504_src6,comparison,855.79598014083,1095.0941285283004,0.25664650222153557,1118.8673114776611,ok
flat_0p3_late_bias,V_8 generic,light_V_8s_2026_05_20-0022_flat_0p3_late_bias_cal.fits,gaia_774290626745586944_src8,comparison,985.0653639847852,1428.0835601446856,0.3595876725275951,347.21465253829956,ok
flat_0p3_late_bias,V_8 generic,light_V_8s_2026_05_20-0022_flat_0p3_late_bias_cal.fits,gaia_774384016513181696_src3,comparison,305.50552338127505,1248.840068417842,0.2829330823808307,1449.8712787628174,ok
flat_0p3_late_bias,V_8 generic,light_V_8s_2026_05_20-0023_flat_0p3_late_bias_cal.fits,gaia_774271076054448768_src2,comparison,1423.2936855023047,315.1870085092158,0.3475958503750751,2344.561851501465,ok
flat_0p3_late_bias,V_8 generic,light_V_8s_2026_05_20-0023_flat_0p3_late_bias_cal.fits,gaia_774272862760870784_src1,comparison,516.5519339561063,250.88974974176995,0.8131806956102772,3397.7071623802185,ok
flat_0p3_late_bias,V_8 generic,light_V_8s_2026_05_20-0023_flat_0p3_late_bias_cal.fits,gaia_774287774887292672_src5,comparison,1949.5773215996303,1075.213052108381,0.1063928888166928,1400.61527633667,ok
flat_0p3_late_bias,V_8 generic,light_V_8s_2026_05_20-0023_flat_0p3_late_bias_cal.fits,gaia_774288805679445888_src7,comparison,1860.3469361588948,1345.9911085028307,0.34582433668042584,1093.5823421478271,ok
flat_0p3_late_bias,V_8 generic,light_V_8s_2026_05_20-0023_flat_0p3_late_bias_cal.fits,gaia_774289041901756032_src4,comparison,1956.9742243669423,1436.9036394037662,0.4815992943435931,1398.8208122253418,ok
flat_0p3_late_bias,V_8 generic,light_V_8s_2026_05_20-0023_flat_0p3_late_bias_cal.fits,gaia_774289488578357504_src6,comparison,856.1692574987783,1093.5317821335127,0.5525417781439641,1213.706223487854,ok
flat_0p3_late_bias,V_8 generic,light_V_8s_2026_05_20-0023_flat_0p3_late_bias_cal.fits,gaia_774290626745586944_src8,comparison,985.5085161027747,1426.5738029435959,0.4292682360038522,376.82822275161743,ok
flat_0p3_late_bias,V_8 generic,light_V_8s_2026_05_20-0023_flat_0p3_late_bias_cal.fits,gaia_774384016513181696_src3,comparison,306.01880395484113,1247.5165517808439,0.7751728570591172,1510.1350812911987,ok
flat_0p3_late_bias,V_8 generic,light_V_8s_2026_05_20-0024_flat_0p3_late_bias_cal.fits,gaia_774271076054448768_src2,comparison,1423.930557770051,315.0800776799309,0.08593880173062425,1558.9267148971558,ok
flat_0p3_late_bias,V_8 generic,light_V_8s_2026_05_20-0024_flat_0p3_late_bias_cal.fits,gaia_774272862760870784_src1,comparison,517.2768759102463,250.61484790506398,0.4750487670687779,2358.897933959961,ok
flat_0p3_late_bias,V_8 generic,light_V_8s_2026_05_20-0024_flat_0p3_late_bias_cal.fits,gaia_774287774887292672_src5,comparison,1950.0827622967363,1074.9754455380964,0.1933868771285044,945.5490140914917,ok
flat_0p3_late_bias,V_8 generic,light_V_8s_2026_05_20-0024_flat_0p3_late_bias_cal.fits,gaia_774288805679445888_src7,comparison,1861.0107876309035,1345.5750893823736,0.11167204578151094,753.832407951355,ok
flat_0p3_late_bias,V_8 generic,light_V_8s_2026_05_20-0024_flat_0p3_late_bias_cal.fits,gaia_774289041901756032_src4,comparison,1957.7437075863056,1436.480524600849,0.20198006196279922,1016.8847885131836,ok
flat_0p3_late_bias,V_8 generic,light_V_8s_2026_05_20-0024_flat_0p3_late_bias_cal.fits,gaia_774289488578357504_src6,comparison,856.760610808652,1093.1858433578168,0.6616014881636637,830.8144693374634,ok
flat_0p3_late_bias,V_8 generic,light_V_8s_2026_05_20-0024_flat_0p3_late_bias_cal.fits,gaia_774290626745586944_src8,comparison,986.398442870023,1426.6323520960973,0.14270144331338624,275.92334842681885,ok
flat_0p3_late_bias,V_8 generic,light_V_8s_2026_05_20-0024_flat_0p3_late_bias_cal.fits,gaia_774384016513181696_src3,comparison,306.8008354136678,1247.077220075931,0.5397300651604553,1039.2121677398682,ok
flat_0p3_late_bias,V_8 generic,light_V_8s_2026_05_20-0025_flat_0p3_late_bias_cal.fits,gaia_774271076054448768_src2,comparison,1424.1829647309787,315.41693960957315,0.0841662104647574,2392.5601902008057,ok
flat_0p3_late_bias,V_8 generic,light_V_8s_2026_05_20-0025_flat_0p3_late_bias_cal.fits,gaia_774272862760870784_src1,comparison,517.4332250973206,251.00535030531717,0.42083698203320175,3457.798662185669,ok
flat_0p3_late_bias,V_8 generic,light_V_8s_2026_05_20-0025_flat_0p3_late_bias_cal.fits,gaia_774287774887292672_src5,comparison,1950.2475140969095,1075.5443829258631,0.4441798300984006,1491.443440914154,ok
flat_0p3_late_bias,V_8 generic,light_V_8s_2026_05_20-0025_flat_0p3_late_bias_cal.fits,gaia_774288805679445888_src7,comparison,1861.1723933470137,1346.2507912660312,0.3595016593234095,1174.2999653816223,ok
flat_0p3_late_bias,V_8 generic,light_V_8s_2026_05_20-0025_flat_0p3_late_bias_cal.fits,gaia_774289041901756032_src4,comparison,1957.7385440357525,1437.205625231276,0.6236117104318318,1479.5676136016846,ok
flat_0p3_late_bias,V_8 generic,light_V_8s_2026_05_20-0025_flat_0p3_late_bias_cal.fits,gaia_774289488578357504_src6,comparison,857.0896505600255,1093.7168981046143,0.5890465230804242,1241.9983558654785,ok
flat_0p3_late_bias,V_8 generic,light_V_8s_2026_05_20-0025_flat_0p3_late_bias_cal.fits,gaia_774290626745586944_src8,comparison,986.3342490100683,1426.724766698155,0.6813550581383074,405.8904981613159,ok
flat_0p3_late_bias,V_8 generic,light_V_8s_2026_05_20-0025_flat_0p3_late_bias_cal.fits,gaia_774384016513181696_src3,comparison,306.99864572756684,1247.5411301505246,0.6869367895048613,1569.4823093414307,ok
flat_0p3_late_bias,V_8 generic,light_V_8s_2026_05_20-0026_flat_0p3_late_bias_cal.fits,gaia_774271076054448768_src2,comparison,1424.819258468287,314.54825070203276,0.4494409371180491,2356.5495281219482,ok
flat_0p3_late_bias,V_8 generic,light_V_8s_2026_05_20-0026_flat_0p3_late_bias_cal.fits,gaia_774272862760870784_src1,comparison,518.071299133421,249.95576793037205,0.8418330691131163,3410.6486921310425,ok
flat_0p3_late_bias,V_8 generic,light_V_8s_2026_05_20-0026_flat_0p3_late_bias_cal.fits,gaia_774287774887292672_src5,comparison,1950.9932817732602,1074.9567046940624,0.2055115477409562,1385.4960489273071,ok
flat_0p3_late_bias,V_8 generic,light_V_8s_2026_05_20-0026_flat_0p3_late_bias_cal.fits,gaia_774288805679445888_src7,comparison,1861.7748859253813,1345.709716813566,0.4292260384597921,1127.810459136963,ok
flat_0p3_late_bias,V_8 generic,light_V_8s_2026_05_20-0026_flat_0p3_late_bias_cal.fits,gaia_774289041901756032_src4,comparison,1958.3528562304712,1436.5458273069744,0.46556614019962084,1454.7824230194092,ok
flat_0p3_late_bias,V_8 generic,light_V_8s_2026_05_20-0026_flat_0p3_late_bias_cal.fits,gaia_774289488578357504_src6,comparison,857.6269001408223,1093.0317884537137,0.5258827685981702,1223.493782043457,ok
flat_0p3_late_bias,V_8 generic,light_V_8s_2026_05_20-0026_flat_0p3_late_bias_cal.fits,gaia_774290626745586944_src8,comparison,987.0087865967399,1426.3603710048833,0.6010913585914911,379.6445016860962,ok
flat_0p3_late_bias,V_8 generic,light_V_8s_2026_05_20-0026_flat_0p3_late_bias_cal.fits,gaia_774384016513181696_src3,comparison,307.4587288796685,1246.7856637874263,0.6542135682133148,1589.7322425842285,ok
flat_0p3_late_bias,V_8 generic,light_V_8s_2026_05_20-0027_flat_0p3_late_bias_cal.fits,gaia_774271076054448768_src2,comparison,1426.880014032605,314.09207304816454,0.4669433622257563,2020.9197063446045,ok
flat_0p3_late_bias,V_8 generic,light_V_8s_2026_05_20-0027_flat_0p3_late_bias_cal.fits,gaia_774272862760870784_src1,comparison,520.0141688704878,249.8211423524758,1.1977445965780467,3017.2614703178406,ok
flat_0p3_late_bias,V_8 generic,light_V_8s_2026_05_20-0027_flat_0p3_late_bias_cal.fits,gaia_774287774887292672_src5,comparison,1953.0691689857595,1074.3691062663415,0.2337723640651529,1228.388409614563,ok
flat_0p3_late_bias,V_8 generic,light_V_8s_2026_05_20-0027_flat_0p3_late_bias_cal.fits,gaia_774288805679445888_src7,comparison,1863.8060525990954,1345.0871050719675,0.468487350677574,992.2963447570801,ok
flat_0p3_late_bias,V_8 generic,light_V_8s_2026_05_20-0027_flat_0p3_late_bias_cal.fits,gaia_774289041901756032_src4,comparison,1960.4111175320813,1435.8245413242657,0.3884256247275904,1282.8940315246582,ok
flat_0p3_late_bias,V_8 generic,light_V_8s_2026_05_20-0027_flat_0p3_late_bias_cal.fits,gaia_774289488578357504_src6,comparison,859.6823591146642,1092.5388974577158,0.6898888368604293,1101.3365077972412,ok
flat_0p3_late_bias,V_8 generic,light_V_8s_2026_05_20-0027_flat_0p3_late_bias_cal.fits,gaia_774290626745586944_src8,comparison,989.1306559973475,1425.4770543309874,0.469879798869531,365.09858798980713,ok
flat_0p3_late_bias,V_8 generic,light_V_8s_2026_05_20-0027_flat_0p3_late_bias_cal.fits,gaia_774384016513181696_src3,comparison,309.44518330593,1246.3352020724387,1.0416816108400406,1396.700734615326,ok
flat_0p3_late_bias,V_8 generic,light_V_8s_2026_05_20-0028_flat_0p3_late_bias_cal.fits,gaia_774271076054448768_src2,comparison,1428.0468815715137,312.804325160825,0.6848309441313748,1756.2366847991943,ok
flat_0p3_late_bias,V_8 generic,light_V_8s_2026_05_20-0028_flat_0p3_late_bias_cal.fits,gaia_774272862760870784_src1,comparison,521.2115160550817,248.40291502621534,1.8945833017266336,2656.659942626953,ok
flat_0p3_late_bias,V_8 generic,light_V_8s_2026_05_20-0028_flat_0p3_late_bias_cal.fits,gaia_774287774887292672_src5,comparison,1954.344266173258,1072.937179543411,0.6173286859594217,1056.568504333496,ok
flat_0p3_late_bias,V_8 generic,light_V_8s_2026_05_20-0028_flat_0p3_late_bias_cal.fits,gaia_774288805679445888_src7,comparison,1865.0822940599562,1343.6125016405263,0.9428482020345585,826.0966243743896,ok
flat_0p3_late_bias,V_8 generic,light_V_8s_2026_05_20-0028_flat_0p3_late_bias_cal.fits,gaia_774289041901756032_src4,comparison,1961.6587773445503,1434.4910236172498,1.0877446942639328,1053.8566265106201,ok
flat_0p3_late_bias,V_8 generic,light_V_8s_2026_05_20-0028_flat_0p3_late_bias_cal.fits,gaia_774289488578357504_src6,comparison,861.0123359828466,1091.2063657246151,1.2963102262851063,899.1992526054382,ok
flat_0p3_late_bias,V_8 generic,light_V_8s_2026_05_20-0028_flat_0p3_late_bias_cal.fits,gaia_774290626745586944_src8,comparison,990.7567126494265,1424.2953398909192,1.1892854975927456,292.25740480422974,ok
flat_0p3_late_bias,V_8 generic,light_V_8s_2026_05_20-0028_flat_0p3_late_bias_cal.fits,gaia_774384016513181696_src3,comparison,310.7228379548864,1245.0503958582656,2.0028988632695484,1107.0382533073425,ok
flat_0p3_late_bias,V_8 generic,light_V_8s_2026_05_20-0029_flat_0p3_late_bias_cal.fits,gaia_774271076054448768_src2,comparison,1428.7440674776828,313.3737140741688,0.5023088669792896,2377.215117454529,ok
flat_0p3_late_bias,V_8 generic,light_V_8s_2026_05_20-0029_flat_0p3_late_bias_cal.fits,gaia_774272862760870784_src1,comparison,521.9789886286966,249.06027467128527,0.9078160365111274,3397.7840523719788,ok
flat_0p3_late_bias,V_8 generic,light_V_8s_2026_05_20-0029_flat_0p3_late_bias_cal.fits,gaia_774287774887292672_src5,comparison,1955.2100086193022,1073.4167126527998,0.13138410043656581,1428.6203880310059,ok
flat_0p3_late_bias,V_8 generic,light_V_8s_2026_05_20-0029_flat_0p3_late_bias_cal.fits,gaia_774288805679445888_src7,comparison,1865.9533295351243,1344.2616088838993,0.40111629518115316,1119.761318206787,ok
flat_0p3_late_bias,V_8 generic,light_V_8s_2026_05_20-0029_flat_0p3_late_bias_cal.fits,gaia_774289041901756032_src4,comparison,1962.668688905905,1434.9639420714786,0.34411735547674943,1445.7030153274536,ok
flat_0p3_late_bias,V_8 generic,light_V_8s_2026_05_20-0029_flat_0p3_late_bias_cal.fits,gaia_774289488578357504_src6,comparison,861.5159199926034,1091.9821704745855,0.8954294909321319,1247.3694906234741,ok
flat_0p3_late_bias,V_8 generic,light_V_8s_2026_05_20-0029_flat_0p3_late_bias_cal.fits,gaia_774290626745586944_src8,comparison,991.014103065573,1425.0486837274473,0.6812773097767896,387.81648206710815,ok
flat_0p3_late_bias,V_8 generic,light_V_8s_2026_05_20-0029_flat_0p3_late_bias_cal.fits,gaia_774384016513181696_src3,comparison,311.5855242583256,1245.7993337382534,0.751112741822979,1596.9789543151855,ok
flat_0p3_late_bias,V_8 generic,light_V_8s_2026_05_20-0030_flat_0p3_late_bias_cal.fits,gaia_774271076054448768_src2,comparison,1429.8196759741966,312.8550472519854,0.5171518058850233,2030.3686141967773,ok
flat_0p3_late_bias,V_8 generic,light_V_8s_2026_05_20-0030_flat_0p3_late_bias_cal.fits,gaia_774272862760870784_src1,comparison,523.1558896676688,248.37856753489277,0.9110254859098492,3053.0840945243835,ok
flat_0p3_late_bias,V_8 generic,light_V_8s_2026_05_20-0030_flat_0p3_late_bias_cal.fits,gaia_774287774887292672_src5,comparison,1956.1908651257252,1073.110712864629,0.23508268477204472,1180.6577415466309,ok
flat_0p3_late_bias,V_8 generic,light_V_8s_2026_05_20-0030_flat_0p3_late_bias_cal.fits,gaia_774288805679445888_src7,comparison,1866.999961943255,1343.7760943169806,0.4530862441436247,928.880449295044,ok
flat_0p3_late_bias,V_8 generic,light_V_8s_2026_05_20-0030_flat_0p3_late_bias_cal.fits,gaia_774289041901756032_src4,comparison,1963.7146423015363,1434.6368501680658,0.5132245331780305,1229.1482849121094,ok
flat_0p3_late_bias,V_8 generic,light_V_8s_2026_05_20-0030_flat_0p3_late_bias_cal.fits,gaia_774289488578357504_src6,comparison,862.9094605813635,1091.3100929902419,0.5229072331171155,1040.201268196106,ok
flat_0p3_late_bias,V_8 generic,light_V_8s_2026_05_20-0030_flat_0p3_late_bias_cal.fits,gaia_774290626745586944_src8,comparison,992.208886189273,1424.2286571845414,0.4243657488952717,336.24556970596313,ok
flat_0p3_late_bias,V_8 generic,light_V_8s_2026_05_20-0030_flat_0p3_late_bias_cal.fits,gaia_774384016513181696_src3,comparison,312.704087263929,1244.8374540479726,0.6158568605772323,1318.8142261505127,ok
flat_0p3_late_bias,V_8 generic,light_V_8s_2026_05_20-0031_flat_0p3_late_bias_cal.fits,gaia_774271076054448768_src2,comparison,1429.3078859819202,312.69271152984766,0.8188031475586128,2172.2714862823486,ok
flat_0p3_late_bias,V_8 generic,light_V_8s_2026_05_20-0031_flat_0p3_late_bias_cal.fits,gaia_774272862760870784_src1,comparison,522.385029191651,248.25575794188626,1.8460677024093934,3193.602607727051,ok
flat_0p3_late_bias,V_8 generic,light_V_8s_2026_05_20-0031_flat_0p3_late_bias_cal.fits,gaia_774287774887292672_src5,comparison,1955.822505623378,1072.9087185652058,0.38726978530104933,1274.1266651153564,ok
flat_0p3_late_bias,V_8 generic,light_V_8s_2026_05_20-0031_flat_0p3_late_bias_cal.fits,gaia_774288805679445888_src7,comparison,1866.5105573450833,1343.6664721316904,0.6957996231203202,1025.9437732696533,ok
flat_0p3_late_bias,V_8 generic,light_V_8s_2026_05_20-0031_flat_0p3_late_bias_cal.fits,gaia_774289041901756032_src4,comparison,1963.1621356321082,1434.500461528513,0.7890483456157418,1331.6203231811523,ok
flat_0p3_late_bias,V_8 generic,light_V_8s_2026_05_20-0031_flat_0p3_late_bias_cal.fits,gaia_774289488578357504_src6,comparison,862.2542553220867,1091.175602784901,1.132190843968336,1137.166823387146,ok
flat_0p3_late_bias,V_8 generic,light_V_8s_2026_05_20-0031_flat_0p3_late_bias_cal.fits,gaia_774290626745586944_src8,comparison,992.1029821427612,1424.257075084687,0.7971739345766118,361.46931171417236,ok
flat_0p3_late_bias,V_8 generic,light_V_8s_2026_05_20-0031_flat_0p3_late_bias_cal.fits,gaia_774384016513181696_src3,comparison,311.9511651298755,1245.055537383121,1.7138290685721282,1362.7514519691467,ok
flat_0p3_late_bias,V_8 generic,light_V_8s_2026_05_20-0032_flat_0p3_late_bias_cal.fits,gaia_774271076054448768_src2,comparison,1430.144876673072,312.12670043037195,0.6195446590981234,1618.7294254302979,ok
flat_0p3_late_bias,V_8 generic,light_V_8s_2026_05_20-0032_flat_0p3_late_bias_cal.fits,gaia_774272862760870784_src1,comparison,523.2534554551736,247.58871273653276,1.5786843874406709,2450.2604331970215,ok
flat_0p3_late_bias,V_8 generic,light_V_8s_2026_05_20-0032_flat_0p3_late_bias_cal.fits,gaia_774287774887292672_src5,comparison,1956.2867384012793,1072.388053019879,0.35973377836660203,996.3400478363037,ok
flat_0p3_late_bias,V_8 generic,light_V_8s_2026_05_20-0032_flat_0p3_late_bias_cal.fits,gaia_774288805679445888_src7,comparison,1867.1593530771074,1343.1395129196535,0.729552353037519,773.7469019889832,ok
flat_0p3_late_bias,V_8 generic,light_V_8s_2026_05_20-0032_flat_0p3_late_bias_cal.fits,gaia_774289041901756032_src4,comparison,1963.6885202648587,1433.884884712942,0.701682117427231,992.7999076843262,ok
flat_0p3_late_bias,V_8 generic,light_V_8s_2026_05_20-0032_flat_0p3_late_bias_cal.fits,gaia_774289488578357504_src6,comparison,863.025219005033,1090.6164067101083,0.9926248675758711,836.7682123184204,ok
flat_0p3_late_bias,V_8 generic,light_V_8s_2026_05_20-0032_flat_0p3_late_bias_cal.fits,gaia_774290626745586944_src8,comparison,991.9829434059874,1423.0634660696849,0.9145084246609827,253.0232448577881,ok
flat_0p3_late_bias,V_8 generic,light_V_8s_2026_05_20-0032_flat_0p3_late_bias_cal.fits,gaia_774384016513181696_src3,comparison,312.685236986977,1244.2539299824946,1.4627003669102554,1081.05415725708,ok
flat_0p3_late_bias,V_8 generic,light_V_8s_2026_05_20-0033_flat_0p3_late_bias_cal.fits,gaia_774271076054448768_src2,comparison,1430.977686819784,314.2325429051355,0.11325702665831106,2257.0523681640625,ok
flat_0p3_late_bias,V_8 generic,light_V_8s_2026_05_20-0033_flat_0p3_late_bias_cal.fits,gaia_774272862760870784_src1,comparison,524.2804906953128,249.86238765741984,0.23987224794932324,3341.02622795105,ok
flat_0p3_late_bias,V_8 generic,light_V_8s_2026_05_20-0033_flat_0p3_late_bias_cal.fits,gaia_774287774887292672_src5,comparison,1957.241691051354,1074.4363013311104,0.22354178660813354,1382.593105316162,ok
flat_0p3_late_bias,V_8 generic,light_V_8s_2026_05_20-0033_flat_0p3_late_bias_cal.fits,gaia_774288805679445888_src7,comparison,1868.1532328707501,1345.3199719682882,0.21822975433087172,1081.0862426757812,ok
flat_0p3_late_bias,V_8 generic,light_V_8s_2026_05_20-0033_flat_0p3_late_bias_cal.fits,gaia_774289041901756032_src4,comparison,1964.6829257983168,1436.1212576903426,0.40215411610171303,1405.667501449585,ok
flat_0p3_late_bias,V_8 generic,light_V_8s_2026_05_20-0033_flat_0p3_late_bias_cal.fits,gaia_774289488578357504_src6,comparison,864.0208963906548,1092.9062304362355,0.12393108805354315,1153.6551084518433,ok
flat_0p3_late_bias,V_8 generic,light_V_8s_2026_05_20-0033_flat_0p3_late_bias_cal.fits,gaia_774290626745586944_src8,comparison,993.3946039080857,1426.1151643078156,0.02525927898525143,391.8753967285156,ok
flat_0p3_late_bias,V_8 generic,light_V_8s_2026_05_20-0033_flat_0p3_late_bias_cal.fits,gaia_774384016513181696_src3,comparison,313.62914366220167,1246.6310275672595,0.28790597390323863,1543.8138265609741,ok
flat_0p3_late_bias,V_8 generic,light_V_8s_2026_05_20-0034_flat_0p3_late_bias_cal.fits,gaia_774271076054448768_src2,comparison,1432.16540930567,314.58619329002727,0.5141799105973827,2088.762263774872,ok
flat_0p3_late_bias,V_8 generic,light_V_8s_2026_05_20-0034_flat_0p3_late_bias_cal.fits,gaia_774272862760870784_src1,comparison,525.3485165353627,250.3758013543194,1.402918844053921,3162.8297443389893,ok
flat_0p3_late_bias,V_8 generic,light_V_8s_2026_05_20-0034_flat_0p3_late_bias_cal.fits,gaia_774287774887292672_src5,comparison,1958.418632898983,1074.7339835808787,0.4772361568933869,1259.662841796875,ok
flat_0p3_late_bias,V_8 generic,light_V_8s_2026_05_20-0034_flat_0p3_late_bias_cal.fits,gaia_774288805679445888_src7,comparison,1869.3712079968452,1345.4281107855456,0.7524188832456863,1010.2305946350098,ok
flat_0p3_late_bias,V_8 generic,light_V_8s_2026_05_20-0034_flat_0p3_late_bias_cal.fits,gaia_774289041901756032_src4,comparison,1965.9300561038094,1436.344044685544,0.9579980251844307,1270.528247833252,ok
flat_0p3_late_bias,V_8 generic,light_V_8s_2026_05_20-0034_flat_0p3_late_bias_cal.fits,gaia_774289488578357504_src6,comparison,865.0103410702814,1093.2325512892353,1.181323659257972,1082.5686826705933,ok
flat_0p3_late_bias,V_8 generic,light_V_8s_2026_05_20-0034_flat_0p3_late_bias_cal.fits,gaia_774290626745586944_src8,comparison,994.1630610253628,1426.423491977399,1.4279940412864083,354.9825973510742,ok
flat_0p3_late_bias,V_8 generic,light_V_8s_2026_05_20-0034_flat_0p3_late_bias_cal.fits,gaia_774384016513181696_src3,comparison,314.8209826670572,1247.042837838954,1.5902876631093537,1398.1211280822754,ok
flat_0p3_late_bias,V_8 generic,light_V_8s_2026_05_20-0035_flat_0p3_late_bias_cal.fits,gaia_774271076054448768_src2,comparison,1431.9764457358935,313.49964206149895,0.2902618776721172,2262.0203332901,ok
flat_0p3_late_bias,V_8 generic,light_V_8s_2026_05_20-0035_flat_0p3_late_bias_cal.fits,gaia_774272862760870784_src1,comparison,525.3018700823505,249.08261424713686,0.6071401140791685,3348.7458114624023,ok
flat_0p3_late_bias,V_8 generic,light_V_8s_2026_05_20-0035_flat_0p3_late_bias_cal.fits,gaia_774287774887292672_src5,comparison,1958.3629819772725,1073.573872347623,0.43489037845542644,1386.5223579406738,ok
flat_0p3_late_bias,V_8 generic,light_V_8s_2026_05_20-0035_flat_0p3_late_bias_cal.fits,gaia_774288805679445888_src7,comparison,1869.3040509354278,1344.372023899337,0.4714022134077793,1094.72212600708,ok
flat_0p3_late_bias,V_8 generic,light_V_8s_2026_05_20-0035_flat_0p3_late_bias_cal.fits,gaia_774289041901756032_src4,comparison,1965.9709742640737,1435.245704347301,0.44087761918632584,1384.884578704834,ok
flat_0p3_late_bias,V_8 generic,light_V_8s_2026_05_20-0035_flat_0p3_late_bias_cal.fits,gaia_774289488578357504_src6,comparison,865.2304212269854,1092.109059891894,0.7240083832016161,1177.7855472564697,ok
flat_0p3_late_bias,V_8 generic,light_V_8s_2026_05_20-0035_flat_0p3_late_bias_cal.fits,gaia_774290626745586944_src8,comparison,994.8216321509187,1425.2181790806565,1.099693485097345,388.5328550338745,ok
flat_0p3_late_bias,V_8 generic,light_V_8s_2026_05_20-0035_flat_0p3_late_bias_cal.fits,gaia_774384016513181696_src3,comparison,314.8944898680691,1245.9240546141475,1.0918341970665497,1479.515754699707,ok
flat_0p3_late_bias,V_8 generic,light_V_8s_2026_05_20-0036_flat_0p3_late_bias_cal.fits,gaia_774271076054448768_src2,comparison,1433.6878656902252,313.4503109375032,0.8000499884353729,2227.703763961792,ok
flat_0p3_late_bias,V_8 generic,light_V_8s_2026_05_20-0036_flat_0p3_late_bias_cal.fits,gaia_774272862760870784_src1,comparison,526.8923594115571,249.1721932358778,1.7936368450488733,3299.4039449691772,ok
flat_0p3_late_bias,V_8 generic,light_V_8s_2026_05_20-0036_flat_0p3_late_bias_cal.fits,gaia_774287774887292672_src5,comparison,1960.2895111620546,1073.6615070414266,0.5810957021903499,1350.790551185608,ok
flat_0p3_late_bias,V_8 generic,light_V_8s_2026_05_20-0036_flat_0p3_late_bias_cal.fits,gaia_774288805679445888_src7,comparison,1871.1043214903004,1344.2822633398691,0.8365398326349219,1053.907732963562,ok
flat_0p3_late_bias,V_8 generic,light_V_8s_2026_05_20-0036_flat_0p3_late_bias_cal.fits,gaia_774289041901756032_src4,comparison,1967.6775223068182,1435.2035535704517,0.9378708573520254,1367.6745252609253,ok
flat_0p3_late_bias,V_8 generic,light_V_8s_2026_05_20-0036_flat_0p3_late_bias_cal.fits,gaia_774289488578357504_src6,comparison,866.6150823535465,1091.9671027909994,1.2324795320037671,1156.5720663070679,ok
flat_0p3_late_bias,V_8 generic,light_V_8s_2026_05_20-0036_flat_0p3_late_bias_cal.fits,gaia_774290626745586944_src8,comparison,995.9825845693537,1425.238705837057,1.3714829071412515,366.784104347229,ok
flat_0p3_late_bias,V_8 generic,light_V_8s_2026_05_20-0036_flat_0p3_late_bias_cal.fits,gaia_774384016513181696_src3,comparison,316.49480249487584,1245.9635320939437,1.857884322042213,1511.9400634765625,ok
flat_0p3_late_bias,V_8 generic,light_V_8s_2026_05_20-0037_flat_0p3_late_bias_cal.fits,gaia_774271076054448768_src2,comparison,1435.2658246277472,313.5457087087612,0.13753522306620572,2327.3064818382263,ok
flat_0p3_late_bias,V_8 generic,light_V_8s_2026_05_20-0037_flat_0p3_late_bias_cal.fits,gaia_774272862760870784_src1,comparison,528.3742764030922,249.1097844022861,0.4487115779902566,3437.648448944092,ok
flat_0p3_late_bias,V_8 generic,light_V_8s_2026_05_20-0037_flat_0p3_late_bias_cal.fits,gaia_774287774887292672_src5,comparison,1961.270298387571,1073.739794811012,0.11119006397165082,1360.8776712417603,ok
flat_0p3_late_bias,V_8 generic,light_V_8s_2026_05_20-0037_flat_0p3_late_bias_cal.fits,gaia_774288805679445888_src7,comparison,1872.134747848213,1344.434552763396,0.10562357236568437,1092.6263761520386,ok
flat_0p3_late_bias,V_8 generic,light_V_8s_2026_05_20-0037_flat_0p3_late_bias_cal.fits,gaia_774289041901756032_src4,comparison,1968.6549770446832,1435.3303039602984,0.17927274345125796,1430.9761543273926,ok
flat_0p3_late_bias,V_8 generic,light_V_8s_2026_05_20-0037_flat_0p3_late_bias_cal.fits,gaia_774289488578357504_src6,comparison,867.9986687721458,1092.061670831205,0.2538658190416504,1156.9809832572937,ok
flat_0p3_late_bias,V_8 generic,light_V_8s_2026_05_20-0037_flat_0p3_late_bias_cal.fits,gaia_774290626745586944_src8,comparison,997.2615773043844,1425.0773414953717,0.16061690162833822,368.2581434249878,ok
flat_0p3_late_bias,V_8 generic,light_V_8s_2026_05_20-0037_flat_0p3_late_bias_cal.fits,gaia_774384016513181696_src3,comparison,317.75935939364336,1245.701733341153,0.28875386526538355,1510.53590965271,ok
flat_0p3_late_bias,V_8 generic,light_V_8s_2026_05_20-0038_flat_0p3_late_bias_cal.fits,gaia_774271076054448768_src2,comparison,1436.077180859785,312.9321155170199,0.184307366116074,1798.5213832855225,ok
flat_0p3_late_bias,V_8 generic,light_V_8s_2026_05_20-0038_flat_0p3_late_bias_cal.fits,gaia_774272862760870784_src1,comparison,529.1950716205206,248.64438669692188,0.4219231671438257,2763.393096923828,ok
flat_0p3_late_bias,V_8 generic,light_V_8s_2026_05_20-0038_flat_0p3_late_bias_cal.fits,gaia_774287774887292672_src5,comparison,1962.2223900494848,1073.1765765475013,0.28716747133531545,1117.3405590057373,ok
flat_0p3_late_bias,V_8 generic,light_V_8s_2026_05_20-0038_flat_0p3_late_bias_cal.fits,gaia_774288805679445888_src7,comparison,1872.930737277547,1344.0443804333606,0.2517386095394277,854.0578784942627,ok
flat_0p3_late_bias,V_8 generic,light_V_8s_2026_05_20-0038_flat_0p3_late_bias_cal.fits,gaia_774289041901756032_src4,comparison,1969.5732733029638,1434.7244190313556,0.47111068796809796,1170.0581641197205,ok
flat_0p3_late_bias,V_8 generic,light_V_8s_2026_05_20-0038_flat_0p3_late_bias_cal.fits,gaia_774289488578357504_src6,comparison,868.8737018360006,1091.4165864351194,0.5337893696955581,967.2771730422974,ok
flat_0p3_late_bias,V_8 generic,light_V_8s_2026_05_20-0038_flat_0p3_late_bias_cal.fits,gaia_774290626745586944_src8,comparison,997.9367420238924,1424.423553684553,0.6622850021576429,309.0367240905762,ok
flat_0p3_late_bias,V_8 generic,light_V_8s_2026_05_20-0038_flat_0p3_late_bias_cal.fits,gaia_774384016513181696_src3,comparison,318.54821793537917,1245.4765265937485,0.599902454944783,1247.9657664299011,ok
flat_0p3_late_bias,V_8 generic,light_V_8s_2026_05_20-0039_flat_0p3_late_bias_cal.fits,gaia_774271076054448768_src2,comparison,1436.0851127808976,314.05937341379183,0.03471794138108397,2288.1896810531616,ok
flat_0p3_late_bias,V_8 generic,light_V_8s_2026_05_20-0039_flat_0p3_late_bias_cal.fits,gaia_774272862760870784_src1,comparison,529.2034107907045,249.70805509300013,0.2081431927790312,3453.7025785446167,ok
flat_0p3_late_bias,V_8 generic,light_V_8s_2026_05_20-0039_flat_0p3_late_bias_cal.fits,gaia_774287774887292672_src5,comparison,1962.4204611660284,1074.088891408134,0.25682973482810684,1434.1597204208374,ok
flat_0p3_late_bias,V_8 generic,light_V_8s_2026_05_20-0039_flat_0p3_late_bias_cal.fits,gaia_774288805679445888_src7,comparison,1873.1288595617968,1344.967853182213,0.3043015357251805,1130.4000415802002,ok
flat_0p3_late_bias,V_8 generic,light_V_8s_2026_05_20-0039_flat_0p3_late_bias_cal.fits,gaia_774289041901756032_src4,comparison,1969.8249554076187,1435.696697282539,0.41746589190443134,1479.2722864151,ok
flat_0p3_late_bias,V_8 generic,light_V_8s_2026_05_20-0039_flat_0p3_late_bias_cal.fits,gaia_774289488578357504_src6,comparison,868.9897495807496,1092.5732163987877,0.36565456556597953,1238.7288627624512,ok
flat_0p3_late_bias,V_8 generic,light_V_8s_2026_05_20-0039_flat_0p3_late_bias_cal.fits,gaia_774290626745586944_src8,comparison,998.4629407307433,1425.5528057488182,0.5175581744897416,400.2789468765259,ok
flat_0p3_late_bias,V_8 generic,light_V_8s_2026_05_20-0039_flat_0p3_late_bias_cal.fits,gaia_774384016513181696_src3,comparison,318.88966967239975,1246.6088738434414,0.4183212736258942,1574.4945001602173,ok
flat_0p3_late_bias,V_8 generic,light_V_8s_2026_05_20-0040_flat_0p3_late_bias_cal.fits,gaia_774271076054448768_src2,comparison,1437.1739205505312,313.91058620532533,0.2789244452148584,2207.344126701355,ok
flat_0p3_late_bias,V_8 generic,light_V_8s_2026_05_20-0040_flat_0p3_late_bias_cal.fits,gaia_774272862760870784_src1,comparison,530.3993203695727,249.74743419015167,0.6933995477729946,3330.443531036377,ok
flat_0p3_late_bias,V_8 generic,light_V_8s_2026_05_20-0040_flat_0p3_late_bias_cal.fits,gaia_774287774887292672_src5,comparison,1963.6170807514402,1073.923461297433,0.16247187526045456,1310.5096340179443,ok
flat_0p3_late_bias,V_8 generic,light_V_8s_2026_05_20-0040_flat_0p3_late_bias_cal.fits,gaia_774288805679445888_src7,comparison,1874.388520601213,1344.6279904505082,0.26689467870965866,1112.703387260437,ok
flat_0p3_late_bias,V_8 generic,light_V_8s_2026_05_20-0040_flat_0p3_late_bias_cal.fits,gaia_774289041901756032_src4,comparison,1970.9527436525218,1435.5069491487577,0.35282545546583594,1386.6964645385742,ok
flat_0p3_late_bias,V_8 generic,light_V_8s_2026_05_20-0040_flat_0p3_late_bias_cal.fits,gaia_774289488578357504_src6,comparison,870.0801366261644,1092.3678827325343,0.4941691221671221,1166.1721496582031,ok
flat_0p3_late_bias,V_8 generic,light_V_8s_2026_05_20-0040_flat_0p3_late_bias_cal.fits,gaia_774290626745586944_src8,comparison,999.75565131131,1425.3605401160648,0.20060514119482806,380.5841474533081,ok
flat_0p3_late_bias,V_8 generic,light_V_8s_2026_05_20-0040_flat_0p3_late_bias_cal.fits,gaia_774384016513181696_src3,comparison,319.91118258022937,1246.3257427312951,0.64265813529594,1493.00967502594,ok
flat_0p3_late_bias,V_8 generic,light_V_8s_2026_05_20-0041_flat_0p3_late_bias_cal.fits,gaia_774271076054448768_src2,comparison,1436.464682526385,314.72161988615983,0.6562481052205829,2072.4637508392334,ok
flat_0p3_late_bias,V_8 generic,light_V_8s_2026_05_20-0041_flat_0p3_late_bias_cal.fits,gaia_774272862760870784_src1,comparison,529.6594254014456,250.2205791105461,1.693343780005752,3130.612060546875,ok
flat_0p3_late_bias,V_8 generic,light_V_8s_2026_05_20-0041_flat_0p3_late_bias_cal.fits,gaia_774287774887292672_src5,comparison,1963.0118174879783,1074.709780998249,0.3905050297489197,1208.3050327301025,ok
flat_0p3_late_bias,V_8 generic,light_V_8s_2026_05_20-0041_flat_0p3_late_bias_cal.fits,gaia_774288805679445888_src7,comparison,1873.856796000376,1345.5414709066672,0.7743756532815023,975.8206739425659,ok
flat_0p3_late_bias,V_8 generic,light_V_8s_2026_05_20-0041_flat_0p3_late_bias_cal.fits,gaia_774289041901756032_src4,comparison,1970.4458011201548,1436.364242905962,0.8799850743272422,1252.1344146728516,ok
flat_0p3_late_bias,V_8 generic,light_V_8s_2026_05_20-0041_flat_0p3_late_bias_cal.fits,gaia_774289488578357504_src6,comparison,869.4782658192851,1093.3252551107257,1.1729477373876538,1086.443627357483,ok
flat_0p3_late_bias,V_8 generic,light_V_8s_2026_05_20-0041_flat_0p3_late_bias_cal.fits,gaia_774290626745586944_src8,comparison,999.0436866041133,1426.5384950686296,1.1488347523643576,333.2115297317505,ok
flat_0p3_late_bias,V_8 generic,light_V_8s_2026_05_20-0041_flat_0p3_late_bias_cal.fits,gaia_774384016513181696_src3,comparison,319.3307333076862,1247.1315909295383,1.5878455531309004,1372.359546661377,ok
flat_0p3_late_bias,V_8 generic,light_V_8s_2026_05_20-0042_flat_0p3_late_bias_cal.fits,gaia_774271076054448768_src2,comparison,1436.6853943781302,312.60131456061515,0.37543538677527283,2036.4353313446045,ok
flat_0p3_late_bias,V_8 generic,light_V_8s_2026_05_20-0042_flat_0p3_late_bias_cal.fits,gaia_774272862760870784_src1,comparison,529.8903754063575,248.3252699026103,0.46556536732392667,3004.927809715271,ok
flat_0p3_late_bias,V_8 generic,light_V_8s_2026_05_20-0042_flat_0p3_late_bias_cal.fits,gaia_774287774887292672_src5,comparison,1963.1787257258484,1072.8496867943459,0.12900614704244487,1229.9676599502563,ok
flat_0p3_late_bias,V_8 generic,light_V_8s_2026_05_20-0042_flat_0p3_late_bias_cal.fits,gaia_774288805679445888_src7,comparison,1874.1249767752856,1343.7539466682542,0.25370127396220127,971.8043346405029,ok
flat_0p3_late_bias,V_8 generic,light_V_8s_2026_05_20-0042_flat_0p3_late_bias_cal.fits,gaia_774289041901756032_src4,comparison,1970.6658383888232,1434.4818513833252,0.03982016548307433,1243.668737411499,ok
flat_0p3_late_bias,V_8 generic,light_V_8s_2026_05_20-0042_flat_0p3_late_bias_cal.fits,gaia_774289488578357504_src6,comparison,869.6714522104102,1091.3588043553334,0.22094998299080956,1100.56143283844,ok
flat_0p3_late_bias,V_8 generic,light_V_8s_2026_05_20-0042_flat_0p3_late_bias_cal.fits,gaia_774290626745586944_src8,comparison,999.2941040095196,1424.560261164584,0.467784475753465,349.04413890838623,ok
flat_0p3_late_bias,V_8 generic,light_V_8s_2026_05_20-0042_flat_0p3_late_bias_cal.fits,gaia_774384016513181696_src3,comparison,319.46589386635577,1245.137708722618,0.386350529922406,1398.9125509262085,ok
flat_0p3_late_bias,V_8 generic,light_V_8s_2026_05_20-0043_flat_0p3_late_bias_cal.fits,gaia_774271076054448768_src2,comparison,1438.1232692546682,311.7511043355035,0.7359250721689655,2028.4197330474854,ok
flat_0p3_late_bias,V_8 generic,light_V_8s_2026_05_20-0043_flat_0p3_late_bias_cal.fits,gaia_774272862760870784_src1,comparison,531.5350576447938,247.1382864827897,1.1137795012277807,3052.7028665542603,ok
flat_0p3_late_bias,V_8 generic,light_V_8s_2026_05_20-0043_flat_0p3_late_bias_cal.fits,gaia_774287774887292672_src5,comparison,1964.5919007718078,1072.1137605480078,0.1900571718424877,1200.0211124420166,ok
flat_0p3_late_bias,V_8 generic,light_V_8s_2026_05_20-0043_flat_0p3_late_bias_cal.fits,gaia_774288805679445888_src7,comparison,1875.421481024637,1342.6569484336944,0.3210652344995182,943.3830332756042,ok
flat_0p3_late_bias,V_8 generic,light_V_8s_2026_05_20-0043_flat_0p3_late_bias_cal.fits,gaia_774289041901756032_src4,comparison,1972.1464321450915,1433.4466989302343,0.3766481761664571,1230.7551383972168,ok
flat_0p3_late_bias,V_8 generic,light_V_8s_2026_05_20-0043_flat_0p3_late_bias_cal.fits,gaia_774289488578357504_src6,comparison,871.1728510583683,1090.1893642486696,0.5828251186247626,1062.8238983154297,ok
flat_0p3_late_bias,V_8 generic,light_V_8s_2026_05_20-0043_flat_0p3_late_bias_cal.fits,gaia_774290626745586944_src8,comparison,1000.7580349908632,1423.7743329192938,0.8304681708387857,326.48902225494385,ok
flat_0p3_late_bias,V_8 generic,light_V_8s_2026_05_20-0043_flat_0p3_late_bias_cal.fits,gaia_774384016513181696_src3,comparison,321.06481488521547,1243.9935224148578,0.7630133488608645,1320.7171177864075,ok
flat_0p3_late_bias,V_8 generic,light_V_8s_2026_05_20-0044_flat_0p3_late_bias_cal.fits,gaia_774271076054448768_src2,comparison,1439.2995789611575,311.92334592435236,0.1778734572392419,2331.2095651626587,ok
flat_0p3_late_bias,V_8 generic,light_V_8s_2026_05_20-0044_flat_0p3_late_bias_cal.fits,gaia_774272862760870784_src1,comparison,532.7708673308936,247.39639678845703,0.3686769288605919,3493.6690559387207,ok
flat_0p3_late_bias,V_8 generic,light_V_8s_2026_05_20-0044_flat_0p3_late_bias_cal.fits,gaia_774287774887292672_src5,comparison,1965.6541413406846,1072.191194588404,0.2170201718477208,1409.4910621643066,ok
flat_0p3_late_bias,V_8 generic,light_V_8s_2026_05_20-0044_flat_0p3_late_bias_cal.fits,gaia_774288805679445888_src7,comparison,1876.6402048647478,1342.7903946266342,0.012636217321401846,1131.7421684265137,ok
flat_0p3_late_bias,V_8 generic,light_V_8s_2026_05_20-0044_flat_0p3_late_bias_cal.fits,gaia_774289041901756032_src4,comparison,1973.162962330734,1433.70493836804,0.27196559475918863,1430.6872539520264,ok
flat_0p3_late_bias,V_8 generic,light_V_8s_2026_05_20-0044_flat_0p3_late_bias_cal.fits,gaia_774289488578357504_src6,comparison,872.3561506859785,1090.3282056546711,0.35306064363518896,1251.0343985557556,ok
flat_0p3_late_bias,V_8 generic,light_V_8s_2026_05_20-0044_flat_0p3_late_bias_cal.fits,gaia_774290626745586944_src8,comparison,1001.7551757914079,1423.4706796314,0.26701086665493057,390.44880771636963,ok
flat_0p3_late_bias,V_8 generic,light_V_8s_2026_05_20-0044_flat_0p3_late_bias_cal.fits,gaia_774384016513181696_src3,comparison,322.27854331657204,1244.0721856163264,0.482347480180439,1479.3551406860352,ok
flat_0p3_late_bias,V_8 generic,light_V_8s_2026_05_20-0045_flat_0p3_late_bias_cal.fits,gaia_774271076054448768_src2,comparison,1439.3118478707827,311.4827421523257,0.183354183516937,1688.0094375610352,ok
flat_0p3_late_bias,V_8 generic,light_V_8s_2026_05_20-0045_flat_0p3_late_bias_cal.fits,gaia_774272862760870784_src1,comparison,532.3162749772202,247.1862687300815,0.3492026271046791,2554.5647401809692,ok
flat_0p3_late_bias,V_8 generic,light_V_8s_2026_05_20-0045_flat_0p3_late_bias_cal.fits,gaia_774287774887292672_src5,comparison,1965.5316159097515,1071.812647033573,0.3029396799690614,1017.1509265899658,ok
flat_0p3_late_bias,V_8 generic,light_V_8s_2026_05_20-0045_flat_0p3_late_bias_cal.fits,gaia_774288805679445888_src7,comparison,1876.420820185935,1342.5675296020272,0.31609959865908294,807.7371644973755,ok
flat_0p3_late_bias,V_8 generic,light_V_8s_2026_05_20-0045_flat_0p3_late_bias_cal.fits,gaia_774289041901756032_src4,comparison,1972.9546532965082,1433.3181750988026,0.4850341683640371,1036.017891407013,ok
flat_0p3_late_bias,V_8 generic,light_V_8s_2026_05_20-0045_flat_0p3_late_bias_cal.fits,gaia_774289488578357504_src6,comparison,872.0796907101079,1090.5608201793855,0.2955351454433773,884.9524946212769,ok
flat_0p3_late_bias,V_8 generic,light_V_8s_2026_05_20-0045_flat_0p3_late_bias_cal.fits,gaia_774290626745586944_src8,comparison,1001.6362286541205,1423.8819957214062,0.524807244950692,270.7039270401001,ok
flat_0p3_late_bias,V_8 generic,light_V_8s_2026_05_20-0045_flat_0p3_late_bias_cal.fits,gaia_774384016513181696_src3,comparison,321.87429341921603,1243.9334456970341,0.8483869545252324,1124.2013578414917,ok
flat_0p3_late_bias,V_8 generic,light_V_8s_2026_05_20-0046_flat_0p3_late_bias_cal.fits,gaia_774271076054448768_src2,comparison,1439.832775993256,311.76611483130534,0.8033458683140237,2145.500702857971,ok
flat_0p3_late_bias,V_8 generic,light_V_8s_2026_05_20-0046_flat_0p3_late_bias_cal.fits,gaia_774272862760870784_src1,comparison,532.9778482659154,247.50616549395173,2.016768536133503,3199.227641105652,ok
flat_0p3_late_bias,V_8 generic,light_V_8s_2026_05_20-0046_flat_0p3_late_bias_cal.fits,gaia_774287774887292672_src5,comparison,1966.2698465807564,1071.8430019430634,0.5430744210331317,1269.377435684204,ok
flat_0p3_late_bias,V_8 generic,light_V_8s_2026_05_20-0046_flat_0p3_late_bias_cal.fits,gaia_774288805679445888_src7,comparison,1877.118027073667,1342.613191966034,0.9477036260692837,1034.0687494277954,ok
flat_0p3_late_bias,V_8 generic,light_V_8s_2026_05_20-0046_flat_0p3_late_bias_cal.fits,gaia_774289041901756032_src4,comparison,1973.7758169068138,1433.4213206809193,1.107033349644147,1335.5797672271729,ok
flat_0p3_late_bias,V_8 generic,light_V_8s_2026_05_20-0046_flat_0p3_late_bias_cal.fits,gaia_774289488578357504_src6,comparison,872.8511323518798,1090.4108790970113,1.5106244444614407,1135.056279182434,ok
flat_0p3_late_bias,V_8 generic,light_V_8s_2026_05_20-0046_flat_0p3_late_bias_cal.fits,gaia_774290626745586944_src8,comparison,1002.4079364124398,1423.3856111138825,1.3215177556775335,361.38845348358154,ok
flat_0p3_late_bias,V_8 generic,light_V_8s_2026_05_20-0046_flat_0p3_late_bias_cal.fits,gaia_774384016513181696_src3,comparison,322.7898055816657,1244.1654853483822,1.9587012987470418,1418.552417755127,ok
flat_0p3_late_bias,V_8 generic,light_V_8s_2026_05_20-0047_flat_0p3_late_bias_cal.fits,gaia_774271076054448768_src2,comparison,1441.5287867405468,311.1090644034617,0.02817863202242746,2268.4278411865234,ok
flat_0p3_late_bias,V_8 generic,light_V_8s_2026_05_20-0047_flat_0p3_late_bias_cal.fits,gaia_774272862760870784_src1,comparison,534.7410906610897,246.90382549139747,0.06001251656070928,3301.8170166015625,ok
flat_0p3_late_bias,V_8 generic,light_V_8s_2026_05_20-0047_flat_0p3_late_bias_cal.fits,gaia_774287774887292672_src5,comparison,1967.9342804754867,1071.1636870711102,0.12070061289980369,1304.991226196289,ok
flat_0p3_late_bias,V_8 generic,light_V_8s_2026_05_20-0047_flat_0p3_late_bias_cal.fits,gaia_774288805679445888_src7,comparison,1878.732397551336,1342.0597073379702,0.15323066223279294,1037.8517017364502,ok
flat_0p3_late_bias,V_8 generic,light_V_8s_2026_05_20-0047_flat_0p3_late_bias_cal.fits,gaia_774289041901756032_src4,comparison,1975.300464092983,1432.890273867009,0.3567409290845759,1362.6833953857422,ok
flat_0p3_late_bias,V_8 generic,light_V_8s_2026_05_20-0047_flat_0p3_late_bias_cal.fits,gaia_774289488578357504_src6,comparison,874.5857353423235,1089.794983135046,0.09686357747628783,1156.1150512695312,ok
flat_0p3_late_bias,V_8 generic,light_V_8s_2026_05_20-0047_flat_0p3_late_bias_cal.fits,gaia_774290626745586944_src8,comparison,1003.8564621513851,1422.843224852238,0.13841456916553938,379.4935998916626,ok
flat_0p3_late_bias,V_8 generic,light_V_8s_2026_05_20-0047_flat_0p3_late_bias_cal.fits,gaia_774384016513181696_src3,comparison,324.28951661828745,1243.7312897587037,0.15819195756210022,1464.3389492034912,ok
flat_0p3_late_bias,V_8 generic,light_V_8s_2026_05_20-0048_flat_0p3_late_bias_cal.fits,gaia_774271076054448768_src2,comparison,1440.99196131497,311.48457730436326,0.6953384214028989,1470.8396291732788,ok
flat_0p3_late_bias,V_8 generic,light_V_8s_2026_05_20-0048_flat_0p3_late_bias_cal.fits,gaia_774272862760870784_src1,comparison,534.1774816407222,247.1467757605686,1.320220223539367,2204.490385055542,ok
flat_0p3_late_bias,V_8 generic,light_V_8s_2026_05_20-0048_flat_0p3_late_bias_cal.fits,gaia_774287774887292672_src5,comparison,1967.4229640883782,1071.8054522043387,0.23643932490303884,894.8252363204956,ok
flat_0p3_late_bias,V_8 generic,light_V_8s_2026_05_20-0048_flat_0p3_late_bias_cal.fits,gaia_774288805679445888_src7,comparison,1878.4128602653602,1342.9210657529795,0.8953782794495673,691.0252571105957,ok
flat_0p3_late_bias,V_8 generic,light_V_8s_2026_05_20-0048_flat_0p3_late_bias_cal.fits,gaia_774289041901756032_src4,comparison,1974.8688155737348,1433.4974643870626,0.6935527538089703,907.7312679290771,ok
flat_0p3_late_bias,V_8 generic,light_V_8s_2026_05_20-0048_flat_0p3_late_bias_cal.fits,gaia_774289488578357504_src6,comparison,874.0322533358808,1090.2954916577853,0.8393657595085103,759.7656564712524,ok
flat_0p3_late_bias,V_8 generic,light_V_8s_2026_05_20-0048_flat_0p3_late_bias_cal.fits,gaia_774290626745586944_src8,comparison,,,356.9413591303247,,no_sep_match
flat_0p3_late_bias,V_8 generic,light_V_8s_2026_05_20-0048_flat_0p3_late_bias_cal.fits,gaia_774384016513181696_src3,comparison,323.8963012151191,1244.2077259526827,1.1214289681503735,985.8439617156982,ok
flat_0p3_late_bias,V_8 generic,light_V_8s_2026_05_20-0049_flat_0p3_late_bias_cal.fits,gaia_774271076054448768_src2,comparison,1442.6501983959333,311.20706474523337,0.39688313348878507,2250.9428672790527,ok
flat_0p3_late_bias,V_8 generic,light_V_8s_2026_05_20-0049_flat_0p3_late_bias_cal.fits,gaia_774272862760870784_src1,comparison,535.8034725052156,246.7860156788332,1.0771781436412926,3311.9402141571045,ok
flat_0p3_late_bias,V_8 generic,light_V_8s_2026_05_20-0049_flat_0p3_late_bias_cal.fits,gaia_774287774887292672_src5,comparison,1968.8503459323308,1071.277565267063,0.18275808880888567,1327.663914680481,ok
flat_0p3_late_bias,V_8 generic,light_V_8s_2026_05_20-0049_flat_0p3_late_bias_cal.fits,gaia_774288805679445888_src7,comparison,1879.7247005628142,1342.1181163960546,0.5255670496973377,1073.5936527252197,ok
flat_0p3_late_bias,V_8 generic,light_V_8s_2026_05_20-0049_flat_0p3_late_bias_cal.fits,gaia_774289041901756032_src4,comparison,1976.3533708501748,1432.884004664226,0.5394238670116345,1385.3404998779297,ok
flat_0p3_late_bias,V_8 generic,light_V_8s_2026_05_20-0049_flat_0p3_late_bias_cal.fits,gaia_774289488578357504_src6,comparison,875.7090167262268,1089.7858963956999,0.6065820471218455,1177.300682067871,ok
flat_0p3_late_bias,V_8 generic,light_V_8s_2026_05_20-0049_flat_0p3_late_bias_cal.fits,gaia_774290626745586944_src8,comparison,1005.020901365696,1422.6975670912336,0.5135500514551216,370.6869406700134,ok
flat_0p3_late_bias,V_8 generic,light_V_8s_2026_05_20-0049_flat_0p3_late_bias_cal.fits,gaia_774384016513181696_src3,comparison,325.45219026606617,1243.601101885206,0.9095749766605882,1493.1712427139282,ok
flat_0p3_late_bias,V_8 generic,light_V_8s_2026_05_20-0050_flat_0p3_late_bias_cal.fits,gaia_774271076054448768_src2,comparison,1444.526744262219,311.9782283242912,0.14048098783054583,2330.4497051239014,ok
flat_0p3_late_bias,V_8 generic,light_V_8s_2026_05_20-0050_flat_0p3_late_bias_cal.fits,gaia_774272862760870784_src1,comparison,537.8494924352701,247.68772891966805,0.24757998054130137,3479.8842182159424,ok
flat_0p3_late_bias,V_8 generic,light_V_8s_2026_05_20-0050_flat_0p3_late_bias_cal.fits,gaia_774287774887292672_src5,comparison,1970.8632278645014,1072.008253082065,0.18972139537570584,1422.388056755066,ok
flat_0p3_late_bias,V_8 generic,light_V_8s_2026_05_20-0050_flat_0p3_late_bias_cal.fits,gaia_774288805679445888_src7,comparison,1881.6030529826246,1342.890561707349,0.04908917146963326,1141.6012063026428,ok
flat_0p3_late_bias,V_8 generic,light_V_8s_2026_05_20-0050_flat_0p3_late_bias_cal.fits,gaia_774289041901756032_src4,comparison,1978.2731125195228,1433.7663774693626,0.14756138239048872,1473.9393458366394,ok
flat_0p3_late_bias,V_8 generic,light_V_8s_2026_05_20-0050_flat_0p3_late_bias_cal.fits,gaia_774289488578357504_src6,comparison,877.5377715213116,1090.5182700832258,0.1363689486654569,1257.4047966003418,ok
flat_0p3_late_bias,V_8 generic,light_V_8s_2026_05_20-0050_flat_0p3_late_bias_cal.fits,gaia_774290626745586944_src8,comparison,1006.8771445358826,1423.4722883030238,0.29877441960121875,410.2810878753662,ok
flat_0p3_late_bias,V_8 generic,light_V_8s_2026_05_20-0050_flat_0p3_late_bias_cal.fits,gaia_774384016513181696_src3,comparison,327.3873373030673,1244.4831928239587,0.4595154803209136,1563.2378330230713,ok
flat_0p3_late_bias,V_8 generic,light_V_8s_2026_05_20-0051_flat_0p3_late_bias_cal.fits,gaia_774271076054448768_src2,comparison,1443.981456853827,312.784633948461,0.18519703903087062,2258.857211112976,ok
flat_0p3_late_bias,V_8 generic,light_V_8s_2026_05_20-0051_flat_0p3_late_bias_cal.fits,gaia_774272862760870784_src1,comparison,537.3036746464003,248.48514537368433,0.5109072510980507,3427.6851539611816,ok
flat_0p3_late_bias,V_8 generic,light_V_8s_2026_05_20-0051_flat_0p3_late_bias_cal.fits,gaia_774287774887292672_src5,comparison,1970.4739469965082,1072.7927541142587,0.20447702388952985,1368.417326927185,ok
flat_0p3_late_bias,V_8 generic,light_V_8s_2026_05_20-0051_flat_0p3_late_bias_cal.fits,gaia_774288805679445888_src7,comparison,1881.43249261866,1343.6004123212797,0.30881273244147406,1090.4229526519775,ok
flat_0p3_late_bias,V_8 generic,light_V_8s_2026_05_20-0051_flat_0p3_late_bias_cal.fits,gaia_774289041901756032_src4,comparison,1977.9238587974269,1434.5072494463996,0.5802125687350692,1403.110767364502,ok
flat_0p3_late_bias,V_8 generic,light_V_8s_2026_05_20-0051_flat_0p3_late_bias_cal.fits,gaia_774289488578357504_src6,comparison,877.127748347963,1091.2982214848432,0.4288545776116171,1196.038984298706,ok
flat_0p3_late_bias,V_8 generic,light_V_8s_2026_05_20-0051_flat_0p3_late_bias_cal.fits,gaia_774290626745586944_src8,comparison,1006.9378854569713,1424.3032763958342,0.1916408899723042,385.5125684738159,ok
flat_0p3_late_bias,V_8 generic,light_V_8s_2026_05_20-0051_flat_0p3_late_bias_cal.fits,gaia_774384016513181696_src3,comparison,327.05709193765955,1245.3309208800913,0.3259130943465114,1499.2531433105469,ok
flat_0p3_late_bias,V_8 generic,light_V_8s_2026_05_20-0052_flat_0p3_late_bias_cal.fits,gaia_774271076054448768_src2,comparison,1443.1132220270563,312.42074195334624,0.5073731523008365,2195.64115524292,ok
flat_0p3_late_bias,V_8 generic,light_V_8s_2026_05_20-0052_flat_0p3_late_bias_cal.fits,gaia_774272862760870784_src1,comparison,536.2766197576349,248.28107053841953,1.1825386570424454,3320.0707635879517,ok
flat_0p3_late_bias,V_8 generic,light_V_8s_2026_05_20-0052_flat_0p3_late_bias_cal.fits,gaia_774287774887292672_src5,comparison,1969.7364921328015,1072.4379102499477,0.2947659829151147,1329.8657064437866,ok
flat_0p3_late_bias,V_8 generic,light_V_8s_2026_05_20-0052_flat_0p3_late_bias_cal.fits,gaia_774288805679445888_src7,comparison,1880.6373932140043,1343.2519575191022,0.586329800122874,1051.8301091194153,ok
flat_0p3_late_bias,V_8 generic,light_V_8s_2026_05_20-0052_flat_0p3_late_bias_cal.fits,gaia_774289041901756032_src4,comparison,1977.1605354176331,1434.01976230622,0.6430411362555409,1317.24680519104,ok
flat_0p3_late_bias,V_8 generic,light_V_8s_2026_05_20-0052_flat_0p3_late_bias_cal.fits,gaia_774289488578357504_src6,comparison,876.2208871292087,1091.075338177272,0.8586998724711455,1140.3897285461426,ok
flat_0p3_late_bias,V_8 generic,light_V_8s_2026_05_20-0052_flat_0p3_late_bias_cal.fits,gaia_774290626745586944_src8,comparison,1005.742266572883,1423.953875111154,0.6344189117341953,356.49291801452637,ok
flat_0p3_late_bias,V_8 generic,light_V_8s_2026_05_20-0052_flat_0p3_late_bias_cal.fits,gaia_774384016513181696_src3,comparison,326.1146254831731,1244.9917076088439,1.043063963562521,1427.2997608184814,ok
flat_0p3_late_bias,V_8 generic,light_V_8s_2026_05_20-0053_flat_0p3_late_bias_cal.fits,gaia_774271076054448768_src2,comparison,1444.927713812358,312.1455314226017,0.16662781579363986,2201.4621076583862,ok
flat_0p3_late_bias,V_8 generic,light_V_8s_2026_05_20-0053_flat_0p3_late_bias_cal.fits,gaia_774272862760870784_src1,comparison,538.1053987117266,247.90552272811203,0.46771007469718817,3350.123995780945,ok
flat_0p3_late_bias,V_8 generic,light_V_8s_2026_05_20-0053_flat_0p3_late_bias_cal.fits,gaia_774287774887292672_src5,comparison,1971.4797901118288,1072.2471317247112,0.16632341689201352,1372.8241233825684,ok
flat_0p3_late_bias,V_8 generic,light_V_8s_2026_05_20-0053_flat_0p3_late_bias_cal.fits,gaia_774288805679445888_src7,comparison,1882.39919660399,1342.8698212029813,0.09545388292274234,1070.0560083389282,ok
flat_0p3_late_bias,V_8 generic,light_V_8s_2026_05_20-0053_flat_0p3_late_bias_cal.fits,gaia_774289041901756032_src4,comparison,1979.0308083765808,1433.6554006565302,0.2575107862330508,1385.3309984207153,ok
flat_0p3_late_bias,V_8 generic,light_V_8s_2026_05_20-0053_flat_0p3_late_bias_cal.fits,gaia_774289488578357504_src6,comparison,877.9981341224596,1090.7778089642338,0.42687713355270457,1161.6344909667969,ok
flat_0p3_late_bias,V_8 generic,light_V_8s_2026_05_20-0053_flat_0p3_late_bias_cal.fits,gaia_774290626745586944_src8,comparison,1007.4538247612772,1423.7495358214571,0.4245896845958652,380.2673587799072,ok
flat_0p3_late_bias,V_8 generic,light_V_8s_2026_05_20-0053_flat_0p3_late_bias_cal.fits,gaia_774384016513181696_src3,comparison,327.9313694512106,1244.7426335248967,0.3789842269020337,1496.9551792144775,ok
flat_0p3_late_bias,V_8 generic,light_V_8s_2026_05_20-0054_flat_0p3_late_bias_cal.fits,gaia_774271076054448768_src2,comparison,1445.1335597056727,312.1562671523784,0.3501231459294077,2288.9272050857544,ok
flat_0p3_late_bias,V_8 generic,light_V_8s_2026_05_20-0054_flat_0p3_late_bias_cal.fits,gaia_774272862760870784_src1,comparison,538.3419038408717,247.94996595572277,0.90191319180744,3445.5306358337402,ok
flat_0p3_late_bias,V_8 generic,light_V_8s_2026_05_20-0054_flat_0p3_late_bias_cal.fits,gaia_774287774887292672_src5,comparison,1971.4446993721947,1072.1354182578013,0.39714935821511366,1399.648630619049,ok
flat_0p3_late_bias,V_8 generic,light_V_8s_2026_05_20-0054_flat_0p3_late_bias_cal.fits,gaia_774288805679445888_src7,comparison,1882.3609094592725,1342.8144463101528,0.4515348475525963,1126.5956420898438,ok
flat_0p3_late_bias,V_8 generic,light_V_8s_2026_05_20-0054_flat_0p3_late_bias_cal.fits,gaia_774289041901756032_src4,comparison,1979.0070854742225,1433.650694656604,0.6174149547519996,1401.0637760162354,ok
flat_0p3_late_bias,V_8 generic,light_V_8s_2026_05_20-0054_flat_0p3_late_bias_cal.fits,gaia_774289488578357504_src6,comparison,878.3443711111918,1090.6684404757914,0.6462681585069038,1250.1939659118652,ok
flat_0p3_late_bias,V_8 generic,light_V_8s_2026_05_20-0054_flat_0p3_late_bias_cal.fits,gaia_774290626745586944_src8,comparison,1007.734366549887,1423.6211742993376,0.6076466924909375,395.56240367889404,ok
flat_0p3_late_bias,V_8 generic,light_V_8s_2026_05_20-0054_flat_0p3_late_bias_cal.fits,gaia_774384016513181696_src3,comparison,328.21403771403544,1244.6752167637158,0.7477948534115196,1541.4413003921509,ok
flat_0p3_late_bias,V_8 generic,light_V_8s_2026_05_20-0055_flat_0p3_late_bias_cal.fits,gaia_774271076054448768_src2,comparison,1445.462423915175,310.50816832752014,0.5401704865136763,1853.8882884979248,ok
flat_0p3_late_bias,V_8 generic,light_V_8s_2026_05_20-0055_flat_0p3_late_bias_cal.fits,gaia_774272862760870784_src1,comparison,538.5879758392884,246.07524681153478,1.297565505798713,2786.0297870635986,ok
flat_0p3_late_bias,V_8 generic,light_V_8s_2026_05_20-0055_flat_0p3_late_bias_cal.fits,gaia_774287774887292672_src5,comparison,1971.7717225612935,1070.5976969888125,0.213052952511467,1103.948558807373,ok
flat_0p3_late_bias,V_8 generic,light_V_8s_2026_05_20-0055_flat_0p3_late_bias_cal.fits,gaia_774288805679445888_src7,comparison,1882.6647850969962,1341.4293015918965,0.6099757297973817,895.4136281013489,ok
flat_0p3_late_bias,V_8 generic,light_V_8s_2026_05_20-0055_flat_0p3_late_bias_cal.fits,gaia_774289041901756032_src4,comparison,1979.2959679033472,1432.274519088809,0.6620527623862225,1142.3900709152222,ok
flat_0p3_late_bias,V_8 generic,light_V_8s_2026_05_20-0055_flat_0p3_late_bias_cal.fits,gaia_774289488578357504_src6,comparison,878.4248899674807,1088.9464893764487,0.760315009394669,980.4403162002563,ok
flat_0p3_late_bias,V_8 generic,light_V_8s_2026_05_20-0055_flat_0p3_late_bias_cal.fits,gaia_774290626745586944_src8,comparison,1007.9005766282703,1422.0644333977605,0.7147845645880178,306.5589952468872,ok
flat_0p3_late_bias,V_8 generic,light_V_8s_2026_05_20-0055_flat_0p3_late_bias_cal.fits,gaia_774384016513181696_src3,comparison,328.34523622639824,1242.7336151895606,0.9902855143756251,1255.4012832641602,ok
flat_0p3_late_bias,V_8 generic,light_V_8s_2026_05_20-0056_flat_0p3_late_bias_cal.fits,gaia_774271076054448768_src2,comparison,1446.9474159846473,311.6097375655103,0.08741332063892929,2519.913091659546,ok
flat_0p3_late_bias,V_8 generic,light_V_8s_2026_05_20-0056_flat_0p3_late_bias_cal.fits,gaia_774272862760870784_src1,comparison,540.1577988883495,247.34764169704908,0.27652127953749833,3769.5697345733643,ok
flat_0p3_late_bias,V_8 generic,light_V_8s_2026_05_20-0056_flat_0p3_late_bias_cal.fits,gaia_774287774887292672_src5,comparison,1973.354563608694,1071.8474883892748,0.14698655539407096,1537.4105978012085,ok
flat_0p3_late_bias,V_8 generic,light_V_8s_2026_05_20-0056_flat_0p3_late_bias_cal.fits,gaia_774288805679445888_src7,comparison,1884.0758711939675,1342.7129397094548,0.031127037484264306,1210.8772411346436,ok
flat_0p3_late_bias,V_8 generic,light_V_8s_2026_05_20-0056_flat_0p3_late_bias_cal.fits,gaia_774289041901756032_src4,comparison,1980.8309789019145,1433.515845867276,0.0624328936317912,1568.678286075592,ok
flat_0p3_late_bias,V_8 generic,light_V_8s_2026_05_20-0056_flat_0p3_late_bias_cal.fits,gaia_774289488578357504_src6,comparison,879.9584655080779,1090.2930057397834,0.2720958105633892,1308.4039182662964,ok
flat_0p3_late_bias,V_8 generic,light_V_8s_2026_05_20-0056_flat_0p3_late_bias_cal.fits,gaia_774290626745586944_src8,comparison,1009.3907213183389,1423.3510612168245,0.46431835994755616,432.7421932220459,ok
flat_0p3_late_bias,V_8 generic,light_V_8s_2026_05_20-0056_flat_0p3_late_bias_cal.fits,gaia_774384016513181696_src3,comparison,329.73956378369263,1244.1921409759377,0.5843693189545633,1683.6227474212646,ok
flat_0p3_late_bias,V_8 generic,light_V_8s_2026_05_20-0057_flat_0p3_late_bias_cal.fits,gaia_774271076054448768_src2,comparison,1447.7041182152227,310.34492891769224,0.36947340589193534,2110.249060153961,ok
flat_0p3_late_bias,V_8 generic,light_V_8s_2026_05_20-0057_flat_0p3_late_bias_cal.fits,gaia_774272862760870784_src1,comparison,541.003292004213,246.15955476196817,0.733917768362142,3035.7262992858887,ok
flat_0p3_late_bias,V_8 generic,light_V_8s_2026_05_20-0057_flat_0p3_late_bias_cal.fits,gaia_774287774887292672_src5,comparison,1974.1669680452671,1070.3810839797495,0.14229452239770474,1263.4469695091248,ok
flat_0p3_late_bias,V_8 generic,light_V_8s_2026_05_20-0057_flat_0p3_late_bias_cal.fits,gaia_774288805679445888_src7,comparison,1884.9608753228283,1341.1731778682847,0.3691793617758166,987.2351722717285,ok
flat_0p3_late_bias,V_8 generic,light_V_8s_2026_05_20-0057_flat_0p3_late_bias_cal.fits,gaia_774289041901756032_src4,comparison,1981.6737819071398,1432.0328036407882,0.4788253544428355,1261.6833639144897,ok
flat_0p3_late_bias,V_8 generic,light_V_8s_2026_05_20-0057_flat_0p3_late_bias_cal.fits,gaia_774289488578357504_src6,comparison,880.8590891553773,1088.9182745167031,0.44660637052963553,1077.0794410705566,ok
flat_0p3_late_bias,V_8 generic,light_V_8s_2026_05_20-0057_flat_0p3_late_bias_cal.fits,gaia_774290626745586944_src8,comparison,1010.3570593883054,1422.1949881531068,0.5369609121231345,336.7046127319336,ok
flat_0p3_late_bias,V_8 generic,light_V_8s_2026_05_20-0057_flat_0p3_late_bias_cal.fits,gaia_774384016513181696_src3,comparison,330.57602755746115,1242.861268272982,0.7123172260944286,1389.2149748802185,ok
flat_0p3_late_bias,V_8 generic,light_V_8s_2026_05_20-0058_flat_0p3_late_bias_cal.fits,gaia_774271076054448768_src2,comparison,1448.9222571308521,311.24719773919077,0.7980835512864596,2000.4540252685547,ok
flat_0p3_late_bias,V_8 generic,light_V_8s_2026_05_20-0058_flat_0p3_late_bias_cal.fits,gaia_774272862760870784_src1,comparison,542.0931738302895,247.0124546023766,1.6505372580151925,2867.061902999878,ok
flat_0p3_late_bias,V_8 generic,light_V_8s_2026_05_20-0058_flat_0p3_late_bias_cal.fits,gaia_774287774887292672_src5,comparison,1975.5624660753554,1071.2287887081625,0.37866982029188734,1254.5448741912842,ok
flat_0p3_late_bias,V_8 generic,light_V_8s_2026_05_20-0058_flat_0p3_late_bias_cal.fits,gaia_774288805679445888_src7,comparison,1886.4883120061204,1341.8912666048263,0.7087612219800112,1004.1146469116211,ok
flat_0p3_late_bias,V_8 generic,light_V_8s_2026_05_20-0058_flat_0p3_late_bias_cal.fits,gaia_774289041901756032_src4,comparison,1983.1437798564775,1432.667957235079,0.7033693310970216,1267.5324926376343,ok
flat_0p3_late_bias,V_8 generic,light_V_8s_2026_05_20-0058_flat_0p3_late_bias_cal.fits,gaia_774289488578357504_src6,comparison,882.0953744222229,1089.7801826349973,1.018267652789557,1067.8034677505493,ok
flat_0p3_late_bias,V_8 generic,light_V_8s_2026_05_20-0058_flat_0p3_late_bias_cal.fits,gaia_774290626745586944_src8,comparison,1012.0716167495443,1422.6584288885988,1.0135503990355526,332.9891405105591,ok
flat_0p3_late_bias,V_8 generic,light_V_8s_2026_05_20-0058_flat_0p3_late_bias_cal.fits,gaia_774384016513181696_src3,comparison,332.14800660600383,1243.7137054410482,1.4916287025730446,1344.0400314331055,ok
flat_0p3_late_bias,V_8 generic,light_V_8s_2026_05_20-0059_flat_0p3_late_bias_cal.fits,gaia_774271076054448768_src2,comparison,1449.707127539721,310.79635555839445,0.1427159178793207,2421.865608692169,ok
flat_0p3_late_bias,V_8 generic,light_V_8s_2026_05_20-0059_flat_0p3_late_bias_cal.fits,gaia_774272862760870784_src1,comparison,543.072312326041,246.62983934610978,0.3451461419108167,3634.772542953491,ok
flat_0p3_late_bias,V_8 generic,light_V_8s_2026_05_20-0059_flat_0p3_late_bias_cal.fits,gaia_774287774887292672_src5,comparison,1976.2694616679237,1070.7496930784682,0.28164155565230586,1460.396180152893,ok
flat_0p3_late_bias,V_8 generic,light_V_8s_2026_05_20-0059_flat_0p3_late_bias_cal.fits,gaia_774288805679445888_src7,comparison,1887.187268406437,1341.5184707507965,0.23893232021820324,1163.4491639137268,ok
flat_0p3_late_bias,V_8 generic,light_V_8s_2026_05_20-0059_flat_0p3_late_bias_cal.fits,gaia_774289041901756032_src4,comparison,1983.8378368920917,1432.3376405951724,0.30453332527805643,1481.3252258300781,ok
flat_0p3_late_bias,V_8 generic,light_V_8s_2026_05_20-0059_flat_0p3_late_bias_cal.fits,gaia_774289488578357504_src6,comparison,882.9945148207211,1089.4387386175592,0.42336024319103244,1262.3766231536865,ok
flat_0p3_late_bias,V_8 generic,light_V_8s_2026_05_20-0059_flat_0p3_late_bias_cal.fits,gaia_774290626745586944_src8,comparison,1012.5764780018053,1422.3283992351855,0.6635047690855351,400.45555305480957,ok
flat_0p3_late_bias,V_8 generic,light_V_8s_2026_05_20-0059_flat_0p3_late_bias_cal.fits,gaia_774384016513181696_src3,comparison,332.9589214258253,1243.280895991139,0.7453354644340247,1600.1839323043823,ok
flat_0p3_late_bias,V_8 generic,light_V_8s_2026_05_20-0060_flat_0p3_late_bias_cal.fits,gaia_774271076054448768_src2,comparison,1449.7501253625865,310.81425879398245,0.5150643623272444,2065.371518135071,ok
flat_0p3_late_bias,V_8 generic,light_V_8s_2026_05_20-0060_flat_0p3_late_bias_cal.fits,gaia_774272862760870784_src1,comparison,543.1235537109535,246.5778999219973,0.8423261084266004,3126.0294375419617,ok
flat_0p3_late_bias,V_8 generic,light_V_8s_2026_05_20-0060_flat_0p3_late_bias_cal.fits,gaia_774287774887292672_src5,comparison,1976.2985576010828,1070.9743833024183,0.20095608855417166,1219.4556999206543,ok
flat_0p3_late_bias,V_8 generic,light_V_8s_2026_05_20-0060_flat_0p3_late_bias_cal.fits,gaia_774288805679445888_src7,comparison,1887.2452123324608,1341.7778067041288,0.4809492250044416,1005.0467505455017,ok
flat_0p3_late_bias,V_8 generic,light_V_8s_2026_05_20-0060_flat_0p3_late_bias_cal.fits,gaia_774289041901756032_src4,comparison,1983.8182205493717,1432.568246132784,0.4977648191584444,1283.587986946106,ok
flat_0p3_late_bias,V_8 generic,light_V_8s_2026_05_20-0060_flat_0p3_late_bias_cal.fits,gaia_774289488578357504_src6,comparison,883.1719274022528,1089.5558737413785,0.3904280432413825,1100.6329545974731,ok
flat_0p3_late_bias,V_8 generic,light_V_8s_2026_05_20-0060_flat_0p3_late_bias_cal.fits,gaia_774290626745586944_src8,comparison,1012.5886044847686,1422.7770855793387,0.5913853455399121,327.7669258117676,ok
flat_0p3_late_bias,V_8 generic,light_V_8s_2026_05_20-0060_flat_0p3_late_bias_cal.fits,gaia_774384016513181696_src3,comparison,332.83791653158556,1243.3832629884848,0.6641785386077524,1385.3175253868103,ok
flat_0p3_late_bias,V_8 generic,light_V_8s_2026_05_20-0061_flat_0p3_late_bias_cal.fits,gaia_774271076054448768_src2,comparison,1450.4792655850542,309.4807910061879,0.3631826773005397,2231.6792068481445,ok
flat_0p3_late_bias,V_8 generic,light_V_8s_2026_05_20-0061_flat_0p3_late_bias_cal.fits,gaia_774272862760870784_src1,comparison,543.7003401583263,245.25283057606003,0.8597038382063527,3284.9555373191833,ok
flat_0p3_late_bias,V_8 generic,light_V_8s_2026_05_20-0061_flat_0p3_late_bias_cal.fits,gaia_774287774887292672_src5,comparison,1976.7962225851,1069.5553794646764,0.24287726398510887,1297.8919067382812,ok
flat_0p3_late_bias,V_8 generic,light_V_8s_2026_05_20-0061_flat_0p3_late_bias_cal.fits,gaia_774288805679445888_src7,comparison,1887.5468055855874,1340.2987884543672,0.4514650692353292,1067.5061988830566,ok
flat_0p3_late_bias,V_8 generic,light_V_8s_2026_05_20-0061_flat_0p3_late_bias_cal.fits,gaia_774289041901756032_src4,comparison,1984.2272255893922,1431.1094573680512,0.5203280315144058,1350.721076965332,ok
flat_0p3_late_bias,V_8 generic,light_V_8s_2026_05_20-0061_flat_0p3_late_bias_cal.fits,gaia_774289488578357504_src6,comparison,883.3689660034297,1087.9913161968457,0.7216956473535767,1131.7047328948975,ok
flat_0p3_late_bias,V_8 generic,light_V_8s_2026_05_20-0061_flat_0p3_late_bias_cal.fits,gaia_774290626745586944_src8,comparison,1012.682154374653,1421.1456997114797,0.7413354060938212,358.24956226348877,ok
flat_0p3_late_bias,V_8 generic,light_V_8s_2026_05_20-0061_flat_0p3_late_bias_cal.fits,gaia_774384016513181696_src3,comparison,333.4083612358042,1241.87314218398,0.6834043178741933,1469.1251726150513,ok
flat_0p3_late_bias,V_8 generic,light_V_8s_2026_05_20-0062_flat_0p3_late_bias_cal.fits,gaia_774271076054448768_src2,comparison,1451.092999579094,309.1005388147261,0.3498387928320607,2286.8474349975586,ok
flat_0p3_late_bias,V_8 generic,light_V_8s_2026_05_20-0062_flat_0p3_late_bias_cal.fits,gaia_774272862760870784_src1,comparison,544.3180454837321,244.84239999278202,0.7139865860123696,3411.9950675964355,ok
flat_0p3_late_bias,V_8 generic,light_V_8s_2026_05_20-0062_flat_0p3_late_bias_cal.fits,gaia_774287774887292672_src5,comparison,1977.5780266147228,1069.2002957088614,0.1497311082107105,1395.5305004119873,ok
flat_0p3_late_bias,V_8 generic,light_V_8s_2026_05_20-0062_flat_0p3_late_bias_cal.fits,gaia_774288805679445888_src7,comparison,1888.4121476448972,1340.1033974630907,0.4654082750854975,1105.8289794921875,ok
flat_0p3_late_bias,V_8 generic,light_V_8s_2026_05_20-0062_flat_0p3_late_bias_cal.fits,gaia_774289041901756032_src4,comparison,1985.0288674957312,1430.8373065394082,0.40221725296781313,1392.0692477226257,ok
flat_0p3_late_bias,V_8 generic,light_V_8s_2026_05_20-0062_flat_0p3_late_bias_cal.fits,gaia_774289488578357504_src6,comparison,884.0722222150312,1087.6511085555728,0.4709441751661855,1197.580852508545,ok
flat_0p3_late_bias,V_8 generic,light_V_8s_2026_05_20-0062_flat_0p3_late_bias_cal.fits,gaia_774290626745586944_src8,comparison,1013.4378694450196,1420.8300231737537,0.4797080386053567,389.10053634643555,ok
flat_0p3_late_bias,V_8 generic,light_V_8s_2026_05_20-0062_flat_0p3_late_bias_cal.fits,gaia_774384016513181696_src3,comparison,334.10059740647154,1241.6018545235768,0.49704918596673975,1499.625961303711,ok
flat_0p3_late_bias,V_8 generic,light_V_8s_2026_05_20-0063_flat_0p3_late_bias_cal.fits,gaia_774271076054448768_src2,comparison,1451.8879385040452,307.3633412418573,0.3428829515046212,1996.726417541504,ok
flat_0p3_late_bias,V_8 generic,light_V_8s_2026_05_20-0063_flat_0p3_late_bias_cal.fits,gaia_774272862760870784_src1,comparison,545.0283888991232,243.28422304895648,0.706342119901482,2936.481113433838,ok
flat_0p3_late_bias,V_8 generic,light_V_8s_2026_05_20-0063_flat_0p3_late_bias_cal.fits,gaia_774287774887292672_src5,comparison,1978.4273958434428,1067.3450587867349,0.13369528387764842,1213.1144075393677,ok
flat_0p3_late_bias,V_8 generic,light_V_8s_2026_05_20-0063_flat_0p3_late_bias_cal.fits,gaia_774288805679445888_src7,comparison,1889.348138747984,1337.9404766489715,0.11765457085526478,973.3144931793213,ok
flat_0p3_late_bias,V_8 generic,light_V_8s_2026_05_20-0063_flat_0p3_late_bias_cal.fits,gaia_774289041901756032_src4,comparison,1985.9705269255862,1429.0235861478066,0.4112158127843658,1207.9557151794434,ok
flat_0p3_late_bias,V_8 generic,light_V_8s_2026_05_20-0063_flat_0p3_late_bias_cal.fits,gaia_774289488578357504_src6,comparison,884.9982920327117,1085.909219243266,0.38450938583289557,1037.7057695388794,ok
flat_0p3_late_bias,V_8 generic,light_V_8s_2026_05_20-0063_flat_0p3_late_bias_cal.fits,gaia_774290626745586944_src8,comparison,1014.8275070773249,1418.5460200158864,0.2944060719239509,329.0483932495117,ok
flat_0p3_late_bias,V_8 generic,light_V_8s_2026_05_20-0063_flat_0p3_late_bias_cal.fits,gaia_774384016513181696_src3,comparison,334.9181951149435,1239.8861537531725,0.37698149747406956,1319.4602899551392,ok
flat_0p3_late_bias,V_8 generic,light_V_8s_2026_05_20-0064_flat_0p3_late_bias_cal.fits,gaia_774271076054448768_src2,comparison,1453.4762807019276,307.639449169439,0.6617614721177408,2199.4101600646973,ok
flat_0p3_late_bias,V_8 generic,light_V_8s_2026_05_20-0064_flat_0p3_late_bias_cal.fits,gaia_774272862760870784_src1,comparison,546.5593739362471,243.50435673034696,1.6897012891555756,3262.154899597168,ok
flat_0p3_late_bias,V_8 generic,light_V_8s_2026_05_20-0064_flat_0p3_late_bias_cal.fits,gaia_774287774887292672_src5,comparison,1980.0358082189723,1067.6581666032068,0.4332499209482054,1339.817931175232,ok
flat_0p3_late_bias,V_8 generic,light_V_8s_2026_05_20-0064_flat_0p3_late_bias_cal.fits,gaia_774288805679445888_src7,comparison,1890.9181861191687,1338.3547119099449,0.6754635881793621,1064.6142959594727,ok
flat_0p3_late_bias,V_8 generic,light_V_8s_2026_05_20-0064_flat_0p3_late_bias_cal.fits,gaia_774289041901756032_src4,comparison,1987.5218674530379,1429.2252681425784,0.9260950440469429,1395.3791098594666,ok
flat_0p3_late_bias,V_8 generic,light_V_8s_2026_05_20-0064_flat_0p3_late_bias_cal.fits,gaia_774289488578357504_src6,comparison,886.6482850903551,1086.3813152962882,1.1855113049580943,1172.667899131775,ok
flat_0p3_late_bias,V_8 generic,light_V_8s_2026_05_20-0064_flat_0p3_late_bias_cal.fits,gaia_774290626745586944_src8,comparison,1016.539969844669,1419.3136101005205,0.7006897522898943,369.24441146850586,ok
flat_0p3_late_bias,V_8 generic,light_V_8s_2026_05_20-0064_flat_0p3_late_bias_cal.fits,gaia_774384016513181696_src3,comparison,336.59373562305717,1240.2279324456172,1.5195532581234634,1498.5528583526611,ok
flat_0p3_late_bias,V_8 generic,light_V_8s_2026_05_20-0065_flat_0p3_late_bias_cal.fits,gaia_774271076054448768_src2,comparison,1453.6618758692794,307.4378740736616,0.6841224686784577,2182.9417185783386,ok
flat_0p3_late_bias,V_8 generic,light_V_8s_2026_05_20-0065_flat_0p3_late_bias_cal.fits,gaia_774272862760870784_src1,comparison,546.8800858226525,243.2117353070801,1.6484854458054343,3229.0656566619873,ok
flat_0p3_late_bias,V_8 generic,light_V_8s_2026_05_20-0065_flat_0p3_late_bias_cal.fits,gaia_774287774887292672_src5,comparison,1980.3126909979644,1067.5018499883524,0.4434772740398503,1339.000638961792,ok
flat_0p3_late_bias,V_8 generic,light_V_8s_2026_05_20-0065_flat_0p3_late_bias_cal.fits,gaia_774288805679445888_src7,comparison,1891.112756483915,1338.2718380844615,0.7726232723185681,1051.397253036499,ok
flat_0p3_late_bias,V_8 generic,light_V_8s_2026_05_20-0065_flat_0p3_late_bias_cal.fits,gaia_774289041901756032_src4,comparison,1987.7779995554013,1429.11192739245,0.9718279356518484,1341.7269821166992,ok
flat_0p3_late_bias,V_8 generic,light_V_8s_2026_05_20-0065_flat_0p3_late_bias_cal.fits,gaia_774289488578357504_src6,comparison,886.9386981325804,1086.1367007242707,1.113321145020884,1147.5071210861206,ok
flat_0p3_late_bias,V_8 generic,light_V_8s_2026_05_20-0065_flat_0p3_late_bias_cal.fits,gaia_774290626745586944_src8,comparison,1016.8166124534079,1419.1634780504799,0.6444049339776056,360.8243775367737,ok
flat_0p3_late_bias,V_8 generic,light_V_8s_2026_05_20-0065_flat_0p3_late_bias_cal.fits,gaia_774384016513181696_src3,comparison,336.7716157138153,1240.1329413143421,1.5278690280391931,1431.7935810089111,ok
flat_0p3_late_bias,V_8 generic,light_V_8s_2026_05_20-0066_flat_0p3_late_bias_cal.fits,gaia_774271076054448768_src2,comparison,1453.9134698433036,308.7944661778352,0.3610530424987157,1900.17746925354,ok
flat_0p3_late_bias,V_8 generic,light_V_8s_2026_05_20-0066_flat_0p3_late_bias_cal.fits,gaia_774272862760870784_src1,comparison,546.8770093039237,244.69961969972135,0.9292921910818513,2783.4043197631836,ok
flat_0p3_late_bias,V_8 generic,light_V_8s_2026_05_20-0066_flat_0p3_late_bias_cal.fits,gaia_774287774887292672_src5,comparison,1980.4955840530897,1068.9436713420155,0.21879423151147273,1165.1848335266113,ok
flat_0p3_late_bias,V_8 generic,light_V_8s_2026_05_20-0066_flat_0p3_late_bias_cal.fits,gaia_774288805679445888_src7,comparison,1891.43166811826,1339.8495966088146,0.5255865746970815,907.4254951477051,ok
flat_0p3_late_bias,V_8 generic,light_V_8s_2026_05_20-0066_flat_0p3_late_bias_cal.fits,gaia_774289041901756032_src4,comparison,1987.9445965977084,1430.6294591892133,0.559462766865334,1152.2482738494873,ok
flat_0p3_late_bias,V_8 generic,light_V_8s_2026_05_20-0066_flat_0p3_late_bias_cal.fits,gaia_774289488578357504_src6,comparison,887.0152505074944,1087.7244194664197,0.5946735885915891,982.0732636451721,ok
flat_0p3_late_bias,V_8 generic,light_V_8s_2026_05_20-0066_flat_0p3_late_bias_cal.fits,gaia_774290626745586944_src8,comparison,1016.8240569072957,1420.9011299628307,0.5826088775472791,313.0874729156494,ok
flat_0p3_late_bias,V_8 generic,light_V_8s_2026_05_20-0066_flat_0p3_late_bias_cal.fits,gaia_774384016513181696_src3,comparison,336.8650118909183,1241.65242442076,0.6577751795326315,1245.1121606826782,ok
flat_0p3_late_bias,V_8 generic,light_V_8s_2026_05_20-0067_flat_0p3_late_bias_cal.fits,gaia_774271076054448768_src2,comparison,1455.3305612231504,309.642884267172,0.5006265842779606,2413.412664413452,ok
flat_0p3_late_bias,V_8 generic,light_V_8s_2026_05_20-0067_flat_0p3_late_bias_cal.fits,gaia_774272862760870784_src1,comparison,548.5638902545843,245.44950221629492,1.0116035495717346,3532.8164987564087,ok
flat_0p3_late_bias,V_8 generic,light_V_8s_2026_05_20-0067_flat_0p3_late_bias_cal.fits,gaia_774287774887292672_src5,comparison,1981.9258434067303,1069.5776314293892,0.12823556788534324,1432.0922813415527,ok
flat_0p3_late_bias,V_8 generic,light_V_8s_2026_05_20-0067_flat_0p3_late_bias_cal.fits,gaia_774288805679445888_src7,comparison,1892.9161739617984,1340.3411490314438,0.4087605700481401,1135.690668106079,ok
flat_0p3_late_bias,V_8 generic,light_V_8s_2026_05_20-0067_flat_0p3_late_bias_cal.fits,gaia_774289041901756032_src4,comparison,1989.4393047889455,1431.2255416434257,0.4736485168778414,1482.8700637817383,ok
flat_0p3_late_bias,V_8 generic,light_V_8s_2026_05_20-0067_flat_0p3_late_bias_cal.fits,gaia_774289488578357504_src6,comparison,888.6006116863928,1088.2709478114555,0.5672813876019726,1242.3857154846191,ok
flat_0p3_late_bias,V_8 generic,light_V_8s_2026_05_20-0067_flat_0p3_late_bias_cal.fits,gaia_774290626745586944_src8,comparison,1018.2402344663551,1421.304252078832,0.4415195895683321,400.25075244903564,ok
flat_0p3_late_bias,V_8 generic,light_V_8s_2026_05_20-0067_flat_0p3_late_bias_cal.fits,gaia_774384016513181696_src3,comparison,338.43770682485786,1242.2317906907238,0.797551376083082,1564.9440898895264,ok
flat_0p3_late_bias,V_8 generic,light_V_8s_2026_05_20-0068_flat_0p3_late_bias_cal.fits,gaia_774271076054448768_src2,comparison,1457.1844954132516,308.9997700334666,0.3578459870979399,2341.111738204956,ok
flat_0p3_late_bias,V_8 generic,light_V_8s_2026_05_20-0068_flat_0p3_late_bias_cal.fits,gaia_774272862760870784_src1,comparison,550.2734811052565,244.7868202382466,0.9150366392683914,3526.4108486175537,ok
flat_0p3_late_bias,V_8 generic,light_V_8s_2026_05_20-0068_flat_0p3_late_bias_cal.fits,gaia_774287774887292672_src5,comparison,1983.5775097632536,1069.1555850157588,0.28010219514799584,1439.427544593811,ok
flat_0p3_late_bias,V_8 generic,light_V_8s_2026_05_20-0068_flat_0p3_late_bias_cal.fits,gaia_774288805679445888_src7,comparison,1894.450387752433,1339.9219263224895,0.44482603265901827,1150.9809823036194,ok
flat_0p3_late_bias,V_8 generic,light_V_8s_2026_05_20-0068_flat_0p3_late_bias_cal.fits,gaia_774289041901756032_src4,comparison,1991.1205419777532,1430.7699609288097,0.5933685021061247,1465.9762382507324,ok
flat_0p3_late_bias,V_8 generic,light_V_8s_2026_05_20-0068_flat_0p3_late_bias_cal.fits,gaia_774289488578357504_src6,comparison,890.1356486961805,1087.7016658120428,0.6951611499968614,1245.5124397277832,ok
flat_0p3_late_bias,V_8 generic,light_V_8s_2026_05_20-0068_flat_0p3_late_bias_cal.fits,gaia_774290626745586944_src8,comparison,1019.5357222899584,1420.6678526989135,0.6398285272264972,412.4845609664917,ok
flat_0p3_late_bias,V_8 generic,light_V_8s_2026_05_20-0068_flat_0p3_late_bias_cal.fits,gaia_774384016513181696_src3,comparison,340.0961505258514,1241.6209752251366,0.6976758954476843,1567.3312463760376,ok
flat_0p3_late_bias,V_8 generic,light_V_8s_2026_05_20-0069_flat_0p3_late_bias_cal.fits,gaia_774271076054448768_src2,comparison,1457.784726898384,308.96928527432823,0.5700516264060022,2285.575345516205,ok
flat_0p3_late_bias,V_8 generic,light_V_8s_2026_05_20-0069_flat_0p3_late_bias_cal.fits,gaia_774272862760870784_src1,comparison,551.0611804979102,244.718127309301,1.1400911423989506,3397.2721786499023,ok
flat_0p3_late_bias,V_8 generic,light_V_8s_2026_05_20-0069_flat_0p3_late_bias_cal.fits,gaia_774287774887292672_src5,comparison,1984.499772031619,1068.910836422493,0.22163331534891753,1423.008960723877,ok
flat_0p3_late_bias,V_8 generic,light_V_8s_2026_05_20-0069_flat_0p3_late_bias_cal.fits,gaia_774288805679445888_src7,comparison,1895.441573472861,1339.7381643927354,0.5233595523855534,1153.68141746521,ok
flat_0p3_late_bias,V_8 generic,light_V_8s_2026_05_20-0069_flat_0p3_late_bias_cal.fits,gaia_774289041901756032_src4,comparison,1992.023633850505,1430.5696728018931,0.6239915077689928,1454.1730551719666,ok
flat_0p3_late_bias,V_8 generic,light_V_8s_2026_05_20-0069_flat_0p3_late_bias_cal.fits,gaia_774289488578357504_src6,comparison,891.1942474590388,1087.640403787559,0.6367947165642972,1233.5018196105957,ok
flat_0p3_late_bias,V_8 generic,light_V_8s_2026_05_20-0069_flat_0p3_late_bias_cal.fits,gaia_774290626745586944_src8,comparison,1020.7148060380407,1420.3314256810236,0.3480978300858035,397.18189334869385,ok
flat_0p3_late_bias,V_8 generic,light_V_8s_2026_05_20-0069_flat_0p3_late_bias_cal.fits,gaia_774384016513181696_src3,comparison,341.10095700568394,1241.6133889026378,0.8172316578371376,1522.111240386963,ok
flat_0p3_late_bias,V_8 generic,light_V_8s_2026_05_20-0070_flat_0p3_late_bias_cal.fits,gaia_774271076054448768_src2,comparison,1457.7712840755103,309.2382878697997,0.5016040151711527,2130.7840366363525,ok
flat_0p3_late_bias,V_8 generic,light_V_8s_2026_05_20-0070_flat_0p3_late_bias_cal.fits,gaia_774272862760870784_src1,comparison,550.9262784678203,245.22959009882146,1.0107505659571991,3069.84291267395,ok
flat_0p3_late_bias,V_8 generic,light_V_8s_2026_05_20-0070_flat_0p3_late_bias_cal.fits,gaia_774287774887292672_src5,comparison,1984.3999752475136,1069.24717398918,0.15665010503561025,1295.321876525879,ok
flat_0p3_late_bias,V_8 generic,light_V_8s_2026_05_20-0070_flat_0p3_late_bias_cal.fits,gaia_774288805679445888_src7,comparison,1895.4044259182135,1340.0291112435164,0.405932497402427,1011.6169300079346,ok
flat_0p3_late_bias,V_8 generic,light_V_8s_2026_05_20-0070_flat_0p3_late_bias_cal.fits,gaia_774289041901756032_src4,comparison,1992.0495374072782,1430.8739485237284,0.4812154465190337,1307.954285621643,ok
flat_0p3_late_bias,V_8 generic,light_V_8s_2026_05_20-0070_flat_0p3_late_bias_cal.fits,gaia_774289488578357504_src6,comparison,891.0949622043954,1088.0344129237271,0.5676087955596382,1093.2047100067139,ok
flat_0p3_late_bias,V_8 generic,light_V_8s_2026_05_20-0070_flat_0p3_late_bias_cal.fits,gaia_774290626745586944_src8,comparison,1020.7940633698014,1421.1247672877716,0.5226904494864831,346.85956859588623,ok
flat_0p3_late_bias,V_8 generic,light_V_8s_2026_05_20-0070_flat_0p3_late_bias_cal.fits,gaia_774384016513181696_src3,comparison,340.9934383195311,1242.0967939308753,0.7729898965791884,1356.965916633606,ok
flat_0p3_late_bias,V_8 generic,light_V_8s_2026_05_20-0071_flat_0p3_late_bias_cal.fits,gaia_774271076054448768_src2,comparison,1459.3127880440302,309.2107712835606,0.5015539185741975,2421.1999320983887,ok
flat_0p3_late_bias,V_8 generic,light_V_8s_2026_05_20-0071_flat_0p3_late_bias_cal.fits,gaia_774272862760870784_src1,comparison,552.5978080866948,245.34778614780234,0.9868585418414382,3683.0027208328247,ok
flat_0p3_late_bias,V_8 generic,light_V_8s_2026_05_20-0071_flat_0p3_late_bias_cal.fits,gaia_774287774887292672_src5,comparison,1985.9047669464699,1069.2036390589087,0.22732651319607272,1479.8453521728516,ok
flat_0p3_late_bias,V_8 generic,light_V_8s_2026_05_20-0071_flat_0p3_late_bias_cal.fits,gaia_774288805679445888_src7,comparison,1896.7115259709158,1339.9512819286626,0.4478410412979495,1165.9239473342896,ok
flat_0p3_late_bias,V_8 generic,light_V_8s_2026_05_20-0071_flat_0p3_late_bias_cal.fits,gaia_774289041901756032_src4,comparison,1993.535018764781,1430.7718204950368,0.563070606793943,1542.154634475708,ok
flat_0p3_late_bias,V_8 generic,light_V_8s_2026_05_20-0071_flat_0p3_late_bias_cal.fits,gaia_774289488578357504_src6,comparison,892.6849642658007,1087.9905919105518,0.6048545415696819,1283.4409141540527,ok
flat_0p3_late_bias,V_8 generic,light_V_8s_2026_05_20-0071_flat_0p3_late_bias_cal.fits,gaia_774290626745586944_src8,comparison,1022.337817294568,1421.0449824645523,0.5132178556181107,401.79170989990234,ok
flat_0p3_late_bias,V_8 generic,light_V_8s_2026_05_20-0071_flat_0p3_late_bias_cal.fits,gaia_774384016513181696_src3,comparison,342.5785740742432,1242.1123211831925,0.8975748873669269,1636.260745048523,ok
flat_0p3_late_bias,V_8 generic,light_V_8s_2026_05_20-0072_flat_0p3_late_bias_cal.fits,gaia_774271076054448768_src2,comparison,1459.9637428040649,308.91905064911873,0.4896639315518109,2236.0152587890625,ok
flat_0p3_late_bias,V_8 generic,light_V_8s_2026_05_20-0072_flat_0p3_late_bias_cal.fits,gaia_774272862760870784_src1,comparison,553.0538519736721,245.02037932774954,1.2865448300021833,3302.4144854545593,ok
flat_0p3_late_bias,V_8 generic,light_V_8s_2026_05_20-0072_flat_0p3_late_bias_cal.fits,gaia_774287774887292672_src5,comparison,1986.4520255620864,1068.9479428233653,0.5130496523719392,1378.12797164917,ok
flat_0p3_late_bias,V_8 generic,light_V_8s_2026_05_20-0072_flat_0p3_late_bias_cal.fits,gaia_774288805679445888_src7,comparison,1897.439021570863,1339.6165608285783,0.6466094296842101,1096.6537322998047,ok
flat_0p3_late_bias,V_8 generic,light_V_8s_2026_05_20-0072_flat_0p3_late_bias_cal.fits,gaia_774289041901756032_src4,comparison,1994.045109908506,1430.4723398123756,0.9003079604971443,1435.389669418335,ok
flat_0p3_late_bias,V_8 generic,light_V_8s_2026_05_20-0072_flat_0p3_late_bias_cal.fits,gaia_774289488578357504_src6,comparison,893.1432219508202,1087.668514139968,1.0234117335873079,1190.751708984375,ok
flat_0p3_late_bias,V_8 generic,light_V_8s_2026_05_20-0072_flat_0p3_late_bias_cal.fits,gaia_774290626745586944_src8,comparison,1022.861205540336,1420.6735140951664,0.7520632109269,381.1482906341553,ok
flat_0p3_late_bias,V_8 generic,light_V_8s_2026_05_20-0072_flat_0p3_late_bias_cal.fits,gaia_774384016513181696_src3,comparison,343.06888509778275,1241.7643233122737,1.3027049756553317,1486.1982402801514,ok
flat_0p3_late_bias,V_8 generic,light_V_8s_2026_05_20-0073_flat_0p3_late_bias_cal.fits,gaia_774271076054448768_src2,comparison,1460.6094143649466,309.0152019759615,0.15803243304612585,1965.020149230957,ok
flat_0p3_late_bias,V_8 generic,light_V_8s_2026_05_20-0073_flat_0p3_late_bias_cal.fits,gaia_774272862760870784_src1,comparison,553.7039790288236,244.845390548951,0.23021604205716245,2917.2808017730713,ok
flat_0p3_late_bias,V_8 generic,light_V_8s_2026_05_20-0073_flat_0p3_late_bias_cal.fits,gaia_774287774887292672_src5,comparison,1987.1888706893085,1069.1254027515022,0.10273138237737393,1205.3136444091797,ok
flat_0p3_late_bias,V_8 generic,light_V_8s_2026_05_20-0073_flat_0p3_late_bias_cal.fits,gaia_774288805679445888_src7,comparison,1898.0009579078446,1339.8769827307303,0.11154983672350792,934.1821231842041,ok
flat_0p3_late_bias,V_8 generic,light_V_8s_2026_05_20-0073_flat_0p3_late_bias_cal.fits,gaia_774289041901756032_src4,comparison,1994.7110751013736,1430.666818811902,0.1567195660760013,1254.481785774231,ok
flat_0p3_late_bias,V_8 generic,light_V_8s_2026_05_20-0073_flat_0p3_late_bias_cal.fits,gaia_774289488578357504_src6,comparison,893.8249842649992,1087.6963023224932,0.29306877822680394,1049.8798913955688,ok
flat_0p3_late_bias,V_8 generic,light_V_8s_2026_05_20-0073_flat_0p3_late_bias_cal.fits,gaia_774290626745586944_src8,comparison,1023.4834148254869,1420.704928312317,0.6469139520177578,336.73242568969727,ok
flat_0p3_late_bias,V_8 generic,light_V_8s_2026_05_20-0073_flat_0p3_late_bias_cal.fits,gaia_774384016513181696_src3,comparison,343.66825696227875,1241.5040119796345,0.6418907923963822,1333.6410999298096,ok
flat_0p3_late_bias,V_8 generic,light_V_8s_2026_05_20-0074_flat_0p3_late_bias_cal.fits,gaia_774271076054448768_src2,comparison,1462.7588768394103,308.74979811468273,0.2820328343934638,2404.8220381736755,ok
flat_0p3_late_bias,V_8 generic,light_V_8s_2026_05_20-0074_flat_0p3_late_bias_cal.fits,gaia_774272862760870784_src1,comparison,555.9756150833226,244.64192361729428,0.3168675086538949,3467.482919692993,ok
flat_0p3_late_bias,V_8 generic,light_V_8s_2026_05_20-0074_flat_0p3_late_bias_cal.fits,gaia_774287774887292672_src5,comparison,1989.3277048991242,1068.889305010426,0.07542618148019206,1432.3785724639893,ok
flat_0p3_late_bias,V_8 generic,light_V_8s_2026_05_20-0074_flat_0p3_late_bias_cal.fits,gaia_774288805679445888_src7,comparison,1900.1771861491097,1339.7490345812869,0.11152211029350688,1124.9586763381958,ok
flat_0p3_late_bias,V_8 generic,light_V_8s_2026_05_20-0074_flat_0p3_late_bias_cal.fits,gaia_774289041901756032_src4,comparison,1996.8427855937566,1430.462718481422,0.07262377068128219,1449.6986274719238,ok
flat_0p3_late_bias,V_8 generic,light_V_8s_2026_05_20-0074_flat_0p3_late_bias_cal.fits,gaia_774289488578357504_src6,comparison,895.972304045396,1087.4656089958482,0.014195188041233292,1239.5234847068787,ok
flat_0p3_late_bias,V_8 generic,light_V_8s_2026_05_20-0074_flat_0p3_late_bias_cal.fits,gaia_774290626745586944_src8,comparison,1025.4615433811784,1420.509822904396,0.18506091016126683,399.81514263153076,ok
flat_0p3_late_bias,V_8 generic,light_V_8s_2026_05_20-0074_flat_0p3_late_bias_cal.fits,gaia_774384016513181696_src3,comparison,345.7927345688635,1241.4468390758566,0.20755140410098813,1572.3408432006836,ok
flat_0p3_late_bias,V_8 generic,light_V_8s_2026_05_20-0075_flat_0p3_late_bias_cal.fits,gaia_774271076054448768_src2,comparison,1462.916959572802,308.9447776214711,0.24256178845044907,2219.1605224609375,ok
flat_0p3_late_bias,V_8 generic,light_V_8s_2026_05_20-0075_flat_0p3_late_bias_cal.fits,gaia_774272862760870784_src1,comparison,556.120616573103,244.87787422594488,0.4954548842753224,3395.663674354553,ok
flat_0p3_late_bias,V_8 generic,light_V_8s_2026_05_20-0075_flat_0p3_late_bias_cal.fits,gaia_774287774887292672_src5,comparison,1989.6309145015825,1068.8660231196209,0.2674728821880198,1400.7249422073364,ok
flat_0p3_late_bias,V_8 generic,light_V_8s_2026_05_20-0075_flat_0p3_late_bias_cal.fits,gaia_774288805679445888_src7,comparison,1900.4976691196248,1339.7660484793628,0.29418002620938416,1138.2469749450684,ok
flat_0p3_late_bias,V_8 generic,light_V_8s_2026_05_20-0075_flat_0p3_late_bias_cal.fits,gaia_774289041901756032_src4,comparison,1997.1100901430148,1430.658237330058,0.1214738590346991,1422.9442768096924,ok
flat_0p3_late_bias,V_8 generic,light_V_8s_2026_05_20-0075_flat_0p3_late_bias_cal.fits,gaia_774289488578357504_src6,comparison,896.0203751751233,1087.6635979045084,0.22193471711679452,1229.8685812950134,ok
flat_0p3_late_bias,V_8 generic,light_V_8s_2026_05_20-0075_flat_0p3_late_bias_cal.fits,gaia_774290626745586944_src8,comparison,1025.5853788576799,1420.523980038346,0.46985415031549677,378.742280960083,ok
flat_0p3_late_bias,V_8 generic,light_V_8s_2026_05_20-0075_flat_0p3_late_bias_cal.fits,gaia_774384016513181696_src3,comparison,345.92583959742944,1241.6850159333537,0.650620094562672,1527.4822883605957,ok
flat_0p3_late_bias,V_8 generic,light_V_8s_2026_05_20-0076_flat_0p3_late_bias_cal.fits,gaia_774271076054448768_src2,comparison,1463.003977545413,310.15637820199936,0.5301103284460928,1873.9734525680542,ok
flat_0p3_late_bias,V_8 generic,light_V_8s_2026_05_20-0076_flat_0p3_late_bias_cal.fits,gaia_774272862760870784_src1,comparison,556.032663804896,246.1613557224022,1.2724272676761486,2864.5573234558105,ok
flat_0p3_late_bias,V_8 generic,light_V_8s_2026_05_20-0076_flat_0p3_late_bias_cal.fits,gaia_774287774887292672_src5,comparison,1989.6126105241603,1070.253091337191,0.2804302989076046,1174.9504661560059,ok
flat_0p3_late_bias,V_8 generic,light_V_8s_2026_05_20-0076_flat_0p3_late_bias_cal.fits,gaia_774288805679445888_src7,comparison,1900.6151534185146,1341.0384894306428,0.5801672912340929,908.1625118255615,ok
flat_0p3_late_bias,V_8 generic,light_V_8s_2026_05_20-0076_flat_0p3_late_bias_cal.fits,gaia_774289041901756032_src4,comparison,1997.2363337271615,1431.775023546634,0.5518073755353365,1190.4933323860168,ok
flat_0p3_late_bias,V_8 generic,light_V_8s_2026_05_20-0076_flat_0p3_late_bias_cal.fits,gaia_774289488578357504_src6,comparison,896.3633059107838,1088.9034891104664,0.597848393023441,1002.4632701873779,ok
flat_0p3_late_bias,V_8 generic,light_V_8s_2026_05_20-0076_flat_0p3_late_bias_cal.fits,gaia_774290626745586944_src8,comparison,1025.798800142628,1421.937600706579,0.5968830209747896,309.13921213150024,ok
flat_0p3_late_bias,V_8 generic,light_V_8s_2026_05_20-0076_flat_0p3_late_bias_cal.fits,gaia_774384016513181696_src3,comparison,346.1504356261204,1242.8954121810816,0.9133296997230234,1304.884693145752,ok
flat_0p3_late_bias,V_8 generic,light_V_8s_2026_05_20-0077_flat_0p3_late_bias_cal.fits,gaia_774271076054448768_src2,comparison,1464.3972289071587,309.8567893310545,0.728317501523748,2376.97793674469,ok
flat_0p3_late_bias,V_8 generic,light_V_8s_2026_05_20-0077_flat_0p3_late_bias_cal.fits,gaia_774272862760870784_src1,comparison,557.5881167507132,245.93429950001334,1.593745146503793,3543.1880588531494,ok
flat_0p3_late_bias,V_8 generic,light_V_8s_2026_05_20-0077_flat_0p3_late_bias_cal.fits,gaia_774287774887292672_src5,comparison,1991.0724646344497,1069.9190737630338,0.4821031116800649,1395.3234357833862,ok
flat_0p3_late_bias,V_8 generic,light_V_8s_2026_05_20-0077_flat_0p3_late_bias_cal.fits,gaia_774288805679445888_src7,comparison,1902.1015162101892,1340.6251857343507,0.7085604042289272,1139.4630451202393,ok
flat_0p3_late_bias,V_8 generic,light_V_8s_2026_05_20-0077_flat_0p3_late_bias_cal.fits,gaia_774289041901756032_src4,comparison,1998.7082464699295,1431.3793649350253,0.8240147258618441,1468.8271522521973,ok
flat_0p3_late_bias,V_8 generic,light_V_8s_2026_05_20-0077_flat_0p3_late_bias_cal.fits,gaia_774289488578357504_src6,comparison,897.7700401791691,1088.5230798235034,1.0856285671898271,1247.3966464996338,ok
flat_0p3_late_bias,V_8 generic,light_V_8s_2026_05_20-0077_flat_0p3_late_bias_cal.fits,gaia_774290626745586944_src8,comparison,1027.3626156946684,1421.6911553167656,0.9640067093419762,398.2181816101074,ok
flat_0p3_late_bias,V_8 generic,light_V_8s_2026_05_20-0077_flat_0p3_late_bias_cal.fits,gaia_774384016513181696_src3,comparison,347.75726490670075,1242.7147969907235,1.390653286604662,1583.539231300354,ok
flat_0p3_late_bias,V_8 generic,light_V_8s_2026_05_20-0078_flat_0p3_late_bias_cal.fits,gaia_774271076054448768_src2,comparison,1465.2934475560749,309.0896901416706,0.49309105231720696,2535.908760070801,ok
flat_0p3_late_bias,V_8 generic,light_V_8s_2026_05_20-0078_flat_0p3_late_bias_cal.fits,gaia_774272862760870784_src1,comparison,558.4131814893474,245.0033124310583,1.2232762994773199,3679.4154090881348,ok
flat_0p3_late_bias,V_8 generic,light_V_8s_2026_05_20-0078_flat_0p3_late_bias_cal.fits,gaia_774287774887292672_src5,comparison,1991.9882811067268,1068.9869045622177,0.24890077804842398,1474.918089389801,ok
flat_0p3_late_bias,V_8 generic,light_V_8s_2026_05_20-0078_flat_0p3_late_bias_cal.fits,gaia_774288805679445888_src7,comparison,1902.8300891698802,1339.8284169947233,0.5533312887448082,1225.8567848205566,ok
flat_0p3_late_bias,V_8 generic,light_V_8s_2026_05_20-0078_flat_0p3_late_bias_cal.fits,gaia_774289041901756032_src4,comparison,1999.6087285353303,1430.5297610749715,0.5545055951627975,1569.166446685791,ok
flat_0p3_late_bias,V_8 generic,light_V_8s_2026_05_20-0078_flat_0p3_late_bias_cal.fits,gaia_774289488578357504_src6,comparison,898.532800458397,1087.7682363002932,0.8657369418382603,1354.3017749786377,ok
flat_0p3_late_bias,V_8 generic,light_V_8s_2026_05_20-0078_flat_0p3_late_bias_cal.fits,gaia_774290626745586944_src8,comparison,1028.2722736837304,1420.445657212998,0.5334914184712239,422.73132705688477,ok
flat_0p3_late_bias,V_8 generic,light_V_8s_2026_05_20-0078_flat_0p3_late_bias_cal.fits,gaia_774384016513181696_src3,comparison,348.52067879131454,1241.8305348098438,0.9627802312224231,1677.6155166625977,ok
flat_0p3_late_bias,V_8 generic,light_V_8s_2026_05_20-0079_flat_0p3_late_bias_cal.fits,gaia_774271076054448768_src2,comparison,1464.6198895386349,308.7012154556475,0.6595197327486075,2229.5280590057373,ok
flat_0p3_late_bias,V_8 generic,light_V_8s_2026_05_20-0079_flat_0p3_late_bias_cal.fits,gaia_774272862760870784_src1,comparison,558.0291678060117,244.6613665774175,1.4386604501211244,3240.656494140625,ok
flat_0p3_late_bias,V_8 generic,light_V_8s_2026_05_20-0079_flat_0p3_late_bias_cal.fits,gaia_774287774887292672_src5,comparison,1991.3242594850144,1068.5817865786235,0.421521648825231,1362.201250076294,ok
flat_0p3_late_bias,V_8 generic,light_V_8s_2026_05_20-0079_flat_0p3_late_bias_cal.fits,gaia_774288805679445888_src7,comparison,1902.3120803201286,1339.3379176014976,0.7097026104246834,1085.4627180099487,ok
flat_0p3_late_bias,V_8 generic,light_V_8s_2026_05_20-0079_flat_0p3_late_bias_cal.fits,gaia_774289041901756032_src4,comparison,1998.9959936922307,1430.2121134429615,0.9374325852642833,1352.7884693145752,ok
flat_0p3_late_bias,V_8 generic,light_V_8s_2026_05_20-0079_flat_0p3_late_bias_cal.fits,gaia_774289488578357504_src6,comparison,898.1141582086565,1087.2651004545069,0.9907267415738646,1148.7386465072632,ok
flat_0p3_late_bias,V_8 generic,light_V_8s_2026_05_20-0079_flat_0p3_late_bias_cal.fits,gaia_774290626745586944_src8,comparison,1027.7849768784722,1420.1200995250254,0.6928481174537425,370.8836669921875,ok
flat_0p3_late_bias,V_8 generic,light_V_8s_2026_05_20-0079_flat_0p3_late_bias_cal.fits,gaia_774384016513181696_src3,comparison,348.0407122543255,1241.5053758866052,1.3814389219243097,1460.7978382110596,ok
flat_0p3_late_bias,V_8 generic,light_V_8s_2026_05_20-0080_flat_0p3_late_bias_cal.fits,gaia_774271076054448768_src2,comparison,1466.0317122779848,307.60221171852004,0.18496796063213136,2391.274447441101,ok
flat_0p3_late_bias,V_8 generic,light_V_8s_2026_05_20-0080_flat_0p3_late_bias_cal.fits,gaia_774272862760870784_src1,comparison,559.092713165089,243.4530757077266,0.596322792904482,3613.3257818222046,ok
flat_0p3_late_bias,V_8 generic,light_V_8s_2026_05_20-0080_flat_0p3_late_bias_cal.fits,gaia_774287774887292672_src5,comparison,1992.399603206132,1067.6612494431204,0.07277807814390433,1463.6420702934265,ok
flat_0p3_late_bias,V_8 generic,light_V_8s_2026_05_20-0080_flat_0p3_late_bias_cal.fits,gaia_774288805679445888_src7,comparison,1903.3454910316818,1338.4845898326134,0.3045600801914242,1158.881181716919,ok
flat_0p3_late_bias,V_8 generic,light_V_8s_2026_05_20-0080_flat_0p3_late_bias_cal.fits,gaia_774289041901756032_src4,comparison,1999.85720682466,1429.302790922352,0.1352337623236789,1470.431053161621,ok
flat_0p3_late_bias,V_8 generic,light_V_8s_2026_05_20-0080_flat_0p3_late_bias_cal.fits,gaia_774289488578357504_src6,comparison,899.061323932918,1086.299289770906,0.3146246785186435,1262.1540451049805,ok
flat_0p3_late_bias,V_8 generic,light_V_8s_2026_05_20-0080_flat_0p3_late_bias_cal.fits,gaia_774290626745586944_src8,comparison,1028.5280795265223,1419.3922644679317,0.43257612706231846,401.21561908721924,ok
flat_0p3_late_bias,V_8 generic,light_V_8s_2026_05_20-0080_flat_0p3_late_bias_cal.fits,gaia_774384016513181696_src3,comparison,348.99935999126,1240.4016608014772,0.7822134391635808,1564.1450080871582,ok
flat_0p3_late_bias,V_8 generic,light_V_8s_2026_05_20-0081_flat_0p3_late_bias_cal.fits,gaia_774271076054448768_src2,comparison,1465.9849048351723,308.13695393151426,0.0858300446709146,2199.4295148849487,ok
flat_0p3_late_bias,V_8 generic,light_V_8s_2026_05_20-0081_flat_0p3_late_bias_cal.fits,gaia_774272862760870784_src1,comparison,559.0255848570279,244.02815556002543,0.25200881063053676,3210.1331033706665,ok
flat_0p3_late_bias,V_8 generic,light_V_8s_2026_05_20-0081_flat_0p3_late_bias_cal.fits,gaia_774287774887292672_src5,comparison,1992.4814280761725,1068.2179480720529,0.25400094997099154,1331.2686805725098,ok
flat_0p3_late_bias,V_8 generic,light_V_8s_2026_05_20-0081_flat_0p3_late_bias_cal.fits,gaia_774288805679445888_src7,comparison,1903.35039791118,1339.022738994124,0.23123841005347795,1063.6060891151428,ok
flat_0p3_late_bias,V_8 generic,light_V_8s_2026_05_20-0081_flat_0p3_late_bias_cal.fits,gaia_774289041901756032_src4,comparison,2000.0136866878313,1429.8579677151936,0.35932061996810494,1354.7011260986328,ok
flat_0p3_late_bias,V_8 generic,light_V_8s_2026_05_20-0081_flat_0p3_late_bias_cal.fits,gaia_774289488578357504_src6,comparison,898.8434814841991,1086.8984615598781,0.33042400137821404,1173.309564590454,ok
flat_0p3_late_bias,V_8 generic,light_V_8s_2026_05_20-0081_flat_0p3_late_bias_cal.fits,gaia_774290626745586944_src8,comparison,1028.2667147417988,1419.8658720185933,0.5346987479023443,364.9416570663452,ok
flat_0p3_late_bias,V_8 generic,light_V_8s_2026_05_20-0081_flat_0p3_late_bias_cal.fits,gaia_774384016513181696_src3,comparison,348.86592471300116,1240.8707571608138,0.6495880994168081,1456.266508102417,ok
flat_0p3_late_bias,V_8 generic,light_V_8s_2026_05_20-0082_flat_0p3_late_bias_cal.fits,gaia_774271076054448768_src2,comparison,1466.220380131008,306.90554164950277,0.17427544449861201,2111.0452556610107,ok
flat_0p3_late_bias,V_8 generic,light_V_8s_2026_05_20-0082_flat_0p3_late_bias_cal.fits,gaia_774272862760870784_src1,comparison,559.3101198506685,242.97741048398757,0.32177592505530905,3129.945803165436,ok
flat_0p3_late_bias,V_8 generic,light_V_8s_2026_05_20-0082_flat_0p3_late_bias_cal.fits,gaia_774287774887292672_src5,comparison,1992.7980899863849,1067.0372457717726,0.2391907261198321,1253.7674403190613,ok
flat_0p3_late_bias,V_8 generic,light_V_8s_2026_05_20-0082_flat_0p3_late_bias_cal.fits,gaia_774288805679445888_src7,comparison,1903.6978652242462,1337.8747009672095,0.3182812903341402,1007.4636402130127,ok
flat_0p3_late_bias,V_8 generic,light_V_8s_2026_05_20-0082_flat_0p3_late_bias_cal.fits,gaia_774289041901756032_src4,comparison,2000.3691834548188,1428.6437720947486,0.4150411734342568,1329.655264377594,ok
flat_0p3_late_bias,V_8 generic,light_V_8s_2026_05_20-0082_flat_0p3_late_bias_cal.fits,gaia_774289488578357504_src6,comparison,899.3498338745867,1085.8256882888243,0.30232488473466995,1109.3861455917358,ok
flat_0p3_late_bias,V_8 generic,light_V_8s_2026_05_20-0082_flat_0p3_late_bias_cal.fits,gaia_774290626745586944_src8,comparison,1029.0924520363506,1418.5273151136555,0.35595500159209176,365.63584899902344,ok
flat_0p3_late_bias,V_8 generic,light_V_8s_2026_05_20-0082_flat_0p3_late_bias_cal.fits,gaia_774384016513181696_src3,comparison,349.3813368465514,1239.8465190681889,0.08225139190556587,1373.8259420394897,ok
flat_0p3_late_bias,V_8 generic,light_V_8s_2026_05_20-0083_flat_0p3_late_bias_cal.fits,gaia_774271076054448768_src2,comparison,1466.6559983929594,307.88934098624884,0.29404162464869216,2535.7512741088867,ok
flat_0p3_late_bias,V_8 generic,light_V_8s_2026_05_20-0083_flat_0p3_late_bias_cal.fits,gaia_774272862760870784_src1,comparison,559.9113887935113,244.02775967876676,0.751406800489505,3665.8501472473145,ok
flat_0p3_late_bias,V_8 generic,light_V_8s_2026_05_20-0083_flat_0p3_late_bias_cal.fits,gaia_774287774887292672_src5,comparison,1993.3489541361323,1067.9635565576443,0.43846357965935195,1520.1052408218384,ok
flat_0p3_late_bias,V_8 generic,light_V_8s_2026_05_20-0083_flat_0p3_late_bias_cal.fits,gaia_774288805679445888_src7,comparison,1904.3345986869983,1338.7509171117997,0.47823324104401294,1241.6245212554932,ok
flat_0p3_late_bias,V_8 generic,light_V_8s_2026_05_20-0083_flat_0p3_late_bias_cal.fits,gaia_774289041901756032_src4,comparison,2000.9384451712328,1429.5191088932577,0.7400464016173829,1593.557430267334,ok
flat_0p3_late_bias,V_8 generic,light_V_8s_2026_05_20-0083_flat_0p3_late_bias_cal.fits,gaia_774289488578357504_src6,comparison,899.9251857558348,1086.8465808770084,0.699914490545823,1317.8554306030273,ok
flat_0p3_late_bias,V_8 generic,light_V_8s_2026_05_20-0083_flat_0p3_late_bias_cal.fits,gaia_774290626745586944_src8,comparison,1029.5318400334315,1419.7527829534702,0.7714355815556998,428.94221782684326,ok
flat_0p3_late_bias,V_8 generic,light_V_8s_2026_05_20-0083_flat_0p3_late_bias_cal.fits,gaia_774384016513181696_src3,comparison,349.83704022450894,1240.7300810219554,1.1025045953507875,1676.3695430755615,ok
