sequence,n_comp,N_target,N_check,target_mad_pct,check_mad_pct,score_pct,subset,subset_short
V0399 named,4,107,64,1.2300748837374647,1.1935864911787042,1.2118306874580844,HD_103187|gaia_774271076054448768_src2|gaia_774288805679445888_src7|gaia_774290626745586944_src8,"HD_103187,src2,src7,src8"
V0399 named,4,107,64,1.2300748837374647,1.1935864911787042,1.2118306874580844,HD_103405|gaia_774271076054448768_src2|gaia_774288805679445888_src7|gaia_774290626745586944_src8,"HD_103405,src2,src7,src8"
V0399 named,4,107,64,1.2300748837374647,1.1935864911787042,1.2118306874580844,TYC_3452_787_1|gaia_774271076054448768_src2|gaia_774288805679445888_src7|gaia_774290626745586944_src8,"TYC_3452_787_1,src2,src7,src8"
V0399 named,4,107,64,1.2300748837374647,1.1935864911787042,1.2118306874580844,gaia_774271076054448768_src2|gaia_774272862760870784_src1|gaia_774288805679445888_src7|gaia_774290626745586944_src8,"src2,src1,src7,src8"
V0399 named,4,107,64,1.330549529447322,1.1830419908440042,1.2567957601456632,HD_103187|gaia_774287774887292672_src5|gaia_774288805679445888_src7|gaia_774384016513181696_src3,"HD_103187,src5,src7,src3"
V0399 named,4,107,64,1.330549529447322,1.1830419908440042,1.2567957601456632,HD_103187|gaia_774287774887292672_src5|gaia_774289488578357504_src6|gaia_774384016513181696_src3,"HD_103187,src5,src6,src3"
V0399 named,4,107,64,1.330549529447322,1.1830419908440042,1.2567957601456632,HD_103187|gaia_774287774887292672_src5|gaia_774290626745586944_src8|gaia_774384016513181696_src3,"HD_103187,src5,src8,src3"
V0399 named,4,107,64,1.330549529447322,1.1830419908440042,1.2567957601456632,HD_103405|gaia_774287774887292672_src5|gaia_774288805679445888_src7|gaia_774384016513181696_src3,"HD_103405,src5,src7,src3"
V0399 named,4,107,64,1.330549529447322,1.1830419908440042,1.2567957601456632,HD_103405|gaia_774287774887292672_src5|gaia_774289488578357504_src6|gaia_774384016513181696_src3,"HD_103405,src5,src6,src3"
V0399 named,4,107,64,1.330549529447322,1.1830419908440042,1.2567957601456632,HD_103405|gaia_774287774887292672_src5|gaia_774290626745586944_src8|gaia_774384016513181696_src3,"HD_103405,src5,src8,src3"
V0399 named,4,107,64,1.330549529447322,1.1830419908440042,1.2567957601456632,TYC_3452_787_1|gaia_774287774887292672_src5|gaia_774288805679445888_src7|gaia_774384016513181696_src3,"TYC_3452_787_1,src5,src7,src3"
V0399 named,4,107,64,1.330549529447322,1.1830419908440042,1.2567957601456632,TYC_3452_787_1|gaia_774287774887292672_src5|gaia_774289488578357504_src6|gaia_774384016513181696_src3,"TYC_3452_787_1,src5,src6,src3"
V0399 named,4,107,64,1.330549529447322,1.1830419908440042,1.2567957601456632,TYC_3452_787_1|gaia_774287774887292672_src5|gaia_774290626745586944_src8|gaia_774384016513181696_src3,"TYC_3452_787_1,src5,src8,src3"
V0399 named,4,107,64,1.330549529447322,1.1830419908440042,1.2567957601456632,gaia_774271076054448768_src2|gaia_774287774887292672_src5|gaia_774288805679445888_src7|gaia_774384016513181696_src3,"src2,src5,src7,src3"
V0399 named,4,107,64,1.330549529447322,1.1830419908440042,1.2567957601456632,gaia_774271076054448768_src2|gaia_774287774887292672_src5|gaia_774289488578357504_src6|gaia_774384016513181696_src3,"src2,src5,src6,src3"
V0399 named,4,107,64,1.330549529447322,1.1830419908440042,1.2567957601456632,gaia_774271076054448768_src2|gaia_774287774887292672_src5|gaia_774290626745586944_src8|gaia_774384016513181696_src3,"src2,src5,src8,src3"
V0399 named,4,107,64,1.330549529447322,1.1830419908440042,1.2567957601456632,gaia_774272862760870784_src1|gaia_774287774887292672_src5|gaia_774288805679445888_src7|gaia_774384016513181696_src3,"src1,src5,src7,src3"
V0399 named,4,107,64,1.330549529447322,1.1830419908440042,1.2567957601456632,gaia_774272862760870784_src1|gaia_774287774887292672_src5|gaia_774289488578357504_src6|gaia_774384016513181696_src3,"src1,src5,src6,src3"
V0399 named,4,107,64,1.330549529447322,1.1830419908440042,1.2567957601456632,gaia_774272862760870784_src1|gaia_774287774887292672_src5|gaia_774290626745586944_src8|gaia_774384016513181696_src3,"src1,src5,src8,src3"
V0399 named,6,107,64,1.330549529447322,1.1830419908440042,1.2567957601456632,HD_103187|HD_103405|gaia_774287774887292672_src5|gaia_774288805679445888_src7|gaia_774289488578357504_src6|gaia_774384016513181696_src3,"HD_103187,HD_103405,src5,src7,src6,src3"
V0399 named,6,107,64,1.330549529447322,1.1830419908440042,1.2567957601456632,HD_103187|HD_103405|gaia_774287774887292672_src5|gaia_774288805679445888_src7|gaia_774290626745586944_src8|gaia_774384016513181696_src3,"HD_103187,HD_103405,src5,src7,src8,src3"
V0399 named,6,107,64,1.330549529447322,1.1830419908440042,1.2567957601456632,HD_103187|HD_103405|gaia_774287774887292672_src5|gaia_774289488578357504_src6|gaia_774290626745586944_src8|gaia_774384016513181696_src3,"HD_103187,HD_103405,src5,src6,src8,src3"
V0399 named,6,107,64,1.330549529447322,1.1830419908440042,1.2567957601456632,HD_103187|TYC_3452_787_1|gaia_774287774887292672_src5|gaia_774288805679445888_src7|gaia_774289488578357504_src6|gaia_774384016513181696_src3,"HD_103187,TYC_3452_787_1,src5,src7,src6,src3"
V0399 named,6,107,64,1.330549529447322,1.1830419908440042,1.2567957601456632,HD_103187|TYC_3452_787_1|gaia_774287774887292672_src5|gaia_774288805679445888_src7|gaia_774290626745586944_src8|gaia_774384016513181696_src3,"HD_103187,TYC_3452_787_1,src5,src7,src8,src3"
V0399 named,6,107,64,1.330549529447322,1.1830419908440042,1.2567957601456632,HD_103187|TYC_3452_787_1|gaia_774287774887292672_src5|gaia_774289488578357504_src6|gaia_774290626745586944_src8|gaia_774384016513181696_src3,"HD_103187,TYC_3452_787_1,src5,src6,src8,src3"
V0399 named,6,107,64,1.330549529447322,1.1830419908440042,1.2567957601456632,HD_103187|gaia_774271076054448768_src2|gaia_774287774887292672_src5|gaia_774288805679445888_src7|gaia_774289488578357504_src6|gaia_774384016513181696_src3,"HD_103187,src2,src5,src7,src6,src3"
V0399 named,6,107,64,1.330549529447322,1.1830419908440042,1.2567957601456632,HD_103187|gaia_774271076054448768_src2|gaia_774287774887292672_src5|gaia_774288805679445888_src7|gaia_774290626745586944_src8|gaia_774384016513181696_src3,"HD_103187,src2,src5,src7,src8,src3"
V0399 named,6,107,64,1.330549529447322,1.1830419908440042,1.2567957601456632,HD_103187|gaia_774271076054448768_src2|gaia_774287774887292672_src5|gaia_774289488578357504_src6|gaia_774290626745586944_src8|gaia_774384016513181696_src3,"HD_103187,src2,src5,src6,src8,src3"
V0399 named,6,107,64,1.330549529447322,1.1830419908440042,1.2567957601456632,HD_103187|gaia_774272862760870784_src1|gaia_774287774887292672_src5|gaia_774288805679445888_src7|gaia_774289488578357504_src6|gaia_774384016513181696_src3,"HD_103187,src1,src5,src7,src6,src3"
V0399 named,6,107,64,1.330549529447322,1.1830419908440042,1.2567957601456632,HD_103187|gaia_774272862760870784_src1|gaia_774287774887292672_src5|gaia_774288805679445888_src7|gaia_774290626745586944_src8|gaia_774384016513181696_src3,"HD_103187,src1,src5,src7,src8,src3"
V0399 named,6,107,64,1.330549529447322,1.1830419908440042,1.2567957601456632,HD_103187|gaia_774272862760870784_src1|gaia_774287774887292672_src5|gaia_774289488578357504_src6|gaia_774290626745586944_src8|gaia_774384016513181696_src3,"HD_103187,src1,src5,src6,src8,src3"
V0399 named,6,107,64,1.330549529447322,1.1830419908440042,1.2567957601456632,HD_103405|TYC_3452_787_1|gaia_774287774887292672_src5|gaia_774288805679445888_src7|gaia_774289488578357504_src6|gaia_774384016513181696_src3,"HD_103405,TYC_3452_787_1,src5,src7,src6,src3"
V0399 named,6,107,64,1.330549529447322,1.1830419908440042,1.2567957601456632,HD_103405|TYC_3452_787_1|gaia_774287774887292672_src5|gaia_774288805679445888_src7|gaia_774290626745586944_src8|gaia_774384016513181696_src3,"HD_103405,TYC_3452_787_1,src5,src7,src8,src3"
V0399 named,6,107,64,1.330549529447322,1.1830419908440042,1.2567957601456632,HD_103405|TYC_3452_787_1|gaia_774287774887292672_src5|gaia_774289488578357504_src6|gaia_774290626745586944_src8|gaia_774384016513181696_src3,"HD_103405,TYC_3452_787_1,src5,src6,src8,src3"
V0399 named,6,107,64,1.330549529447322,1.1830419908440042,1.2567957601456632,HD_103405|gaia_774271076054448768_src2|gaia_774287774887292672_src5|gaia_774288805679445888_src7|gaia_774289488578357504_src6|gaia_774384016513181696_src3,"HD_103405,src2,src5,src7,src6,src3"
V0399 named,6,107,64,1.330549529447322,1.1830419908440042,1.2567957601456632,HD_103405|gaia_774271076054448768_src2|gaia_774287774887292672_src5|gaia_774288805679445888_src7|gaia_774290626745586944_src8|gaia_774384016513181696_src3,"HD_103405,src2,src5,src7,src8,src3"
V0399 named,6,107,64,1.330549529447322,1.1830419908440042,1.2567957601456632,HD_103405|gaia_774271076054448768_src2|gaia_774287774887292672_src5|gaia_774289488578357504_src6|gaia_774290626745586944_src8|gaia_774384016513181696_src3,"HD_103405,src2,src5,src6,src8,src3"
V0399 named,6,107,64,1.330549529447322,1.1830419908440042,1.2567957601456632,HD_103405|gaia_774272862760870784_src1|gaia_774287774887292672_src5|gaia_774288805679445888_src7|gaia_774289488578357504_src6|gaia_774384016513181696_src3,"HD_103405,src1,src5,src7,src6,src3"
V0399 named,6,107,64,1.330549529447322,1.1830419908440042,1.2567957601456632,HD_103405|gaia_774272862760870784_src1|gaia_774287774887292672_src5|gaia_774288805679445888_src7|gaia_774290626745586944_src8|gaia_774384016513181696_src3,"HD_103405,src1,src5,src7,src8,src3"
V0399 named,6,107,64,1.330549529447322,1.1830419908440042,1.2567957601456632,HD_103405|gaia_774272862760870784_src1|gaia_774287774887292672_src5|gaia_774289488578357504_src6|gaia_774290626745586944_src8|gaia_774384016513181696_src3,"HD_103405,src1,src5,src6,src8,src3"
V0399 named,6,107,64,1.330549529447322,1.1830419908440042,1.2567957601456632,TYC_3452_787_1|gaia_774271076054448768_src2|gaia_774287774887292672_src5|gaia_774288805679445888_src7|gaia_774289488578357504_src6|gaia_774384016513181696_src3,"TYC_3452_787_1,src2,src5,src7,src6,src3"
V0399 named,6,107,64,1.330549529447322,1.1830419908440042,1.2567957601456632,TYC_3452_787_1|gaia_774271076054448768_src2|gaia_774287774887292672_src5|gaia_774288805679445888_src7|gaia_774290626745586944_src8|gaia_774384016513181696_src3,"TYC_3452_787_1,src2,src5,src7,src8,src3"
V0399 named,6,107,64,1.330549529447322,1.1830419908440042,1.2567957601456632,TYC_3452_787_1|gaia_774271076054448768_src2|gaia_774287774887292672_src5|gaia_774289488578357504_src6|gaia_774290626745586944_src8|gaia_774384016513181696_src3,"TYC_3452_787_1,src2,src5,src6,src8,src3"
V0399 named,6,107,64,1.330549529447322,1.1830419908440042,1.2567957601456632,TYC_3452_787_1|gaia_774272862760870784_src1|gaia_774287774887292672_src5|gaia_774288805679445888_src7|gaia_774289488578357504_src6|gaia_774384016513181696_src3,"TYC_3452_787_1,src1,src5,src7,src6,src3"
V0399 named,6,107,64,1.330549529447322,1.1830419908440042,1.2567957601456632,TYC_3452_787_1|gaia_774272862760870784_src1|gaia_774287774887292672_src5|gaia_774288805679445888_src7|gaia_774290626745586944_src8|gaia_774384016513181696_src3,"TYC_3452_787_1,src1,src5,src7,src8,src3"
V0399 named,6,107,64,1.330549529447322,1.1830419908440042,1.2567957601456632,TYC_3452_787_1|gaia_774272862760870784_src1|gaia_774287774887292672_src5|gaia_774289488578357504_src6|gaia_774290626745586944_src8|gaia_774384016513181696_src3,"TYC_3452_787_1,src1,src5,src6,src8,src3"
V0399 named,6,107,64,1.330549529447322,1.1830419908440042,1.2567957601456632,gaia_774271076054448768_src2|gaia_774272862760870784_src1|gaia_774287774887292672_src5|gaia_774288805679445888_src7|gaia_774289488578357504_src6|gaia_774384016513181696_src3,"src2,src1,src5,src7,src6,src3"
V0399 named,6,107,64,1.330549529447322,1.1830419908440042,1.2567957601456632,gaia_774271076054448768_src2|gaia_774272862760870784_src1|gaia_774287774887292672_src5|gaia_774288805679445888_src7|gaia_774290626745586944_src8|gaia_774384016513181696_src3,"src2,src1,src5,src7,src8,src3"
V0399 named,6,107,64,1.330549529447322,1.1830419908440042,1.2567957601456632,gaia_774271076054448768_src2|gaia_774272862760870784_src1|gaia_774287774887292672_src5|gaia_774289488578357504_src6|gaia_774290626745586944_src8|gaia_774384016513181696_src3,"src2,src1,src5,src6,src8,src3"
V0399 named,8,107,64,1.330549529447322,1.1830419908440042,1.2567957601456632,HD_103187|HD_103405|TYC_3452_787_1|gaia_774287774887292672_src5|gaia_774288805679445888_src7|gaia_774289488578357504_src6|gaia_774290626745586944_src8|gaia_774384016513181696_src3,"HD_103187,HD_103405,TYC_3452_787_1,src5,src7,src6,src8,src3"
V0399 named,8,107,64,1.330549529447322,1.1830419908440042,1.2567957601456632,HD_103187|HD_103405|gaia_774271076054448768_src2|gaia_774287774887292672_src5|gaia_774288805679445888_src7|gaia_774289488578357504_src6|gaia_774290626745586944_src8|gaia_774384016513181696_src3,"HD_103187,HD_103405,src2,src5,src7,src6,src8,src3"
V0399 named,8,107,64,1.330549529447322,1.1830419908440042,1.2567957601456632,HD_103187|HD_103405|gaia_774272862760870784_src1|gaia_774287774887292672_src5|gaia_774288805679445888_src7|gaia_774289488578357504_src6|gaia_774290626745586944_src8|gaia_774384016513181696_src3,"HD_103187,HD_103405,src1,src5,src7,src6,src8,src3"
V0399 named,8,107,64,1.330549529447322,1.1830419908440042,1.2567957601456632,HD_103187|TYC_3452_787_1|gaia_774271076054448768_src2|gaia_774287774887292672_src5|gaia_774288805679445888_src7|gaia_774289488578357504_src6|gaia_774290626745586944_src8|gaia_774384016513181696_src3,"HD_103187,TYC_3452_787_1,src2,src5,src7,src6,src8,src3"
V0399 named,8,107,64,1.330549529447322,1.1830419908440042,1.2567957601456632,HD_103187|TYC_3452_787_1|gaia_774272862760870784_src1|gaia_774287774887292672_src5|gaia_774288805679445888_src7|gaia_774289488578357504_src6|gaia_774290626745586944_src8|gaia_774384016513181696_src3,"HD_103187,TYC_3452_787_1,src1,src5,src7,src6,src8,src3"
V0399 named,8,107,64,1.330549529447322,1.1830419908440042,1.2567957601456632,HD_103187|gaia_774271076054448768_src2|gaia_774272862760870784_src1|gaia_774287774887292672_src5|gaia_774288805679445888_src7|gaia_774289488578357504_src6|gaia_774290626745586944_src8|gaia_774384016513181696_src3,"HD_103187,src2,src1,src5,src7,src6,src8,src3"
V0399 named,8,107,64,1.330549529447322,1.1830419908440042,1.2567957601456632,HD_103405|TYC_3452_787_1|gaia_774271076054448768_src2|gaia_774287774887292672_src5|gaia_774288805679445888_src7|gaia_774289488578357504_src6|gaia_774290626745586944_src8|gaia_774384016513181696_src3,"HD_103405,TYC_3452_787_1,src2,src5,src7,src6,src8,src3"
V0399 named,8,107,64,1.330549529447322,1.1830419908440042,1.2567957601456632,HD_103405|TYC_3452_787_1|gaia_774272862760870784_src1|gaia_774287774887292672_src5|gaia_774288805679445888_src7|gaia_774289488578357504_src6|gaia_774290626745586944_src8|gaia_774384016513181696_src3,"HD_103405,TYC_3452_787_1,src1,src5,src7,src6,src8,src3"
V0399 named,8,107,64,1.330549529447322,1.1830419908440042,1.2567957601456632,HD_103405|gaia_774271076054448768_src2|gaia_774272862760870784_src1|gaia_774287774887292672_src5|gaia_774288805679445888_src7|gaia_774289488578357504_src6|gaia_774290626745586944_src8|gaia_774384016513181696_src3,"HD_103405,src2,src1,src5,src7,src6,src8,src3"
V0399 named,8,107,64,1.330549529447322,1.1830419908440042,1.2567957601456632,TYC_3452_787_1|gaia_774271076054448768_src2|gaia_774272862760870784_src1|gaia_774287774887292672_src5|gaia_774288805679445888_src7|gaia_774289488578357504_src6|gaia_774290626745586944_src8|gaia_774384016513181696_src3,"TYC_3452_787_1,src2,src1,src5,src7,src6,src8,src3"
V0399 named,4,107,64,1.2071707029921388,1.3235713155803048,1.2653710092862218,HD_103187|HD_103405|TYC_3452_787_1|gaia_774271076054448768_src2,"HD_103187,HD_103405,TYC_3452_787_1,src2"
V0399 named,4,107,64,1.2071707029921388,1.3235713155803048,1.2653710092862218,HD_103187|HD_103405|TYC_3452_787_1|gaia_774272862760870784_src1,"HD_103187,HD_103405,TYC_3452_787_1,src1"
V0399 named,4,107,64,1.2071707029921388,1.3235713155803048,1.2653710092862218,HD_103187|HD_103405|TYC_3452_787_1|gaia_774287774887292672_src5,"HD_103187,HD_103405,TYC_3452_787_1,src5"
V0399 named,4,107,64,1.2071707029921388,1.3235713155803048,1.2653710092862218,HD_103187|HD_103405|TYC_3452_787_1|gaia_774288805679445888_src7,"HD_103187,HD_103405,TYC_3452_787_1,src7"
V0399 named,4,107,64,1.2071707029921388,1.3235713155803048,1.2653710092862218,HD_103187|HD_103405|TYC_3452_787_1|gaia_774289041901756032_src4,"HD_103187,HD_103405,TYC_3452_787_1,src4"
V0399 named,4,107,64,1.2071707029921388,1.3235713155803048,1.2653710092862218,HD_103187|HD_103405|TYC_3452_787_1|gaia_774289488578357504_src6,"HD_103187,HD_103405,TYC_3452_787_1,src6"
V0399 named,4,107,64,1.2071707029921388,1.3235713155803048,1.2653710092862218,HD_103187|HD_103405|TYC_3452_787_1|gaia_774290626745586944_src8,"HD_103187,HD_103405,TYC_3452_787_1,src8"
V0399 named,4,107,64,1.2071707029921388,1.3235713155803048,1.2653710092862218,HD_103187|HD_103405|TYC_3452_787_1|gaia_774384016513181696_src3,"HD_103187,HD_103405,TYC_3452_787_1,src3"
V0399 named,4,107,64,1.2249234705127712,1.3086202048997453,1.2667718377062582,HD_103187|gaia_774271076054448768_src2|gaia_774272862760870784_src1|gaia_774287774887292672_src5,"HD_103187,src2,src1,src5"
V0399 named,4,107,64,1.2249234705127712,1.3086202048997453,1.2667718377062582,HD_103187|gaia_774271076054448768_src2|gaia_774272862760870784_src1|gaia_774288805679445888_src7,"HD_103187,src2,src1,src7"
V0399 named,4,107,64,1.2249234705127712,1.3086202048997453,1.2667718377062582,HD_103187|gaia_774271076054448768_src2|gaia_774272862760870784_src1|gaia_774289041901756032_src4,"HD_103187,src2,src1,src4"
V0399 named,4,107,64,1.2249234705127712,1.3086202048997453,1.2667718377062582,HD_103187|gaia_774271076054448768_src2|gaia_774272862760870784_src1|gaia_774289488578357504_src6,"HD_103187,src2,src1,src6"
V0399 named,4,107,64,1.2249234705127712,1.3086202048997453,1.2667718377062582,HD_103187|gaia_774271076054448768_src2|gaia_774272862760870784_src1|gaia_774290626745586944_src8,"HD_103187,src2,src1,src8"
V0399 named,4,107,64,1.2249234705127712,1.3086202048997453,1.2667718377062582,HD_103187|gaia_774271076054448768_src2|gaia_774272862760870784_src1|gaia_774384016513181696_src3,"HD_103187,src2,src1,src3"
V0399 named,4,107,64,1.2249234705127712,1.3086202048997453,1.2667718377062582,HD_103405|gaia_774271076054448768_src2|gaia_774272862760870784_src1|gaia_774287774887292672_src5,"HD_103405,src2,src1,src5"
V0399 named,4,107,64,1.2249234705127712,1.3086202048997453,1.2667718377062582,HD_103405|gaia_774271076054448768_src2|gaia_774272862760870784_src1|gaia_774288805679445888_src7,"HD_103405,src2,src1,src7"
V0399 named,4,107,64,1.2249234705127712,1.3086202048997453,1.2667718377062582,HD_103405|gaia_774271076054448768_src2|gaia_774272862760870784_src1|gaia_774289041901756032_src4,"HD_103405,src2,src1,src4"
V0399 named,4,107,64,1.2249234705127712,1.3086202048997453,1.2667718377062582,HD_103405|gaia_774271076054448768_src2|gaia_774272862760870784_src1|gaia_774289488578357504_src6,"HD_103405,src2,src1,src6"
V0399 named,4,107,64,1.2249234705127712,1.3086202048997453,1.2667718377062582,HD_103405|gaia_774271076054448768_src2|gaia_774272862760870784_src1|gaia_774290626745586944_src8,"HD_103405,src2,src1,src8"
V0399 named,4,107,64,1.2249234705127712,1.3086202048997453,1.2667718377062582,HD_103405|gaia_774271076054448768_src2|gaia_774272862760870784_src1|gaia_774384016513181696_src3,"HD_103405,src2,src1,src3"
V0399 named,4,107,64,1.2249234705127712,1.3086202048997453,1.2667718377062582,TYC_3452_787_1|gaia_774271076054448768_src2|gaia_774272862760870784_src1|gaia_774287774887292672_src5,"TYC_3452_787_1,src2,src1,src5"
V0399 named,4,107,64,1.2249234705127712,1.3086202048997453,1.2667718377062582,TYC_3452_787_1|gaia_774271076054448768_src2|gaia_774272862760870784_src1|gaia_774288805679445888_src7,"TYC_3452_787_1,src2,src1,src7"
V0399 named,4,107,64,1.2249234705127712,1.3086202048997453,1.2667718377062582,TYC_3452_787_1|gaia_774271076054448768_src2|gaia_774272862760870784_src1|gaia_774289041901756032_src4,"TYC_3452_787_1,src2,src1,src4"
V0399 named,4,107,64,1.2249234705127712,1.3086202048997453,1.2667718377062582,TYC_3452_787_1|gaia_774271076054448768_src2|gaia_774272862760870784_src1|gaia_774289488578357504_src6,"TYC_3452_787_1,src2,src1,src6"
V0399 named,4,107,64,1.2249234705127712,1.3086202048997453,1.2667718377062582,TYC_3452_787_1|gaia_774271076054448768_src2|gaia_774272862760870784_src1|gaia_774290626745586944_src8,"TYC_3452_787_1,src2,src1,src8"
V0399 named,4,107,64,1.2249234705127712,1.3086202048997453,1.2667718377062582,TYC_3452_787_1|gaia_774271076054448768_src2|gaia_774272862760870784_src1|gaia_774384016513181696_src3,"TYC_3452_787_1,src2,src1,src3"
V0399 named,6,107,64,1.2249234705127712,1.3086202048997453,1.2667718377062582,HD_103187|HD_103405|gaia_774271076054448768_src2|gaia_774272862760870784_src1|gaia_774287774887292672_src5|gaia_774288805679445888_src7,"HD_103187,HD_103405,src2,src1,src5,src7"
V0399 named,6,107,64,1.2249234705127712,1.3086202048997453,1.2667718377062582,HD_103187|HD_103405|gaia_774271076054448768_src2|gaia_774272862760870784_src1|gaia_774287774887292672_src5|gaia_774289041901756032_src4,"HD_103187,HD_103405,src2,src1,src5,src4"
V0399 named,6,107,64,1.2249234705127712,1.3086202048997453,1.2667718377062582,HD_103187|HD_103405|gaia_774271076054448768_src2|gaia_774272862760870784_src1|gaia_774287774887292672_src5|gaia_774289488578357504_src6,"HD_103187,HD_103405,src2,src1,src5,src6"
V0399 named,6,107,64,1.2249234705127712,1.3086202048997453,1.2667718377062582,HD_103187|HD_103405|gaia_774271076054448768_src2|gaia_774272862760870784_src1|gaia_774287774887292672_src5|gaia_774290626745586944_src8,"HD_103187,HD_103405,src2,src1,src5,src8"
V0399 named,6,107,64,1.2249234705127712,1.3086202048997453,1.2667718377062582,HD_103187|HD_103405|gaia_774271076054448768_src2|gaia_774272862760870784_src1|gaia_774287774887292672_src5|gaia_774384016513181696_src3,"HD_103187,HD_103405,src2,src1,src5,src3"
V0399 named,6,107,64,1.2249234705127712,1.3086202048997453,1.2667718377062582,HD_103187|HD_103405|gaia_774271076054448768_src2|gaia_774272862760870784_src1|gaia_774288805679445888_src7|gaia_774289041901756032_src4,"HD_103187,HD_103405,src2,src1,src7,src4"
V0399 named,6,107,64,1.2249234705127712,1.3086202048997453,1.2667718377062582,HD_103187|HD_103405|gaia_774271076054448768_src2|gaia_774272862760870784_src1|gaia_774288805679445888_src7|gaia_774289488578357504_src6,"HD_103187,HD_103405,src2,src1,src7,src6"
V0399 named,6,107,64,1.2249234705127712,1.3086202048997453,1.2667718377062582,HD_103187|HD_103405|gaia_774271076054448768_src2|gaia_774272862760870784_src1|gaia_774288805679445888_src7|gaia_774290626745586944_src8,"HD_103187,HD_103405,src2,src1,src7,src8"
V0399 named,6,107,64,1.2249234705127712,1.3086202048997453,1.2667718377062582,HD_103187|HD_103405|gaia_774271076054448768_src2|gaia_774272862760870784_src1|gaia_774288805679445888_src7|gaia_774384016513181696_src3,"HD_103187,HD_103405,src2,src1,src7,src3"
V0399 named,6,107,64,1.2249234705127712,1.3086202048997453,1.2667718377062582,HD_103187|HD_103405|gaia_774271076054448768_src2|gaia_774272862760870784_src1|gaia_774289041901756032_src4|gaia_774289488578357504_src6,"HD_103187,HD_103405,src2,src1,src4,src6"
V0399 named,6,107,64,1.2249234705127712,1.3086202048997453,1.2667718377062582,HD_103187|HD_103405|gaia_774271076054448768_src2|gaia_774272862760870784_src1|gaia_774289041901756032_src4|gaia_774290626745586944_src8,"HD_103187,HD_103405,src2,src1,src4,src8"
V0399 named,6,107,64,1.2249234705127712,1.3086202048997453,1.2667718377062582,HD_103187|HD_103405|gaia_774271076054448768_src2|gaia_774272862760870784_src1|gaia_774289041901756032_src4|gaia_774384016513181696_src3,"HD_103187,HD_103405,src2,src1,src4,src3"
V0399 named,6,107,64,1.2249234705127712,1.3086202048997453,1.2667718377062582,HD_103187|HD_103405|gaia_774271076054448768_src2|gaia_774272862760870784_src1|gaia_774289488578357504_src6|gaia_774290626745586944_src8,"HD_103187,HD_103405,src2,src1,src6,src8"
V0399 named,6,107,64,1.2249234705127712,1.3086202048997453,1.2667718377062582,HD_103187|HD_103405|gaia_774271076054448768_src2|gaia_774272862760870784_src1|gaia_774289488578357504_src6|gaia_774384016513181696_src3,"HD_103187,HD_103405,src2,src1,src6,src3"
V0399 named,6,107,64,1.2249234705127712,1.3086202048997453,1.2667718377062582,HD_103187|HD_103405|gaia_774271076054448768_src2|gaia_774272862760870784_src1|gaia_774290626745586944_src8|gaia_774384016513181696_src3,"HD_103187,HD_103405,src2,src1,src8,src3"
V0399 named,6,107,64,1.2249234705127712,1.3086202048997453,1.2667718377062582,HD_103187|TYC_3452_787_1|gaia_774271076054448768_src2|gaia_774272862760870784_src1|gaia_774287774887292672_src5|gaia_774288805679445888_src7,"HD_103187,TYC_3452_787_1,src2,src1,src5,src7"
V0399 named,6,107,64,1.2249234705127712,1.3086202048997453,1.2667718377062582,HD_103187|TYC_3452_787_1|gaia_774271076054448768_src2|gaia_774272862760870784_src1|gaia_774287774887292672_src5|gaia_774289041901756032_src4,"HD_103187,TYC_3452_787_1,src2,src1,src5,src4"
V0399 named,6,107,64,1.2249234705127712,1.3086202048997453,1.2667718377062582,HD_103187|TYC_3452_787_1|gaia_774271076054448768_src2|gaia_774272862760870784_src1|gaia_774287774887292672_src5|gaia_774289488578357504_src6,"HD_103187,TYC_3452_787_1,src2,src1,src5,src6"
V0399 named,6,107,64,1.2249234705127712,1.3086202048997453,1.2667718377062582,HD_103187|TYC_3452_787_1|gaia_774271076054448768_src2|gaia_774272862760870784_src1|gaia_774287774887292672_src5|gaia_774290626745586944_src8,"HD_103187,TYC_3452_787_1,src2,src1,src5,src8"
V0399 named,6,107,64,1.2249234705127712,1.3086202048997453,1.2667718377062582,HD_103187|TYC_3452_787_1|gaia_774271076054448768_src2|gaia_774272862760870784_src1|gaia_774287774887292672_src5|gaia_774384016513181696_src3,"HD_103187,TYC_3452_787_1,src2,src1,src5,src3"
V0399 named,6,107,64,1.2249234705127712,1.3086202048997453,1.2667718377062582,HD_103187|TYC_3452_787_1|gaia_774271076054448768_src2|gaia_774272862760870784_src1|gaia_774288805679445888_src7|gaia_774289041901756032_src4,"HD_103187,TYC_3452_787_1,src2,src1,src7,src4"
V0399 named,6,107,64,1.2249234705127712,1.3086202048997453,1.2667718377062582,HD_103187|TYC_3452_787_1|gaia_774271076054448768_src2|gaia_774272862760870784_src1|gaia_774288805679445888_src7|gaia_774289488578357504_src6,"HD_103187,TYC_3452_787_1,src2,src1,src7,src6"
V0399 named,6,107,64,1.2249234705127712,1.3086202048997453,1.2667718377062582,HD_103187|TYC_3452_787_1|gaia_774271076054448768_src2|gaia_774272862760870784_src1|gaia_774288805679445888_src7|gaia_774290626745586944_src8,"HD_103187,TYC_3452_787_1,src2,src1,src7,src8"
V0399 named,6,107,64,1.2249234705127712,1.3086202048997453,1.2667718377062582,HD_103187|TYC_3452_787_1|gaia_774271076054448768_src2|gaia_774272862760870784_src1|gaia_774288805679445888_src7|gaia_774384016513181696_src3,"HD_103187,TYC_3452_787_1,src2,src1,src7,src3"
V0399 named,6,107,64,1.2249234705127712,1.3086202048997453,1.2667718377062582,HD_103187|TYC_3452_787_1|gaia_774271076054448768_src2|gaia_774272862760870784_src1|gaia_774289041901756032_src4|gaia_774289488578357504_src6,"HD_103187,TYC_3452_787_1,src2,src1,src4,src6"
V0399 named,6,107,64,1.2249234705127712,1.3086202048997453,1.2667718377062582,HD_103187|TYC_3452_787_1|gaia_774271076054448768_src2|gaia_774272862760870784_src1|gaia_774289041901756032_src4|gaia_774290626745586944_src8,"HD_103187,TYC_3452_787_1,src2,src1,src4,src8"
V0399 named,6,107,64,1.2249234705127712,1.3086202048997453,1.2667718377062582,HD_103187|TYC_3452_787_1|gaia_774271076054448768_src2|gaia_774272862760870784_src1|gaia_774289041901756032_src4|gaia_774384016513181696_src3,"HD_103187,TYC_3452_787_1,src2,src1,src4,src3"
V0399 named,6,107,64,1.2249234705127712,1.3086202048997453,1.2667718377062582,HD_103187|TYC_3452_787_1|gaia_774271076054448768_src2|gaia_774272862760870784_src1|gaia_774289488578357504_src6|gaia_774290626745586944_src8,"HD_103187,TYC_3452_787_1,src2,src1,src6,src8"
V0399 named,6,107,64,1.2249234705127712,1.3086202048997453,1.2667718377062582,HD_103187|TYC_3452_787_1|gaia_774271076054448768_src2|gaia_774272862760870784_src1|gaia_774289488578357504_src6|gaia_774384016513181696_src3,"HD_103187,TYC_3452_787_1,src2,src1,src6,src3"
V0399 named,6,107,64,1.2249234705127712,1.3086202048997453,1.2667718377062582,HD_103187|TYC_3452_787_1|gaia_774271076054448768_src2|gaia_774272862760870784_src1|gaia_774290626745586944_src8|gaia_774384016513181696_src3,"HD_103187,TYC_3452_787_1,src2,src1,src8,src3"
V0399 named,6,107,64,1.2249234705127712,1.3086202048997453,1.2667718377062582,HD_103405|TYC_3452_787_1|gaia_774271076054448768_src2|gaia_774272862760870784_src1|gaia_774287774887292672_src5|gaia_774288805679445888_src7,"HD_103405,TYC_3452_787_1,src2,src1,src5,src7"
V0399 named,6,107,64,1.2249234705127712,1.3086202048997453,1.2667718377062582,HD_103405|TYC_3452_787_1|gaia_774271076054448768_src2|gaia_774272862760870784_src1|gaia_774287774887292672_src5|gaia_774289041901756032_src4,"HD_103405,TYC_3452_787_1,src2,src1,src5,src4"
V0399 named,6,107,64,1.2249234705127712,1.3086202048997453,1.2667718377062582,HD_103405|TYC_3452_787_1|gaia_774271076054448768_src2|gaia_774272862760870784_src1|gaia_774287774887292672_src5|gaia_774289488578357504_src6,"HD_103405,TYC_3452_787_1,src2,src1,src5,src6"
V0399 named,6,107,64,1.2249234705127712,1.3086202048997453,1.2667718377062582,HD_103405|TYC_3452_787_1|gaia_774271076054448768_src2|gaia_774272862760870784_src1|gaia_774287774887292672_src5|gaia_774290626745586944_src8,"HD_103405,TYC_3452_787_1,src2,src1,src5,src8"
V0399 named,6,107,64,1.2249234705127712,1.3086202048997453,1.2667718377062582,HD_103405|TYC_3452_787_1|gaia_774271076054448768_src2|gaia_774272862760870784_src1|gaia_774287774887292672_src5|gaia_774384016513181696_src3,"HD_103405,TYC_3452_787_1,src2,src1,src5,src3"
V0399 named,6,107,64,1.2249234705127712,1.3086202048997453,1.2667718377062582,HD_103405|TYC_3452_787_1|gaia_774271076054448768_src2|gaia_774272862760870784_src1|gaia_774288805679445888_src7|gaia_774289041901756032_src4,"HD_103405,TYC_3452_787_1,src2,src1,src7,src4"
V0399 named,6,107,64,1.2249234705127712,1.3086202048997453,1.2667718377062582,HD_103405|TYC_3452_787_1|gaia_774271076054448768_src2|gaia_774272862760870784_src1|gaia_774288805679445888_src7|gaia_774289488578357504_src6,"HD_103405,TYC_3452_787_1,src2,src1,src7,src6"
V0399 named,6,107,64,1.2249234705127712,1.3086202048997453,1.2667718377062582,HD_103405|TYC_3452_787_1|gaia_774271076054448768_src2|gaia_774272862760870784_src1|gaia_774288805679445888_src7|gaia_774290626745586944_src8,"HD_103405,TYC_3452_787_1,src2,src1,src7,src8"
V0399 named,6,107,64,1.2249234705127712,1.3086202048997453,1.2667718377062582,HD_103405|TYC_3452_787_1|gaia_774271076054448768_src2|gaia_774272862760870784_src1|gaia_774288805679445888_src7|gaia_774384016513181696_src3,"HD_103405,TYC_3452_787_1,src2,src1,src7,src3"
V0399 named,6,107,64,1.2249234705127712,1.3086202048997453,1.2667718377062582,HD_103405|TYC_3452_787_1|gaia_774271076054448768_src2|gaia_774272862760870784_src1|gaia_774289041901756032_src4|gaia_774289488578357504_src6,"HD_103405,TYC_3452_787_1,src2,src1,src4,src6"
V0399 named,6,107,64,1.2249234705127712,1.3086202048997453,1.2667718377062582,HD_103405|TYC_3452_787_1|gaia_774271076054448768_src2|gaia_774272862760870784_src1|gaia_774289041901756032_src4|gaia_774290626745586944_src8,"HD_103405,TYC_3452_787_1,src2,src1,src4,src8"
V0399 named,6,107,64,1.2249234705127712,1.3086202048997453,1.2667718377062582,HD_103405|TYC_3452_787_1|gaia_774271076054448768_src2|gaia_774272862760870784_src1|gaia_774289041901756032_src4|gaia_774384016513181696_src3,"HD_103405,TYC_3452_787_1,src2,src1,src4,src3"
V0399 named,6,107,64,1.2249234705127712,1.3086202048997453,1.2667718377062582,HD_103405|TYC_3452_787_1|gaia_774271076054448768_src2|gaia_774272862760870784_src1|gaia_774289488578357504_src6|gaia_774290626745586944_src8,"HD_103405,TYC_3452_787_1,src2,src1,src6,src8"
V0399 named,6,107,64,1.2249234705127712,1.3086202048997453,1.2667718377062582,HD_103405|TYC_3452_787_1|gaia_774271076054448768_src2|gaia_774272862760870784_src1|gaia_774289488578357504_src6|gaia_774384016513181696_src3,"HD_103405,TYC_3452_787_1,src2,src1,src6,src3"
V0399 named,6,107,64,1.2249234705127712,1.3086202048997453,1.2667718377062582,HD_103405|TYC_3452_787_1|gaia_774271076054448768_src2|gaia_774272862760870784_src1|gaia_774290626745586944_src8|gaia_774384016513181696_src3,"HD_103405,TYC_3452_787_1,src2,src1,src8,src3"
V0399 named,8,107,64,1.2249234705127712,1.3086202048997453,1.2667718377062582,HD_103187|HD_103405|TYC_3452_787_1|gaia_774271076054448768_src2|gaia_774272862760870784_src1|gaia_774287774887292672_src5|gaia_774288805679445888_src7|gaia_774289041901756032_src4,"HD_103187,HD_103405,TYC_3452_787_1,src2,src1,src5,src7,src4"
V0399 named,8,107,64,1.2249234705127712,1.3086202048997453,1.2667718377062582,HD_103187|HD_103405|TYC_3452_787_1|gaia_774271076054448768_src2|gaia_774272862760870784_src1|gaia_774287774887292672_src5|gaia_774288805679445888_src7|gaia_774289488578357504_src6,"HD_103187,HD_103405,TYC_3452_787_1,src2,src1,src5,src7,src6"
V0399 named,8,107,64,1.2249234705127712,1.3086202048997453,1.2667718377062582,HD_103187|HD_103405|TYC_3452_787_1|gaia_774271076054448768_src2|gaia_774272862760870784_src1|gaia_774287774887292672_src5|gaia_774288805679445888_src7|gaia_774290626745586944_src8,"HD_103187,HD_103405,TYC_3452_787_1,src2,src1,src5,src7,src8"
V0399 named,8,107,64,1.2249234705127712,1.3086202048997453,1.2667718377062582,HD_103187|HD_103405|TYC_3452_787_1|gaia_774271076054448768_src2|gaia_774272862760870784_src1|gaia_774287774887292672_src5|gaia_774288805679445888_src7|gaia_774384016513181696_src3,"HD_103187,HD_103405,TYC_3452_787_1,src2,src1,src5,src7,src3"
V0399 named,8,107,64,1.2249234705127712,1.3086202048997453,1.2667718377062582,HD_103187|HD_103405|TYC_3452_787_1|gaia_774271076054448768_src2|gaia_774272862760870784_src1|gaia_774287774887292672_src5|gaia_774289041901756032_src4|gaia_774289488578357504_src6,"HD_103187,HD_103405,TYC_3452_787_1,src2,src1,src5,src4,src6"
V0399 named,8,107,64,1.2249234705127712,1.3086202048997453,1.2667718377062582,HD_103187|HD_103405|TYC_3452_787_1|gaia_774271076054448768_src2|gaia_774272862760870784_src1|gaia_774287774887292672_src5|gaia_774289041901756032_src4|gaia_774290626745586944_src8,"HD_103187,HD_103405,TYC_3452_787_1,src2,src1,src5,src4,src8"
V0399 named,8,107,64,1.2249234705127712,1.3086202048997453,1.2667718377062582,HD_103187|HD_103405|TYC_3452_787_1|gaia_774271076054448768_src2|gaia_774272862760870784_src1|gaia_774287774887292672_src5|gaia_774289041901756032_src4|gaia_774384016513181696_src3,"HD_103187,HD_103405,TYC_3452_787_1,src2,src1,src5,src4,src3"
V0399 named,8,107,64,1.2249234705127712,1.3086202048997453,1.2667718377062582,HD_103187|HD_103405|TYC_3452_787_1|gaia_774271076054448768_src2|gaia_774272862760870784_src1|gaia_774287774887292672_src5|gaia_774289488578357504_src6|gaia_774290626745586944_src8,"HD_103187,HD_103405,TYC_3452_787_1,src2,src1,src5,src6,src8"
V0399 named,8,107,64,1.2249234705127712,1.3086202048997453,1.2667718377062582,HD_103187|HD_103405|TYC_3452_787_1|gaia_774271076054448768_src2|gaia_774272862760870784_src1|gaia_774287774887292672_src5|gaia_774289488578357504_src6|gaia_774384016513181696_src3,"HD_103187,HD_103405,TYC_3452_787_1,src2,src1,src5,src6,src3"
V0399 named,8,107,64,1.2249234705127712,1.3086202048997453,1.2667718377062582,HD_103187|HD_103405|TYC_3452_787_1|gaia_774271076054448768_src2|gaia_774272862760870784_src1|gaia_774287774887292672_src5|gaia_774290626745586944_src8|gaia_774384016513181696_src3,"HD_103187,HD_103405,TYC_3452_787_1,src2,src1,src5,src8,src3"
V0399 named,8,107,64,1.2249234705127712,1.3086202048997453,1.2667718377062582,HD_103187|HD_103405|TYC_3452_787_1|gaia_774271076054448768_src2|gaia_774272862760870784_src1|gaia_774288805679445888_src7|gaia_774289041901756032_src4|gaia_774289488578357504_src6,"HD_103187,HD_103405,TYC_3452_787_1,src2,src1,src7,src4,src6"
V0399 named,8,107,64,1.2249234705127712,1.3086202048997453,1.2667718377062582,HD_103187|HD_103405|TYC_3452_787_1|gaia_774271076054448768_src2|gaia_774272862760870784_src1|gaia_774288805679445888_src7|gaia_774289041901756032_src4|gaia_774290626745586944_src8,"HD_103187,HD_103405,TYC_3452_787_1,src2,src1,src7,src4,src8"
V0399 named,8,107,64,1.2249234705127712,1.3086202048997453,1.2667718377062582,HD_103187|HD_103405|TYC_3452_787_1|gaia_774271076054448768_src2|gaia_774272862760870784_src1|gaia_774288805679445888_src7|gaia_774289041901756032_src4|gaia_774384016513181696_src3,"HD_103187,HD_103405,TYC_3452_787_1,src2,src1,src7,src4,src3"
V0399 named,8,107,64,1.2249234705127712,1.3086202048997453,1.2667718377062582,HD_103187|HD_103405|TYC_3452_787_1|gaia_774271076054448768_src2|gaia_774272862760870784_src1|gaia_774288805679445888_src7|gaia_774289488578357504_src6|gaia_774290626745586944_src8,"HD_103187,HD_103405,TYC_3452_787_1,src2,src1,src7,src6,src8"
V0399 named,8,107,64,1.2249234705127712,1.3086202048997453,1.2667718377062582,HD_103187|HD_103405|TYC_3452_787_1|gaia_774271076054448768_src2|gaia_774272862760870784_src1|gaia_774288805679445888_src7|gaia_774289488578357504_src6|gaia_774384016513181696_src3,"HD_103187,HD_103405,TYC_3452_787_1,src2,src1,src7,src6,src3"
V0399 named,8,107,64,1.2249234705127712,1.3086202048997453,1.2667718377062582,HD_103187|HD_103405|TYC_3452_787_1|gaia_774271076054448768_src2|gaia_774272862760870784_src1|gaia_774288805679445888_src7|gaia_774290626745586944_src8|gaia_774384016513181696_src3,"HD_103187,HD_103405,TYC_3452_787_1,src2,src1,src7,src8,src3"
V0399 named,8,107,64,1.2249234705127712,1.3086202048997453,1.2667718377062582,HD_103187|HD_103405|TYC_3452_787_1|gaia_774271076054448768_src2|gaia_774272862760870784_src1|gaia_774289041901756032_src4|gaia_774289488578357504_src6|gaia_774290626745586944_src8,"HD_103187,HD_103405,TYC_3452_787_1,src2,src1,src4,src6,src8"
V0399 named,8,107,64,1.2249234705127712,1.3086202048997453,1.2667718377062582,HD_103187|HD_103405|TYC_3452_787_1|gaia_774271076054448768_src2|gaia_774272862760870784_src1|gaia_774289041901756032_src4|gaia_774289488578357504_src6|gaia_774384016513181696_src3,"HD_103187,HD_103405,TYC_3452_787_1,src2,src1,src4,src6,src3"
V0399 named,8,107,64,1.2249234705127712,1.3086202048997453,1.2667718377062582,HD_103187|HD_103405|TYC_3452_787_1|gaia_774271076054448768_src2|gaia_774272862760870784_src1|gaia_774289041901756032_src4|gaia_774290626745586944_src8|gaia_774384016513181696_src3,"HD_103187,HD_103405,TYC_3452_787_1,src2,src1,src4,src8,src3"
V0399 named,8,107,64,1.2249234705127712,1.3086202048997453,1.2667718377062582,HD_103187|HD_103405|TYC_3452_787_1|gaia_774271076054448768_src2|gaia_774272862760870784_src1|gaia_774289488578357504_src6|gaia_774290626745586944_src8|gaia_774384016513181696_src3,"HD_103187,HD_103405,TYC_3452_787_1,src2,src1,src6,src8,src3"
V0399 named,4,107,64,1.3112081162648455,1.2454928393955234,1.2783504778301844,HD_103187|TYC_3452_787_1|gaia_774271076054448768_src2|gaia_774287774887292672_src5,"HD_103187,TYC_3452_787_1,src2,src5"
V0399 named,4,107,64,1.3112081162648455,1.2454928393955234,1.2783504778301844,HD_103187|TYC_3452_787_1|gaia_774271076054448768_src2|gaia_774288805679445888_src7,"HD_103187,TYC_3452_787_1,src2,src7"
V0399 named,4,107,64,1.3112081162648455,1.2454928393955234,1.2783504778301844,HD_103187|TYC_3452_787_1|gaia_774271076054448768_src2|gaia_774289041901756032_src4,"HD_103187,TYC_3452_787_1,src2,src4"
V0399 named,4,107,64,1.3112081162648455,1.2454928393955234,1.2783504778301844,HD_103187|TYC_3452_787_1|gaia_774271076054448768_src2|gaia_774289488578357504_src6,"HD_103187,TYC_3452_787_1,src2,src6"
V0399 named,4,107,64,1.3112081162648455,1.2454928393955234,1.2783504778301844,HD_103187|TYC_3452_787_1|gaia_774271076054448768_src2|gaia_774290626745586944_src8,"HD_103187,TYC_3452_787_1,src2,src8"
V0399 named,4,107,64,1.3112081162648455,1.2454928393955234,1.2783504778301844,HD_103187|TYC_3452_787_1|gaia_774271076054448768_src2|gaia_774384016513181696_src3,"HD_103187,TYC_3452_787_1,src2,src3"
V0399 named,4,107,64,1.2737649025398219,1.2987480123713189,1.2862564574555704,HD_103187|gaia_774272862760870784_src1|gaia_774288805679445888_src7|gaia_774290626745586944_src8,"HD_103187,src1,src7,src8"
V0399 named,4,107,64,1.2737649025398219,1.2987480123713189,1.2862564574555704,HD_103405|gaia_774272862760870784_src1|gaia_774288805679445888_src7|gaia_774290626745586944_src8,"HD_103405,src1,src7,src8"
V0399 named,4,107,64,1.2737649025398219,1.2987480123713189,1.2862564574555704,TYC_3452_787_1|gaia_774272862760870784_src1|gaia_774288805679445888_src7|gaia_774290626745586944_src8,"TYC_3452_787_1,src1,src7,src8"
V0399 named,4,107,64,1.1368114167272811,1.4588835415381218,1.2978474791327015,HD_103187|gaia_774271076054448768_src2|gaia_774287774887292672_src5|gaia_774288805679445888_src7,"HD_103187,src2,src5,src7"
V0399 named,4,107,64,1.1368114167272811,1.4588835415381218,1.2978474791327015,HD_103187|gaia_774271076054448768_src2|gaia_774287774887292672_src5|gaia_774289488578357504_src6,"HD_103187,src2,src5,src6"
V0399 named,4,107,64,1.1368114167272811,1.4588835415381218,1.2978474791327015,HD_103187|gaia_774271076054448768_src2|gaia_774287774887292672_src5|gaia_774290626745586944_src8,"HD_103187,src2,src5,src8"
V0399 named,4,107,64,1.1368114167272811,1.4588835415381218,1.2978474791327015,HD_103405|gaia_774271076054448768_src2|gaia_774287774887292672_src5|gaia_774288805679445888_src7,"HD_103405,src2,src5,src7"
V0399 named,4,107,64,1.1368114167272811,1.4588835415381218,1.2978474791327015,HD_103405|gaia_774271076054448768_src2|gaia_774287774887292672_src5|gaia_774289488578357504_src6,"HD_103405,src2,src5,src6"
V0399 named,4,107,64,1.1368114167272811,1.4588835415381218,1.2978474791327015,HD_103405|gaia_774271076054448768_src2|gaia_774287774887292672_src5|gaia_774290626745586944_src8,"HD_103405,src2,src5,src8"
V0399 named,4,107,64,1.1368114167272811,1.4588835415381218,1.2978474791327015,TYC_3452_787_1|gaia_774271076054448768_src2|gaia_774287774887292672_src5|gaia_774288805679445888_src7,"TYC_3452_787_1,src2,src5,src7"
V0399 named,4,107,64,1.1368114167272811,1.4588835415381218,1.2978474791327015,TYC_3452_787_1|gaia_774271076054448768_src2|gaia_774287774887292672_src5|gaia_774289488578357504_src6,"TYC_3452_787_1,src2,src5,src6"
V0399 named,4,107,64,1.1368114167272811,1.4588835415381218,1.2978474791327015,TYC_3452_787_1|gaia_774271076054448768_src2|gaia_774287774887292672_src5|gaia_774290626745586944_src8,"TYC_3452_787_1,src2,src5,src8"
V0399 named,4,107,64,1.1368114167272811,1.4588835415381218,1.2978474791327015,gaia_774271076054448768_src2|gaia_774272862760870784_src1|gaia_774287774887292672_src5|gaia_774288805679445888_src7,"src2,src1,src5,src7"
V0399 named,4,107,64,1.1368114167272811,1.4588835415381218,1.2978474791327015,gaia_774271076054448768_src2|gaia_774272862760870784_src1|gaia_774287774887292672_src5|gaia_774289488578357504_src6,"src2,src1,src5,src6"
V0399 named,4,107,64,1.1368114167272811,1.4588835415381218,1.2978474791327015,gaia_774271076054448768_src2|gaia_774272862760870784_src1|gaia_774287774887292672_src5|gaia_774290626745586944_src8,"src2,src1,src5,src8"
V0399 named,6,107,64,1.1368114167272811,1.4588835415381218,1.2978474791327015,HD_103187|HD_103405|gaia_774271076054448768_src2|gaia_774287774887292672_src5|gaia_774288805679445888_src7|gaia_774289488578357504_src6,"HD_103187,HD_103405,src2,src5,src7,src6"
V0399 named,6,107,64,1.1368114167272811,1.4588835415381218,1.2978474791327015,HD_103187|HD_103405|gaia_774271076054448768_src2|gaia_774287774887292672_src5|gaia_774288805679445888_src7|gaia_774290626745586944_src8,"HD_103187,HD_103405,src2,src5,src7,src8"
V0399 named,6,107,64,1.1368114167272811,1.4588835415381218,1.2978474791327015,HD_103187|HD_103405|gaia_774271076054448768_src2|gaia_774287774887292672_src5|gaia_774289488578357504_src6|gaia_774290626745586944_src8,"HD_103187,HD_103405,src2,src5,src6,src8"
V0399 named,6,107,64,1.1368114167272811,1.4588835415381218,1.2978474791327015,HD_103187|TYC_3452_787_1|gaia_774271076054448768_src2|gaia_774287774887292672_src5|gaia_774288805679445888_src7|gaia_774289488578357504_src6,"HD_103187,TYC_3452_787_1,src2,src5,src7,src6"
V0399 named,6,107,64,1.1368114167272811,1.4588835415381218,1.2978474791327015,HD_103187|TYC_3452_787_1|gaia_774271076054448768_src2|gaia_774287774887292672_src5|gaia_774288805679445888_src7|gaia_774290626745586944_src8,"HD_103187,TYC_3452_787_1,src2,src5,src7,src8"
V0399 named,6,107,64,1.1368114167272811,1.4588835415381218,1.2978474791327015,HD_103187|TYC_3452_787_1|gaia_774271076054448768_src2|gaia_774287774887292672_src5|gaia_774289488578357504_src6|gaia_774290626745586944_src8,"HD_103187,TYC_3452_787_1,src2,src5,src6,src8"
V0399 named,6,107,64,1.1368114167272811,1.4588835415381218,1.2978474791327015,HD_103187|gaia_774271076054448768_src2|gaia_774272862760870784_src1|gaia_774287774887292672_src5|gaia_774288805679445888_src7|gaia_774289488578357504_src6,"HD_103187,src2,src1,src5,src7,src6"
V0399 named,6,107,64,1.1368114167272811,1.4588835415381218,1.2978474791327015,HD_103187|gaia_774271076054448768_src2|gaia_774272862760870784_src1|gaia_774287774887292672_src5|gaia_774288805679445888_src7|gaia_774290626745586944_src8,"HD_103187,src2,src1,src5,src7,src8"
V0399 named,6,107,64,1.1368114167272811,1.4588835415381218,1.2978474791327015,HD_103187|gaia_774271076054448768_src2|gaia_774272862760870784_src1|gaia_774287774887292672_src5|gaia_774289488578357504_src6|gaia_774290626745586944_src8,"HD_103187,src2,src1,src5,src6,src8"
V0399 named,6,107,64,1.1368114167272811,1.4588835415381218,1.2978474791327015,HD_103405|TYC_3452_787_1|gaia_774271076054448768_src2|gaia_774287774887292672_src5|gaia_774288805679445888_src7|gaia_774289488578357504_src6,"HD_103405,TYC_3452_787_1,src2,src5,src7,src6"
V0399 named,6,107,64,1.1368114167272811,1.4588835415381218,1.2978474791327015,HD_103405|TYC_3452_787_1|gaia_774271076054448768_src2|gaia_774287774887292672_src5|gaia_774288805679445888_src7|gaia_774290626745586944_src8,"HD_103405,TYC_3452_787_1,src2,src5,src7,src8"
V0399 named,6,107,64,1.1368114167272811,1.4588835415381218,1.2978474791327015,HD_103405|TYC_3452_787_1|gaia_774271076054448768_src2|gaia_774287774887292672_src5|gaia_774289488578357504_src6|gaia_774290626745586944_src8,"HD_103405,TYC_3452_787_1,src2,src5,src6,src8"
V0399 named,6,107,64,1.1368114167272811,1.4588835415381218,1.2978474791327015,HD_103405|gaia_774271076054448768_src2|gaia_774272862760870784_src1|gaia_774287774887292672_src5|gaia_774288805679445888_src7|gaia_774289488578357504_src6,"HD_103405,src2,src1,src5,src7,src6"
V0399 named,6,107,64,1.1368114167272811,1.4588835415381218,1.2978474791327015,HD_103405|gaia_774271076054448768_src2|gaia_774272862760870784_src1|gaia_774287774887292672_src5|gaia_774288805679445888_src7|gaia_774290626745586944_src8,"HD_103405,src2,src1,src5,src7,src8"
V0399 named,6,107,64,1.1368114167272811,1.4588835415381218,1.2978474791327015,HD_103405|gaia_774271076054448768_src2|gaia_774272862760870784_src1|gaia_774287774887292672_src5|gaia_774289488578357504_src6|gaia_774290626745586944_src8,"HD_103405,src2,src1,src5,src6,src8"
V0399 named,6,107,64,1.1368114167272811,1.4588835415381218,1.2978474791327015,TYC_3452_787_1|gaia_774271076054448768_src2|gaia_774272862760870784_src1|gaia_774287774887292672_src5|gaia_774288805679445888_src7|gaia_774289488578357504_src6,"TYC_3452_787_1,src2,src1,src5,src7,src6"
V0399 named,6,107,64,1.1368114167272811,1.4588835415381218,1.2978474791327015,TYC_3452_787_1|gaia_774271076054448768_src2|gaia_774272862760870784_src1|gaia_774287774887292672_src5|gaia_774288805679445888_src7|gaia_774290626745586944_src8,"TYC_3452_787_1,src2,src1,src5,src7,src8"
V0399 named,6,107,64,1.1368114167272811,1.4588835415381218,1.2978474791327015,TYC_3452_787_1|gaia_774271076054448768_src2|gaia_774272862760870784_src1|gaia_774287774887292672_src5|gaia_774289488578357504_src6|gaia_774290626745586944_src8,"TYC_3452_787_1,src2,src1,src5,src6,src8"
V0399 named,8,107,64,1.1368114167272811,1.4588835415381218,1.2978474791327015,HD_103187|HD_103405|TYC_3452_787_1|gaia_774271076054448768_src2|gaia_774287774887292672_src5|gaia_774288805679445888_src7|gaia_774289488578357504_src6|gaia_774290626745586944_src8,"HD_103187,HD_103405,TYC_3452_787_1,src2,src5,src7,src6,src8"
V0399 named,8,107,64,1.1368114167272811,1.4588835415381218,1.2978474791327015,HD_103187|HD_103405|gaia_774271076054448768_src2|gaia_774272862760870784_src1|gaia_774287774887292672_src5|gaia_774288805679445888_src7|gaia_774289488578357504_src6|gaia_774290626745586944_src8,"HD_103187,HD_103405,src2,src1,src5,src7,src6,src8"
V0399 named,8,107,64,1.1368114167272811,1.4588835415381218,1.2978474791327015,HD_103187|TYC_3452_787_1|gaia_774271076054448768_src2|gaia_774272862760870784_src1|gaia_774287774887292672_src5|gaia_774288805679445888_src7|gaia_774289488578357504_src6|gaia_774290626745586944_src8,"HD_103187,TYC_3452_787_1,src2,src1,src5,src7,src6,src8"
V0399 named,8,107,64,1.1368114167272811,1.4588835415381218,1.2978474791327015,HD_103405|TYC_3452_787_1|gaia_774271076054448768_src2|gaia_774272862760870784_src1|gaia_774287774887292672_src5|gaia_774288805679445888_src7|gaia_774289488578357504_src6|gaia_774290626745586944_src8,"HD_103405,TYC_3452_787_1,src2,src1,src5,src7,src6,src8"
V0399 named,4,107,64,1.3549472223920835,1.2409032585270636,1.2979252404595736,HD_103187|gaia_774272862760870784_src1|gaia_774288805679445888_src7|gaia_774289488578357504_src6,"HD_103187,src1,src7,src6"
V0399 named,4,107,64,1.3549472223920835,1.2409032585270636,1.2979252404595736,HD_103187|gaia_774272862760870784_src1|gaia_774289488578357504_src6|gaia_774290626745586944_src8,"HD_103187,src1,src6,src8"
V0399 named,4,107,64,1.3549472223920835,1.2409032585270636,1.2979252404595736,HD_103405|gaia_774272862760870784_src1|gaia_774288805679445888_src7|gaia_774289488578357504_src6,"HD_103405,src1,src7,src6"
V0399 named,4,107,64,1.3549472223920835,1.2409032585270636,1.2979252404595736,HD_103405|gaia_774272862760870784_src1|gaia_774289488578357504_src6|gaia_774290626745586944_src8,"HD_103405,src1,src6,src8"
V0399 named,4,107,64,1.3549472223920835,1.2409032585270636,1.2979252404595736,TYC_3452_787_1|gaia_774272862760870784_src1|gaia_774288805679445888_src7|gaia_774289488578357504_src6,"TYC_3452_787_1,src1,src7,src6"
V0399 named,4,107,64,1.3549472223920835,1.2409032585270636,1.2979252404595736,TYC_3452_787_1|gaia_774272862760870784_src1|gaia_774289488578357504_src6|gaia_774290626745586944_src8,"TYC_3452_787_1,src1,src6,src8"
V0399 named,6,107,64,1.3549472223920835,1.2409032585270636,1.2979252404595736,HD_103187|HD_103405|gaia_774272862760870784_src1|gaia_774288805679445888_src7|gaia_774289488578357504_src6|gaia_774290626745586944_src8,"HD_103187,HD_103405,src1,src7,src6,src8"
V0399 named,6,107,64,1.3549472223920835,1.2409032585270636,1.2979252404595736,HD_103187|TYC_3452_787_1|gaia_774272862760870784_src1|gaia_774288805679445888_src7|gaia_774289488578357504_src6|gaia_774290626745586944_src8,"HD_103187,TYC_3452_787_1,src1,src7,src6,src8"
V0399 named,6,107,64,1.3549472223920835,1.2409032585270636,1.2979252404595736,HD_103405|TYC_3452_787_1|gaia_774272862760870784_src1|gaia_774288805679445888_src7|gaia_774289488578357504_src6|gaia_774290626745586944_src8,"HD_103405,TYC_3452_787_1,src1,src7,src6,src8"
V0399 named,4,107,64,1.088102941622281,1.5836387793144342,1.3358708604683576,HD_103187|gaia_774271076054448768_src2|gaia_774287774887292672_src5|gaia_774289041901756032_src4,"HD_103187,src2,src5,src4"
V0399 named,4,107,64,1.088102941622281,1.5836387793144342,1.3358708604683576,HD_103405|gaia_774271076054448768_src2|gaia_774287774887292672_src5|gaia_774289041901756032_src4,"HD_103405,src2,src5,src4"
V0399 named,4,107,64,1.088102941622281,1.5836387793144342,1.3358708604683576,TYC_3452_787_1|gaia_774271076054448768_src2|gaia_774287774887292672_src5|gaia_774289041901756032_src4,"TYC_3452_787_1,src2,src5,src4"
V0399 named,4,107,64,1.088102941622281,1.5836387793144342,1.3358708604683576,gaia_774271076054448768_src2|gaia_774272862760870784_src1|gaia_774287774887292672_src5|gaia_774289041901756032_src4,"src2,src1,src5,src4"
V0399 named,6,107,64,1.088102941622281,1.5836387793144342,1.3358708604683576,HD_103187|HD_103405|gaia_774271076054448768_src2|gaia_774287774887292672_src5|gaia_774288805679445888_src7|gaia_774289041901756032_src4,"HD_103187,HD_103405,src2,src5,src7,src4"
V0399 named,6,107,64,1.088102941622281,1.5836387793144342,1.3358708604683576,HD_103187|HD_103405|gaia_774271076054448768_src2|gaia_774287774887292672_src5|gaia_774289041901756032_src4|gaia_774289488578357504_src6,"HD_103187,HD_103405,src2,src5,src4,src6"
V0399 named,6,107,64,1.088102941622281,1.5836387793144342,1.3358708604683576,HD_103187|HD_103405|gaia_774271076054448768_src2|gaia_774287774887292672_src5|gaia_774289041901756032_src4|gaia_774290626745586944_src8,"HD_103187,HD_103405,src2,src5,src4,src8"
V0399 named,6,107,64,1.088102941622281,1.5836387793144342,1.3358708604683576,HD_103187|TYC_3452_787_1|gaia_774271076054448768_src2|gaia_774287774887292672_src5|gaia_774288805679445888_src7|gaia_774289041901756032_src4,"HD_103187,TYC_3452_787_1,src2,src5,src7,src4"
V0399 named,6,107,64,1.088102941622281,1.5836387793144342,1.3358708604683576,HD_103187|TYC_3452_787_1|gaia_774271076054448768_src2|gaia_774287774887292672_src5|gaia_774289041901756032_src4|gaia_774289488578357504_src6,"HD_103187,TYC_3452_787_1,src2,src5,src4,src6"
V0399 named,6,107,64,1.088102941622281,1.5836387793144342,1.3358708604683576,HD_103187|TYC_3452_787_1|gaia_774271076054448768_src2|gaia_774287774887292672_src5|gaia_774289041901756032_src4|gaia_774290626745586944_src8,"HD_103187,TYC_3452_787_1,src2,src5,src4,src8"
V0399 named,6,107,64,1.088102941622281,1.5836387793144342,1.3358708604683576,HD_103187|gaia_774271076054448768_src2|gaia_774272862760870784_src1|gaia_774287774887292672_src5|gaia_774288805679445888_src7|gaia_774289041901756032_src4,"HD_103187,src2,src1,src5,src7,src4"
V0399 named,6,107,64,1.088102941622281,1.5836387793144342,1.3358708604683576,HD_103187|gaia_774271076054448768_src2|gaia_774272862760870784_src1|gaia_774287774887292672_src5|gaia_774289041901756032_src4|gaia_774289488578357504_src6,"HD_103187,src2,src1,src5,src4,src6"
V0399 named,6,107,64,1.088102941622281,1.5836387793144342,1.3358708604683576,HD_103187|gaia_774271076054448768_src2|gaia_774272862760870784_src1|gaia_774287774887292672_src5|gaia_774289041901756032_src4|gaia_774290626745586944_src8,"HD_103187,src2,src1,src5,src4,src8"
V0399 named,6,107,64,1.088102941622281,1.5836387793144342,1.3358708604683576,HD_103405|TYC_3452_787_1|gaia_774271076054448768_src2|gaia_774287774887292672_src5|gaia_774288805679445888_src7|gaia_774289041901756032_src4,"HD_103405,TYC_3452_787_1,src2,src5,src7,src4"
V0399 named,6,107,64,1.088102941622281,1.5836387793144342,1.3358708604683576,HD_103405|TYC_3452_787_1|gaia_774271076054448768_src2|gaia_774287774887292672_src5|gaia_774289041901756032_src4|gaia_774289488578357504_src6,"HD_103405,TYC_3452_787_1,src2,src5,src4,src6"
V0399 named,6,107,64,1.088102941622281,1.5836387793144342,1.3358708604683576,HD_103405|TYC_3452_787_1|gaia_774271076054448768_src2|gaia_774287774887292672_src5|gaia_774289041901756032_src4|gaia_774290626745586944_src8,"HD_103405,TYC_3452_787_1,src2,src5,src4,src8"
V0399 named,6,107,64,1.088102941622281,1.5836387793144342,1.3358708604683576,HD_103405|gaia_774271076054448768_src2|gaia_774272862760870784_src1|gaia_774287774887292672_src5|gaia_774288805679445888_src7|gaia_774289041901756032_src4,"HD_103405,src2,src1,src5,src7,src4"
V0399 named,6,107,64,1.088102941622281,1.5836387793144342,1.3358708604683576,HD_103405|gaia_774271076054448768_src2|gaia_774272862760870784_src1|gaia_774287774887292672_src5|gaia_774289041901756032_src4|gaia_774289488578357504_src6,"HD_103405,src2,src1,src5,src4,src6"
V0399 named,6,107,64,1.088102941622281,1.5836387793144342,1.3358708604683576,HD_103405|gaia_774271076054448768_src2|gaia_774272862760870784_src1|gaia_774287774887292672_src5|gaia_774289041901756032_src4|gaia_774290626745586944_src8,"HD_103405,src2,src1,src5,src4,src8"
V0399 named,6,107,64,1.088102941622281,1.5836387793144342,1.3358708604683576,TYC_3452_787_1|gaia_774271076054448768_src2|gaia_774272862760870784_src1|gaia_774287774887292672_src5|gaia_774288805679445888_src7|gaia_774289041901756032_src4,"TYC_3452_787_1,src2,src1,src5,src7,src4"
V0399 named,6,107,64,1.088102941622281,1.5836387793144342,1.3358708604683576,TYC_3452_787_1|gaia_774271076054448768_src2|gaia_774272862760870784_src1|gaia_774287774887292672_src5|gaia_774289041901756032_src4|gaia_774289488578357504_src6,"TYC_3452_787_1,src2,src1,src5,src4,src6"
V0399 named,6,107,64,1.088102941622281,1.5836387793144342,1.3358708604683576,TYC_3452_787_1|gaia_774271076054448768_src2|gaia_774272862760870784_src1|gaia_774287774887292672_src5|gaia_774289041901756032_src4|gaia_774290626745586944_src8,"TYC_3452_787_1,src2,src1,src5,src4,src8"
V0399 named,8,107,64,1.088102941622281,1.5836387793144342,1.3358708604683576,HD_103187|HD_103405|TYC_3452_787_1|gaia_774271076054448768_src2|gaia_774287774887292672_src5|gaia_774288805679445888_src7|gaia_774289041901756032_src4|gaia_774289488578357504_src6,"HD_103187,HD_103405,TYC_3452_787_1,src2,src5,src7,src4,src6"
V0399 named,8,107,64,1.088102941622281,1.5836387793144342,1.3358708604683576,HD_103187|HD_103405|TYC_3452_787_1|gaia_774271076054448768_src2|gaia_774287774887292672_src5|gaia_774288805679445888_src7|gaia_774289041901756032_src4|gaia_774290626745586944_src8,"HD_103187,HD_103405,TYC_3452_787_1,src2,src5,src7,src4,src8"
V0399 named,8,107,64,1.088102941622281,1.5836387793144342,1.3358708604683576,HD_103187|HD_103405|TYC_3452_787_1|gaia_774271076054448768_src2|gaia_774287774887292672_src5|gaia_774289041901756032_src4|gaia_774289488578357504_src6|gaia_774290626745586944_src8,"HD_103187,HD_103405,TYC_3452_787_1,src2,src5,src4,src6,src8"
V0399 named,8,107,64,1.088102941622281,1.5836387793144342,1.3358708604683576,HD_103187|HD_103405|gaia_774271076054448768_src2|gaia_774272862760870784_src1|gaia_774287774887292672_src5|gaia_774288805679445888_src7|gaia_774289041901756032_src4|gaia_774289488578357504_src6,"HD_103187,HD_103405,src2,src1,src5,src7,src4,src6"
V0399 named,8,107,64,1.088102941622281,1.5836387793144342,1.3358708604683576,HD_103187|HD_103405|gaia_774271076054448768_src2|gaia_774272862760870784_src1|gaia_774287774887292672_src5|gaia_774288805679445888_src7|gaia_774289041901756032_src4|gaia_774290626745586944_src8,"HD_103187,HD_103405,src2,src1,src5,src7,src4,src8"
V0399 named,8,107,64,1.088102941622281,1.5836387793144342,1.3358708604683576,HD_103187|HD_103405|gaia_774271076054448768_src2|gaia_774272862760870784_src1|gaia_774287774887292672_src5|gaia_774289041901756032_src4|gaia_774289488578357504_src6|gaia_774290626745586944_src8,"HD_103187,HD_103405,src2,src1,src5,src4,src6,src8"
V0399 named,8,107,64,1.088102941622281,1.5836387793144342,1.3358708604683576,HD_103187|TYC_3452_787_1|gaia_774271076054448768_src2|gaia_774272862760870784_src1|gaia_774287774887292672_src5|gaia_774288805679445888_src7|gaia_774289041901756032_src4|gaia_774289488578357504_src6,"HD_103187,TYC_3452_787_1,src2,src1,src5,src7,src4,src6"
V0399 named,8,107,64,1.088102941622281,1.5836387793144342,1.3358708604683576,HD_103187|TYC_3452_787_1|gaia_774271076054448768_src2|gaia_774272862760870784_src1|gaia_774287774887292672_src5|gaia_774288805679445888_src7|gaia_774289041901756032_src4|gaia_774290626745586944_src8,"HD_103187,TYC_3452_787_1,src2,src1,src5,src7,src4,src8"
V0399 named,8,107,64,1.088102941622281,1.5836387793144342,1.3358708604683576,HD_103187|TYC_3452_787_1|gaia_774271076054448768_src2|gaia_774272862760870784_src1|gaia_774287774887292672_src5|gaia_774289041901756032_src4|gaia_774289488578357504_src6|gaia_774290626745586944_src8,"HD_103187,TYC_3452_787_1,src2,src1,src5,src4,src6,src8"
V0399 named,8,107,64,1.088102941622281,1.5836387793144342,1.3358708604683576,HD_103405|TYC_3452_787_1|gaia_774271076054448768_src2|gaia_774272862760870784_src1|gaia_774287774887292672_src5|gaia_774288805679445888_src7|gaia_774289041901756032_src4|gaia_774289488578357504_src6,"HD_103405,TYC_3452_787_1,src2,src1,src5,src7,src4,src6"
V0399 named,8,107,64,1.088102941622281,1.5836387793144342,1.3358708604683576,HD_103405|TYC_3452_787_1|gaia_774271076054448768_src2|gaia_774272862760870784_src1|gaia_774287774887292672_src5|gaia_774288805679445888_src7|gaia_774289041901756032_src4|gaia_774290626745586944_src8,"HD_103405,TYC_3452_787_1,src2,src1,src5,src7,src4,src8"
V0399 named,8,107,64,1.088102941622281,1.5836387793144342,1.3358708604683576,HD_103405|TYC_3452_787_1|gaia_774271076054448768_src2|gaia_774272862760870784_src1|gaia_774287774887292672_src5|gaia_774289041901756032_src4|gaia_774289488578357504_src6|gaia_774290626745586944_src8,"HD_103405,TYC_3452_787_1,src2,src1,src5,src4,src6,src8"
V0399 named,10,107,64,1.088102941622281,1.5836387793144342,1.3358708604683576,HD_103187|HD_103405|TYC_3452_787_1|gaia_774271076054448768_src2|gaia_774272862760870784_src1|gaia_774287774887292672_src5|gaia_774288805679445888_src7|gaia_774289041901756032_src4|gaia_774289488578357504_src6|gaia_774290626745586944_src8,"HD_103187,HD_103405,TYC_3452_787_1,src2,src1,src5,src7,src4,src6,src8"
V0399 named,4,107,64,1.088102941622281,1.6007734362196844,1.3444381889209827,HD_103187|gaia_774271076054448768_src2|gaia_774288805679445888_src7|gaia_774289041901756032_src4,"HD_103187,src2,src7,src4"
V0399 named,4,107,64,1.088102941622281,1.6007734362196844,1.3444381889209827,HD_103187|gaia_774271076054448768_src2|gaia_774289041901756032_src4|gaia_774289488578357504_src6,"HD_103187,src2,src4,src6"
V0399 named,4,107,64,1.088102941622281,1.6007734362196844,1.3444381889209827,HD_103187|gaia_774271076054448768_src2|gaia_774289041901756032_src4|gaia_774290626745586944_src8,"HD_103187,src2,src4,src8"
V0399 named,4,107,64,1.088102941622281,1.6007734362196844,1.3444381889209827,HD_103405|gaia_774271076054448768_src2|gaia_774288805679445888_src7|gaia_774289041901756032_src4,"HD_103405,src2,src7,src4"
V0399 named,4,107,64,1.088102941622281,1.6007734362196844,1.3444381889209827,HD_103405|gaia_774271076054448768_src2|gaia_774289041901756032_src4|gaia_774289488578357504_src6,"HD_103405,src2,src4,src6"
V0399 named,4,107,64,1.088102941622281,1.6007734362196844,1.3444381889209827,HD_103405|gaia_774271076054448768_src2|gaia_774289041901756032_src4|gaia_774290626745586944_src8,"HD_103405,src2,src4,src8"
V0399 named,4,107,64,1.088102941622281,1.6007734362196844,1.3444381889209827,TYC_3452_787_1|gaia_774271076054448768_src2|gaia_774288805679445888_src7|gaia_774289041901756032_src4,"TYC_3452_787_1,src2,src7,src4"
V0399 named,4,107,64,1.088102941622281,1.6007734362196844,1.3444381889209827,TYC_3452_787_1|gaia_774271076054448768_src2|gaia_774289041901756032_src4|gaia_774289488578357504_src6,"TYC_3452_787_1,src2,src4,src6"
V0399 named,4,107,64,1.088102941622281,1.6007734362196844,1.3444381889209827,TYC_3452_787_1|gaia_774271076054448768_src2|gaia_774289041901756032_src4|gaia_774290626745586944_src8,"TYC_3452_787_1,src2,src4,src8"
V0399 named,4,107,64,1.088102941622281,1.6007734362196844,1.3444381889209827,gaia_774271076054448768_src2|gaia_774272862760870784_src1|gaia_774288805679445888_src7|gaia_774289041901756032_src4,"src2,src1,src7,src4"
V0399 named,4,107,64,1.088102941622281,1.6007734362196844,1.3444381889209827,gaia_774271076054448768_src2|gaia_774272862760870784_src1|gaia_774289041901756032_src4|gaia_774289488578357504_src6,"src2,src1,src4,src6"
V0399 named,4,107,64,1.088102941622281,1.6007734362196844,1.3444381889209827,gaia_774271076054448768_src2|gaia_774272862760870784_src1|gaia_774289041901756032_src4|gaia_774290626745586944_src8,"src2,src1,src4,src8"
V0399 named,6,107,64,1.088102941622281,1.6007734362196844,1.3444381889209827,HD_103187|HD_103405|gaia_774271076054448768_src2|gaia_774288805679445888_src7|gaia_774289041901756032_src4|gaia_774289488578357504_src6,"HD_103187,HD_103405,src2,src7,src4,src6"
V0399 named,6,107,64,1.088102941622281,1.6007734362196844,1.3444381889209827,HD_103187|HD_103405|gaia_774271076054448768_src2|gaia_774288805679445888_src7|gaia_774289041901756032_src4|gaia_774290626745586944_src8,"HD_103187,HD_103405,src2,src7,src4,src8"
V0399 named,6,107,64,1.088102941622281,1.6007734362196844,1.3444381889209827,HD_103187|HD_103405|gaia_774271076054448768_src2|gaia_774289041901756032_src4|gaia_774289488578357504_src6|gaia_774290626745586944_src8,"HD_103187,HD_103405,src2,src4,src6,src8"
V0399 named,6,107,64,1.088102941622281,1.6007734362196844,1.3444381889209827,HD_103187|TYC_3452_787_1|gaia_774271076054448768_src2|gaia_774288805679445888_src7|gaia_774289041901756032_src4|gaia_774289488578357504_src6,"HD_103187,TYC_3452_787_1,src2,src7,src4,src6"
V0399 named,6,107,64,1.088102941622281,1.6007734362196844,1.3444381889209827,HD_103187|TYC_3452_787_1|gaia_774271076054448768_src2|gaia_774288805679445888_src7|gaia_774289041901756032_src4|gaia_774290626745586944_src8,"HD_103187,TYC_3452_787_1,src2,src7,src4,src8"
V0399 named,6,107,64,1.088102941622281,1.6007734362196844,1.3444381889209827,HD_103187|TYC_3452_787_1|gaia_774271076054448768_src2|gaia_774289041901756032_src4|gaia_774289488578357504_src6|gaia_774290626745586944_src8,"HD_103187,TYC_3452_787_1,src2,src4,src6,src8"
V0399 named,6,107,64,1.088102941622281,1.6007734362196844,1.3444381889209827,HD_103187|gaia_774271076054448768_src2|gaia_774272862760870784_src1|gaia_774288805679445888_src7|gaia_774289041901756032_src4|gaia_774289488578357504_src6,"HD_103187,src2,src1,src7,src4,src6"
V0399 named,6,107,64,1.088102941622281,1.6007734362196844,1.3444381889209827,HD_103187|gaia_774271076054448768_src2|gaia_774272862760870784_src1|gaia_774288805679445888_src7|gaia_774289041901756032_src4|gaia_774290626745586944_src8,"HD_103187,src2,src1,src7,src4,src8"
V0399 named,6,107,64,1.088102941622281,1.6007734362196844,1.3444381889209827,HD_103187|gaia_774271076054448768_src2|gaia_774272862760870784_src1|gaia_774289041901756032_src4|gaia_774289488578357504_src6|gaia_774290626745586944_src8,"HD_103187,src2,src1,src4,src6,src8"
V0399 named,6,107,64,1.088102941622281,1.6007734362196844,1.3444381889209827,HD_103405|TYC_3452_787_1|gaia_774271076054448768_src2|gaia_774288805679445888_src7|gaia_774289041901756032_src4|gaia_774289488578357504_src6,"HD_103405,TYC_3452_787_1,src2,src7,src4,src6"
V0399 named,6,107,64,1.088102941622281,1.6007734362196844,1.3444381889209827,HD_103405|TYC_3452_787_1|gaia_774271076054448768_src2|gaia_774288805679445888_src7|gaia_774289041901756032_src4|gaia_774290626745586944_src8,"HD_103405,TYC_3452_787_1,src2,src7,src4,src8"
V0399 named,6,107,64,1.088102941622281,1.6007734362196844,1.3444381889209827,HD_103405|TYC_3452_787_1|gaia_774271076054448768_src2|gaia_774289041901756032_src4|gaia_774289488578357504_src6|gaia_774290626745586944_src8,"HD_103405,TYC_3452_787_1,src2,src4,src6,src8"
V0399 named,6,107,64,1.088102941622281,1.6007734362196844,1.3444381889209827,HD_103405|gaia_774271076054448768_src2|gaia_774272862760870784_src1|gaia_774288805679445888_src7|gaia_774289041901756032_src4|gaia_774289488578357504_src6,"HD_103405,src2,src1,src7,src4,src6"
V0399 named,6,107,64,1.088102941622281,1.6007734362196844,1.3444381889209827,HD_103405|gaia_774271076054448768_src2|gaia_774272862760870784_src1|gaia_774288805679445888_src7|gaia_774289041901756032_src4|gaia_774290626745586944_src8,"HD_103405,src2,src1,src7,src4,src8"
V0399 named,6,107,64,1.088102941622281,1.6007734362196844,1.3444381889209827,HD_103405|gaia_774271076054448768_src2|gaia_774272862760870784_src1|gaia_774289041901756032_src4|gaia_774289488578357504_src6|gaia_774290626745586944_src8,"HD_103405,src2,src1,src4,src6,src8"
V0399 named,6,107,64,1.088102941622281,1.6007734362196844,1.3444381889209827,TYC_3452_787_1|gaia_774271076054448768_src2|gaia_774272862760870784_src1|gaia_774288805679445888_src7|gaia_774289041901756032_src4|gaia_774289488578357504_src6,"TYC_3452_787_1,src2,src1,src7,src4,src6"
V0399 named,6,107,64,1.088102941622281,1.6007734362196844,1.3444381889209827,TYC_3452_787_1|gaia_774271076054448768_src2|gaia_774272862760870784_src1|gaia_774288805679445888_src7|gaia_774289041901756032_src4|gaia_774290626745586944_src8,"TYC_3452_787_1,src2,src1,src7,src4,src8"
V0399 named,6,107,64,1.088102941622281,1.6007734362196844,1.3444381889209827,TYC_3452_787_1|gaia_774271076054448768_src2|gaia_774272862760870784_src1|gaia_774289041901756032_src4|gaia_774289488578357504_src6|gaia_774290626745586944_src8,"TYC_3452_787_1,src2,src1,src4,src6,src8"
V0399 named,8,107,64,1.088102941622281,1.6007734362196844,1.3444381889209827,HD_103187|HD_103405|TYC_3452_787_1|gaia_774271076054448768_src2|gaia_774288805679445888_src7|gaia_774289041901756032_src4|gaia_774289488578357504_src6|gaia_774290626745586944_src8,"HD_103187,HD_103405,TYC_3452_787_1,src2,src7,src4,src6,src8"
V0399 named,8,107,64,1.088102941622281,1.6007734362196844,1.3444381889209827,HD_103187|HD_103405|gaia_774271076054448768_src2|gaia_774272862760870784_src1|gaia_774288805679445888_src7|gaia_774289041901756032_src4|gaia_774289488578357504_src6|gaia_774290626745586944_src8,"HD_103187,HD_103405,src2,src1,src7,src4,src6,src8"
V0399 named,8,107,64,1.088102941622281,1.6007734362196844,1.3444381889209827,HD_103187|TYC_3452_787_1|gaia_774271076054448768_src2|gaia_774272862760870784_src1|gaia_774288805679445888_src7|gaia_774289041901756032_src4|gaia_774289488578357504_src6|gaia_774290626745586944_src8,"HD_103187,TYC_3452_787_1,src2,src1,src7,src4,src6,src8"
V0399 named,8,107,64,1.088102941622281,1.6007734362196844,1.3444381889209827,HD_103405|TYC_3452_787_1|gaia_774271076054448768_src2|gaia_774272862760870784_src1|gaia_774288805679445888_src7|gaia_774289041901756032_src4|gaia_774289488578357504_src6|gaia_774290626745586944_src8,"HD_103405,TYC_3452_787_1,src2,src1,src7,src4,src6,src8"
V0399 named,4,107,64,1.5330295012083013,1.1967909630758375,1.3649102321420694,HD_103187|gaia_774288805679445888_src7|gaia_774289041901756032_src4|gaia_774290626745586944_src8,"HD_103187,src7,src4,src8"
V0399 named,4,107,64,1.5330295012083013,1.1967909630758375,1.3649102321420694,HD_103405|gaia_774288805679445888_src7|gaia_774289041901756032_src4|gaia_774290626745586944_src8,"HD_103405,src7,src4,src8"
V0399 named,4,107,64,1.5330295012083013,1.1967909630758375,1.3649102321420694,TYC_3452_787_1|gaia_774288805679445888_src7|gaia_774289041901756032_src4|gaia_774290626745586944_src8,"TYC_3452_787_1,src7,src4,src8"
V0399 named,4,107,64,1.5330295012083013,1.1967909630758375,1.3649102321420694,gaia_774271076054448768_src2|gaia_774288805679445888_src7|gaia_774289041901756032_src4|gaia_774290626745586944_src8,"src2,src7,src4,src8"
V0399 named,4,107,64,1.5330295012083013,1.1967909630758375,1.3649102321420694,gaia_774272862760870784_src1|gaia_774288805679445888_src7|gaia_774289041901756032_src4|gaia_774290626745586944_src8,"src1,src7,src4,src8"
V0399 named,4,107,64,1.5330295012083013,1.1967909630758375,1.3649102321420694,gaia_774288805679445888_src7|gaia_774289041901756032_src4|gaia_774290626745586944_src8|gaia_774384016513181696_src3,"src7,src4,src8,src3"
V0399 named,4,107,64,1.476837216937007,1.2646838699987455,1.3707605434678762,HD_103187|TYC_3452_787_1|gaia_774287774887292672_src5|gaia_774288805679445888_src7,"HD_103187,TYC_3452_787_1,src5,src7"
V0399 named,4,107,64,1.476837216937007,1.2646838699987455,1.3707605434678762,HD_103187|TYC_3452_787_1|gaia_774287774887292672_src5|gaia_774289488578357504_src6,"HD_103187,TYC_3452_787_1,src5,src6"
V0399 named,4,107,64,1.476837216937007,1.2646838699987455,1.3707605434678762,HD_103187|TYC_3452_787_1|gaia_774287774887292672_src5|gaia_774290626745586944_src8,"HD_103187,TYC_3452_787_1,src5,src8"
V0399 named,4,107,64,1.4981575225887729,1.2504116847143782,1.3742846036515757,HD_103187|TYC_3452_787_1|gaia_774288805679445888_src7|gaia_774290626745586944_src8,"HD_103187,TYC_3452_787_1,src7,src8"
V0399 named,4,107,64,1.495271344305438,1.258614946996793,1.3769431456511154,HD_103187|TYC_3452_787_1|gaia_774271076054448768_src2|gaia_774272862760870784_src1,"HD_103187,TYC_3452_787_1,src2,src1"
V0399 named,4,107,64,1.495271344305438,1.258614946996793,1.3769431456511154,HD_103187|TYC_3452_787_1|gaia_774272862760870784_src1|gaia_774287774887292672_src5,"HD_103187,TYC_3452_787_1,src1,src5"
V0399 named,4,107,64,1.495271344305438,1.258614946996793,1.3769431456511154,HD_103187|TYC_3452_787_1|gaia_774272862760870784_src1|gaia_774288805679445888_src7,"HD_103187,TYC_3452_787_1,src1,src7"
V0399 named,4,107,64,1.495271344305438,1.258614946996793,1.3769431456511154,HD_103187|TYC_3452_787_1|gaia_774272862760870784_src1|gaia_774289041901756032_src4,"HD_103187,TYC_3452_787_1,src1,src4"
V0399 named,4,107,64,1.495271344305438,1.258614946996793,1.3769431456511154,HD_103187|TYC_3452_787_1|gaia_774272862760870784_src1|gaia_774289488578357504_src6,"HD_103187,TYC_3452_787_1,src1,src6"
V0399 named,4,107,64,1.495271344305438,1.258614946996793,1.3769431456511154,HD_103187|TYC_3452_787_1|gaia_774272862760870784_src1|gaia_774290626745586944_src8,"HD_103187,TYC_3452_787_1,src1,src8"
V0399 named,4,107,64,1.495271344305438,1.258614946996793,1.3769431456511154,HD_103187|TYC_3452_787_1|gaia_774272862760870784_src1|gaia_774384016513181696_src3,"HD_103187,TYC_3452_787_1,src1,src3"
V0399 named,4,107,64,1.4662195762331627,1.3244539047633686,1.3953367404982657,HD_103187|TYC_3452_787_1|gaia_774287774887292672_src5|gaia_774289041901756032_src4,"HD_103187,TYC_3452_787_1,src5,src4"
V0399 named,4,107,64,1.218063278754474,1.5832910156521391,1.4006771472033066,HD_103187|gaia_774271076054448768_src2|gaia_774287774887292672_src5|gaia_774384016513181696_src3,"HD_103187,src2,src5,src3"
V0399 named,4,107,64,1.218063278754474,1.5832910156521391,1.4006771472033066,HD_103187|gaia_774271076054448768_src2|gaia_774288805679445888_src7|gaia_774384016513181696_src3,"HD_103187,src2,src7,src3"
V0399 named,4,107,64,1.218063278754474,1.5832910156521391,1.4006771472033066,HD_103187|gaia_774271076054448768_src2|gaia_774289041901756032_src4|gaia_774384016513181696_src3,"HD_103187,src2,src4,src3"
V0399 named,4,107,64,1.218063278754474,1.5832910156521391,1.4006771472033066,HD_103187|gaia_774271076054448768_src2|gaia_774289488578357504_src6|gaia_774384016513181696_src3,"HD_103187,src2,src6,src3"
V0399 named,4,107,64,1.218063278754474,1.5832910156521391,1.4006771472033066,HD_103187|gaia_774271076054448768_src2|gaia_774290626745586944_src8|gaia_774384016513181696_src3,"HD_103187,src2,src8,src3"
V0399 named,4,107,64,1.218063278754474,1.5832910156521391,1.4006771472033066,HD_103405|gaia_774271076054448768_src2|gaia_774287774887292672_src5|gaia_774384016513181696_src3,"HD_103405,src2,src5,src3"
V0399 named,4,107,64,1.218063278754474,1.5832910156521391,1.4006771472033066,HD_103405|gaia_774271076054448768_src2|gaia_774288805679445888_src7|gaia_774384016513181696_src3,"HD_103405,src2,src7,src3"
V0399 named,4,107,64,1.218063278754474,1.5832910156521391,1.4006771472033066,HD_103405|gaia_774271076054448768_src2|gaia_774289041901756032_src4|gaia_774384016513181696_src3,"HD_103405,src2,src4,src3"
V0399 named,4,107,64,1.218063278754474,1.5832910156521391,1.4006771472033066,HD_103405|gaia_774271076054448768_src2|gaia_774289488578357504_src6|gaia_774384016513181696_src3,"HD_103405,src2,src6,src3"
V0399 named,4,107,64,1.218063278754474,1.5832910156521391,1.4006771472033066,HD_103405|gaia_774271076054448768_src2|gaia_774290626745586944_src8|gaia_774384016513181696_src3,"HD_103405,src2,src8,src3"
V0399 named,4,107,64,1.218063278754474,1.5832910156521391,1.4006771472033066,TYC_3452_787_1|gaia_774271076054448768_src2|gaia_774287774887292672_src5|gaia_774384016513181696_src3,"TYC_3452_787_1,src2,src5,src3"
V0399 named,4,107,64,1.218063278754474,1.5832910156521391,1.4006771472033066,TYC_3452_787_1|gaia_774271076054448768_src2|gaia_774288805679445888_src7|gaia_774384016513181696_src3,"TYC_3452_787_1,src2,src7,src3"
V0399 named,4,107,64,1.218063278754474,1.5832910156521391,1.4006771472033066,TYC_3452_787_1|gaia_774271076054448768_src2|gaia_774289041901756032_src4|gaia_774384016513181696_src3,"TYC_3452_787_1,src2,src4,src3"
V0399 named,4,107,64,1.218063278754474,1.5832910156521391,1.4006771472033066,TYC_3452_787_1|gaia_774271076054448768_src2|gaia_774289488578357504_src6|gaia_774384016513181696_src3,"TYC_3452_787_1,src2,src6,src3"
V0399 named,4,107,64,1.218063278754474,1.5832910156521391,1.4006771472033066,TYC_3452_787_1|gaia_774271076054448768_src2|gaia_774290626745586944_src8|gaia_774384016513181696_src3,"TYC_3452_787_1,src2,src8,src3"
V0399 named,4,107,64,1.218063278754474,1.5832910156521391,1.4006771472033066,gaia_774271076054448768_src2|gaia_774272862760870784_src1|gaia_774287774887292672_src5|gaia_774384016513181696_src3,"src2,src1,src5,src3"
V0399 named,4,107,64,1.218063278754474,1.5832910156521391,1.4006771472033066,gaia_774271076054448768_src2|gaia_774272862760870784_src1|gaia_774288805679445888_src7|gaia_774384016513181696_src3,"src2,src1,src7,src3"
V0399 named,4,107,64,1.218063278754474,1.5832910156521391,1.4006771472033066,gaia_774271076054448768_src2|gaia_774272862760870784_src1|gaia_774289041901756032_src4|gaia_774384016513181696_src3,"src2,src1,src4,src3"
V0399 named,4,107,64,1.218063278754474,1.5832910156521391,1.4006771472033066,gaia_774271076054448768_src2|gaia_774272862760870784_src1|gaia_774289488578357504_src6|gaia_774384016513181696_src3,"src2,src1,src6,src3"
V0399 named,4,107,64,1.218063278754474,1.5832910156521391,1.4006771472033066,gaia_774271076054448768_src2|gaia_774272862760870784_src1|gaia_774290626745586944_src8|gaia_774384016513181696_src3,"src2,src1,src8,src3"
V0399 named,6,107,64,1.218063278754474,1.5832910156521391,1.4006771472033066,HD_103187|HD_103405|gaia_774271076054448768_src2|gaia_774287774887292672_src5|gaia_774288805679445888_src7|gaia_774384016513181696_src3,"HD_103187,HD_103405,src2,src5,src7,src3"
V0399 named,6,107,64,1.218063278754474,1.5832910156521391,1.4006771472033066,HD_103187|HD_103405|gaia_774271076054448768_src2|gaia_774287774887292672_src5|gaia_774289041901756032_src4|gaia_774384016513181696_src3,"HD_103187,HD_103405,src2,src5,src4,src3"
V0399 named,6,107,64,1.218063278754474,1.5832910156521391,1.4006771472033066,HD_103187|HD_103405|gaia_774271076054448768_src2|gaia_774287774887292672_src5|gaia_774289488578357504_src6|gaia_774384016513181696_src3,"HD_103187,HD_103405,src2,src5,src6,src3"
V0399 named,6,107,64,1.218063278754474,1.5832910156521391,1.4006771472033066,HD_103187|HD_103405|gaia_774271076054448768_src2|gaia_774287774887292672_src5|gaia_774290626745586944_src8|gaia_774384016513181696_src3,"HD_103187,HD_103405,src2,src5,src8,src3"
V0399 named,6,107,64,1.218063278754474,1.5832910156521391,1.4006771472033066,HD_103187|HD_103405|gaia_774271076054448768_src2|gaia_774288805679445888_src7|gaia_774289041901756032_src4|gaia_774384016513181696_src3,"HD_103187,HD_103405,src2,src7,src4,src3"
V0399 named,6,107,64,1.218063278754474,1.5832910156521391,1.4006771472033066,HD_103187|HD_103405|gaia_774271076054448768_src2|gaia_774288805679445888_src7|gaia_774289488578357504_src6|gaia_774384016513181696_src3,"HD_103187,HD_103405,src2,src7,src6,src3"
V0399 named,6,107,64,1.218063278754474,1.5832910156521391,1.4006771472033066,HD_103187|HD_103405|gaia_774271076054448768_src2|gaia_774288805679445888_src7|gaia_774290626745586944_src8|gaia_774384016513181696_src3,"HD_103187,HD_103405,src2,src7,src8,src3"
V0399 named,6,107,64,1.218063278754474,1.5832910156521391,1.4006771472033066,HD_103187|HD_103405|gaia_774271076054448768_src2|gaia_774289041901756032_src4|gaia_774289488578357504_src6|gaia_774384016513181696_src3,"HD_103187,HD_103405,src2,src4,src6,src3"
V0399 named,6,107,64,1.218063278754474,1.5832910156521391,1.4006771472033066,HD_103187|HD_103405|gaia_774271076054448768_src2|gaia_774289041901756032_src4|gaia_774290626745586944_src8|gaia_774384016513181696_src3,"HD_103187,HD_103405,src2,src4,src8,src3"
V0399 named,6,107,64,1.218063278754474,1.5832910156521391,1.4006771472033066,HD_103187|HD_103405|gaia_774271076054448768_src2|gaia_774289488578357504_src6|gaia_774290626745586944_src8|gaia_774384016513181696_src3,"HD_103187,HD_103405,src2,src6,src8,src3"
V0399 named,6,107,64,1.218063278754474,1.5832910156521391,1.4006771472033066,HD_103187|TYC_3452_787_1|gaia_774271076054448768_src2|gaia_774287774887292672_src5|gaia_774288805679445888_src7|gaia_774384016513181696_src3,"HD_103187,TYC_3452_787_1,src2,src5,src7,src3"
V0399 named,6,107,64,1.218063278754474,1.5832910156521391,1.4006771472033066,HD_103187|TYC_3452_787_1|gaia_774271076054448768_src2|gaia_774287774887292672_src5|gaia_774289041901756032_src4|gaia_774384016513181696_src3,"HD_103187,TYC_3452_787_1,src2,src5,src4,src3"
V0399 named,6,107,64,1.218063278754474,1.5832910156521391,1.4006771472033066,HD_103187|TYC_3452_787_1|gaia_774271076054448768_src2|gaia_774287774887292672_src5|gaia_774289488578357504_src6|gaia_774384016513181696_src3,"HD_103187,TYC_3452_787_1,src2,src5,src6,src3"
V0399 named,6,107,64,1.218063278754474,1.5832910156521391,1.4006771472033066,HD_103187|TYC_3452_787_1|gaia_774271076054448768_src2|gaia_774287774887292672_src5|gaia_774290626745586944_src8|gaia_774384016513181696_src3,"HD_103187,TYC_3452_787_1,src2,src5,src8,src3"
V0399 named,6,107,64,1.218063278754474,1.5832910156521391,1.4006771472033066,HD_103187|TYC_3452_787_1|gaia_774271076054448768_src2|gaia_774288805679445888_src7|gaia_774289041901756032_src4|gaia_774384016513181696_src3,"HD_103187,TYC_3452_787_1,src2,src7,src4,src3"
V0399 named,6,107,64,1.218063278754474,1.5832910156521391,1.4006771472033066,HD_103187|TYC_3452_787_1|gaia_774271076054448768_src2|gaia_774288805679445888_src7|gaia_774289488578357504_src6|gaia_774384016513181696_src3,"HD_103187,TYC_3452_787_1,src2,src7,src6,src3"
V0399 named,6,107,64,1.218063278754474,1.5832910156521391,1.4006771472033066,HD_103187|TYC_3452_787_1|gaia_774271076054448768_src2|gaia_774288805679445888_src7|gaia_774290626745586944_src8|gaia_774384016513181696_src3,"HD_103187,TYC_3452_787_1,src2,src7,src8,src3"
V0399 named,6,107,64,1.218063278754474,1.5832910156521391,1.4006771472033066,HD_103187|TYC_3452_787_1|gaia_774271076054448768_src2|gaia_774289041901756032_src4|gaia_774289488578357504_src6|gaia_774384016513181696_src3,"HD_103187,TYC_3452_787_1,src2,src4,src6,src3"
V0399 named,6,107,64,1.218063278754474,1.5832910156521391,1.4006771472033066,HD_103187|TYC_3452_787_1|gaia_774271076054448768_src2|gaia_774289041901756032_src4|gaia_774290626745586944_src8|gaia_774384016513181696_src3,"HD_103187,TYC_3452_787_1,src2,src4,src8,src3"
V0399 named,6,107,64,1.218063278754474,1.5832910156521391,1.4006771472033066,HD_103187|TYC_3452_787_1|gaia_774271076054448768_src2|gaia_774289488578357504_src6|gaia_774290626745586944_src8|gaia_774384016513181696_src3,"HD_103187,TYC_3452_787_1,src2,src6,src8,src3"
V0399 named,6,107,64,1.218063278754474,1.5832910156521391,1.4006771472033066,HD_103187|gaia_774271076054448768_src2|gaia_774272862760870784_src1|gaia_774287774887292672_src5|gaia_774288805679445888_src7|gaia_774384016513181696_src3,"HD_103187,src2,src1,src5,src7,src3"
V0399 named,6,107,64,1.218063278754474,1.5832910156521391,1.4006771472033066,HD_103187|gaia_774271076054448768_src2|gaia_774272862760870784_src1|gaia_774287774887292672_src5|gaia_774289041901756032_src4|gaia_774384016513181696_src3,"HD_103187,src2,src1,src5,src4,src3"
V0399 named,6,107,64,1.218063278754474,1.5832910156521391,1.4006771472033066,HD_103187|gaia_774271076054448768_src2|gaia_774272862760870784_src1|gaia_774287774887292672_src5|gaia_774289488578357504_src6|gaia_774384016513181696_src3,"HD_103187,src2,src1,src5,src6,src3"
V0399 named,6,107,64,1.218063278754474,1.5832910156521391,1.4006771472033066,HD_103187|gaia_774271076054448768_src2|gaia_774272862760870784_src1|gaia_774287774887292672_src5|gaia_774290626745586944_src8|gaia_774384016513181696_src3,"HD_103187,src2,src1,src5,src8,src3"
V0399 named,6,107,64,1.218063278754474,1.5832910156521391,1.4006771472033066,HD_103187|gaia_774271076054448768_src2|gaia_774272862760870784_src1|gaia_774288805679445888_src7|gaia_774289041901756032_src4|gaia_774384016513181696_src3,"HD_103187,src2,src1,src7,src4,src3"
V0399 named,6,107,64,1.218063278754474,1.5832910156521391,1.4006771472033066,HD_103187|gaia_774271076054448768_src2|gaia_774272862760870784_src1|gaia_774288805679445888_src7|gaia_774289488578357504_src6|gaia_774384016513181696_src3,"HD_103187,src2,src1,src7,src6,src3"
V0399 named,6,107,64,1.218063278754474,1.5832910156521391,1.4006771472033066,HD_103187|gaia_774271076054448768_src2|gaia_774272862760870784_src1|gaia_774288805679445888_src7|gaia_774290626745586944_src8|gaia_774384016513181696_src3,"HD_103187,src2,src1,src7,src8,src3"
V0399 named,6,107,64,1.218063278754474,1.5832910156521391,1.4006771472033066,HD_103187|gaia_774271076054448768_src2|gaia_774272862760870784_src1|gaia_774289041901756032_src4|gaia_774289488578357504_src6|gaia_774384016513181696_src3,"HD_103187,src2,src1,src4,src6,src3"
V0399 named,6,107,64,1.218063278754474,1.5832910156521391,1.4006771472033066,HD_103187|gaia_774271076054448768_src2|gaia_774272862760870784_src1|gaia_774289041901756032_src4|gaia_774290626745586944_src8|gaia_774384016513181696_src3,"HD_103187,src2,src1,src4,src8,src3"
V0399 named,6,107,64,1.218063278754474,1.5832910156521391,1.4006771472033066,HD_103187|gaia_774271076054448768_src2|gaia_774272862760870784_src1|gaia_774289488578357504_src6|gaia_774290626745586944_src8|gaia_774384016513181696_src3,"HD_103187,src2,src1,src6,src8,src3"
V0399 named,6,107,64,1.218063278754474,1.5832910156521391,1.4006771472033066,HD_103405|TYC_3452_787_1|gaia_774271076054448768_src2|gaia_774287774887292672_src5|gaia_774288805679445888_src7|gaia_774384016513181696_src3,"HD_103405,TYC_3452_787_1,src2,src5,src7,src3"
V0399 named,6,107,64,1.218063278754474,1.5832910156521391,1.4006771472033066,HD_103405|TYC_3452_787_1|gaia_774271076054448768_src2|gaia_774287774887292672_src5|gaia_774289041901756032_src4|gaia_774384016513181696_src3,"HD_103405,TYC_3452_787_1,src2,src5,src4,src3"
V0399 named,6,107,64,1.218063278754474,1.5832910156521391,1.4006771472033066,HD_103405|TYC_3452_787_1|gaia_774271076054448768_src2|gaia_774287774887292672_src5|gaia_774289488578357504_src6|gaia_774384016513181696_src3,"HD_103405,TYC_3452_787_1,src2,src5,src6,src3"
V0399 named,6,107,64,1.218063278754474,1.5832910156521391,1.4006771472033066,HD_103405|TYC_3452_787_1|gaia_774271076054448768_src2|gaia_774287774887292672_src5|gaia_774290626745586944_src8|gaia_774384016513181696_src3,"HD_103405,TYC_3452_787_1,src2,src5,src8,src3"
V0399 named,6,107,64,1.218063278754474,1.5832910156521391,1.4006771472033066,HD_103405|TYC_3452_787_1|gaia_774271076054448768_src2|gaia_774288805679445888_src7|gaia_774289041901756032_src4|gaia_774384016513181696_src3,"HD_103405,TYC_3452_787_1,src2,src7,src4,src3"
V0399 named,6,107,64,1.218063278754474,1.5832910156521391,1.4006771472033066,HD_103405|TYC_3452_787_1|gaia_774271076054448768_src2|gaia_774288805679445888_src7|gaia_774289488578357504_src6|gaia_774384016513181696_src3,"HD_103405,TYC_3452_787_1,src2,src7,src6,src3"
V0399 named,6,107,64,1.218063278754474,1.5832910156521391,1.4006771472033066,HD_103405|TYC_3452_787_1|gaia_774271076054448768_src2|gaia_774288805679445888_src7|gaia_774290626745586944_src8|gaia_774384016513181696_src3,"HD_103405,TYC_3452_787_1,src2,src7,src8,src3"
V0399 named,6,107,64,1.218063278754474,1.5832910156521391,1.4006771472033066,HD_103405|TYC_3452_787_1|gaia_774271076054448768_src2|gaia_774289041901756032_src4|gaia_774289488578357504_src6|gaia_774384016513181696_src3,"HD_103405,TYC_3452_787_1,src2,src4,src6,src3"
V0399 named,6,107,64,1.218063278754474,1.5832910156521391,1.4006771472033066,HD_103405|TYC_3452_787_1|gaia_774271076054448768_src2|gaia_774289041901756032_src4|gaia_774290626745586944_src8|gaia_774384016513181696_src3,"HD_103405,TYC_3452_787_1,src2,src4,src8,src3"
V0399 named,6,107,64,1.218063278754474,1.5832910156521391,1.4006771472033066,HD_103405|TYC_3452_787_1|gaia_774271076054448768_src2|gaia_774289488578357504_src6|gaia_774290626745586944_src8|gaia_774384016513181696_src3,"HD_103405,TYC_3452_787_1,src2,src6,src8,src3"
V0399 named,6,107,64,1.218063278754474,1.5832910156521391,1.4006771472033066,HD_103405|gaia_774271076054448768_src2|gaia_774272862760870784_src1|gaia_774287774887292672_src5|gaia_774288805679445888_src7|gaia_774384016513181696_src3,"HD_103405,src2,src1,src5,src7,src3"
V0399 named,6,107,64,1.218063278754474,1.5832910156521391,1.4006771472033066,HD_103405|gaia_774271076054448768_src2|gaia_774272862760870784_src1|gaia_774287774887292672_src5|gaia_774289041901756032_src4|gaia_774384016513181696_src3,"HD_103405,src2,src1,src5,src4,src3"
V0399 named,6,107,64,1.218063278754474,1.5832910156521391,1.4006771472033066,HD_103405|gaia_774271076054448768_src2|gaia_774272862760870784_src1|gaia_774287774887292672_src5|gaia_774289488578357504_src6|gaia_774384016513181696_src3,"HD_103405,src2,src1,src5,src6,src3"
V0399 named,6,107,64,1.218063278754474,1.5832910156521391,1.4006771472033066,HD_103405|gaia_774271076054448768_src2|gaia_774272862760870784_src1|gaia_774287774887292672_src5|gaia_774290626745586944_src8|gaia_774384016513181696_src3,"HD_103405,src2,src1,src5,src8,src3"
V0399 named,6,107,64,1.218063278754474,1.5832910156521391,1.4006771472033066,HD_103405|gaia_774271076054448768_src2|gaia_774272862760870784_src1|gaia_774288805679445888_src7|gaia_774289041901756032_src4|gaia_774384016513181696_src3,"HD_103405,src2,src1,src7,src4,src3"
V0399 named,6,107,64,1.218063278754474,1.5832910156521391,1.4006771472033066,HD_103405|gaia_774271076054448768_src2|gaia_774272862760870784_src1|gaia_774288805679445888_src7|gaia_774289488578357504_src6|gaia_774384016513181696_src3,"HD_103405,src2,src1,src7,src6,src3"
V0399 named,6,107,64,1.218063278754474,1.5832910156521391,1.4006771472033066,HD_103405|gaia_774271076054448768_src2|gaia_774272862760870784_src1|gaia_774288805679445888_src7|gaia_774290626745586944_src8|gaia_774384016513181696_src3,"HD_103405,src2,src1,src7,src8,src3"
V0399 named,6,107,64,1.218063278754474,1.5832910156521391,1.4006771472033066,HD_103405|gaia_774271076054448768_src2|gaia_774272862760870784_src1|gaia_774289041901756032_src4|gaia_774289488578357504_src6|gaia_774384016513181696_src3,"HD_103405,src2,src1,src4,src6,src3"
V0399 named,6,107,64,1.218063278754474,1.5832910156521391,1.4006771472033066,HD_103405|gaia_774271076054448768_src2|gaia_774272862760870784_src1|gaia_774289041901756032_src4|gaia_774290626745586944_src8|gaia_774384016513181696_src3,"HD_103405,src2,src1,src4,src8,src3"
V0399 named,6,107,64,1.218063278754474,1.5832910156521391,1.4006771472033066,HD_103405|gaia_774271076054448768_src2|gaia_774272862760870784_src1|gaia_774289488578357504_src6|gaia_774290626745586944_src8|gaia_774384016513181696_src3,"HD_103405,src2,src1,src6,src8,src3"
V0399 named,6,107,64,1.218063278754474,1.5832910156521391,1.4006771472033066,TYC_3452_787_1|gaia_774271076054448768_src2|gaia_774272862760870784_src1|gaia_774287774887292672_src5|gaia_774288805679445888_src7|gaia_774384016513181696_src3,"TYC_3452_787_1,src2,src1,src5,src7,src3"
V0399 named,6,107,64,1.218063278754474,1.5832910156521391,1.4006771472033066,TYC_3452_787_1|gaia_774271076054448768_src2|gaia_774272862760870784_src1|gaia_774287774887292672_src5|gaia_774289041901756032_src4|gaia_774384016513181696_src3,"TYC_3452_787_1,src2,src1,src5,src4,src3"
V0399 named,6,107,64,1.218063278754474,1.5832910156521391,1.4006771472033066,TYC_3452_787_1|gaia_774271076054448768_src2|gaia_774272862760870784_src1|gaia_774287774887292672_src5|gaia_774289488578357504_src6|gaia_774384016513181696_src3,"TYC_3452_787_1,src2,src1,src5,src6,src3"
V0399 named,6,107,64,1.218063278754474,1.5832910156521391,1.4006771472033066,TYC_3452_787_1|gaia_774271076054448768_src2|gaia_774272862760870784_src1|gaia_774287774887292672_src5|gaia_774290626745586944_src8|gaia_774384016513181696_src3,"TYC_3452_787_1,src2,src1,src5,src8,src3"
V0399 named,6,107,64,1.218063278754474,1.5832910156521391,1.4006771472033066,TYC_3452_787_1|gaia_774271076054448768_src2|gaia_774272862760870784_src1|gaia_774288805679445888_src7|gaia_774289041901756032_src4|gaia_774384016513181696_src3,"TYC_3452_787_1,src2,src1,src7,src4,src3"
V0399 named,6,107,64,1.218063278754474,1.5832910156521391,1.4006771472033066,TYC_3452_787_1|gaia_774271076054448768_src2|gaia_774272862760870784_src1|gaia_774288805679445888_src7|gaia_774289488578357504_src6|gaia_774384016513181696_src3,"TYC_3452_787_1,src2,src1,src7,src6,src3"
V0399 named,6,107,64,1.218063278754474,1.5832910156521391,1.4006771472033066,TYC_3452_787_1|gaia_774271076054448768_src2|gaia_774272862760870784_src1|gaia_774288805679445888_src7|gaia_774290626745586944_src8|gaia_774384016513181696_src3,"TYC_3452_787_1,src2,src1,src7,src8,src3"
V0399 named,6,107,64,1.218063278754474,1.5832910156521391,1.4006771472033066,TYC_3452_787_1|gaia_774271076054448768_src2|gaia_774272862760870784_src1|gaia_774289041901756032_src4|gaia_774289488578357504_src6|gaia_774384016513181696_src3,"TYC_3452_787_1,src2,src1,src4,src6,src3"
V0399 named,6,107,64,1.218063278754474,1.5832910156521391,1.4006771472033066,TYC_3452_787_1|gaia_774271076054448768_src2|gaia_774272862760870784_src1|gaia_774289041901756032_src4|gaia_774290626745586944_src8|gaia_774384016513181696_src3,"TYC_3452_787_1,src2,src1,src4,src8,src3"
V0399 named,6,107,64,1.218063278754474,1.5832910156521391,1.4006771472033066,TYC_3452_787_1|gaia_774271076054448768_src2|gaia_774272862760870784_src1|gaia_774289488578357504_src6|gaia_774290626745586944_src8|gaia_774384016513181696_src3,"TYC_3452_787_1,src2,src1,src6,src8,src3"
V0399 named,8,107,64,1.218063278754474,1.5832910156521391,1.4006771472033066,HD_103187|HD_103405|TYC_3452_787_1|gaia_774271076054448768_src2|gaia_774287774887292672_src5|gaia_774288805679445888_src7|gaia_774289041901756032_src4|gaia_774384016513181696_src3,"HD_103187,HD_103405,TYC_3452_787_1,src2,src5,src7,src4,src3"
V0399 named,8,107,64,1.218063278754474,1.5832910156521391,1.4006771472033066,HD_103187|HD_103405|TYC_3452_787_1|gaia_774271076054448768_src2|gaia_774287774887292672_src5|gaia_774288805679445888_src7|gaia_774289488578357504_src6|gaia_774384016513181696_src3,"HD_103187,HD_103405,TYC_3452_787_1,src2,src5,src7,src6,src3"
V0399 named,8,107,64,1.218063278754474,1.5832910156521391,1.4006771472033066,HD_103187|HD_103405|TYC_3452_787_1|gaia_774271076054448768_src2|gaia_774287774887292672_src5|gaia_774288805679445888_src7|gaia_774290626745586944_src8|gaia_774384016513181696_src3,"HD_103187,HD_103405,TYC_3452_787_1,src2,src5,src7,src8,src3"
V0399 named,8,107,64,1.218063278754474,1.5832910156521391,1.4006771472033066,HD_103187|HD_103405|TYC_3452_787_1|gaia_774271076054448768_src2|gaia_774287774887292672_src5|gaia_774289041901756032_src4|gaia_774289488578357504_src6|gaia_774384016513181696_src3,"HD_103187,HD_103405,TYC_3452_787_1,src2,src5,src4,src6,src3"
V0399 named,8,107,64,1.218063278754474,1.5832910156521391,1.4006771472033066,HD_103187|HD_103405|TYC_3452_787_1|gaia_774271076054448768_src2|gaia_774287774887292672_src5|gaia_774289041901756032_src4|gaia_774290626745586944_src8|gaia_774384016513181696_src3,"HD_103187,HD_103405,TYC_3452_787_1,src2,src5,src4,src8,src3"
V0399 named,8,107,64,1.218063278754474,1.5832910156521391,1.4006771472033066,HD_103187|HD_103405|TYC_3452_787_1|gaia_774271076054448768_src2|gaia_774287774887292672_src5|gaia_774289488578357504_src6|gaia_774290626745586944_src8|gaia_774384016513181696_src3,"HD_103187,HD_103405,TYC_3452_787_1,src2,src5,src6,src8,src3"
V0399 named,8,107,64,1.218063278754474,1.5832910156521391,1.4006771472033066,HD_103187|HD_103405|TYC_3452_787_1|gaia_774271076054448768_src2|gaia_774288805679445888_src7|gaia_774289041901756032_src4|gaia_774289488578357504_src6|gaia_774384016513181696_src3,"HD_103187,HD_103405,TYC_3452_787_1,src2,src7,src4,src6,src3"
V0399 named,8,107,64,1.218063278754474,1.5832910156521391,1.4006771472033066,HD_103187|HD_103405|TYC_3452_787_1|gaia_774271076054448768_src2|gaia_774288805679445888_src7|gaia_774289041901756032_src4|gaia_774290626745586944_src8|gaia_774384016513181696_src3,"HD_103187,HD_103405,TYC_3452_787_1,src2,src7,src4,src8,src3"
V0399 named,8,107,64,1.218063278754474,1.5832910156521391,1.4006771472033066,HD_103187|HD_103405|TYC_3452_787_1|gaia_774271076054448768_src2|gaia_774288805679445888_src7|gaia_774289488578357504_src6|gaia_774290626745586944_src8|gaia_774384016513181696_src3,"HD_103187,HD_103405,TYC_3452_787_1,src2,src7,src6,src8,src3"
V0399 named,8,107,64,1.218063278754474,1.5832910156521391,1.4006771472033066,HD_103187|HD_103405|TYC_3452_787_1|gaia_774271076054448768_src2|gaia_774289041901756032_src4|gaia_774289488578357504_src6|gaia_774290626745586944_src8|gaia_774384016513181696_src3,"HD_103187,HD_103405,TYC_3452_787_1,src2,src4,src6,src8,src3"
V0399 named,8,107,64,1.218063278754474,1.5832910156521391,1.4006771472033066,HD_103187|HD_103405|gaia_774271076054448768_src2|gaia_774272862760870784_src1|gaia_774287774887292672_src5|gaia_774288805679445888_src7|gaia_774289041901756032_src4|gaia_774384016513181696_src3,"HD_103187,HD_103405,src2,src1,src5,src7,src4,src3"
V0399 named,8,107,64,1.218063278754474,1.5832910156521391,1.4006771472033066,HD_103187|HD_103405|gaia_774271076054448768_src2|gaia_774272862760870784_src1|gaia_774287774887292672_src5|gaia_774288805679445888_src7|gaia_774289488578357504_src6|gaia_774384016513181696_src3,"HD_103187,HD_103405,src2,src1,src5,src7,src6,src3"
V0399 named,8,107,64,1.218063278754474,1.5832910156521391,1.4006771472033066,HD_103187|HD_103405|gaia_774271076054448768_src2|gaia_774272862760870784_src1|gaia_774287774887292672_src5|gaia_774288805679445888_src7|gaia_774290626745586944_src8|gaia_774384016513181696_src3,"HD_103187,HD_103405,src2,src1,src5,src7,src8,src3"
V0399 named,8,107,64,1.218063278754474,1.5832910156521391,1.4006771472033066,HD_103187|HD_103405|gaia_774271076054448768_src2|gaia_774272862760870784_src1|gaia_774287774887292672_src5|gaia_774289041901756032_src4|gaia_774289488578357504_src6|gaia_774384016513181696_src3,"HD_103187,HD_103405,src2,src1,src5,src4,src6,src3"
V0399 named,8,107,64,1.218063278754474,1.5832910156521391,1.4006771472033066,HD_103187|HD_103405|gaia_774271076054448768_src2|gaia_774272862760870784_src1|gaia_774287774887292672_src5|gaia_774289041901756032_src4|gaia_774290626745586944_src8|gaia_774384016513181696_src3,"HD_103187,HD_103405,src2,src1,src5,src4,src8,src3"
V0399 named,8,107,64,1.218063278754474,1.5832910156521391,1.4006771472033066,HD_103187|HD_103405|gaia_774271076054448768_src2|gaia_774272862760870784_src1|gaia_774287774887292672_src5|gaia_774289488578357504_src6|gaia_774290626745586944_src8|gaia_774384016513181696_src3,"HD_103187,HD_103405,src2,src1,src5,src6,src8,src3"
V0399 named,8,107,64,1.218063278754474,1.5832910156521391,1.4006771472033066,HD_103187|HD_103405|gaia_774271076054448768_src2|gaia_774272862760870784_src1|gaia_774288805679445888_src7|gaia_774289041901756032_src4|gaia_774289488578357504_src6|gaia_774384016513181696_src3,"HD_103187,HD_103405,src2,src1,src7,src4,src6,src3"
V0399 named,8,107,64,1.218063278754474,1.5832910156521391,1.4006771472033066,HD_103187|HD_103405|gaia_774271076054448768_src2|gaia_774272862760870784_src1|gaia_774288805679445888_src7|gaia_774289041901756032_src4|gaia_774290626745586944_src8|gaia_774384016513181696_src3,"HD_103187,HD_103405,src2,src1,src7,src4,src8,src3"
V0399 named,8,107,64,1.218063278754474,1.5832910156521391,1.4006771472033066,HD_103187|HD_103405|gaia_774271076054448768_src2|gaia_774272862760870784_src1|gaia_774288805679445888_src7|gaia_774289488578357504_src6|gaia_774290626745586944_src8|gaia_774384016513181696_src3,"HD_103187,HD_103405,src2,src1,src7,src6,src8,src3"
V0399 named,8,107,64,1.218063278754474,1.5832910156521391,1.4006771472033066,HD_103187|HD_103405|gaia_774271076054448768_src2|gaia_774272862760870784_src1|gaia_774289041901756032_src4|gaia_774289488578357504_src6|gaia_774290626745586944_src8|gaia_774384016513181696_src3,"HD_103187,HD_103405,src2,src1,src4,src6,src8,src3"
V0399 named,8,107,64,1.218063278754474,1.5832910156521391,1.4006771472033066,HD_103187|TYC_3452_787_1|gaia_774271076054448768_src2|gaia_774272862760870784_src1|gaia_774287774887292672_src5|gaia_774288805679445888_src7|gaia_774289041901756032_src4|gaia_774384016513181696_src3,"HD_103187,TYC_3452_787_1,src2,src1,src5,src7,src4,src3"
V0399 named,8,107,64,1.218063278754474,1.5832910156521391,1.4006771472033066,HD_103187|TYC_3452_787_1|gaia_774271076054448768_src2|gaia_774272862760870784_src1|gaia_774287774887292672_src5|gaia_774288805679445888_src7|gaia_774289488578357504_src6|gaia_774384016513181696_src3,"HD_103187,TYC_3452_787_1,src2,src1,src5,src7,src6,src3"
V0399 named,8,107,64,1.218063278754474,1.5832910156521391,1.4006771472033066,HD_103187|TYC_3452_787_1|gaia_774271076054448768_src2|gaia_774272862760870784_src1|gaia_774287774887292672_src5|gaia_774288805679445888_src7|gaia_774290626745586944_src8|gaia_774384016513181696_src3,"HD_103187,TYC_3452_787_1,src2,src1,src5,src7,src8,src3"
V0399 named,8,107,64,1.218063278754474,1.5832910156521391,1.4006771472033066,HD_103187|TYC_3452_787_1|gaia_774271076054448768_src2|gaia_774272862760870784_src1|gaia_774287774887292672_src5|gaia_774289041901756032_src4|gaia_774289488578357504_src6|gaia_774384016513181696_src3,"HD_103187,TYC_3452_787_1,src2,src1,src5,src4,src6,src3"
V0399 named,8,107,64,1.218063278754474,1.5832910156521391,1.4006771472033066,HD_103187|TYC_3452_787_1|gaia_774271076054448768_src2|gaia_774272862760870784_src1|gaia_774287774887292672_src5|gaia_774289041901756032_src4|gaia_774290626745586944_src8|gaia_774384016513181696_src3,"HD_103187,TYC_3452_787_1,src2,src1,src5,src4,src8,src3"
V0399 named,8,107,64,1.218063278754474,1.5832910156521391,1.4006771472033066,HD_103187|TYC_3452_787_1|gaia_774271076054448768_src2|gaia_774272862760870784_src1|gaia_774287774887292672_src5|gaia_774289488578357504_src6|gaia_774290626745586944_src8|gaia_774384016513181696_src3,"HD_103187,TYC_3452_787_1,src2,src1,src5,src6,src8,src3"
V0399 named,8,107,64,1.218063278754474,1.5832910156521391,1.4006771472033066,HD_103187|TYC_3452_787_1|gaia_774271076054448768_src2|gaia_774272862760870784_src1|gaia_774288805679445888_src7|gaia_774289041901756032_src4|gaia_774289488578357504_src6|gaia_774384016513181696_src3,"HD_103187,TYC_3452_787_1,src2,src1,src7,src4,src6,src3"
V0399 named,8,107,64,1.218063278754474,1.5832910156521391,1.4006771472033066,HD_103187|TYC_3452_787_1|gaia_774271076054448768_src2|gaia_774272862760870784_src1|gaia_774288805679445888_src7|gaia_774289041901756032_src4|gaia_774290626745586944_src8|gaia_774384016513181696_src3,"HD_103187,TYC_3452_787_1,src2,src1,src7,src4,src8,src3"
V0399 named,8,107,64,1.218063278754474,1.5832910156521391,1.4006771472033066,HD_103187|TYC_3452_787_1|gaia_774271076054448768_src2|gaia_774272862760870784_src1|gaia_774288805679445888_src7|gaia_774289488578357504_src6|gaia_774290626745586944_src8|gaia_774384016513181696_src3,"HD_103187,TYC_3452_787_1,src2,src1,src7,src6,src8,src3"
V0399 named,8,107,64,1.218063278754474,1.5832910156521391,1.4006771472033066,HD_103187|TYC_3452_787_1|gaia_774271076054448768_src2|gaia_774272862760870784_src1|gaia_774289041901756032_src4|gaia_774289488578357504_src6|gaia_774290626745586944_src8|gaia_774384016513181696_src3,"HD_103187,TYC_3452_787_1,src2,src1,src4,src6,src8,src3"
V0399 named,8,107,64,1.218063278754474,1.5832910156521391,1.4006771472033066,HD_103405|TYC_3452_787_1|gaia_774271076054448768_src2|gaia_774272862760870784_src1|gaia_774287774887292672_src5|gaia_774288805679445888_src7|gaia_774289041901756032_src4|gaia_774384016513181696_src3,"HD_103405,TYC_3452_787_1,src2,src1,src5,src7,src4,src3"
V0399 named,8,107,64,1.218063278754474,1.5832910156521391,1.4006771472033066,HD_103405|TYC_3452_787_1|gaia_774271076054448768_src2|gaia_774272862760870784_src1|gaia_774287774887292672_src5|gaia_774288805679445888_src7|gaia_774289488578357504_src6|gaia_774384016513181696_src3,"HD_103405,TYC_3452_787_1,src2,src1,src5,src7,src6,src3"
V0399 named,8,107,64,1.218063278754474,1.5832910156521391,1.4006771472033066,HD_103405|TYC_3452_787_1|gaia_774271076054448768_src2|gaia_774272862760870784_src1|gaia_774287774887292672_src5|gaia_774288805679445888_src7|gaia_774290626745586944_src8|gaia_774384016513181696_src3,"HD_103405,TYC_3452_787_1,src2,src1,src5,src7,src8,src3"
V0399 named,8,107,64,1.218063278754474,1.5832910156521391,1.4006771472033066,HD_103405|TYC_3452_787_1|gaia_774271076054448768_src2|gaia_774272862760870784_src1|gaia_774287774887292672_src5|gaia_774289041901756032_src4|gaia_774289488578357504_src6|gaia_774384016513181696_src3,"HD_103405,TYC_3452_787_1,src2,src1,src5,src4,src6,src3"
V0399 named,8,107,64,1.218063278754474,1.5832910156521391,1.4006771472033066,HD_103405|TYC_3452_787_1|gaia_774271076054448768_src2|gaia_774272862760870784_src1|gaia_774287774887292672_src5|gaia_774289041901756032_src4|gaia_774290626745586944_src8|gaia_774384016513181696_src3,"HD_103405,TYC_3452_787_1,src2,src1,src5,src4,src8,src3"
V0399 named,8,107,64,1.218063278754474,1.5832910156521391,1.4006771472033066,HD_103405|TYC_3452_787_1|gaia_774271076054448768_src2|gaia_774272862760870784_src1|gaia_774287774887292672_src5|gaia_774289488578357504_src6|gaia_774290626745586944_src8|gaia_774384016513181696_src3,"HD_103405,TYC_3452_787_1,src2,src1,src5,src6,src8,src3"
V0399 named,8,107,64,1.218063278754474,1.5832910156521391,1.4006771472033066,HD_103405|TYC_3452_787_1|gaia_774271076054448768_src2|gaia_774272862760870784_src1|gaia_774288805679445888_src7|gaia_774289041901756032_src4|gaia_774289488578357504_src6|gaia_774384016513181696_src3,"HD_103405,TYC_3452_787_1,src2,src1,src7,src4,src6,src3"
V0399 named,8,107,64,1.218063278754474,1.5832910156521391,1.4006771472033066,HD_103405|TYC_3452_787_1|gaia_774271076054448768_src2|gaia_774272862760870784_src1|gaia_774288805679445888_src7|gaia_774289041901756032_src4|gaia_774290626745586944_src8|gaia_774384016513181696_src3,"HD_103405,TYC_3452_787_1,src2,src1,src7,src4,src8,src3"
V0399 named,8,107,64,1.218063278754474,1.5832910156521391,1.4006771472033066,HD_103405|TYC_3452_787_1|gaia_774271076054448768_src2|gaia_774272862760870784_src1|gaia_774288805679445888_src7|gaia_774289488578357504_src6|gaia_774290626745586944_src8|gaia_774384016513181696_src3,"HD_103405,TYC_3452_787_1,src2,src1,src7,src6,src8,src3"
V0399 named,8,107,64,1.218063278754474,1.5832910156521391,1.4006771472033066,HD_103405|TYC_3452_787_1|gaia_774271076054448768_src2|gaia_774272862760870784_src1|gaia_774289041901756032_src4|gaia_774289488578357504_src6|gaia_774290626745586944_src8|gaia_774384016513181696_src3,"HD_103405,TYC_3452_787_1,src2,src1,src4,src6,src8,src3"
V0399 named,10,107,64,1.218063278754474,1.5832910156521391,1.4006771472033066,HD_103187|HD_103405|TYC_3452_787_1|gaia_774271076054448768_src2|gaia_774272862760870784_src1|gaia_774287774887292672_src5|gaia_774288805679445888_src7|gaia_774289041901756032_src4|gaia_774289488578357504_src6|gaia_774384016513181696_src3,"HD_103187,HD_103405,TYC_3452_787_1,src2,src1,src5,src7,src4,src6,src3"
V0399 named,10,107,64,1.218063278754474,1.5832910156521391,1.4006771472033066,HD_103187|HD_103405|TYC_3452_787_1|gaia_774271076054448768_src2|gaia_774272862760870784_src1|gaia_774287774887292672_src5|gaia_774288805679445888_src7|gaia_774289041901756032_src4|gaia_774290626745586944_src8|gaia_774384016513181696_src3,"HD_103187,HD_103405,TYC_3452_787_1,src2,src1,src5,src7,src4,src8,src3"
V0399 named,10,107,64,1.218063278754474,1.5832910156521391,1.4006771472033066,HD_103187|HD_103405|TYC_3452_787_1|gaia_774271076054448768_src2|gaia_774272862760870784_src1|gaia_774287774887292672_src5|gaia_774288805679445888_src7|gaia_774289488578357504_src6|gaia_774290626745586944_src8|gaia_774384016513181696_src3,"HD_103187,HD_103405,TYC_3452_787_1,src2,src1,src5,src7,src6,src8,src3"
V0399 named,10,107,64,1.218063278754474,1.5832910156521391,1.4006771472033066,HD_103187|HD_103405|TYC_3452_787_1|gaia_774271076054448768_src2|gaia_774272862760870784_src1|gaia_774287774887292672_src5|gaia_774289041901756032_src4|gaia_774289488578357504_src6|gaia_774290626745586944_src8|gaia_774384016513181696_src3,"HD_103187,HD_103405,TYC_3452_787_1,src2,src1,src5,src4,src6,src8,src3"
V0399 named,10,107,64,1.218063278754474,1.5832910156521391,1.4006771472033066,HD_103187|HD_103405|TYC_3452_787_1|gaia_774271076054448768_src2|gaia_774272862760870784_src1|gaia_774288805679445888_src7|gaia_774289041901756032_src4|gaia_774289488578357504_src6|gaia_774290626745586944_src8|gaia_774384016513181696_src3,"HD_103187,HD_103405,TYC_3452_787_1,src2,src1,src7,src4,src6,src8,src3"
V0399 named,4,107,64,1.3529764936474902,1.45715905944993,1.40506777654871,HD_103187|gaia_774272862760870784_src1|gaia_774287774887292672_src5|gaia_774288805679445888_src7,"HD_103187,src1,src5,src7"
V0399 named,4,107,64,1.3529764936474902,1.45715905944993,1.40506777654871,HD_103187|gaia_774272862760870784_src1|gaia_774287774887292672_src5|gaia_774289488578357504_src6,"HD_103187,src1,src5,src6"
V0399 named,4,107,64,1.3529764936474902,1.45715905944993,1.40506777654871,HD_103187|gaia_774272862760870784_src1|gaia_774287774887292672_src5|gaia_774290626745586944_src8,"HD_103187,src1,src5,src8"
V0399 named,4,107,64,1.3529764936474902,1.45715905944993,1.40506777654871,HD_103405|gaia_774272862760870784_src1|gaia_774287774887292672_src5|gaia_774288805679445888_src7,"HD_103405,src1,src5,src7"
V0399 named,4,107,64,1.3529764936474902,1.45715905944993,1.40506777654871,HD_103405|gaia_774272862760870784_src1|gaia_774287774887292672_src5|gaia_774289488578357504_src6,"HD_103405,src1,src5,src6"
V0399 named,4,107,64,1.3529764936474902,1.45715905944993,1.40506777654871,HD_103405|gaia_774272862760870784_src1|gaia_774287774887292672_src5|gaia_774290626745586944_src8,"HD_103405,src1,src5,src8"
V0399 named,4,107,64,1.3529764936474902,1.45715905944993,1.40506777654871,TYC_3452_787_1|gaia_774272862760870784_src1|gaia_774287774887292672_src5|gaia_774288805679445888_src7,"TYC_3452_787_1,src1,src5,src7"
V0399 named,4,107,64,1.3529764936474902,1.45715905944993,1.40506777654871,TYC_3452_787_1|gaia_774272862760870784_src1|gaia_774287774887292672_src5|gaia_774289488578357504_src6,"TYC_3452_787_1,src1,src5,src6"
V0399 named,4,107,64,1.3529764936474902,1.45715905944993,1.40506777654871,TYC_3452_787_1|gaia_774272862760870784_src1|gaia_774287774887292672_src5|gaia_774290626745586944_src8,"TYC_3452_787_1,src1,src5,src8"
V0399 named,6,107,64,1.3529764936474902,1.45715905944993,1.40506777654871,HD_103187|HD_103405|gaia_774272862760870784_src1|gaia_774287774887292672_src5|gaia_774288805679445888_src7|gaia_774289488578357504_src6,"HD_103187,HD_103405,src1,src5,src7,src6"
V0399 named,6,107,64,1.3529764936474902,1.45715905944993,1.40506777654871,HD_103187|HD_103405|gaia_774272862760870784_src1|gaia_774287774887292672_src5|gaia_774288805679445888_src7|gaia_774290626745586944_src8,"HD_103187,HD_103405,src1,src5,src7,src8"
V0399 named,6,107,64,1.3529764936474902,1.45715905944993,1.40506777654871,HD_103187|HD_103405|gaia_774272862760870784_src1|gaia_774287774887292672_src5|gaia_774289488578357504_src6|gaia_774290626745586944_src8,"HD_103187,HD_103405,src1,src5,src6,src8"
V0399 named,6,107,64,1.3529764936474902,1.45715905944993,1.40506777654871,HD_103187|TYC_3452_787_1|gaia_774272862760870784_src1|gaia_774287774887292672_src5|gaia_774288805679445888_src7|gaia_774289488578357504_src6,"HD_103187,TYC_3452_787_1,src1,src5,src7,src6"
V0399 named,6,107,64,1.3529764936474902,1.45715905944993,1.40506777654871,HD_103187|TYC_3452_787_1|gaia_774272862760870784_src1|gaia_774287774887292672_src5|gaia_774288805679445888_src7|gaia_774290626745586944_src8,"HD_103187,TYC_3452_787_1,src1,src5,src7,src8"
V0399 named,6,107,64,1.3529764936474902,1.45715905944993,1.40506777654871,HD_103187|TYC_3452_787_1|gaia_774272862760870784_src1|gaia_774287774887292672_src5|gaia_774289488578357504_src6|gaia_774290626745586944_src8,"HD_103187,TYC_3452_787_1,src1,src5,src6,src8"
V0399 named,6,107,64,1.3529764936474902,1.45715905944993,1.40506777654871,HD_103405|TYC_3452_787_1|gaia_774272862760870784_src1|gaia_774287774887292672_src5|gaia_774288805679445888_src7|gaia_774289488578357504_src6,"HD_103405,TYC_3452_787_1,src1,src5,src7,src6"
V0399 named,6,107,64,1.3529764936474902,1.45715905944993,1.40506777654871,HD_103405|TYC_3452_787_1|gaia_774272862760870784_src1|gaia_774287774887292672_src5|gaia_774288805679445888_src7|gaia_774290626745586944_src8,"HD_103405,TYC_3452_787_1,src1,src5,src7,src8"
V0399 named,6,107,64,1.3529764936474902,1.45715905944993,1.40506777654871,HD_103405|TYC_3452_787_1|gaia_774272862760870784_src1|gaia_774287774887292672_src5|gaia_774289488578357504_src6|gaia_774290626745586944_src8,"HD_103405,TYC_3452_787_1,src1,src5,src6,src8"
V0399 named,8,107,64,1.3529764936474902,1.45715905944993,1.40506777654871,HD_103187|HD_103405|TYC_3452_787_1|gaia_774272862760870784_src1|gaia_774287774887292672_src5|gaia_774288805679445888_src7|gaia_774289488578357504_src6|gaia_774290626745586944_src8,"HD_103187,HD_103405,TYC_3452_787_1,src1,src5,src7,src6,src8"
V0399 named,4,107,64,1.4327370450033656,1.3962975802253053,1.4145173126143353,HD_103187|TYC_3452_787_1|gaia_774287774887292672_src5|gaia_774384016513181696_src3,"HD_103187,TYC_3452_787_1,src5,src3"
V0399 named,4,107,64,1.4327370450033656,1.3962975802253053,1.4145173126143353,HD_103187|TYC_3452_787_1|gaia_774288805679445888_src7|gaia_774384016513181696_src3,"HD_103187,TYC_3452_787_1,src7,src3"
V0399 named,4,107,64,1.4327370450033656,1.3962975802253053,1.4145173126143353,HD_103187|TYC_3452_787_1|gaia_774289041901756032_src4|gaia_774384016513181696_src3,"HD_103187,TYC_3452_787_1,src4,src3"
V0399 named,4,107,64,1.4327370450033656,1.3962975802253053,1.4145173126143353,HD_103187|TYC_3452_787_1|gaia_774289488578357504_src6|gaia_774384016513181696_src3,"HD_103187,TYC_3452_787_1,src6,src3"
V0399 named,4,107,64,1.4327370450033656,1.3962975802253053,1.4145173126143353,HD_103187|TYC_3452_787_1|gaia_774290626745586944_src8|gaia_774384016513181696_src3,"HD_103187,TYC_3452_787_1,src8,src3"
V0399 named,4,107,64,1.4662195762331627,1.3644045655505024,1.4153120708918325,HD_103187|TYC_3452_787_1|gaia_774288805679445888_src7|gaia_774289041901756032_src4,"HD_103187,TYC_3452_787_1,src7,src4"
V0399 named,4,107,64,1.4662195762331627,1.3644045655505024,1.4153120708918325,HD_103187|TYC_3452_787_1|gaia_774289041901756032_src4|gaia_774289488578357504_src6,"HD_103187,TYC_3452_787_1,src4,src6"
V0399 named,4,107,64,1.4662195762331627,1.3644045655505024,1.4153120708918325,HD_103187|TYC_3452_787_1|gaia_774289041901756032_src4|gaia_774290626745586944_src8,"HD_103187,TYC_3452_787_1,src4,src8"
V0399 named,3,107,64,1.3223439628500278,1.5242660023382515,1.4233049825941397,HD_103187|gaia_774287774887292672_src5|gaia_774289041901756032_src4,"HD_103187,src5,src4"
V0399 named,3,107,64,1.3223439628500278,1.5242660023382515,1.4233049825941397,HD_103405|gaia_774287774887292672_src5|gaia_774289041901756032_src4,"HD_103405,src5,src4"
V0399 named,3,107,64,1.3223439628500278,1.5242660023382515,1.4233049825941397,TYC_3452_787_1|gaia_774287774887292672_src5|gaia_774289041901756032_src4,"TYC_3452_787_1,src5,src4"
V0399 named,3,107,64,1.3223439628500278,1.5242660023382515,1.4233049825941397,gaia_774271076054448768_src2|gaia_774287774887292672_src5|gaia_774289041901756032_src4,"src2,src5,src4"
V0399 named,3,107,64,1.3223439628500278,1.5242660023382515,1.4233049825941397,gaia_774272862760870784_src1|gaia_774287774887292672_src5|gaia_774289041901756032_src4,"src1,src5,src4"
V0399 named,3,107,64,1.3223439628500278,1.5242660023382515,1.4233049825941397,gaia_774287774887292672_src5|gaia_774289041901756032_src4|gaia_774384016513181696_src3,"src5,src4,src3"
V0399 named,5,107,64,1.3223439628500278,1.5242660023382515,1.4233049825941397,HD_103187|HD_103405|gaia_774287774887292672_src5|gaia_774288805679445888_src7|gaia_774289041901756032_src4,"HD_103187,HD_103405,src5,src7,src4"
V0399 named,5,107,64,1.3223439628500278,1.5242660023382515,1.4233049825941397,HD_103187|HD_103405|gaia_774287774887292672_src5|gaia_774289041901756032_src4|gaia_774289488578357504_src6,"HD_103187,HD_103405,src5,src4,src6"
V0399 named,5,107,64,1.3223439628500278,1.5242660023382515,1.4233049825941397,HD_103187|HD_103405|gaia_774287774887292672_src5|gaia_774289041901756032_src4|gaia_774290626745586944_src8,"HD_103187,HD_103405,src5,src4,src8"
V0399 named,5,107,64,1.3223439628500278,1.5242660023382515,1.4233049825941397,HD_103187|TYC_3452_787_1|gaia_774287774887292672_src5|gaia_774288805679445888_src7|gaia_774289041901756032_src4,"HD_103187,TYC_3452_787_1,src5,src7,src4"
V0399 named,5,107,64,1.3223439628500278,1.5242660023382515,1.4233049825941397,HD_103187|TYC_3452_787_1|gaia_774287774887292672_src5|gaia_774289041901756032_src4|gaia_774289488578357504_src6,"HD_103187,TYC_3452_787_1,src5,src4,src6"
V0399 named,5,107,64,1.3223439628500278,1.5242660023382515,1.4233049825941397,HD_103187|TYC_3452_787_1|gaia_774287774887292672_src5|gaia_774289041901756032_src4|gaia_774290626745586944_src8,"HD_103187,TYC_3452_787_1,src5,src4,src8"
V0399 named,5,107,64,1.3223439628500278,1.5242660023382515,1.4233049825941397,HD_103187|gaia_774271076054448768_src2|gaia_774287774887292672_src5|gaia_774288805679445888_src7|gaia_774289041901756032_src4,"HD_103187,src2,src5,src7,src4"
V0399 named,5,107,64,1.3223439628500278,1.5242660023382515,1.4233049825941397,HD_103187|gaia_774271076054448768_src2|gaia_774287774887292672_src5|gaia_774289041901756032_src4|gaia_774289488578357504_src6,"HD_103187,src2,src5,src4,src6"
V0399 named,5,107,64,1.3223439628500278,1.5242660023382515,1.4233049825941397,HD_103187|gaia_774271076054448768_src2|gaia_774287774887292672_src5|gaia_774289041901756032_src4|gaia_774290626745586944_src8,"HD_103187,src2,src5,src4,src8"
V0399 named,5,107,64,1.3223439628500278,1.5242660023382515,1.4233049825941397,HD_103187|gaia_774272862760870784_src1|gaia_774287774887292672_src5|gaia_774288805679445888_src7|gaia_774289041901756032_src4,"HD_103187,src1,src5,src7,src4"
V0399 named,5,107,64,1.3223439628500278,1.5242660023382515,1.4233049825941397,HD_103187|gaia_774272862760870784_src1|gaia_774287774887292672_src5|gaia_774289041901756032_src4|gaia_774289488578357504_src6,"HD_103187,src1,src5,src4,src6"
V0399 named,5,107,64,1.3223439628500278,1.5242660023382515,1.4233049825941397,HD_103187|gaia_774272862760870784_src1|gaia_774287774887292672_src5|gaia_774289041901756032_src4|gaia_774290626745586944_src8,"HD_103187,src1,src5,src4,src8"
V0399 named,5,107,64,1.3223439628500278,1.5242660023382515,1.4233049825941397,HD_103187|gaia_774287774887292672_src5|gaia_774288805679445888_src7|gaia_774289041901756032_src4|gaia_774384016513181696_src3,"HD_103187,src5,src7,src4,src3"
V0399 named,5,107,64,1.3223439628500278,1.5242660023382515,1.4233049825941397,HD_103187|gaia_774287774887292672_src5|gaia_774289041901756032_src4|gaia_774289488578357504_src6|gaia_774384016513181696_src3,"HD_103187,src5,src4,src6,src3"
V0399 named,5,107,64,1.3223439628500278,1.5242660023382515,1.4233049825941397,HD_103187|gaia_774287774887292672_src5|gaia_774289041901756032_src4|gaia_774290626745586944_src8|gaia_774384016513181696_src3,"HD_103187,src5,src4,src8,src3"
V0399 named,5,107,64,1.3223439628500278,1.5242660023382515,1.4233049825941397,HD_103405|TYC_3452_787_1|gaia_774287774887292672_src5|gaia_774288805679445888_src7|gaia_774289041901756032_src4,"HD_103405,TYC_3452_787_1,src5,src7,src4"
V0399 named,5,107,64,1.3223439628500278,1.5242660023382515,1.4233049825941397,HD_103405|TYC_3452_787_1|gaia_774287774887292672_src5|gaia_774289041901756032_src4|gaia_774289488578357504_src6,"HD_103405,TYC_3452_787_1,src5,src4,src6"
V0399 named,5,107,64,1.3223439628500278,1.5242660023382515,1.4233049825941397,HD_103405|TYC_3452_787_1|gaia_774287774887292672_src5|gaia_774289041901756032_src4|gaia_774290626745586944_src8,"HD_103405,TYC_3452_787_1,src5,src4,src8"
V0399 named,5,107,64,1.3223439628500278,1.5242660023382515,1.4233049825941397,HD_103405|gaia_774271076054448768_src2|gaia_774287774887292672_src5|gaia_774288805679445888_src7|gaia_774289041901756032_src4,"HD_103405,src2,src5,src7,src4"
V0399 named,5,107,64,1.3223439628500278,1.5242660023382515,1.4233049825941397,HD_103405|gaia_774271076054448768_src2|gaia_774287774887292672_src5|gaia_774289041901756032_src4|gaia_774289488578357504_src6,"HD_103405,src2,src5,src4,src6"
V0399 named,5,107,64,1.3223439628500278,1.5242660023382515,1.4233049825941397,HD_103405|gaia_774271076054448768_src2|gaia_774287774887292672_src5|gaia_774289041901756032_src4|gaia_774290626745586944_src8,"HD_103405,src2,src5,src4,src8"
V0399 named,5,107,64,1.3223439628500278,1.5242660023382515,1.4233049825941397,HD_103405|gaia_774272862760870784_src1|gaia_774287774887292672_src5|gaia_774288805679445888_src7|gaia_774289041901756032_src4,"HD_103405,src1,src5,src7,src4"
V0399 named,5,107,64,1.3223439628500278,1.5242660023382515,1.4233049825941397,HD_103405|gaia_774272862760870784_src1|gaia_774287774887292672_src5|gaia_774289041901756032_src4|gaia_774289488578357504_src6,"HD_103405,src1,src5,src4,src6"
V0399 named,5,107,64,1.3223439628500278,1.5242660023382515,1.4233049825941397,HD_103405|gaia_774272862760870784_src1|gaia_774287774887292672_src5|gaia_774289041901756032_src4|gaia_774290626745586944_src8,"HD_103405,src1,src5,src4,src8"
V0399 named,5,107,64,1.3223439628500278,1.5242660023382515,1.4233049825941397,HD_103405|gaia_774287774887292672_src5|gaia_774288805679445888_src7|gaia_774289041901756032_src4|gaia_774384016513181696_src3,"HD_103405,src5,src7,src4,src3"
V0399 named,5,107,64,1.3223439628500278,1.5242660023382515,1.4233049825941397,HD_103405|gaia_774287774887292672_src5|gaia_774289041901756032_src4|gaia_774289488578357504_src6|gaia_774384016513181696_src3,"HD_103405,src5,src4,src6,src3"
V0399 named,5,107,64,1.3223439628500278,1.5242660023382515,1.4233049825941397,HD_103405|gaia_774287774887292672_src5|gaia_774289041901756032_src4|gaia_774290626745586944_src8|gaia_774384016513181696_src3,"HD_103405,src5,src4,src8,src3"
V0399 named,5,107,64,1.3223439628500278,1.5242660023382515,1.4233049825941397,TYC_3452_787_1|gaia_774271076054448768_src2|gaia_774287774887292672_src5|gaia_774288805679445888_src7|gaia_774289041901756032_src4,"TYC_3452_787_1,src2,src5,src7,src4"
V0399 named,5,107,64,1.3223439628500278,1.5242660023382515,1.4233049825941397,TYC_3452_787_1|gaia_774271076054448768_src2|gaia_774287774887292672_src5|gaia_774289041901756032_src4|gaia_774289488578357504_src6,"TYC_3452_787_1,src2,src5,src4,src6"
V0399 named,5,107,64,1.3223439628500278,1.5242660023382515,1.4233049825941397,TYC_3452_787_1|gaia_774271076054448768_src2|gaia_774287774887292672_src5|gaia_774289041901756032_src4|gaia_774290626745586944_src8,"TYC_3452_787_1,src2,src5,src4,src8"
V0399 named,5,107,64,1.3223439628500278,1.5242660023382515,1.4233049825941397,TYC_3452_787_1|gaia_774272862760870784_src1|gaia_774287774887292672_src5|gaia_774288805679445888_src7|gaia_774289041901756032_src4,"TYC_3452_787_1,src1,src5,src7,src4"
V0399 named,5,107,64,1.3223439628500278,1.5242660023382515,1.4233049825941397,TYC_3452_787_1|gaia_774272862760870784_src1|gaia_774287774887292672_src5|gaia_774289041901756032_src4|gaia_774289488578357504_src6,"TYC_3452_787_1,src1,src5,src4,src6"
V0399 named,5,107,64,1.3223439628500278,1.5242660023382515,1.4233049825941397,TYC_3452_787_1|gaia_774272862760870784_src1|gaia_774287774887292672_src5|gaia_774289041901756032_src4|gaia_774290626745586944_src8,"TYC_3452_787_1,src1,src5,src4,src8"
V0399 named,5,107,64,1.3223439628500278,1.5242660023382515,1.4233049825941397,TYC_3452_787_1|gaia_774287774887292672_src5|gaia_774288805679445888_src7|gaia_774289041901756032_src4|gaia_774384016513181696_src3,"TYC_3452_787_1,src5,src7,src4,src3"
V0399 named,5,107,64,1.3223439628500278,1.5242660023382515,1.4233049825941397,TYC_3452_787_1|gaia_774287774887292672_src5|gaia_774289041901756032_src4|gaia_774289488578357504_src6|gaia_774384016513181696_src3,"TYC_3452_787_1,src5,src4,src6,src3"
V0399 named,5,107,64,1.3223439628500278,1.5242660023382515,1.4233049825941397,TYC_3452_787_1|gaia_774287774887292672_src5|gaia_774289041901756032_src4|gaia_774290626745586944_src8|gaia_774384016513181696_src3,"TYC_3452_787_1,src5,src4,src8,src3"
V0399 named,5,107,64,1.3223439628500278,1.5242660023382515,1.4233049825941397,gaia_774271076054448768_src2|gaia_774272862760870784_src1|gaia_774287774887292672_src5|gaia_774288805679445888_src7|gaia_774289041901756032_src4,"src2,src1,src5,src7,src4"
V0399 named,5,107,64,1.3223439628500278,1.5242660023382515,1.4233049825941397,gaia_774271076054448768_src2|gaia_774272862760870784_src1|gaia_774287774887292672_src5|gaia_774289041901756032_src4|gaia_774289488578357504_src6,"src2,src1,src5,src4,src6"
V0399 named,5,107,64,1.3223439628500278,1.5242660023382515,1.4233049825941397,gaia_774271076054448768_src2|gaia_774272862760870784_src1|gaia_774287774887292672_src5|gaia_774289041901756032_src4|gaia_774290626745586944_src8,"src2,src1,src5,src4,src8"
V0399 named,5,107,64,1.3223439628500278,1.5242660023382515,1.4233049825941397,gaia_774271076054448768_src2|gaia_774287774887292672_src5|gaia_774288805679445888_src7|gaia_774289041901756032_src4|gaia_774384016513181696_src3,"src2,src5,src7,src4,src3"
V0399 named,5,107,64,1.3223439628500278,1.5242660023382515,1.4233049825941397,gaia_774271076054448768_src2|gaia_774287774887292672_src5|gaia_774289041901756032_src4|gaia_774289488578357504_src6|gaia_774384016513181696_src3,"src2,src5,src4,src6,src3"
V0399 named,5,107,64,1.3223439628500278,1.5242660023382515,1.4233049825941397,gaia_774271076054448768_src2|gaia_774287774887292672_src5|gaia_774289041901756032_src4|gaia_774290626745586944_src8|gaia_774384016513181696_src3,"src2,src5,src4,src8,src3"
V0399 named,5,107,64,1.3223439628500278,1.5242660023382515,1.4233049825941397,gaia_774272862760870784_src1|gaia_774287774887292672_src5|gaia_774288805679445888_src7|gaia_774289041901756032_src4|gaia_774384016513181696_src3,"src1,src5,src7,src4,src3"
V0399 named,5,107,64,1.3223439628500278,1.5242660023382515,1.4233049825941397,gaia_774272862760870784_src1|gaia_774287774887292672_src5|gaia_774289041901756032_src4|gaia_774289488578357504_src6|gaia_774384016513181696_src3,"src1,src5,src4,src6,src3"
V0399 named,5,107,64,1.3223439628500278,1.5242660023382515,1.4233049825941397,gaia_774272862760870784_src1|gaia_774287774887292672_src5|gaia_774289041901756032_src4|gaia_774290626745586944_src8|gaia_774384016513181696_src3,"src1,src5,src4,src8,src3"
V0399 named,7,107,64,1.3223439628500278,1.5242660023382515,1.4233049825941397,HD_103187|HD_103405|TYC_3452_787_1|gaia_774287774887292672_src5|gaia_774288805679445888_src7|gaia_774289041901756032_src4|gaia_774289488578357504_src6,"HD_103187,HD_103405,TYC_3452_787_1,src5,src7,src4,src6"
V0399 named,7,107,64,1.3223439628500278,1.5242660023382515,1.4233049825941397,HD_103187|HD_103405|TYC_3452_787_1|gaia_774287774887292672_src5|gaia_774288805679445888_src7|gaia_774289041901756032_src4|gaia_774290626745586944_src8,"HD_103187,HD_103405,TYC_3452_787_1,src5,src7,src4,src8"
V0399 named,7,107,64,1.3223439628500278,1.5242660023382515,1.4233049825941397,HD_103187|HD_103405|TYC_3452_787_1|gaia_774287774887292672_src5|gaia_774289041901756032_src4|gaia_774289488578357504_src6|gaia_774290626745586944_src8,"HD_103187,HD_103405,TYC_3452_787_1,src5,src4,src6,src8"
V0399 named,7,107,64,1.3223439628500278,1.5242660023382515,1.4233049825941397,HD_103187|HD_103405|gaia_774271076054448768_src2|gaia_774287774887292672_src5|gaia_774288805679445888_src7|gaia_774289041901756032_src4|gaia_774289488578357504_src6,"HD_103187,HD_103405,src2,src5,src7,src4,src6"
V0399 named,7,107,64,1.3223439628500278,1.5242660023382515,1.4233049825941397,HD_103187|HD_103405|gaia_774271076054448768_src2|gaia_774287774887292672_src5|gaia_774288805679445888_src7|gaia_774289041901756032_src4|gaia_774290626745586944_src8,"HD_103187,HD_103405,src2,src5,src7,src4,src8"
V0399 named,7,107,64,1.3223439628500278,1.5242660023382515,1.4233049825941397,HD_103187|HD_103405|gaia_774271076054448768_src2|gaia_774287774887292672_src5|gaia_774289041901756032_src4|gaia_774289488578357504_src6|gaia_774290626745586944_src8,"HD_103187,HD_103405,src2,src5,src4,src6,src8"
V0399 named,7,107,64,1.3223439628500278,1.5242660023382515,1.4233049825941397,HD_103187|HD_103405|gaia_774272862760870784_src1|gaia_774287774887292672_src5|gaia_774288805679445888_src7|gaia_774289041901756032_src4|gaia_774289488578357504_src6,"HD_103187,HD_103405,src1,src5,src7,src4,src6"
V0399 named,7,107,64,1.3223439628500278,1.5242660023382515,1.4233049825941397,HD_103187|HD_103405|gaia_774272862760870784_src1|gaia_774287774887292672_src5|gaia_774288805679445888_src7|gaia_774289041901756032_src4|gaia_774290626745586944_src8,"HD_103187,HD_103405,src1,src5,src7,src4,src8"
V0399 named,7,107,64,1.3223439628500278,1.5242660023382515,1.4233049825941397,HD_103187|HD_103405|gaia_774272862760870784_src1|gaia_774287774887292672_src5|gaia_774289041901756032_src4|gaia_774289488578357504_src6|gaia_774290626745586944_src8,"HD_103187,HD_103405,src1,src5,src4,src6,src8"
V0399 named,7,107,64,1.3223439628500278,1.5242660023382515,1.4233049825941397,HD_103187|HD_103405|gaia_774287774887292672_src5|gaia_774288805679445888_src7|gaia_774289041901756032_src4|gaia_774289488578357504_src6|gaia_774384016513181696_src3,"HD_103187,HD_103405,src5,src7,src4,src6,src3"
V0399 named,7,107,64,1.3223439628500278,1.5242660023382515,1.4233049825941397,HD_103187|HD_103405|gaia_774287774887292672_src5|gaia_774288805679445888_src7|gaia_774289041901756032_src4|gaia_774290626745586944_src8|gaia_774384016513181696_src3,"HD_103187,HD_103405,src5,src7,src4,src8,src3"
V0399 named,7,107,64,1.3223439628500278,1.5242660023382515,1.4233049825941397,HD_103187|HD_103405|gaia_774287774887292672_src5|gaia_774289041901756032_src4|gaia_774289488578357504_src6|gaia_774290626745586944_src8|gaia_774384016513181696_src3,"HD_103187,HD_103405,src5,src4,src6,src8,src3"
V0399 named,7,107,64,1.3223439628500278,1.5242660023382515,1.4233049825941397,HD_103187|TYC_3452_787_1|gaia_774271076054448768_src2|gaia_774287774887292672_src5|gaia_774288805679445888_src7|gaia_774289041901756032_src4|gaia_774289488578357504_src6,"HD_103187,TYC_3452_787_1,src2,src5,src7,src4,src6"
V0399 named,7,107,64,1.3223439628500278,1.5242660023382515,1.4233049825941397,HD_103187|TYC_3452_787_1|gaia_774271076054448768_src2|gaia_774287774887292672_src5|gaia_774288805679445888_src7|gaia_774289041901756032_src4|gaia_774290626745586944_src8,"HD_103187,TYC_3452_787_1,src2,src5,src7,src4,src8"
V0399 named,7,107,64,1.3223439628500278,1.5242660023382515,1.4233049825941397,HD_103187|TYC_3452_787_1|gaia_774271076054448768_src2|gaia_774287774887292672_src5|gaia_774289041901756032_src4|gaia_774289488578357504_src6|gaia_774290626745586944_src8,"HD_103187,TYC_3452_787_1,src2,src5,src4,src6,src8"
V0399 named,7,107,64,1.3223439628500278,1.5242660023382515,1.4233049825941397,HD_103187|TYC_3452_787_1|gaia_774272862760870784_src1|gaia_774287774887292672_src5|gaia_774288805679445888_src7|gaia_774289041901756032_src4|gaia_774289488578357504_src6,"HD_103187,TYC_3452_787_1,src1,src5,src7,src4,src6"
V0399 named,7,107,64,1.3223439628500278,1.5242660023382515,1.4233049825941397,HD_103187|TYC_3452_787_1|gaia_774272862760870784_src1|gaia_774287774887292672_src5|gaia_774288805679445888_src7|gaia_774289041901756032_src4|gaia_774290626745586944_src8,"HD_103187,TYC_3452_787_1,src1,src5,src7,src4,src8"
V0399 named,7,107,64,1.3223439628500278,1.5242660023382515,1.4233049825941397,HD_103187|TYC_3452_787_1|gaia_774272862760870784_src1|gaia_774287774887292672_src5|gaia_774289041901756032_src4|gaia_774289488578357504_src6|gaia_774290626745586944_src8,"HD_103187,TYC_3452_787_1,src1,src5,src4,src6,src8"
V0399 named,7,107,64,1.3223439628500278,1.5242660023382515,1.4233049825941397,HD_103187|TYC_3452_787_1|gaia_774287774887292672_src5|gaia_774288805679445888_src7|gaia_774289041901756032_src4|gaia_774289488578357504_src6|gaia_774384016513181696_src3,"HD_103187,TYC_3452_787_1,src5,src7,src4,src6,src3"
V0399 named,7,107,64,1.3223439628500278,1.5242660023382515,1.4233049825941397,HD_103187|TYC_3452_787_1|gaia_774287774887292672_src5|gaia_774288805679445888_src7|gaia_774289041901756032_src4|gaia_774290626745586944_src8|gaia_774384016513181696_src3,"HD_103187,TYC_3452_787_1,src5,src7,src4,src8,src3"
V0399 named,7,107,64,1.3223439628500278,1.5242660023382515,1.4233049825941397,HD_103187|TYC_3452_787_1|gaia_774287774887292672_src5|gaia_774289041901756032_src4|gaia_774289488578357504_src6|gaia_774290626745586944_src8|gaia_774384016513181696_src3,"HD_103187,TYC_3452_787_1,src5,src4,src6,src8,src3"
V0399 named,7,107,64,1.3223439628500278,1.5242660023382515,1.4233049825941397,HD_103187|gaia_774271076054448768_src2|gaia_774272862760870784_src1|gaia_774287774887292672_src5|gaia_774288805679445888_src7|gaia_774289041901756032_src4|gaia_774289488578357504_src6,"HD_103187,src2,src1,src5,src7,src4,src6"
V0399 named,7,107,64,1.3223439628500278,1.5242660023382515,1.4233049825941397,HD_103187|gaia_774271076054448768_src2|gaia_774272862760870784_src1|gaia_774287774887292672_src5|gaia_774288805679445888_src7|gaia_774289041901756032_src4|gaia_774290626745586944_src8,"HD_103187,src2,src1,src5,src7,src4,src8"
V0399 named,7,107,64,1.3223439628500278,1.5242660023382515,1.4233049825941397,HD_103187|gaia_774271076054448768_src2|gaia_774272862760870784_src1|gaia_774287774887292672_src5|gaia_774289041901756032_src4|gaia_774289488578357504_src6|gaia_774290626745586944_src8,"HD_103187,src2,src1,src5,src4,src6,src8"
V0399 named,7,107,64,1.3223439628500278,1.5242660023382515,1.4233049825941397,HD_103187|gaia_774271076054448768_src2|gaia_774287774887292672_src5|gaia_774288805679445888_src7|gaia_774289041901756032_src4|gaia_774289488578357504_src6|gaia_774384016513181696_src3,"HD_103187,src2,src5,src7,src4,src6,src3"
V0399 named,7,107,64,1.3223439628500278,1.5242660023382515,1.4233049825941397,HD_103187|gaia_774271076054448768_src2|gaia_774287774887292672_src5|gaia_774288805679445888_src7|gaia_774289041901756032_src4|gaia_774290626745586944_src8|gaia_774384016513181696_src3,"HD_103187,src2,src5,src7,src4,src8,src3"
V0399 named,7,107,64,1.3223439628500278,1.5242660023382515,1.4233049825941397,HD_103187|gaia_774271076054448768_src2|gaia_774287774887292672_src5|gaia_774289041901756032_src4|gaia_774289488578357504_src6|gaia_774290626745586944_src8|gaia_774384016513181696_src3,"HD_103187,src2,src5,src4,src6,src8,src3"
V0399 named,7,107,64,1.3223439628500278,1.5242660023382515,1.4233049825941397,HD_103187|gaia_774272862760870784_src1|gaia_774287774887292672_src5|gaia_774288805679445888_src7|gaia_774289041901756032_src4|gaia_774289488578357504_src6|gaia_774384016513181696_src3,"HD_103187,src1,src5,src7,src4,src6,src3"
V0399 named,7,107,64,1.3223439628500278,1.5242660023382515,1.4233049825941397,HD_103187|gaia_774272862760870784_src1|gaia_774287774887292672_src5|gaia_774288805679445888_src7|gaia_774289041901756032_src4|gaia_774290626745586944_src8|gaia_774384016513181696_src3,"HD_103187,src1,src5,src7,src4,src8,src3"
V0399 named,7,107,64,1.3223439628500278,1.5242660023382515,1.4233049825941397,HD_103187|gaia_774272862760870784_src1|gaia_774287774887292672_src5|gaia_774289041901756032_src4|gaia_774289488578357504_src6|gaia_774290626745586944_src8|gaia_774384016513181696_src3,"HD_103187,src1,src5,src4,src6,src8,src3"
V0399 named,7,107,64,1.3223439628500278,1.5242660023382515,1.4233049825941397,HD_103405|TYC_3452_787_1|gaia_774271076054448768_src2|gaia_774287774887292672_src5|gaia_774288805679445888_src7|gaia_774289041901756032_src4|gaia_774289488578357504_src6,"HD_103405,TYC_3452_787_1,src2,src5,src7,src4,src6"
V0399 named,7,107,64,1.3223439628500278,1.5242660023382515,1.4233049825941397,HD_103405|TYC_3452_787_1|gaia_774271076054448768_src2|gaia_774287774887292672_src5|gaia_774288805679445888_src7|gaia_774289041901756032_src4|gaia_774290626745586944_src8,"HD_103405,TYC_3452_787_1,src2,src5,src7,src4,src8"
V0399 named,7,107,64,1.3223439628500278,1.5242660023382515,1.4233049825941397,HD_103405|TYC_3452_787_1|gaia_774271076054448768_src2|gaia_774287774887292672_src5|gaia_774289041901756032_src4|gaia_774289488578357504_src6|gaia_774290626745586944_src8,"HD_103405,TYC_3452_787_1,src2,src5,src4,src6,src8"
V0399 named,7,107,64,1.3223439628500278,1.5242660023382515,1.4233049825941397,HD_103405|TYC_3452_787_1|gaia_774272862760870784_src1|gaia_774287774887292672_src5|gaia_774288805679445888_src7|gaia_774289041901756032_src4|gaia_774289488578357504_src6,"HD_103405,TYC_3452_787_1,src1,src5,src7,src4,src6"
V0399 named,7,107,64,1.3223439628500278,1.5242660023382515,1.4233049825941397,HD_103405|TYC_3452_787_1|gaia_774272862760870784_src1|gaia_774287774887292672_src5|gaia_774288805679445888_src7|gaia_774289041901756032_src4|gaia_774290626745586944_src8,"HD_103405,TYC_3452_787_1,src1,src5,src7,src4,src8"
V0399 named,7,107,64,1.3223439628500278,1.5242660023382515,1.4233049825941397,HD_103405|TYC_3452_787_1|gaia_774272862760870784_src1|gaia_774287774887292672_src5|gaia_774289041901756032_src4|gaia_774289488578357504_src6|gaia_774290626745586944_src8,"HD_103405,TYC_3452_787_1,src1,src5,src4,src6,src8"
V0399 named,7,107,64,1.3223439628500278,1.5242660023382515,1.4233049825941397,HD_103405|TYC_3452_787_1|gaia_774287774887292672_src5|gaia_774288805679445888_src7|gaia_774289041901756032_src4|gaia_774289488578357504_src6|gaia_774384016513181696_src3,"HD_103405,TYC_3452_787_1,src5,src7,src4,src6,src3"
V0399 named,7,107,64,1.3223439628500278,1.5242660023382515,1.4233049825941397,HD_103405|TYC_3452_787_1|gaia_774287774887292672_src5|gaia_774288805679445888_src7|gaia_774289041901756032_src4|gaia_774290626745586944_src8|gaia_774384016513181696_src3,"HD_103405,TYC_3452_787_1,src5,src7,src4,src8,src3"
V0399 named,7,107,64,1.3223439628500278,1.5242660023382515,1.4233049825941397,HD_103405|TYC_3452_787_1|gaia_774287774887292672_src5|gaia_774289041901756032_src4|gaia_774289488578357504_src6|gaia_774290626745586944_src8|gaia_774384016513181696_src3,"HD_103405,TYC_3452_787_1,src5,src4,src6,src8,src3"
V0399 named,7,107,64,1.3223439628500278,1.5242660023382515,1.4233049825941397,HD_103405|gaia_774271076054448768_src2|gaia_774272862760870784_src1|gaia_774287774887292672_src5|gaia_774288805679445888_src7|gaia_774289041901756032_src4|gaia_774289488578357504_src6,"HD_103405,src2,src1,src5,src7,src4,src6"
V0399 named,7,107,64,1.3223439628500278,1.5242660023382515,1.4233049825941397,HD_103405|gaia_774271076054448768_src2|gaia_774272862760870784_src1|gaia_774287774887292672_src5|gaia_774288805679445888_src7|gaia_774289041901756032_src4|gaia_774290626745586944_src8,"HD_103405,src2,src1,src5,src7,src4,src8"
V0399 named,7,107,64,1.3223439628500278,1.5242660023382515,1.4233049825941397,HD_103405|gaia_774271076054448768_src2|gaia_774272862760870784_src1|gaia_774287774887292672_src5|gaia_774289041901756032_src4|gaia_774289488578357504_src6|gaia_774290626745586944_src8,"HD_103405,src2,src1,src5,src4,src6,src8"
V0399 named,7,107,64,1.3223439628500278,1.5242660023382515,1.4233049825941397,HD_103405|gaia_774271076054448768_src2|gaia_774287774887292672_src5|gaia_774288805679445888_src7|gaia_774289041901756032_src4|gaia_774289488578357504_src6|gaia_774384016513181696_src3,"HD_103405,src2,src5,src7,src4,src6,src3"
V0399 named,7,107,64,1.3223439628500278,1.5242660023382515,1.4233049825941397,HD_103405|gaia_774271076054448768_src2|gaia_774287774887292672_src5|gaia_774288805679445888_src7|gaia_774289041901756032_src4|gaia_774290626745586944_src8|gaia_774384016513181696_src3,"HD_103405,src2,src5,src7,src4,src8,src3"
V0399 named,7,107,64,1.3223439628500278,1.5242660023382515,1.4233049825941397,HD_103405|gaia_774271076054448768_src2|gaia_774287774887292672_src5|gaia_774289041901756032_src4|gaia_774289488578357504_src6|gaia_774290626745586944_src8|gaia_774384016513181696_src3,"HD_103405,src2,src5,src4,src6,src8,src3"
V0399 named,7,107,64,1.3223439628500278,1.5242660023382515,1.4233049825941397,HD_103405|gaia_774272862760870784_src1|gaia_774287774887292672_src5|gaia_774288805679445888_src7|gaia_774289041901756032_src4|gaia_774289488578357504_src6|gaia_774384016513181696_src3,"HD_103405,src1,src5,src7,src4,src6,src3"
V0399 named,7,107,64,1.3223439628500278,1.5242660023382515,1.4233049825941397,HD_103405|gaia_774272862760870784_src1|gaia_774287774887292672_src5|gaia_774288805679445888_src7|gaia_774289041901756032_src4|gaia_774290626745586944_src8|gaia_774384016513181696_src3,"HD_103405,src1,src5,src7,src4,src8,src3"
V0399 named,7,107,64,1.3223439628500278,1.5242660023382515,1.4233049825941397,HD_103405|gaia_774272862760870784_src1|gaia_774287774887292672_src5|gaia_774289041901756032_src4|gaia_774289488578357504_src6|gaia_774290626745586944_src8|gaia_774384016513181696_src3,"HD_103405,src1,src5,src4,src6,src8,src3"
V0399 named,7,107,64,1.3223439628500278,1.5242660023382515,1.4233049825941397,TYC_3452_787_1|gaia_774271076054448768_src2|gaia_774272862760870784_src1|gaia_774287774887292672_src5|gaia_774288805679445888_src7|gaia_774289041901756032_src4|gaia_774289488578357504_src6,"TYC_3452_787_1,src2,src1,src5,src7,src4,src6"
V0399 named,7,107,64,1.3223439628500278,1.5242660023382515,1.4233049825941397,TYC_3452_787_1|gaia_774271076054448768_src2|gaia_774272862760870784_src1|gaia_774287774887292672_src5|gaia_774288805679445888_src7|gaia_774289041901756032_src4|gaia_774290626745586944_src8,"TYC_3452_787_1,src2,src1,src5,src7,src4,src8"
V0399 named,7,107,64,1.3223439628500278,1.5242660023382515,1.4233049825941397,TYC_3452_787_1|gaia_774271076054448768_src2|gaia_774272862760870784_src1|gaia_774287774887292672_src5|gaia_774289041901756032_src4|gaia_774289488578357504_src6|gaia_774290626745586944_src8,"TYC_3452_787_1,src2,src1,src5,src4,src6,src8"
V0399 named,7,107,64,1.3223439628500278,1.5242660023382515,1.4233049825941397,TYC_3452_787_1|gaia_774271076054448768_src2|gaia_774287774887292672_src5|gaia_774288805679445888_src7|gaia_774289041901756032_src4|gaia_774289488578357504_src6|gaia_774384016513181696_src3,"TYC_3452_787_1,src2,src5,src7,src4,src6,src3"
V0399 named,7,107,64,1.3223439628500278,1.5242660023382515,1.4233049825941397,TYC_3452_787_1|gaia_774271076054448768_src2|gaia_774287774887292672_src5|gaia_774288805679445888_src7|gaia_774289041901756032_src4|gaia_774290626745586944_src8|gaia_774384016513181696_src3,"TYC_3452_787_1,src2,src5,src7,src4,src8,src3"
V0399 named,7,107,64,1.3223439628500278,1.5242660023382515,1.4233049825941397,TYC_3452_787_1|gaia_774271076054448768_src2|gaia_774287774887292672_src5|gaia_774289041901756032_src4|gaia_774289488578357504_src6|gaia_774290626745586944_src8|gaia_774384016513181696_src3,"TYC_3452_787_1,src2,src5,src4,src6,src8,src3"
V0399 named,7,107,64,1.3223439628500278,1.5242660023382515,1.4233049825941397,TYC_3452_787_1|gaia_774272862760870784_src1|gaia_774287774887292672_src5|gaia_774288805679445888_src7|gaia_774289041901756032_src4|gaia_774289488578357504_src6|gaia_774384016513181696_src3,"TYC_3452_787_1,src1,src5,src7,src4,src6,src3"
V0399 named,7,107,64,1.3223439628500278,1.5242660023382515,1.4233049825941397,TYC_3452_787_1|gaia_774272862760870784_src1|gaia_774287774887292672_src5|gaia_774288805679445888_src7|gaia_774289041901756032_src4|gaia_774290626745586944_src8|gaia_774384016513181696_src3,"TYC_3452_787_1,src1,src5,src7,src4,src8,src3"
V0399 named,7,107,64,1.3223439628500278,1.5242660023382515,1.4233049825941397,TYC_3452_787_1|gaia_774272862760870784_src1|gaia_774287774887292672_src5|gaia_774289041901756032_src4|gaia_774289488578357504_src6|gaia_774290626745586944_src8|gaia_774384016513181696_src3,"TYC_3452_787_1,src1,src5,src4,src6,src8,src3"
V0399 named,7,107,64,1.3223439628500278,1.5242660023382515,1.4233049825941397,gaia_774271076054448768_src2|gaia_774272862760870784_src1|gaia_774287774887292672_src5|gaia_774288805679445888_src7|gaia_774289041901756032_src4|gaia_774289488578357504_src6|gaia_774384016513181696_src3,"src2,src1,src5,src7,src4,src6,src3"
V0399 named,7,107,64,1.3223439628500278,1.5242660023382515,1.4233049825941397,gaia_774271076054448768_src2|gaia_774272862760870784_src1|gaia_774287774887292672_src5|gaia_774288805679445888_src7|gaia_774289041901756032_src4|gaia_774290626745586944_src8|gaia_774384016513181696_src3,"src2,src1,src5,src7,src4,src8,src3"
V0399 named,7,107,64,1.3223439628500278,1.5242660023382515,1.4233049825941397,gaia_774271076054448768_src2|gaia_774272862760870784_src1|gaia_774287774887292672_src5|gaia_774289041901756032_src4|gaia_774289488578357504_src6|gaia_774290626745586944_src8|gaia_774384016513181696_src3,"src2,src1,src5,src4,src6,src8,src3"
V0399 named,9,107,64,1.3223439628500278,1.5242660023382515,1.4233049825941397,HD_103187|HD_103405|TYC_3452_787_1|gaia_774271076054448768_src2|gaia_774287774887292672_src5|gaia_774288805679445888_src7|gaia_774289041901756032_src4|gaia_774289488578357504_src6|gaia_774290626745586944_src8,"HD_103187,HD_103405,TYC_3452_787_1,src2,src5,src7,src4,src6,src8"
V0399 named,9,107,64,1.3223439628500278,1.5242660023382515,1.4233049825941397,HD_103187|HD_103405|TYC_3452_787_1|gaia_774272862760870784_src1|gaia_774287774887292672_src5|gaia_774288805679445888_src7|gaia_774289041901756032_src4|gaia_774289488578357504_src6|gaia_774290626745586944_src8,"HD_103187,HD_103405,TYC_3452_787_1,src1,src5,src7,src4,src6,src8"
V0399 named,9,107,64,1.3223439628500278,1.5242660023382515,1.4233049825941397,HD_103187|HD_103405|TYC_3452_787_1|gaia_774287774887292672_src5|gaia_774288805679445888_src7|gaia_774289041901756032_src4|gaia_774289488578357504_src6|gaia_774290626745586944_src8|gaia_774384016513181696_src3,"HD_103187,HD_103405,TYC_3452_787_1,src5,src7,src4,src6,src8,src3"
V0399 named,9,107,64,1.3223439628500278,1.5242660023382515,1.4233049825941397,HD_103187|HD_103405|gaia_774271076054448768_src2|gaia_774272862760870784_src1|gaia_774287774887292672_src5|gaia_774288805679445888_src7|gaia_774289041901756032_src4|gaia_774289488578357504_src6|gaia_774290626745586944_src8,"HD_103187,HD_103405,src2,src1,src5,src7,src4,src6,src8"
V0399 named,9,107,64,1.3223439628500278,1.5242660023382515,1.4233049825941397,HD_103187|HD_103405|gaia_774271076054448768_src2|gaia_774287774887292672_src5|gaia_774288805679445888_src7|gaia_774289041901756032_src4|gaia_774289488578357504_src6|gaia_774290626745586944_src8|gaia_774384016513181696_src3,"HD_103187,HD_103405,src2,src5,src7,src4,src6,src8,src3"
V0399 named,9,107,64,1.3223439628500278,1.5242660023382515,1.4233049825941397,HD_103187|HD_103405|gaia_774272862760870784_src1|gaia_774287774887292672_src5|gaia_774288805679445888_src7|gaia_774289041901756032_src4|gaia_774289488578357504_src6|gaia_774290626745586944_src8|gaia_774384016513181696_src3,"HD_103187,HD_103405,src1,src5,src7,src4,src6,src8,src3"
V0399 named,9,107,64,1.3223439628500278,1.5242660023382515,1.4233049825941397,HD_103187|TYC_3452_787_1|gaia_774271076054448768_src2|gaia_774272862760870784_src1|gaia_774287774887292672_src5|gaia_774288805679445888_src7|gaia_774289041901756032_src4|gaia_774289488578357504_src6|gaia_774290626745586944_src8,"HD_103187,TYC_3452_787_1,src2,src1,src5,src7,src4,src6,src8"
V0399 named,9,107,64,1.3223439628500278,1.5242660023382515,1.4233049825941397,HD_103187|TYC_3452_787_1|gaia_774271076054448768_src2|gaia_774287774887292672_src5|gaia_774288805679445888_src7|gaia_774289041901756032_src4|gaia_774289488578357504_src6|gaia_774290626745586944_src8|gaia_774384016513181696_src3,"HD_103187,TYC_3452_787_1,src2,src5,src7,src4,src6,src8,src3"
V0399 named,9,107,64,1.3223439628500278,1.5242660023382515,1.4233049825941397,HD_103187|TYC_3452_787_1|gaia_774272862760870784_src1|gaia_774287774887292672_src5|gaia_774288805679445888_src7|gaia_774289041901756032_src4|gaia_774289488578357504_src6|gaia_774290626745586944_src8|gaia_774384016513181696_src3,"HD_103187,TYC_3452_787_1,src1,src5,src7,src4,src6,src8,src3"
V0399 named,9,107,64,1.3223439628500278,1.5242660023382515,1.4233049825941397,HD_103187|gaia_774271076054448768_src2|gaia_774272862760870784_src1|gaia_774287774887292672_src5|gaia_774288805679445888_src7|gaia_774289041901756032_src4|gaia_774289488578357504_src6|gaia_774290626745586944_src8|gaia_774384016513181696_src3,"HD_103187,src2,src1,src5,src7,src4,src6,src8,src3"
V0399 named,9,107,64,1.3223439628500278,1.5242660023382515,1.4233049825941397,HD_103405|TYC_3452_787_1|gaia_774271076054448768_src2|gaia_774272862760870784_src1|gaia_774287774887292672_src5|gaia_774288805679445888_src7|gaia_774289041901756032_src4|gaia_774289488578357504_src6|gaia_774290626745586944_src8,"HD_103405,TYC_3452_787_1,src2,src1,src5,src7,src4,src6,src8"
V0399 named,9,107,64,1.3223439628500278,1.5242660023382515,1.4233049825941397,HD_103405|TYC_3452_787_1|gaia_774271076054448768_src2|gaia_774287774887292672_src5|gaia_774288805679445888_src7|gaia_774289041901756032_src4|gaia_774289488578357504_src6|gaia_774290626745586944_src8|gaia_774384016513181696_src3,"HD_103405,TYC_3452_787_1,src2,src5,src7,src4,src6,src8,src3"
V0399 named,9,107,64,1.3223439628500278,1.5242660023382515,1.4233049825941397,HD_103405|TYC_3452_787_1|gaia_774272862760870784_src1|gaia_774287774887292672_src5|gaia_774288805679445888_src7|gaia_774289041901756032_src4|gaia_774289488578357504_src6|gaia_774290626745586944_src8|gaia_774384016513181696_src3,"HD_103405,TYC_3452_787_1,src1,src5,src7,src4,src6,src8,src3"
V0399 named,9,107,64,1.3223439628500278,1.5242660023382515,1.4233049825941397,HD_103405|gaia_774271076054448768_src2|gaia_774272862760870784_src1|gaia_774287774887292672_src5|gaia_774288805679445888_src7|gaia_774289041901756032_src4|gaia_774289488578357504_src6|gaia_774290626745586944_src8|gaia_774384016513181696_src3,"HD_103405,src2,src1,src5,src7,src4,src6,src8,src3"
V0399 named,9,107,64,1.3223439628500278,1.5242660023382515,1.4233049825941397,TYC_3452_787_1|gaia_774271076054448768_src2|gaia_774272862760870784_src1|gaia_774287774887292672_src5|gaia_774288805679445888_src7|gaia_774289041901756032_src4|gaia_774289488578357504_src6|gaia_774290626745586944_src8|gaia_774384016513181696_src3,"TYC_3452_787_1,src2,src1,src5,src7,src4,src6,src8,src3"
V0399 named,4,107,64,1.5249095404415245,1.3255046927650715,1.425207116603298,HD_103187|TYC_3452_787_1|gaia_774288805679445888_src7|gaia_774289488578357504_src6,"HD_103187,TYC_3452_787_1,src7,src6"
V0399 named,4,107,64,1.5249095404415245,1.3255046927650715,1.425207116603298,HD_103187|TYC_3452_787_1|gaia_774289488578357504_src6|gaia_774290626745586944_src8,"HD_103187,TYC_3452_787_1,src6,src8"
V0399 named,3,107,64,1.6068245440971893,1.2831417768766884,1.444983160486939,HD_103187|HD_103405|TYC_3452_787_1,"HD_103187,HD_103405,TYC_3452_787_1"
V0399 named,3,107,64,1.6068245440971893,1.2831417768766884,1.444983160486939,HD_103187|TYC_3452_787_1|gaia_774271076054448768_src2,"HD_103187,TYC_3452_787_1,src2"
V0399 named,3,107,64,1.6068245440971893,1.2831417768766884,1.444983160486939,HD_103187|TYC_3452_787_1|gaia_774272862760870784_src1,"HD_103187,TYC_3452_787_1,src1"
V0399 named,3,107,64,1.6068245440971893,1.2831417768766884,1.444983160486939,HD_103187|TYC_3452_787_1|gaia_774287774887292672_src5,"HD_103187,TYC_3452_787_1,src5"
V0399 named,3,107,64,1.6068245440971893,1.2831417768766884,1.444983160486939,HD_103187|TYC_3452_787_1|gaia_774288805679445888_src7,"HD_103187,TYC_3452_787_1,src7"
V0399 named,3,107,64,1.6068245440971893,1.2831417768766884,1.444983160486939,HD_103187|TYC_3452_787_1|gaia_774289041901756032_src4,"HD_103187,TYC_3452_787_1,src4"
V0399 named,3,107,64,1.6068245440971893,1.2831417768766884,1.444983160486939,HD_103187|TYC_3452_787_1|gaia_774289488578357504_src6,"HD_103187,TYC_3452_787_1,src6"
V0399 named,3,107,64,1.6068245440971893,1.2831417768766884,1.444983160486939,HD_103187|TYC_3452_787_1|gaia_774290626745586944_src8,"HD_103187,TYC_3452_787_1,src8"
V0399 named,3,107,64,1.6068245440971893,1.2831417768766884,1.444983160486939,HD_103187|TYC_3452_787_1|gaia_774384016513181696_src3,"HD_103187,TYC_3452_787_1,src3"
V0399 named,4,107,64,1.6035626918633104,1.310182139693013,1.4568724157781616,HD_103187|gaia_774288805679445888_src7|gaia_774290626745586944_src8|gaia_774384016513181696_src3,"HD_103187,src7,src8,src3"
V0399 named,4,107,64,1.6035626918633104,1.310182139693013,1.4568724157781616,HD_103405|gaia_774288805679445888_src7|gaia_774290626745586944_src8|gaia_774384016513181696_src3,"HD_103405,src7,src8,src3"
V0399 named,4,107,64,1.6035626918633104,1.310182139693013,1.4568724157781616,TYC_3452_787_1|gaia_774288805679445888_src7|gaia_774290626745586944_src8|gaia_774384016513181696_src3,"TYC_3452_787_1,src7,src8,src3"
V0399 named,4,107,64,1.6035626918633104,1.310182139693013,1.4568724157781616,gaia_774271076054448768_src2|gaia_774288805679445888_src7|gaia_774290626745586944_src8|gaia_774384016513181696_src3,"src2,src7,src8,src3"
V0399 named,4,107,64,1.6035626918633104,1.310182139693013,1.4568724157781616,gaia_774272862760870784_src1|gaia_774288805679445888_src7|gaia_774290626745586944_src8|gaia_774384016513181696_src3,"src1,src7,src8,src3"
V0399 named,4,107,64,1.1817965435650555,1.7340894720107791,1.4579430077879172,HD_103187|gaia_774271076054448768_src2|gaia_774288805679445888_src7|gaia_774289488578357504_src6,"HD_103187,src2,src7,src6"
V0399 named,4,107,64,1.1817965435650555,1.7340894720107791,1.4579430077879172,HD_103187|gaia_774271076054448768_src2|gaia_774289488578357504_src6|gaia_774290626745586944_src8,"HD_103187,src2,src6,src8"
V0399 named,4,107,64,1.1817965435650555,1.7340894720107791,1.4579430077879172,HD_103405|gaia_774271076054448768_src2|gaia_774288805679445888_src7|gaia_774289488578357504_src6,"HD_103405,src2,src7,src6"
V0399 named,4,107,64,1.1817965435650555,1.7340894720107791,1.4579430077879172,HD_103405|gaia_774271076054448768_src2|gaia_774289488578357504_src6|gaia_774290626745586944_src8,"HD_103405,src2,src6,src8"
V0399 named,4,107,64,1.1817965435650555,1.7340894720107791,1.4579430077879172,TYC_3452_787_1|gaia_774271076054448768_src2|gaia_774288805679445888_src7|gaia_774289488578357504_src6,"TYC_3452_787_1,src2,src7,src6"
V0399 named,4,107,64,1.1817965435650555,1.7340894720107791,1.4579430077879172,TYC_3452_787_1|gaia_774271076054448768_src2|gaia_774289488578357504_src6|gaia_774290626745586944_src8,"TYC_3452_787_1,src2,src6,src8"
V0399 named,4,107,64,1.1817965435650555,1.7340894720107791,1.4579430077879172,gaia_774271076054448768_src2|gaia_774272862760870784_src1|gaia_774288805679445888_src7|gaia_774289488578357504_src6,"src2,src1,src7,src6"
V0399 named,4,107,64,1.1817965435650555,1.7340894720107791,1.4579430077879172,gaia_774271076054448768_src2|gaia_774272862760870784_src1|gaia_774289488578357504_src6|gaia_774290626745586944_src8,"src2,src1,src6,src8"
V0399 named,6,107,64,1.1817965435650555,1.7340894720107791,1.4579430077879172,HD_103187|HD_103405|gaia_774271076054448768_src2|gaia_774288805679445888_src7|gaia_774289488578357504_src6|gaia_774290626745586944_src8,"HD_103187,HD_103405,src2,src7,src6,src8"
V0399 named,6,107,64,1.1817965435650555,1.7340894720107791,1.4579430077879172,HD_103187|TYC_3452_787_1|gaia_774271076054448768_src2|gaia_774288805679445888_src7|gaia_774289488578357504_src6|gaia_774290626745586944_src8,"HD_103187,TYC_3452_787_1,src2,src7,src6,src8"
V0399 named,6,107,64,1.1817965435650555,1.7340894720107791,1.4579430077879172,HD_103187|gaia_774271076054448768_src2|gaia_774272862760870784_src1|gaia_774288805679445888_src7|gaia_774289488578357504_src6|gaia_774290626745586944_src8,"HD_103187,src2,src1,src7,src6,src8"
V0399 named,6,107,64,1.1817965435650555,1.7340894720107791,1.4579430077879172,HD_103405|TYC_3452_787_1|gaia_774271076054448768_src2|gaia_774288805679445888_src7|gaia_774289488578357504_src6|gaia_774290626745586944_src8,"HD_103405,TYC_3452_787_1,src2,src7,src6,src8"
V0399 named,6,107,64,1.1817965435650555,1.7340894720107791,1.4579430077879172,HD_103405|gaia_774271076054448768_src2|gaia_774272862760870784_src1|gaia_774288805679445888_src7|gaia_774289488578357504_src6|gaia_774290626745586944_src8,"HD_103405,src2,src1,src7,src6,src8"
V0399 named,6,107,64,1.1817965435650555,1.7340894720107791,1.4579430077879172,TYC_3452_787_1|gaia_774271076054448768_src2|gaia_774272862760870784_src1|gaia_774288805679445888_src7|gaia_774289488578357504_src6|gaia_774290626745586944_src8,"TYC_3452_787_1,src2,src1,src7,src6,src8"
V0399 named,4,107,64,1.4887158875050026,1.4441950368983092,1.466455462201656,HD_103187|gaia_774272862760870784_src1|gaia_774287774887292672_src5|gaia_774289041901756032_src4,"HD_103187,src1,src5,src4"
V0399 named,4,107,64,1.4887158875050026,1.4441950368983092,1.466455462201656,HD_103405|gaia_774272862760870784_src1|gaia_774287774887292672_src5|gaia_774289041901756032_src4,"HD_103405,src1,src5,src4"
V0399 named,4,107,64,1.4887158875050026,1.4441950368983092,1.466455462201656,TYC_3452_787_1|gaia_774272862760870784_src1|gaia_774287774887292672_src5|gaia_774289041901756032_src4,"TYC_3452_787_1,src1,src5,src4"
V0399 named,6,107,64,1.4887158875050026,1.4441950368983092,1.466455462201656,HD_103187|HD_103405|gaia_774272862760870784_src1|gaia_774287774887292672_src5|gaia_774288805679445888_src7|gaia_774289041901756032_src4,"HD_103187,HD_103405,src1,src5,src7,src4"
V0399 named,6,107,64,1.4887158875050026,1.4441950368983092,1.466455462201656,HD_103187|HD_103405|gaia_774272862760870784_src1|gaia_774287774887292672_src5|gaia_774289041901756032_src4|gaia_774289488578357504_src6,"HD_103187,HD_103405,src1,src5,src4,src6"
V0399 named,6,107,64,1.4887158875050026,1.4441950368983092,1.466455462201656,HD_103187|HD_103405|gaia_774272862760870784_src1|gaia_774287774887292672_src5|gaia_774289041901756032_src4|gaia_774290626745586944_src8,"HD_103187,HD_103405,src1,src5,src4,src8"
V0399 named,6,107,64,1.4887158875050026,1.4441950368983092,1.466455462201656,HD_103187|TYC_3452_787_1|gaia_774272862760870784_src1|gaia_774287774887292672_src5|gaia_774288805679445888_src7|gaia_774289041901756032_src4,"HD_103187,TYC_3452_787_1,src1,src5,src7,src4"
V0399 named,6,107,64,1.4887158875050026,1.4441950368983092,1.466455462201656,HD_103187|TYC_3452_787_1|gaia_774272862760870784_src1|gaia_774287774887292672_src5|gaia_774289041901756032_src4|gaia_774289488578357504_src6,"HD_103187,TYC_3452_787_1,src1,src5,src4,src6"
V0399 named,6,107,64,1.4887158875050026,1.4441950368983092,1.466455462201656,HD_103187|TYC_3452_787_1|gaia_774272862760870784_src1|gaia_774287774887292672_src5|gaia_774289041901756032_src4|gaia_774290626745586944_src8,"HD_103187,TYC_3452_787_1,src1,src5,src4,src8"
V0399 named,6,107,64,1.4887158875050026,1.4441950368983092,1.466455462201656,HD_103405|TYC_3452_787_1|gaia_774272862760870784_src1|gaia_774287774887292672_src5|gaia_774288805679445888_src7|gaia_774289041901756032_src4,"HD_103405,TYC_3452_787_1,src1,src5,src7,src4"
V0399 named,6,107,64,1.4887158875050026,1.4441950368983092,1.466455462201656,HD_103405|TYC_3452_787_1|gaia_774272862760870784_src1|gaia_774287774887292672_src5|gaia_774289041901756032_src4|gaia_774289488578357504_src6,"HD_103405,TYC_3452_787_1,src1,src5,src4,src6"
V0399 named,6,107,64,1.4887158875050026,1.4441950368983092,1.466455462201656,HD_103405|TYC_3452_787_1|gaia_774272862760870784_src1|gaia_774287774887292672_src5|gaia_774289041901756032_src4|gaia_774290626745586944_src8,"HD_103405,TYC_3452_787_1,src1,src5,src4,src8"
V0399 named,8,107,64,1.4887158875050026,1.4441950368983092,1.466455462201656,HD_103187|HD_103405|TYC_3452_787_1|gaia_774272862760870784_src1|gaia_774287774887292672_src5|gaia_774288805679445888_src7|gaia_774289041901756032_src4|gaia_774289488578357504_src6,"HD_103187,HD_103405,TYC_3452_787_1,src1,src5,src7,src4,src6"
V0399 named,8,107,64,1.4887158875050026,1.4441950368983092,1.466455462201656,HD_103187|HD_103405|TYC_3452_787_1|gaia_774272862760870784_src1|gaia_774287774887292672_src5|gaia_774288805679445888_src7|gaia_774289041901756032_src4|gaia_774290626745586944_src8,"HD_103187,HD_103405,TYC_3452_787_1,src1,src5,src7,src4,src8"
V0399 named,8,107,64,1.4887158875050026,1.4441950368983092,1.466455462201656,HD_103187|HD_103405|TYC_3452_787_1|gaia_774272862760870784_src1|gaia_774287774887292672_src5|gaia_774289041901756032_src4|gaia_774289488578357504_src6|gaia_774290626745586944_src8,"HD_103187,HD_103405,TYC_3452_787_1,src1,src5,src4,src6,src8"
V0399 named,4,107,64,1.4887158875050026,1.444925683505058,1.4668207855050301,HD_103187|gaia_774272862760870784_src1|gaia_774288805679445888_src7|gaia_774289041901756032_src4,"HD_103187,src1,src7,src4"
V0399 named,4,107,64,1.4887158875050026,1.444925683505058,1.4668207855050301,HD_103187|gaia_774272862760870784_src1|gaia_774289041901756032_src4|gaia_774289488578357504_src6,"HD_103187,src1,src4,src6"
V0399 named,4,107,64,1.4887158875050026,1.444925683505058,1.4668207855050301,HD_103187|gaia_774272862760870784_src1|gaia_774289041901756032_src4|gaia_774290626745586944_src8,"HD_103187,src1,src4,src8"
V0399 named,4,107,64,1.4887158875050026,1.444925683505058,1.4668207855050301,HD_103405|gaia_774272862760870784_src1|gaia_774288805679445888_src7|gaia_774289041901756032_src4,"HD_103405,src1,src7,src4"
V0399 named,4,107,64,1.4887158875050026,1.444925683505058,1.4668207855050301,HD_103405|gaia_774272862760870784_src1|gaia_774289041901756032_src4|gaia_774289488578357504_src6,"HD_103405,src1,src4,src6"
V0399 named,4,107,64,1.4887158875050026,1.444925683505058,1.4668207855050301,HD_103405|gaia_774272862760870784_src1|gaia_774289041901756032_src4|gaia_774290626745586944_src8,"HD_103405,src1,src4,src8"
V0399 named,4,107,64,1.4887158875050026,1.444925683505058,1.4668207855050301,TYC_3452_787_1|gaia_774272862760870784_src1|gaia_774288805679445888_src7|gaia_774289041901756032_src4,"TYC_3452_787_1,src1,src7,src4"
V0399 named,4,107,64,1.4887158875050026,1.444925683505058,1.4668207855050301,TYC_3452_787_1|gaia_774272862760870784_src1|gaia_774289041901756032_src4|gaia_774289488578357504_src6,"TYC_3452_787_1,src1,src4,src6"
V0399 named,4,107,64,1.4887158875050026,1.444925683505058,1.4668207855050301,TYC_3452_787_1|gaia_774272862760870784_src1|gaia_774289041901756032_src4|gaia_774290626745586944_src8,"TYC_3452_787_1,src1,src4,src8"
V0399 named,6,107,64,1.4887158875050026,1.444925683505058,1.4668207855050301,HD_103187|HD_103405|gaia_774272862760870784_src1|gaia_774288805679445888_src7|gaia_774289041901756032_src4|gaia_774289488578357504_src6,"HD_103187,HD_103405,src1,src7,src4,src6"
V0399 named,6,107,64,1.4887158875050026,1.444925683505058,1.4668207855050301,HD_103187|HD_103405|gaia_774272862760870784_src1|gaia_774288805679445888_src7|gaia_774289041901756032_src4|gaia_774290626745586944_src8,"HD_103187,HD_103405,src1,src7,src4,src8"
V0399 named,6,107,64,1.4887158875050026,1.444925683505058,1.4668207855050301,HD_103187|HD_103405|gaia_774272862760870784_src1|gaia_774289041901756032_src4|gaia_774289488578357504_src6|gaia_774290626745586944_src8,"HD_103187,HD_103405,src1,src4,src6,src8"
V0399 named,6,107,64,1.4887158875050026,1.444925683505058,1.4668207855050301,HD_103187|TYC_3452_787_1|gaia_774272862760870784_src1|gaia_774288805679445888_src7|gaia_774289041901756032_src4|gaia_774289488578357504_src6,"HD_103187,TYC_3452_787_1,src1,src7,src4,src6"
V0399 named,6,107,64,1.4887158875050026,1.444925683505058,1.4668207855050301,HD_103187|TYC_3452_787_1|gaia_774272862760870784_src1|gaia_774288805679445888_src7|gaia_774289041901756032_src4|gaia_774290626745586944_src8,"HD_103187,TYC_3452_787_1,src1,src7,src4,src8"
V0399 named,6,107,64,1.4887158875050026,1.444925683505058,1.4668207855050301,HD_103187|TYC_3452_787_1|gaia_774272862760870784_src1|gaia_774289041901756032_src4|gaia_774289488578357504_src6|gaia_774290626745586944_src8,"HD_103187,TYC_3452_787_1,src1,src4,src6,src8"
V0399 named,6,107,64,1.4887158875050026,1.444925683505058,1.4668207855050301,HD_103405|TYC_3452_787_1|gaia_774272862760870784_src1|gaia_774288805679445888_src7|gaia_774289041901756032_src4|gaia_774289488578357504_src6,"HD_103405,TYC_3452_787_1,src1,src7,src4,src6"
V0399 named,6,107,64,1.4887158875050026,1.444925683505058,1.4668207855050301,HD_103405|TYC_3452_787_1|gaia_774272862760870784_src1|gaia_774288805679445888_src7|gaia_774289041901756032_src4|gaia_774290626745586944_src8,"HD_103405,TYC_3452_787_1,src1,src7,src4,src8"
V0399 named,6,107,64,1.4887158875050026,1.444925683505058,1.4668207855050301,HD_103405|TYC_3452_787_1|gaia_774272862760870784_src1|gaia_774289041901756032_src4|gaia_774289488578357504_src6|gaia_774290626745586944_src8,"HD_103405,TYC_3452_787_1,src1,src4,src6,src8"
V0399 named,8,107,64,1.4887158875050026,1.444925683505058,1.4668207855050301,HD_103187|HD_103405|TYC_3452_787_1|gaia_774272862760870784_src1|gaia_774288805679445888_src7|gaia_774289041901756032_src4|gaia_774289488578357504_src6|gaia_774290626745586944_src8,"HD_103187,HD_103405,TYC_3452_787_1,src1,src7,src4,src6,src8"
V0399 named,4,107,64,1.284991287437576,1.694384764967391,1.4896880262024834,HD_103187|HD_103405|gaia_774271076054448768_src2|gaia_774287774887292672_src5,"HD_103187,HD_103405,src2,src5"
V0399 named,4,107,64,1.284991287437576,1.694384764967391,1.4896880262024834,HD_103187|HD_103405|gaia_774271076054448768_src2|gaia_774288805679445888_src7,"HD_103187,HD_103405,src2,src7"
V0399 named,4,107,64,1.284991287437576,1.694384764967391,1.4896880262024834,HD_103187|HD_103405|gaia_774271076054448768_src2|gaia_774289041901756032_src4,"HD_103187,HD_103405,src2,src4"
V0399 named,4,107,64,1.284991287437576,1.694384764967391,1.4896880262024834,HD_103187|HD_103405|gaia_774271076054448768_src2|gaia_774289488578357504_src6,"HD_103187,HD_103405,src2,src6"
V0399 named,4,107,64,1.284991287437576,1.694384764967391,1.4896880262024834,HD_103187|HD_103405|gaia_774271076054448768_src2|gaia_774290626745586944_src8,"HD_103187,HD_103405,src2,src8"
V0399 named,4,107,64,1.284991287437576,1.694384764967391,1.4896880262024834,HD_103187|HD_103405|gaia_774271076054448768_src2|gaia_774384016513181696_src3,"HD_103187,HD_103405,src2,src3"
V0399 named,4,107,64,1.284991287437576,1.694384764967391,1.4896880262024834,HD_103405|TYC_3452_787_1|gaia_774271076054448768_src2|gaia_774287774887292672_src5,"HD_103405,TYC_3452_787_1,src2,src5"
V0399 named,4,107,64,1.284991287437576,1.694384764967391,1.4896880262024834,HD_103405|TYC_3452_787_1|gaia_774271076054448768_src2|gaia_774288805679445888_src7,"HD_103405,TYC_3452_787_1,src2,src7"
V0399 named,4,107,64,1.284991287437576,1.694384764967391,1.4896880262024834,HD_103405|TYC_3452_787_1|gaia_774271076054448768_src2|gaia_774289041901756032_src4,"HD_103405,TYC_3452_787_1,src2,src4"
V0399 named,4,107,64,1.284991287437576,1.694384764967391,1.4896880262024834,HD_103405|TYC_3452_787_1|gaia_774271076054448768_src2|gaia_774289488578357504_src6,"HD_103405,TYC_3452_787_1,src2,src6"
V0399 named,4,107,64,1.284991287437576,1.694384764967391,1.4896880262024834,HD_103405|TYC_3452_787_1|gaia_774271076054448768_src2|gaia_774290626745586944_src8,"HD_103405,TYC_3452_787_1,src2,src8"
V0399 named,4,107,64,1.284991287437576,1.694384764967391,1.4896880262024834,HD_103405|TYC_3452_787_1|gaia_774271076054448768_src2|gaia_774384016513181696_src3,"HD_103405,TYC_3452_787_1,src2,src3"
V0399 named,6,107,64,1.284991287437576,1.694384764967391,1.4896880262024834,HD_103187|HD_103405|TYC_3452_787_1|gaia_774271076054448768_src2|gaia_774287774887292672_src5|gaia_774288805679445888_src7,"HD_103187,HD_103405,TYC_3452_787_1,src2,src5,src7"
V0399 named,6,107,64,1.284991287437576,1.694384764967391,1.4896880262024834,HD_103187|HD_103405|TYC_3452_787_1|gaia_774271076054448768_src2|gaia_774287774887292672_src5|gaia_774289041901756032_src4,"HD_103187,HD_103405,TYC_3452_787_1,src2,src5,src4"
V0399 named,6,107,64,1.284991287437576,1.694384764967391,1.4896880262024834,HD_103187|HD_103405|TYC_3452_787_1|gaia_774271076054448768_src2|gaia_774287774887292672_src5|gaia_774289488578357504_src6,"HD_103187,HD_103405,TYC_3452_787_1,src2,src5,src6"
V0399 named,6,107,64,1.284991287437576,1.694384764967391,1.4896880262024834,HD_103187|HD_103405|TYC_3452_787_1|gaia_774271076054448768_src2|gaia_774287774887292672_src5|gaia_774290626745586944_src8,"HD_103187,HD_103405,TYC_3452_787_1,src2,src5,src8"
V0399 named,6,107,64,1.284991287437576,1.694384764967391,1.4896880262024834,HD_103187|HD_103405|TYC_3452_787_1|gaia_774271076054448768_src2|gaia_774287774887292672_src5|gaia_774384016513181696_src3,"HD_103187,HD_103405,TYC_3452_787_1,src2,src5,src3"
V0399 named,6,107,64,1.284991287437576,1.694384764967391,1.4896880262024834,HD_103187|HD_103405|TYC_3452_787_1|gaia_774271076054448768_src2|gaia_774288805679445888_src7|gaia_774289041901756032_src4,"HD_103187,HD_103405,TYC_3452_787_1,src2,src7,src4"
V0399 named,6,107,64,1.284991287437576,1.694384764967391,1.4896880262024834,HD_103187|HD_103405|TYC_3452_787_1|gaia_774271076054448768_src2|gaia_774288805679445888_src7|gaia_774289488578357504_src6,"HD_103187,HD_103405,TYC_3452_787_1,src2,src7,src6"
V0399 named,6,107,64,1.284991287437576,1.694384764967391,1.4896880262024834,HD_103187|HD_103405|TYC_3452_787_1|gaia_774271076054448768_src2|gaia_774288805679445888_src7|gaia_774290626745586944_src8,"HD_103187,HD_103405,TYC_3452_787_1,src2,src7,src8"
V0399 named,6,107,64,1.284991287437576,1.694384764967391,1.4896880262024834,HD_103187|HD_103405|TYC_3452_787_1|gaia_774271076054448768_src2|gaia_774288805679445888_src7|gaia_774384016513181696_src3,"HD_103187,HD_103405,TYC_3452_787_1,src2,src7,src3"
V0399 named,6,107,64,1.284991287437576,1.694384764967391,1.4896880262024834,HD_103187|HD_103405|TYC_3452_787_1|gaia_774271076054448768_src2|gaia_774289041901756032_src4|gaia_774289488578357504_src6,"HD_103187,HD_103405,TYC_3452_787_1,src2,src4,src6"
V0399 named,6,107,64,1.284991287437576,1.694384764967391,1.4896880262024834,HD_103187|HD_103405|TYC_3452_787_1|gaia_774271076054448768_src2|gaia_774289041901756032_src4|gaia_774290626745586944_src8,"HD_103187,HD_103405,TYC_3452_787_1,src2,src4,src8"
V0399 named,6,107,64,1.284991287437576,1.694384764967391,1.4896880262024834,HD_103187|HD_103405|TYC_3452_787_1|gaia_774271076054448768_src2|gaia_774289041901756032_src4|gaia_774384016513181696_src3,"HD_103187,HD_103405,TYC_3452_787_1,src2,src4,src3"
V0399 named,6,107,64,1.284991287437576,1.694384764967391,1.4896880262024834,HD_103187|HD_103405|TYC_3452_787_1|gaia_774271076054448768_src2|gaia_774289488578357504_src6|gaia_774290626745586944_src8,"HD_103187,HD_103405,TYC_3452_787_1,src2,src6,src8"
V0399 named,6,107,64,1.284991287437576,1.694384764967391,1.4896880262024834,HD_103187|HD_103405|TYC_3452_787_1|gaia_774271076054448768_src2|gaia_774289488578357504_src6|gaia_774384016513181696_src3,"HD_103187,HD_103405,TYC_3452_787_1,src2,src6,src3"
V0399 named,6,107,64,1.284991287437576,1.694384764967391,1.4896880262024834,HD_103187|HD_103405|TYC_3452_787_1|gaia_774271076054448768_src2|gaia_774290626745586944_src8|gaia_774384016513181696_src3,"HD_103187,HD_103405,TYC_3452_787_1,src2,src8,src3"
V0399 named,4,107,64,1.2574330138085952,1.7628624630803853,1.5101477384444904,HD_103187|gaia_774288805679445888_src7|gaia_774289041901756032_src4|gaia_774289488578357504_src6,"HD_103187,src7,src4,src6"
V0399 named,4,107,64,1.2574330138085952,1.7628624630803853,1.5101477384444904,HD_103187|gaia_774289041901756032_src4|gaia_774289488578357504_src6|gaia_774290626745586944_src8,"HD_103187,src4,src6,src8"
V0399 named,4,107,64,1.2574330138085952,1.7628624630803853,1.5101477384444904,HD_103405|gaia_774288805679445888_src7|gaia_774289041901756032_src4|gaia_774289488578357504_src6,"HD_103405,src7,src4,src6"
V0399 named,4,107,64,1.2574330138085952,1.7628624630803853,1.5101477384444904,HD_103405|gaia_774289041901756032_src4|gaia_774289488578357504_src6|gaia_774290626745586944_src8,"HD_103405,src4,src6,src8"
V0399 named,4,107,64,1.2574330138085952,1.7628624630803853,1.5101477384444904,TYC_3452_787_1|gaia_774288805679445888_src7|gaia_774289041901756032_src4|gaia_774289488578357504_src6,"TYC_3452_787_1,src7,src4,src6"
V0399 named,4,107,64,1.2574330138085952,1.7628624630803853,1.5101477384444904,TYC_3452_787_1|gaia_774289041901756032_src4|gaia_774289488578357504_src6|gaia_774290626745586944_src8,"TYC_3452_787_1,src4,src6,src8"
V0399 named,4,107,64,1.2574330138085952,1.7628624630803853,1.5101477384444904,gaia_774271076054448768_src2|gaia_774288805679445888_src7|gaia_774289041901756032_src4|gaia_774289488578357504_src6,"src2,src7,src4,src6"
V0399 named,4,107,64,1.2574330138085952,1.7628624630803853,1.5101477384444904,gaia_774271076054448768_src2|gaia_774289041901756032_src4|gaia_774289488578357504_src6|gaia_774290626745586944_src8,"src2,src4,src6,src8"
V0399 named,4,107,64,1.2574330138085952,1.7628624630803853,1.5101477384444904,gaia_774272862760870784_src1|gaia_774288805679445888_src7|gaia_774289041901756032_src4|gaia_774289488578357504_src6,"src1,src7,src4,src6"
V0399 named,4,107,64,1.2574330138085952,1.7628624630803853,1.5101477384444904,gaia_774272862760870784_src1|gaia_774289041901756032_src4|gaia_774289488578357504_src6|gaia_774290626745586944_src8,"src1,src4,src6,src8"
V0399 named,4,107,64,1.2574330138085952,1.7628624630803853,1.5101477384444904,gaia_774288805679445888_src7|gaia_774289041901756032_src4|gaia_774289488578357504_src6|gaia_774384016513181696_src3,"src7,src4,src6,src3"
V0399 named,4,107,64,1.2574330138085952,1.7628624630803853,1.5101477384444904,gaia_774289041901756032_src4|gaia_774289488578357504_src6|gaia_774290626745586944_src8|gaia_774384016513181696_src3,"src4,src6,src8,src3"
V0399 named,6,107,64,1.2574330138085952,1.7628624630803853,1.5101477384444904,HD_103187|HD_103405|gaia_774288805679445888_src7|gaia_774289041901756032_src4|gaia_774289488578357504_src6|gaia_774290626745586944_src8,"HD_103187,HD_103405,src7,src4,src6,src8"
V0399 named,6,107,64,1.2574330138085952,1.7628624630803853,1.5101477384444904,HD_103187|TYC_3452_787_1|gaia_774288805679445888_src7|gaia_774289041901756032_src4|gaia_774289488578357504_src6|gaia_774290626745586944_src8,"HD_103187,TYC_3452_787_1,src7,src4,src6,src8"
V0399 named,6,107,64,1.2574330138085952,1.7628624630803853,1.5101477384444904,HD_103187|gaia_774271076054448768_src2|gaia_774288805679445888_src7|gaia_774289041901756032_src4|gaia_774289488578357504_src6|gaia_774290626745586944_src8,"HD_103187,src2,src7,src4,src6,src8"
V0399 named,6,107,64,1.2574330138085952,1.7628624630803853,1.5101477384444904,HD_103187|gaia_774272862760870784_src1|gaia_774288805679445888_src7|gaia_774289041901756032_src4|gaia_774289488578357504_src6|gaia_774290626745586944_src8,"HD_103187,src1,src7,src4,src6,src8"
V0399 named,6,107,64,1.2574330138085952,1.7628624630803853,1.5101477384444904,HD_103187|gaia_774288805679445888_src7|gaia_774289041901756032_src4|gaia_774289488578357504_src6|gaia_774290626745586944_src8|gaia_774384016513181696_src3,"HD_103187,src7,src4,src6,src8,src3"
V0399 named,6,107,64,1.2574330138085952,1.7628624630803853,1.5101477384444904,HD_103405|TYC_3452_787_1|gaia_774288805679445888_src7|gaia_774289041901756032_src4|gaia_774289488578357504_src6|gaia_774290626745586944_src8,"HD_103405,TYC_3452_787_1,src7,src4,src6,src8"
V0399 named,6,107,64,1.2574330138085952,1.7628624630803853,1.5101477384444904,HD_103405|gaia_774271076054448768_src2|gaia_774288805679445888_src7|gaia_774289041901756032_src4|gaia_774289488578357504_src6|gaia_774290626745586944_src8,"HD_103405,src2,src7,src4,src6,src8"
V0399 named,6,107,64,1.2574330138085952,1.7628624630803853,1.5101477384444904,HD_103405|gaia_774272862760870784_src1|gaia_774288805679445888_src7|gaia_774289041901756032_src4|gaia_774289488578357504_src6|gaia_774290626745586944_src8,"HD_103405,src1,src7,src4,src6,src8"
V0399 named,6,107,64,1.2574330138085952,1.7628624630803853,1.5101477384444904,HD_103405|gaia_774288805679445888_src7|gaia_774289041901756032_src4|gaia_774289488578357504_src6|gaia_774290626745586944_src8|gaia_774384016513181696_src3,"HD_103405,src7,src4,src6,src8,src3"
V0399 named,6,107,64,1.2574330138085952,1.7628624630803853,1.5101477384444904,TYC_3452_787_1|gaia_774271076054448768_src2|gaia_774288805679445888_src7|gaia_774289041901756032_src4|gaia_774289488578357504_src6|gaia_774290626745586944_src8,"TYC_3452_787_1,src2,src7,src4,src6,src8"
V0399 named,6,107,64,1.2574330138085952,1.7628624630803853,1.5101477384444904,TYC_3452_787_1|gaia_774272862760870784_src1|gaia_774288805679445888_src7|gaia_774289041901756032_src4|gaia_774289488578357504_src6|gaia_774290626745586944_src8,"TYC_3452_787_1,src1,src7,src4,src6,src8"
V0399 named,6,107,64,1.2574330138085952,1.7628624630803853,1.5101477384444904,TYC_3452_787_1|gaia_774288805679445888_src7|gaia_774289041901756032_src4|gaia_774289488578357504_src6|gaia_774290626745586944_src8|gaia_774384016513181696_src3,"TYC_3452_787_1,src7,src4,src6,src8,src3"
V0399 named,6,107,64,1.2574330138085952,1.7628624630803853,1.5101477384444904,gaia_774271076054448768_src2|gaia_774272862760870784_src1|gaia_774288805679445888_src7|gaia_774289041901756032_src4|gaia_774289488578357504_src6|gaia_774290626745586944_src8,"src2,src1,src7,src4,src6,src8"
V0399 named,6,107,64,1.2574330138085952,1.7628624630803853,1.5101477384444904,gaia_774271076054448768_src2|gaia_774288805679445888_src7|gaia_774289041901756032_src4|gaia_774289488578357504_src6|gaia_774290626745586944_src8|gaia_774384016513181696_src3,"src2,src7,src4,src6,src8,src3"
V0399 named,6,107,64,1.2574330138085952,1.7628624630803853,1.5101477384444904,gaia_774272862760870784_src1|gaia_774288805679445888_src7|gaia_774289041901756032_src4|gaia_774289488578357504_src6|gaia_774290626745586944_src8|gaia_774384016513181696_src3,"src1,src7,src4,src6,src8,src3"
V0399 named,4,107,64,1.528242318315812,1.4932346787255177,1.5107384985206649,HD_103187|gaia_774272862760870784_src1|gaia_774287774887292672_src5|gaia_774384016513181696_src3,"HD_103187,src1,src5,src3"
V0399 named,4,107,64,1.528242318315812,1.4932346787255177,1.5107384985206649,HD_103187|gaia_774272862760870784_src1|gaia_774288805679445888_src7|gaia_774384016513181696_src3,"HD_103187,src1,src7,src3"
V0399 named,4,107,64,1.528242318315812,1.4932346787255177,1.5107384985206649,HD_103187|gaia_774272862760870784_src1|gaia_774289041901756032_src4|gaia_774384016513181696_src3,"HD_103187,src1,src4,src3"
V0399 named,4,107,64,1.528242318315812,1.4932346787255177,1.5107384985206649,HD_103187|gaia_774272862760870784_src1|gaia_774289488578357504_src6|gaia_774384016513181696_src3,"HD_103187,src1,src6,src3"
V0399 named,4,107,64,1.528242318315812,1.4932346787255177,1.5107384985206649,HD_103187|gaia_774272862760870784_src1|gaia_774290626745586944_src8|gaia_774384016513181696_src3,"HD_103187,src1,src8,src3"
V0399 named,4,107,64,1.528242318315812,1.4932346787255177,1.5107384985206649,HD_103405|gaia_774272862760870784_src1|gaia_774287774887292672_src5|gaia_774384016513181696_src3,"HD_103405,src1,src5,src3"
V0399 named,4,107,64,1.528242318315812,1.4932346787255177,1.5107384985206649,HD_103405|gaia_774272862760870784_src1|gaia_774288805679445888_src7|gaia_774384016513181696_src3,"HD_103405,src1,src7,src3"
V0399 named,4,107,64,1.528242318315812,1.4932346787255177,1.5107384985206649,HD_103405|gaia_774272862760870784_src1|gaia_774289041901756032_src4|gaia_774384016513181696_src3,"HD_103405,src1,src4,src3"
V0399 named,4,107,64,1.528242318315812,1.4932346787255177,1.5107384985206649,HD_103405|gaia_774272862760870784_src1|gaia_774289488578357504_src6|gaia_774384016513181696_src3,"HD_103405,src1,src6,src3"
V0399 named,4,107,64,1.528242318315812,1.4932346787255177,1.5107384985206649,HD_103405|gaia_774272862760870784_src1|gaia_774290626745586944_src8|gaia_774384016513181696_src3,"HD_103405,src1,src8,src3"
V0399 named,4,107,64,1.528242318315812,1.4932346787255177,1.5107384985206649,TYC_3452_787_1|gaia_774272862760870784_src1|gaia_774287774887292672_src5|gaia_774384016513181696_src3,"TYC_3452_787_1,src1,src5,src3"
V0399 named,4,107,64,1.528242318315812,1.4932346787255177,1.5107384985206649,TYC_3452_787_1|gaia_774272862760870784_src1|gaia_774288805679445888_src7|gaia_774384016513181696_src3,"TYC_3452_787_1,src1,src7,src3"
V0399 named,4,107,64,1.528242318315812,1.4932346787255177,1.5107384985206649,TYC_3452_787_1|gaia_774272862760870784_src1|gaia_774289041901756032_src4|gaia_774384016513181696_src3,"TYC_3452_787_1,src1,src4,src3"
V0399 named,4,107,64,1.528242318315812,1.4932346787255177,1.5107384985206649,TYC_3452_787_1|gaia_774272862760870784_src1|gaia_774289488578357504_src6|gaia_774384016513181696_src3,"TYC_3452_787_1,src1,src6,src3"
V0399 named,4,107,64,1.528242318315812,1.4932346787255177,1.5107384985206649,TYC_3452_787_1|gaia_774272862760870784_src1|gaia_774290626745586944_src8|gaia_774384016513181696_src3,"TYC_3452_787_1,src1,src8,src3"
V0399 named,6,107,64,1.528242318315812,1.4932346787255177,1.5107384985206649,HD_103187|HD_103405|gaia_774272862760870784_src1|gaia_774287774887292672_src5|gaia_774288805679445888_src7|gaia_774384016513181696_src3,"HD_103187,HD_103405,src1,src5,src7,src3"
V0399 named,6,107,64,1.528242318315812,1.4932346787255177,1.5107384985206649,HD_103187|HD_103405|gaia_774272862760870784_src1|gaia_774287774887292672_src5|gaia_774289041901756032_src4|gaia_774384016513181696_src3,"HD_103187,HD_103405,src1,src5,src4,src3"
V0399 named,6,107,64,1.528242318315812,1.4932346787255177,1.5107384985206649,HD_103187|HD_103405|gaia_774272862760870784_src1|gaia_774287774887292672_src5|gaia_774289488578357504_src6|gaia_774384016513181696_src3,"HD_103187,HD_103405,src1,src5,src6,src3"
V0399 named,6,107,64,1.528242318315812,1.4932346787255177,1.5107384985206649,HD_103187|HD_103405|gaia_774272862760870784_src1|gaia_774287774887292672_src5|gaia_774290626745586944_src8|gaia_774384016513181696_src3,"HD_103187,HD_103405,src1,src5,src8,src3"
V0399 named,6,107,64,1.528242318315812,1.4932346787255177,1.5107384985206649,HD_103187|HD_103405|gaia_774272862760870784_src1|gaia_774288805679445888_src7|gaia_774289041901756032_src4|gaia_774384016513181696_src3,"HD_103187,HD_103405,src1,src7,src4,src3"
V0399 named,6,107,64,1.528242318315812,1.4932346787255177,1.5107384985206649,HD_103187|HD_103405|gaia_774272862760870784_src1|gaia_774288805679445888_src7|gaia_774289488578357504_src6|gaia_774384016513181696_src3,"HD_103187,HD_103405,src1,src7,src6,src3"
V0399 named,6,107,64,1.528242318315812,1.4932346787255177,1.5107384985206649,HD_103187|HD_103405|gaia_774272862760870784_src1|gaia_774288805679445888_src7|gaia_774290626745586944_src8|gaia_774384016513181696_src3,"HD_103187,HD_103405,src1,src7,src8,src3"
V0399 named,6,107,64,1.528242318315812,1.4932346787255177,1.5107384985206649,HD_103187|HD_103405|gaia_774272862760870784_src1|gaia_774289041901756032_src4|gaia_774289488578357504_src6|gaia_774384016513181696_src3,"HD_103187,HD_103405,src1,src4,src6,src3"
V0399 named,6,107,64,1.528242318315812,1.4932346787255177,1.5107384985206649,HD_103187|HD_103405|gaia_774272862760870784_src1|gaia_774289041901756032_src4|gaia_774290626745586944_src8|gaia_774384016513181696_src3,"HD_103187,HD_103405,src1,src4,src8,src3"
V0399 named,6,107,64,1.528242318315812,1.4932346787255177,1.5107384985206649,HD_103187|HD_103405|gaia_774272862760870784_src1|gaia_774289488578357504_src6|gaia_774290626745586944_src8|gaia_774384016513181696_src3,"HD_103187,HD_103405,src1,src6,src8,src3"
V0399 named,6,107,64,1.528242318315812,1.4932346787255177,1.5107384985206649,HD_103187|TYC_3452_787_1|gaia_774272862760870784_src1|gaia_774287774887292672_src5|gaia_774288805679445888_src7|gaia_774384016513181696_src3,"HD_103187,TYC_3452_787_1,src1,src5,src7,src3"
V0399 named,6,107,64,1.528242318315812,1.4932346787255177,1.5107384985206649,HD_103187|TYC_3452_787_1|gaia_774272862760870784_src1|gaia_774287774887292672_src5|gaia_774289041901756032_src4|gaia_774384016513181696_src3,"HD_103187,TYC_3452_787_1,src1,src5,src4,src3"
V0399 named,6,107,64,1.528242318315812,1.4932346787255177,1.5107384985206649,HD_103187|TYC_3452_787_1|gaia_774272862760870784_src1|gaia_774287774887292672_src5|gaia_774289488578357504_src6|gaia_774384016513181696_src3,"HD_103187,TYC_3452_787_1,src1,src5,src6,src3"
V0399 named,6,107,64,1.528242318315812,1.4932346787255177,1.5107384985206649,HD_103187|TYC_3452_787_1|gaia_774272862760870784_src1|gaia_774287774887292672_src5|gaia_774290626745586944_src8|gaia_774384016513181696_src3,"HD_103187,TYC_3452_787_1,src1,src5,src8,src3"
V0399 named,6,107,64,1.528242318315812,1.4932346787255177,1.5107384985206649,HD_103187|TYC_3452_787_1|gaia_774272862760870784_src1|gaia_774288805679445888_src7|gaia_774289041901756032_src4|gaia_774384016513181696_src3,"HD_103187,TYC_3452_787_1,src1,src7,src4,src3"
V0399 named,6,107,64,1.528242318315812,1.4932346787255177,1.5107384985206649,HD_103187|TYC_3452_787_1|gaia_774272862760870784_src1|gaia_774288805679445888_src7|gaia_774289488578357504_src6|gaia_774384016513181696_src3,"HD_103187,TYC_3452_787_1,src1,src7,src6,src3"
V0399 named,6,107,64,1.528242318315812,1.4932346787255177,1.5107384985206649,HD_103187|TYC_3452_787_1|gaia_774272862760870784_src1|gaia_774288805679445888_src7|gaia_774290626745586944_src8|gaia_774384016513181696_src3,"HD_103187,TYC_3452_787_1,src1,src7,src8,src3"
V0399 named,6,107,64,1.528242318315812,1.4932346787255177,1.5107384985206649,HD_103187|TYC_3452_787_1|gaia_774272862760870784_src1|gaia_774289041901756032_src4|gaia_774289488578357504_src6|gaia_774384016513181696_src3,"HD_103187,TYC_3452_787_1,src1,src4,src6,src3"
V0399 named,6,107,64,1.528242318315812,1.4932346787255177,1.5107384985206649,HD_103187|TYC_3452_787_1|gaia_774272862760870784_src1|gaia_774289041901756032_src4|gaia_774290626745586944_src8|gaia_774384016513181696_src3,"HD_103187,TYC_3452_787_1,src1,src4,src8,src3"
V0399 named,6,107,64,1.528242318315812,1.4932346787255177,1.5107384985206649,HD_103187|TYC_3452_787_1|gaia_774272862760870784_src1|gaia_774289488578357504_src6|gaia_774290626745586944_src8|gaia_774384016513181696_src3,"HD_103187,TYC_3452_787_1,src1,src6,src8,src3"
V0399 named,6,107,64,1.528242318315812,1.4932346787255177,1.5107384985206649,HD_103405|TYC_3452_787_1|gaia_774272862760870784_src1|gaia_774287774887292672_src5|gaia_774288805679445888_src7|gaia_774384016513181696_src3,"HD_103405,TYC_3452_787_1,src1,src5,src7,src3"
V0399 named,6,107,64,1.528242318315812,1.4932346787255177,1.5107384985206649,HD_103405|TYC_3452_787_1|gaia_774272862760870784_src1|gaia_774287774887292672_src5|gaia_774289041901756032_src4|gaia_774384016513181696_src3,"HD_103405,TYC_3452_787_1,src1,src5,src4,src3"
V0399 named,6,107,64,1.528242318315812,1.4932346787255177,1.5107384985206649,HD_103405|TYC_3452_787_1|gaia_774272862760870784_src1|gaia_774287774887292672_src5|gaia_774289488578357504_src6|gaia_774384016513181696_src3,"HD_103405,TYC_3452_787_1,src1,src5,src6,src3"
V0399 named,6,107,64,1.528242318315812,1.4932346787255177,1.5107384985206649,HD_103405|TYC_3452_787_1|gaia_774272862760870784_src1|gaia_774287774887292672_src5|gaia_774290626745586944_src8|gaia_774384016513181696_src3,"HD_103405,TYC_3452_787_1,src1,src5,src8,src3"
V0399 named,6,107,64,1.528242318315812,1.4932346787255177,1.5107384985206649,HD_103405|TYC_3452_787_1|gaia_774272862760870784_src1|gaia_774288805679445888_src7|gaia_774289041901756032_src4|gaia_774384016513181696_src3,"HD_103405,TYC_3452_787_1,src1,src7,src4,src3"
V0399 named,6,107,64,1.528242318315812,1.4932346787255177,1.5107384985206649,HD_103405|TYC_3452_787_1|gaia_774272862760870784_src1|gaia_774288805679445888_src7|gaia_774289488578357504_src6|gaia_774384016513181696_src3,"HD_103405,TYC_3452_787_1,src1,src7,src6,src3"
V0399 named,6,107,64,1.528242318315812,1.4932346787255177,1.5107384985206649,HD_103405|TYC_3452_787_1|gaia_774272862760870784_src1|gaia_774288805679445888_src7|gaia_774290626745586944_src8|gaia_774384016513181696_src3,"HD_103405,TYC_3452_787_1,src1,src7,src8,src3"
V0399 named,6,107,64,1.528242318315812,1.4932346787255177,1.5107384985206649,HD_103405|TYC_3452_787_1|gaia_774272862760870784_src1|gaia_774289041901756032_src4|gaia_774289488578357504_src6|gaia_774384016513181696_src3,"HD_103405,TYC_3452_787_1,src1,src4,src6,src3"
V0399 named,6,107,64,1.528242318315812,1.4932346787255177,1.5107384985206649,HD_103405|TYC_3452_787_1|gaia_774272862760870784_src1|gaia_774289041901756032_src4|gaia_774290626745586944_src8|gaia_774384016513181696_src3,"HD_103405,TYC_3452_787_1,src1,src4,src8,src3"
V0399 named,6,107,64,1.528242318315812,1.4932346787255177,1.5107384985206649,HD_103405|TYC_3452_787_1|gaia_774272862760870784_src1|gaia_774289488578357504_src6|gaia_774290626745586944_src8|gaia_774384016513181696_src3,"HD_103405,TYC_3452_787_1,src1,src6,src8,src3"
V0399 named,8,107,64,1.528242318315812,1.4932346787255177,1.5107384985206649,HD_103187|HD_103405|TYC_3452_787_1|gaia_774272862760870784_src1|gaia_774287774887292672_src5|gaia_774288805679445888_src7|gaia_774289041901756032_src4|gaia_774384016513181696_src3,"HD_103187,HD_103405,TYC_3452_787_1,src1,src5,src7,src4,src3"
V0399 named,8,107,64,1.528242318315812,1.4932346787255177,1.5107384985206649,HD_103187|HD_103405|TYC_3452_787_1|gaia_774272862760870784_src1|gaia_774287774887292672_src5|gaia_774288805679445888_src7|gaia_774289488578357504_src6|gaia_774384016513181696_src3,"HD_103187,HD_103405,TYC_3452_787_1,src1,src5,src7,src6,src3"
V0399 named,8,107,64,1.528242318315812,1.4932346787255177,1.5107384985206649,HD_103187|HD_103405|TYC_3452_787_1|gaia_774272862760870784_src1|gaia_774287774887292672_src5|gaia_774288805679445888_src7|gaia_774290626745586944_src8|gaia_774384016513181696_src3,"HD_103187,HD_103405,TYC_3452_787_1,src1,src5,src7,src8,src3"
V0399 named,8,107,64,1.528242318315812,1.4932346787255177,1.5107384985206649,HD_103187|HD_103405|TYC_3452_787_1|gaia_774272862760870784_src1|gaia_774287774887292672_src5|gaia_774289041901756032_src4|gaia_774289488578357504_src6|gaia_774384016513181696_src3,"HD_103187,HD_103405,TYC_3452_787_1,src1,src5,src4,src6,src3"
V0399 named,8,107,64,1.528242318315812,1.4932346787255177,1.5107384985206649,HD_103187|HD_103405|TYC_3452_787_1|gaia_774272862760870784_src1|gaia_774287774887292672_src5|gaia_774289041901756032_src4|gaia_774290626745586944_src8|gaia_774384016513181696_src3,"HD_103187,HD_103405,TYC_3452_787_1,src1,src5,src4,src8,src3"
V0399 named,8,107,64,1.528242318315812,1.4932346787255177,1.5107384985206649,HD_103187|HD_103405|TYC_3452_787_1|gaia_774272862760870784_src1|gaia_774287774887292672_src5|gaia_774289488578357504_src6|gaia_774290626745586944_src8|gaia_774384016513181696_src3,"HD_103187,HD_103405,TYC_3452_787_1,src1,src5,src6,src8,src3"
V0399 named,8,107,64,1.528242318315812,1.4932346787255177,1.5107384985206649,HD_103187|HD_103405|TYC_3452_787_1|gaia_774272862760870784_src1|gaia_774288805679445888_src7|gaia_774289041901756032_src4|gaia_774289488578357504_src6|gaia_774384016513181696_src3,"HD_103187,HD_103405,TYC_3452_787_1,src1,src7,src4,src6,src3"
V0399 named,8,107,64,1.528242318315812,1.4932346787255177,1.5107384985206649,HD_103187|HD_103405|TYC_3452_787_1|gaia_774272862760870784_src1|gaia_774288805679445888_src7|gaia_774289041901756032_src4|gaia_774290626745586944_src8|gaia_774384016513181696_src3,"HD_103187,HD_103405,TYC_3452_787_1,src1,src7,src4,src8,src3"
V0399 named,8,107,64,1.528242318315812,1.4932346787255177,1.5107384985206649,HD_103187|HD_103405|TYC_3452_787_1|gaia_774272862760870784_src1|gaia_774288805679445888_src7|gaia_774289488578357504_src6|gaia_774290626745586944_src8|gaia_774384016513181696_src3,"HD_103187,HD_103405,TYC_3452_787_1,src1,src7,src6,src8,src3"
V0399 named,8,107,64,1.528242318315812,1.4932346787255177,1.5107384985206649,HD_103187|HD_103405|TYC_3452_787_1|gaia_774272862760870784_src1|gaia_774289041901756032_src4|gaia_774289488578357504_src6|gaia_774290626745586944_src8|gaia_774384016513181696_src3,"HD_103187,HD_103405,TYC_3452_787_1,src1,src4,src6,src8,src3"
V0399 named,4,107,64,1.249965018116326,1.7725347631224415,1.5112498906193839,HD_103187|HD_103405|gaia_774288805679445888_src7|gaia_774289041901756032_src4,"HD_103187,HD_103405,src7,src4"
V0399 named,4,107,64,1.249965018116326,1.7725347631224415,1.5112498906193839,HD_103187|HD_103405|gaia_774289041901756032_src4|gaia_774289488578357504_src6,"HD_103187,HD_103405,src4,src6"
V0399 named,4,107,64,1.249965018116326,1.7725347631224415,1.5112498906193839,HD_103187|HD_103405|gaia_774289041901756032_src4|gaia_774290626745586944_src8,"HD_103187,HD_103405,src4,src8"
V0399 named,4,107,64,1.249965018116326,1.7725347631224415,1.5112498906193839,HD_103405|TYC_3452_787_1|gaia_774288805679445888_src7|gaia_774289041901756032_src4,"HD_103405,TYC_3452_787_1,src7,src4"
V0399 named,4,107,64,1.249965018116326,1.7725347631224415,1.5112498906193839,HD_103405|TYC_3452_787_1|gaia_774289041901756032_src4|gaia_774289488578357504_src6,"HD_103405,TYC_3452_787_1,src4,src6"
V0399 named,4,107,64,1.249965018116326,1.7725347631224415,1.5112498906193839,HD_103405|TYC_3452_787_1|gaia_774289041901756032_src4|gaia_774290626745586944_src8,"HD_103405,TYC_3452_787_1,src4,src8"
V0399 named,6,107,64,1.249965018116326,1.7725347631224415,1.5112498906193839,HD_103187|HD_103405|TYC_3452_787_1|gaia_774288805679445888_src7|gaia_774289041901756032_src4|gaia_774289488578357504_src6,"HD_103187,HD_103405,TYC_3452_787_1,src7,src4,src6"
V0399 named,6,107,64,1.249965018116326,1.7725347631224415,1.5112498906193839,HD_103187|HD_103405|TYC_3452_787_1|gaia_774288805679445888_src7|gaia_774289041901756032_src4|gaia_774290626745586944_src8,"HD_103187,HD_103405,TYC_3452_787_1,src7,src4,src8"
V0399 named,6,107,64,1.249965018116326,1.7725347631224415,1.5112498906193839,HD_103187|HD_103405|TYC_3452_787_1|gaia_774289041901756032_src4|gaia_774289488578357504_src6|gaia_774290626745586944_src8,"HD_103187,HD_103405,TYC_3452_787_1,src4,src6,src8"
V0399 named,4,107,64,1.2741027926515462,1.7725347631224415,1.5233187778869939,HD_103187|HD_103405|gaia_774287774887292672_src5|gaia_774289041901756032_src4,"HD_103187,HD_103405,src5,src4"
V0399 named,4,107,64,1.2741027926515462,1.7725347631224415,1.5233187778869939,HD_103405|TYC_3452_787_1|gaia_774287774887292672_src5|gaia_774289041901756032_src4,"HD_103405,TYC_3452_787_1,src5,src4"
V0399 named,6,107,64,1.2741027926515462,1.7725347631224415,1.5233187778869939,HD_103187|HD_103405|TYC_3452_787_1|gaia_774287774887292672_src5|gaia_774288805679445888_src7|gaia_774289041901756032_src4,"HD_103187,HD_103405,TYC_3452_787_1,src5,src7,src4"
V0399 named,6,107,64,1.2741027926515462,1.7725347631224415,1.5233187778869939,HD_103187|HD_103405|TYC_3452_787_1|gaia_774287774887292672_src5|gaia_774289041901756032_src4|gaia_774289488578357504_src6,"HD_103187,HD_103405,TYC_3452_787_1,src5,src4,src6"
V0399 named,6,107,64,1.2741027926515462,1.7725347631224415,1.5233187778869939,HD_103187|HD_103405|TYC_3452_787_1|gaia_774287774887292672_src5|gaia_774289041901756032_src4|gaia_774290626745586944_src8,"HD_103187,HD_103405,TYC_3452_787_1,src5,src4,src8"
V0399 named,4,107,64,1.5404992277406293,1.508094968624225,1.5242970981824273,HD_103187|gaia_774287774887292672_src5|gaia_774289041901756032_src4|gaia_774384016513181696_src3,"HD_103187,src5,src4,src3"
V0399 named,4,107,64,1.5404992277406293,1.508094968624225,1.5242970981824273,HD_103405|gaia_774287774887292672_src5|gaia_774289041901756032_src4|gaia_774384016513181696_src3,"HD_103405,src5,src4,src3"
V0399 named,4,107,64,1.5404992277406293,1.508094968624225,1.5242970981824273,TYC_3452_787_1|gaia_774287774887292672_src5|gaia_774289041901756032_src4|gaia_774384016513181696_src3,"TYC_3452_787_1,src5,src4,src3"
V0399 named,4,107,64,1.5404992277406293,1.508094968624225,1.5242970981824273,gaia_774271076054448768_src2|gaia_774287774887292672_src5|gaia_774289041901756032_src4|gaia_774384016513181696_src3,"src2,src5,src4,src3"
V0399 named,4,107,64,1.5404992277406293,1.508094968624225,1.5242970981824273,gaia_774272862760870784_src1|gaia_774287774887292672_src5|gaia_774289041901756032_src4|gaia_774384016513181696_src3,"src1,src5,src4,src3"
V0399 named,6,107,64,1.5404992277406293,1.508094968624225,1.5242970981824273,HD_103187|HD_103405|gaia_774287774887292672_src5|gaia_774288805679445888_src7|gaia_774289041901756032_src4|gaia_774384016513181696_src3,"HD_103187,HD_103405,src5,src7,src4,src3"
V0399 named,6,107,64,1.5404992277406293,1.508094968624225,1.5242970981824273,HD_103187|HD_103405|gaia_774287774887292672_src5|gaia_774289041901756032_src4|gaia_774289488578357504_src6|gaia_774384016513181696_src3,"HD_103187,HD_103405,src5,src4,src6,src3"
V0399 named,6,107,64,1.5404992277406293,1.508094968624225,1.5242970981824273,HD_103187|HD_103405|gaia_774287774887292672_src5|gaia_774289041901756032_src4|gaia_774290626745586944_src8|gaia_774384016513181696_src3,"HD_103187,HD_103405,src5,src4,src8,src3"
V0399 named,6,107,64,1.5404992277406293,1.508094968624225,1.5242970981824273,HD_103187|TYC_3452_787_1|gaia_774287774887292672_src5|gaia_774288805679445888_src7|gaia_774289041901756032_src4|gaia_774384016513181696_src3,"HD_103187,TYC_3452_787_1,src5,src7,src4,src3"
V0399 named,6,107,64,1.5404992277406293,1.508094968624225,1.5242970981824273,HD_103187|TYC_3452_787_1|gaia_774287774887292672_src5|gaia_774289041901756032_src4|gaia_774289488578357504_src6|gaia_774384016513181696_src3,"HD_103187,TYC_3452_787_1,src5,src4,src6,src3"
V0399 named,6,107,64,1.5404992277406293,1.508094968624225,1.5242970981824273,HD_103187|TYC_3452_787_1|gaia_774287774887292672_src5|gaia_774289041901756032_src4|gaia_774290626745586944_src8|gaia_774384016513181696_src3,"HD_103187,TYC_3452_787_1,src5,src4,src8,src3"
V0399 named,6,107,64,1.5404992277406293,1.508094968624225,1.5242970981824273,HD_103187|gaia_774271076054448768_src2|gaia_774287774887292672_src5|gaia_774288805679445888_src7|gaia_774289041901756032_src4|gaia_774384016513181696_src3,"HD_103187,src2,src5,src7,src4,src3"
V0399 named,6,107,64,1.5404992277406293,1.508094968624225,1.5242970981824273,HD_103187|gaia_774271076054448768_src2|gaia_774287774887292672_src5|gaia_774289041901756032_src4|gaia_774289488578357504_src6|gaia_774384016513181696_src3,"HD_103187,src2,src5,src4,src6,src3"
V0399 named,6,107,64,1.5404992277406293,1.508094968624225,1.5242970981824273,HD_103187|gaia_774271076054448768_src2|gaia_774287774887292672_src5|gaia_774289041901756032_src4|gaia_774290626745586944_src8|gaia_774384016513181696_src3,"HD_103187,src2,src5,src4,src8,src3"
V0399 named,6,107,64,1.5404992277406293,1.508094968624225,1.5242970981824273,HD_103187|gaia_774272862760870784_src1|gaia_774287774887292672_src5|gaia_774288805679445888_src7|gaia_774289041901756032_src4|gaia_774384016513181696_src3,"HD_103187,src1,src5,src7,src4,src3"
V0399 named,6,107,64,1.5404992277406293,1.508094968624225,1.5242970981824273,HD_103187|gaia_774272862760870784_src1|gaia_774287774887292672_src5|gaia_774289041901756032_src4|gaia_774289488578357504_src6|gaia_774384016513181696_src3,"HD_103187,src1,src5,src4,src6,src3"
V0399 named,6,107,64,1.5404992277406293,1.508094968624225,1.5242970981824273,HD_103187|gaia_774272862760870784_src1|gaia_774287774887292672_src5|gaia_774289041901756032_src4|gaia_774290626745586944_src8|gaia_774384016513181696_src3,"HD_103187,src1,src5,src4,src8,src3"
V0399 named,6,107,64,1.5404992277406293,1.508094968624225,1.5242970981824273,HD_103405|TYC_3452_787_1|gaia_774287774887292672_src5|gaia_774288805679445888_src7|gaia_774289041901756032_src4|gaia_774384016513181696_src3,"HD_103405,TYC_3452_787_1,src5,src7,src4,src3"
V0399 named,6,107,64,1.5404992277406293,1.508094968624225,1.5242970981824273,HD_103405|TYC_3452_787_1|gaia_774287774887292672_src5|gaia_774289041901756032_src4|gaia_774289488578357504_src6|gaia_774384016513181696_src3,"HD_103405,TYC_3452_787_1,src5,src4,src6,src3"
V0399 named,6,107,64,1.5404992277406293,1.508094968624225,1.5242970981824273,HD_103405|TYC_3452_787_1|gaia_774287774887292672_src5|gaia_774289041901756032_src4|gaia_774290626745586944_src8|gaia_774384016513181696_src3,"HD_103405,TYC_3452_787_1,src5,src4,src8,src3"
V0399 named,6,107,64,1.5404992277406293,1.508094968624225,1.5242970981824273,HD_103405|gaia_774271076054448768_src2|gaia_774287774887292672_src5|gaia_774288805679445888_src7|gaia_774289041901756032_src4|gaia_774384016513181696_src3,"HD_103405,src2,src5,src7,src4,src3"
V0399 named,6,107,64,1.5404992277406293,1.508094968624225,1.5242970981824273,HD_103405|gaia_774271076054448768_src2|gaia_774287774887292672_src5|gaia_774289041901756032_src4|gaia_774289488578357504_src6|gaia_774384016513181696_src3,"HD_103405,src2,src5,src4,src6,src3"
V0399 named,6,107,64,1.5404992277406293,1.508094968624225,1.5242970981824273,HD_103405|gaia_774271076054448768_src2|gaia_774287774887292672_src5|gaia_774289041901756032_src4|gaia_774290626745586944_src8|gaia_774384016513181696_src3,"HD_103405,src2,src5,src4,src8,src3"
V0399 named,6,107,64,1.5404992277406293,1.508094968624225,1.5242970981824273,HD_103405|gaia_774272862760870784_src1|gaia_774287774887292672_src5|gaia_774288805679445888_src7|gaia_774289041901756032_src4|gaia_774384016513181696_src3,"HD_103405,src1,src5,src7,src4,src3"
V0399 named,6,107,64,1.5404992277406293,1.508094968624225,1.5242970981824273,HD_103405|gaia_774272862760870784_src1|gaia_774287774887292672_src5|gaia_774289041901756032_src4|gaia_774289488578357504_src6|gaia_774384016513181696_src3,"HD_103405,src1,src5,src4,src6,src3"
V0399 named,6,107,64,1.5404992277406293,1.508094968624225,1.5242970981824273,HD_103405|gaia_774272862760870784_src1|gaia_774287774887292672_src5|gaia_774289041901756032_src4|gaia_774290626745586944_src8|gaia_774384016513181696_src3,"HD_103405,src1,src5,src4,src8,src3"
V0399 named,6,107,64,1.5404992277406293,1.508094968624225,1.5242970981824273,TYC_3452_787_1|gaia_774271076054448768_src2|gaia_774287774887292672_src5|gaia_774288805679445888_src7|gaia_774289041901756032_src4|gaia_774384016513181696_src3,"TYC_3452_787_1,src2,src5,src7,src4,src3"
V0399 named,6,107,64,1.5404992277406293,1.508094968624225,1.5242970981824273,TYC_3452_787_1|gaia_774271076054448768_src2|gaia_774287774887292672_src5|gaia_774289041901756032_src4|gaia_774289488578357504_src6|gaia_774384016513181696_src3,"TYC_3452_787_1,src2,src5,src4,src6,src3"
V0399 named,6,107,64,1.5404992277406293,1.508094968624225,1.5242970981824273,TYC_3452_787_1|gaia_774271076054448768_src2|gaia_774287774887292672_src5|gaia_774289041901756032_src4|gaia_774290626745586944_src8|gaia_774384016513181696_src3,"TYC_3452_787_1,src2,src5,src4,src8,src3"
V0399 named,6,107,64,1.5404992277406293,1.508094968624225,1.5242970981824273,TYC_3452_787_1|gaia_774272862760870784_src1|gaia_774287774887292672_src5|gaia_774288805679445888_src7|gaia_774289041901756032_src4|gaia_774384016513181696_src3,"TYC_3452_787_1,src1,src5,src7,src4,src3"
V0399 named,6,107,64,1.5404992277406293,1.508094968624225,1.5242970981824273,TYC_3452_787_1|gaia_774272862760870784_src1|gaia_774287774887292672_src5|gaia_774289041901756032_src4|gaia_774289488578357504_src6|gaia_774384016513181696_src3,"TYC_3452_787_1,src1,src5,src4,src6,src3"
V0399 named,6,107,64,1.5404992277406293,1.508094968624225,1.5242970981824273,TYC_3452_787_1|gaia_774272862760870784_src1|gaia_774287774887292672_src5|gaia_774289041901756032_src4|gaia_774290626745586944_src8|gaia_774384016513181696_src3,"TYC_3452_787_1,src1,src5,src4,src8,src3"
V0399 named,6,107,64,1.5404992277406293,1.508094968624225,1.5242970981824273,gaia_774271076054448768_src2|gaia_774272862760870784_src1|gaia_774287774887292672_src5|gaia_774288805679445888_src7|gaia_774289041901756032_src4|gaia_774384016513181696_src3,"src2,src1,src5,src7,src4,src3"
V0399 named,6,107,64,1.5404992277406293,1.508094968624225,1.5242970981824273,gaia_774271076054448768_src2|gaia_774272862760870784_src1|gaia_774287774887292672_src5|gaia_774289041901756032_src4|gaia_774289488578357504_src6|gaia_774384016513181696_src3,"src2,src1,src5,src4,src6,src3"
V0399 named,6,107,64,1.5404992277406293,1.508094968624225,1.5242970981824273,gaia_774271076054448768_src2|gaia_774272862760870784_src1|gaia_774287774887292672_src5|gaia_774289041901756032_src4|gaia_774290626745586944_src8|gaia_774384016513181696_src3,"src2,src1,src5,src4,src8,src3"
V0399 named,8,107,64,1.5404992277406293,1.508094968624225,1.5242970981824273,HD_103187|HD_103405|TYC_3452_787_1|gaia_774287774887292672_src5|gaia_774288805679445888_src7|gaia_774289041901756032_src4|gaia_774289488578357504_src6|gaia_774384016513181696_src3,"HD_103187,HD_103405,TYC_3452_787_1,src5,src7,src4,src6,src3"
V0399 named,8,107,64,1.5404992277406293,1.508094968624225,1.5242970981824273,HD_103187|HD_103405|TYC_3452_787_1|gaia_774287774887292672_src5|gaia_774288805679445888_src7|gaia_774289041901756032_src4|gaia_774290626745586944_src8|gaia_774384016513181696_src3,"HD_103187,HD_103405,TYC_3452_787_1,src5,src7,src4,src8,src3"
V0399 named,8,107,64,1.5404992277406293,1.508094968624225,1.5242970981824273,HD_103187|HD_103405|TYC_3452_787_1|gaia_774287774887292672_src5|gaia_774289041901756032_src4|gaia_774289488578357504_src6|gaia_774290626745586944_src8|gaia_774384016513181696_src3,"HD_103187,HD_103405,TYC_3452_787_1,src5,src4,src6,src8,src3"
V0399 named,8,107,64,1.5404992277406293,1.508094968624225,1.5242970981824273,HD_103187|HD_103405|gaia_774271076054448768_src2|gaia_774287774887292672_src5|gaia_774288805679445888_src7|gaia_774289041901756032_src4|gaia_774289488578357504_src6|gaia_774384016513181696_src3,"HD_103187,HD_103405,src2,src5,src7,src4,src6,src3"
V0399 named,8,107,64,1.5404992277406293,1.508094968624225,1.5242970981824273,HD_103187|HD_103405|gaia_774271076054448768_src2|gaia_774287774887292672_src5|gaia_774288805679445888_src7|gaia_774289041901756032_src4|gaia_774290626745586944_src8|gaia_774384016513181696_src3,"HD_103187,HD_103405,src2,src5,src7,src4,src8,src3"
V0399 named,8,107,64,1.5404992277406293,1.508094968624225,1.5242970981824273,HD_103187|HD_103405|gaia_774271076054448768_src2|gaia_774287774887292672_src5|gaia_774289041901756032_src4|gaia_774289488578357504_src6|gaia_774290626745586944_src8|gaia_774384016513181696_src3,"HD_103187,HD_103405,src2,src5,src4,src6,src8,src3"
V0399 named,8,107,64,1.5404992277406293,1.508094968624225,1.5242970981824273,HD_103187|HD_103405|gaia_774272862760870784_src1|gaia_774287774887292672_src5|gaia_774288805679445888_src7|gaia_774289041901756032_src4|gaia_774289488578357504_src6|gaia_774384016513181696_src3,"HD_103187,HD_103405,src1,src5,src7,src4,src6,src3"
V0399 named,8,107,64,1.5404992277406293,1.508094968624225,1.5242970981824273,HD_103187|HD_103405|gaia_774272862760870784_src1|gaia_774287774887292672_src5|gaia_774288805679445888_src7|gaia_774289041901756032_src4|gaia_774290626745586944_src8|gaia_774384016513181696_src3,"HD_103187,HD_103405,src1,src5,src7,src4,src8,src3"
V0399 named,8,107,64,1.5404992277406293,1.508094968624225,1.5242970981824273,HD_103187|HD_103405|gaia_774272862760870784_src1|gaia_774287774887292672_src5|gaia_774289041901756032_src4|gaia_774289488578357504_src6|gaia_774290626745586944_src8|gaia_774384016513181696_src3,"HD_103187,HD_103405,src1,src5,src4,src6,src8,src3"
V0399 named,8,107,64,1.5404992277406293,1.508094968624225,1.5242970981824273,HD_103187|TYC_3452_787_1|gaia_774271076054448768_src2|gaia_774287774887292672_src5|gaia_774288805679445888_src7|gaia_774289041901756032_src4|gaia_774289488578357504_src6|gaia_774384016513181696_src3,"HD_103187,TYC_3452_787_1,src2,src5,src7,src4,src6,src3"
V0399 named,8,107,64,1.5404992277406293,1.508094968624225,1.5242970981824273,HD_103187|TYC_3452_787_1|gaia_774271076054448768_src2|gaia_774287774887292672_src5|gaia_774288805679445888_src7|gaia_774289041901756032_src4|gaia_774290626745586944_src8|gaia_774384016513181696_src3,"HD_103187,TYC_3452_787_1,src2,src5,src7,src4,src8,src3"
V0399 named,8,107,64,1.5404992277406293,1.508094968624225,1.5242970981824273,HD_103187|TYC_3452_787_1|gaia_774271076054448768_src2|gaia_774287774887292672_src5|gaia_774289041901756032_src4|gaia_774289488578357504_src6|gaia_774290626745586944_src8|gaia_774384016513181696_src3,"HD_103187,TYC_3452_787_1,src2,src5,src4,src6,src8,src3"
V0399 named,8,107,64,1.5404992277406293,1.508094968624225,1.5242970981824273,HD_103187|TYC_3452_787_1|gaia_774272862760870784_src1|gaia_774287774887292672_src5|gaia_774288805679445888_src7|gaia_774289041901756032_src4|gaia_774289488578357504_src6|gaia_774384016513181696_src3,"HD_103187,TYC_3452_787_1,src1,src5,src7,src4,src6,src3"
V0399 named,8,107,64,1.5404992277406293,1.508094968624225,1.5242970981824273,HD_103187|TYC_3452_787_1|gaia_774272862760870784_src1|gaia_774287774887292672_src5|gaia_774288805679445888_src7|gaia_774289041901756032_src4|gaia_774290626745586944_src8|gaia_774384016513181696_src3,"HD_103187,TYC_3452_787_1,src1,src5,src7,src4,src8,src3"
V0399 named,8,107,64,1.5404992277406293,1.508094968624225,1.5242970981824273,HD_103187|TYC_3452_787_1|gaia_774272862760870784_src1|gaia_774287774887292672_src5|gaia_774289041901756032_src4|gaia_774289488578357504_src6|gaia_774290626745586944_src8|gaia_774384016513181696_src3,"HD_103187,TYC_3452_787_1,src1,src5,src4,src6,src8,src3"
V0399 named,8,107,64,1.5404992277406293,1.508094968624225,1.5242970981824273,HD_103187|gaia_774271076054448768_src2|gaia_774272862760870784_src1|gaia_774287774887292672_src5|gaia_774288805679445888_src7|gaia_774289041901756032_src4|gaia_774289488578357504_src6|gaia_774384016513181696_src3,"HD_103187,src2,src1,src5,src7,src4,src6,src3"
V0399 named,8,107,64,1.5404992277406293,1.508094968624225,1.5242970981824273,HD_103187|gaia_774271076054448768_src2|gaia_774272862760870784_src1|gaia_774287774887292672_src5|gaia_774288805679445888_src7|gaia_774289041901756032_src4|gaia_774290626745586944_src8|gaia_774384016513181696_src3,"HD_103187,src2,src1,src5,src7,src4,src8,src3"
V0399 named,8,107,64,1.5404992277406293,1.508094968624225,1.5242970981824273,HD_103187|gaia_774271076054448768_src2|gaia_774272862760870784_src1|gaia_774287774887292672_src5|gaia_774289041901756032_src4|gaia_774289488578357504_src6|gaia_774290626745586944_src8|gaia_774384016513181696_src3,"HD_103187,src2,src1,src5,src4,src6,src8,src3"
V0399 named,8,107,64,1.5404992277406293,1.508094968624225,1.5242970981824273,HD_103405|TYC_3452_787_1|gaia_774271076054448768_src2|gaia_774287774887292672_src5|gaia_774288805679445888_src7|gaia_774289041901756032_src4|gaia_774289488578357504_src6|gaia_774384016513181696_src3,"HD_103405,TYC_3452_787_1,src2,src5,src7,src4,src6,src3"
V0399 named,8,107,64,1.5404992277406293,1.508094968624225,1.5242970981824273,HD_103405|TYC_3452_787_1|gaia_774271076054448768_src2|gaia_774287774887292672_src5|gaia_774288805679445888_src7|gaia_774289041901756032_src4|gaia_774290626745586944_src8|gaia_774384016513181696_src3,"HD_103405,TYC_3452_787_1,src2,src5,src7,src4,src8,src3"
V0399 named,8,107,64,1.5404992277406293,1.508094968624225,1.5242970981824273,HD_103405|TYC_3452_787_1|gaia_774271076054448768_src2|gaia_774287774887292672_src5|gaia_774289041901756032_src4|gaia_774289488578357504_src6|gaia_774290626745586944_src8|gaia_774384016513181696_src3,"HD_103405,TYC_3452_787_1,src2,src5,src4,src6,src8,src3"
V0399 named,8,107,64,1.5404992277406293,1.508094968624225,1.5242970981824273,HD_103405|TYC_3452_787_1|gaia_774272862760870784_src1|gaia_774287774887292672_src5|gaia_774288805679445888_src7|gaia_774289041901756032_src4|gaia_774289488578357504_src6|gaia_774384016513181696_src3,"HD_103405,TYC_3452_787_1,src1,src5,src7,src4,src6,src3"
V0399 named,8,107,64,1.5404992277406293,1.508094968624225,1.5242970981824273,HD_103405|TYC_3452_787_1|gaia_774272862760870784_src1|gaia_774287774887292672_src5|gaia_774288805679445888_src7|gaia_774289041901756032_src4|gaia_774290626745586944_src8|gaia_774384016513181696_src3,"HD_103405,TYC_3452_787_1,src1,src5,src7,src4,src8,src3"
V0399 named,8,107,64,1.5404992277406293,1.508094968624225,1.5242970981824273,HD_103405|TYC_3452_787_1|gaia_774272862760870784_src1|gaia_774287774887292672_src5|gaia_774289041901756032_src4|gaia_774289488578357504_src6|gaia_774290626745586944_src8|gaia_774384016513181696_src3,"HD_103405,TYC_3452_787_1,src1,src5,src4,src6,src8,src3"
V0399 named,8,107,64,1.5404992277406293,1.508094968624225,1.5242970981824273,HD_103405|gaia_774271076054448768_src2|gaia_774272862760870784_src1|gaia_774287774887292672_src5|gaia_774288805679445888_src7|gaia_774289041901756032_src4|gaia_774289488578357504_src6|gaia_774384016513181696_src3,"HD_103405,src2,src1,src5,src7,src4,src6,src3"
V0399 named,8,107,64,1.5404992277406293,1.508094968624225,1.5242970981824273,HD_103405|gaia_774271076054448768_src2|gaia_774272862760870784_src1|gaia_774287774887292672_src5|gaia_774288805679445888_src7|gaia_774289041901756032_src4|gaia_774290626745586944_src8|gaia_774384016513181696_src3,"HD_103405,src2,src1,src5,src7,src4,src8,src3"
V0399 named,8,107,64,1.5404992277406293,1.508094968624225,1.5242970981824273,HD_103405|gaia_774271076054448768_src2|gaia_774272862760870784_src1|gaia_774287774887292672_src5|gaia_774289041901756032_src4|gaia_774289488578357504_src6|gaia_774290626745586944_src8|gaia_774384016513181696_src3,"HD_103405,src2,src1,src5,src4,src6,src8,src3"
V0399 named,8,107,64,1.5404992277406293,1.508094968624225,1.5242970981824273,TYC_3452_787_1|gaia_774271076054448768_src2|gaia_774272862760870784_src1|gaia_774287774887292672_src5|gaia_774288805679445888_src7|gaia_774289041901756032_src4|gaia_774289488578357504_src6|gaia_774384016513181696_src3,"TYC_3452_787_1,src2,src1,src5,src7,src4,src6,src3"
V0399 named,8,107,64,1.5404992277406293,1.508094968624225,1.5242970981824273,TYC_3452_787_1|gaia_774271076054448768_src2|gaia_774272862760870784_src1|gaia_774287774887292672_src5|gaia_774288805679445888_src7|gaia_774289041901756032_src4|gaia_774290626745586944_src8|gaia_774384016513181696_src3,"TYC_3452_787_1,src2,src1,src5,src7,src4,src8,src3"
V0399 named,8,107,64,1.5404992277406293,1.508094968624225,1.5242970981824273,TYC_3452_787_1|gaia_774271076054448768_src2|gaia_774272862760870784_src1|gaia_774287774887292672_src5|gaia_774289041901756032_src4|gaia_774289488578357504_src6|gaia_774290626745586944_src8|gaia_774384016513181696_src3,"TYC_3452_787_1,src2,src1,src5,src4,src6,src8,src3"
V0399 named,10,107,64,1.5404992277406293,1.508094968624225,1.5242970981824273,HD_103187|HD_103405|TYC_3452_787_1|gaia_774271076054448768_src2|gaia_774287774887292672_src5|gaia_774288805679445888_src7|gaia_774289041901756032_src4|gaia_774289488578357504_src6|gaia_774290626745586944_src8|gaia_774384016513181696_src3,"HD_103187,HD_103405,TYC_3452_787_1,src2,src5,src7,src4,src6,src8,src3"
V0399 named,10,107,64,1.5404992277406293,1.508094968624225,1.5242970981824273,HD_103187|HD_103405|TYC_3452_787_1|gaia_774272862760870784_src1|gaia_774287774887292672_src5|gaia_774288805679445888_src7|gaia_774289041901756032_src4|gaia_774289488578357504_src6|gaia_774290626745586944_src8|gaia_774384016513181696_src3,"HD_103187,HD_103405,TYC_3452_787_1,src1,src5,src7,src4,src6,src8,src3"
V0399 named,10,107,64,1.5404992277406293,1.508094968624225,1.5242970981824273,HD_103187|HD_103405|gaia_774271076054448768_src2|gaia_774272862760870784_src1|gaia_774287774887292672_src5|gaia_774288805679445888_src7|gaia_774289041901756032_src4|gaia_774289488578357504_src6|gaia_774290626745586944_src8|gaia_774384016513181696_src3,"HD_103187,HD_103405,src2,src1,src5,src7,src4,src6,src8,src3"
V0399 named,10,107,64,1.5404992277406293,1.508094968624225,1.5242970981824273,HD_103187|TYC_3452_787_1|gaia_774271076054448768_src2|gaia_774272862760870784_src1|gaia_774287774887292672_src5|gaia_774288805679445888_src7|gaia_774289041901756032_src4|gaia_774289488578357504_src6|gaia_774290626745586944_src8|gaia_774384016513181696_src3,"HD_103187,TYC_3452_787_1,src2,src1,src5,src7,src4,src6,src8,src3"
V0399 named,10,107,64,1.5404992277406293,1.508094968624225,1.5242970981824273,HD_103405|TYC_3452_787_1|gaia_774271076054448768_src2|gaia_774272862760870784_src1|gaia_774287774887292672_src5|gaia_774288805679445888_src7|gaia_774289041901756032_src4|gaia_774289488578357504_src6|gaia_774290626745586944_src8|gaia_774384016513181696_src3,"HD_103405,TYC_3452_787_1,src2,src1,src5,src7,src4,src6,src8,src3"
V0399 named,4,107,64,1.3727152142213657,1.6899450874194908,1.5313301508204282,HD_103187|gaia_774287774887292672_src5|gaia_774288805679445888_src7|gaia_774289041901756032_src4,"HD_103187,src5,src7,src4"
V0399 named,4,107,64,1.3727152142213657,1.6899450874194908,1.5313301508204282,HD_103187|gaia_774287774887292672_src5|gaia_774289041901756032_src4|gaia_774289488578357504_src6,"HD_103187,src5,src4,src6"
V0399 named,4,107,64,1.3727152142213657,1.6899450874194908,1.5313301508204282,HD_103187|gaia_774287774887292672_src5|gaia_774289041901756032_src4|gaia_774290626745586944_src8,"HD_103187,src5,src4,src8"
V0399 named,4,107,64,1.3727152142213657,1.6899450874194908,1.5313301508204282,HD_103405|gaia_774287774887292672_src5|gaia_774288805679445888_src7|gaia_774289041901756032_src4,"HD_103405,src5,src7,src4"
V0399 named,4,107,64,1.3727152142213657,1.6899450874194908,1.5313301508204282,HD_103405|gaia_774287774887292672_src5|gaia_774289041901756032_src4|gaia_774289488578357504_src6,"HD_103405,src5,src4,src6"
V0399 named,4,107,64,1.3727152142213657,1.6899450874194908,1.5313301508204282,HD_103405|gaia_774287774887292672_src5|gaia_774289041901756032_src4|gaia_774290626745586944_src8,"HD_103405,src5,src4,src8"
V0399 named,4,107,64,1.3727152142213657,1.6899450874194908,1.5313301508204282,TYC_3452_787_1|gaia_774287774887292672_src5|gaia_774288805679445888_src7|gaia_774289041901756032_src4,"TYC_3452_787_1,src5,src7,src4"
V0399 named,4,107,64,1.3727152142213657,1.6899450874194908,1.5313301508204282,TYC_3452_787_1|gaia_774287774887292672_src5|gaia_774289041901756032_src4|gaia_774289488578357504_src6,"TYC_3452_787_1,src5,src4,src6"
V0399 named,4,107,64,1.3727152142213657,1.6899450874194908,1.5313301508204282,TYC_3452_787_1|gaia_774287774887292672_src5|gaia_774289041901756032_src4|gaia_774290626745586944_src8,"TYC_3452_787_1,src5,src4,src8"
V0399 named,4,107,64,1.3727152142213657,1.6899450874194908,1.5313301508204282,gaia_774271076054448768_src2|gaia_774287774887292672_src5|gaia_774288805679445888_src7|gaia_774289041901756032_src4,"src2,src5,src7,src4"
V0399 named,4,107,64,1.3727152142213657,1.6899450874194908,1.5313301508204282,gaia_774271076054448768_src2|gaia_774287774887292672_src5|gaia_774289041901756032_src4|gaia_774289488578357504_src6,"src2,src5,src4,src6"
V0399 named,4,107,64,1.3727152142213657,1.6899450874194908,1.5313301508204282,gaia_774271076054448768_src2|gaia_774287774887292672_src5|gaia_774289041901756032_src4|gaia_774290626745586944_src8,"src2,src5,src4,src8"
V0399 named,4,107,64,1.3727152142213657,1.6899450874194908,1.5313301508204282,gaia_774272862760870784_src1|gaia_774287774887292672_src5|gaia_774288805679445888_src7|gaia_774289041901756032_src4,"src1,src5,src7,src4"
V0399 named,4,107,64,1.3727152142213657,1.6899450874194908,1.5313301508204282,gaia_774272862760870784_src1|gaia_774287774887292672_src5|gaia_774289041901756032_src4|gaia_774289488578357504_src6,"src1,src5,src4,src6"
V0399 named,4,107,64,1.3727152142213657,1.6899450874194908,1.5313301508204282,gaia_774272862760870784_src1|gaia_774287774887292672_src5|gaia_774289041901756032_src4|gaia_774290626745586944_src8,"src1,src5,src4,src8"
V0399 named,4,107,64,1.3727152142213657,1.6899450874194908,1.5313301508204282,gaia_774287774887292672_src5|gaia_774288805679445888_src7|gaia_774289041901756032_src4|gaia_774384016513181696_src3,"src5,src7,src4,src3"
V0399 named,4,107,64,1.3727152142213657,1.6899450874194908,1.5313301508204282,gaia_774287774887292672_src5|gaia_774289041901756032_src4|gaia_774289488578357504_src6|gaia_774384016513181696_src3,"src5,src4,src6,src3"
V0399 named,4,107,64,1.3727152142213657,1.6899450874194908,1.5313301508204282,gaia_774287774887292672_src5|gaia_774289041901756032_src4|gaia_774290626745586944_src8|gaia_774384016513181696_src3,"src5,src4,src8,src3"
V0399 named,6,107,64,1.3727152142213657,1.6899450874194908,1.5313301508204282,HD_103187|HD_103405|gaia_774287774887292672_src5|gaia_774288805679445888_src7|gaia_774289041901756032_src4|gaia_774289488578357504_src6,"HD_103187,HD_103405,src5,src7,src4,src6"
V0399 named,6,107,64,1.3727152142213657,1.6899450874194908,1.5313301508204282,HD_103187|HD_103405|gaia_774287774887292672_src5|gaia_774288805679445888_src7|gaia_774289041901756032_src4|gaia_774290626745586944_src8,"HD_103187,HD_103405,src5,src7,src4,src8"
V0399 named,6,107,64,1.3727152142213657,1.6899450874194908,1.5313301508204282,HD_103187|HD_103405|gaia_774287774887292672_src5|gaia_774289041901756032_src4|gaia_774289488578357504_src6|gaia_774290626745586944_src8,"HD_103187,HD_103405,src5,src4,src6,src8"
V0399 named,6,107,64,1.3727152142213657,1.6899450874194908,1.5313301508204282,HD_103187|TYC_3452_787_1|gaia_774287774887292672_src5|gaia_774288805679445888_src7|gaia_774289041901756032_src4|gaia_774289488578357504_src6,"HD_103187,TYC_3452_787_1,src5,src7,src4,src6"
V0399 named,6,107,64,1.3727152142213657,1.6899450874194908,1.5313301508204282,HD_103187|TYC_3452_787_1|gaia_774287774887292672_src5|gaia_774288805679445888_src7|gaia_774289041901756032_src4|gaia_774290626745586944_src8,"HD_103187,TYC_3452_787_1,src5,src7,src4,src8"
V0399 named,6,107,64,1.3727152142213657,1.6899450874194908,1.5313301508204282,HD_103187|TYC_3452_787_1|gaia_774287774887292672_src5|gaia_774289041901756032_src4|gaia_774289488578357504_src6|gaia_774290626745586944_src8,"HD_103187,TYC_3452_787_1,src5,src4,src6,src8"
V0399 named,6,107,64,1.3727152142213657,1.6899450874194908,1.5313301508204282,HD_103187|gaia_774271076054448768_src2|gaia_774287774887292672_src5|gaia_774288805679445888_src7|gaia_774289041901756032_src4|gaia_774289488578357504_src6,"HD_103187,src2,src5,src7,src4,src6"
V0399 named,6,107,64,1.3727152142213657,1.6899450874194908,1.5313301508204282,HD_103187|gaia_774271076054448768_src2|gaia_774287774887292672_src5|gaia_774288805679445888_src7|gaia_774289041901756032_src4|gaia_774290626745586944_src8,"HD_103187,src2,src5,src7,src4,src8"
V0399 named,6,107,64,1.3727152142213657,1.6899450874194908,1.5313301508204282,HD_103187|gaia_774271076054448768_src2|gaia_774287774887292672_src5|gaia_774289041901756032_src4|gaia_774289488578357504_src6|gaia_774290626745586944_src8,"HD_103187,src2,src5,src4,src6,src8"
V0399 named,6,107,64,1.3727152142213657,1.6899450874194908,1.5313301508204282,HD_103187|gaia_774272862760870784_src1|gaia_774287774887292672_src5|gaia_774288805679445888_src7|gaia_774289041901756032_src4|gaia_774289488578357504_src6,"HD_103187,src1,src5,src7,src4,src6"
V0399 named,6,107,64,1.3727152142213657,1.6899450874194908,1.5313301508204282,HD_103187|gaia_774272862760870784_src1|gaia_774287774887292672_src5|gaia_774288805679445888_src7|gaia_774289041901756032_src4|gaia_774290626745586944_src8,"HD_103187,src1,src5,src7,src4,src8"
V0399 named,6,107,64,1.3727152142213657,1.6899450874194908,1.5313301508204282,HD_103187|gaia_774272862760870784_src1|gaia_774287774887292672_src5|gaia_774289041901756032_src4|gaia_774289488578357504_src6|gaia_774290626745586944_src8,"HD_103187,src1,src5,src4,src6,src8"
V0399 named,6,107,64,1.3727152142213657,1.6899450874194908,1.5313301508204282,HD_103187|gaia_774287774887292672_src5|gaia_774288805679445888_src7|gaia_774289041901756032_src4|gaia_774289488578357504_src6|gaia_774384016513181696_src3,"HD_103187,src5,src7,src4,src6,src3"
V0399 named,6,107,64,1.3727152142213657,1.6899450874194908,1.5313301508204282,HD_103187|gaia_774287774887292672_src5|gaia_774288805679445888_src7|gaia_774289041901756032_src4|gaia_774290626745586944_src8|gaia_774384016513181696_src3,"HD_103187,src5,src7,src4,src8,src3"
V0399 named,6,107,64,1.3727152142213657,1.6899450874194908,1.5313301508204282,HD_103187|gaia_774287774887292672_src5|gaia_774289041901756032_src4|gaia_774289488578357504_src6|gaia_774290626745586944_src8|gaia_774384016513181696_src3,"HD_103187,src5,src4,src6,src8,src3"
V0399 named,6,107,64,1.3727152142213657,1.6899450874194908,1.5313301508204282,HD_103405|TYC_3452_787_1|gaia_774287774887292672_src5|gaia_774288805679445888_src7|gaia_774289041901756032_src4|gaia_774289488578357504_src6,"HD_103405,TYC_3452_787_1,src5,src7,src4,src6"
V0399 named,6,107,64,1.3727152142213657,1.6899450874194908,1.5313301508204282,HD_103405|TYC_3452_787_1|gaia_774287774887292672_src5|gaia_774288805679445888_src7|gaia_774289041901756032_src4|gaia_774290626745586944_src8,"HD_103405,TYC_3452_787_1,src5,src7,src4,src8"
V0399 named,6,107,64,1.3727152142213657,1.6899450874194908,1.5313301508204282,HD_103405|TYC_3452_787_1|gaia_774287774887292672_src5|gaia_774289041901756032_src4|gaia_774289488578357504_src6|gaia_774290626745586944_src8,"HD_103405,TYC_3452_787_1,src5,src4,src6,src8"
V0399 named,6,107,64,1.3727152142213657,1.6899450874194908,1.5313301508204282,HD_103405|gaia_774271076054448768_src2|gaia_774287774887292672_src5|gaia_774288805679445888_src7|gaia_774289041901756032_src4|gaia_774289488578357504_src6,"HD_103405,src2,src5,src7,src4,src6"
V0399 named,6,107,64,1.3727152142213657,1.6899450874194908,1.5313301508204282,HD_103405|gaia_774271076054448768_src2|gaia_774287774887292672_src5|gaia_774288805679445888_src7|gaia_774289041901756032_src4|gaia_774290626745586944_src8,"HD_103405,src2,src5,src7,src4,src8"
V0399 named,6,107,64,1.3727152142213657,1.6899450874194908,1.5313301508204282,HD_103405|gaia_774271076054448768_src2|gaia_774287774887292672_src5|gaia_774289041901756032_src4|gaia_774289488578357504_src6|gaia_774290626745586944_src8,"HD_103405,src2,src5,src4,src6,src8"
V0399 named,6,107,64,1.3727152142213657,1.6899450874194908,1.5313301508204282,HD_103405|gaia_774272862760870784_src1|gaia_774287774887292672_src5|gaia_774288805679445888_src7|gaia_774289041901756032_src4|gaia_774289488578357504_src6,"HD_103405,src1,src5,src7,src4,src6"
V0399 named,6,107,64,1.3727152142213657,1.6899450874194908,1.5313301508204282,HD_103405|gaia_774272862760870784_src1|gaia_774287774887292672_src5|gaia_774288805679445888_src7|gaia_774289041901756032_src4|gaia_774290626745586944_src8,"HD_103405,src1,src5,src7,src4,src8"
V0399 named,6,107,64,1.3727152142213657,1.6899450874194908,1.5313301508204282,HD_103405|gaia_774272862760870784_src1|gaia_774287774887292672_src5|gaia_774289041901756032_src4|gaia_774289488578357504_src6|gaia_774290626745586944_src8,"HD_103405,src1,src5,src4,src6,src8"
V0399 named,6,107,64,1.3727152142213657,1.6899450874194908,1.5313301508204282,HD_103405|gaia_774287774887292672_src5|gaia_774288805679445888_src7|gaia_774289041901756032_src4|gaia_774289488578357504_src6|gaia_774384016513181696_src3,"HD_103405,src5,src7,src4,src6,src3"
V0399 named,6,107,64,1.3727152142213657,1.6899450874194908,1.5313301508204282,HD_103405|gaia_774287774887292672_src5|gaia_774288805679445888_src7|gaia_774289041901756032_src4|gaia_774290626745586944_src8|gaia_774384016513181696_src3,"HD_103405,src5,src7,src4,src8,src3"
V0399 named,6,107,64,1.3727152142213657,1.6899450874194908,1.5313301508204282,HD_103405|gaia_774287774887292672_src5|gaia_774289041901756032_src4|gaia_774289488578357504_src6|gaia_774290626745586944_src8|gaia_774384016513181696_src3,"HD_103405,src5,src4,src6,src8,src3"
V0399 named,6,107,64,1.3727152142213657,1.6899450874194908,1.5313301508204282,TYC_3452_787_1|gaia_774271076054448768_src2|gaia_774287774887292672_src5|gaia_774288805679445888_src7|gaia_774289041901756032_src4|gaia_774289488578357504_src6,"TYC_3452_787_1,src2,src5,src7,src4,src6"
V0399 named,6,107,64,1.3727152142213657,1.6899450874194908,1.5313301508204282,TYC_3452_787_1|gaia_774271076054448768_src2|gaia_774287774887292672_src5|gaia_774288805679445888_src7|gaia_774289041901756032_src4|gaia_774290626745586944_src8,"TYC_3452_787_1,src2,src5,src7,src4,src8"
V0399 named,6,107,64,1.3727152142213657,1.6899450874194908,1.5313301508204282,TYC_3452_787_1|gaia_774271076054448768_src2|gaia_774287774887292672_src5|gaia_774289041901756032_src4|gaia_774289488578357504_src6|gaia_774290626745586944_src8,"TYC_3452_787_1,src2,src5,src4,src6,src8"
V0399 named,6,107,64,1.3727152142213657,1.6899450874194908,1.5313301508204282,TYC_3452_787_1|gaia_774272862760870784_src1|gaia_774287774887292672_src5|gaia_774288805679445888_src7|gaia_774289041901756032_src4|gaia_774289488578357504_src6,"TYC_3452_787_1,src1,src5,src7,src4,src6"
V0399 named,6,107,64,1.3727152142213657,1.6899450874194908,1.5313301508204282,TYC_3452_787_1|gaia_774272862760870784_src1|gaia_774287774887292672_src5|gaia_774288805679445888_src7|gaia_774289041901756032_src4|gaia_774290626745586944_src8,"TYC_3452_787_1,src1,src5,src7,src4,src8"
V0399 named,6,107,64,1.3727152142213657,1.6899450874194908,1.5313301508204282,TYC_3452_787_1|gaia_774272862760870784_src1|gaia_774287774887292672_src5|gaia_774289041901756032_src4|gaia_774289488578357504_src6|gaia_774290626745586944_src8,"TYC_3452_787_1,src1,src5,src4,src6,src8"
V0399 named,6,107,64,1.3727152142213657,1.6899450874194908,1.5313301508204282,TYC_3452_787_1|gaia_774287774887292672_src5|gaia_774288805679445888_src7|gaia_774289041901756032_src4|gaia_774289488578357504_src6|gaia_774384016513181696_src3,"TYC_3452_787_1,src5,src7,src4,src6,src3"
V0399 named,6,107,64,1.3727152142213657,1.6899450874194908,1.5313301508204282,TYC_3452_787_1|gaia_774287774887292672_src5|gaia_774288805679445888_src7|gaia_774289041901756032_src4|gaia_774290626745586944_src8|gaia_774384016513181696_src3,"TYC_3452_787_1,src5,src7,src4,src8,src3"
V0399 named,6,107,64,1.3727152142213657,1.6899450874194908,1.5313301508204282,TYC_3452_787_1|gaia_774287774887292672_src5|gaia_774289041901756032_src4|gaia_774289488578357504_src6|gaia_774290626745586944_src8|gaia_774384016513181696_src3,"TYC_3452_787_1,src5,src4,src6,src8,src3"
V0399 named,6,107,64,1.3727152142213657,1.6899450874194908,1.5313301508204282,gaia_774271076054448768_src2|gaia_774272862760870784_src1|gaia_774287774887292672_src5|gaia_774288805679445888_src7|gaia_774289041901756032_src4|gaia_774289488578357504_src6,"src2,src1,src5,src7,src4,src6"
V0399 named,6,107,64,1.3727152142213657,1.6899450874194908,1.5313301508204282,gaia_774271076054448768_src2|gaia_774272862760870784_src1|gaia_774287774887292672_src5|gaia_774288805679445888_src7|gaia_774289041901756032_src4|gaia_774290626745586944_src8,"src2,src1,src5,src7,src4,src8"
V0399 named,6,107,64,1.3727152142213657,1.6899450874194908,1.5313301508204282,gaia_774271076054448768_src2|gaia_774272862760870784_src1|gaia_774287774887292672_src5|gaia_774289041901756032_src4|gaia_774289488578357504_src6|gaia_774290626745586944_src8,"src2,src1,src5,src4,src6,src8"
V0399 named,6,107,64,1.3727152142213657,1.6899450874194908,1.5313301508204282,gaia_774271076054448768_src2|gaia_774287774887292672_src5|gaia_774288805679445888_src7|gaia_774289041901756032_src4|gaia_774289488578357504_src6|gaia_774384016513181696_src3,"src2,src5,src7,src4,src6,src3"
V0399 named,6,107,64,1.3727152142213657,1.6899450874194908,1.5313301508204282,gaia_774271076054448768_src2|gaia_774287774887292672_src5|gaia_774288805679445888_src7|gaia_774289041901756032_src4|gaia_774290626745586944_src8|gaia_774384016513181696_src3,"src2,src5,src7,src4,src8,src3"
V0399 named,6,107,64,1.3727152142213657,1.6899450874194908,1.5313301508204282,gaia_774271076054448768_src2|gaia_774287774887292672_src5|gaia_774289041901756032_src4|gaia_774289488578357504_src6|gaia_774290626745586944_src8|gaia_774384016513181696_src3,"src2,src5,src4,src6,src8,src3"
V0399 named,6,107,64,1.3727152142213657,1.6899450874194908,1.5313301508204282,gaia_774272862760870784_src1|gaia_774287774887292672_src5|gaia_774288805679445888_src7|gaia_774289041901756032_src4|gaia_774289488578357504_src6|gaia_774384016513181696_src3,"src1,src5,src7,src4,src6,src3"
V0399 named,6,107,64,1.3727152142213657,1.6899450874194908,1.5313301508204282,gaia_774272862760870784_src1|gaia_774287774887292672_src5|gaia_774288805679445888_src7|gaia_774289041901756032_src4|gaia_774290626745586944_src8|gaia_774384016513181696_src3,"src1,src5,src7,src4,src8,src3"
V0399 named,6,107,64,1.3727152142213657,1.6899450874194908,1.5313301508204282,gaia_774272862760870784_src1|gaia_774287774887292672_src5|gaia_774289041901756032_src4|gaia_774289488578357504_src6|gaia_774290626745586944_src8|gaia_774384016513181696_src3,"src1,src5,src4,src6,src8,src3"
V0399 named,8,107,64,1.3727152142213657,1.6899450874194908,1.5313301508204282,HD_103187|HD_103405|TYC_3452_787_1|gaia_774287774887292672_src5|gaia_774288805679445888_src7|gaia_774289041901756032_src4|gaia_774289488578357504_src6|gaia_774290626745586944_src8,"HD_103187,HD_103405,TYC_3452_787_1,src5,src7,src4,src6,src8"
V0399 named,8,107,64,1.3727152142213657,1.6899450874194908,1.5313301508204282,HD_103187|HD_103405|gaia_774271076054448768_src2|gaia_774287774887292672_src5|gaia_774288805679445888_src7|gaia_774289041901756032_src4|gaia_774289488578357504_src6|gaia_774290626745586944_src8,"HD_103187,HD_103405,src2,src5,src7,src4,src6,src8"
V0399 named,8,107,64,1.3727152142213657,1.6899450874194908,1.5313301508204282,HD_103187|HD_103405|gaia_774272862760870784_src1|gaia_774287774887292672_src5|gaia_774288805679445888_src7|gaia_774289041901756032_src4|gaia_774289488578357504_src6|gaia_774290626745586944_src8,"HD_103187,HD_103405,src1,src5,src7,src4,src6,src8"
V0399 named,8,107,64,1.3727152142213657,1.6899450874194908,1.5313301508204282,HD_103187|HD_103405|gaia_774287774887292672_src5|gaia_774288805679445888_src7|gaia_774289041901756032_src4|gaia_774289488578357504_src6|gaia_774290626745586944_src8|gaia_774384016513181696_src3,"HD_103187,HD_103405,src5,src7,src4,src6,src8,src3"
V0399 named,8,107,64,1.3727152142213657,1.6899450874194908,1.5313301508204282,HD_103187|TYC_3452_787_1|gaia_774271076054448768_src2|gaia_774287774887292672_src5|gaia_774288805679445888_src7|gaia_774289041901756032_src4|gaia_774289488578357504_src6|gaia_774290626745586944_src8,"HD_103187,TYC_3452_787_1,src2,src5,src7,src4,src6,src8"
V0399 named,8,107,64,1.3727152142213657,1.6899450874194908,1.5313301508204282,HD_103187|TYC_3452_787_1|gaia_774272862760870784_src1|gaia_774287774887292672_src5|gaia_774288805679445888_src7|gaia_774289041901756032_src4|gaia_774289488578357504_src6|gaia_774290626745586944_src8,"HD_103187,TYC_3452_787_1,src1,src5,src7,src4,src6,src8"
V0399 named,8,107,64,1.3727152142213657,1.6899450874194908,1.5313301508204282,HD_103187|TYC_3452_787_1|gaia_774287774887292672_src5|gaia_774288805679445888_src7|gaia_774289041901756032_src4|gaia_774289488578357504_src6|gaia_774290626745586944_src8|gaia_774384016513181696_src3,"HD_103187,TYC_3452_787_1,src5,src7,src4,src6,src8,src3"
V0399 named,8,107,64,1.3727152142213657,1.6899450874194908,1.5313301508204282,HD_103187|gaia_774271076054448768_src2|gaia_774272862760870784_src1|gaia_774287774887292672_src5|gaia_774288805679445888_src7|gaia_774289041901756032_src4|gaia_774289488578357504_src6|gaia_774290626745586944_src8,"HD_103187,src2,src1,src5,src7,src4,src6,src8"
V0399 named,8,107,64,1.3727152142213657,1.6899450874194908,1.5313301508204282,HD_103187|gaia_774271076054448768_src2|gaia_774287774887292672_src5|gaia_774288805679445888_src7|gaia_774289041901756032_src4|gaia_774289488578357504_src6|gaia_774290626745586944_src8|gaia_774384016513181696_src3,"HD_103187,src2,src5,src7,src4,src6,src8,src3"
V0399 named,8,107,64,1.3727152142213657,1.6899450874194908,1.5313301508204282,HD_103187|gaia_774272862760870784_src1|gaia_774287774887292672_src5|gaia_774288805679445888_src7|gaia_774289041901756032_src4|gaia_774289488578357504_src6|gaia_774290626745586944_src8|gaia_774384016513181696_src3,"HD_103187,src1,src5,src7,src4,src6,src8,src3"
V0399 named,8,107,64,1.3727152142213657,1.6899450874194908,1.5313301508204282,HD_103405|TYC_3452_787_1|gaia_774271076054448768_src2|gaia_774287774887292672_src5|gaia_774288805679445888_src7|gaia_774289041901756032_src4|gaia_774289488578357504_src6|gaia_774290626745586944_src8,"HD_103405,TYC_3452_787_1,src2,src5,src7,src4,src6,src8"
V0399 named,8,107,64,1.3727152142213657,1.6899450874194908,1.5313301508204282,HD_103405|TYC_3452_787_1|gaia_774272862760870784_src1|gaia_774287774887292672_src5|gaia_774288805679445888_src7|gaia_774289041901756032_src4|gaia_774289488578357504_src6|gaia_774290626745586944_src8,"HD_103405,TYC_3452_787_1,src1,src5,src7,src4,src6,src8"
V0399 named,8,107,64,1.3727152142213657,1.6899450874194908,1.5313301508204282,HD_103405|TYC_3452_787_1|gaia_774287774887292672_src5|gaia_774288805679445888_src7|gaia_774289041901756032_src4|gaia_774289488578357504_src6|gaia_774290626745586944_src8|gaia_774384016513181696_src3,"HD_103405,TYC_3452_787_1,src5,src7,src4,src6,src8,src3"
V0399 named,8,107,64,1.3727152142213657,1.6899450874194908,1.5313301508204282,HD_103405|gaia_774271076054448768_src2|gaia_774272862760870784_src1|gaia_774287774887292672_src5|gaia_774288805679445888_src7|gaia_774289041901756032_src4|gaia_774289488578357504_src6|gaia_774290626745586944_src8,"HD_103405,src2,src1,src5,src7,src4,src6,src8"
V0399 named,8,107,64,1.3727152142213657,1.6899450874194908,1.5313301508204282,HD_103405|gaia_774271076054448768_src2|gaia_774287774887292672_src5|gaia_774288805679445888_src7|gaia_774289041901756032_src4|gaia_774289488578357504_src6|gaia_774290626745586944_src8|gaia_774384016513181696_src3,"HD_103405,src2,src5,src7,src4,src6,src8,src3"
V0399 named,8,107,64,1.3727152142213657,1.6899450874194908,1.5313301508204282,HD_103405|gaia_774272862760870784_src1|gaia_774287774887292672_src5|gaia_774288805679445888_src7|gaia_774289041901756032_src4|gaia_774289488578357504_src6|gaia_774290626745586944_src8|gaia_774384016513181696_src3,"HD_103405,src1,src5,src7,src4,src6,src8,src3"
V0399 named,8,107,64,1.3727152142213657,1.6899450874194908,1.5313301508204282,TYC_3452_787_1|gaia_774271076054448768_src2|gaia_774272862760870784_src1|gaia_774287774887292672_src5|gaia_774288805679445888_src7|gaia_774289041901756032_src4|gaia_774289488578357504_src6|gaia_774290626745586944_src8,"TYC_3452_787_1,src2,src1,src5,src7,src4,src6,src8"
V0399 named,8,107,64,1.3727152142213657,1.6899450874194908,1.5313301508204282,TYC_3452_787_1|gaia_774271076054448768_src2|gaia_774287774887292672_src5|gaia_774288805679445888_src7|gaia_774289041901756032_src4|gaia_774289488578357504_src6|gaia_774290626745586944_src8|gaia_774384016513181696_src3,"TYC_3452_787_1,src2,src5,src7,src4,src6,src8,src3"
V0399 named,8,107,64,1.3727152142213657,1.6899450874194908,1.5313301508204282,TYC_3452_787_1|gaia_774272862760870784_src1|gaia_774287774887292672_src5|gaia_774288805679445888_src7|gaia_774289041901756032_src4|gaia_774289488578357504_src6|gaia_774290626745586944_src8|gaia_774384016513181696_src3,"TYC_3452_787_1,src1,src5,src7,src4,src6,src8,src3"
V0399 named,8,107,64,1.3727152142213657,1.6899450874194908,1.5313301508204282,gaia_774271076054448768_src2|gaia_774272862760870784_src1|gaia_774287774887292672_src5|gaia_774288805679445888_src7|gaia_774289041901756032_src4|gaia_774289488578357504_src6|gaia_774290626745586944_src8|gaia_774384016513181696_src3,"src2,src1,src5,src7,src4,src6,src8,src3"
V0399 named,3,107,64,1.4013603319474448,1.6661503729906892,1.533755352469067,HD_103187|gaia_774288805679445888_src7|gaia_774289041901756032_src4,"HD_103187,src7,src4"
V0399 named,3,107,64,1.4013603319474448,1.6661503729906892,1.533755352469067,HD_103187|gaia_774289041901756032_src4|gaia_774289488578357504_src6,"HD_103187,src4,src6"
V0399 named,3,107,64,1.4013603319474448,1.6661503729906892,1.533755352469067,HD_103187|gaia_774289041901756032_src4|gaia_774290626745586944_src8,"HD_103187,src4,src8"
V0399 named,3,107,64,1.4013603319474448,1.6661503729906892,1.533755352469067,HD_103405|gaia_774288805679445888_src7|gaia_774289041901756032_src4,"HD_103405,src7,src4"
V0399 named,3,107,64,1.4013603319474448,1.6661503729906892,1.533755352469067,HD_103405|gaia_774289041901756032_src4|gaia_774289488578357504_src6,"HD_103405,src4,src6"
V0399 named,3,107,64,1.4013603319474448,1.6661503729906892,1.533755352469067,HD_103405|gaia_774289041901756032_src4|gaia_774290626745586944_src8,"HD_103405,src4,src8"
V0399 named,3,107,64,1.4013603319474448,1.6661503729906892,1.533755352469067,TYC_3452_787_1|gaia_774288805679445888_src7|gaia_774289041901756032_src4,"TYC_3452_787_1,src7,src4"
V0399 named,3,107,64,1.4013603319474448,1.6661503729906892,1.533755352469067,TYC_3452_787_1|gaia_774289041901756032_src4|gaia_774289488578357504_src6,"TYC_3452_787_1,src4,src6"
V0399 named,3,107,64,1.4013603319474448,1.6661503729906892,1.533755352469067,TYC_3452_787_1|gaia_774289041901756032_src4|gaia_774290626745586944_src8,"TYC_3452_787_1,src4,src8"
V0399 named,3,107,64,1.4013603319474448,1.6661503729906892,1.533755352469067,gaia_774271076054448768_src2|gaia_774288805679445888_src7|gaia_774289041901756032_src4,"src2,src7,src4"
V0399 named,3,107,64,1.4013603319474448,1.6661503729906892,1.533755352469067,gaia_774271076054448768_src2|gaia_774289041901756032_src4|gaia_774289488578357504_src6,"src2,src4,src6"
V0399 named,3,107,64,1.4013603319474448,1.6661503729906892,1.533755352469067,gaia_774271076054448768_src2|gaia_774289041901756032_src4|gaia_774290626745586944_src8,"src2,src4,src8"
V0399 named,3,107,64,1.4013603319474448,1.6661503729906892,1.533755352469067,gaia_774272862760870784_src1|gaia_774288805679445888_src7|gaia_774289041901756032_src4,"src1,src7,src4"
V0399 named,3,107,64,1.4013603319474448,1.6661503729906892,1.533755352469067,gaia_774272862760870784_src1|gaia_774289041901756032_src4|gaia_774289488578357504_src6,"src1,src4,src6"
V0399 named,3,107,64,1.4013603319474448,1.6661503729906892,1.533755352469067,gaia_774272862760870784_src1|gaia_774289041901756032_src4|gaia_774290626745586944_src8,"src1,src4,src8"
V0399 named,3,107,64,1.4013603319474448,1.6661503729906892,1.533755352469067,gaia_774288805679445888_src7|gaia_774289041901756032_src4|gaia_774384016513181696_src3,"src7,src4,src3"
V0399 named,3,107,64,1.4013603319474448,1.6661503729906892,1.533755352469067,gaia_774289041901756032_src4|gaia_774289488578357504_src6|gaia_774384016513181696_src3,"src4,src6,src3"
V0399 named,3,107,64,1.4013603319474448,1.6661503729906892,1.533755352469067,gaia_774289041901756032_src4|gaia_774290626745586944_src8|gaia_774384016513181696_src3,"src4,src8,src3"
V0399 named,5,107,64,1.4013603319474448,1.6661503729906892,1.533755352469067,HD_103187|HD_103405|gaia_774288805679445888_src7|gaia_774289041901756032_src4|gaia_774289488578357504_src6,"HD_103187,HD_103405,src7,src4,src6"
V0399 named,5,107,64,1.4013603319474448,1.6661503729906892,1.533755352469067,HD_103187|HD_103405|gaia_774288805679445888_src7|gaia_774289041901756032_src4|gaia_774290626745586944_src8,"HD_103187,HD_103405,src7,src4,src8"
V0399 named,5,107,64,1.4013603319474448,1.6661503729906892,1.533755352469067,HD_103187|HD_103405|gaia_774289041901756032_src4|gaia_774289488578357504_src6|gaia_774290626745586944_src8,"HD_103187,HD_103405,src4,src6,src8"
V0399 named,5,107,64,1.4013603319474448,1.6661503729906892,1.533755352469067,HD_103187|TYC_3452_787_1|gaia_774288805679445888_src7|gaia_774289041901756032_src4|gaia_774289488578357504_src6,"HD_103187,TYC_3452_787_1,src7,src4,src6"
V0399 named,5,107,64,1.4013603319474448,1.6661503729906892,1.533755352469067,HD_103187|TYC_3452_787_1|gaia_774288805679445888_src7|gaia_774289041901756032_src4|gaia_774290626745586944_src8,"HD_103187,TYC_3452_787_1,src7,src4,src8"
V0399 named,5,107,64,1.4013603319474448,1.6661503729906892,1.533755352469067,HD_103187|TYC_3452_787_1|gaia_774289041901756032_src4|gaia_774289488578357504_src6|gaia_774290626745586944_src8,"HD_103187,TYC_3452_787_1,src4,src6,src8"
V0399 named,5,107,64,1.4013603319474448,1.6661503729906892,1.533755352469067,HD_103187|gaia_774271076054448768_src2|gaia_774288805679445888_src7|gaia_774289041901756032_src4|gaia_774289488578357504_src6,"HD_103187,src2,src7,src4,src6"
V0399 named,5,107,64,1.4013603319474448,1.6661503729906892,1.533755352469067,HD_103187|gaia_774271076054448768_src2|gaia_774288805679445888_src7|gaia_774289041901756032_src4|gaia_774290626745586944_src8,"HD_103187,src2,src7,src4,src8"
V0399 named,5,107,64,1.4013603319474448,1.6661503729906892,1.533755352469067,HD_103187|gaia_774271076054448768_src2|gaia_774289041901756032_src4|gaia_774289488578357504_src6|gaia_774290626745586944_src8,"HD_103187,src2,src4,src6,src8"
V0399 named,5,107,64,1.4013603319474448,1.6661503729906892,1.533755352469067,HD_103187|gaia_774272862760870784_src1|gaia_774288805679445888_src7|gaia_774289041901756032_src4|gaia_774289488578357504_src6,"HD_103187,src1,src7,src4,src6"
V0399 named,5,107,64,1.4013603319474448,1.6661503729906892,1.533755352469067,HD_103187|gaia_774272862760870784_src1|gaia_774288805679445888_src7|gaia_774289041901756032_src4|gaia_774290626745586944_src8,"HD_103187,src1,src7,src4,src8"
V0399 named,5,107,64,1.4013603319474448,1.6661503729906892,1.533755352469067,HD_103187|gaia_774272862760870784_src1|gaia_774289041901756032_src4|gaia_774289488578357504_src6|gaia_774290626745586944_src8,"HD_103187,src1,src4,src6,src8"
V0399 named,5,107,64,1.4013603319474448,1.6661503729906892,1.533755352469067,HD_103187|gaia_774288805679445888_src7|gaia_774289041901756032_src4|gaia_774289488578357504_src6|gaia_774384016513181696_src3,"HD_103187,src7,src4,src6,src3"
V0399 named,5,107,64,1.4013603319474448,1.6661503729906892,1.533755352469067,HD_103187|gaia_774288805679445888_src7|gaia_774289041901756032_src4|gaia_774290626745586944_src8|gaia_774384016513181696_src3,"HD_103187,src7,src4,src8,src3"
V0399 named,5,107,64,1.4013603319474448,1.6661503729906892,1.533755352469067,HD_103187|gaia_774289041901756032_src4|gaia_774289488578357504_src6|gaia_774290626745586944_src8|gaia_774384016513181696_src3,"HD_103187,src4,src6,src8,src3"
V0399 named,5,107,64,1.4013603319474448,1.6661503729906892,1.533755352469067,HD_103405|TYC_3452_787_1|gaia_774288805679445888_src7|gaia_774289041901756032_src4|gaia_774289488578357504_src6,"HD_103405,TYC_3452_787_1,src7,src4,src6"
V0399 named,5,107,64,1.4013603319474448,1.6661503729906892,1.533755352469067,HD_103405|TYC_3452_787_1|gaia_774288805679445888_src7|gaia_774289041901756032_src4|gaia_774290626745586944_src8,"HD_103405,TYC_3452_787_1,src7,src4,src8"
V0399 named,5,107,64,1.4013603319474448,1.6661503729906892,1.533755352469067,HD_103405|TYC_3452_787_1|gaia_774289041901756032_src4|gaia_774289488578357504_src6|gaia_774290626745586944_src8,"HD_103405,TYC_3452_787_1,src4,src6,src8"
V0399 named,5,107,64,1.4013603319474448,1.6661503729906892,1.533755352469067,HD_103405|gaia_774271076054448768_src2|gaia_774288805679445888_src7|gaia_774289041901756032_src4|gaia_774289488578357504_src6,"HD_103405,src2,src7,src4,src6"
V0399 named,5,107,64,1.4013603319474448,1.6661503729906892,1.533755352469067,HD_103405|gaia_774271076054448768_src2|gaia_774288805679445888_src7|gaia_774289041901756032_src4|gaia_774290626745586944_src8,"HD_103405,src2,src7,src4,src8"
V0399 named,5,107,64,1.4013603319474448,1.6661503729906892,1.533755352469067,HD_103405|gaia_774271076054448768_src2|gaia_774289041901756032_src4|gaia_774289488578357504_src6|gaia_774290626745586944_src8,"HD_103405,src2,src4,src6,src8"
V0399 named,5,107,64,1.4013603319474448,1.6661503729906892,1.533755352469067,HD_103405|gaia_774272862760870784_src1|gaia_774288805679445888_src7|gaia_774289041901756032_src4|gaia_774289488578357504_src6,"HD_103405,src1,src7,src4,src6"
V0399 named,5,107,64,1.4013603319474448,1.6661503729906892,1.533755352469067,HD_103405|gaia_774272862760870784_src1|gaia_774288805679445888_src7|gaia_774289041901756032_src4|gaia_774290626745586944_src8,"HD_103405,src1,src7,src4,src8"
V0399 named,5,107,64,1.4013603319474448,1.6661503729906892,1.533755352469067,HD_103405|gaia_774272862760870784_src1|gaia_774289041901756032_src4|gaia_774289488578357504_src6|gaia_774290626745586944_src8,"HD_103405,src1,src4,src6,src8"
V0399 named,5,107,64,1.4013603319474448,1.6661503729906892,1.533755352469067,HD_103405|gaia_774288805679445888_src7|gaia_774289041901756032_src4|gaia_774289488578357504_src6|gaia_774384016513181696_src3,"HD_103405,src7,src4,src6,src3"
V0399 named,5,107,64,1.4013603319474448,1.6661503729906892,1.533755352469067,HD_103405|gaia_774288805679445888_src7|gaia_774289041901756032_src4|gaia_774290626745586944_src8|gaia_774384016513181696_src3,"HD_103405,src7,src4,src8,src3"
V0399 named,5,107,64,1.4013603319474448,1.6661503729906892,1.533755352469067,HD_103405|gaia_774289041901756032_src4|gaia_774289488578357504_src6|gaia_774290626745586944_src8|gaia_774384016513181696_src3,"HD_103405,src4,src6,src8,src3"
V0399 named,5,107,64,1.4013603319474448,1.6661503729906892,1.533755352469067,TYC_3452_787_1|gaia_774271076054448768_src2|gaia_774288805679445888_src7|gaia_774289041901756032_src4|gaia_774289488578357504_src6,"TYC_3452_787_1,src2,src7,src4,src6"
V0399 named,5,107,64,1.4013603319474448,1.6661503729906892,1.533755352469067,TYC_3452_787_1|gaia_774271076054448768_src2|gaia_774288805679445888_src7|gaia_774289041901756032_src4|gaia_774290626745586944_src8,"TYC_3452_787_1,src2,src7,src4,src8"
V0399 named,5,107,64,1.4013603319474448,1.6661503729906892,1.533755352469067,TYC_3452_787_1|gaia_774271076054448768_src2|gaia_774289041901756032_src4|gaia_774289488578357504_src6|gaia_774290626745586944_src8,"TYC_3452_787_1,src2,src4,src6,src8"
V0399 named,5,107,64,1.4013603319474448,1.6661503729906892,1.533755352469067,TYC_3452_787_1|gaia_774272862760870784_src1|gaia_774288805679445888_src7|gaia_774289041901756032_src4|gaia_774289488578357504_src6,"TYC_3452_787_1,src1,src7,src4,src6"
V0399 named,5,107,64,1.4013603319474448,1.6661503729906892,1.533755352469067,TYC_3452_787_1|gaia_774272862760870784_src1|gaia_774288805679445888_src7|gaia_774289041901756032_src4|gaia_774290626745586944_src8,"TYC_3452_787_1,src1,src7,src4,src8"
V0399 named,5,107,64,1.4013603319474448,1.6661503729906892,1.533755352469067,TYC_3452_787_1|gaia_774272862760870784_src1|gaia_774289041901756032_src4|gaia_774289488578357504_src6|gaia_774290626745586944_src8,"TYC_3452_787_1,src1,src4,src6,src8"
V0399 named,5,107,64,1.4013603319474448,1.6661503729906892,1.533755352469067,TYC_3452_787_1|gaia_774288805679445888_src7|gaia_774289041901756032_src4|gaia_774289488578357504_src6|gaia_774384016513181696_src3,"TYC_3452_787_1,src7,src4,src6,src3"
V0399 named,5,107,64,1.4013603319474448,1.6661503729906892,1.533755352469067,TYC_3452_787_1|gaia_774288805679445888_src7|gaia_774289041901756032_src4|gaia_774290626745586944_src8|gaia_774384016513181696_src3,"TYC_3452_787_1,src7,src4,src8,src3"
V0399 named,5,107,64,1.4013603319474448,1.6661503729906892,1.533755352469067,TYC_3452_787_1|gaia_774289041901756032_src4|gaia_774289488578357504_src6|gaia_774290626745586944_src8|gaia_774384016513181696_src3,"TYC_3452_787_1,src4,src6,src8,src3"
V0399 named,5,107,64,1.4013603319474448,1.6661503729906892,1.533755352469067,gaia_774271076054448768_src2|gaia_774272862760870784_src1|gaia_774288805679445888_src7|gaia_774289041901756032_src4|gaia_774289488578357504_src6,"src2,src1,src7,src4,src6"
V0399 named,5,107,64,1.4013603319474448,1.6661503729906892,1.533755352469067,gaia_774271076054448768_src2|gaia_774272862760870784_src1|gaia_774288805679445888_src7|gaia_774289041901756032_src4|gaia_774290626745586944_src8,"src2,src1,src7,src4,src8"
V0399 named,5,107,64,1.4013603319474448,1.6661503729906892,1.533755352469067,gaia_774271076054448768_src2|gaia_774272862760870784_src1|gaia_774289041901756032_src4|gaia_774289488578357504_src6|gaia_774290626745586944_src8,"src2,src1,src4,src6,src8"
V0399 named,5,107,64,1.4013603319474448,1.6661503729906892,1.533755352469067,gaia_774271076054448768_src2|gaia_774288805679445888_src7|gaia_774289041901756032_src4|gaia_774289488578357504_src6|gaia_774384016513181696_src3,"src2,src7,src4,src6,src3"
V0399 named,5,107,64,1.4013603319474448,1.6661503729906892,1.533755352469067,gaia_774271076054448768_src2|gaia_774288805679445888_src7|gaia_774289041901756032_src4|gaia_774290626745586944_src8|gaia_774384016513181696_src3,"src2,src7,src4,src8,src3"
V0399 named,5,107,64,1.4013603319474448,1.6661503729906892,1.533755352469067,gaia_774271076054448768_src2|gaia_774289041901756032_src4|gaia_774289488578357504_src6|gaia_774290626745586944_src8|gaia_774384016513181696_src3,"src2,src4,src6,src8,src3"
V0399 named,5,107,64,1.4013603319474448,1.6661503729906892,1.533755352469067,gaia_774272862760870784_src1|gaia_774288805679445888_src7|gaia_774289041901756032_src4|gaia_774289488578357504_src6|gaia_774384016513181696_src3,"src1,src7,src4,src6,src3"
V0399 named,5,107,64,1.4013603319474448,1.6661503729906892,1.533755352469067,gaia_774272862760870784_src1|gaia_774288805679445888_src7|gaia_774289041901756032_src4|gaia_774290626745586944_src8|gaia_774384016513181696_src3,"src1,src7,src4,src8,src3"
V0399 named,5,107,64,1.4013603319474448,1.6661503729906892,1.533755352469067,gaia_774272862760870784_src1|gaia_774289041901756032_src4|gaia_774289488578357504_src6|gaia_774290626745586944_src8|gaia_774384016513181696_src3,"src1,src4,src6,src8,src3"
V0399 named,7,107,64,1.4013603319474448,1.6661503729906892,1.533755352469067,HD_103187|HD_103405|TYC_3452_787_1|gaia_774288805679445888_src7|gaia_774289041901756032_src4|gaia_774289488578357504_src6|gaia_774290626745586944_src8,"HD_103187,HD_103405,TYC_3452_787_1,src7,src4,src6,src8"
V0399 named,7,107,64,1.4013603319474448,1.6661503729906892,1.533755352469067,HD_103187|HD_103405|gaia_774271076054448768_src2|gaia_774288805679445888_src7|gaia_774289041901756032_src4|gaia_774289488578357504_src6|gaia_774290626745586944_src8,"HD_103187,HD_103405,src2,src7,src4,src6,src8"
V0399 named,7,107,64,1.4013603319474448,1.6661503729906892,1.533755352469067,HD_103187|HD_103405|gaia_774272862760870784_src1|gaia_774288805679445888_src7|gaia_774289041901756032_src4|gaia_774289488578357504_src6|gaia_774290626745586944_src8,"HD_103187,HD_103405,src1,src7,src4,src6,src8"
V0399 named,7,107,64,1.4013603319474448,1.6661503729906892,1.533755352469067,HD_103187|HD_103405|gaia_774288805679445888_src7|gaia_774289041901756032_src4|gaia_774289488578357504_src6|gaia_774290626745586944_src8|gaia_774384016513181696_src3,"HD_103187,HD_103405,src7,src4,src6,src8,src3"
V0399 named,7,107,64,1.4013603319474448,1.6661503729906892,1.533755352469067,HD_103187|TYC_3452_787_1|gaia_774271076054448768_src2|gaia_774288805679445888_src7|gaia_774289041901756032_src4|gaia_774289488578357504_src6|gaia_774290626745586944_src8,"HD_103187,TYC_3452_787_1,src2,src7,src4,src6,src8"
V0399 named,7,107,64,1.4013603319474448,1.6661503729906892,1.533755352469067,HD_103187|TYC_3452_787_1|gaia_774272862760870784_src1|gaia_774288805679445888_src7|gaia_774289041901756032_src4|gaia_774289488578357504_src6|gaia_774290626745586944_src8,"HD_103187,TYC_3452_787_1,src1,src7,src4,src6,src8"
V0399 named,7,107,64,1.4013603319474448,1.6661503729906892,1.533755352469067,HD_103187|TYC_3452_787_1|gaia_774288805679445888_src7|gaia_774289041901756032_src4|gaia_774289488578357504_src6|gaia_774290626745586944_src8|gaia_774384016513181696_src3,"HD_103187,TYC_3452_787_1,src7,src4,src6,src8,src3"
V0399 named,7,107,64,1.4013603319474448,1.6661503729906892,1.533755352469067,HD_103187|gaia_774271076054448768_src2|gaia_774272862760870784_src1|gaia_774288805679445888_src7|gaia_774289041901756032_src4|gaia_774289488578357504_src6|gaia_774290626745586944_src8,"HD_103187,src2,src1,src7,src4,src6,src8"
V0399 named,7,107,64,1.4013603319474448,1.6661503729906892,1.533755352469067,HD_103187|gaia_774271076054448768_src2|gaia_774288805679445888_src7|gaia_774289041901756032_src4|gaia_774289488578357504_src6|gaia_774290626745586944_src8|gaia_774384016513181696_src3,"HD_103187,src2,src7,src4,src6,src8,src3"
V0399 named,7,107,64,1.4013603319474448,1.6661503729906892,1.533755352469067,HD_103187|gaia_774272862760870784_src1|gaia_774288805679445888_src7|gaia_774289041901756032_src4|gaia_774289488578357504_src6|gaia_774290626745586944_src8|gaia_774384016513181696_src3,"HD_103187,src1,src7,src4,src6,src8,src3"
V0399 named,7,107,64,1.4013603319474448,1.6661503729906892,1.533755352469067,HD_103405|TYC_3452_787_1|gaia_774271076054448768_src2|gaia_774288805679445888_src7|gaia_774289041901756032_src4|gaia_774289488578357504_src6|gaia_774290626745586944_src8,"HD_103405,TYC_3452_787_1,src2,src7,src4,src6,src8"
V0399 named,7,107,64,1.4013603319474448,1.6661503729906892,1.533755352469067,HD_103405|TYC_3452_787_1|gaia_774272862760870784_src1|gaia_774288805679445888_src7|gaia_774289041901756032_src4|gaia_774289488578357504_src6|gaia_774290626745586944_src8,"HD_103405,TYC_3452_787_1,src1,src7,src4,src6,src8"
V0399 named,7,107,64,1.4013603319474448,1.6661503729906892,1.533755352469067,HD_103405|TYC_3452_787_1|gaia_774288805679445888_src7|gaia_774289041901756032_src4|gaia_774289488578357504_src6|gaia_774290626745586944_src8|gaia_774384016513181696_src3,"HD_103405,TYC_3452_787_1,src7,src4,src6,src8,src3"
V0399 named,7,107,64,1.4013603319474448,1.6661503729906892,1.533755352469067,HD_103405|gaia_774271076054448768_src2|gaia_774272862760870784_src1|gaia_774288805679445888_src7|gaia_774289041901756032_src4|gaia_774289488578357504_src6|gaia_774290626745586944_src8,"HD_103405,src2,src1,src7,src4,src6,src8"
V0399 named,7,107,64,1.4013603319474448,1.6661503729906892,1.533755352469067,HD_103405|gaia_774271076054448768_src2|gaia_774288805679445888_src7|gaia_774289041901756032_src4|gaia_774289488578357504_src6|gaia_774290626745586944_src8|gaia_774384016513181696_src3,"HD_103405,src2,src7,src4,src6,src8,src3"
V0399 named,7,107,64,1.4013603319474448,1.6661503729906892,1.533755352469067,HD_103405|gaia_774272862760870784_src1|gaia_774288805679445888_src7|gaia_774289041901756032_src4|gaia_774289488578357504_src6|gaia_774290626745586944_src8|gaia_774384016513181696_src3,"HD_103405,src1,src7,src4,src6,src8,src3"
V0399 named,7,107,64,1.4013603319474448,1.6661503729906892,1.533755352469067,TYC_3452_787_1|gaia_774271076054448768_src2|gaia_774272862760870784_src1|gaia_774288805679445888_src7|gaia_774289041901756032_src4|gaia_774289488578357504_src6|gaia_774290626745586944_src8,"TYC_3452_787_1,src2,src1,src7,src4,src6,src8"
V0399 named,7,107,64,1.4013603319474448,1.6661503729906892,1.533755352469067,TYC_3452_787_1|gaia_774271076054448768_src2|gaia_774288805679445888_src7|gaia_774289041901756032_src4|gaia_774289488578357504_src6|gaia_774290626745586944_src8|gaia_774384016513181696_src3,"TYC_3452_787_1,src2,src7,src4,src6,src8,src3"
V0399 named,7,107,64,1.4013603319474448,1.6661503729906892,1.533755352469067,TYC_3452_787_1|gaia_774272862760870784_src1|gaia_774288805679445888_src7|gaia_774289041901756032_src4|gaia_774289488578357504_src6|gaia_774290626745586944_src8|gaia_774384016513181696_src3,"TYC_3452_787_1,src1,src7,src4,src6,src8,src3"
V0399 named,7,107,64,1.4013603319474448,1.6661503729906892,1.533755352469067,gaia_774271076054448768_src2|gaia_774272862760870784_src1|gaia_774288805679445888_src7|gaia_774289041901756032_src4|gaia_774289488578357504_src6|gaia_774290626745586944_src8|gaia_774384016513181696_src3,"src2,src1,src7,src4,src6,src8,src3"
V0399 named,4,107,64,1.287646725274375,1.785757540279082,1.5367021327767285,HD_103187|HD_103405|gaia_774287774887292672_src5|gaia_774384016513181696_src3,"HD_103187,HD_103405,src5,src3"
V0399 named,4,107,64,1.287646725274375,1.785757540279082,1.5367021327767285,HD_103187|HD_103405|gaia_774288805679445888_src7|gaia_774384016513181696_src3,"HD_103187,HD_103405,src7,src3"
V0399 named,4,107,64,1.287646725274375,1.785757540279082,1.5367021327767285,HD_103187|HD_103405|gaia_774289041901756032_src4|gaia_774384016513181696_src3,"HD_103187,HD_103405,src4,src3"
V0399 named,4,107,64,1.287646725274375,1.785757540279082,1.5367021327767285,HD_103187|HD_103405|gaia_774289488578357504_src6|gaia_774384016513181696_src3,"HD_103187,HD_103405,src6,src3"
V0399 named,4,107,64,1.287646725274375,1.785757540279082,1.5367021327767285,HD_103187|HD_103405|gaia_774290626745586944_src8|gaia_774384016513181696_src3,"HD_103187,HD_103405,src8,src3"
V0399 named,4,107,64,1.287646725274375,1.785757540279082,1.5367021327767285,HD_103405|TYC_3452_787_1|gaia_774287774887292672_src5|gaia_774384016513181696_src3,"HD_103405,TYC_3452_787_1,src5,src3"
V0399 named,4,107,64,1.287646725274375,1.785757540279082,1.5367021327767285,HD_103405|TYC_3452_787_1|gaia_774288805679445888_src7|gaia_774384016513181696_src3,"HD_103405,TYC_3452_787_1,src7,src3"
V0399 named,4,107,64,1.287646725274375,1.785757540279082,1.5367021327767285,HD_103405|TYC_3452_787_1|gaia_774289041901756032_src4|gaia_774384016513181696_src3,"HD_103405,TYC_3452_787_1,src4,src3"
V0399 named,4,107,64,1.287646725274375,1.785757540279082,1.5367021327767285,HD_103405|TYC_3452_787_1|gaia_774289488578357504_src6|gaia_774384016513181696_src3,"HD_103405,TYC_3452_787_1,src6,src3"
V0399 named,4,107,64,1.287646725274375,1.785757540279082,1.5367021327767285,HD_103405|TYC_3452_787_1|gaia_774290626745586944_src8|gaia_774384016513181696_src3,"HD_103405,TYC_3452_787_1,src8,src3"
V0399 named,6,107,64,1.287646725274375,1.785757540279082,1.5367021327767285,HD_103187|HD_103405|TYC_3452_787_1|gaia_774287774887292672_src5|gaia_774288805679445888_src7|gaia_774384016513181696_src3,"HD_103187,HD_103405,TYC_3452_787_1,src5,src7,src3"
V0399 named,6,107,64,1.287646725274375,1.785757540279082,1.5367021327767285,HD_103187|HD_103405|TYC_3452_787_1|gaia_774287774887292672_src5|gaia_774289041901756032_src4|gaia_774384016513181696_src3,"HD_103187,HD_103405,TYC_3452_787_1,src5,src4,src3"
V0399 named,6,107,64,1.287646725274375,1.785757540279082,1.5367021327767285,HD_103187|HD_103405|TYC_3452_787_1|gaia_774287774887292672_src5|gaia_774289488578357504_src6|gaia_774384016513181696_src3,"HD_103187,HD_103405,TYC_3452_787_1,src5,src6,src3"
V0399 named,6,107,64,1.287646725274375,1.785757540279082,1.5367021327767285,HD_103187|HD_103405|TYC_3452_787_1|gaia_774287774887292672_src5|gaia_774290626745586944_src8|gaia_774384016513181696_src3,"HD_103187,HD_103405,TYC_3452_787_1,src5,src8,src3"
V0399 named,6,107,64,1.287646725274375,1.785757540279082,1.5367021327767285,HD_103187|HD_103405|TYC_3452_787_1|gaia_774288805679445888_src7|gaia_774289041901756032_src4|gaia_774384016513181696_src3,"HD_103187,HD_103405,TYC_3452_787_1,src7,src4,src3"
V0399 named,6,107,64,1.287646725274375,1.785757540279082,1.5367021327767285,HD_103187|HD_103405|TYC_3452_787_1|gaia_774288805679445888_src7|gaia_774289488578357504_src6|gaia_774384016513181696_src3,"HD_103187,HD_103405,TYC_3452_787_1,src7,src6,src3"
V0399 named,6,107,64,1.287646725274375,1.785757540279082,1.5367021327767285,HD_103187|HD_103405|TYC_3452_787_1|gaia_774288805679445888_src7|gaia_774290626745586944_src8|gaia_774384016513181696_src3,"HD_103187,HD_103405,TYC_3452_787_1,src7,src8,src3"
V0399 named,6,107,64,1.287646725274375,1.785757540279082,1.5367021327767285,HD_103187|HD_103405|TYC_3452_787_1|gaia_774289041901756032_src4|gaia_774289488578357504_src6|gaia_774384016513181696_src3,"HD_103187,HD_103405,TYC_3452_787_1,src4,src6,src3"
V0399 named,6,107,64,1.287646725274375,1.785757540279082,1.5367021327767285,HD_103187|HD_103405|TYC_3452_787_1|gaia_774289041901756032_src4|gaia_774290626745586944_src8|gaia_774384016513181696_src3,"HD_103187,HD_103405,TYC_3452_787_1,src4,src8,src3"
V0399 named,6,107,64,1.287646725274375,1.785757540279082,1.5367021327767285,HD_103187|HD_103405|TYC_3452_787_1|gaia_774289488578357504_src6|gaia_774290626745586944_src8|gaia_774384016513181696_src3,"HD_103187,HD_103405,TYC_3452_787_1,src6,src8,src3"
V0399 named,4,107,64,1.7047583441561729,1.3871036342881309,1.545930989222152,HD_103187|gaia_774287774887292672_src5|gaia_774288805679445888_src7|gaia_774290626745586944_src8,"HD_103187,src5,src7,src8"
V0399 named,4,107,64,1.7047583441561729,1.3871036342881309,1.545930989222152,HD_103405|gaia_774287774887292672_src5|gaia_774288805679445888_src7|gaia_774290626745586944_src8,"HD_103405,src5,src7,src8"
V0399 named,4,107,64,1.7047583441561729,1.3871036342881309,1.545930989222152,TYC_3452_787_1|gaia_774287774887292672_src5|gaia_774288805679445888_src7|gaia_774290626745586944_src8,"TYC_3452_787_1,src5,src7,src8"
V0399 named,4,107,64,1.7047583441561729,1.3871036342881309,1.545930989222152,gaia_774271076054448768_src2|gaia_774287774887292672_src5|gaia_774288805679445888_src7|gaia_774290626745586944_src8,"src2,src5,src7,src8"
V0399 named,4,107,64,1.7047583441561729,1.3871036342881309,1.545930989222152,gaia_774272862760870784_src1|gaia_774287774887292672_src5|gaia_774288805679445888_src7|gaia_774290626745586944_src8,"src1,src5,src7,src8"
V0399 named,4,107,64,1.7047583441561729,1.3871036342881309,1.545930989222152,gaia_774287774887292672_src5|gaia_774288805679445888_src7|gaia_774290626745586944_src8|gaia_774384016513181696_src3,"src5,src7,src8,src3"
V0399 named,4,107,64,1.5891159701138444,1.508094968624225,1.5486054693690348,HD_103187|gaia_774288805679445888_src7|gaia_774289041901756032_src4|gaia_774384016513181696_src3,"HD_103187,src7,src4,src3"
V0399 named,4,107,64,1.5891159701138444,1.508094968624225,1.5486054693690348,HD_103187|gaia_774289041901756032_src4|gaia_774289488578357504_src6|gaia_774384016513181696_src3,"HD_103187,src4,src6,src3"
V0399 named,4,107,64,1.5891159701138444,1.508094968624225,1.5486054693690348,HD_103187|gaia_774289041901756032_src4|gaia_774290626745586944_src8|gaia_774384016513181696_src3,"HD_103187,src4,src8,src3"
V0399 named,4,107,64,1.5891159701138444,1.508094968624225,1.5486054693690348,HD_103405|gaia_774288805679445888_src7|gaia_774289041901756032_src4|gaia_774384016513181696_src3,"HD_103405,src7,src4,src3"
V0399 named,4,107,64,1.5891159701138444,1.508094968624225,1.5486054693690348,HD_103405|gaia_774289041901756032_src4|gaia_774289488578357504_src6|gaia_774384016513181696_src3,"HD_103405,src4,src6,src3"
V0399 named,4,107,64,1.5891159701138444,1.508094968624225,1.5486054693690348,HD_103405|gaia_774289041901756032_src4|gaia_774290626745586944_src8|gaia_774384016513181696_src3,"HD_103405,src4,src8,src3"
V0399 named,4,107,64,1.5891159701138444,1.508094968624225,1.5486054693690348,TYC_3452_787_1|gaia_774288805679445888_src7|gaia_774289041901756032_src4|gaia_774384016513181696_src3,"TYC_3452_787_1,src7,src4,src3"
V0399 named,4,107,64,1.5891159701138444,1.508094968624225,1.5486054693690348,TYC_3452_787_1|gaia_774289041901756032_src4|gaia_774289488578357504_src6|gaia_774384016513181696_src3,"TYC_3452_787_1,src4,src6,src3"
V0399 named,4,107,64,1.5891159701138444,1.508094968624225,1.5486054693690348,TYC_3452_787_1|gaia_774289041901756032_src4|gaia_774290626745586944_src8|gaia_774384016513181696_src3,"TYC_3452_787_1,src4,src8,src3"
V0399 named,4,107,64,1.5891159701138444,1.508094968624225,1.5486054693690348,gaia_774271076054448768_src2|gaia_774288805679445888_src7|gaia_774289041901756032_src4|gaia_774384016513181696_src3,"src2,src7,src4,src3"
V0399 named,4,107,64,1.5891159701138444,1.508094968624225,1.5486054693690348,gaia_774271076054448768_src2|gaia_774289041901756032_src4|gaia_774289488578357504_src6|gaia_774384016513181696_src3,"src2,src4,src6,src3"
V0399 named,4,107,64,1.5891159701138444,1.508094968624225,1.5486054693690348,gaia_774271076054448768_src2|gaia_774289041901756032_src4|gaia_774290626745586944_src8|gaia_774384016513181696_src3,"src2,src4,src8,src3"
V0399 named,4,107,64,1.5891159701138444,1.508094968624225,1.5486054693690348,gaia_774272862760870784_src1|gaia_774288805679445888_src7|gaia_774289041901756032_src4|gaia_774384016513181696_src3,"src1,src7,src4,src3"
V0399 named,4,107,64,1.5891159701138444,1.508094968624225,1.5486054693690348,gaia_774272862760870784_src1|gaia_774289041901756032_src4|gaia_774289488578357504_src6|gaia_774384016513181696_src3,"src1,src4,src6,src3"
V0399 named,4,107,64,1.5891159701138444,1.508094968624225,1.5486054693690348,gaia_774272862760870784_src1|gaia_774289041901756032_src4|gaia_774290626745586944_src8|gaia_774384016513181696_src3,"src1,src4,src8,src3"
V0399 named,6,107,64,1.5891159701138444,1.508094968624225,1.5486054693690348,HD_103187|HD_103405|gaia_774288805679445888_src7|gaia_774289041901756032_src4|gaia_774289488578357504_src6|gaia_774384016513181696_src3,"HD_103187,HD_103405,src7,src4,src6,src3"
V0399 named,6,107,64,1.5891159701138444,1.508094968624225,1.5486054693690348,HD_103187|HD_103405|gaia_774288805679445888_src7|gaia_774289041901756032_src4|gaia_774290626745586944_src8|gaia_774384016513181696_src3,"HD_103187,HD_103405,src7,src4,src8,src3"
V0399 named,6,107,64,1.5891159701138444,1.508094968624225,1.5486054693690348,HD_103187|HD_103405|gaia_774289041901756032_src4|gaia_774289488578357504_src6|gaia_774290626745586944_src8|gaia_774384016513181696_src3,"HD_103187,HD_103405,src4,src6,src8,src3"
V0399 named,6,107,64,1.5891159701138444,1.508094968624225,1.5486054693690348,HD_103187|TYC_3452_787_1|gaia_774288805679445888_src7|gaia_774289041901756032_src4|gaia_774289488578357504_src6|gaia_774384016513181696_src3,"HD_103187,TYC_3452_787_1,src7,src4,src6,src3"
V0399 named,6,107,64,1.5891159701138444,1.508094968624225,1.5486054693690348,HD_103187|TYC_3452_787_1|gaia_774288805679445888_src7|gaia_774289041901756032_src4|gaia_774290626745586944_src8|gaia_774384016513181696_src3,"HD_103187,TYC_3452_787_1,src7,src4,src8,src3"
V0399 named,6,107,64,1.5891159701138444,1.508094968624225,1.5486054693690348,HD_103187|TYC_3452_787_1|gaia_774289041901756032_src4|gaia_774289488578357504_src6|gaia_774290626745586944_src8|gaia_774384016513181696_src3,"HD_103187,TYC_3452_787_1,src4,src6,src8,src3"
V0399 named,6,107,64,1.5891159701138444,1.508094968624225,1.5486054693690348,HD_103187|gaia_774271076054448768_src2|gaia_774288805679445888_src7|gaia_774289041901756032_src4|gaia_774289488578357504_src6|gaia_774384016513181696_src3,"HD_103187,src2,src7,src4,src6,src3"
V0399 named,6,107,64,1.5891159701138444,1.508094968624225,1.5486054693690348,HD_103187|gaia_774271076054448768_src2|gaia_774288805679445888_src7|gaia_774289041901756032_src4|gaia_774290626745586944_src8|gaia_774384016513181696_src3,"HD_103187,src2,src7,src4,src8,src3"
V0399 named,6,107,64,1.5891159701138444,1.508094968624225,1.5486054693690348,HD_103187|gaia_774271076054448768_src2|gaia_774289041901756032_src4|gaia_774289488578357504_src6|gaia_774290626745586944_src8|gaia_774384016513181696_src3,"HD_103187,src2,src4,src6,src8,src3"
V0399 named,6,107,64,1.5891159701138444,1.508094968624225,1.5486054693690348,HD_103187|gaia_774272862760870784_src1|gaia_774288805679445888_src7|gaia_774289041901756032_src4|gaia_774289488578357504_src6|gaia_774384016513181696_src3,"HD_103187,src1,src7,src4,src6,src3"
V0399 named,6,107,64,1.5891159701138444,1.508094968624225,1.5486054693690348,HD_103187|gaia_774272862760870784_src1|gaia_774288805679445888_src7|gaia_774289041901756032_src4|gaia_774290626745586944_src8|gaia_774384016513181696_src3,"HD_103187,src1,src7,src4,src8,src3"
V0399 named,6,107,64,1.5891159701138444,1.508094968624225,1.5486054693690348,HD_103187|gaia_774272862760870784_src1|gaia_774289041901756032_src4|gaia_774289488578357504_src6|gaia_774290626745586944_src8|gaia_774384016513181696_src3,"HD_103187,src1,src4,src6,src8,src3"
V0399 named,6,107,64,1.5891159701138444,1.508094968624225,1.5486054693690348,HD_103405|TYC_3452_787_1|gaia_774288805679445888_src7|gaia_774289041901756032_src4|gaia_774289488578357504_src6|gaia_774384016513181696_src3,"HD_103405,TYC_3452_787_1,src7,src4,src6,src3"
V0399 named,6,107,64,1.5891159701138444,1.508094968624225,1.5486054693690348,HD_103405|TYC_3452_787_1|gaia_774288805679445888_src7|gaia_774289041901756032_src4|gaia_774290626745586944_src8|gaia_774384016513181696_src3,"HD_103405,TYC_3452_787_1,src7,src4,src8,src3"
V0399 named,6,107,64,1.5891159701138444,1.508094968624225,1.5486054693690348,HD_103405|TYC_3452_787_1|gaia_774289041901756032_src4|gaia_774289488578357504_src6|gaia_774290626745586944_src8|gaia_774384016513181696_src3,"HD_103405,TYC_3452_787_1,src4,src6,src8,src3"
V0399 named,6,107,64,1.5891159701138444,1.508094968624225,1.5486054693690348,HD_103405|gaia_774271076054448768_src2|gaia_774288805679445888_src7|gaia_774289041901756032_src4|gaia_774289488578357504_src6|gaia_774384016513181696_src3,"HD_103405,src2,src7,src4,src6,src3"
V0399 named,6,107,64,1.5891159701138444,1.508094968624225,1.5486054693690348,HD_103405|gaia_774271076054448768_src2|gaia_774288805679445888_src7|gaia_774289041901756032_src4|gaia_774290626745586944_src8|gaia_774384016513181696_src3,"HD_103405,src2,src7,src4,src8,src3"
V0399 named,6,107,64,1.5891159701138444,1.508094968624225,1.5486054693690348,HD_103405|gaia_774271076054448768_src2|gaia_774289041901756032_src4|gaia_774289488578357504_src6|gaia_774290626745586944_src8|gaia_774384016513181696_src3,"HD_103405,src2,src4,src6,src8,src3"
V0399 named,6,107,64,1.5891159701138444,1.508094968624225,1.5486054693690348,HD_103405|gaia_774272862760870784_src1|gaia_774288805679445888_src7|gaia_774289041901756032_src4|gaia_774289488578357504_src6|gaia_774384016513181696_src3,"HD_103405,src1,src7,src4,src6,src3"
V0399 named,6,107,64,1.5891159701138444,1.508094968624225,1.5486054693690348,HD_103405|gaia_774272862760870784_src1|gaia_774288805679445888_src7|gaia_774289041901756032_src4|gaia_774290626745586944_src8|gaia_774384016513181696_src3,"HD_103405,src1,src7,src4,src8,src3"
V0399 named,6,107,64,1.5891159701138444,1.508094968624225,1.5486054693690348,HD_103405|gaia_774272862760870784_src1|gaia_774289041901756032_src4|gaia_774289488578357504_src6|gaia_774290626745586944_src8|gaia_774384016513181696_src3,"HD_103405,src1,src4,src6,src8,src3"
V0399 named,6,107,64,1.5891159701138444,1.508094968624225,1.5486054693690348,TYC_3452_787_1|gaia_774271076054448768_src2|gaia_774288805679445888_src7|gaia_774289041901756032_src4|gaia_774289488578357504_src6|gaia_774384016513181696_src3,"TYC_3452_787_1,src2,src7,src4,src6,src3"
V0399 named,6,107,64,1.5891159701138444,1.508094968624225,1.5486054693690348,TYC_3452_787_1|gaia_774271076054448768_src2|gaia_774288805679445888_src7|gaia_774289041901756032_src4|gaia_774290626745586944_src8|gaia_774384016513181696_src3,"TYC_3452_787_1,src2,src7,src4,src8,src3"
V0399 named,6,107,64,1.5891159701138444,1.508094968624225,1.5486054693690348,TYC_3452_787_1|gaia_774271076054448768_src2|gaia_774289041901756032_src4|gaia_774289488578357504_src6|gaia_774290626745586944_src8|gaia_774384016513181696_src3,"TYC_3452_787_1,src2,src4,src6,src8,src3"
V0399 named,6,107,64,1.5891159701138444,1.508094968624225,1.5486054693690348,TYC_3452_787_1|gaia_774272862760870784_src1|gaia_774288805679445888_src7|gaia_774289041901756032_src4|gaia_774289488578357504_src6|gaia_774384016513181696_src3,"TYC_3452_787_1,src1,src7,src4,src6,src3"
V0399 named,6,107,64,1.5891159701138444,1.508094968624225,1.5486054693690348,TYC_3452_787_1|gaia_774272862760870784_src1|gaia_774288805679445888_src7|gaia_774289041901756032_src4|gaia_774290626745586944_src8|gaia_774384016513181696_src3,"TYC_3452_787_1,src1,src7,src4,src8,src3"
V0399 named,6,107,64,1.5891159701138444,1.508094968624225,1.5486054693690348,TYC_3452_787_1|gaia_774272862760870784_src1|gaia_774289041901756032_src4|gaia_774289488578357504_src6|gaia_774290626745586944_src8|gaia_774384016513181696_src3,"TYC_3452_787_1,src1,src4,src6,src8,src3"
V0399 named,6,107,64,1.5891159701138444,1.508094968624225,1.5486054693690348,gaia_774271076054448768_src2|gaia_774272862760870784_src1|gaia_774288805679445888_src7|gaia_774289041901756032_src4|gaia_774289488578357504_src6|gaia_774384016513181696_src3,"src2,src1,src7,src4,src6,src3"
V0399 named,6,107,64,1.5891159701138444,1.508094968624225,1.5486054693690348,gaia_774271076054448768_src2|gaia_774272862760870784_src1|gaia_774288805679445888_src7|gaia_774289041901756032_src4|gaia_774290626745586944_src8|gaia_774384016513181696_src3,"src2,src1,src7,src4,src8,src3"
V0399 named,6,107,64,1.5891159701138444,1.508094968624225,1.5486054693690348,gaia_774271076054448768_src2|gaia_774272862760870784_src1|gaia_774289041901756032_src4|gaia_774289488578357504_src6|gaia_774290626745586944_src8|gaia_774384016513181696_src3,"src2,src1,src4,src6,src8,src3"
V0399 named,8,107,64,1.5891159701138444,1.508094968624225,1.5486054693690348,HD_103187|HD_103405|TYC_3452_787_1|gaia_774288805679445888_src7|gaia_774289041901756032_src4|gaia_774289488578357504_src6|gaia_774290626745586944_src8|gaia_774384016513181696_src3,"HD_103187,HD_103405,TYC_3452_787_1,src7,src4,src6,src8,src3"
V0399 named,8,107,64,1.5891159701138444,1.508094968624225,1.5486054693690348,HD_103187|HD_103405|gaia_774271076054448768_src2|gaia_774288805679445888_src7|gaia_774289041901756032_src4|gaia_774289488578357504_src6|gaia_774290626745586944_src8|gaia_774384016513181696_src3,"HD_103187,HD_103405,src2,src7,src4,src6,src8,src3"
V0399 named,8,107,64,1.5891159701138444,1.508094968624225,1.5486054693690348,HD_103187|HD_103405|gaia_774272862760870784_src1|gaia_774288805679445888_src7|gaia_774289041901756032_src4|gaia_774289488578357504_src6|gaia_774290626745586944_src8|gaia_774384016513181696_src3,"HD_103187,HD_103405,src1,src7,src4,src6,src8,src3"
V0399 named,8,107,64,1.5891159701138444,1.508094968624225,1.5486054693690348,HD_103187|TYC_3452_787_1|gaia_774271076054448768_src2|gaia_774288805679445888_src7|gaia_774289041901756032_src4|gaia_774289488578357504_src6|gaia_774290626745586944_src8|gaia_774384016513181696_src3,"HD_103187,TYC_3452_787_1,src2,src7,src4,src6,src8,src3"
V0399 named,8,107,64,1.5891159701138444,1.508094968624225,1.5486054693690348,HD_103187|TYC_3452_787_1|gaia_774272862760870784_src1|gaia_774288805679445888_src7|gaia_774289041901756032_src4|gaia_774289488578357504_src6|gaia_774290626745586944_src8|gaia_774384016513181696_src3,"HD_103187,TYC_3452_787_1,src1,src7,src4,src6,src8,src3"
V0399 named,8,107,64,1.5891159701138444,1.508094968624225,1.5486054693690348,HD_103187|gaia_774271076054448768_src2|gaia_774272862760870784_src1|gaia_774288805679445888_src7|gaia_774289041901756032_src4|gaia_774289488578357504_src6|gaia_774290626745586944_src8|gaia_774384016513181696_src3,"HD_103187,src2,src1,src7,src4,src6,src8,src3"
V0399 named,8,107,64,1.5891159701138444,1.508094968624225,1.5486054693690348,HD_103405|TYC_3452_787_1|gaia_774271076054448768_src2|gaia_774288805679445888_src7|gaia_774289041901756032_src4|gaia_774289488578357504_src6|gaia_774290626745586944_src8|gaia_774384016513181696_src3,"HD_103405,TYC_3452_787_1,src2,src7,src4,src6,src8,src3"
V0399 named,8,107,64,1.5891159701138444,1.508094968624225,1.5486054693690348,HD_103405|TYC_3452_787_1|gaia_774272862760870784_src1|gaia_774288805679445888_src7|gaia_774289041901756032_src4|gaia_774289488578357504_src6|gaia_774290626745586944_src8|gaia_774384016513181696_src3,"HD_103405,TYC_3452_787_1,src1,src7,src4,src6,src8,src3"
V0399 named,8,107,64,1.5891159701138444,1.508094968624225,1.5486054693690348,HD_103405|gaia_774271076054448768_src2|gaia_774272862760870784_src1|gaia_774288805679445888_src7|gaia_774289041901756032_src4|gaia_774289488578357504_src6|gaia_774290626745586944_src8|gaia_774384016513181696_src3,"HD_103405,src2,src1,src7,src4,src6,src8,src3"
V0399 named,8,107,64,1.5891159701138444,1.508094968624225,1.5486054693690348,TYC_3452_787_1|gaia_774271076054448768_src2|gaia_774272862760870784_src1|gaia_774288805679445888_src7|gaia_774289041901756032_src4|gaia_774289488578357504_src6|gaia_774290626745586944_src8|gaia_774384016513181696_src3,"TYC_3452_787_1,src2,src1,src7,src4,src6,src8,src3"
V0399 named,4,107,64,1.2475437481098437,1.8557788856492106,1.5516613168795272,HD_103187|HD_103405|gaia_774271076054448768_src2|gaia_774272862760870784_src1,"HD_103187,HD_103405,src2,src1"
V0399 named,4,107,64,1.2475437481098437,1.8557788856492106,1.5516613168795272,HD_103187|HD_103405|gaia_774272862760870784_src1|gaia_774287774887292672_src5,"HD_103187,HD_103405,src1,src5"
V0399 named,4,107,64,1.2475437481098437,1.8557788856492106,1.5516613168795272,HD_103187|HD_103405|gaia_774272862760870784_src1|gaia_774288805679445888_src7,"HD_103187,HD_103405,src1,src7"
V0399 named,4,107,64,1.2475437481098437,1.8557788856492106,1.5516613168795272,HD_103187|HD_103405|gaia_774272862760870784_src1|gaia_774289041901756032_src4,"HD_103187,HD_103405,src1,src4"
V0399 named,4,107,64,1.2475437481098437,1.8557788856492106,1.5516613168795272,HD_103187|HD_103405|gaia_774272862760870784_src1|gaia_774289488578357504_src6,"HD_103187,HD_103405,src1,src6"
V0399 named,4,107,64,1.2475437481098437,1.8557788856492106,1.5516613168795272,HD_103187|HD_103405|gaia_774272862760870784_src1|gaia_774290626745586944_src8,"HD_103187,HD_103405,src1,src8"
V0399 named,4,107,64,1.2475437481098437,1.8557788856492106,1.5516613168795272,HD_103187|HD_103405|gaia_774272862760870784_src1|gaia_774384016513181696_src3,"HD_103187,HD_103405,src1,src3"
V0399 named,4,107,64,1.2475437481098437,1.8557788856492106,1.5516613168795272,HD_103405|TYC_3452_787_1|gaia_774271076054448768_src2|gaia_774272862760870784_src1,"HD_103405,TYC_3452_787_1,src2,src1"
V0399 named,4,107,64,1.2475437481098437,1.8557788856492106,1.5516613168795272,HD_103405|TYC_3452_787_1|gaia_774272862760870784_src1|gaia_774287774887292672_src5,"HD_103405,TYC_3452_787_1,src1,src5"
V0399 named,4,107,64,1.2475437481098437,1.8557788856492106,1.5516613168795272,HD_103405|TYC_3452_787_1|gaia_774272862760870784_src1|gaia_774288805679445888_src7,"HD_103405,TYC_3452_787_1,src1,src7"
V0399 named,4,107,64,1.2475437481098437,1.8557788856492106,1.5516613168795272,HD_103405|TYC_3452_787_1|gaia_774272862760870784_src1|gaia_774289041901756032_src4,"HD_103405,TYC_3452_787_1,src1,src4"
V0399 named,4,107,64,1.2475437481098437,1.8557788856492106,1.5516613168795272,HD_103405|TYC_3452_787_1|gaia_774272862760870784_src1|gaia_774289488578357504_src6,"HD_103405,TYC_3452_787_1,src1,src6"
V0399 named,4,107,64,1.2475437481098437,1.8557788856492106,1.5516613168795272,HD_103405|TYC_3452_787_1|gaia_774272862760870784_src1|gaia_774290626745586944_src8,"HD_103405,TYC_3452_787_1,src1,src8"
V0399 named,4,107,64,1.2475437481098437,1.8557788856492106,1.5516613168795272,HD_103405|TYC_3452_787_1|gaia_774272862760870784_src1|gaia_774384016513181696_src3,"HD_103405,TYC_3452_787_1,src1,src3"
V0399 named,6,107,64,1.2475437481098437,1.8557788856492106,1.5516613168795272,HD_103187|HD_103405|TYC_3452_787_1|gaia_774271076054448768_src2|gaia_774272862760870784_src1|gaia_774287774887292672_src5,"HD_103187,HD_103405,TYC_3452_787_1,src2,src1,src5"
V0399 named,6,107,64,1.2475437481098437,1.8557788856492106,1.5516613168795272,HD_103187|HD_103405|TYC_3452_787_1|gaia_774271076054448768_src2|gaia_774272862760870784_src1|gaia_774288805679445888_src7,"HD_103187,HD_103405,TYC_3452_787_1,src2,src1,src7"
V0399 named,6,107,64,1.2475437481098437,1.8557788856492106,1.5516613168795272,HD_103187|HD_103405|TYC_3452_787_1|gaia_774271076054448768_src2|gaia_774272862760870784_src1|gaia_774289041901756032_src4,"HD_103187,HD_103405,TYC_3452_787_1,src2,src1,src4"
V0399 named,6,107,64,1.2475437481098437,1.8557788856492106,1.5516613168795272,HD_103187|HD_103405|TYC_3452_787_1|gaia_774271076054448768_src2|gaia_774272862760870784_src1|gaia_774289488578357504_src6,"HD_103187,HD_103405,TYC_3452_787_1,src2,src1,src6"
V0399 named,6,107,64,1.2475437481098437,1.8557788856492106,1.5516613168795272,HD_103187|HD_103405|TYC_3452_787_1|gaia_774271076054448768_src2|gaia_774272862760870784_src1|gaia_774290626745586944_src8,"HD_103187,HD_103405,TYC_3452_787_1,src2,src1,src8"
V0399 named,6,107,64,1.2475437481098437,1.8557788856492106,1.5516613168795272,HD_103187|HD_103405|TYC_3452_787_1|gaia_774271076054448768_src2|gaia_774272862760870784_src1|gaia_774384016513181696_src3,"HD_103187,HD_103405,TYC_3452_787_1,src2,src1,src3"
V0399 named,6,107,64,1.2475437481098437,1.8557788856492106,1.5516613168795272,HD_103187|HD_103405|TYC_3452_787_1|gaia_774272862760870784_src1|gaia_774287774887292672_src5|gaia_774288805679445888_src7,"HD_103187,HD_103405,TYC_3452_787_1,src1,src5,src7"
V0399 named,6,107,64,1.2475437481098437,1.8557788856492106,1.5516613168795272,HD_103187|HD_103405|TYC_3452_787_1|gaia_774272862760870784_src1|gaia_774287774887292672_src5|gaia_774289041901756032_src4,"HD_103187,HD_103405,TYC_3452_787_1,src1,src5,src4"
V0399 named,6,107,64,1.2475437481098437,1.8557788856492106,1.5516613168795272,HD_103187|HD_103405|TYC_3452_787_1|gaia_774272862760870784_src1|gaia_774287774887292672_src5|gaia_774289488578357504_src6,"HD_103187,HD_103405,TYC_3452_787_1,src1,src5,src6"
V0399 named,6,107,64,1.2475437481098437,1.8557788856492106,1.5516613168795272,HD_103187|HD_103405|TYC_3452_787_1|gaia_774272862760870784_src1|gaia_774287774887292672_src5|gaia_774290626745586944_src8,"HD_103187,HD_103405,TYC_3452_787_1,src1,src5,src8"
V0399 named,6,107,64,1.2475437481098437,1.8557788856492106,1.5516613168795272,HD_103187|HD_103405|TYC_3452_787_1|gaia_774272862760870784_src1|gaia_774287774887292672_src5|gaia_774384016513181696_src3,"HD_103187,HD_103405,TYC_3452_787_1,src1,src5,src3"
V0399 named,6,107,64,1.2475437481098437,1.8557788856492106,1.5516613168795272,HD_103187|HD_103405|TYC_3452_787_1|gaia_774272862760870784_src1|gaia_774288805679445888_src7|gaia_774289041901756032_src4,"HD_103187,HD_103405,TYC_3452_787_1,src1,src7,src4"
V0399 named,6,107,64,1.2475437481098437,1.8557788856492106,1.5516613168795272,HD_103187|HD_103405|TYC_3452_787_1|gaia_774272862760870784_src1|gaia_774288805679445888_src7|gaia_774289488578357504_src6,"HD_103187,HD_103405,TYC_3452_787_1,src1,src7,src6"
V0399 named,6,107,64,1.2475437481098437,1.8557788856492106,1.5516613168795272,HD_103187|HD_103405|TYC_3452_787_1|gaia_774272862760870784_src1|gaia_774288805679445888_src7|gaia_774290626745586944_src8,"HD_103187,HD_103405,TYC_3452_787_1,src1,src7,src8"
V0399 named,6,107,64,1.2475437481098437,1.8557788856492106,1.5516613168795272,HD_103187|HD_103405|TYC_3452_787_1|gaia_774272862760870784_src1|gaia_774288805679445888_src7|gaia_774384016513181696_src3,"HD_103187,HD_103405,TYC_3452_787_1,src1,src7,src3"
V0399 named,6,107,64,1.2475437481098437,1.8557788856492106,1.5516613168795272,HD_103187|HD_103405|TYC_3452_787_1|gaia_774272862760870784_src1|gaia_774289041901756032_src4|gaia_774289488578357504_src6,"HD_103187,HD_103405,TYC_3452_787_1,src1,src4,src6"
V0399 named,6,107,64,1.2475437481098437,1.8557788856492106,1.5516613168795272,HD_103187|HD_103405|TYC_3452_787_1|gaia_774272862760870784_src1|gaia_774289041901756032_src4|gaia_774290626745586944_src8,"HD_103187,HD_103405,TYC_3452_787_1,src1,src4,src8"
V0399 named,6,107,64,1.2475437481098437,1.8557788856492106,1.5516613168795272,HD_103187|HD_103405|TYC_3452_787_1|gaia_774272862760870784_src1|gaia_774289041901756032_src4|gaia_774384016513181696_src3,"HD_103187,HD_103405,TYC_3452_787_1,src1,src4,src3"
V0399 named,6,107,64,1.2475437481098437,1.8557788856492106,1.5516613168795272,HD_103187|HD_103405|TYC_3452_787_1|gaia_774272862760870784_src1|gaia_774289488578357504_src6|gaia_774290626745586944_src8,"HD_103187,HD_103405,TYC_3452_787_1,src1,src6,src8"
V0399 named,6,107,64,1.2475437481098437,1.8557788856492106,1.5516613168795272,HD_103187|HD_103405|TYC_3452_787_1|gaia_774272862760870784_src1|gaia_774289488578357504_src6|gaia_774384016513181696_src3,"HD_103187,HD_103405,TYC_3452_787_1,src1,src6,src3"
V0399 named,6,107,64,1.2475437481098437,1.8557788856492106,1.5516613168795272,HD_103187|HD_103405|TYC_3452_787_1|gaia_774272862760870784_src1|gaia_774290626745586944_src8|gaia_774384016513181696_src3,"HD_103187,HD_103405,TYC_3452_787_1,src1,src8,src3"
V0399 named,4,107,64,1.3604152330913128,1.7663789368028409,1.5633970849470769,HD_103187|HD_103405|gaia_774288805679445888_src7|gaia_774290626745586944_src8,"HD_103187,HD_103405,src7,src8"
V0399 named,4,107,64,1.3604152330913128,1.7663789368028409,1.5633970849470769,HD_103405|TYC_3452_787_1|gaia_774288805679445888_src7|gaia_774290626745586944_src8,"HD_103405,TYC_3452_787_1,src7,src8"
V0399 named,4,107,64,1.3722531086047287,1.7926141499634298,1.5824336292840793,HD_103187|gaia_774287774887292672_src5|gaia_774288805679445888_src7|gaia_774289488578357504_src6,"HD_103187,src5,src7,src6"
V0399 named,4,107,64,1.3722531086047287,1.7926141499634298,1.5824336292840793,HD_103187|gaia_774287774887292672_src5|gaia_774289488578357504_src6|gaia_774290626745586944_src8,"HD_103187,src5,src6,src8"
V0399 named,4,107,64,1.3722531086047287,1.7926141499634298,1.5824336292840793,HD_103405|gaia_774287774887292672_src5|gaia_774288805679445888_src7|gaia_774289488578357504_src6,"HD_103405,src5,src7,src6"
V0399 named,4,107,64,1.3722531086047287,1.7926141499634298,1.5824336292840793,HD_103405|gaia_774287774887292672_src5|gaia_774289488578357504_src6|gaia_774290626745586944_src8,"HD_103405,src5,src6,src8"
V0399 named,4,107,64,1.3722531086047287,1.7926141499634298,1.5824336292840793,TYC_3452_787_1|gaia_774287774887292672_src5|gaia_774288805679445888_src7|gaia_774289488578357504_src6,"TYC_3452_787_1,src5,src7,src6"
V0399 named,4,107,64,1.3722531086047287,1.7926141499634298,1.5824336292840793,TYC_3452_787_1|gaia_774287774887292672_src5|gaia_774289488578357504_src6|gaia_774290626745586944_src8,"TYC_3452_787_1,src5,src6,src8"
V0399 named,4,107,64,1.3722531086047287,1.7926141499634298,1.5824336292840793,gaia_774271076054448768_src2|gaia_774287774887292672_src5|gaia_774288805679445888_src7|gaia_774289488578357504_src6,"src2,src5,src7,src6"
V0399 named,4,107,64,1.3722531086047287,1.7926141499634298,1.5824336292840793,gaia_774271076054448768_src2|gaia_774287774887292672_src5|gaia_774289488578357504_src6|gaia_774290626745586944_src8,"src2,src5,src6,src8"
V0399 named,4,107,64,1.3722531086047287,1.7926141499634298,1.5824336292840793,gaia_774272862760870784_src1|gaia_774287774887292672_src5|gaia_774288805679445888_src7|gaia_774289488578357504_src6,"src1,src5,src7,src6"
V0399 named,4,107,64,1.3722531086047287,1.7926141499634298,1.5824336292840793,gaia_774272862760870784_src1|gaia_774287774887292672_src5|gaia_774289488578357504_src6|gaia_774290626745586944_src8,"src1,src5,src6,src8"
V0399 named,4,107,64,1.3722531086047287,1.7926141499634298,1.5824336292840793,gaia_774287774887292672_src5|gaia_774288805679445888_src7|gaia_774289488578357504_src6|gaia_774384016513181696_src3,"src5,src7,src6,src3"
V0399 named,4,107,64,1.3722531086047287,1.7926141499634298,1.5824336292840793,gaia_774287774887292672_src5|gaia_774289488578357504_src6|gaia_774290626745586944_src8|gaia_774384016513181696_src3,"src5,src6,src8,src3"
V0399 named,6,107,64,1.3722531086047287,1.7926141499634298,1.5824336292840793,HD_103187|HD_103405|gaia_774287774887292672_src5|gaia_774288805679445888_src7|gaia_774289488578357504_src6|gaia_774290626745586944_src8,"HD_103187,HD_103405,src5,src7,src6,src8"
V0399 named,6,107,64,1.3722531086047287,1.7926141499634298,1.5824336292840793,HD_103187|TYC_3452_787_1|gaia_774287774887292672_src5|gaia_774288805679445888_src7|gaia_774289488578357504_src6|gaia_774290626745586944_src8,"HD_103187,TYC_3452_787_1,src5,src7,src6,src8"
V0399 named,6,107,64,1.3722531086047287,1.7926141499634298,1.5824336292840793,HD_103187|gaia_774271076054448768_src2|gaia_774287774887292672_src5|gaia_774288805679445888_src7|gaia_774289488578357504_src6|gaia_774290626745586944_src8,"HD_103187,src2,src5,src7,src6,src8"
V0399 named,6,107,64,1.3722531086047287,1.7926141499634298,1.5824336292840793,HD_103187|gaia_774272862760870784_src1|gaia_774287774887292672_src5|gaia_774288805679445888_src7|gaia_774289488578357504_src6|gaia_774290626745586944_src8,"HD_103187,src1,src5,src7,src6,src8"
V0399 named,6,107,64,1.3722531086047287,1.7926141499634298,1.5824336292840793,HD_103187|gaia_774287774887292672_src5|gaia_774288805679445888_src7|gaia_774289488578357504_src6|gaia_774290626745586944_src8|gaia_774384016513181696_src3,"HD_103187,src5,src7,src6,src8,src3"
V0399 named,6,107,64,1.3722531086047287,1.7926141499634298,1.5824336292840793,HD_103405|TYC_3452_787_1|gaia_774287774887292672_src5|gaia_774288805679445888_src7|gaia_774289488578357504_src6|gaia_774290626745586944_src8,"HD_103405,TYC_3452_787_1,src5,src7,src6,src8"
V0399 named,6,107,64,1.3722531086047287,1.7926141499634298,1.5824336292840793,HD_103405|gaia_774271076054448768_src2|gaia_774287774887292672_src5|gaia_774288805679445888_src7|gaia_774289488578357504_src6|gaia_774290626745586944_src8,"HD_103405,src2,src5,src7,src6,src8"
V0399 named,6,107,64,1.3722531086047287,1.7926141499634298,1.5824336292840793,HD_103405|gaia_774272862760870784_src1|gaia_774287774887292672_src5|gaia_774288805679445888_src7|gaia_774289488578357504_src6|gaia_774290626745586944_src8,"HD_103405,src1,src5,src7,src6,src8"
V0399 named,6,107,64,1.3722531086047287,1.7926141499634298,1.5824336292840793,HD_103405|gaia_774287774887292672_src5|gaia_774288805679445888_src7|gaia_774289488578357504_src6|gaia_774290626745586944_src8|gaia_774384016513181696_src3,"HD_103405,src5,src7,src6,src8,src3"
V0399 named,6,107,64,1.3722531086047287,1.7926141499634298,1.5824336292840793,TYC_3452_787_1|gaia_774271076054448768_src2|gaia_774287774887292672_src5|gaia_774288805679445888_src7|gaia_774289488578357504_src6|gaia_774290626745586944_src8,"TYC_3452_787_1,src2,src5,src7,src6,src8"
V0399 named,6,107,64,1.3722531086047287,1.7926141499634298,1.5824336292840793,TYC_3452_787_1|gaia_774272862760870784_src1|gaia_774287774887292672_src5|gaia_774288805679445888_src7|gaia_774289488578357504_src6|gaia_774290626745586944_src8,"TYC_3452_787_1,src1,src5,src7,src6,src8"
V0399 named,6,107,64,1.3722531086047287,1.7926141499634298,1.5824336292840793,TYC_3452_787_1|gaia_774287774887292672_src5|gaia_774288805679445888_src7|gaia_774289488578357504_src6|gaia_774290626745586944_src8|gaia_774384016513181696_src3,"TYC_3452_787_1,src5,src7,src6,src8,src3"
V0399 named,6,107,64,1.3722531086047287,1.7926141499634298,1.5824336292840793,gaia_774271076054448768_src2|gaia_774272862760870784_src1|gaia_774287774887292672_src5|gaia_774288805679445888_src7|gaia_774289488578357504_src6|gaia_774290626745586944_src8,"src2,src1,src5,src7,src6,src8"
V0399 named,6,107,64,1.3722531086047287,1.7926141499634298,1.5824336292840793,gaia_774271076054448768_src2|gaia_774287774887292672_src5|gaia_774288805679445888_src7|gaia_774289488578357504_src6|gaia_774290626745586944_src8|gaia_774384016513181696_src3,"src2,src5,src7,src6,src8,src3"
V0399 named,6,107,64,1.3722531086047287,1.7926141499634298,1.5824336292840793,gaia_774272862760870784_src1|gaia_774287774887292672_src5|gaia_774288805679445888_src7|gaia_774289488578357504_src6|gaia_774290626745586944_src8|gaia_774384016513181696_src3,"src1,src5,src7,src6,src8,src3"
V0399 named,3,107,64,1.288567697188744,1.879008742031976,1.58378821961036,HD_103187|HD_103405|gaia_774271076054448768_src2,"HD_103187,HD_103405,src2"
V0399 named,3,107,64,1.288567697188744,1.879008742031976,1.58378821961036,HD_103187|HD_103405|gaia_774272862760870784_src1,"HD_103187,HD_103405,src1"
V0399 named,3,107,64,1.288567697188744,1.879008742031976,1.58378821961036,HD_103187|HD_103405|gaia_774287774887292672_src5,"HD_103187,HD_103405,src5"
V0399 named,3,107,64,1.288567697188744,1.879008742031976,1.58378821961036,HD_103187|HD_103405|gaia_774288805679445888_src7,"HD_103187,HD_103405,src7"
V0399 named,3,107,64,1.288567697188744,1.879008742031976,1.58378821961036,HD_103187|HD_103405|gaia_774289041901756032_src4,"HD_103187,HD_103405,src4"
V0399 named,3,107,64,1.288567697188744,1.879008742031976,1.58378821961036,HD_103187|HD_103405|gaia_774289488578357504_src6,"HD_103187,HD_103405,src6"
V0399 named,3,107,64,1.288567697188744,1.879008742031976,1.58378821961036,HD_103187|HD_103405|gaia_774290626745586944_src8,"HD_103187,HD_103405,src8"
V0399 named,3,107,64,1.288567697188744,1.879008742031976,1.58378821961036,HD_103187|HD_103405|gaia_774384016513181696_src3,"HD_103187,HD_103405,src3"
V0399 named,3,107,64,1.288567697188744,1.879008742031976,1.58378821961036,HD_103405|TYC_3452_787_1|gaia_774271076054448768_src2,"HD_103405,TYC_3452_787_1,src2"
V0399 named,3,107,64,1.288567697188744,1.879008742031976,1.58378821961036,HD_103405|TYC_3452_787_1|gaia_774272862760870784_src1,"HD_103405,TYC_3452_787_1,src1"
V0399 named,3,107,64,1.288567697188744,1.879008742031976,1.58378821961036,HD_103405|TYC_3452_787_1|gaia_774287774887292672_src5,"HD_103405,TYC_3452_787_1,src5"
V0399 named,3,107,64,1.288567697188744,1.879008742031976,1.58378821961036,HD_103405|TYC_3452_787_1|gaia_774288805679445888_src7,"HD_103405,TYC_3452_787_1,src7"
V0399 named,3,107,64,1.288567697188744,1.879008742031976,1.58378821961036,HD_103405|TYC_3452_787_1|gaia_774289041901756032_src4,"HD_103405,TYC_3452_787_1,src4"
V0399 named,3,107,64,1.288567697188744,1.879008742031976,1.58378821961036,HD_103405|TYC_3452_787_1|gaia_774289488578357504_src6,"HD_103405,TYC_3452_787_1,src6"
V0399 named,3,107,64,1.288567697188744,1.879008742031976,1.58378821961036,HD_103405|TYC_3452_787_1|gaia_774290626745586944_src8,"HD_103405,TYC_3452_787_1,src8"
V0399 named,3,107,64,1.288567697188744,1.879008742031976,1.58378821961036,HD_103405|TYC_3452_787_1|gaia_774384016513181696_src3,"HD_103405,TYC_3452_787_1,src3"
V0399 named,5,107,64,1.288567697188744,1.879008742031976,1.58378821961036,HD_103187|HD_103405|TYC_3452_787_1|gaia_774271076054448768_src2|gaia_774272862760870784_src1,"HD_103187,HD_103405,TYC_3452_787_1,src2,src1"
V0399 named,5,107,64,1.288567697188744,1.879008742031976,1.58378821961036,HD_103187|HD_103405|TYC_3452_787_1|gaia_774271076054448768_src2|gaia_774287774887292672_src5,"HD_103187,HD_103405,TYC_3452_787_1,src2,src5"
V0399 named,5,107,64,1.288567697188744,1.879008742031976,1.58378821961036,HD_103187|HD_103405|TYC_3452_787_1|gaia_774271076054448768_src2|gaia_774288805679445888_src7,"HD_103187,HD_103405,TYC_3452_787_1,src2,src7"
V0399 named,5,107,64,1.288567697188744,1.879008742031976,1.58378821961036,HD_103187|HD_103405|TYC_3452_787_1|gaia_774271076054448768_src2|gaia_774289041901756032_src4,"HD_103187,HD_103405,TYC_3452_787_1,src2,src4"
V0399 named,5,107,64,1.288567697188744,1.879008742031976,1.58378821961036,HD_103187|HD_103405|TYC_3452_787_1|gaia_774271076054448768_src2|gaia_774289488578357504_src6,"HD_103187,HD_103405,TYC_3452_787_1,src2,src6"
V0399 named,5,107,64,1.288567697188744,1.879008742031976,1.58378821961036,HD_103187|HD_103405|TYC_3452_787_1|gaia_774271076054448768_src2|gaia_774290626745586944_src8,"HD_103187,HD_103405,TYC_3452_787_1,src2,src8"
V0399 named,5,107,64,1.288567697188744,1.879008742031976,1.58378821961036,HD_103187|HD_103405|TYC_3452_787_1|gaia_774271076054448768_src2|gaia_774384016513181696_src3,"HD_103187,HD_103405,TYC_3452_787_1,src2,src3"
V0399 named,5,107,64,1.288567697188744,1.879008742031976,1.58378821961036,HD_103187|HD_103405|TYC_3452_787_1|gaia_774272862760870784_src1|gaia_774287774887292672_src5,"HD_103187,HD_103405,TYC_3452_787_1,src1,src5"
V0399 named,5,107,64,1.288567697188744,1.879008742031976,1.58378821961036,HD_103187|HD_103405|TYC_3452_787_1|gaia_774272862760870784_src1|gaia_774288805679445888_src7,"HD_103187,HD_103405,TYC_3452_787_1,src1,src7"
V0399 named,5,107,64,1.288567697188744,1.879008742031976,1.58378821961036,HD_103187|HD_103405|TYC_3452_787_1|gaia_774272862760870784_src1|gaia_774289041901756032_src4,"HD_103187,HD_103405,TYC_3452_787_1,src1,src4"
V0399 named,5,107,64,1.288567697188744,1.879008742031976,1.58378821961036,HD_103187|HD_103405|TYC_3452_787_1|gaia_774272862760870784_src1|gaia_774289488578357504_src6,"HD_103187,HD_103405,TYC_3452_787_1,src1,src6"
V0399 named,5,107,64,1.288567697188744,1.879008742031976,1.58378821961036,HD_103187|HD_103405|TYC_3452_787_1|gaia_774272862760870784_src1|gaia_774290626745586944_src8,"HD_103187,HD_103405,TYC_3452_787_1,src1,src8"
V0399 named,5,107,64,1.288567697188744,1.879008742031976,1.58378821961036,HD_103187|HD_103405|TYC_3452_787_1|gaia_774272862760870784_src1|gaia_774384016513181696_src3,"HD_103187,HD_103405,TYC_3452_787_1,src1,src3"
V0399 named,5,107,64,1.288567697188744,1.879008742031976,1.58378821961036,HD_103187|HD_103405|TYC_3452_787_1|gaia_774287774887292672_src5|gaia_774288805679445888_src7,"HD_103187,HD_103405,TYC_3452_787_1,src5,src7"
V0399 named,5,107,64,1.288567697188744,1.879008742031976,1.58378821961036,HD_103187|HD_103405|TYC_3452_787_1|gaia_774287774887292672_src5|gaia_774289041901756032_src4,"HD_103187,HD_103405,TYC_3452_787_1,src5,src4"
V0399 named,5,107,64,1.288567697188744,1.879008742031976,1.58378821961036,HD_103187|HD_103405|TYC_3452_787_1|gaia_774287774887292672_src5|gaia_774289488578357504_src6,"HD_103187,HD_103405,TYC_3452_787_1,src5,src6"
V0399 named,5,107,64,1.288567697188744,1.879008742031976,1.58378821961036,HD_103187|HD_103405|TYC_3452_787_1|gaia_774287774887292672_src5|gaia_774290626745586944_src8,"HD_103187,HD_103405,TYC_3452_787_1,src5,src8"
V0399 named,5,107,64,1.288567697188744,1.879008742031976,1.58378821961036,HD_103187|HD_103405|TYC_3452_787_1|gaia_774287774887292672_src5|gaia_774384016513181696_src3,"HD_103187,HD_103405,TYC_3452_787_1,src5,src3"
V0399 named,5,107,64,1.288567697188744,1.879008742031976,1.58378821961036,HD_103187|HD_103405|TYC_3452_787_1|gaia_774288805679445888_src7|gaia_774289041901756032_src4,"HD_103187,HD_103405,TYC_3452_787_1,src7,src4"
V0399 named,5,107,64,1.288567697188744,1.879008742031976,1.58378821961036,HD_103187|HD_103405|TYC_3452_787_1|gaia_774288805679445888_src7|gaia_774289488578357504_src6,"HD_103187,HD_103405,TYC_3452_787_1,src7,src6"
V0399 named,5,107,64,1.288567697188744,1.879008742031976,1.58378821961036,HD_103187|HD_103405|TYC_3452_787_1|gaia_774288805679445888_src7|gaia_774290626745586944_src8,"HD_103187,HD_103405,TYC_3452_787_1,src7,src8"
V0399 named,5,107,64,1.288567697188744,1.879008742031976,1.58378821961036,HD_103187|HD_103405|TYC_3452_787_1|gaia_774288805679445888_src7|gaia_774384016513181696_src3,"HD_103187,HD_103405,TYC_3452_787_1,src7,src3"
V0399 named,5,107,64,1.288567697188744,1.879008742031976,1.58378821961036,HD_103187|HD_103405|TYC_3452_787_1|gaia_774289041901756032_src4|gaia_774289488578357504_src6,"HD_103187,HD_103405,TYC_3452_787_1,src4,src6"
V0399 named,5,107,64,1.288567697188744,1.879008742031976,1.58378821961036,HD_103187|HD_103405|TYC_3452_787_1|gaia_774289041901756032_src4|gaia_774290626745586944_src8,"HD_103187,HD_103405,TYC_3452_787_1,src4,src8"
V0399 named,5,107,64,1.288567697188744,1.879008742031976,1.58378821961036,HD_103187|HD_103405|TYC_3452_787_1|gaia_774289041901756032_src4|gaia_774384016513181696_src3,"HD_103187,HD_103405,TYC_3452_787_1,src4,src3"
V0399 named,5,107,64,1.288567697188744,1.879008742031976,1.58378821961036,HD_103187|HD_103405|TYC_3452_787_1|gaia_774289488578357504_src6|gaia_774290626745586944_src8,"HD_103187,HD_103405,TYC_3452_787_1,src6,src8"
V0399 named,5,107,64,1.288567697188744,1.879008742031976,1.58378821961036,HD_103187|HD_103405|TYC_3452_787_1|gaia_774289488578357504_src6|gaia_774384016513181696_src3,"HD_103187,HD_103405,TYC_3452_787_1,src6,src3"
V0399 named,5,107,64,1.288567697188744,1.879008742031976,1.58378821961036,HD_103187|HD_103405|TYC_3452_787_1|gaia_774290626745586944_src8|gaia_774384016513181696_src3,"HD_103187,HD_103405,TYC_3452_787_1,src8,src3"
V0399 named,4,107,64,1.3898093908552984,1.7926141499634298,1.5912117704093642,gaia_774287774887292672_src5|gaia_774288805679445888_src7|gaia_774289041901756032_src4|gaia_774289488578357504_src6,"src5,src7,src4,src6"
V0399 named,4,107,64,1.3898093908552984,1.7926141499634298,1.5912117704093642,gaia_774287774887292672_src5|gaia_774289041901756032_src4|gaia_774289488578357504_src6|gaia_774290626745586944_src8,"src5,src4,src6,src8"
V0399 named,6,107,64,1.3898093908552984,1.7926141499634298,1.5912117704093642,HD_103187|gaia_774287774887292672_src5|gaia_774288805679445888_src7|gaia_774289041901756032_src4|gaia_774289488578357504_src6|gaia_774290626745586944_src8,"HD_103187,src5,src7,src4,src6,src8"
V0399 named,6,107,64,1.3898093908552984,1.7926141499634298,1.5912117704093642,HD_103405|gaia_774287774887292672_src5|gaia_774288805679445888_src7|gaia_774289041901756032_src4|gaia_774289488578357504_src6|gaia_774290626745586944_src8,"HD_103405,src5,src7,src4,src6,src8"
V0399 named,6,107,64,1.3898093908552984,1.7926141499634298,1.5912117704093642,TYC_3452_787_1|gaia_774287774887292672_src5|gaia_774288805679445888_src7|gaia_774289041901756032_src4|gaia_774289488578357504_src6|gaia_774290626745586944_src8,"TYC_3452_787_1,src5,src7,src4,src6,src8"
V0399 named,6,107,64,1.3898093908552984,1.7926141499634298,1.5912117704093642,gaia_774271076054448768_src2|gaia_774287774887292672_src5|gaia_774288805679445888_src7|gaia_774289041901756032_src4|gaia_774289488578357504_src6|gaia_774290626745586944_src8,"src2,src5,src7,src4,src6,src8"
V0399 named,6,107,64,1.3898093908552984,1.7926141499634298,1.5912117704093642,gaia_774272862760870784_src1|gaia_774287774887292672_src5|gaia_774288805679445888_src7|gaia_774289041901756032_src4|gaia_774289488578357504_src6|gaia_774290626745586944_src8,"src1,src5,src7,src4,src6,src8"
V0399 named,6,107,64,1.3898093908552984,1.7926141499634298,1.5912117704093642,gaia_774287774887292672_src5|gaia_774288805679445888_src7|gaia_774289041901756032_src4|gaia_774289488578357504_src6|gaia_774290626745586944_src8|gaia_774384016513181696_src3,"src5,src7,src4,src6,src8,src3"
V0399 named,4,107,64,1.7047583441561729,1.4778449406381462,1.5913016423971595,gaia_774287774887292672_src5|gaia_774288805679445888_src7|gaia_774289041901756032_src4|gaia_774290626745586944_src8,"src5,src7,src4,src8"
V0399 named,4,107,64,1.276341869481716,1.9273153386203827,1.6018286040510494,HD_103187|HD_103405|gaia_774287774887292672_src5|gaia_774288805679445888_src7,"HD_103187,HD_103405,src5,src7"
V0399 named,4,107,64,1.276341869481716,1.9273153386203827,1.6018286040510494,HD_103187|HD_103405|gaia_774287774887292672_src5|gaia_774289488578357504_src6,"HD_103187,HD_103405,src5,src6"
V0399 named,4,107,64,1.276341869481716,1.9273153386203827,1.6018286040510494,HD_103187|HD_103405|gaia_774287774887292672_src5|gaia_774290626745586944_src8,"HD_103187,HD_103405,src5,src8"
V0399 named,4,107,64,1.276341869481716,1.9273153386203827,1.6018286040510494,HD_103405|TYC_3452_787_1|gaia_774287774887292672_src5|gaia_774288805679445888_src7,"HD_103405,TYC_3452_787_1,src5,src7"
V0399 named,4,107,64,1.276341869481716,1.9273153386203827,1.6018286040510494,HD_103405|TYC_3452_787_1|gaia_774287774887292672_src5|gaia_774289488578357504_src6,"HD_103405,TYC_3452_787_1,src5,src6"
V0399 named,4,107,64,1.276341869481716,1.9273153386203827,1.6018286040510494,HD_103405|TYC_3452_787_1|gaia_774287774887292672_src5|gaia_774290626745586944_src8,"HD_103405,TYC_3452_787_1,src5,src8"
V0399 named,6,107,64,1.276341869481716,1.9273153386203827,1.6018286040510494,HD_103187|HD_103405|TYC_3452_787_1|gaia_774287774887292672_src5|gaia_774288805679445888_src7|gaia_774289488578357504_src6,"HD_103187,HD_103405,TYC_3452_787_1,src5,src7,src6"
V0399 named,6,107,64,1.276341869481716,1.9273153386203827,1.6018286040510494,HD_103187|HD_103405|TYC_3452_787_1|gaia_774287774887292672_src5|gaia_774288805679445888_src7|gaia_774290626745586944_src8,"HD_103187,HD_103405,TYC_3452_787_1,src5,src7,src8"
V0399 named,6,107,64,1.276341869481716,1.9273153386203827,1.6018286040510494,HD_103187|HD_103405|TYC_3452_787_1|gaia_774287774887292672_src5|gaia_774289488578357504_src6|gaia_774290626745586944_src8,"HD_103187,HD_103405,TYC_3452_787_1,src5,src6,src8"
V0399 named,3,107,64,1.5195210205515877,1.6914794333337462,1.605500226942667,HD_103187|gaia_774287774887292672_src5|gaia_774288805679445888_src7,"HD_103187,src5,src7"
V0399 named,3,107,64,1.5195210205515877,1.6914794333337462,1.605500226942667,HD_103187|gaia_774287774887292672_src5|gaia_774289488578357504_src6,"HD_103187,src5,src6"
V0399 named,3,107,64,1.5195210205515877,1.6914794333337462,1.605500226942667,HD_103187|gaia_774287774887292672_src5|gaia_774290626745586944_src8,"HD_103187,src5,src8"
V0399 named,3,107,64,1.5195210205515877,1.6914794333337462,1.605500226942667,HD_103405|gaia_774287774887292672_src5|gaia_774288805679445888_src7,"HD_103405,src5,src7"
V0399 named,3,107,64,1.5195210205515877,1.6914794333337462,1.605500226942667,HD_103405|gaia_774287774887292672_src5|gaia_774289488578357504_src6,"HD_103405,src5,src6"
V0399 named,3,107,64,1.5195210205515877,1.6914794333337462,1.605500226942667,HD_103405|gaia_774287774887292672_src5|gaia_774290626745586944_src8,"HD_103405,src5,src8"
V0399 named,3,107,64,1.5195210205515877,1.6914794333337462,1.605500226942667,TYC_3452_787_1|gaia_774287774887292672_src5|gaia_774288805679445888_src7,"TYC_3452_787_1,src5,src7"
V0399 named,3,107,64,1.5195210205515877,1.6914794333337462,1.605500226942667,TYC_3452_787_1|gaia_774287774887292672_src5|gaia_774289488578357504_src6,"TYC_3452_787_1,src5,src6"
V0399 named,3,107,64,1.5195210205515877,1.6914794333337462,1.605500226942667,TYC_3452_787_1|gaia_774287774887292672_src5|gaia_774290626745586944_src8,"TYC_3452_787_1,src5,src8"
V0399 named,3,107,64,1.5195210205515877,1.6914794333337462,1.605500226942667,gaia_774271076054448768_src2|gaia_774287774887292672_src5|gaia_774288805679445888_src7,"src2,src5,src7"
V0399 named,3,107,64,1.5195210205515877,1.6914794333337462,1.605500226942667,gaia_774271076054448768_src2|gaia_774287774887292672_src5|gaia_774289488578357504_src6,"src2,src5,src6"
V0399 named,3,107,64,1.5195210205515877,1.6914794333337462,1.605500226942667,gaia_774271076054448768_src2|gaia_774287774887292672_src5|gaia_774290626745586944_src8,"src2,src5,src8"
V0399 named,3,107,64,1.5195210205515877,1.6914794333337462,1.605500226942667,gaia_774272862760870784_src1|gaia_774287774887292672_src5|gaia_774288805679445888_src7,"src1,src5,src7"
V0399 named,3,107,64,1.5195210205515877,1.6914794333337462,1.605500226942667,gaia_774272862760870784_src1|gaia_774287774887292672_src5|gaia_774289488578357504_src6,"src1,src5,src6"
V0399 named,3,107,64,1.5195210205515877,1.6914794333337462,1.605500226942667,gaia_774272862760870784_src1|gaia_774287774887292672_src5|gaia_774290626745586944_src8,"src1,src5,src8"
V0399 named,3,107,64,1.5195210205515877,1.6914794333337462,1.605500226942667,gaia_774287774887292672_src5|gaia_774288805679445888_src7|gaia_774384016513181696_src3,"src5,src7,src3"
V0399 named,3,107,64,1.5195210205515877,1.6914794333337462,1.605500226942667,gaia_774287774887292672_src5|gaia_774289488578357504_src6|gaia_774384016513181696_src3,"src5,src6,src3"
V0399 named,3,107,64,1.5195210205515877,1.6914794333337462,1.605500226942667,gaia_774287774887292672_src5|gaia_774290626745586944_src8|gaia_774384016513181696_src3,"src5,src8,src3"
V0399 named,5,107,64,1.5195210205515877,1.6914794333337462,1.605500226942667,HD_103187|HD_103405|gaia_774287774887292672_src5|gaia_774288805679445888_src7|gaia_774289488578357504_src6,"HD_103187,HD_103405,src5,src7,src6"
V0399 named,5,107,64,1.5195210205515877,1.6914794333337462,1.605500226942667,HD_103187|HD_103405|gaia_774287774887292672_src5|gaia_774288805679445888_src7|gaia_774290626745586944_src8,"HD_103187,HD_103405,src5,src7,src8"
V0399 named,5,107,64,1.5195210205515877,1.6914794333337462,1.605500226942667,HD_103187|HD_103405|gaia_774287774887292672_src5|gaia_774289488578357504_src6|gaia_774290626745586944_src8,"HD_103187,HD_103405,src5,src6,src8"
V0399 named,5,107,64,1.5195210205515877,1.6914794333337462,1.605500226942667,HD_103187|TYC_3452_787_1|gaia_774287774887292672_src5|gaia_774288805679445888_src7|gaia_774289488578357504_src6,"HD_103187,TYC_3452_787_1,src5,src7,src6"
V0399 named,5,107,64,1.5195210205515877,1.6914794333337462,1.605500226942667,HD_103187|TYC_3452_787_1|gaia_774287774887292672_src5|gaia_774288805679445888_src7|gaia_774290626745586944_src8,"HD_103187,TYC_3452_787_1,src5,src7,src8"
V0399 named,5,107,64,1.5195210205515877,1.6914794333337462,1.605500226942667,HD_103187|TYC_3452_787_1|gaia_774287774887292672_src5|gaia_774289488578357504_src6|gaia_774290626745586944_src8,"HD_103187,TYC_3452_787_1,src5,src6,src8"
V0399 named,5,107,64,1.5195210205515877,1.6914794333337462,1.605500226942667,HD_103187|gaia_774271076054448768_src2|gaia_774287774887292672_src5|gaia_774288805679445888_src7|gaia_774289488578357504_src6,"HD_103187,src2,src5,src7,src6"
V0399 named,5,107,64,1.5195210205515877,1.6914794333337462,1.605500226942667,HD_103187|gaia_774271076054448768_src2|gaia_774287774887292672_src5|gaia_774288805679445888_src7|gaia_774290626745586944_src8,"HD_103187,src2,src5,src7,src8"
V0399 named,5,107,64,1.5195210205515877,1.6914794333337462,1.605500226942667,HD_103187|gaia_774271076054448768_src2|gaia_774287774887292672_src5|gaia_774289488578357504_src6|gaia_774290626745586944_src8,"HD_103187,src2,src5,src6,src8"
V0399 named,5,107,64,1.5195210205515877,1.6914794333337462,1.605500226942667,HD_103187|gaia_774272862760870784_src1|gaia_774287774887292672_src5|gaia_774288805679445888_src7|gaia_774289488578357504_src6,"HD_103187,src1,src5,src7,src6"
V0399 named,5,107,64,1.5195210205515877,1.6914794333337462,1.605500226942667,HD_103187|gaia_774272862760870784_src1|gaia_774287774887292672_src5|gaia_774288805679445888_src7|gaia_774290626745586944_src8,"HD_103187,src1,src5,src7,src8"
V0399 named,5,107,64,1.5195210205515877,1.6914794333337462,1.605500226942667,HD_103187|gaia_774272862760870784_src1|gaia_774287774887292672_src5|gaia_774289488578357504_src6|gaia_774290626745586944_src8,"HD_103187,src1,src5,src6,src8"
V0399 named,5,107,64,1.5195210205515877,1.6914794333337462,1.605500226942667,HD_103187|gaia_774287774887292672_src5|gaia_774288805679445888_src7|gaia_774289488578357504_src6|gaia_774384016513181696_src3,"HD_103187,src5,src7,src6,src3"
V0399 named,5,107,64,1.5195210205515877,1.6914794333337462,1.605500226942667,HD_103187|gaia_774287774887292672_src5|gaia_774288805679445888_src7|gaia_774290626745586944_src8|gaia_774384016513181696_src3,"HD_103187,src5,src7,src8,src3"
V0399 named,5,107,64,1.5195210205515877,1.6914794333337462,1.605500226942667,HD_103187|gaia_774287774887292672_src5|gaia_774289488578357504_src6|gaia_774290626745586944_src8|gaia_774384016513181696_src3,"HD_103187,src5,src6,src8,src3"
V0399 named,5,107,64,1.5195210205515877,1.6914794333337462,1.605500226942667,HD_103405|TYC_3452_787_1|gaia_774287774887292672_src5|gaia_774288805679445888_src7|gaia_774289488578357504_src6,"HD_103405,TYC_3452_787_1,src5,src7,src6"
V0399 named,5,107,64,1.5195210205515877,1.6914794333337462,1.605500226942667,HD_103405|TYC_3452_787_1|gaia_774287774887292672_src5|gaia_774288805679445888_src7|gaia_774290626745586944_src8,"HD_103405,TYC_3452_787_1,src5,src7,src8"
V0399 named,5,107,64,1.5195210205515877,1.6914794333337462,1.605500226942667,HD_103405|TYC_3452_787_1|gaia_774287774887292672_src5|gaia_774289488578357504_src6|gaia_774290626745586944_src8,"HD_103405,TYC_3452_787_1,src5,src6,src8"
V0399 named,5,107,64,1.5195210205515877,1.6914794333337462,1.605500226942667,HD_103405|gaia_774271076054448768_src2|gaia_774287774887292672_src5|gaia_774288805679445888_src7|gaia_774289488578357504_src6,"HD_103405,src2,src5,src7,src6"
V0399 named,5,107,64,1.5195210205515877,1.6914794333337462,1.605500226942667,HD_103405|gaia_774271076054448768_src2|gaia_774287774887292672_src5|gaia_774288805679445888_src7|gaia_774290626745586944_src8,"HD_103405,src2,src5,src7,src8"
V0399 named,5,107,64,1.5195210205515877,1.6914794333337462,1.605500226942667,HD_103405|gaia_774271076054448768_src2|gaia_774287774887292672_src5|gaia_774289488578357504_src6|gaia_774290626745586944_src8,"HD_103405,src2,src5,src6,src8"
V0399 named,5,107,64,1.5195210205515877,1.6914794333337462,1.605500226942667,HD_103405|gaia_774272862760870784_src1|gaia_774287774887292672_src5|gaia_774288805679445888_src7|gaia_774289488578357504_src6,"HD_103405,src1,src5,src7,src6"
V0399 named,5,107,64,1.5195210205515877,1.6914794333337462,1.605500226942667,HD_103405|gaia_774272862760870784_src1|gaia_774287774887292672_src5|gaia_774288805679445888_src7|gaia_774290626745586944_src8,"HD_103405,src1,src5,src7,src8"
V0399 named,5,107,64,1.5195210205515877,1.6914794333337462,1.605500226942667,HD_103405|gaia_774272862760870784_src1|gaia_774287774887292672_src5|gaia_774289488578357504_src6|gaia_774290626745586944_src8,"HD_103405,src1,src5,src6,src8"
V0399 named,5,107,64,1.5195210205515877,1.6914794333337462,1.605500226942667,HD_103405|gaia_774287774887292672_src5|gaia_774288805679445888_src7|gaia_774289488578357504_src6|gaia_774384016513181696_src3,"HD_103405,src5,src7,src6,src3"
V0399 named,5,107,64,1.5195210205515877,1.6914794333337462,1.605500226942667,HD_103405|gaia_774287774887292672_src5|gaia_774288805679445888_src7|gaia_774290626745586944_src8|gaia_774384016513181696_src3,"HD_103405,src5,src7,src8,src3"
V0399 named,5,107,64,1.5195210205515877,1.6914794333337462,1.605500226942667,HD_103405|gaia_774287774887292672_src5|gaia_774289488578357504_src6|gaia_774290626745586944_src8|gaia_774384016513181696_src3,"HD_103405,src5,src6,src8,src3"
V0399 named,5,107,64,1.5195210205515877,1.6914794333337462,1.605500226942667,TYC_3452_787_1|gaia_774271076054448768_src2|gaia_774287774887292672_src5|gaia_774288805679445888_src7|gaia_774289488578357504_src6,"TYC_3452_787_1,src2,src5,src7,src6"
V0399 named,5,107,64,1.5195210205515877,1.6914794333337462,1.605500226942667,TYC_3452_787_1|gaia_774271076054448768_src2|gaia_774287774887292672_src5|gaia_774288805679445888_src7|gaia_774290626745586944_src8,"TYC_3452_787_1,src2,src5,src7,src8"
V0399 named,5,107,64,1.5195210205515877,1.6914794333337462,1.605500226942667,TYC_3452_787_1|gaia_774271076054448768_src2|gaia_774287774887292672_src5|gaia_774289488578357504_src6|gaia_774290626745586944_src8,"TYC_3452_787_1,src2,src5,src6,src8"
V0399 named,5,107,64,1.5195210205515877,1.6914794333337462,1.605500226942667,TYC_3452_787_1|gaia_774272862760870784_src1|gaia_774287774887292672_src5|gaia_774288805679445888_src7|gaia_774289488578357504_src6,"TYC_3452_787_1,src1,src5,src7,src6"
V0399 named,5,107,64,1.5195210205515877,1.6914794333337462,1.605500226942667,TYC_3452_787_1|gaia_774272862760870784_src1|gaia_774287774887292672_src5|gaia_774288805679445888_src7|gaia_774290626745586944_src8,"TYC_3452_787_1,src1,src5,src7,src8"
V0399 named,5,107,64,1.5195210205515877,1.6914794333337462,1.605500226942667,TYC_3452_787_1|gaia_774272862760870784_src1|gaia_774287774887292672_src5|gaia_774289488578357504_src6|gaia_774290626745586944_src8,"TYC_3452_787_1,src1,src5,src6,src8"
V0399 named,5,107,64,1.5195210205515877,1.6914794333337462,1.605500226942667,TYC_3452_787_1|gaia_774287774887292672_src5|gaia_774288805679445888_src7|gaia_774289488578357504_src6|gaia_774384016513181696_src3,"TYC_3452_787_1,src5,src7,src6,src3"
V0399 named,5,107,64,1.5195210205515877,1.6914794333337462,1.605500226942667,TYC_3452_787_1|gaia_774287774887292672_src5|gaia_774288805679445888_src7|gaia_774290626745586944_src8|gaia_774384016513181696_src3,"TYC_3452_787_1,src5,src7,src8,src3"
V0399 named,5,107,64,1.5195210205515877,1.6914794333337462,1.605500226942667,TYC_3452_787_1|gaia_774287774887292672_src5|gaia_774289488578357504_src6|gaia_774290626745586944_src8|gaia_774384016513181696_src3,"TYC_3452_787_1,src5,src6,src8,src3"
V0399 named,5,107,64,1.5195210205515877,1.6914794333337462,1.605500226942667,gaia_774271076054448768_src2|gaia_774272862760870784_src1|gaia_774287774887292672_src5|gaia_774288805679445888_src7|gaia_774289488578357504_src6,"src2,src1,src5,src7,src6"
V0399 named,5,107,64,1.5195210205515877,1.6914794333337462,1.605500226942667,gaia_774271076054448768_src2|gaia_774272862760870784_src1|gaia_774287774887292672_src5|gaia_774288805679445888_src7|gaia_774290626745586944_src8,"src2,src1,src5,src7,src8"
V0399 named,5,107,64,1.5195210205515877,1.6914794333337462,1.605500226942667,gaia_774271076054448768_src2|gaia_774272862760870784_src1|gaia_774287774887292672_src5|gaia_774289488578357504_src6|gaia_774290626745586944_src8,"src2,src1,src5,src6,src8"
V0399 named,5,107,64,1.5195210205515877,1.6914794333337462,1.605500226942667,gaia_774271076054448768_src2|gaia_774287774887292672_src5|gaia_774288805679445888_src7|gaia_774289488578357504_src6|gaia_774384016513181696_src3,"src2,src5,src7,src6,src3"
V0399 named,5,107,64,1.5195210205515877,1.6914794333337462,1.605500226942667,gaia_774271076054448768_src2|gaia_774287774887292672_src5|gaia_774288805679445888_src7|gaia_774290626745586944_src8|gaia_774384016513181696_src3,"src2,src5,src7,src8,src3"
V0399 named,5,107,64,1.5195210205515877,1.6914794333337462,1.605500226942667,gaia_774271076054448768_src2|gaia_774287774887292672_src5|gaia_774289488578357504_src6|gaia_774290626745586944_src8|gaia_774384016513181696_src3,"src2,src5,src6,src8,src3"
V0399 named,5,107,64,1.5195210205515877,1.6914794333337462,1.605500226942667,gaia_774272862760870784_src1|gaia_774287774887292672_src5|gaia_774288805679445888_src7|gaia_774289488578357504_src6|gaia_774384016513181696_src3,"src1,src5,src7,src6,src3"
V0399 named,5,107,64,1.5195210205515877,1.6914794333337462,1.605500226942667,gaia_774272862760870784_src1|gaia_774287774887292672_src5|gaia_774288805679445888_src7|gaia_774290626745586944_src8|gaia_774384016513181696_src3,"src1,src5,src7,src8,src3"
V0399 named,5,107,64,1.5195210205515877,1.6914794333337462,1.605500226942667,gaia_774272862760870784_src1|gaia_774287774887292672_src5|gaia_774289488578357504_src6|gaia_774290626745586944_src8|gaia_774384016513181696_src3,"src1,src5,src6,src8,src3"
V0399 named,7,107,64,1.5195210205515877,1.6914794333337462,1.605500226942667,HD_103187|HD_103405|TYC_3452_787_1|gaia_774287774887292672_src5|gaia_774288805679445888_src7|gaia_774289488578357504_src6|gaia_774290626745586944_src8,"HD_103187,HD_103405,TYC_3452_787_1,src5,src7,src6,src8"
V0399 named,7,107,64,1.5195210205515877,1.6914794333337462,1.605500226942667,HD_103187|HD_103405|gaia_774271076054448768_src2|gaia_774287774887292672_src5|gaia_774288805679445888_src7|gaia_774289488578357504_src6|gaia_774290626745586944_src8,"HD_103187,HD_103405,src2,src5,src7,src6,src8"
V0399 named,7,107,64,1.5195210205515877,1.6914794333337462,1.605500226942667,HD_103187|HD_103405|gaia_774272862760870784_src1|gaia_774287774887292672_src5|gaia_774288805679445888_src7|gaia_774289488578357504_src6|gaia_774290626745586944_src8,"HD_103187,HD_103405,src1,src5,src7,src6,src8"
V0399 named,7,107,64,1.5195210205515877,1.6914794333337462,1.605500226942667,HD_103187|HD_103405|gaia_774287774887292672_src5|gaia_774288805679445888_src7|gaia_774289488578357504_src6|gaia_774290626745586944_src8|gaia_774384016513181696_src3,"HD_103187,HD_103405,src5,src7,src6,src8,src3"
V0399 named,7,107,64,1.5195210205515877,1.6914794333337462,1.605500226942667,HD_103187|TYC_3452_787_1|gaia_774271076054448768_src2|gaia_774287774887292672_src5|gaia_774288805679445888_src7|gaia_774289488578357504_src6|gaia_774290626745586944_src8,"HD_103187,TYC_3452_787_1,src2,src5,src7,src6,src8"
V0399 named,7,107,64,1.5195210205515877,1.6914794333337462,1.605500226942667,HD_103187|TYC_3452_787_1|gaia_774272862760870784_src1|gaia_774287774887292672_src5|gaia_774288805679445888_src7|gaia_774289488578357504_src6|gaia_774290626745586944_src8,"HD_103187,TYC_3452_787_1,src1,src5,src7,src6,src8"
V0399 named,7,107,64,1.5195210205515877,1.6914794333337462,1.605500226942667,HD_103187|TYC_3452_787_1|gaia_774287774887292672_src5|gaia_774288805679445888_src7|gaia_774289488578357504_src6|gaia_774290626745586944_src8|gaia_774384016513181696_src3,"HD_103187,TYC_3452_787_1,src5,src7,src6,src8,src3"
V0399 named,7,107,64,1.5195210205515877,1.6914794333337462,1.605500226942667,HD_103187|gaia_774271076054448768_src2|gaia_774272862760870784_src1|gaia_774287774887292672_src5|gaia_774288805679445888_src7|gaia_774289488578357504_src6|gaia_774290626745586944_src8,"HD_103187,src2,src1,src5,src7,src6,src8"
V0399 named,7,107,64,1.5195210205515877,1.6914794333337462,1.605500226942667,HD_103187|gaia_774271076054448768_src2|gaia_774287774887292672_src5|gaia_774288805679445888_src7|gaia_774289488578357504_src6|gaia_774290626745586944_src8|gaia_774384016513181696_src3,"HD_103187,src2,src5,src7,src6,src8,src3"
V0399 named,7,107,64,1.5195210205515877,1.6914794333337462,1.605500226942667,HD_103187|gaia_774272862760870784_src1|gaia_774287774887292672_src5|gaia_774288805679445888_src7|gaia_774289488578357504_src6|gaia_774290626745586944_src8|gaia_774384016513181696_src3,"HD_103187,src1,src5,src7,src6,src8,src3"
V0399 named,7,107,64,1.5195210205515877,1.6914794333337462,1.605500226942667,HD_103405|TYC_3452_787_1|gaia_774271076054448768_src2|gaia_774287774887292672_src5|gaia_774288805679445888_src7|gaia_774289488578357504_src6|gaia_774290626745586944_src8,"HD_103405,TYC_3452_787_1,src2,src5,src7,src6,src8"
V0399 named,7,107,64,1.5195210205515877,1.6914794333337462,1.605500226942667,HD_103405|TYC_3452_787_1|gaia_774272862760870784_src1|gaia_774287774887292672_src5|gaia_774288805679445888_src7|gaia_774289488578357504_src6|gaia_774290626745586944_src8,"HD_103405,TYC_3452_787_1,src1,src5,src7,src6,src8"
V0399 named,7,107,64,1.5195210205515877,1.6914794333337462,1.605500226942667,HD_103405|TYC_3452_787_1|gaia_774287774887292672_src5|gaia_774288805679445888_src7|gaia_774289488578357504_src6|gaia_774290626745586944_src8|gaia_774384016513181696_src3,"HD_103405,TYC_3452_787_1,src5,src7,src6,src8,src3"
V0399 named,7,107,64,1.5195210205515877,1.6914794333337462,1.605500226942667,HD_103405|gaia_774271076054448768_src2|gaia_774272862760870784_src1|gaia_774287774887292672_src5|gaia_774288805679445888_src7|gaia_774289488578357504_src6|gaia_774290626745586944_src8,"HD_103405,src2,src1,src5,src7,src6,src8"
V0399 named,7,107,64,1.5195210205515877,1.6914794333337462,1.605500226942667,HD_103405|gaia_774271076054448768_src2|gaia_774287774887292672_src5|gaia_774288805679445888_src7|gaia_774289488578357504_src6|gaia_774290626745586944_src8|gaia_774384016513181696_src3,"HD_103405,src2,src5,src7,src6,src8,src3"
V0399 named,7,107,64,1.5195210205515877,1.6914794333337462,1.605500226942667,HD_103405|gaia_774272862760870784_src1|gaia_774287774887292672_src5|gaia_774288805679445888_src7|gaia_774289488578357504_src6|gaia_774290626745586944_src8|gaia_774384016513181696_src3,"HD_103405,src1,src5,src7,src6,src8,src3"
V0399 named,7,107,64,1.5195210205515877,1.6914794333337462,1.605500226942667,TYC_3452_787_1|gaia_774271076054448768_src2|gaia_774272862760870784_src1|gaia_774287774887292672_src5|gaia_774288805679445888_src7|gaia_774289488578357504_src6|gaia_774290626745586944_src8,"TYC_3452_787_1,src2,src1,src5,src7,src6,src8"
V0399 named,7,107,64,1.5195210205515877,1.6914794333337462,1.605500226942667,TYC_3452_787_1|gaia_774271076054448768_src2|gaia_774287774887292672_src5|gaia_774288805679445888_src7|gaia_774289488578357504_src6|gaia_774290626745586944_src8|gaia_774384016513181696_src3,"TYC_3452_787_1,src2,src5,src7,src6,src8,src3"
V0399 named,7,107,64,1.5195210205515877,1.6914794333337462,1.605500226942667,TYC_3452_787_1|gaia_774272862760870784_src1|gaia_774287774887292672_src5|gaia_774288805679445888_src7|gaia_774289488578357504_src6|gaia_774290626745586944_src8|gaia_774384016513181696_src3,"TYC_3452_787_1,src1,src5,src7,src6,src8,src3"
V0399 named,7,107,64,1.5195210205515877,1.6914794333337462,1.605500226942667,gaia_774271076054448768_src2|gaia_774272862760870784_src1|gaia_774287774887292672_src5|gaia_774288805679445888_src7|gaia_774289488578357504_src6|gaia_774290626745586944_src8|gaia_774384016513181696_src3,"src2,src1,src5,src7,src6,src8,src3"
V0399 named,3,107,64,1.5195210205515877,1.6918455487159028,1.6056832846337452,gaia_774287774887292672_src5|gaia_774288805679445888_src7|gaia_774289041901756032_src4,"src5,src7,src4"
V0399 named,3,107,64,1.5195210205515877,1.6918455487159028,1.6056832846337452,gaia_774287774887292672_src5|gaia_774289041901756032_src4|gaia_774289488578357504_src6,"src5,src4,src6"
V0399 named,3,107,64,1.5195210205515877,1.6918455487159028,1.6056832846337452,gaia_774287774887292672_src5|gaia_774289041901756032_src4|gaia_774290626745586944_src8,"src5,src4,src8"
V0399 named,5,107,64,1.5195210205515877,1.6918455487159028,1.6056832846337452,HD_103187|gaia_774287774887292672_src5|gaia_774288805679445888_src7|gaia_774289041901756032_src4|gaia_774289488578357504_src6,"HD_103187,src5,src7,src4,src6"
V0399 named,5,107,64,1.5195210205515877,1.6918455487159028,1.6056832846337452,HD_103187|gaia_774287774887292672_src5|gaia_774288805679445888_src7|gaia_774289041901756032_src4|gaia_774290626745586944_src8,"HD_103187,src5,src7,src4,src8"
V0399 named,5,107,64,1.5195210205515877,1.6918455487159028,1.6056832846337452,HD_103187|gaia_774287774887292672_src5|gaia_774289041901756032_src4|gaia_774289488578357504_src6|gaia_774290626745586944_src8,"HD_103187,src5,src4,src6,src8"
V0399 named,5,107,64,1.5195210205515877,1.6918455487159028,1.6056832846337452,HD_103405|gaia_774287774887292672_src5|gaia_774288805679445888_src7|gaia_774289041901756032_src4|gaia_774289488578357504_src6,"HD_103405,src5,src7,src4,src6"
V0399 named,5,107,64,1.5195210205515877,1.6918455487159028,1.6056832846337452,HD_103405|gaia_774287774887292672_src5|gaia_774288805679445888_src7|gaia_774289041901756032_src4|gaia_774290626745586944_src8,"HD_103405,src5,src7,src4,src8"
V0399 named,5,107,64,1.5195210205515877,1.6918455487159028,1.6056832846337452,HD_103405|gaia_774287774887292672_src5|gaia_774289041901756032_src4|gaia_774289488578357504_src6|gaia_774290626745586944_src8,"HD_103405,src5,src4,src6,src8"
V0399 named,5,107,64,1.5195210205515877,1.6918455487159028,1.6056832846337452,TYC_3452_787_1|gaia_774287774887292672_src5|gaia_774288805679445888_src7|gaia_774289041901756032_src4|gaia_774289488578357504_src6,"TYC_3452_787_1,src5,src7,src4,src6"
V0399 named,5,107,64,1.5195210205515877,1.6918455487159028,1.6056832846337452,TYC_3452_787_1|gaia_774287774887292672_src5|gaia_774288805679445888_src7|gaia_774289041901756032_src4|gaia_774290626745586944_src8,"TYC_3452_787_1,src5,src7,src4,src8"
V0399 named,5,107,64,1.5195210205515877,1.6918455487159028,1.6056832846337452,TYC_3452_787_1|gaia_774287774887292672_src5|gaia_774289041901756032_src4|gaia_774289488578357504_src6|gaia_774290626745586944_src8,"TYC_3452_787_1,src5,src4,src6,src8"
V0399 named,5,107,64,1.5195210205515877,1.6918455487159028,1.6056832846337452,gaia_774271076054448768_src2|gaia_774287774887292672_src5|gaia_774288805679445888_src7|gaia_774289041901756032_src4|gaia_774289488578357504_src6,"src2,src5,src7,src4,src6"
V0399 named,5,107,64,1.5195210205515877,1.6918455487159028,1.6056832846337452,gaia_774271076054448768_src2|gaia_774287774887292672_src5|gaia_774288805679445888_src7|gaia_774289041901756032_src4|gaia_774290626745586944_src8,"src2,src5,src7,src4,src8"
V0399 named,5,107,64,1.5195210205515877,1.6918455487159028,1.6056832846337452,gaia_774271076054448768_src2|gaia_774287774887292672_src5|gaia_774289041901756032_src4|gaia_774289488578357504_src6|gaia_774290626745586944_src8,"src2,src5,src4,src6,src8"
V0399 named,5,107,64,1.5195210205515877,1.6918455487159028,1.6056832846337452,gaia_774272862760870784_src1|gaia_774287774887292672_src5|gaia_774288805679445888_src7|gaia_774289041901756032_src4|gaia_774289488578357504_src6,"src1,src5,src7,src4,src6"
V0399 named,5,107,64,1.5195210205515877,1.6918455487159028,1.6056832846337452,gaia_774272862760870784_src1|gaia_774287774887292672_src5|gaia_774288805679445888_src7|gaia_774289041901756032_src4|gaia_774290626745586944_src8,"src1,src5,src7,src4,src8"
V0399 named,5,107,64,1.5195210205515877,1.6918455487159028,1.6056832846337452,gaia_774272862760870784_src1|gaia_774287774887292672_src5|gaia_774289041901756032_src4|gaia_774289488578357504_src6|gaia_774290626745586944_src8,"src1,src5,src4,src6,src8"
V0399 named,5,107,64,1.5195210205515877,1.6918455487159028,1.6056832846337452,gaia_774287774887292672_src5|gaia_774288805679445888_src7|gaia_774289041901756032_src4|gaia_774289488578357504_src6|gaia_774384016513181696_src3,"src5,src7,src4,src6,src3"
V0399 named,5,107,64,1.5195210205515877,1.6918455487159028,1.6056832846337452,gaia_774287774887292672_src5|gaia_774288805679445888_src7|gaia_774289041901756032_src4|gaia_774290626745586944_src8|gaia_774384016513181696_src3,"src5,src7,src4,src8,src3"
V0399 named,5,107,64,1.5195210205515877,1.6918455487159028,1.6056832846337452,gaia_774287774887292672_src5|gaia_774289041901756032_src4|gaia_774289488578357504_src6|gaia_774290626745586944_src8|gaia_774384016513181696_src3,"src5,src4,src6,src8,src3"
V0399 named,7,107,64,1.5195210205515877,1.6918455487159028,1.6056832846337452,HD_103187|HD_103405|gaia_774287774887292672_src5|gaia_774288805679445888_src7|gaia_774289041901756032_src4|gaia_774289488578357504_src6|gaia_774290626745586944_src8,"HD_103187,HD_103405,src5,src7,src4,src6,src8"
V0399 named,7,107,64,1.5195210205515877,1.6918455487159028,1.6056832846337452,HD_103187|TYC_3452_787_1|gaia_774287774887292672_src5|gaia_774288805679445888_src7|gaia_774289041901756032_src4|gaia_774289488578357504_src6|gaia_774290626745586944_src8,"HD_103187,TYC_3452_787_1,src5,src7,src4,src6,src8"
V0399 named,7,107,64,1.5195210205515877,1.6918455487159028,1.6056832846337452,HD_103187|gaia_774271076054448768_src2|gaia_774287774887292672_src5|gaia_774288805679445888_src7|gaia_774289041901756032_src4|gaia_774289488578357504_src6|gaia_774290626745586944_src8,"HD_103187,src2,src5,src7,src4,src6,src8"
V0399 named,7,107,64,1.5195210205515877,1.6918455487159028,1.6056832846337452,HD_103187|gaia_774272862760870784_src1|gaia_774287774887292672_src5|gaia_774288805679445888_src7|gaia_774289041901756032_src4|gaia_774289488578357504_src6|gaia_774290626745586944_src8,"HD_103187,src1,src5,src7,src4,src6,src8"
V0399 named,7,107,64,1.5195210205515877,1.6918455487159028,1.6056832846337452,HD_103187|gaia_774287774887292672_src5|gaia_774288805679445888_src7|gaia_774289041901756032_src4|gaia_774289488578357504_src6|gaia_774290626745586944_src8|gaia_774384016513181696_src3,"HD_103187,src5,src7,src4,src6,src8,src3"
V0399 named,7,107,64,1.5195210205515877,1.6918455487159028,1.6056832846337452,HD_103405|TYC_3452_787_1|gaia_774287774887292672_src5|gaia_774288805679445888_src7|gaia_774289041901756032_src4|gaia_774289488578357504_src6|gaia_774290626745586944_src8,"HD_103405,TYC_3452_787_1,src5,src7,src4,src6,src8"
V0399 named,7,107,64,1.5195210205515877,1.6918455487159028,1.6056832846337452,HD_103405|gaia_774271076054448768_src2|gaia_774287774887292672_src5|gaia_774288805679445888_src7|gaia_774289041901756032_src4|gaia_774289488578357504_src6|gaia_774290626745586944_src8,"HD_103405,src2,src5,src7,src4,src6,src8"
V0399 named,7,107,64,1.5195210205515877,1.6918455487159028,1.6056832846337452,HD_103405|gaia_774272862760870784_src1|gaia_774287774887292672_src5|gaia_774288805679445888_src7|gaia_774289041901756032_src4|gaia_774289488578357504_src6|gaia_774290626745586944_src8,"HD_103405,src1,src5,src7,src4,src6,src8"
V0399 named,7,107,64,1.5195210205515877,1.6918455487159028,1.6056832846337452,HD_103405|gaia_774287774887292672_src5|gaia_774288805679445888_src7|gaia_774289041901756032_src4|gaia_774289488578357504_src6|gaia_774290626745586944_src8|gaia_774384016513181696_src3,"HD_103405,src5,src7,src4,src6,src8,src3"
V0399 named,7,107,64,1.5195210205515877,1.6918455487159028,1.6056832846337452,TYC_3452_787_1|gaia_774271076054448768_src2|gaia_774287774887292672_src5|gaia_774288805679445888_src7|gaia_774289041901756032_src4|gaia_774289488578357504_src6|gaia_774290626745586944_src8,"TYC_3452_787_1,src2,src5,src7,src4,src6,src8"
V0399 named,7,107,64,1.5195210205515877,1.6918455487159028,1.6056832846337452,TYC_3452_787_1|gaia_774272862760870784_src1|gaia_774287774887292672_src5|gaia_774288805679445888_src7|gaia_774289041901756032_src4|gaia_774289488578357504_src6|gaia_774290626745586944_src8,"TYC_3452_787_1,src1,src5,src7,src4,src6,src8"
V0399 named,7,107,64,1.5195210205515877,1.6918455487159028,1.6056832846337452,TYC_3452_787_1|gaia_774287774887292672_src5|gaia_774288805679445888_src7|gaia_774289041901756032_src4|gaia_774289488578357504_src6|gaia_774290626745586944_src8|gaia_774384016513181696_src3,"TYC_3452_787_1,src5,src7,src4,src6,src8,src3"
V0399 named,7,107,64,1.5195210205515877,1.6918455487159028,1.6056832846337452,gaia_774271076054448768_src2|gaia_774272862760870784_src1|gaia_774287774887292672_src5|gaia_774288805679445888_src7|gaia_774289041901756032_src4|gaia_774289488578357504_src6|gaia_774290626745586944_src8,"src2,src1,src5,src7,src4,src6,src8"
V0399 named,7,107,64,1.5195210205515877,1.6918455487159028,1.6056832846337452,gaia_774271076054448768_src2|gaia_774287774887292672_src5|gaia_774288805679445888_src7|gaia_774289041901756032_src4|gaia_774289488578357504_src6|gaia_774290626745586944_src8|gaia_774384016513181696_src3,"src2,src5,src7,src4,src6,src8,src3"
V0399 named,7,107,64,1.5195210205515877,1.6918455487159028,1.6056832846337452,gaia_774272862760870784_src1|gaia_774287774887292672_src5|gaia_774288805679445888_src7|gaia_774289041901756032_src4|gaia_774289488578357504_src6|gaia_774290626745586944_src8|gaia_774384016513181696_src3,"src1,src5,src7,src4,src6,src8,src3"
V0399 named,4,107,64,1.3665402477849768,1.8611040277149882,1.6138221377499824,HD_103187|HD_103405|gaia_774288805679445888_src7|gaia_774289488578357504_src6,"HD_103187,HD_103405,src7,src6"
V0399 named,4,107,64,1.3665402477849768,1.8611040277149882,1.6138221377499824,HD_103187|HD_103405|gaia_774289488578357504_src6|gaia_774290626745586944_src8,"HD_103187,HD_103405,src6,src8"
V0399 named,4,107,64,1.3665402477849768,1.8611040277149882,1.6138221377499824,HD_103405|TYC_3452_787_1|gaia_774288805679445888_src7|gaia_774289488578357504_src6,"HD_103405,TYC_3452_787_1,src7,src6"
V0399 named,4,107,64,1.3665402477849768,1.8611040277149882,1.6138221377499824,HD_103405|TYC_3452_787_1|gaia_774289488578357504_src6|gaia_774290626745586944_src8,"HD_103405,TYC_3452_787_1,src6,src8"
V0399 named,6,107,64,1.3665402477849768,1.8611040277149882,1.6138221377499824,HD_103187|HD_103405|TYC_3452_787_1|gaia_774288805679445888_src7|gaia_774289488578357504_src6|gaia_774290626745586944_src8,"HD_103187,HD_103405,TYC_3452_787_1,src7,src6,src8"
V0399 named,3,107,64,1.7541636889161323,1.480697124833907,1.6174304068750196,HD_103187|gaia_774271076054448768_src2|gaia_774272862760870784_src1,"HD_103187,src2,src1"
V0399 named,3,107,64,1.7541636889161323,1.480697124833907,1.6174304068750196,HD_103187|gaia_774272862760870784_src1|gaia_774287774887292672_src5,"HD_103187,src1,src5"
V0399 named,3,107,64,1.7541636889161323,1.480697124833907,1.6174304068750196,HD_103187|gaia_774272862760870784_src1|gaia_774288805679445888_src7,"HD_103187,src1,src7"
V0399 named,3,107,64,1.7541636889161323,1.480697124833907,1.6174304068750196,HD_103187|gaia_774272862760870784_src1|gaia_774289041901756032_src4,"HD_103187,src1,src4"
V0399 named,3,107,64,1.7541636889161323,1.480697124833907,1.6174304068750196,HD_103187|gaia_774272862760870784_src1|gaia_774289488578357504_src6,"HD_103187,src1,src6"
V0399 named,3,107,64,1.7541636889161323,1.480697124833907,1.6174304068750196,HD_103187|gaia_774272862760870784_src1|gaia_774290626745586944_src8,"HD_103187,src1,src8"
V0399 named,3,107,64,1.7541636889161323,1.480697124833907,1.6174304068750196,HD_103187|gaia_774272862760870784_src1|gaia_774384016513181696_src3,"HD_103187,src1,src3"
V0399 named,3,107,64,1.7541636889161323,1.480697124833907,1.6174304068750196,HD_103405|gaia_774271076054448768_src2|gaia_774272862760870784_src1,"HD_103405,src2,src1"
V0399 named,3,107,64,1.7541636889161323,1.480697124833907,1.6174304068750196,HD_103405|gaia_774272862760870784_src1|gaia_774287774887292672_src5,"HD_103405,src1,src5"
V0399 named,3,107,64,1.7541636889161323,1.480697124833907,1.6174304068750196,HD_103405|gaia_774272862760870784_src1|gaia_774288805679445888_src7,"HD_103405,src1,src7"
V0399 named,3,107,64,1.7541636889161323,1.480697124833907,1.6174304068750196,HD_103405|gaia_774272862760870784_src1|gaia_774289041901756032_src4,"HD_103405,src1,src4"
V0399 named,3,107,64,1.7541636889161323,1.480697124833907,1.6174304068750196,HD_103405|gaia_774272862760870784_src1|gaia_774289488578357504_src6,"HD_103405,src1,src6"
V0399 named,3,107,64,1.7541636889161323,1.480697124833907,1.6174304068750196,HD_103405|gaia_774272862760870784_src1|gaia_774290626745586944_src8,"HD_103405,src1,src8"
V0399 named,3,107,64,1.7541636889161323,1.480697124833907,1.6174304068750196,HD_103405|gaia_774272862760870784_src1|gaia_774384016513181696_src3,"HD_103405,src1,src3"
V0399 named,3,107,64,1.7541636889161323,1.480697124833907,1.6174304068750196,TYC_3452_787_1|gaia_774271076054448768_src2|gaia_774272862760870784_src1,"TYC_3452_787_1,src2,src1"
V0399 named,3,107,64,1.7541636889161323,1.480697124833907,1.6174304068750196,TYC_3452_787_1|gaia_774272862760870784_src1|gaia_774287774887292672_src5,"TYC_3452_787_1,src1,src5"
V0399 named,3,107,64,1.7541636889161323,1.480697124833907,1.6174304068750196,TYC_3452_787_1|gaia_774272862760870784_src1|gaia_774288805679445888_src7,"TYC_3452_787_1,src1,src7"
V0399 named,3,107,64,1.7541636889161323,1.480697124833907,1.6174304068750196,TYC_3452_787_1|gaia_774272862760870784_src1|gaia_774289041901756032_src4,"TYC_3452_787_1,src1,src4"
V0399 named,3,107,64,1.7541636889161323,1.480697124833907,1.6174304068750196,TYC_3452_787_1|gaia_774272862760870784_src1|gaia_774289488578357504_src6,"TYC_3452_787_1,src1,src6"
V0399 named,3,107,64,1.7541636889161323,1.480697124833907,1.6174304068750196,TYC_3452_787_1|gaia_774272862760870784_src1|gaia_774290626745586944_src8,"TYC_3452_787_1,src1,src8"
V0399 named,3,107,64,1.7541636889161323,1.480697124833907,1.6174304068750196,TYC_3452_787_1|gaia_774272862760870784_src1|gaia_774384016513181696_src3,"TYC_3452_787_1,src1,src3"
V0399 named,5,107,64,1.7541636889161323,1.480697124833907,1.6174304068750196,HD_103187|HD_103405|gaia_774271076054448768_src2|gaia_774272862760870784_src1|gaia_774287774887292672_src5,"HD_103187,HD_103405,src2,src1,src5"
V0399 named,5,107,64,1.7541636889161323,1.480697124833907,1.6174304068750196,HD_103187|HD_103405|gaia_774271076054448768_src2|gaia_774272862760870784_src1|gaia_774288805679445888_src7,"HD_103187,HD_103405,src2,src1,src7"
V0399 named,5,107,64,1.7541636889161323,1.480697124833907,1.6174304068750196,HD_103187|HD_103405|gaia_774271076054448768_src2|gaia_774272862760870784_src1|gaia_774289041901756032_src4,"HD_103187,HD_103405,src2,src1,src4"
V0399 named,5,107,64,1.7541636889161323,1.480697124833907,1.6174304068750196,HD_103187|HD_103405|gaia_774271076054448768_src2|gaia_774272862760870784_src1|gaia_774289488578357504_src6,"HD_103187,HD_103405,src2,src1,src6"
V0399 named,5,107,64,1.7541636889161323,1.480697124833907,1.6174304068750196,HD_103187|HD_103405|gaia_774271076054448768_src2|gaia_774272862760870784_src1|gaia_774290626745586944_src8,"HD_103187,HD_103405,src2,src1,src8"
V0399 named,5,107,64,1.7541636889161323,1.480697124833907,1.6174304068750196,HD_103187|HD_103405|gaia_774271076054448768_src2|gaia_774272862760870784_src1|gaia_774384016513181696_src3,"HD_103187,HD_103405,src2,src1,src3"
V0399 named,5,107,64,1.7541636889161323,1.480697124833907,1.6174304068750196,HD_103187|HD_103405|gaia_774272862760870784_src1|gaia_774287774887292672_src5|gaia_774288805679445888_src7,"HD_103187,HD_103405,src1,src5,src7"
V0399 named,5,107,64,1.7541636889161323,1.480697124833907,1.6174304068750196,HD_103187|HD_103405|gaia_774272862760870784_src1|gaia_774287774887292672_src5|gaia_774289041901756032_src4,"HD_103187,HD_103405,src1,src5,src4"
V0399 named,5,107,64,1.7541636889161323,1.480697124833907,1.6174304068750196,HD_103187|HD_103405|gaia_774272862760870784_src1|gaia_774287774887292672_src5|gaia_774289488578357504_src6,"HD_103187,HD_103405,src1,src5,src6"
V0399 named,5,107,64,1.7541636889161323,1.480697124833907,1.6174304068750196,HD_103187|HD_103405|gaia_774272862760870784_src1|gaia_774287774887292672_src5|gaia_774290626745586944_src8,"HD_103187,HD_103405,src1,src5,src8"
V0399 named,5,107,64,1.7541636889161323,1.480697124833907,1.6174304068750196,HD_103187|HD_103405|gaia_774272862760870784_src1|gaia_774287774887292672_src5|gaia_774384016513181696_src3,"HD_103187,HD_103405,src1,src5,src3"
V0399 named,5,107,64,1.7541636889161323,1.480697124833907,1.6174304068750196,HD_103187|HD_103405|gaia_774272862760870784_src1|gaia_774288805679445888_src7|gaia_774289041901756032_src4,"HD_103187,HD_103405,src1,src7,src4"
V0399 named,5,107,64,1.7541636889161323,1.480697124833907,1.6174304068750196,HD_103187|HD_103405|gaia_774272862760870784_src1|gaia_774288805679445888_src7|gaia_774289488578357504_src6,"HD_103187,HD_103405,src1,src7,src6"
V0399 named,5,107,64,1.7541636889161323,1.480697124833907,1.6174304068750196,HD_103187|HD_103405|gaia_774272862760870784_src1|gaia_774288805679445888_src7|gaia_774290626745586944_src8,"HD_103187,HD_103405,src1,src7,src8"
V0399 named,5,107,64,1.7541636889161323,1.480697124833907,1.6174304068750196,HD_103187|HD_103405|gaia_774272862760870784_src1|gaia_774288805679445888_src7|gaia_774384016513181696_src3,"HD_103187,HD_103405,src1,src7,src3"
V0399 named,5,107,64,1.7541636889161323,1.480697124833907,1.6174304068750196,HD_103187|HD_103405|gaia_774272862760870784_src1|gaia_774289041901756032_src4|gaia_774289488578357504_src6,"HD_103187,HD_103405,src1,src4,src6"
V0399 named,5,107,64,1.7541636889161323,1.480697124833907,1.6174304068750196,HD_103187|HD_103405|gaia_774272862760870784_src1|gaia_774289041901756032_src4|gaia_774290626745586944_src8,"HD_103187,HD_103405,src1,src4,src8"
V0399 named,5,107,64,1.7541636889161323,1.480697124833907,1.6174304068750196,HD_103187|HD_103405|gaia_774272862760870784_src1|gaia_774289041901756032_src4|gaia_774384016513181696_src3,"HD_103187,HD_103405,src1,src4,src3"
V0399 named,5,107,64,1.7541636889161323,1.480697124833907,1.6174304068750196,HD_103187|HD_103405|gaia_774272862760870784_src1|gaia_774289488578357504_src6|gaia_774290626745586944_src8,"HD_103187,HD_103405,src1,src6,src8"
V0399 named,5,107,64,1.7541636889161323,1.480697124833907,1.6174304068750196,HD_103187|HD_103405|gaia_774272862760870784_src1|gaia_774289488578357504_src6|gaia_774384016513181696_src3,"HD_103187,HD_103405,src1,src6,src3"
V0399 named,5,107,64,1.7541636889161323,1.480697124833907,1.6174304068750196,HD_103187|HD_103405|gaia_774272862760870784_src1|gaia_774290626745586944_src8|gaia_774384016513181696_src3,"HD_103187,HD_103405,src1,src8,src3"
V0399 named,5,107,64,1.7541636889161323,1.480697124833907,1.6174304068750196,HD_103187|TYC_3452_787_1|gaia_774271076054448768_src2|gaia_774272862760870784_src1|gaia_774287774887292672_src5,"HD_103187,TYC_3452_787_1,src2,src1,src5"
V0399 named,5,107,64,1.7541636889161323,1.480697124833907,1.6174304068750196,HD_103187|TYC_3452_787_1|gaia_774271076054448768_src2|gaia_774272862760870784_src1|gaia_774288805679445888_src7,"HD_103187,TYC_3452_787_1,src2,src1,src7"
V0399 named,5,107,64,1.7541636889161323,1.480697124833907,1.6174304068750196,HD_103187|TYC_3452_787_1|gaia_774271076054448768_src2|gaia_774272862760870784_src1|gaia_774289041901756032_src4,"HD_103187,TYC_3452_787_1,src2,src1,src4"
V0399 named,5,107,64,1.7541636889161323,1.480697124833907,1.6174304068750196,HD_103187|TYC_3452_787_1|gaia_774271076054448768_src2|gaia_774272862760870784_src1|gaia_774289488578357504_src6,"HD_103187,TYC_3452_787_1,src2,src1,src6"
V0399 named,5,107,64,1.7541636889161323,1.480697124833907,1.6174304068750196,HD_103187|TYC_3452_787_1|gaia_774271076054448768_src2|gaia_774272862760870784_src1|gaia_774290626745586944_src8,"HD_103187,TYC_3452_787_1,src2,src1,src8"
V0399 named,5,107,64,1.7541636889161323,1.480697124833907,1.6174304068750196,HD_103187|TYC_3452_787_1|gaia_774271076054448768_src2|gaia_774272862760870784_src1|gaia_774384016513181696_src3,"HD_103187,TYC_3452_787_1,src2,src1,src3"
V0399 named,5,107,64,1.7541636889161323,1.480697124833907,1.6174304068750196,HD_103187|TYC_3452_787_1|gaia_774272862760870784_src1|gaia_774287774887292672_src5|gaia_774288805679445888_src7,"HD_103187,TYC_3452_787_1,src1,src5,src7"
V0399 named,5,107,64,1.7541636889161323,1.480697124833907,1.6174304068750196,HD_103187|TYC_3452_787_1|gaia_774272862760870784_src1|gaia_774287774887292672_src5|gaia_774289041901756032_src4,"HD_103187,TYC_3452_787_1,src1,src5,src4"
V0399 named,5,107,64,1.7541636889161323,1.480697124833907,1.6174304068750196,HD_103187|TYC_3452_787_1|gaia_774272862760870784_src1|gaia_774287774887292672_src5|gaia_774289488578357504_src6,"HD_103187,TYC_3452_787_1,src1,src5,src6"
V0399 named,5,107,64,1.7541636889161323,1.480697124833907,1.6174304068750196,HD_103187|TYC_3452_787_1|gaia_774272862760870784_src1|gaia_774287774887292672_src5|gaia_774290626745586944_src8,"HD_103187,TYC_3452_787_1,src1,src5,src8"
V0399 named,5,107,64,1.7541636889161323,1.480697124833907,1.6174304068750196,HD_103187|TYC_3452_787_1|gaia_774272862760870784_src1|gaia_774287774887292672_src5|gaia_774384016513181696_src3,"HD_103187,TYC_3452_787_1,src1,src5,src3"
V0399 named,5,107,64,1.7541636889161323,1.480697124833907,1.6174304068750196,HD_103187|TYC_3452_787_1|gaia_774272862760870784_src1|gaia_774288805679445888_src7|gaia_774289041901756032_src4,"HD_103187,TYC_3452_787_1,src1,src7,src4"
V0399 named,5,107,64,1.7541636889161323,1.480697124833907,1.6174304068750196,HD_103187|TYC_3452_787_1|gaia_774272862760870784_src1|gaia_774288805679445888_src7|gaia_774289488578357504_src6,"HD_103187,TYC_3452_787_1,src1,src7,src6"
V0399 named,5,107,64,1.7541636889161323,1.480697124833907,1.6174304068750196,HD_103187|TYC_3452_787_1|gaia_774272862760870784_src1|gaia_774288805679445888_src7|gaia_774290626745586944_src8,"HD_103187,TYC_3452_787_1,src1,src7,src8"
V0399 named,5,107,64,1.7541636889161323,1.480697124833907,1.6174304068750196,HD_103187|TYC_3452_787_1|gaia_774272862760870784_src1|gaia_774288805679445888_src7|gaia_774384016513181696_src3,"HD_103187,TYC_3452_787_1,src1,src7,src3"
V0399 named,5,107,64,1.7541636889161323,1.480697124833907,1.6174304068750196,HD_103187|TYC_3452_787_1|gaia_774272862760870784_src1|gaia_774289041901756032_src4|gaia_774289488578357504_src6,"HD_103187,TYC_3452_787_1,src1,src4,src6"
V0399 named,5,107,64,1.7541636889161323,1.480697124833907,1.6174304068750196,HD_103187|TYC_3452_787_1|gaia_774272862760870784_src1|gaia_774289041901756032_src4|gaia_774290626745586944_src8,"HD_103187,TYC_3452_787_1,src1,src4,src8"
V0399 named,5,107,64,1.7541636889161323,1.480697124833907,1.6174304068750196,HD_103187|TYC_3452_787_1|gaia_774272862760870784_src1|gaia_774289041901756032_src4|gaia_774384016513181696_src3,"HD_103187,TYC_3452_787_1,src1,src4,src3"
V0399 named,5,107,64,1.7541636889161323,1.480697124833907,1.6174304068750196,HD_103187|TYC_3452_787_1|gaia_774272862760870784_src1|gaia_774289488578357504_src6|gaia_774290626745586944_src8,"HD_103187,TYC_3452_787_1,src1,src6,src8"
V0399 named,5,107,64,1.7541636889161323,1.480697124833907,1.6174304068750196,HD_103187|TYC_3452_787_1|gaia_774272862760870784_src1|gaia_774289488578357504_src6|gaia_774384016513181696_src3,"HD_103187,TYC_3452_787_1,src1,src6,src3"
V0399 named,5,107,64,1.7541636889161323,1.480697124833907,1.6174304068750196,HD_103187|TYC_3452_787_1|gaia_774272862760870784_src1|gaia_774290626745586944_src8|gaia_774384016513181696_src3,"HD_103187,TYC_3452_787_1,src1,src8,src3"
V0399 named,5,107,64,1.7541636889161323,1.480697124833907,1.6174304068750196,HD_103405|TYC_3452_787_1|gaia_774271076054448768_src2|gaia_774272862760870784_src1|gaia_774287774887292672_src5,"HD_103405,TYC_3452_787_1,src2,src1,src5"
V0399 named,5,107,64,1.7541636889161323,1.480697124833907,1.6174304068750196,HD_103405|TYC_3452_787_1|gaia_774271076054448768_src2|gaia_774272862760870784_src1|gaia_774288805679445888_src7,"HD_103405,TYC_3452_787_1,src2,src1,src7"
V0399 named,5,107,64,1.7541636889161323,1.480697124833907,1.6174304068750196,HD_103405|TYC_3452_787_1|gaia_774271076054448768_src2|gaia_774272862760870784_src1|gaia_774289041901756032_src4,"HD_103405,TYC_3452_787_1,src2,src1,src4"
V0399 named,5,107,64,1.7541636889161323,1.480697124833907,1.6174304068750196,HD_103405|TYC_3452_787_1|gaia_774271076054448768_src2|gaia_774272862760870784_src1|gaia_774289488578357504_src6,"HD_103405,TYC_3452_787_1,src2,src1,src6"
V0399 named,5,107,64,1.7541636889161323,1.480697124833907,1.6174304068750196,HD_103405|TYC_3452_787_1|gaia_774271076054448768_src2|gaia_774272862760870784_src1|gaia_774290626745586944_src8,"HD_103405,TYC_3452_787_1,src2,src1,src8"
V0399 named,5,107,64,1.7541636889161323,1.480697124833907,1.6174304068750196,HD_103405|TYC_3452_787_1|gaia_774271076054448768_src2|gaia_774272862760870784_src1|gaia_774384016513181696_src3,"HD_103405,TYC_3452_787_1,src2,src1,src3"
V0399 named,5,107,64,1.7541636889161323,1.480697124833907,1.6174304068750196,HD_103405|TYC_3452_787_1|gaia_774272862760870784_src1|gaia_774287774887292672_src5|gaia_774288805679445888_src7,"HD_103405,TYC_3452_787_1,src1,src5,src7"
V0399 named,5,107,64,1.7541636889161323,1.480697124833907,1.6174304068750196,HD_103405|TYC_3452_787_1|gaia_774272862760870784_src1|gaia_774287774887292672_src5|gaia_774289041901756032_src4,"HD_103405,TYC_3452_787_1,src1,src5,src4"
V0399 named,5,107,64,1.7541636889161323,1.480697124833907,1.6174304068750196,HD_103405|TYC_3452_787_1|gaia_774272862760870784_src1|gaia_774287774887292672_src5|gaia_774289488578357504_src6,"HD_103405,TYC_3452_787_1,src1,src5,src6"
V0399 named,5,107,64,1.7541636889161323,1.480697124833907,1.6174304068750196,HD_103405|TYC_3452_787_1|gaia_774272862760870784_src1|gaia_774287774887292672_src5|gaia_774290626745586944_src8,"HD_103405,TYC_3452_787_1,src1,src5,src8"
V0399 named,5,107,64,1.7541636889161323,1.480697124833907,1.6174304068750196,HD_103405|TYC_3452_787_1|gaia_774272862760870784_src1|gaia_774287774887292672_src5|gaia_774384016513181696_src3,"HD_103405,TYC_3452_787_1,src1,src5,src3"
V0399 named,5,107,64,1.7541636889161323,1.480697124833907,1.6174304068750196,HD_103405|TYC_3452_787_1|gaia_774272862760870784_src1|gaia_774288805679445888_src7|gaia_774289041901756032_src4,"HD_103405,TYC_3452_787_1,src1,src7,src4"
V0399 named,5,107,64,1.7541636889161323,1.480697124833907,1.6174304068750196,HD_103405|TYC_3452_787_1|gaia_774272862760870784_src1|gaia_774288805679445888_src7|gaia_774289488578357504_src6,"HD_103405,TYC_3452_787_1,src1,src7,src6"
V0399 named,5,107,64,1.7541636889161323,1.480697124833907,1.6174304068750196,HD_103405|TYC_3452_787_1|gaia_774272862760870784_src1|gaia_774288805679445888_src7|gaia_774290626745586944_src8,"HD_103405,TYC_3452_787_1,src1,src7,src8"
V0399 named,5,107,64,1.7541636889161323,1.480697124833907,1.6174304068750196,HD_103405|TYC_3452_787_1|gaia_774272862760870784_src1|gaia_774288805679445888_src7|gaia_774384016513181696_src3,"HD_103405,TYC_3452_787_1,src1,src7,src3"
V0399 named,5,107,64,1.7541636889161323,1.480697124833907,1.6174304068750196,HD_103405|TYC_3452_787_1|gaia_774272862760870784_src1|gaia_774289041901756032_src4|gaia_774289488578357504_src6,"HD_103405,TYC_3452_787_1,src1,src4,src6"
V0399 named,5,107,64,1.7541636889161323,1.480697124833907,1.6174304068750196,HD_103405|TYC_3452_787_1|gaia_774272862760870784_src1|gaia_774289041901756032_src4|gaia_774290626745586944_src8,"HD_103405,TYC_3452_787_1,src1,src4,src8"
V0399 named,5,107,64,1.7541636889161323,1.480697124833907,1.6174304068750196,HD_103405|TYC_3452_787_1|gaia_774272862760870784_src1|gaia_774289041901756032_src4|gaia_774384016513181696_src3,"HD_103405,TYC_3452_787_1,src1,src4,src3"
V0399 named,5,107,64,1.7541636889161323,1.480697124833907,1.6174304068750196,HD_103405|TYC_3452_787_1|gaia_774272862760870784_src1|gaia_774289488578357504_src6|gaia_774290626745586944_src8,"HD_103405,TYC_3452_787_1,src1,src6,src8"
V0399 named,5,107,64,1.7541636889161323,1.480697124833907,1.6174304068750196,HD_103405|TYC_3452_787_1|gaia_774272862760870784_src1|gaia_774289488578357504_src6|gaia_774384016513181696_src3,"HD_103405,TYC_3452_787_1,src1,src6,src3"
V0399 named,5,107,64,1.7541636889161323,1.480697124833907,1.6174304068750196,HD_103405|TYC_3452_787_1|gaia_774272862760870784_src1|gaia_774290626745586944_src8|gaia_774384016513181696_src3,"HD_103405,TYC_3452_787_1,src1,src8,src3"
V0399 named,7,107,64,1.7541636889161323,1.480697124833907,1.6174304068750196,HD_103187|HD_103405|TYC_3452_787_1|gaia_774271076054448768_src2|gaia_774272862760870784_src1|gaia_774287774887292672_src5|gaia_774288805679445888_src7,"HD_103187,HD_103405,TYC_3452_787_1,src2,src1,src5,src7"
V0399 named,7,107,64,1.7541636889161323,1.480697124833907,1.6174304068750196,HD_103187|HD_103405|TYC_3452_787_1|gaia_774271076054448768_src2|gaia_774272862760870784_src1|gaia_774287774887292672_src5|gaia_774289041901756032_src4,"HD_103187,HD_103405,TYC_3452_787_1,src2,src1,src5,src4"
V0399 named,7,107,64,1.7541636889161323,1.480697124833907,1.6174304068750196,HD_103187|HD_103405|TYC_3452_787_1|gaia_774271076054448768_src2|gaia_774272862760870784_src1|gaia_774287774887292672_src5|gaia_774289488578357504_src6,"HD_103187,HD_103405,TYC_3452_787_1,src2,src1,src5,src6"
V0399 named,7,107,64,1.7541636889161323,1.480697124833907,1.6174304068750196,HD_103187|HD_103405|TYC_3452_787_1|gaia_774271076054448768_src2|gaia_774272862760870784_src1|gaia_774287774887292672_src5|gaia_774290626745586944_src8,"HD_103187,HD_103405,TYC_3452_787_1,src2,src1,src5,src8"
V0399 named,7,107,64,1.7541636889161323,1.480697124833907,1.6174304068750196,HD_103187|HD_103405|TYC_3452_787_1|gaia_774271076054448768_src2|gaia_774272862760870784_src1|gaia_774287774887292672_src5|gaia_774384016513181696_src3,"HD_103187,HD_103405,TYC_3452_787_1,src2,src1,src5,src3"
V0399 named,7,107,64,1.7541636889161323,1.480697124833907,1.6174304068750196,HD_103187|HD_103405|TYC_3452_787_1|gaia_774271076054448768_src2|gaia_774272862760870784_src1|gaia_774288805679445888_src7|gaia_774289041901756032_src4,"HD_103187,HD_103405,TYC_3452_787_1,src2,src1,src7,src4"
V0399 named,7,107,64,1.7541636889161323,1.480697124833907,1.6174304068750196,HD_103187|HD_103405|TYC_3452_787_1|gaia_774271076054448768_src2|gaia_774272862760870784_src1|gaia_774288805679445888_src7|gaia_774289488578357504_src6,"HD_103187,HD_103405,TYC_3452_787_1,src2,src1,src7,src6"
V0399 named,7,107,64,1.7541636889161323,1.480697124833907,1.6174304068750196,HD_103187|HD_103405|TYC_3452_787_1|gaia_774271076054448768_src2|gaia_774272862760870784_src1|gaia_774288805679445888_src7|gaia_774290626745586944_src8,"HD_103187,HD_103405,TYC_3452_787_1,src2,src1,src7,src8"
V0399 named,7,107,64,1.7541636889161323,1.480697124833907,1.6174304068750196,HD_103187|HD_103405|TYC_3452_787_1|gaia_774271076054448768_src2|gaia_774272862760870784_src1|gaia_774288805679445888_src7|gaia_774384016513181696_src3,"HD_103187,HD_103405,TYC_3452_787_1,src2,src1,src7,src3"
V0399 named,7,107,64,1.7541636889161323,1.480697124833907,1.6174304068750196,HD_103187|HD_103405|TYC_3452_787_1|gaia_774271076054448768_src2|gaia_774272862760870784_src1|gaia_774289041901756032_src4|gaia_774289488578357504_src6,"HD_103187,HD_103405,TYC_3452_787_1,src2,src1,src4,src6"
V0399 named,7,107,64,1.7541636889161323,1.480697124833907,1.6174304068750196,HD_103187|HD_103405|TYC_3452_787_1|gaia_774271076054448768_src2|gaia_774272862760870784_src1|gaia_774289041901756032_src4|gaia_774290626745586944_src8,"HD_103187,HD_103405,TYC_3452_787_1,src2,src1,src4,src8"
V0399 named,7,107,64,1.7541636889161323,1.480697124833907,1.6174304068750196,HD_103187|HD_103405|TYC_3452_787_1|gaia_774271076054448768_src2|gaia_774272862760870784_src1|gaia_774289041901756032_src4|gaia_774384016513181696_src3,"HD_103187,HD_103405,TYC_3452_787_1,src2,src1,src4,src3"
V0399 named,7,107,64,1.7541636889161323,1.480697124833907,1.6174304068750196,HD_103187|HD_103405|TYC_3452_787_1|gaia_774271076054448768_src2|gaia_774272862760870784_src1|gaia_774289488578357504_src6|gaia_774290626745586944_src8,"HD_103187,HD_103405,TYC_3452_787_1,src2,src1,src6,src8"
V0399 named,7,107,64,1.7541636889161323,1.480697124833907,1.6174304068750196,HD_103187|HD_103405|TYC_3452_787_1|gaia_774271076054448768_src2|gaia_774272862760870784_src1|gaia_774289488578357504_src6|gaia_774384016513181696_src3,"HD_103187,HD_103405,TYC_3452_787_1,src2,src1,src6,src3"
V0399 named,7,107,64,1.7541636889161323,1.480697124833907,1.6174304068750196,HD_103187|HD_103405|TYC_3452_787_1|gaia_774271076054448768_src2|gaia_774272862760870784_src1|gaia_774290626745586944_src8|gaia_774384016513181696_src3,"HD_103187,HD_103405,TYC_3452_787_1,src2,src1,src8,src3"
V0399 named,7,107,64,1.7541636889161323,1.480697124833907,1.6174304068750196,HD_103187|HD_103405|TYC_3452_787_1|gaia_774272862760870784_src1|gaia_774287774887292672_src5|gaia_774288805679445888_src7|gaia_774289041901756032_src4,"HD_103187,HD_103405,TYC_3452_787_1,src1,src5,src7,src4"
V0399 named,7,107,64,1.7541636889161323,1.480697124833907,1.6174304068750196,HD_103187|HD_103405|TYC_3452_787_1|gaia_774272862760870784_src1|gaia_774287774887292672_src5|gaia_774288805679445888_src7|gaia_774289488578357504_src6,"HD_103187,HD_103405,TYC_3452_787_1,src1,src5,src7,src6"
V0399 named,7,107,64,1.7541636889161323,1.480697124833907,1.6174304068750196,HD_103187|HD_103405|TYC_3452_787_1|gaia_774272862760870784_src1|gaia_774287774887292672_src5|gaia_774288805679445888_src7|gaia_774290626745586944_src8,"HD_103187,HD_103405,TYC_3452_787_1,src1,src5,src7,src8"
V0399 named,7,107,64,1.7541636889161323,1.480697124833907,1.6174304068750196,HD_103187|HD_103405|TYC_3452_787_1|gaia_774272862760870784_src1|gaia_774287774887292672_src5|gaia_774288805679445888_src7|gaia_774384016513181696_src3,"HD_103187,HD_103405,TYC_3452_787_1,src1,src5,src7,src3"
V0399 named,7,107,64,1.7541636889161323,1.480697124833907,1.6174304068750196,HD_103187|HD_103405|TYC_3452_787_1|gaia_774272862760870784_src1|gaia_774287774887292672_src5|gaia_774289041901756032_src4|gaia_774289488578357504_src6,"HD_103187,HD_103405,TYC_3452_787_1,src1,src5,src4,src6"
V0399 named,7,107,64,1.7541636889161323,1.480697124833907,1.6174304068750196,HD_103187|HD_103405|TYC_3452_787_1|gaia_774272862760870784_src1|gaia_774287774887292672_src5|gaia_774289041901756032_src4|gaia_774290626745586944_src8,"HD_103187,HD_103405,TYC_3452_787_1,src1,src5,src4,src8"
V0399 named,7,107,64,1.7541636889161323,1.480697124833907,1.6174304068750196,HD_103187|HD_103405|TYC_3452_787_1|gaia_774272862760870784_src1|gaia_774287774887292672_src5|gaia_774289041901756032_src4|gaia_774384016513181696_src3,"HD_103187,HD_103405,TYC_3452_787_1,src1,src5,src4,src3"
V0399 named,7,107,64,1.7541636889161323,1.480697124833907,1.6174304068750196,HD_103187|HD_103405|TYC_3452_787_1|gaia_774272862760870784_src1|gaia_774287774887292672_src5|gaia_774289488578357504_src6|gaia_774290626745586944_src8,"HD_103187,HD_103405,TYC_3452_787_1,src1,src5,src6,src8"
V0399 named,7,107,64,1.7541636889161323,1.480697124833907,1.6174304068750196,HD_103187|HD_103405|TYC_3452_787_1|gaia_774272862760870784_src1|gaia_774287774887292672_src5|gaia_774289488578357504_src6|gaia_774384016513181696_src3,"HD_103187,HD_103405,TYC_3452_787_1,src1,src5,src6,src3"
V0399 named,7,107,64,1.7541636889161323,1.480697124833907,1.6174304068750196,HD_103187|HD_103405|TYC_3452_787_1|gaia_774272862760870784_src1|gaia_774287774887292672_src5|gaia_774290626745586944_src8|gaia_774384016513181696_src3,"HD_103187,HD_103405,TYC_3452_787_1,src1,src5,src8,src3"
V0399 named,7,107,64,1.7541636889161323,1.480697124833907,1.6174304068750196,HD_103187|HD_103405|TYC_3452_787_1|gaia_774272862760870784_src1|gaia_774288805679445888_src7|gaia_774289041901756032_src4|gaia_774289488578357504_src6,"HD_103187,HD_103405,TYC_3452_787_1,src1,src7,src4,src6"
V0399 named,7,107,64,1.7541636889161323,1.480697124833907,1.6174304068750196,HD_103187|HD_103405|TYC_3452_787_1|gaia_774272862760870784_src1|gaia_774288805679445888_src7|gaia_774289041901756032_src4|gaia_774290626745586944_src8,"HD_103187,HD_103405,TYC_3452_787_1,src1,src7,src4,src8"
V0399 named,7,107,64,1.7541636889161323,1.480697124833907,1.6174304068750196,HD_103187|HD_103405|TYC_3452_787_1|gaia_774272862760870784_src1|gaia_774288805679445888_src7|gaia_774289041901756032_src4|gaia_774384016513181696_src3,"HD_103187,HD_103405,TYC_3452_787_1,src1,src7,src4,src3"
V0399 named,7,107,64,1.7541636889161323,1.480697124833907,1.6174304068750196,HD_103187|HD_103405|TYC_3452_787_1|gaia_774272862760870784_src1|gaia_774288805679445888_src7|gaia_774289488578357504_src6|gaia_774290626745586944_src8,"HD_103187,HD_103405,TYC_3452_787_1,src1,src7,src6,src8"
V0399 named,7,107,64,1.7541636889161323,1.480697124833907,1.6174304068750196,HD_103187|HD_103405|TYC_3452_787_1|gaia_774272862760870784_src1|gaia_774288805679445888_src7|gaia_774289488578357504_src6|gaia_774384016513181696_src3,"HD_103187,HD_103405,TYC_3452_787_1,src1,src7,src6,src3"
V0399 named,7,107,64,1.7541636889161323,1.480697124833907,1.6174304068750196,HD_103187|HD_103405|TYC_3452_787_1|gaia_774272862760870784_src1|gaia_774288805679445888_src7|gaia_774290626745586944_src8|gaia_774384016513181696_src3,"HD_103187,HD_103405,TYC_3452_787_1,src1,src7,src8,src3"
V0399 named,7,107,64,1.7541636889161323,1.480697124833907,1.6174304068750196,HD_103187|HD_103405|TYC_3452_787_1|gaia_774272862760870784_src1|gaia_774289041901756032_src4|gaia_774289488578357504_src6|gaia_774290626745586944_src8,"HD_103187,HD_103405,TYC_3452_787_1,src1,src4,src6,src8"
V0399 named,7,107,64,1.7541636889161323,1.480697124833907,1.6174304068750196,HD_103187|HD_103405|TYC_3452_787_1|gaia_774272862760870784_src1|gaia_774289041901756032_src4|gaia_774289488578357504_src6|gaia_774384016513181696_src3,"HD_103187,HD_103405,TYC_3452_787_1,src1,src4,src6,src3"
V0399 named,7,107,64,1.7541636889161323,1.480697124833907,1.6174304068750196,HD_103187|HD_103405|TYC_3452_787_1|gaia_774272862760870784_src1|gaia_774289041901756032_src4|gaia_774290626745586944_src8|gaia_774384016513181696_src3,"HD_103187,HD_103405,TYC_3452_787_1,src1,src4,src8,src3"
V0399 named,7,107,64,1.7541636889161323,1.480697124833907,1.6174304068750196,HD_103187|HD_103405|TYC_3452_787_1|gaia_774272862760870784_src1|gaia_774289488578357504_src6|gaia_774290626745586944_src8|gaia_774384016513181696_src3,"HD_103187,HD_103405,TYC_3452_787_1,src1,src6,src8,src3"
V0399 named,4,107,64,1.6342509768286952,1.7246391158598222,1.6794450463442587,HD_103187|gaia_774288805679445888_src7|gaia_774289488578357504_src6|gaia_774290626745586944_src8,"HD_103187,src7,src6,src8"
V0399 named,4,107,64,1.6342509768286952,1.7246391158598222,1.6794450463442587,HD_103405|gaia_774288805679445888_src7|gaia_774289488578357504_src6|gaia_774290626745586944_src8,"HD_103405,src7,src6,src8"
V0399 named,4,107,64,1.6342509768286952,1.7246391158598222,1.6794450463442587,TYC_3452_787_1|gaia_774288805679445888_src7|gaia_774289488578357504_src6|gaia_774290626745586944_src8,"TYC_3452_787_1,src7,src6,src8"
V0399 named,4,107,64,1.6342509768286952,1.7246391158598222,1.6794450463442587,gaia_774271076054448768_src2|gaia_774288805679445888_src7|gaia_774289488578357504_src6|gaia_774290626745586944_src8,"src2,src7,src6,src8"
V0399 named,4,107,64,1.6342509768286952,1.7246391158598222,1.6794450463442587,gaia_774272862760870784_src1|gaia_774288805679445888_src7|gaia_774289488578357504_src6|gaia_774290626745586944_src8,"src1,src7,src6,src8"
V0399 named,4,107,64,1.6342509768286952,1.7246391158598222,1.6794450463442587,gaia_774287774887292672_src5|gaia_774288805679445888_src7|gaia_774289488578357504_src6|gaia_774290626745586944_src8,"src5,src7,src6,src8"
V0399 named,4,107,64,1.6342509768286952,1.7246391158598222,1.6794450463442587,gaia_774288805679445888_src7|gaia_774289041901756032_src4|gaia_774289488578357504_src6|gaia_774290626745586944_src8,"src7,src4,src6,src8"
V0399 named,4,107,64,1.6342509768286952,1.7246391158598222,1.6794450463442587,gaia_774288805679445888_src7|gaia_774289488578357504_src6|gaia_774290626745586944_src8|gaia_774384016513181696_src3,"src7,src6,src8,src3"
V0399 named,3,107,64,1.610359463236157,1.9197654898649705,1.7650624765505638,HD_103187|gaia_774271076054448768_src2|gaia_774287774887292672_src5,"HD_103187,src2,src5"
V0399 named,3,107,64,1.610359463236157,1.9197654898649705,1.7650624765505638,HD_103187|gaia_774271076054448768_src2|gaia_774288805679445888_src7,"HD_103187,src2,src7"
V0399 named,3,107,64,1.610359463236157,1.9197654898649705,1.7650624765505638,HD_103187|gaia_774271076054448768_src2|gaia_774289041901756032_src4,"HD_103187,src2,src4"
V0399 named,3,107,64,1.610359463236157,1.9197654898649705,1.7650624765505638,HD_103187|gaia_774271076054448768_src2|gaia_774289488578357504_src6,"HD_103187,src2,src6"
V0399 named,3,107,64,1.610359463236157,1.9197654898649705,1.7650624765505638,HD_103187|gaia_774271076054448768_src2|gaia_774290626745586944_src8,"HD_103187,src2,src8"
V0399 named,3,107,64,1.610359463236157,1.9197654898649705,1.7650624765505638,HD_103187|gaia_774271076054448768_src2|gaia_774384016513181696_src3,"HD_103187,src2,src3"
V0399 named,3,107,64,1.610359463236157,1.9197654898649705,1.7650624765505638,HD_103405|gaia_774271076054448768_src2|gaia_774287774887292672_src5,"HD_103405,src2,src5"
V0399 named,3,107,64,1.610359463236157,1.9197654898649705,1.7650624765505638,HD_103405|gaia_774271076054448768_src2|gaia_774288805679445888_src7,"HD_103405,src2,src7"
V0399 named,3,107,64,1.610359463236157,1.9197654898649705,1.7650624765505638,HD_103405|gaia_774271076054448768_src2|gaia_774289041901756032_src4,"HD_103405,src2,src4"
V0399 named,3,107,64,1.610359463236157,1.9197654898649705,1.7650624765505638,HD_103405|gaia_774271076054448768_src2|gaia_774289488578357504_src6,"HD_103405,src2,src6"
V0399 named,3,107,64,1.610359463236157,1.9197654898649705,1.7650624765505638,HD_103405|gaia_774271076054448768_src2|gaia_774290626745586944_src8,"HD_103405,src2,src8"
V0399 named,3,107,64,1.610359463236157,1.9197654898649705,1.7650624765505638,HD_103405|gaia_774271076054448768_src2|gaia_774384016513181696_src3,"HD_103405,src2,src3"
V0399 named,3,107,64,1.610359463236157,1.9197654898649705,1.7650624765505638,TYC_3452_787_1|gaia_774271076054448768_src2|gaia_774287774887292672_src5,"TYC_3452_787_1,src2,src5"
V0399 named,3,107,64,1.610359463236157,1.9197654898649705,1.7650624765505638,TYC_3452_787_1|gaia_774271076054448768_src2|gaia_774288805679445888_src7,"TYC_3452_787_1,src2,src7"
V0399 named,3,107,64,1.610359463236157,1.9197654898649705,1.7650624765505638,TYC_3452_787_1|gaia_774271076054448768_src2|gaia_774289041901756032_src4,"TYC_3452_787_1,src2,src4"
V0399 named,3,107,64,1.610359463236157,1.9197654898649705,1.7650624765505638,TYC_3452_787_1|gaia_774271076054448768_src2|gaia_774289488578357504_src6,"TYC_3452_787_1,src2,src6"
V0399 named,3,107,64,1.610359463236157,1.9197654898649705,1.7650624765505638,TYC_3452_787_1|gaia_774271076054448768_src2|gaia_774290626745586944_src8,"TYC_3452_787_1,src2,src8"
V0399 named,3,107,64,1.610359463236157,1.9197654898649705,1.7650624765505638,TYC_3452_787_1|gaia_774271076054448768_src2|gaia_774384016513181696_src3,"TYC_3452_787_1,src2,src3"
V0399 named,3,107,64,1.610359463236157,1.9197654898649705,1.7650624765505638,gaia_774271076054448768_src2|gaia_774272862760870784_src1|gaia_774287774887292672_src5,"src2,src1,src5"
V0399 named,3,107,64,1.610359463236157,1.9197654898649705,1.7650624765505638,gaia_774271076054448768_src2|gaia_774272862760870784_src1|gaia_774288805679445888_src7,"src2,src1,src7"
V0399 named,3,107,64,1.610359463236157,1.9197654898649705,1.7650624765505638,gaia_774271076054448768_src2|gaia_774272862760870784_src1|gaia_774289041901756032_src4,"src2,src1,src4"
V0399 named,3,107,64,1.610359463236157,1.9197654898649705,1.7650624765505638,gaia_774271076054448768_src2|gaia_774272862760870784_src1|gaia_774289488578357504_src6,"src2,src1,src6"
V0399 named,3,107,64,1.610359463236157,1.9197654898649705,1.7650624765505638,gaia_774271076054448768_src2|gaia_774272862760870784_src1|gaia_774290626745586944_src8,"src2,src1,src8"
V0399 named,3,107,64,1.610359463236157,1.9197654898649705,1.7650624765505638,gaia_774271076054448768_src2|gaia_774272862760870784_src1|gaia_774384016513181696_src3,"src2,src1,src3"
V0399 named,5,107,64,1.610359463236157,1.9197654898649705,1.7650624765505638,HD_103187|HD_103405|gaia_774271076054448768_src2|gaia_774287774887292672_src5|gaia_774288805679445888_src7,"HD_103187,HD_103405,src2,src5,src7"
V0399 named,5,107,64,1.610359463236157,1.9197654898649705,1.7650624765505638,HD_103187|HD_103405|gaia_774271076054448768_src2|gaia_774287774887292672_src5|gaia_774289041901756032_src4,"HD_103187,HD_103405,src2,src5,src4"
V0399 named,5,107,64,1.610359463236157,1.9197654898649705,1.7650624765505638,HD_103187|HD_103405|gaia_774271076054448768_src2|gaia_774287774887292672_src5|gaia_774289488578357504_src6,"HD_103187,HD_103405,src2,src5,src6"
V0399 named,5,107,64,1.610359463236157,1.9197654898649705,1.7650624765505638,HD_103187|HD_103405|gaia_774271076054448768_src2|gaia_774287774887292672_src5|gaia_774290626745586944_src8,"HD_103187,HD_103405,src2,src5,src8"
V0399 named,5,107,64,1.610359463236157,1.9197654898649705,1.7650624765505638,HD_103187|HD_103405|gaia_774271076054448768_src2|gaia_774287774887292672_src5|gaia_774384016513181696_src3,"HD_103187,HD_103405,src2,src5,src3"
V0399 named,5,107,64,1.610359463236157,1.9197654898649705,1.7650624765505638,HD_103187|HD_103405|gaia_774271076054448768_src2|gaia_774288805679445888_src7|gaia_774289041901756032_src4,"HD_103187,HD_103405,src2,src7,src4"
V0399 named,5,107,64,1.610359463236157,1.9197654898649705,1.7650624765505638,HD_103187|HD_103405|gaia_774271076054448768_src2|gaia_774288805679445888_src7|gaia_774289488578357504_src6,"HD_103187,HD_103405,src2,src7,src6"
V0399 named,5,107,64,1.610359463236157,1.9197654898649705,1.7650624765505638,HD_103187|HD_103405|gaia_774271076054448768_src2|gaia_774288805679445888_src7|gaia_774290626745586944_src8,"HD_103187,HD_103405,src2,src7,src8"
V0399 named,5,107,64,1.610359463236157,1.9197654898649705,1.7650624765505638,HD_103187|HD_103405|gaia_774271076054448768_src2|gaia_774288805679445888_src7|gaia_774384016513181696_src3,"HD_103187,HD_103405,src2,src7,src3"
V0399 named,5,107,64,1.610359463236157,1.9197654898649705,1.7650624765505638,HD_103187|HD_103405|gaia_774271076054448768_src2|gaia_774289041901756032_src4|gaia_774289488578357504_src6,"HD_103187,HD_103405,src2,src4,src6"
V0399 named,5,107,64,1.610359463236157,1.9197654898649705,1.7650624765505638,HD_103187|HD_103405|gaia_774271076054448768_src2|gaia_774289041901756032_src4|gaia_774290626745586944_src8,"HD_103187,HD_103405,src2,src4,src8"
V0399 named,5,107,64,1.610359463236157,1.9197654898649705,1.7650624765505638,HD_103187|HD_103405|gaia_774271076054448768_src2|gaia_774289041901756032_src4|gaia_774384016513181696_src3,"HD_103187,HD_103405,src2,src4,src3"
V0399 named,5,107,64,1.610359463236157,1.9197654898649705,1.7650624765505638,HD_103187|HD_103405|gaia_774271076054448768_src2|gaia_774289488578357504_src6|gaia_774290626745586944_src8,"HD_103187,HD_103405,src2,src6,src8"
V0399 named,5,107,64,1.610359463236157,1.9197654898649705,1.7650624765505638,HD_103187|HD_103405|gaia_774271076054448768_src2|gaia_774289488578357504_src6|gaia_774384016513181696_src3,"HD_103187,HD_103405,src2,src6,src3"
V0399 named,5,107,64,1.610359463236157,1.9197654898649705,1.7650624765505638,HD_103187|HD_103405|gaia_774271076054448768_src2|gaia_774290626745586944_src8|gaia_774384016513181696_src3,"HD_103187,HD_103405,src2,src8,src3"
V0399 named,5,107,64,1.610359463236157,1.9197654898649705,1.7650624765505638,HD_103187|TYC_3452_787_1|gaia_774271076054448768_src2|gaia_774287774887292672_src5|gaia_774288805679445888_src7,"HD_103187,TYC_3452_787_1,src2,src5,src7"
V0399 named,5,107,64,1.610359463236157,1.9197654898649705,1.7650624765505638,HD_103187|TYC_3452_787_1|gaia_774271076054448768_src2|gaia_774287774887292672_src5|gaia_774289041901756032_src4,"HD_103187,TYC_3452_787_1,src2,src5,src4"
V0399 named,5,107,64,1.610359463236157,1.9197654898649705,1.7650624765505638,HD_103187|TYC_3452_787_1|gaia_774271076054448768_src2|gaia_774287774887292672_src5|gaia_774289488578357504_src6,"HD_103187,TYC_3452_787_1,src2,src5,src6"
V0399 named,5,107,64,1.610359463236157,1.9197654898649705,1.7650624765505638,HD_103187|TYC_3452_787_1|gaia_774271076054448768_src2|gaia_774287774887292672_src5|gaia_774290626745586944_src8,"HD_103187,TYC_3452_787_1,src2,src5,src8"
V0399 named,5,107,64,1.610359463236157,1.9197654898649705,1.7650624765505638,HD_103187|TYC_3452_787_1|gaia_774271076054448768_src2|gaia_774287774887292672_src5|gaia_774384016513181696_src3,"HD_103187,TYC_3452_787_1,src2,src5,src3"
V0399 named,5,107,64,1.610359463236157,1.9197654898649705,1.7650624765505638,HD_103187|TYC_3452_787_1|gaia_774271076054448768_src2|gaia_774288805679445888_src7|gaia_774289041901756032_src4,"HD_103187,TYC_3452_787_1,src2,src7,src4"
V0399 named,5,107,64,1.610359463236157,1.9197654898649705,1.7650624765505638,HD_103187|TYC_3452_787_1|gaia_774271076054448768_src2|gaia_774288805679445888_src7|gaia_774289488578357504_src6,"HD_103187,TYC_3452_787_1,src2,src7,src6"
V0399 named,5,107,64,1.610359463236157,1.9197654898649705,1.7650624765505638,HD_103187|TYC_3452_787_1|gaia_774271076054448768_src2|gaia_774288805679445888_src7|gaia_774290626745586944_src8,"HD_103187,TYC_3452_787_1,src2,src7,src8"
V0399 named,5,107,64,1.610359463236157,1.9197654898649705,1.7650624765505638,HD_103187|TYC_3452_787_1|gaia_774271076054448768_src2|gaia_774288805679445888_src7|gaia_774384016513181696_src3,"HD_103187,TYC_3452_787_1,src2,src7,src3"
V0399 named,5,107,64,1.610359463236157,1.9197654898649705,1.7650624765505638,HD_103187|TYC_3452_787_1|gaia_774271076054448768_src2|gaia_774289041901756032_src4|gaia_774289488578357504_src6,"HD_103187,TYC_3452_787_1,src2,src4,src6"
V0399 named,5,107,64,1.610359463236157,1.9197654898649705,1.7650624765505638,HD_103187|TYC_3452_787_1|gaia_774271076054448768_src2|gaia_774289041901756032_src4|gaia_774290626745586944_src8,"HD_103187,TYC_3452_787_1,src2,src4,src8"
V0399 named,5,107,64,1.610359463236157,1.9197654898649705,1.7650624765505638,HD_103187|TYC_3452_787_1|gaia_774271076054448768_src2|gaia_774289041901756032_src4|gaia_774384016513181696_src3,"HD_103187,TYC_3452_787_1,src2,src4,src3"
V0399 named,5,107,64,1.610359463236157,1.9197654898649705,1.7650624765505638,HD_103187|TYC_3452_787_1|gaia_774271076054448768_src2|gaia_774289488578357504_src6|gaia_774290626745586944_src8,"HD_103187,TYC_3452_787_1,src2,src6,src8"
V0399 named,5,107,64,1.610359463236157,1.9197654898649705,1.7650624765505638,HD_103187|TYC_3452_787_1|gaia_774271076054448768_src2|gaia_774289488578357504_src6|gaia_774384016513181696_src3,"HD_103187,TYC_3452_787_1,src2,src6,src3"
V0399 named,5,107,64,1.610359463236157,1.9197654898649705,1.7650624765505638,HD_103187|TYC_3452_787_1|gaia_774271076054448768_src2|gaia_774290626745586944_src8|gaia_774384016513181696_src3,"HD_103187,TYC_3452_787_1,src2,src8,src3"
V0399 named,5,107,64,1.610359463236157,1.9197654898649705,1.7650624765505638,HD_103187|gaia_774271076054448768_src2|gaia_774272862760870784_src1|gaia_774287774887292672_src5|gaia_774288805679445888_src7,"HD_103187,src2,src1,src5,src7"
V0399 named,5,107,64,1.610359463236157,1.9197654898649705,1.7650624765505638,HD_103187|gaia_774271076054448768_src2|gaia_774272862760870784_src1|gaia_774287774887292672_src5|gaia_774289041901756032_src4,"HD_103187,src2,src1,src5,src4"
V0399 named,5,107,64,1.610359463236157,1.9197654898649705,1.7650624765505638,HD_103187|gaia_774271076054448768_src2|gaia_774272862760870784_src1|gaia_774287774887292672_src5|gaia_774289488578357504_src6,"HD_103187,src2,src1,src5,src6"
V0399 named,5,107,64,1.610359463236157,1.9197654898649705,1.7650624765505638,HD_103187|gaia_774271076054448768_src2|gaia_774272862760870784_src1|gaia_774287774887292672_src5|gaia_774290626745586944_src8,"HD_103187,src2,src1,src5,src8"
V0399 named,5,107,64,1.610359463236157,1.9197654898649705,1.7650624765505638,HD_103187|gaia_774271076054448768_src2|gaia_774272862760870784_src1|gaia_774287774887292672_src5|gaia_774384016513181696_src3,"HD_103187,src2,src1,src5,src3"
V0399 named,5,107,64,1.610359463236157,1.9197654898649705,1.7650624765505638,HD_103187|gaia_774271076054448768_src2|gaia_774272862760870784_src1|gaia_774288805679445888_src7|gaia_774289041901756032_src4,"HD_103187,src2,src1,src7,src4"
V0399 named,5,107,64,1.610359463236157,1.9197654898649705,1.7650624765505638,HD_103187|gaia_774271076054448768_src2|gaia_774272862760870784_src1|gaia_774288805679445888_src7|gaia_774289488578357504_src6,"HD_103187,src2,src1,src7,src6"
V0399 named,5,107,64,1.610359463236157,1.9197654898649705,1.7650624765505638,HD_103187|gaia_774271076054448768_src2|gaia_774272862760870784_src1|gaia_774288805679445888_src7|gaia_774290626745586944_src8,"HD_103187,src2,src1,src7,src8"
V0399 named,5,107,64,1.610359463236157,1.9197654898649705,1.7650624765505638,HD_103187|gaia_774271076054448768_src2|gaia_774272862760870784_src1|gaia_774288805679445888_src7|gaia_774384016513181696_src3,"HD_103187,src2,src1,src7,src3"
V0399 named,5,107,64,1.610359463236157,1.9197654898649705,1.7650624765505638,HD_103187|gaia_774271076054448768_src2|gaia_774272862760870784_src1|gaia_774289041901756032_src4|gaia_774289488578357504_src6,"HD_103187,src2,src1,src4,src6"
V0399 named,5,107,64,1.610359463236157,1.9197654898649705,1.7650624765505638,HD_103187|gaia_774271076054448768_src2|gaia_774272862760870784_src1|gaia_774289041901756032_src4|gaia_774290626745586944_src8,"HD_103187,src2,src1,src4,src8"
V0399 named,5,107,64,1.610359463236157,1.9197654898649705,1.7650624765505638,HD_103187|gaia_774271076054448768_src2|gaia_774272862760870784_src1|gaia_774289041901756032_src4|gaia_774384016513181696_src3,"HD_103187,src2,src1,src4,src3"
V0399 named,5,107,64,1.610359463236157,1.9197654898649705,1.7650624765505638,HD_103187|gaia_774271076054448768_src2|gaia_774272862760870784_src1|gaia_774289488578357504_src6|gaia_774290626745586944_src8,"HD_103187,src2,src1,src6,src8"
V0399 named,5,107,64,1.610359463236157,1.9197654898649705,1.7650624765505638,HD_103187|gaia_774271076054448768_src2|gaia_774272862760870784_src1|gaia_774289488578357504_src6|gaia_774384016513181696_src3,"HD_103187,src2,src1,src6,src3"
V0399 named,5,107,64,1.610359463236157,1.9197654898649705,1.7650624765505638,HD_103187|gaia_774271076054448768_src2|gaia_774272862760870784_src1|gaia_774290626745586944_src8|gaia_774384016513181696_src3,"HD_103187,src2,src1,src8,src3"
V0399 named,5,107,64,1.610359463236157,1.9197654898649705,1.7650624765505638,HD_103405|TYC_3452_787_1|gaia_774271076054448768_src2|gaia_774287774887292672_src5|gaia_774288805679445888_src7,"HD_103405,TYC_3452_787_1,src2,src5,src7"
V0399 named,5,107,64,1.610359463236157,1.9197654898649705,1.7650624765505638,HD_103405|TYC_3452_787_1|gaia_774271076054448768_src2|gaia_774287774887292672_src5|gaia_774289041901756032_src4,"HD_103405,TYC_3452_787_1,src2,src5,src4"
V0399 named,5,107,64,1.610359463236157,1.9197654898649705,1.7650624765505638,HD_103405|TYC_3452_787_1|gaia_774271076054448768_src2|gaia_774287774887292672_src5|gaia_774289488578357504_src6,"HD_103405,TYC_3452_787_1,src2,src5,src6"
V0399 named,5,107,64,1.610359463236157,1.9197654898649705,1.7650624765505638,HD_103405|TYC_3452_787_1|gaia_774271076054448768_src2|gaia_774287774887292672_src5|gaia_774290626745586944_src8,"HD_103405,TYC_3452_787_1,src2,src5,src8"
V0399 named,5,107,64,1.610359463236157,1.9197654898649705,1.7650624765505638,HD_103405|TYC_3452_787_1|gaia_774271076054448768_src2|gaia_774287774887292672_src5|gaia_774384016513181696_src3,"HD_103405,TYC_3452_787_1,src2,src5,src3"
V0399 named,5,107,64,1.610359463236157,1.9197654898649705,1.7650624765505638,HD_103405|TYC_3452_787_1|gaia_774271076054448768_src2|gaia_774288805679445888_src7|gaia_774289041901756032_src4,"HD_103405,TYC_3452_787_1,src2,src7,src4"
V0399 named,5,107,64,1.610359463236157,1.9197654898649705,1.7650624765505638,HD_103405|TYC_3452_787_1|gaia_774271076054448768_src2|gaia_774288805679445888_src7|gaia_774289488578357504_src6,"HD_103405,TYC_3452_787_1,src2,src7,src6"
V0399 named,5,107,64,1.610359463236157,1.9197654898649705,1.7650624765505638,HD_103405|TYC_3452_787_1|gaia_774271076054448768_src2|gaia_774288805679445888_src7|gaia_774290626745586944_src8,"HD_103405,TYC_3452_787_1,src2,src7,src8"
V0399 named,5,107,64,1.610359463236157,1.9197654898649705,1.7650624765505638,HD_103405|TYC_3452_787_1|gaia_774271076054448768_src2|gaia_774288805679445888_src7|gaia_774384016513181696_src3,"HD_103405,TYC_3452_787_1,src2,src7,src3"
V0399 named,5,107,64,1.610359463236157,1.9197654898649705,1.7650624765505638,HD_103405|TYC_3452_787_1|gaia_774271076054448768_src2|gaia_774289041901756032_src4|gaia_774289488578357504_src6,"HD_103405,TYC_3452_787_1,src2,src4,src6"
V0399 named,5,107,64,1.610359463236157,1.9197654898649705,1.7650624765505638,HD_103405|TYC_3452_787_1|gaia_774271076054448768_src2|gaia_774289041901756032_src4|gaia_774290626745586944_src8,"HD_103405,TYC_3452_787_1,src2,src4,src8"
V0399 named,5,107,64,1.610359463236157,1.9197654898649705,1.7650624765505638,HD_103405|TYC_3452_787_1|gaia_774271076054448768_src2|gaia_774289041901756032_src4|gaia_774384016513181696_src3,"HD_103405,TYC_3452_787_1,src2,src4,src3"
V0399 named,5,107,64,1.610359463236157,1.9197654898649705,1.7650624765505638,HD_103405|TYC_3452_787_1|gaia_774271076054448768_src2|gaia_774289488578357504_src6|gaia_774290626745586944_src8,"HD_103405,TYC_3452_787_1,src2,src6,src8"
V0399 named,5,107,64,1.610359463236157,1.9197654898649705,1.7650624765505638,HD_103405|TYC_3452_787_1|gaia_774271076054448768_src2|gaia_774289488578357504_src6|gaia_774384016513181696_src3,"HD_103405,TYC_3452_787_1,src2,src6,src3"
V0399 named,5,107,64,1.610359463236157,1.9197654898649705,1.7650624765505638,HD_103405|TYC_3452_787_1|gaia_774271076054448768_src2|gaia_774290626745586944_src8|gaia_774384016513181696_src3,"HD_103405,TYC_3452_787_1,src2,src8,src3"
V0399 named,5,107,64,1.610359463236157,1.9197654898649705,1.7650624765505638,HD_103405|gaia_774271076054448768_src2|gaia_774272862760870784_src1|gaia_774287774887292672_src5|gaia_774288805679445888_src7,"HD_103405,src2,src1,src5,src7"
V0399 named,5,107,64,1.610359463236157,1.9197654898649705,1.7650624765505638,HD_103405|gaia_774271076054448768_src2|gaia_774272862760870784_src1|gaia_774287774887292672_src5|gaia_774289041901756032_src4,"HD_103405,src2,src1,src5,src4"
V0399 named,5,107,64,1.610359463236157,1.9197654898649705,1.7650624765505638,HD_103405|gaia_774271076054448768_src2|gaia_774272862760870784_src1|gaia_774287774887292672_src5|gaia_774289488578357504_src6,"HD_103405,src2,src1,src5,src6"
V0399 named,5,107,64,1.610359463236157,1.9197654898649705,1.7650624765505638,HD_103405|gaia_774271076054448768_src2|gaia_774272862760870784_src1|gaia_774287774887292672_src5|gaia_774290626745586944_src8,"HD_103405,src2,src1,src5,src8"
V0399 named,5,107,64,1.610359463236157,1.9197654898649705,1.7650624765505638,HD_103405|gaia_774271076054448768_src2|gaia_774272862760870784_src1|gaia_774287774887292672_src5|gaia_774384016513181696_src3,"HD_103405,src2,src1,src5,src3"
V0399 named,5,107,64,1.610359463236157,1.9197654898649705,1.7650624765505638,HD_103405|gaia_774271076054448768_src2|gaia_774272862760870784_src1|gaia_774288805679445888_src7|gaia_774289041901756032_src4,"HD_103405,src2,src1,src7,src4"
V0399 named,5,107,64,1.610359463236157,1.9197654898649705,1.7650624765505638,HD_103405|gaia_774271076054448768_src2|gaia_774272862760870784_src1|gaia_774288805679445888_src7|gaia_774289488578357504_src6,"HD_103405,src2,src1,src7,src6"
V0399 named,5,107,64,1.610359463236157,1.9197654898649705,1.7650624765505638,HD_103405|gaia_774271076054448768_src2|gaia_774272862760870784_src1|gaia_774288805679445888_src7|gaia_774290626745586944_src8,"HD_103405,src2,src1,src7,src8"
V0399 named,5,107,64,1.610359463236157,1.9197654898649705,1.7650624765505638,HD_103405|gaia_774271076054448768_src2|gaia_774272862760870784_src1|gaia_774288805679445888_src7|gaia_774384016513181696_src3,"HD_103405,src2,src1,src7,src3"
V0399 named,5,107,64,1.610359463236157,1.9197654898649705,1.7650624765505638,HD_103405|gaia_774271076054448768_src2|gaia_774272862760870784_src1|gaia_774289041901756032_src4|gaia_774289488578357504_src6,"HD_103405,src2,src1,src4,src6"
V0399 named,5,107,64,1.610359463236157,1.9197654898649705,1.7650624765505638,HD_103405|gaia_774271076054448768_src2|gaia_774272862760870784_src1|gaia_774289041901756032_src4|gaia_774290626745586944_src8,"HD_103405,src2,src1,src4,src8"
V0399 named,5,107,64,1.610359463236157,1.9197654898649705,1.7650624765505638,HD_103405|gaia_774271076054448768_src2|gaia_774272862760870784_src1|gaia_774289041901756032_src4|gaia_774384016513181696_src3,"HD_103405,src2,src1,src4,src3"
V0399 named,5,107,64,1.610359463236157,1.9197654898649705,1.7650624765505638,HD_103405|gaia_774271076054448768_src2|gaia_774272862760870784_src1|gaia_774289488578357504_src6|gaia_774290626745586944_src8,"HD_103405,src2,src1,src6,src8"
V0399 named,5,107,64,1.610359463236157,1.9197654898649705,1.7650624765505638,HD_103405|gaia_774271076054448768_src2|gaia_774272862760870784_src1|gaia_774289488578357504_src6|gaia_774384016513181696_src3,"HD_103405,src2,src1,src6,src3"
V0399 named,5,107,64,1.610359463236157,1.9197654898649705,1.7650624765505638,HD_103405|gaia_774271076054448768_src2|gaia_774272862760870784_src1|gaia_774290626745586944_src8|gaia_774384016513181696_src3,"HD_103405,src2,src1,src8,src3"
V0399 named,5,107,64,1.610359463236157,1.9197654898649705,1.7650624765505638,TYC_3452_787_1|gaia_774271076054448768_src2|gaia_774272862760870784_src1|gaia_774287774887292672_src5|gaia_774288805679445888_src7,"TYC_3452_787_1,src2,src1,src5,src7"
V0399 named,5,107,64,1.610359463236157,1.9197654898649705,1.7650624765505638,TYC_3452_787_1|gaia_774271076054448768_src2|gaia_774272862760870784_src1|gaia_774287774887292672_src5|gaia_774289041901756032_src4,"TYC_3452_787_1,src2,src1,src5,src4"
V0399 named,5,107,64,1.610359463236157,1.9197654898649705,1.7650624765505638,TYC_3452_787_1|gaia_774271076054448768_src2|gaia_774272862760870784_src1|gaia_774287774887292672_src5|gaia_774289488578357504_src6,"TYC_3452_787_1,src2,src1,src5,src6"
V0399 named,5,107,64,1.610359463236157,1.9197654898649705,1.7650624765505638,TYC_3452_787_1|gaia_774271076054448768_src2|gaia_774272862760870784_src1|gaia_774287774887292672_src5|gaia_774290626745586944_src8,"TYC_3452_787_1,src2,src1,src5,src8"
V0399 named,5,107,64,1.610359463236157,1.9197654898649705,1.7650624765505638,TYC_3452_787_1|gaia_774271076054448768_src2|gaia_774272862760870784_src1|gaia_774287774887292672_src5|gaia_774384016513181696_src3,"TYC_3452_787_1,src2,src1,src5,src3"
V0399 named,5,107,64,1.610359463236157,1.9197654898649705,1.7650624765505638,TYC_3452_787_1|gaia_774271076054448768_src2|gaia_774272862760870784_src1|gaia_774288805679445888_src7|gaia_774289041901756032_src4,"TYC_3452_787_1,src2,src1,src7,src4"
V0399 named,5,107,64,1.610359463236157,1.9197654898649705,1.7650624765505638,TYC_3452_787_1|gaia_774271076054448768_src2|gaia_774272862760870784_src1|gaia_774288805679445888_src7|gaia_774289488578357504_src6,"TYC_3452_787_1,src2,src1,src7,src6"
V0399 named,5,107,64,1.610359463236157,1.9197654898649705,1.7650624765505638,TYC_3452_787_1|gaia_774271076054448768_src2|gaia_774272862760870784_src1|gaia_774288805679445888_src7|gaia_774290626745586944_src8,"TYC_3452_787_1,src2,src1,src7,src8"
V0399 named,5,107,64,1.610359463236157,1.9197654898649705,1.7650624765505638,TYC_3452_787_1|gaia_774271076054448768_src2|gaia_774272862760870784_src1|gaia_774288805679445888_src7|gaia_774384016513181696_src3,"TYC_3452_787_1,src2,src1,src7,src3"
V0399 named,5,107,64,1.610359463236157,1.9197654898649705,1.7650624765505638,TYC_3452_787_1|gaia_774271076054448768_src2|gaia_774272862760870784_src1|gaia_774289041901756032_src4|gaia_774289488578357504_src6,"TYC_3452_787_1,src2,src1,src4,src6"
V0399 named,5,107,64,1.610359463236157,1.9197654898649705,1.7650624765505638,TYC_3452_787_1|gaia_774271076054448768_src2|gaia_774272862760870784_src1|gaia_774289041901756032_src4|gaia_774290626745586944_src8,"TYC_3452_787_1,src2,src1,src4,src8"
V0399 named,5,107,64,1.610359463236157,1.9197654898649705,1.7650624765505638,TYC_3452_787_1|gaia_774271076054448768_src2|gaia_774272862760870784_src1|gaia_774289041901756032_src4|gaia_774384016513181696_src3,"TYC_3452_787_1,src2,src1,src4,src3"
V0399 named,5,107,64,1.610359463236157,1.9197654898649705,1.7650624765505638,TYC_3452_787_1|gaia_774271076054448768_src2|gaia_774272862760870784_src1|gaia_774289488578357504_src6|gaia_774290626745586944_src8,"TYC_3452_787_1,src2,src1,src6,src8"
V0399 named,5,107,64,1.610359463236157,1.9197654898649705,1.7650624765505638,TYC_3452_787_1|gaia_774271076054448768_src2|gaia_774272862760870784_src1|gaia_774289488578357504_src6|gaia_774384016513181696_src3,"TYC_3452_787_1,src2,src1,src6,src3"
V0399 named,5,107,64,1.610359463236157,1.9197654898649705,1.7650624765505638,TYC_3452_787_1|gaia_774271076054448768_src2|gaia_774272862760870784_src1|gaia_774290626745586944_src8|gaia_774384016513181696_src3,"TYC_3452_787_1,src2,src1,src8,src3"
V0399 named,7,107,64,1.610359463236157,1.9197654898649705,1.7650624765505638,HD_103187|HD_103405|TYC_3452_787_1|gaia_774271076054448768_src2|gaia_774287774887292672_src5|gaia_774288805679445888_src7|gaia_774289041901756032_src4,"HD_103187,HD_103405,TYC_3452_787_1,src2,src5,src7,src4"
V0399 named,7,107,64,1.610359463236157,1.9197654898649705,1.7650624765505638,HD_103187|HD_103405|TYC_3452_787_1|gaia_774271076054448768_src2|gaia_774287774887292672_src5|gaia_774288805679445888_src7|gaia_774289488578357504_src6,"HD_103187,HD_103405,TYC_3452_787_1,src2,src5,src7,src6"
V0399 named,7,107,64,1.610359463236157,1.9197654898649705,1.7650624765505638,HD_103187|HD_103405|TYC_3452_787_1|gaia_774271076054448768_src2|gaia_774287774887292672_src5|gaia_774288805679445888_src7|gaia_774290626745586944_src8,"HD_103187,HD_103405,TYC_3452_787_1,src2,src5,src7,src8"
V0399 named,7,107,64,1.610359463236157,1.9197654898649705,1.7650624765505638,HD_103187|HD_103405|TYC_3452_787_1|gaia_774271076054448768_src2|gaia_774287774887292672_src5|gaia_774288805679445888_src7|gaia_774384016513181696_src3,"HD_103187,HD_103405,TYC_3452_787_1,src2,src5,src7,src3"
V0399 named,7,107,64,1.610359463236157,1.9197654898649705,1.7650624765505638,HD_103187|HD_103405|TYC_3452_787_1|gaia_774271076054448768_src2|gaia_774287774887292672_src5|gaia_774289041901756032_src4|gaia_774289488578357504_src6,"HD_103187,HD_103405,TYC_3452_787_1,src2,src5,src4,src6"
V0399 named,7,107,64,1.610359463236157,1.9197654898649705,1.7650624765505638,HD_103187|HD_103405|TYC_3452_787_1|gaia_774271076054448768_src2|gaia_774287774887292672_src5|gaia_774289041901756032_src4|gaia_774290626745586944_src8,"HD_103187,HD_103405,TYC_3452_787_1,src2,src5,src4,src8"
V0399 named,7,107,64,1.610359463236157,1.9197654898649705,1.7650624765505638,HD_103187|HD_103405|TYC_3452_787_1|gaia_774271076054448768_src2|gaia_774287774887292672_src5|gaia_774289041901756032_src4|gaia_774384016513181696_src3,"HD_103187,HD_103405,TYC_3452_787_1,src2,src5,src4,src3"
V0399 named,7,107,64,1.610359463236157,1.9197654898649705,1.7650624765505638,HD_103187|HD_103405|TYC_3452_787_1|gaia_774271076054448768_src2|gaia_774287774887292672_src5|gaia_774289488578357504_src6|gaia_774290626745586944_src8,"HD_103187,HD_103405,TYC_3452_787_1,src2,src5,src6,src8"
V0399 named,7,107,64,1.610359463236157,1.9197654898649705,1.7650624765505638,HD_103187|HD_103405|TYC_3452_787_1|gaia_774271076054448768_src2|gaia_774287774887292672_src5|gaia_774289488578357504_src6|gaia_774384016513181696_src3,"HD_103187,HD_103405,TYC_3452_787_1,src2,src5,src6,src3"
V0399 named,7,107,64,1.610359463236157,1.9197654898649705,1.7650624765505638,HD_103187|HD_103405|TYC_3452_787_1|gaia_774271076054448768_src2|gaia_774287774887292672_src5|gaia_774290626745586944_src8|gaia_774384016513181696_src3,"HD_103187,HD_103405,TYC_3452_787_1,src2,src5,src8,src3"
V0399 named,7,107,64,1.610359463236157,1.9197654898649705,1.7650624765505638,HD_103187|HD_103405|TYC_3452_787_1|gaia_774271076054448768_src2|gaia_774288805679445888_src7|gaia_774289041901756032_src4|gaia_774289488578357504_src6,"HD_103187,HD_103405,TYC_3452_787_1,src2,src7,src4,src6"
V0399 named,7,107,64,1.610359463236157,1.9197654898649705,1.7650624765505638,HD_103187|HD_103405|TYC_3452_787_1|gaia_774271076054448768_src2|gaia_774288805679445888_src7|gaia_774289041901756032_src4|gaia_774290626745586944_src8,"HD_103187,HD_103405,TYC_3452_787_1,src2,src7,src4,src8"
V0399 named,7,107,64,1.610359463236157,1.9197654898649705,1.7650624765505638,HD_103187|HD_103405|TYC_3452_787_1|gaia_774271076054448768_src2|gaia_774288805679445888_src7|gaia_774289041901756032_src4|gaia_774384016513181696_src3,"HD_103187,HD_103405,TYC_3452_787_1,src2,src7,src4,src3"
V0399 named,7,107,64,1.610359463236157,1.9197654898649705,1.7650624765505638,HD_103187|HD_103405|TYC_3452_787_1|gaia_774271076054448768_src2|gaia_774288805679445888_src7|gaia_774289488578357504_src6|gaia_774290626745586944_src8,"HD_103187,HD_103405,TYC_3452_787_1,src2,src7,src6,src8"
V0399 named,7,107,64,1.610359463236157,1.9197654898649705,1.7650624765505638,HD_103187|HD_103405|TYC_3452_787_1|gaia_774271076054448768_src2|gaia_774288805679445888_src7|gaia_774289488578357504_src6|gaia_774384016513181696_src3,"HD_103187,HD_103405,TYC_3452_787_1,src2,src7,src6,src3"
V0399 named,7,107,64,1.610359463236157,1.9197654898649705,1.7650624765505638,HD_103187|HD_103405|TYC_3452_787_1|gaia_774271076054448768_src2|gaia_774288805679445888_src7|gaia_774290626745586944_src8|gaia_774384016513181696_src3,"HD_103187,HD_103405,TYC_3452_787_1,src2,src7,src8,src3"
V0399 named,7,107,64,1.610359463236157,1.9197654898649705,1.7650624765505638,HD_103187|HD_103405|TYC_3452_787_1|gaia_774271076054448768_src2|gaia_774289041901756032_src4|gaia_774289488578357504_src6|gaia_774290626745586944_src8,"HD_103187,HD_103405,TYC_3452_787_1,src2,src4,src6,src8"
V0399 named,7,107,64,1.610359463236157,1.9197654898649705,1.7650624765505638,HD_103187|HD_103405|TYC_3452_787_1|gaia_774271076054448768_src2|gaia_774289041901756032_src4|gaia_774289488578357504_src6|gaia_774384016513181696_src3,"HD_103187,HD_103405,TYC_3452_787_1,src2,src4,src6,src3"
V0399 named,7,107,64,1.610359463236157,1.9197654898649705,1.7650624765505638,HD_103187|HD_103405|TYC_3452_787_1|gaia_774271076054448768_src2|gaia_774289041901756032_src4|gaia_774290626745586944_src8|gaia_774384016513181696_src3,"HD_103187,HD_103405,TYC_3452_787_1,src2,src4,src8,src3"
V0399 named,7,107,64,1.610359463236157,1.9197654898649705,1.7650624765505638,HD_103187|HD_103405|TYC_3452_787_1|gaia_774271076054448768_src2|gaia_774289488578357504_src6|gaia_774290626745586944_src8|gaia_774384016513181696_src3,"HD_103187,HD_103405,TYC_3452_787_1,src2,src6,src8,src3"
V0399 named,7,107,64,1.610359463236157,1.9197654898649705,1.7650624765505638,HD_103187|HD_103405|gaia_774271076054448768_src2|gaia_774272862760870784_src1|gaia_774287774887292672_src5|gaia_774288805679445888_src7|gaia_774289041901756032_src4,"HD_103187,HD_103405,src2,src1,src5,src7,src4"
V0399 named,7,107,64,1.610359463236157,1.9197654898649705,1.7650624765505638,HD_103187|HD_103405|gaia_774271076054448768_src2|gaia_774272862760870784_src1|gaia_774287774887292672_src5|gaia_774288805679445888_src7|gaia_774289488578357504_src6,"HD_103187,HD_103405,src2,src1,src5,src7,src6"
V0399 named,7,107,64,1.610359463236157,1.9197654898649705,1.7650624765505638,HD_103187|HD_103405|gaia_774271076054448768_src2|gaia_774272862760870784_src1|gaia_774287774887292672_src5|gaia_774288805679445888_src7|gaia_774290626745586944_src8,"HD_103187,HD_103405,src2,src1,src5,src7,src8"
V0399 named,7,107,64,1.610359463236157,1.9197654898649705,1.7650624765505638,HD_103187|HD_103405|gaia_774271076054448768_src2|gaia_774272862760870784_src1|gaia_774287774887292672_src5|gaia_774288805679445888_src7|gaia_774384016513181696_src3,"HD_103187,HD_103405,src2,src1,src5,src7,src3"
V0399 named,7,107,64,1.610359463236157,1.9197654898649705,1.7650624765505638,HD_103187|HD_103405|gaia_774271076054448768_src2|gaia_774272862760870784_src1|gaia_774287774887292672_src5|gaia_774289041901756032_src4|gaia_774289488578357504_src6,"HD_103187,HD_103405,src2,src1,src5,src4,src6"
V0399 named,7,107,64,1.610359463236157,1.9197654898649705,1.7650624765505638,HD_103187|HD_103405|gaia_774271076054448768_src2|gaia_774272862760870784_src1|gaia_774287774887292672_src5|gaia_774289041901756032_src4|gaia_774290626745586944_src8,"HD_103187,HD_103405,src2,src1,src5,src4,src8"
V0399 named,7,107,64,1.610359463236157,1.9197654898649705,1.7650624765505638,HD_103187|HD_103405|gaia_774271076054448768_src2|gaia_774272862760870784_src1|gaia_774287774887292672_src5|gaia_774289041901756032_src4|gaia_774384016513181696_src3,"HD_103187,HD_103405,src2,src1,src5,src4,src3"
V0399 named,7,107,64,1.610359463236157,1.9197654898649705,1.7650624765505638,HD_103187|HD_103405|gaia_774271076054448768_src2|gaia_774272862760870784_src1|gaia_774287774887292672_src5|gaia_774289488578357504_src6|gaia_774290626745586944_src8,"HD_103187,HD_103405,src2,src1,src5,src6,src8"
V0399 named,7,107,64,1.610359463236157,1.9197654898649705,1.7650624765505638,HD_103187|HD_103405|gaia_774271076054448768_src2|gaia_774272862760870784_src1|gaia_774287774887292672_src5|gaia_774289488578357504_src6|gaia_774384016513181696_src3,"HD_103187,HD_103405,src2,src1,src5,src6,src3"
V0399 named,7,107,64,1.610359463236157,1.9197654898649705,1.7650624765505638,HD_103187|HD_103405|gaia_774271076054448768_src2|gaia_774272862760870784_src1|gaia_774287774887292672_src5|gaia_774290626745586944_src8|gaia_774384016513181696_src3,"HD_103187,HD_103405,src2,src1,src5,src8,src3"
V0399 named,7,107,64,1.610359463236157,1.9197654898649705,1.7650624765505638,HD_103187|HD_103405|gaia_774271076054448768_src2|gaia_774272862760870784_src1|gaia_774288805679445888_src7|gaia_774289041901756032_src4|gaia_774289488578357504_src6,"HD_103187,HD_103405,src2,src1,src7,src4,src6"
V0399 named,7,107,64,1.610359463236157,1.9197654898649705,1.7650624765505638,HD_103187|HD_103405|gaia_774271076054448768_src2|gaia_774272862760870784_src1|gaia_774288805679445888_src7|gaia_774289041901756032_src4|gaia_774290626745586944_src8,"HD_103187,HD_103405,src2,src1,src7,src4,src8"
V0399 named,7,107,64,1.610359463236157,1.9197654898649705,1.7650624765505638,HD_103187|HD_103405|gaia_774271076054448768_src2|gaia_774272862760870784_src1|gaia_774288805679445888_src7|gaia_774289041901756032_src4|gaia_774384016513181696_src3,"HD_103187,HD_103405,src2,src1,src7,src4,src3"
V0399 named,7,107,64,1.610359463236157,1.9197654898649705,1.7650624765505638,HD_103187|HD_103405|gaia_774271076054448768_src2|gaia_774272862760870784_src1|gaia_774288805679445888_src7|gaia_774289488578357504_src6|gaia_774290626745586944_src8,"HD_103187,HD_103405,src2,src1,src7,src6,src8"
V0399 named,7,107,64,1.610359463236157,1.9197654898649705,1.7650624765505638,HD_103187|HD_103405|gaia_774271076054448768_src2|gaia_774272862760870784_src1|gaia_774288805679445888_src7|gaia_774289488578357504_src6|gaia_774384016513181696_src3,"HD_103187,HD_103405,src2,src1,src7,src6,src3"
V0399 named,7,107,64,1.610359463236157,1.9197654898649705,1.7650624765505638,HD_103187|HD_103405|gaia_774271076054448768_src2|gaia_774272862760870784_src1|gaia_774288805679445888_src7|gaia_774290626745586944_src8|gaia_774384016513181696_src3,"HD_103187,HD_103405,src2,src1,src7,src8,src3"
V0399 named,7,107,64,1.610359463236157,1.9197654898649705,1.7650624765505638,HD_103187|HD_103405|gaia_774271076054448768_src2|gaia_774272862760870784_src1|gaia_774289041901756032_src4|gaia_774289488578357504_src6|gaia_774290626745586944_src8,"HD_103187,HD_103405,src2,src1,src4,src6,src8"
V0399 named,7,107,64,1.610359463236157,1.9197654898649705,1.7650624765505638,HD_103187|HD_103405|gaia_774271076054448768_src2|gaia_774272862760870784_src1|gaia_774289041901756032_src4|gaia_774289488578357504_src6|gaia_774384016513181696_src3,"HD_103187,HD_103405,src2,src1,src4,src6,src3"
V0399 named,7,107,64,1.610359463236157,1.9197654898649705,1.7650624765505638,HD_103187|HD_103405|gaia_774271076054448768_src2|gaia_774272862760870784_src1|gaia_774289041901756032_src4|gaia_774290626745586944_src8|gaia_774384016513181696_src3,"HD_103187,HD_103405,src2,src1,src4,src8,src3"
V0399 named,7,107,64,1.610359463236157,1.9197654898649705,1.7650624765505638,HD_103187|HD_103405|gaia_774271076054448768_src2|gaia_774272862760870784_src1|gaia_774289488578357504_src6|gaia_774290626745586944_src8|gaia_774384016513181696_src3,"HD_103187,HD_103405,src2,src1,src6,src8,src3"
V0399 named,7,107,64,1.610359463236157,1.9197654898649705,1.7650624765505638,HD_103187|TYC_3452_787_1|gaia_774271076054448768_src2|gaia_774272862760870784_src1|gaia_774287774887292672_src5|gaia_774288805679445888_src7|gaia_774289041901756032_src4,"HD_103187,TYC_3452_787_1,src2,src1,src5,src7,src4"
V0399 named,7,107,64,1.610359463236157,1.9197654898649705,1.7650624765505638,HD_103187|TYC_3452_787_1|gaia_774271076054448768_src2|gaia_774272862760870784_src1|gaia_774287774887292672_src5|gaia_774288805679445888_src7|gaia_774289488578357504_src6,"HD_103187,TYC_3452_787_1,src2,src1,src5,src7,src6"
V0399 named,7,107,64,1.610359463236157,1.9197654898649705,1.7650624765505638,HD_103187|TYC_3452_787_1|gaia_774271076054448768_src2|gaia_774272862760870784_src1|gaia_774287774887292672_src5|gaia_774288805679445888_src7|gaia_774290626745586944_src8,"HD_103187,TYC_3452_787_1,src2,src1,src5,src7,src8"
V0399 named,7,107,64,1.610359463236157,1.9197654898649705,1.7650624765505638,HD_103187|TYC_3452_787_1|gaia_774271076054448768_src2|gaia_774272862760870784_src1|gaia_774287774887292672_src5|gaia_774288805679445888_src7|gaia_774384016513181696_src3,"HD_103187,TYC_3452_787_1,src2,src1,src5,src7,src3"
V0399 named,7,107,64,1.610359463236157,1.9197654898649705,1.7650624765505638,HD_103187|TYC_3452_787_1|gaia_774271076054448768_src2|gaia_774272862760870784_src1|gaia_774287774887292672_src5|gaia_774289041901756032_src4|gaia_774289488578357504_src6,"HD_103187,TYC_3452_787_1,src2,src1,src5,src4,src6"
V0399 named,7,107,64,1.610359463236157,1.9197654898649705,1.7650624765505638,HD_103187|TYC_3452_787_1|gaia_774271076054448768_src2|gaia_774272862760870784_src1|gaia_774287774887292672_src5|gaia_774289041901756032_src4|gaia_774290626745586944_src8,"HD_103187,TYC_3452_787_1,src2,src1,src5,src4,src8"
V0399 named,7,107,64,1.610359463236157,1.9197654898649705,1.7650624765505638,HD_103187|TYC_3452_787_1|gaia_774271076054448768_src2|gaia_774272862760870784_src1|gaia_774287774887292672_src5|gaia_774289041901756032_src4|gaia_774384016513181696_src3,"HD_103187,TYC_3452_787_1,src2,src1,src5,src4,src3"
V0399 named,7,107,64,1.610359463236157,1.9197654898649705,1.7650624765505638,HD_103187|TYC_3452_787_1|gaia_774271076054448768_src2|gaia_774272862760870784_src1|gaia_774287774887292672_src5|gaia_774289488578357504_src6|gaia_774290626745586944_src8,"HD_103187,TYC_3452_787_1,src2,src1,src5,src6,src8"
V0399 named,7,107,64,1.610359463236157,1.9197654898649705,1.7650624765505638,HD_103187|TYC_3452_787_1|gaia_774271076054448768_src2|gaia_774272862760870784_src1|gaia_774287774887292672_src5|gaia_774289488578357504_src6|gaia_774384016513181696_src3,"HD_103187,TYC_3452_787_1,src2,src1,src5,src6,src3"
V0399 named,7,107,64,1.610359463236157,1.9197654898649705,1.7650624765505638,HD_103187|TYC_3452_787_1|gaia_774271076054448768_src2|gaia_774272862760870784_src1|gaia_774287774887292672_src5|gaia_774290626745586944_src8|gaia_774384016513181696_src3,"HD_103187,TYC_3452_787_1,src2,src1,src5,src8,src3"
V0399 named,7,107,64,1.610359463236157,1.9197654898649705,1.7650624765505638,HD_103187|TYC_3452_787_1|gaia_774271076054448768_src2|gaia_774272862760870784_src1|gaia_774288805679445888_src7|gaia_774289041901756032_src4|gaia_774289488578357504_src6,"HD_103187,TYC_3452_787_1,src2,src1,src7,src4,src6"
V0399 named,7,107,64,1.610359463236157,1.9197654898649705,1.7650624765505638,HD_103187|TYC_3452_787_1|gaia_774271076054448768_src2|gaia_774272862760870784_src1|gaia_774288805679445888_src7|gaia_774289041901756032_src4|gaia_774290626745586944_src8,"HD_103187,TYC_3452_787_1,src2,src1,src7,src4,src8"
V0399 named,7,107,64,1.610359463236157,1.9197654898649705,1.7650624765505638,HD_103187|TYC_3452_787_1|gaia_774271076054448768_src2|gaia_774272862760870784_src1|gaia_774288805679445888_src7|gaia_774289041901756032_src4|gaia_774384016513181696_src3,"HD_103187,TYC_3452_787_1,src2,src1,src7,src4,src3"
V0399 named,7,107,64,1.610359463236157,1.9197654898649705,1.7650624765505638,HD_103187|TYC_3452_787_1|gaia_774271076054448768_src2|gaia_774272862760870784_src1|gaia_774288805679445888_src7|gaia_774289488578357504_src6|gaia_774290626745586944_src8,"HD_103187,TYC_3452_787_1,src2,src1,src7,src6,src8"
V0399 named,7,107,64,1.610359463236157,1.9197654898649705,1.7650624765505638,HD_103187|TYC_3452_787_1|gaia_774271076054448768_src2|gaia_774272862760870784_src1|gaia_774288805679445888_src7|gaia_774289488578357504_src6|gaia_774384016513181696_src3,"HD_103187,TYC_3452_787_1,src2,src1,src7,src6,src3"
V0399 named,7,107,64,1.610359463236157,1.9197654898649705,1.7650624765505638,HD_103187|TYC_3452_787_1|gaia_774271076054448768_src2|gaia_774272862760870784_src1|gaia_774288805679445888_src7|gaia_774290626745586944_src8|gaia_774384016513181696_src3,"HD_103187,TYC_3452_787_1,src2,src1,src7,src8,src3"
V0399 named,7,107,64,1.610359463236157,1.9197654898649705,1.7650624765505638,HD_103187|TYC_3452_787_1|gaia_774271076054448768_src2|gaia_774272862760870784_src1|gaia_774289041901756032_src4|gaia_774289488578357504_src6|gaia_774290626745586944_src8,"HD_103187,TYC_3452_787_1,src2,src1,src4,src6,src8"
V0399 named,7,107,64,1.610359463236157,1.9197654898649705,1.7650624765505638,HD_103187|TYC_3452_787_1|gaia_774271076054448768_src2|gaia_774272862760870784_src1|gaia_774289041901756032_src4|gaia_774289488578357504_src6|gaia_774384016513181696_src3,"HD_103187,TYC_3452_787_1,src2,src1,src4,src6,src3"
V0399 named,7,107,64,1.610359463236157,1.9197654898649705,1.7650624765505638,HD_103187|TYC_3452_787_1|gaia_774271076054448768_src2|gaia_774272862760870784_src1|gaia_774289041901756032_src4|gaia_774290626745586944_src8|gaia_774384016513181696_src3,"HD_103187,TYC_3452_787_1,src2,src1,src4,src8,src3"
V0399 named,7,107,64,1.610359463236157,1.9197654898649705,1.7650624765505638,HD_103187|TYC_3452_787_1|gaia_774271076054448768_src2|gaia_774272862760870784_src1|gaia_774289488578357504_src6|gaia_774290626745586944_src8|gaia_774384016513181696_src3,"HD_103187,TYC_3452_787_1,src2,src1,src6,src8,src3"
V0399 named,7,107,64,1.610359463236157,1.9197654898649705,1.7650624765505638,HD_103405|TYC_3452_787_1|gaia_774271076054448768_src2|gaia_774272862760870784_src1|gaia_774287774887292672_src5|gaia_774288805679445888_src7|gaia_774289041901756032_src4,"HD_103405,TYC_3452_787_1,src2,src1,src5,src7,src4"
V0399 named,7,107,64,1.610359463236157,1.9197654898649705,1.7650624765505638,HD_103405|TYC_3452_787_1|gaia_774271076054448768_src2|gaia_774272862760870784_src1|gaia_774287774887292672_src5|gaia_774288805679445888_src7|gaia_774289488578357504_src6,"HD_103405,TYC_3452_787_1,src2,src1,src5,src7,src6"
V0399 named,7,107,64,1.610359463236157,1.9197654898649705,1.7650624765505638,HD_103405|TYC_3452_787_1|gaia_774271076054448768_src2|gaia_774272862760870784_src1|gaia_774287774887292672_src5|gaia_774288805679445888_src7|gaia_774290626745586944_src8,"HD_103405,TYC_3452_787_1,src2,src1,src5,src7,src8"
V0399 named,7,107,64,1.610359463236157,1.9197654898649705,1.7650624765505638,HD_103405|TYC_3452_787_1|gaia_774271076054448768_src2|gaia_774272862760870784_src1|gaia_774287774887292672_src5|gaia_774288805679445888_src7|gaia_774384016513181696_src3,"HD_103405,TYC_3452_787_1,src2,src1,src5,src7,src3"
V0399 named,7,107,64,1.610359463236157,1.9197654898649705,1.7650624765505638,HD_103405|TYC_3452_787_1|gaia_774271076054448768_src2|gaia_774272862760870784_src1|gaia_774287774887292672_src5|gaia_774289041901756032_src4|gaia_774289488578357504_src6,"HD_103405,TYC_3452_787_1,src2,src1,src5,src4,src6"
V0399 named,7,107,64,1.610359463236157,1.9197654898649705,1.7650624765505638,HD_103405|TYC_3452_787_1|gaia_774271076054448768_src2|gaia_774272862760870784_src1|gaia_774287774887292672_src5|gaia_774289041901756032_src4|gaia_774290626745586944_src8,"HD_103405,TYC_3452_787_1,src2,src1,src5,src4,src8"
V0399 named,7,107,64,1.610359463236157,1.9197654898649705,1.7650624765505638,HD_103405|TYC_3452_787_1|gaia_774271076054448768_src2|gaia_774272862760870784_src1|gaia_774287774887292672_src5|gaia_774289041901756032_src4|gaia_774384016513181696_src3,"HD_103405,TYC_3452_787_1,src2,src1,src5,src4,src3"
V0399 named,7,107,64,1.610359463236157,1.9197654898649705,1.7650624765505638,HD_103405|TYC_3452_787_1|gaia_774271076054448768_src2|gaia_774272862760870784_src1|gaia_774287774887292672_src5|gaia_774289488578357504_src6|gaia_774290626745586944_src8,"HD_103405,TYC_3452_787_1,src2,src1,src5,src6,src8"
V0399 named,7,107,64,1.610359463236157,1.9197654898649705,1.7650624765505638,HD_103405|TYC_3452_787_1|gaia_774271076054448768_src2|gaia_774272862760870784_src1|gaia_774287774887292672_src5|gaia_774289488578357504_src6|gaia_774384016513181696_src3,"HD_103405,TYC_3452_787_1,src2,src1,src5,src6,src3"
V0399 named,7,107,64,1.610359463236157,1.9197654898649705,1.7650624765505638,HD_103405|TYC_3452_787_1|gaia_774271076054448768_src2|gaia_774272862760870784_src1|gaia_774287774887292672_src5|gaia_774290626745586944_src8|gaia_774384016513181696_src3,"HD_103405,TYC_3452_787_1,src2,src1,src5,src8,src3"
V0399 named,7,107,64,1.610359463236157,1.9197654898649705,1.7650624765505638,HD_103405|TYC_3452_787_1|gaia_774271076054448768_src2|gaia_774272862760870784_src1|gaia_774288805679445888_src7|gaia_774289041901756032_src4|gaia_774289488578357504_src6,"HD_103405,TYC_3452_787_1,src2,src1,src7,src4,src6"
V0399 named,7,107,64,1.610359463236157,1.9197654898649705,1.7650624765505638,HD_103405|TYC_3452_787_1|gaia_774271076054448768_src2|gaia_774272862760870784_src1|gaia_774288805679445888_src7|gaia_774289041901756032_src4|gaia_774290626745586944_src8,"HD_103405,TYC_3452_787_1,src2,src1,src7,src4,src8"
V0399 named,7,107,64,1.610359463236157,1.9197654898649705,1.7650624765505638,HD_103405|TYC_3452_787_1|gaia_774271076054448768_src2|gaia_774272862760870784_src1|gaia_774288805679445888_src7|gaia_774289041901756032_src4|gaia_774384016513181696_src3,"HD_103405,TYC_3452_787_1,src2,src1,src7,src4,src3"
V0399 named,7,107,64,1.610359463236157,1.9197654898649705,1.7650624765505638,HD_103405|TYC_3452_787_1|gaia_774271076054448768_src2|gaia_774272862760870784_src1|gaia_774288805679445888_src7|gaia_774289488578357504_src6|gaia_774290626745586944_src8,"HD_103405,TYC_3452_787_1,src2,src1,src7,src6,src8"
V0399 named,7,107,64,1.610359463236157,1.9197654898649705,1.7650624765505638,HD_103405|TYC_3452_787_1|gaia_774271076054448768_src2|gaia_774272862760870784_src1|gaia_774288805679445888_src7|gaia_774289488578357504_src6|gaia_774384016513181696_src3,"HD_103405,TYC_3452_787_1,src2,src1,src7,src6,src3"
V0399 named,7,107,64,1.610359463236157,1.9197654898649705,1.7650624765505638,HD_103405|TYC_3452_787_1|gaia_774271076054448768_src2|gaia_774272862760870784_src1|gaia_774288805679445888_src7|gaia_774290626745586944_src8|gaia_774384016513181696_src3,"HD_103405,TYC_3452_787_1,src2,src1,src7,src8,src3"
V0399 named,7,107,64,1.610359463236157,1.9197654898649705,1.7650624765505638,HD_103405|TYC_3452_787_1|gaia_774271076054448768_src2|gaia_774272862760870784_src1|gaia_774289041901756032_src4|gaia_774289488578357504_src6|gaia_774290626745586944_src8,"HD_103405,TYC_3452_787_1,src2,src1,src4,src6,src8"
V0399 named,7,107,64,1.610359463236157,1.9197654898649705,1.7650624765505638,HD_103405|TYC_3452_787_1|gaia_774271076054448768_src2|gaia_774272862760870784_src1|gaia_774289041901756032_src4|gaia_774289488578357504_src6|gaia_774384016513181696_src3,"HD_103405,TYC_3452_787_1,src2,src1,src4,src6,src3"
V0399 named,7,107,64,1.610359463236157,1.9197654898649705,1.7650624765505638,HD_103405|TYC_3452_787_1|gaia_774271076054448768_src2|gaia_774272862760870784_src1|gaia_774289041901756032_src4|gaia_774290626745586944_src8|gaia_774384016513181696_src3,"HD_103405,TYC_3452_787_1,src2,src1,src4,src8,src3"
V0399 named,7,107,64,1.610359463236157,1.9197654898649705,1.7650624765505638,HD_103405|TYC_3452_787_1|gaia_774271076054448768_src2|gaia_774272862760870784_src1|gaia_774289488578357504_src6|gaia_774290626745586944_src8|gaia_774384016513181696_src3,"HD_103405,TYC_3452_787_1,src2,src1,src6,src8,src3"
V0399 named,9,107,64,1.610359463236157,1.9197654898649705,1.7650624765505638,HD_103187|HD_103405|TYC_3452_787_1|gaia_774271076054448768_src2|gaia_774272862760870784_src1|gaia_774287774887292672_src5|gaia_774288805679445888_src7|gaia_774289041901756032_src4|gaia_774289488578357504_src6,"HD_103187,HD_103405,TYC_3452_787_1,src2,src1,src5,src7,src4,src6"
V0399 named,9,107,64,1.610359463236157,1.9197654898649705,1.7650624765505638,HD_103187|HD_103405|TYC_3452_787_1|gaia_774271076054448768_src2|gaia_774272862760870784_src1|gaia_774287774887292672_src5|gaia_774288805679445888_src7|gaia_774289041901756032_src4|gaia_774290626745586944_src8,"HD_103187,HD_103405,TYC_3452_787_1,src2,src1,src5,src7,src4,src8"
V0399 named,9,107,64,1.610359463236157,1.9197654898649705,1.7650624765505638,HD_103187|HD_103405|TYC_3452_787_1|gaia_774271076054448768_src2|gaia_774272862760870784_src1|gaia_774287774887292672_src5|gaia_774288805679445888_src7|gaia_774289041901756032_src4|gaia_774384016513181696_src3,"HD_103187,HD_103405,TYC_3452_787_1,src2,src1,src5,src7,src4,src3"
V0399 named,9,107,64,1.610359463236157,1.9197654898649705,1.7650624765505638,HD_103187|HD_103405|TYC_3452_787_1|gaia_774271076054448768_src2|gaia_774272862760870784_src1|gaia_774287774887292672_src5|gaia_774288805679445888_src7|gaia_774289488578357504_src6|gaia_774290626745586944_src8,"HD_103187,HD_103405,TYC_3452_787_1,src2,src1,src5,src7,src6,src8"
V0399 named,9,107,64,1.610359463236157,1.9197654898649705,1.7650624765505638,HD_103187|HD_103405|TYC_3452_787_1|gaia_774271076054448768_src2|gaia_774272862760870784_src1|gaia_774287774887292672_src5|gaia_774288805679445888_src7|gaia_774289488578357504_src6|gaia_774384016513181696_src3,"HD_103187,HD_103405,TYC_3452_787_1,src2,src1,src5,src7,src6,src3"
V0399 named,9,107,64,1.610359463236157,1.9197654898649705,1.7650624765505638,HD_103187|HD_103405|TYC_3452_787_1|gaia_774271076054448768_src2|gaia_774272862760870784_src1|gaia_774287774887292672_src5|gaia_774288805679445888_src7|gaia_774290626745586944_src8|gaia_774384016513181696_src3,"HD_103187,HD_103405,TYC_3452_787_1,src2,src1,src5,src7,src8,src3"
V0399 named,9,107,64,1.610359463236157,1.9197654898649705,1.7650624765505638,HD_103187|HD_103405|TYC_3452_787_1|gaia_774271076054448768_src2|gaia_774272862760870784_src1|gaia_774287774887292672_src5|gaia_774289041901756032_src4|gaia_774289488578357504_src6|gaia_774290626745586944_src8,"HD_103187,HD_103405,TYC_3452_787_1,src2,src1,src5,src4,src6,src8"
V0399 named,9,107,64,1.610359463236157,1.9197654898649705,1.7650624765505638,HD_103187|HD_103405|TYC_3452_787_1|gaia_774271076054448768_src2|gaia_774272862760870784_src1|gaia_774287774887292672_src5|gaia_774289041901756032_src4|gaia_774289488578357504_src6|gaia_774384016513181696_src3,"HD_103187,HD_103405,TYC_3452_787_1,src2,src1,src5,src4,src6,src3"
V0399 named,9,107,64,1.610359463236157,1.9197654898649705,1.7650624765505638,HD_103187|HD_103405|TYC_3452_787_1|gaia_774271076054448768_src2|gaia_774272862760870784_src1|gaia_774287774887292672_src5|gaia_774289041901756032_src4|gaia_774290626745586944_src8|gaia_774384016513181696_src3,"HD_103187,HD_103405,TYC_3452_787_1,src2,src1,src5,src4,src8,src3"
V0399 named,9,107,64,1.610359463236157,1.9197654898649705,1.7650624765505638,HD_103187|HD_103405|TYC_3452_787_1|gaia_774271076054448768_src2|gaia_774272862760870784_src1|gaia_774287774887292672_src5|gaia_774289488578357504_src6|gaia_774290626745586944_src8|gaia_774384016513181696_src3,"HD_103187,HD_103405,TYC_3452_787_1,src2,src1,src5,src6,src8,src3"
V0399 named,9,107,64,1.610359463236157,1.9197654898649705,1.7650624765505638,HD_103187|HD_103405|TYC_3452_787_1|gaia_774271076054448768_src2|gaia_774272862760870784_src1|gaia_774288805679445888_src7|gaia_774289041901756032_src4|gaia_774289488578357504_src6|gaia_774290626745586944_src8,"HD_103187,HD_103405,TYC_3452_787_1,src2,src1,src7,src4,src6,src8"
V0399 named,9,107,64,1.610359463236157,1.9197654898649705,1.7650624765505638,HD_103187|HD_103405|TYC_3452_787_1|gaia_774271076054448768_src2|gaia_774272862760870784_src1|gaia_774288805679445888_src7|gaia_774289041901756032_src4|gaia_774289488578357504_src6|gaia_774384016513181696_src3,"HD_103187,HD_103405,TYC_3452_787_1,src2,src1,src7,src4,src6,src3"
V0399 named,9,107,64,1.610359463236157,1.9197654898649705,1.7650624765505638,HD_103187|HD_103405|TYC_3452_787_1|gaia_774271076054448768_src2|gaia_774272862760870784_src1|gaia_774288805679445888_src7|gaia_774289041901756032_src4|gaia_774290626745586944_src8|gaia_774384016513181696_src3,"HD_103187,HD_103405,TYC_3452_787_1,src2,src1,src7,src4,src8,src3"
V0399 named,9,107,64,1.610359463236157,1.9197654898649705,1.7650624765505638,HD_103187|HD_103405|TYC_3452_787_1|gaia_774271076054448768_src2|gaia_774272862760870784_src1|gaia_774288805679445888_src7|gaia_774289488578357504_src6|gaia_774290626745586944_src8|gaia_774384016513181696_src3,"HD_103187,HD_103405,TYC_3452_787_1,src2,src1,src7,src6,src8,src3"
V0399 named,9,107,64,1.610359463236157,1.9197654898649705,1.7650624765505638,HD_103187|HD_103405|TYC_3452_787_1|gaia_774271076054448768_src2|gaia_774272862760870784_src1|gaia_774289041901756032_src4|gaia_774289488578357504_src6|gaia_774290626745586944_src8|gaia_774384016513181696_src3,"HD_103187,HD_103405,TYC_3452_787_1,src2,src1,src4,src6,src8,src3"
V0399 named,3,107,64,1.6866324268362973,2.064063921721429,1.8753481742788631,HD_103187|gaia_774287774887292672_src5|gaia_774384016513181696_src3,"HD_103187,src5,src3"
V0399 named,3,107,64,1.6866324268362973,2.064063921721429,1.8753481742788631,HD_103187|gaia_774288805679445888_src7|gaia_774384016513181696_src3,"HD_103187,src7,src3"
V0399 named,3,107,64,1.6866324268362973,2.064063921721429,1.8753481742788631,HD_103187|gaia_774289041901756032_src4|gaia_774384016513181696_src3,"HD_103187,src4,src3"
V0399 named,3,107,64,1.6866324268362973,2.064063921721429,1.8753481742788631,HD_103187|gaia_774289488578357504_src6|gaia_774384016513181696_src3,"HD_103187,src6,src3"
V0399 named,3,107,64,1.6866324268362973,2.064063921721429,1.8753481742788631,HD_103187|gaia_774290626745586944_src8|gaia_774384016513181696_src3,"HD_103187,src8,src3"
V0399 named,3,107,64,1.6866324268362973,2.064063921721429,1.8753481742788631,HD_103405|gaia_774287774887292672_src5|gaia_774384016513181696_src3,"HD_103405,src5,src3"
V0399 named,3,107,64,1.6866324268362973,2.064063921721429,1.8753481742788631,HD_103405|gaia_774288805679445888_src7|gaia_774384016513181696_src3,"HD_103405,src7,src3"
V0399 named,3,107,64,1.6866324268362973,2.064063921721429,1.8753481742788631,HD_103405|gaia_774289041901756032_src4|gaia_774384016513181696_src3,"HD_103405,src4,src3"
V0399 named,3,107,64,1.6866324268362973,2.064063921721429,1.8753481742788631,HD_103405|gaia_774289488578357504_src6|gaia_774384016513181696_src3,"HD_103405,src6,src3"
V0399 named,3,107,64,1.6866324268362973,2.064063921721429,1.8753481742788631,HD_103405|gaia_774290626745586944_src8|gaia_774384016513181696_src3,"HD_103405,src8,src3"
V0399 named,3,107,64,1.6866324268362973,2.064063921721429,1.8753481742788631,TYC_3452_787_1|gaia_774287774887292672_src5|gaia_774384016513181696_src3,"TYC_3452_787_1,src5,src3"
V0399 named,3,107,64,1.6866324268362973,2.064063921721429,1.8753481742788631,TYC_3452_787_1|gaia_774288805679445888_src7|gaia_774384016513181696_src3,"TYC_3452_787_1,src7,src3"
V0399 named,3,107,64,1.6866324268362973,2.064063921721429,1.8753481742788631,TYC_3452_787_1|gaia_774289041901756032_src4|gaia_774384016513181696_src3,"TYC_3452_787_1,src4,src3"
V0399 named,3,107,64,1.6866324268362973,2.064063921721429,1.8753481742788631,TYC_3452_787_1|gaia_774289488578357504_src6|gaia_774384016513181696_src3,"TYC_3452_787_1,src6,src3"
V0399 named,3,107,64,1.6866324268362973,2.064063921721429,1.8753481742788631,TYC_3452_787_1|gaia_774290626745586944_src8|gaia_774384016513181696_src3,"TYC_3452_787_1,src8,src3"
V0399 named,3,107,64,1.6866324268362973,2.064063921721429,1.8753481742788631,gaia_774271076054448768_src2|gaia_774287774887292672_src5|gaia_774384016513181696_src3,"src2,src5,src3"
V0399 named,3,107,64,1.6866324268362973,2.064063921721429,1.8753481742788631,gaia_774271076054448768_src2|gaia_774288805679445888_src7|gaia_774384016513181696_src3,"src2,src7,src3"
V0399 named,3,107,64,1.6866324268362973,2.064063921721429,1.8753481742788631,gaia_774271076054448768_src2|gaia_774289041901756032_src4|gaia_774384016513181696_src3,"src2,src4,src3"
V0399 named,3,107,64,1.6866324268362973,2.064063921721429,1.8753481742788631,gaia_774271076054448768_src2|gaia_774289488578357504_src6|gaia_774384016513181696_src3,"src2,src6,src3"
V0399 named,3,107,64,1.6866324268362973,2.064063921721429,1.8753481742788631,gaia_774271076054448768_src2|gaia_774290626745586944_src8|gaia_774384016513181696_src3,"src2,src8,src3"
V0399 named,3,107,64,1.6866324268362973,2.064063921721429,1.8753481742788631,gaia_774272862760870784_src1|gaia_774287774887292672_src5|gaia_774384016513181696_src3,"src1,src5,src3"
V0399 named,3,107,64,1.6866324268362973,2.064063921721429,1.8753481742788631,gaia_774272862760870784_src1|gaia_774288805679445888_src7|gaia_774384016513181696_src3,"src1,src7,src3"
V0399 named,3,107,64,1.6866324268362973,2.064063921721429,1.8753481742788631,gaia_774272862760870784_src1|gaia_774289041901756032_src4|gaia_774384016513181696_src3,"src1,src4,src3"
V0399 named,3,107,64,1.6866324268362973,2.064063921721429,1.8753481742788631,gaia_774272862760870784_src1|gaia_774289488578357504_src6|gaia_774384016513181696_src3,"src1,src6,src3"
V0399 named,3,107,64,1.6866324268362973,2.064063921721429,1.8753481742788631,gaia_774272862760870784_src1|gaia_774290626745586944_src8|gaia_774384016513181696_src3,"src1,src8,src3"
V0399 named,5,107,64,1.6866324268362973,2.064063921721429,1.8753481742788631,HD_103187|HD_103405|gaia_774287774887292672_src5|gaia_774288805679445888_src7|gaia_774384016513181696_src3,"HD_103187,HD_103405,src5,src7,src3"
V0399 named,5,107,64,1.6866324268362973,2.064063921721429,1.8753481742788631,HD_103187|HD_103405|gaia_774287774887292672_src5|gaia_774289041901756032_src4|gaia_774384016513181696_src3,"HD_103187,HD_103405,src5,src4,src3"
V0399 named,5,107,64,1.6866324268362973,2.064063921721429,1.8753481742788631,HD_103187|HD_103405|gaia_774287774887292672_src5|gaia_774289488578357504_src6|gaia_774384016513181696_src3,"HD_103187,HD_103405,src5,src6,src3"
V0399 named,5,107,64,1.6866324268362973,2.064063921721429,1.8753481742788631,HD_103187|HD_103405|gaia_774287774887292672_src5|gaia_774290626745586944_src8|gaia_774384016513181696_src3,"HD_103187,HD_103405,src5,src8,src3"
V0399 named,5,107,64,1.6866324268362973,2.064063921721429,1.8753481742788631,HD_103187|HD_103405|gaia_774288805679445888_src7|gaia_774289041901756032_src4|gaia_774384016513181696_src3,"HD_103187,HD_103405,src7,src4,src3"
V0399 named,5,107,64,1.6866324268362973,2.064063921721429,1.8753481742788631,HD_103187|HD_103405|gaia_774288805679445888_src7|gaia_774289488578357504_src6|gaia_774384016513181696_src3,"HD_103187,HD_103405,src7,src6,src3"
V0399 named,5,107,64,1.6866324268362973,2.064063921721429,1.8753481742788631,HD_103187|HD_103405|gaia_774288805679445888_src7|gaia_774290626745586944_src8|gaia_774384016513181696_src3,"HD_103187,HD_103405,src7,src8,src3"
V0399 named,5,107,64,1.6866324268362973,2.064063921721429,1.8753481742788631,HD_103187|HD_103405|gaia_774289041901756032_src4|gaia_774289488578357504_src6|gaia_774384016513181696_src3,"HD_103187,HD_103405,src4,src6,src3"
V0399 named,5,107,64,1.6866324268362973,2.064063921721429,1.8753481742788631,HD_103187|HD_103405|gaia_774289041901756032_src4|gaia_774290626745586944_src8|gaia_774384016513181696_src3,"HD_103187,HD_103405,src4,src8,src3"
V0399 named,5,107,64,1.6866324268362973,2.064063921721429,1.8753481742788631,HD_103187|HD_103405|gaia_774289488578357504_src6|gaia_774290626745586944_src8|gaia_774384016513181696_src3,"HD_103187,HD_103405,src6,src8,src3"
V0399 named,5,107,64,1.6866324268362973,2.064063921721429,1.8753481742788631,HD_103187|TYC_3452_787_1|gaia_774287774887292672_src5|gaia_774288805679445888_src7|gaia_774384016513181696_src3,"HD_103187,TYC_3452_787_1,src5,src7,src3"
V0399 named,5,107,64,1.6866324268362973,2.064063921721429,1.8753481742788631,HD_103187|TYC_3452_787_1|gaia_774287774887292672_src5|gaia_774289041901756032_src4|gaia_774384016513181696_src3,"HD_103187,TYC_3452_787_1,src5,src4,src3"
V0399 named,5,107,64,1.6866324268362973,2.064063921721429,1.8753481742788631,HD_103187|TYC_3452_787_1|gaia_774287774887292672_src5|gaia_774289488578357504_src6|gaia_774384016513181696_src3,"HD_103187,TYC_3452_787_1,src5,src6,src3"
V0399 named,5,107,64,1.6866324268362973,2.064063921721429,1.8753481742788631,HD_103187|TYC_3452_787_1|gaia_774287774887292672_src5|gaia_774290626745586944_src8|gaia_774384016513181696_src3,"HD_103187,TYC_3452_787_1,src5,src8,src3"
V0399 named,5,107,64,1.6866324268362973,2.064063921721429,1.8753481742788631,HD_103187|TYC_3452_787_1|gaia_774288805679445888_src7|gaia_774289041901756032_src4|gaia_774384016513181696_src3,"HD_103187,TYC_3452_787_1,src7,src4,src3"
V0399 named,5,107,64,1.6866324268362973,2.064063921721429,1.8753481742788631,HD_103187|TYC_3452_787_1|gaia_774288805679445888_src7|gaia_774289488578357504_src6|gaia_774384016513181696_src3,"HD_103187,TYC_3452_787_1,src7,src6,src3"
V0399 named,5,107,64,1.6866324268362973,2.064063921721429,1.8753481742788631,HD_103187|TYC_3452_787_1|gaia_774288805679445888_src7|gaia_774290626745586944_src8|gaia_774384016513181696_src3,"HD_103187,TYC_3452_787_1,src7,src8,src3"
V0399 named,5,107,64,1.6866324268362973,2.064063921721429,1.8753481742788631,HD_103187|TYC_3452_787_1|gaia_774289041901756032_src4|gaia_774289488578357504_src6|gaia_774384016513181696_src3,"HD_103187,TYC_3452_787_1,src4,src6,src3"
V0399 named,5,107,64,1.6866324268362973,2.064063921721429,1.8753481742788631,HD_103187|TYC_3452_787_1|gaia_774289041901756032_src4|gaia_774290626745586944_src8|gaia_774384016513181696_src3,"HD_103187,TYC_3452_787_1,src4,src8,src3"
V0399 named,5,107,64,1.6866324268362973,2.064063921721429,1.8753481742788631,HD_103187|TYC_3452_787_1|gaia_774289488578357504_src6|gaia_774290626745586944_src8|gaia_774384016513181696_src3,"HD_103187,TYC_3452_787_1,src6,src8,src3"
V0399 named,5,107,64,1.6866324268362973,2.064063921721429,1.8753481742788631,HD_103187|gaia_774271076054448768_src2|gaia_774287774887292672_src5|gaia_774288805679445888_src7|gaia_774384016513181696_src3,"HD_103187,src2,src5,src7,src3"
V0399 named,5,107,64,1.6866324268362973,2.064063921721429,1.8753481742788631,HD_103187|gaia_774271076054448768_src2|gaia_774287774887292672_src5|gaia_774289041901756032_src4|gaia_774384016513181696_src3,"HD_103187,src2,src5,src4,src3"
V0399 named,5,107,64,1.6866324268362973,2.064063921721429,1.8753481742788631,HD_103187|gaia_774271076054448768_src2|gaia_774287774887292672_src5|gaia_774289488578357504_src6|gaia_774384016513181696_src3,"HD_103187,src2,src5,src6,src3"
V0399 named,5,107,64,1.6866324268362973,2.064063921721429,1.8753481742788631,HD_103187|gaia_774271076054448768_src2|gaia_774287774887292672_src5|gaia_774290626745586944_src8|gaia_774384016513181696_src3,"HD_103187,src2,src5,src8,src3"
V0399 named,5,107,64,1.6866324268362973,2.064063921721429,1.8753481742788631,HD_103187|gaia_774271076054448768_src2|gaia_774288805679445888_src7|gaia_774289041901756032_src4|gaia_774384016513181696_src3,"HD_103187,src2,src7,src4,src3"
V0399 named,5,107,64,1.6866324268362973,2.064063921721429,1.8753481742788631,HD_103187|gaia_774271076054448768_src2|gaia_774288805679445888_src7|gaia_774289488578357504_src6|gaia_774384016513181696_src3,"HD_103187,src2,src7,src6,src3"
V0399 named,5,107,64,1.6866324268362973,2.064063921721429,1.8753481742788631,HD_103187|gaia_774271076054448768_src2|gaia_774288805679445888_src7|gaia_774290626745586944_src8|gaia_774384016513181696_src3,"HD_103187,src2,src7,src8,src3"
V0399 named,5,107,64,1.6866324268362973,2.064063921721429,1.8753481742788631,HD_103187|gaia_774271076054448768_src2|gaia_774289041901756032_src4|gaia_774289488578357504_src6|gaia_774384016513181696_src3,"HD_103187,src2,src4,src6,src3"
V0399 named,5,107,64,1.6866324268362973,2.064063921721429,1.8753481742788631,HD_103187|gaia_774271076054448768_src2|gaia_774289041901756032_src4|gaia_774290626745586944_src8|gaia_774384016513181696_src3,"HD_103187,src2,src4,src8,src3"
V0399 named,5,107,64,1.6866324268362973,2.064063921721429,1.8753481742788631,HD_103187|gaia_774271076054448768_src2|gaia_774289488578357504_src6|gaia_774290626745586944_src8|gaia_774384016513181696_src3,"HD_103187,src2,src6,src8,src3"
V0399 named,5,107,64,1.6866324268362973,2.064063921721429,1.8753481742788631,HD_103187|gaia_774272862760870784_src1|gaia_774287774887292672_src5|gaia_774288805679445888_src7|gaia_774384016513181696_src3,"HD_103187,src1,src5,src7,src3"
V0399 named,5,107,64,1.6866324268362973,2.064063921721429,1.8753481742788631,HD_103187|gaia_774272862760870784_src1|gaia_774287774887292672_src5|gaia_774289041901756032_src4|gaia_774384016513181696_src3,"HD_103187,src1,src5,src4,src3"
V0399 named,5,107,64,1.6866324268362973,2.064063921721429,1.8753481742788631,HD_103187|gaia_774272862760870784_src1|gaia_774287774887292672_src5|gaia_774289488578357504_src6|gaia_774384016513181696_src3,"HD_103187,src1,src5,src6,src3"
V0399 named,5,107,64,1.6866324268362973,2.064063921721429,1.8753481742788631,HD_103187|gaia_774272862760870784_src1|gaia_774287774887292672_src5|gaia_774290626745586944_src8|gaia_774384016513181696_src3,"HD_103187,src1,src5,src8,src3"
V0399 named,5,107,64,1.6866324268362973,2.064063921721429,1.8753481742788631,HD_103187|gaia_774272862760870784_src1|gaia_774288805679445888_src7|gaia_774289041901756032_src4|gaia_774384016513181696_src3,"HD_103187,src1,src7,src4,src3"
V0399 named,5,107,64,1.6866324268362973,2.064063921721429,1.8753481742788631,HD_103187|gaia_774272862760870784_src1|gaia_774288805679445888_src7|gaia_774289488578357504_src6|gaia_774384016513181696_src3,"HD_103187,src1,src7,src6,src3"
V0399 named,5,107,64,1.6866324268362973,2.064063921721429,1.8753481742788631,HD_103187|gaia_774272862760870784_src1|gaia_774288805679445888_src7|gaia_774290626745586944_src8|gaia_774384016513181696_src3,"HD_103187,src1,src7,src8,src3"
V0399 named,5,107,64,1.6866324268362973,2.064063921721429,1.8753481742788631,HD_103187|gaia_774272862760870784_src1|gaia_774289041901756032_src4|gaia_774289488578357504_src6|gaia_774384016513181696_src3,"HD_103187,src1,src4,src6,src3"
V0399 named,5,107,64,1.6866324268362973,2.064063921721429,1.8753481742788631,HD_103187|gaia_774272862760870784_src1|gaia_774289041901756032_src4|gaia_774290626745586944_src8|gaia_774384016513181696_src3,"HD_103187,src1,src4,src8,src3"
V0399 named,5,107,64,1.6866324268362973,2.064063921721429,1.8753481742788631,HD_103187|gaia_774272862760870784_src1|gaia_774289488578357504_src6|gaia_774290626745586944_src8|gaia_774384016513181696_src3,"HD_103187,src1,src6,src8,src3"
V0399 named,5,107,64,1.6866324268362973,2.064063921721429,1.8753481742788631,HD_103405|TYC_3452_787_1|gaia_774287774887292672_src5|gaia_774288805679445888_src7|gaia_774384016513181696_src3,"HD_103405,TYC_3452_787_1,src5,src7,src3"
V0399 named,5,107,64,1.6866324268362973,2.064063921721429,1.8753481742788631,HD_103405|TYC_3452_787_1|gaia_774287774887292672_src5|gaia_774289041901756032_src4|gaia_774384016513181696_src3,"HD_103405,TYC_3452_787_1,src5,src4,src3"
V0399 named,5,107,64,1.6866324268362973,2.064063921721429,1.8753481742788631,HD_103405|TYC_3452_787_1|gaia_774287774887292672_src5|gaia_774289488578357504_src6|gaia_774384016513181696_src3,"HD_103405,TYC_3452_787_1,src5,src6,src3"
V0399 named,5,107,64,1.6866324268362973,2.064063921721429,1.8753481742788631,HD_103405|TYC_3452_787_1|gaia_774287774887292672_src5|gaia_774290626745586944_src8|gaia_774384016513181696_src3,"HD_103405,TYC_3452_787_1,src5,src8,src3"
V0399 named,5,107,64,1.6866324268362973,2.064063921721429,1.8753481742788631,HD_103405|TYC_3452_787_1|gaia_774288805679445888_src7|gaia_774289041901756032_src4|gaia_774384016513181696_src3,"HD_103405,TYC_3452_787_1,src7,src4,src3"
V0399 named,5,107,64,1.6866324268362973,2.064063921721429,1.8753481742788631,HD_103405|TYC_3452_787_1|gaia_774288805679445888_src7|gaia_774289488578357504_src6|gaia_774384016513181696_src3,"HD_103405,TYC_3452_787_1,src7,src6,src3"
V0399 named,5,107,64,1.6866324268362973,2.064063921721429,1.8753481742788631,HD_103405|TYC_3452_787_1|gaia_774288805679445888_src7|gaia_774290626745586944_src8|gaia_774384016513181696_src3,"HD_103405,TYC_3452_787_1,src7,src8,src3"
V0399 named,5,107,64,1.6866324268362973,2.064063921721429,1.8753481742788631,HD_103405|TYC_3452_787_1|gaia_774289041901756032_src4|gaia_774289488578357504_src6|gaia_774384016513181696_src3,"HD_103405,TYC_3452_787_1,src4,src6,src3"
V0399 named,5,107,64,1.6866324268362973,2.064063921721429,1.8753481742788631,HD_103405|TYC_3452_787_1|gaia_774289041901756032_src4|gaia_774290626745586944_src8|gaia_774384016513181696_src3,"HD_103405,TYC_3452_787_1,src4,src8,src3"
V0399 named,5,107,64,1.6866324268362973,2.064063921721429,1.8753481742788631,HD_103405|TYC_3452_787_1|gaia_774289488578357504_src6|gaia_774290626745586944_src8|gaia_774384016513181696_src3,"HD_103405,TYC_3452_787_1,src6,src8,src3"
V0399 named,5,107,64,1.6866324268362973,2.064063921721429,1.8753481742788631,HD_103405|gaia_774271076054448768_src2|gaia_774287774887292672_src5|gaia_774288805679445888_src7|gaia_774384016513181696_src3,"HD_103405,src2,src5,src7,src3"
V0399 named,5,107,64,1.6866324268362973,2.064063921721429,1.8753481742788631,HD_103405|gaia_774271076054448768_src2|gaia_774287774887292672_src5|gaia_774289041901756032_src4|gaia_774384016513181696_src3,"HD_103405,src2,src5,src4,src3"
V0399 named,5,107,64,1.6866324268362973,2.064063921721429,1.8753481742788631,HD_103405|gaia_774271076054448768_src2|gaia_774287774887292672_src5|gaia_774289488578357504_src6|gaia_774384016513181696_src3,"HD_103405,src2,src5,src6,src3"
V0399 named,5,107,64,1.6866324268362973,2.064063921721429,1.8753481742788631,HD_103405|gaia_774271076054448768_src2|gaia_774287774887292672_src5|gaia_774290626745586944_src8|gaia_774384016513181696_src3,"HD_103405,src2,src5,src8,src3"
V0399 named,5,107,64,1.6866324268362973,2.064063921721429,1.8753481742788631,HD_103405|gaia_774271076054448768_src2|gaia_774288805679445888_src7|gaia_774289041901756032_src4|gaia_774384016513181696_src3,"HD_103405,src2,src7,src4,src3"
V0399 named,5,107,64,1.6866324268362973,2.064063921721429,1.8753481742788631,HD_103405|gaia_774271076054448768_src2|gaia_774288805679445888_src7|gaia_774289488578357504_src6|gaia_774384016513181696_src3,"HD_103405,src2,src7,src6,src3"
V0399 named,5,107,64,1.6866324268362973,2.064063921721429,1.8753481742788631,HD_103405|gaia_774271076054448768_src2|gaia_774288805679445888_src7|gaia_774290626745586944_src8|gaia_774384016513181696_src3,"HD_103405,src2,src7,src8,src3"
V0399 named,5,107,64,1.6866324268362973,2.064063921721429,1.8753481742788631,HD_103405|gaia_774271076054448768_src2|gaia_774289041901756032_src4|gaia_774289488578357504_src6|gaia_774384016513181696_src3,"HD_103405,src2,src4,src6,src3"
V0399 named,5,107,64,1.6866324268362973,2.064063921721429,1.8753481742788631,HD_103405|gaia_774271076054448768_src2|gaia_774289041901756032_src4|gaia_774290626745586944_src8|gaia_774384016513181696_src3,"HD_103405,src2,src4,src8,src3"
V0399 named,5,107,64,1.6866324268362973,2.064063921721429,1.8753481742788631,HD_103405|gaia_774271076054448768_src2|gaia_774289488578357504_src6|gaia_774290626745586944_src8|gaia_774384016513181696_src3,"HD_103405,src2,src6,src8,src3"
V0399 named,5,107,64,1.6866324268362973,2.064063921721429,1.8753481742788631,HD_103405|gaia_774272862760870784_src1|gaia_774287774887292672_src5|gaia_774288805679445888_src7|gaia_774384016513181696_src3,"HD_103405,src1,src5,src7,src3"
V0399 named,5,107,64,1.6866324268362973,2.064063921721429,1.8753481742788631,HD_103405|gaia_774272862760870784_src1|gaia_774287774887292672_src5|gaia_774289041901756032_src4|gaia_774384016513181696_src3,"HD_103405,src1,src5,src4,src3"
V0399 named,5,107,64,1.6866324268362973,2.064063921721429,1.8753481742788631,HD_103405|gaia_774272862760870784_src1|gaia_774287774887292672_src5|gaia_774289488578357504_src6|gaia_774384016513181696_src3,"HD_103405,src1,src5,src6,src3"
V0399 named,5,107,64,1.6866324268362973,2.064063921721429,1.8753481742788631,HD_103405|gaia_774272862760870784_src1|gaia_774287774887292672_src5|gaia_774290626745586944_src8|gaia_774384016513181696_src3,"HD_103405,src1,src5,src8,src3"
V0399 named,5,107,64,1.6866324268362973,2.064063921721429,1.8753481742788631,HD_103405|gaia_774272862760870784_src1|gaia_774288805679445888_src7|gaia_774289041901756032_src4|gaia_774384016513181696_src3,"HD_103405,src1,src7,src4,src3"
V0399 named,5,107,64,1.6866324268362973,2.064063921721429,1.8753481742788631,HD_103405|gaia_774272862760870784_src1|gaia_774288805679445888_src7|gaia_774289488578357504_src6|gaia_774384016513181696_src3,"HD_103405,src1,src7,src6,src3"
V0399 named,5,107,64,1.6866324268362973,2.064063921721429,1.8753481742788631,HD_103405|gaia_774272862760870784_src1|gaia_774288805679445888_src7|gaia_774290626745586944_src8|gaia_774384016513181696_src3,"HD_103405,src1,src7,src8,src3"
V0399 named,5,107,64,1.6866324268362973,2.064063921721429,1.8753481742788631,HD_103405|gaia_774272862760870784_src1|gaia_774289041901756032_src4|gaia_774289488578357504_src6|gaia_774384016513181696_src3,"HD_103405,src1,src4,src6,src3"
V0399 named,5,107,64,1.6866324268362973,2.064063921721429,1.8753481742788631,HD_103405|gaia_774272862760870784_src1|gaia_774289041901756032_src4|gaia_774290626745586944_src8|gaia_774384016513181696_src3,"HD_103405,src1,src4,src8,src3"
V0399 named,5,107,64,1.6866324268362973,2.064063921721429,1.8753481742788631,HD_103405|gaia_774272862760870784_src1|gaia_774289488578357504_src6|gaia_774290626745586944_src8|gaia_774384016513181696_src3,"HD_103405,src1,src6,src8,src3"
V0399 named,5,107,64,1.6866324268362973,2.064063921721429,1.8753481742788631,TYC_3452_787_1|gaia_774271076054448768_src2|gaia_774287774887292672_src5|gaia_774288805679445888_src7|gaia_774384016513181696_src3,"TYC_3452_787_1,src2,src5,src7,src3"
V0399 named,5,107,64,1.6866324268362973,2.064063921721429,1.8753481742788631,TYC_3452_787_1|gaia_774271076054448768_src2|gaia_774287774887292672_src5|gaia_774289041901756032_src4|gaia_774384016513181696_src3,"TYC_3452_787_1,src2,src5,src4,src3"
V0399 named,5,107,64,1.6866324268362973,2.064063921721429,1.8753481742788631,TYC_3452_787_1|gaia_774271076054448768_src2|gaia_774287774887292672_src5|gaia_774289488578357504_src6|gaia_774384016513181696_src3,"TYC_3452_787_1,src2,src5,src6,src3"
V0399 named,5,107,64,1.6866324268362973,2.064063921721429,1.8753481742788631,TYC_3452_787_1|gaia_774271076054448768_src2|gaia_774287774887292672_src5|gaia_774290626745586944_src8|gaia_774384016513181696_src3,"TYC_3452_787_1,src2,src5,src8,src3"
V0399 named,5,107,64,1.6866324268362973,2.064063921721429,1.8753481742788631,TYC_3452_787_1|gaia_774271076054448768_src2|gaia_774288805679445888_src7|gaia_774289041901756032_src4|gaia_774384016513181696_src3,"TYC_3452_787_1,src2,src7,src4,src3"
V0399 named,5,107,64,1.6866324268362973,2.064063921721429,1.8753481742788631,TYC_3452_787_1|gaia_774271076054448768_src2|gaia_774288805679445888_src7|gaia_774289488578357504_src6|gaia_774384016513181696_src3,"TYC_3452_787_1,src2,src7,src6,src3"
V0399 named,5,107,64,1.6866324268362973,2.064063921721429,1.8753481742788631,TYC_3452_787_1|gaia_774271076054448768_src2|gaia_774288805679445888_src7|gaia_774290626745586944_src8|gaia_774384016513181696_src3,"TYC_3452_787_1,src2,src7,src8,src3"
V0399 named,5,107,64,1.6866324268362973,2.064063921721429,1.8753481742788631,TYC_3452_787_1|gaia_774271076054448768_src2|gaia_774289041901756032_src4|gaia_774289488578357504_src6|gaia_774384016513181696_src3,"TYC_3452_787_1,src2,src4,src6,src3"
V0399 named,5,107,64,1.6866324268362973,2.064063921721429,1.8753481742788631,TYC_3452_787_1|gaia_774271076054448768_src2|gaia_774289041901756032_src4|gaia_774290626745586944_src8|gaia_774384016513181696_src3,"TYC_3452_787_1,src2,src4,src8,src3"
V0399 named,5,107,64,1.6866324268362973,2.064063921721429,1.8753481742788631,TYC_3452_787_1|gaia_774271076054448768_src2|gaia_774289488578357504_src6|gaia_774290626745586944_src8|gaia_774384016513181696_src3,"TYC_3452_787_1,src2,src6,src8,src3"
V0399 named,5,107,64,1.6866324268362973,2.064063921721429,1.8753481742788631,TYC_3452_787_1|gaia_774272862760870784_src1|gaia_774287774887292672_src5|gaia_774288805679445888_src7|gaia_774384016513181696_src3,"TYC_3452_787_1,src1,src5,src7,src3"
V0399 named,5,107,64,1.6866324268362973,2.064063921721429,1.8753481742788631,TYC_3452_787_1|gaia_774272862760870784_src1|gaia_774287774887292672_src5|gaia_774289041901756032_src4|gaia_774384016513181696_src3,"TYC_3452_787_1,src1,src5,src4,src3"
V0399 named,5,107,64,1.6866324268362973,2.064063921721429,1.8753481742788631,TYC_3452_787_1|gaia_774272862760870784_src1|gaia_774287774887292672_src5|gaia_774289488578357504_src6|gaia_774384016513181696_src3,"TYC_3452_787_1,src1,src5,src6,src3"
V0399 named,5,107,64,1.6866324268362973,2.064063921721429,1.8753481742788631,TYC_3452_787_1|gaia_774272862760870784_src1|gaia_774287774887292672_src5|gaia_774290626745586944_src8|gaia_774384016513181696_src3,"TYC_3452_787_1,src1,src5,src8,src3"
V0399 named,5,107,64,1.6866324268362973,2.064063921721429,1.8753481742788631,TYC_3452_787_1|gaia_774272862760870784_src1|gaia_774288805679445888_src7|gaia_774289041901756032_src4|gaia_774384016513181696_src3,"TYC_3452_787_1,src1,src7,src4,src3"
V0399 named,5,107,64,1.6866324268362973,2.064063921721429,1.8753481742788631,TYC_3452_787_1|gaia_774272862760870784_src1|gaia_774288805679445888_src7|gaia_774289488578357504_src6|gaia_774384016513181696_src3,"TYC_3452_787_1,src1,src7,src6,src3"
V0399 named,5,107,64,1.6866324268362973,2.064063921721429,1.8753481742788631,TYC_3452_787_1|gaia_774272862760870784_src1|gaia_774288805679445888_src7|gaia_774290626745586944_src8|gaia_774384016513181696_src3,"TYC_3452_787_1,src1,src7,src8,src3"
V0399 named,5,107,64,1.6866324268362973,2.064063921721429,1.8753481742788631,TYC_3452_787_1|gaia_774272862760870784_src1|gaia_774289041901756032_src4|gaia_774289488578357504_src6|gaia_774384016513181696_src3,"TYC_3452_787_1,src1,src4,src6,src3"
V0399 named,5,107,64,1.6866324268362973,2.064063921721429,1.8753481742788631,TYC_3452_787_1|gaia_774272862760870784_src1|gaia_774289041901756032_src4|gaia_774290626745586944_src8|gaia_774384016513181696_src3,"TYC_3452_787_1,src1,src4,src8,src3"
V0399 named,5,107,64,1.6866324268362973,2.064063921721429,1.8753481742788631,TYC_3452_787_1|gaia_774272862760870784_src1|gaia_774289488578357504_src6|gaia_774290626745586944_src8|gaia_774384016513181696_src3,"TYC_3452_787_1,src1,src6,src8,src3"
V0399 named,5,107,64,1.6866324268362973,2.064063921721429,1.8753481742788631,gaia_774271076054448768_src2|gaia_774272862760870784_src1|gaia_774287774887292672_src5|gaia_774288805679445888_src7|gaia_774384016513181696_src3,"src2,src1,src5,src7,src3"
V0399 named,5,107,64,1.6866324268362973,2.064063921721429,1.8753481742788631,gaia_774271076054448768_src2|gaia_774272862760870784_src1|gaia_774287774887292672_src5|gaia_774289041901756032_src4|gaia_774384016513181696_src3,"src2,src1,src5,src4,src3"
V0399 named,5,107,64,1.6866324268362973,2.064063921721429,1.8753481742788631,gaia_774271076054448768_src2|gaia_774272862760870784_src1|gaia_774287774887292672_src5|gaia_774289488578357504_src6|gaia_774384016513181696_src3,"src2,src1,src5,src6,src3"
V0399 named,5,107,64,1.6866324268362973,2.064063921721429,1.8753481742788631,gaia_774271076054448768_src2|gaia_774272862760870784_src1|gaia_774287774887292672_src5|gaia_774290626745586944_src8|gaia_774384016513181696_src3,"src2,src1,src5,src8,src3"
V0399 named,5,107,64,1.6866324268362973,2.064063921721429,1.8753481742788631,gaia_774271076054448768_src2|gaia_774272862760870784_src1|gaia_774288805679445888_src7|gaia_774289041901756032_src4|gaia_774384016513181696_src3,"src2,src1,src7,src4,src3"
V0399 named,5,107,64,1.6866324268362973,2.064063921721429,1.8753481742788631,gaia_774271076054448768_src2|gaia_774272862760870784_src1|gaia_774288805679445888_src7|gaia_774289488578357504_src6|gaia_774384016513181696_src3,"src2,src1,src7,src6,src3"
V0399 named,5,107,64,1.6866324268362973,2.064063921721429,1.8753481742788631,gaia_774271076054448768_src2|gaia_774272862760870784_src1|gaia_774288805679445888_src7|gaia_774290626745586944_src8|gaia_774384016513181696_src3,"src2,src1,src7,src8,src3"
V0399 named,5,107,64,1.6866324268362973,2.064063921721429,1.8753481742788631,gaia_774271076054448768_src2|gaia_774272862760870784_src1|gaia_774289041901756032_src4|gaia_774289488578357504_src6|gaia_774384016513181696_src3,"src2,src1,src4,src6,src3"
V0399 named,5,107,64,1.6866324268362973,2.064063921721429,1.8753481742788631,gaia_774271076054448768_src2|gaia_774272862760870784_src1|gaia_774289041901756032_src4|gaia_774290626745586944_src8|gaia_774384016513181696_src3,"src2,src1,src4,src8,src3"
V0399 named,5,107,64,1.6866324268362973,2.064063921721429,1.8753481742788631,gaia_774271076054448768_src2|gaia_774272862760870784_src1|gaia_774289488578357504_src6|gaia_774290626745586944_src8|gaia_774384016513181696_src3,"src2,src1,src6,src8,src3"
V0399 named,7,107,64,1.6866324268362973,2.064063921721429,1.8753481742788631,HD_103187|HD_103405|TYC_3452_787_1|gaia_774287774887292672_src5|gaia_774288805679445888_src7|gaia_774289041901756032_src4|gaia_774384016513181696_src3,"HD_103187,HD_103405,TYC_3452_787_1,src5,src7,src4,src3"
V0399 named,7,107,64,1.6866324268362973,2.064063921721429,1.8753481742788631,HD_103187|HD_103405|TYC_3452_787_1|gaia_774287774887292672_src5|gaia_774288805679445888_src7|gaia_774289488578357504_src6|gaia_774384016513181696_src3,"HD_103187,HD_103405,TYC_3452_787_1,src5,src7,src6,src3"
V0399 named,7,107,64,1.6866324268362973,2.064063921721429,1.8753481742788631,HD_103187|HD_103405|TYC_3452_787_1|gaia_774287774887292672_src5|gaia_774288805679445888_src7|gaia_774290626745586944_src8|gaia_774384016513181696_src3,"HD_103187,HD_103405,TYC_3452_787_1,src5,src7,src8,src3"
V0399 named,7,107,64,1.6866324268362973,2.064063921721429,1.8753481742788631,HD_103187|HD_103405|TYC_3452_787_1|gaia_774287774887292672_src5|gaia_774289041901756032_src4|gaia_774289488578357504_src6|gaia_774384016513181696_src3,"HD_103187,HD_103405,TYC_3452_787_1,src5,src4,src6,src3"
V0399 named,7,107,64,1.6866324268362973,2.064063921721429,1.8753481742788631,HD_103187|HD_103405|TYC_3452_787_1|gaia_774287774887292672_src5|gaia_774289041901756032_src4|gaia_774290626745586944_src8|gaia_774384016513181696_src3,"HD_103187,HD_103405,TYC_3452_787_1,src5,src4,src8,src3"
V0399 named,7,107,64,1.6866324268362973,2.064063921721429,1.8753481742788631,HD_103187|HD_103405|TYC_3452_787_1|gaia_774287774887292672_src5|gaia_774289488578357504_src6|gaia_774290626745586944_src8|gaia_774384016513181696_src3,"HD_103187,HD_103405,TYC_3452_787_1,src5,src6,src8,src3"
V0399 named,7,107,64,1.6866324268362973,2.064063921721429,1.8753481742788631,HD_103187|HD_103405|TYC_3452_787_1|gaia_774288805679445888_src7|gaia_774289041901756032_src4|gaia_774289488578357504_src6|gaia_774384016513181696_src3,"HD_103187,HD_103405,TYC_3452_787_1,src7,src4,src6,src3"
V0399 named,7,107,64,1.6866324268362973,2.064063921721429,1.8753481742788631,HD_103187|HD_103405|TYC_3452_787_1|gaia_774288805679445888_src7|gaia_774289041901756032_src4|gaia_774290626745586944_src8|gaia_774384016513181696_src3,"HD_103187,HD_103405,TYC_3452_787_1,src7,src4,src8,src3"
V0399 named,7,107,64,1.6866324268362973,2.064063921721429,1.8753481742788631,HD_103187|HD_103405|TYC_3452_787_1|gaia_774288805679445888_src7|gaia_774289488578357504_src6|gaia_774290626745586944_src8|gaia_774384016513181696_src3,"HD_103187,HD_103405,TYC_3452_787_1,src7,src6,src8,src3"
V0399 named,7,107,64,1.6866324268362973,2.064063921721429,1.8753481742788631,HD_103187|HD_103405|TYC_3452_787_1|gaia_774289041901756032_src4|gaia_774289488578357504_src6|gaia_774290626745586944_src8|gaia_774384016513181696_src3,"HD_103187,HD_103405,TYC_3452_787_1,src4,src6,src8,src3"
V0399 named,7,107,64,1.6866324268362973,2.064063921721429,1.8753481742788631,HD_103187|HD_103405|gaia_774271076054448768_src2|gaia_774287774887292672_src5|gaia_774288805679445888_src7|gaia_774289041901756032_src4|gaia_774384016513181696_src3,"HD_103187,HD_103405,src2,src5,src7,src4,src3"
V0399 named,7,107,64,1.6866324268362973,2.064063921721429,1.8753481742788631,HD_103187|HD_103405|gaia_774271076054448768_src2|gaia_774287774887292672_src5|gaia_774288805679445888_src7|gaia_774289488578357504_src6|gaia_774384016513181696_src3,"HD_103187,HD_103405,src2,src5,src7,src6,src3"
V0399 named,7,107,64,1.6866324268362973,2.064063921721429,1.8753481742788631,HD_103187|HD_103405|gaia_774271076054448768_src2|gaia_774287774887292672_src5|gaia_774288805679445888_src7|gaia_774290626745586944_src8|gaia_774384016513181696_src3,"HD_103187,HD_103405,src2,src5,src7,src8,src3"
V0399 named,7,107,64,1.6866324268362973,2.064063921721429,1.8753481742788631,HD_103187|HD_103405|gaia_774271076054448768_src2|gaia_774287774887292672_src5|gaia_774289041901756032_src4|gaia_774289488578357504_src6|gaia_774384016513181696_src3,"HD_103187,HD_103405,src2,src5,src4,src6,src3"
V0399 named,7,107,64,1.6866324268362973,2.064063921721429,1.8753481742788631,HD_103187|HD_103405|gaia_774271076054448768_src2|gaia_774287774887292672_src5|gaia_774289041901756032_src4|gaia_774290626745586944_src8|gaia_774384016513181696_src3,"HD_103187,HD_103405,src2,src5,src4,src8,src3"
V0399 named,7,107,64,1.6866324268362973,2.064063921721429,1.8753481742788631,HD_103187|HD_103405|gaia_774271076054448768_src2|gaia_774287774887292672_src5|gaia_774289488578357504_src6|gaia_774290626745586944_src8|gaia_774384016513181696_src3,"HD_103187,HD_103405,src2,src5,src6,src8,src3"
V0399 named,7,107,64,1.6866324268362973,2.064063921721429,1.8753481742788631,HD_103187|HD_103405|gaia_774271076054448768_src2|gaia_774288805679445888_src7|gaia_774289041901756032_src4|gaia_774289488578357504_src6|gaia_774384016513181696_src3,"HD_103187,HD_103405,src2,src7,src4,src6,src3"
V0399 named,7,107,64,1.6866324268362973,2.064063921721429,1.8753481742788631,HD_103187|HD_103405|gaia_774271076054448768_src2|gaia_774288805679445888_src7|gaia_774289041901756032_src4|gaia_774290626745586944_src8|gaia_774384016513181696_src3,"HD_103187,HD_103405,src2,src7,src4,src8,src3"
V0399 named,7,107,64,1.6866324268362973,2.064063921721429,1.8753481742788631,HD_103187|HD_103405|gaia_774271076054448768_src2|gaia_774288805679445888_src7|gaia_774289488578357504_src6|gaia_774290626745586944_src8|gaia_774384016513181696_src3,"HD_103187,HD_103405,src2,src7,src6,src8,src3"
V0399 named,7,107,64,1.6866324268362973,2.064063921721429,1.8753481742788631,HD_103187|HD_103405|gaia_774271076054448768_src2|gaia_774289041901756032_src4|gaia_774289488578357504_src6|gaia_774290626745586944_src8|gaia_774384016513181696_src3,"HD_103187,HD_103405,src2,src4,src6,src8,src3"
V0399 named,7,107,64,1.6866324268362973,2.064063921721429,1.8753481742788631,HD_103187|HD_103405|gaia_774272862760870784_src1|gaia_774287774887292672_src5|gaia_774288805679445888_src7|gaia_774289041901756032_src4|gaia_774384016513181696_src3,"HD_103187,HD_103405,src1,src5,src7,src4,src3"
V0399 named,7,107,64,1.6866324268362973,2.064063921721429,1.8753481742788631,HD_103187|HD_103405|gaia_774272862760870784_src1|gaia_774287774887292672_src5|gaia_774288805679445888_src7|gaia_774289488578357504_src6|gaia_774384016513181696_src3,"HD_103187,HD_103405,src1,src5,src7,src6,src3"
V0399 named,7,107,64,1.6866324268362973,2.064063921721429,1.8753481742788631,HD_103187|HD_103405|gaia_774272862760870784_src1|gaia_774287774887292672_src5|gaia_774288805679445888_src7|gaia_774290626745586944_src8|gaia_774384016513181696_src3,"HD_103187,HD_103405,src1,src5,src7,src8,src3"
V0399 named,7,107,64,1.6866324268362973,2.064063921721429,1.8753481742788631,HD_103187|HD_103405|gaia_774272862760870784_src1|gaia_774287774887292672_src5|gaia_774289041901756032_src4|gaia_774289488578357504_src6|gaia_774384016513181696_src3,"HD_103187,HD_103405,src1,src5,src4,src6,src3"
V0399 named,7,107,64,1.6866324268362973,2.064063921721429,1.8753481742788631,HD_103187|HD_103405|gaia_774272862760870784_src1|gaia_774287774887292672_src5|gaia_774289041901756032_src4|gaia_774290626745586944_src8|gaia_774384016513181696_src3,"HD_103187,HD_103405,src1,src5,src4,src8,src3"
V0399 named,7,107,64,1.6866324268362973,2.064063921721429,1.8753481742788631,HD_103187|HD_103405|gaia_774272862760870784_src1|gaia_774287774887292672_src5|gaia_774289488578357504_src6|gaia_774290626745586944_src8|gaia_774384016513181696_src3,"HD_103187,HD_103405,src1,src5,src6,src8,src3"
V0399 named,7,107,64,1.6866324268362973,2.064063921721429,1.8753481742788631,HD_103187|HD_103405|gaia_774272862760870784_src1|gaia_774288805679445888_src7|gaia_774289041901756032_src4|gaia_774289488578357504_src6|gaia_774384016513181696_src3,"HD_103187,HD_103405,src1,src7,src4,src6,src3"
V0399 named,7,107,64,1.6866324268362973,2.064063921721429,1.8753481742788631,HD_103187|HD_103405|gaia_774272862760870784_src1|gaia_774288805679445888_src7|gaia_774289041901756032_src4|gaia_774290626745586944_src8|gaia_774384016513181696_src3,"HD_103187,HD_103405,src1,src7,src4,src8,src3"
V0399 named,7,107,64,1.6866324268362973,2.064063921721429,1.8753481742788631,HD_103187|HD_103405|gaia_774272862760870784_src1|gaia_774288805679445888_src7|gaia_774289488578357504_src6|gaia_774290626745586944_src8|gaia_774384016513181696_src3,"HD_103187,HD_103405,src1,src7,src6,src8,src3"
V0399 named,7,107,64,1.6866324268362973,2.064063921721429,1.8753481742788631,HD_103187|HD_103405|gaia_774272862760870784_src1|gaia_774289041901756032_src4|gaia_774289488578357504_src6|gaia_774290626745586944_src8|gaia_774384016513181696_src3,"HD_103187,HD_103405,src1,src4,src6,src8,src3"
V0399 named,7,107,64,1.6866324268362973,2.064063921721429,1.8753481742788631,HD_103187|TYC_3452_787_1|gaia_774271076054448768_src2|gaia_774287774887292672_src5|gaia_774288805679445888_src7|gaia_774289041901756032_src4|gaia_774384016513181696_src3,"HD_103187,TYC_3452_787_1,src2,src5,src7,src4,src3"
V0399 named,7,107,64,1.6866324268362973,2.064063921721429,1.8753481742788631,HD_103187|TYC_3452_787_1|gaia_774271076054448768_src2|gaia_774287774887292672_src5|gaia_774288805679445888_src7|gaia_774289488578357504_src6|gaia_774384016513181696_src3,"HD_103187,TYC_3452_787_1,src2,src5,src7,src6,src3"
V0399 named,7,107,64,1.6866324268362973,2.064063921721429,1.8753481742788631,HD_103187|TYC_3452_787_1|gaia_774271076054448768_src2|gaia_774287774887292672_src5|gaia_774288805679445888_src7|gaia_774290626745586944_src8|gaia_774384016513181696_src3,"HD_103187,TYC_3452_787_1,src2,src5,src7,src8,src3"
V0399 named,7,107,64,1.6866324268362973,2.064063921721429,1.8753481742788631,HD_103187|TYC_3452_787_1|gaia_774271076054448768_src2|gaia_774287774887292672_src5|gaia_774289041901756032_src4|gaia_774289488578357504_src6|gaia_774384016513181696_src3,"HD_103187,TYC_3452_787_1,src2,src5,src4,src6,src3"
V0399 named,7,107,64,1.6866324268362973,2.064063921721429,1.8753481742788631,HD_103187|TYC_3452_787_1|gaia_774271076054448768_src2|gaia_774287774887292672_src5|gaia_774289041901756032_src4|gaia_774290626745586944_src8|gaia_774384016513181696_src3,"HD_103187,TYC_3452_787_1,src2,src5,src4,src8,src3"
V0399 named,7,107,64,1.6866324268362973,2.064063921721429,1.8753481742788631,HD_103187|TYC_3452_787_1|gaia_774271076054448768_src2|gaia_774287774887292672_src5|gaia_774289488578357504_src6|gaia_774290626745586944_src8|gaia_774384016513181696_src3,"HD_103187,TYC_3452_787_1,src2,src5,src6,src8,src3"
V0399 named,7,107,64,1.6866324268362973,2.064063921721429,1.8753481742788631,HD_103187|TYC_3452_787_1|gaia_774271076054448768_src2|gaia_774288805679445888_src7|gaia_774289041901756032_src4|gaia_774289488578357504_src6|gaia_774384016513181696_src3,"HD_103187,TYC_3452_787_1,src2,src7,src4,src6,src3"
V0399 named,7,107,64,1.6866324268362973,2.064063921721429,1.8753481742788631,HD_103187|TYC_3452_787_1|gaia_774271076054448768_src2|gaia_774288805679445888_src7|gaia_774289041901756032_src4|gaia_774290626745586944_src8|gaia_774384016513181696_src3,"HD_103187,TYC_3452_787_1,src2,src7,src4,src8,src3"
V0399 named,7,107,64,1.6866324268362973,2.064063921721429,1.8753481742788631,HD_103187|TYC_3452_787_1|gaia_774271076054448768_src2|gaia_774288805679445888_src7|gaia_774289488578357504_src6|gaia_774290626745586944_src8|gaia_774384016513181696_src3,"HD_103187,TYC_3452_787_1,src2,src7,src6,src8,src3"
V0399 named,7,107,64,1.6866324268362973,2.064063921721429,1.8753481742788631,HD_103187|TYC_3452_787_1|gaia_774271076054448768_src2|gaia_774289041901756032_src4|gaia_774289488578357504_src6|gaia_774290626745586944_src8|gaia_774384016513181696_src3,"HD_103187,TYC_3452_787_1,src2,src4,src6,src8,src3"
V0399 named,7,107,64,1.6866324268362973,2.064063921721429,1.8753481742788631,HD_103187|TYC_3452_787_1|gaia_774272862760870784_src1|gaia_774287774887292672_src5|gaia_774288805679445888_src7|gaia_774289041901756032_src4|gaia_774384016513181696_src3,"HD_103187,TYC_3452_787_1,src1,src5,src7,src4,src3"
V0399 named,7,107,64,1.6866324268362973,2.064063921721429,1.8753481742788631,HD_103187|TYC_3452_787_1|gaia_774272862760870784_src1|gaia_774287774887292672_src5|gaia_774288805679445888_src7|gaia_774289488578357504_src6|gaia_774384016513181696_src3,"HD_103187,TYC_3452_787_1,src1,src5,src7,src6,src3"
V0399 named,7,107,64,1.6866324268362973,2.064063921721429,1.8753481742788631,HD_103187|TYC_3452_787_1|gaia_774272862760870784_src1|gaia_774287774887292672_src5|gaia_774288805679445888_src7|gaia_774290626745586944_src8|gaia_774384016513181696_src3,"HD_103187,TYC_3452_787_1,src1,src5,src7,src8,src3"
V0399 named,7,107,64,1.6866324268362973,2.064063921721429,1.8753481742788631,HD_103187|TYC_3452_787_1|gaia_774272862760870784_src1|gaia_774287774887292672_src5|gaia_774289041901756032_src4|gaia_774289488578357504_src6|gaia_774384016513181696_src3,"HD_103187,TYC_3452_787_1,src1,src5,src4,src6,src3"
V0399 named,7,107,64,1.6866324268362973,2.064063921721429,1.8753481742788631,HD_103187|TYC_3452_787_1|gaia_774272862760870784_src1|gaia_774287774887292672_src5|gaia_774289041901756032_src4|gaia_774290626745586944_src8|gaia_774384016513181696_src3,"HD_103187,TYC_3452_787_1,src1,src5,src4,src8,src3"
V0399 named,7,107,64,1.6866324268362973,2.064063921721429,1.8753481742788631,HD_103187|TYC_3452_787_1|gaia_774272862760870784_src1|gaia_774287774887292672_src5|gaia_774289488578357504_src6|gaia_774290626745586944_src8|gaia_774384016513181696_src3,"HD_103187,TYC_3452_787_1,src1,src5,src6,src8,src3"
V0399 named,7,107,64,1.6866324268362973,2.064063921721429,1.8753481742788631,HD_103187|TYC_3452_787_1|gaia_774272862760870784_src1|gaia_774288805679445888_src7|gaia_774289041901756032_src4|gaia_774289488578357504_src6|gaia_774384016513181696_src3,"HD_103187,TYC_3452_787_1,src1,src7,src4,src6,src3"
V0399 named,7,107,64,1.6866324268362973,2.064063921721429,1.8753481742788631,HD_103187|TYC_3452_787_1|gaia_774272862760870784_src1|gaia_774288805679445888_src7|gaia_774289041901756032_src4|gaia_774290626745586944_src8|gaia_774384016513181696_src3,"HD_103187,TYC_3452_787_1,src1,src7,src4,src8,src3"
V0399 named,7,107,64,1.6866324268362973,2.064063921721429,1.8753481742788631,HD_103187|TYC_3452_787_1|gaia_774272862760870784_src1|gaia_774288805679445888_src7|gaia_774289488578357504_src6|gaia_774290626745586944_src8|gaia_774384016513181696_src3,"HD_103187,TYC_3452_787_1,src1,src7,src6,src8,src3"
V0399 named,7,107,64,1.6866324268362973,2.064063921721429,1.8753481742788631,HD_103187|TYC_3452_787_1|gaia_774272862760870784_src1|gaia_774289041901756032_src4|gaia_774289488578357504_src6|gaia_774290626745586944_src8|gaia_774384016513181696_src3,"HD_103187,TYC_3452_787_1,src1,src4,src6,src8,src3"
V0399 named,7,107,64,1.6866324268362973,2.064063921721429,1.8753481742788631,HD_103187|gaia_774271076054448768_src2|gaia_774272862760870784_src1|gaia_774287774887292672_src5|gaia_774288805679445888_src7|gaia_774289041901756032_src4|gaia_774384016513181696_src3,"HD_103187,src2,src1,src5,src7,src4,src3"
V0399 named,7,107,64,1.6866324268362973,2.064063921721429,1.8753481742788631,HD_103187|gaia_774271076054448768_src2|gaia_774272862760870784_src1|gaia_774287774887292672_src5|gaia_774288805679445888_src7|gaia_774289488578357504_src6|gaia_774384016513181696_src3,"HD_103187,src2,src1,src5,src7,src6,src3"
V0399 named,7,107,64,1.6866324268362973,2.064063921721429,1.8753481742788631,HD_103187|gaia_774271076054448768_src2|gaia_774272862760870784_src1|gaia_774287774887292672_src5|gaia_774288805679445888_src7|gaia_774290626745586944_src8|gaia_774384016513181696_src3,"HD_103187,src2,src1,src5,src7,src8,src3"
V0399 named,7,107,64,1.6866324268362973,2.064063921721429,1.8753481742788631,HD_103187|gaia_774271076054448768_src2|gaia_774272862760870784_src1|gaia_774287774887292672_src5|gaia_774289041901756032_src4|gaia_774289488578357504_src6|gaia_774384016513181696_src3,"HD_103187,src2,src1,src5,src4,src6,src3"
V0399 named,7,107,64,1.6866324268362973,2.064063921721429,1.8753481742788631,HD_103187|gaia_774271076054448768_src2|gaia_774272862760870784_src1|gaia_774287774887292672_src5|gaia_774289041901756032_src4|gaia_774290626745586944_src8|gaia_774384016513181696_src3,"HD_103187,src2,src1,src5,src4,src8,src3"
V0399 named,7,107,64,1.6866324268362973,2.064063921721429,1.8753481742788631,HD_103187|gaia_774271076054448768_src2|gaia_774272862760870784_src1|gaia_774287774887292672_src5|gaia_774289488578357504_src6|gaia_774290626745586944_src8|gaia_774384016513181696_src3,"HD_103187,src2,src1,src5,src6,src8,src3"
V0399 named,7,107,64,1.6866324268362973,2.064063921721429,1.8753481742788631,HD_103187|gaia_774271076054448768_src2|gaia_774272862760870784_src1|gaia_774288805679445888_src7|gaia_774289041901756032_src4|gaia_774289488578357504_src6|gaia_774384016513181696_src3,"HD_103187,src2,src1,src7,src4,src6,src3"
V0399 named,7,107,64,1.6866324268362973,2.064063921721429,1.8753481742788631,HD_103187|gaia_774271076054448768_src2|gaia_774272862760870784_src1|gaia_774288805679445888_src7|gaia_774289041901756032_src4|gaia_774290626745586944_src8|gaia_774384016513181696_src3,"HD_103187,src2,src1,src7,src4,src8,src3"
V0399 named,7,107,64,1.6866324268362973,2.064063921721429,1.8753481742788631,HD_103187|gaia_774271076054448768_src2|gaia_774272862760870784_src1|gaia_774288805679445888_src7|gaia_774289488578357504_src6|gaia_774290626745586944_src8|gaia_774384016513181696_src3,"HD_103187,src2,src1,src7,src6,src8,src3"
V0399 named,7,107,64,1.6866324268362973,2.064063921721429,1.8753481742788631,HD_103187|gaia_774271076054448768_src2|gaia_774272862760870784_src1|gaia_774289041901756032_src4|gaia_774289488578357504_src6|gaia_774290626745586944_src8|gaia_774384016513181696_src3,"HD_103187,src2,src1,src4,src6,src8,src3"
V0399 named,7,107,64,1.6866324268362973,2.064063921721429,1.8753481742788631,HD_103405|TYC_3452_787_1|gaia_774271076054448768_src2|gaia_774287774887292672_src5|gaia_774288805679445888_src7|gaia_774289041901756032_src4|gaia_774384016513181696_src3,"HD_103405,TYC_3452_787_1,src2,src5,src7,src4,src3"
V0399 named,7,107,64,1.6866324268362973,2.064063921721429,1.8753481742788631,HD_103405|TYC_3452_787_1|gaia_774271076054448768_src2|gaia_774287774887292672_src5|gaia_774288805679445888_src7|gaia_774289488578357504_src6|gaia_774384016513181696_src3,"HD_103405,TYC_3452_787_1,src2,src5,src7,src6,src3"
V0399 named,7,107,64,1.6866324268362973,2.064063921721429,1.8753481742788631,HD_103405|TYC_3452_787_1|gaia_774271076054448768_src2|gaia_774287774887292672_src5|gaia_774288805679445888_src7|gaia_774290626745586944_src8|gaia_774384016513181696_src3,"HD_103405,TYC_3452_787_1,src2,src5,src7,src8,src3"
V0399 named,7,107,64,1.6866324268362973,2.064063921721429,1.8753481742788631,HD_103405|TYC_3452_787_1|gaia_774271076054448768_src2|gaia_774287774887292672_src5|gaia_774289041901756032_src4|gaia_774289488578357504_src6|gaia_774384016513181696_src3,"HD_103405,TYC_3452_787_1,src2,src5,src4,src6,src3"
V0399 named,7,107,64,1.6866324268362973,2.064063921721429,1.8753481742788631,HD_103405|TYC_3452_787_1|gaia_774271076054448768_src2|gaia_774287774887292672_src5|gaia_774289041901756032_src4|gaia_774290626745586944_src8|gaia_774384016513181696_src3,"HD_103405,TYC_3452_787_1,src2,src5,src4,src8,src3"
V0399 named,7,107,64,1.6866324268362973,2.064063921721429,1.8753481742788631,HD_103405|TYC_3452_787_1|gaia_774271076054448768_src2|gaia_774287774887292672_src5|gaia_774289488578357504_src6|gaia_774290626745586944_src8|gaia_774384016513181696_src3,"HD_103405,TYC_3452_787_1,src2,src5,src6,src8,src3"
V0399 named,7,107,64,1.6866324268362973,2.064063921721429,1.8753481742788631,HD_103405|TYC_3452_787_1|gaia_774271076054448768_src2|gaia_774288805679445888_src7|gaia_774289041901756032_src4|gaia_774289488578357504_src6|gaia_774384016513181696_src3,"HD_103405,TYC_3452_787_1,src2,src7,src4,src6,src3"
V0399 named,7,107,64,1.6866324268362973,2.064063921721429,1.8753481742788631,HD_103405|TYC_3452_787_1|gaia_774271076054448768_src2|gaia_774288805679445888_src7|gaia_774289041901756032_src4|gaia_774290626745586944_src8|gaia_774384016513181696_src3,"HD_103405,TYC_3452_787_1,src2,src7,src4,src8,src3"
V0399 named,7,107,64,1.6866324268362973,2.064063921721429,1.8753481742788631,HD_103405|TYC_3452_787_1|gaia_774271076054448768_src2|gaia_774288805679445888_src7|gaia_774289488578357504_src6|gaia_774290626745586944_src8|gaia_774384016513181696_src3,"HD_103405,TYC_3452_787_1,src2,src7,src6,src8,src3"
V0399 named,7,107,64,1.6866324268362973,2.064063921721429,1.8753481742788631,HD_103405|TYC_3452_787_1|gaia_774271076054448768_src2|gaia_774289041901756032_src4|gaia_774289488578357504_src6|gaia_774290626745586944_src8|gaia_774384016513181696_src3,"HD_103405,TYC_3452_787_1,src2,src4,src6,src8,src3"
V0399 named,7,107,64,1.6866324268362973,2.064063921721429,1.8753481742788631,HD_103405|TYC_3452_787_1|gaia_774272862760870784_src1|gaia_774287774887292672_src5|gaia_774288805679445888_src7|gaia_774289041901756032_src4|gaia_774384016513181696_src3,"HD_103405,TYC_3452_787_1,src1,src5,src7,src4,src3"
V0399 named,7,107,64,1.6866324268362973,2.064063921721429,1.8753481742788631,HD_103405|TYC_3452_787_1|gaia_774272862760870784_src1|gaia_774287774887292672_src5|gaia_774288805679445888_src7|gaia_774289488578357504_src6|gaia_774384016513181696_src3,"HD_103405,TYC_3452_787_1,src1,src5,src7,src6,src3"
V0399 named,7,107,64,1.6866324268362973,2.064063921721429,1.8753481742788631,HD_103405|TYC_3452_787_1|gaia_774272862760870784_src1|gaia_774287774887292672_src5|gaia_774288805679445888_src7|gaia_774290626745586944_src8|gaia_774384016513181696_src3,"HD_103405,TYC_3452_787_1,src1,src5,src7,src8,src3"
V0399 named,7,107,64,1.6866324268362973,2.064063921721429,1.8753481742788631,HD_103405|TYC_3452_787_1|gaia_774272862760870784_src1|gaia_774287774887292672_src5|gaia_774289041901756032_src4|gaia_774289488578357504_src6|gaia_774384016513181696_src3,"HD_103405,TYC_3452_787_1,src1,src5,src4,src6,src3"
V0399 named,7,107,64,1.6866324268362973,2.064063921721429,1.8753481742788631,HD_103405|TYC_3452_787_1|gaia_774272862760870784_src1|gaia_774287774887292672_src5|gaia_774289041901756032_src4|gaia_774290626745586944_src8|gaia_774384016513181696_src3,"HD_103405,TYC_3452_787_1,src1,src5,src4,src8,src3"
V0399 named,7,107,64,1.6866324268362973,2.064063921721429,1.8753481742788631,HD_103405|TYC_3452_787_1|gaia_774272862760870784_src1|gaia_774287774887292672_src5|gaia_774289488578357504_src6|gaia_774290626745586944_src8|gaia_774384016513181696_src3,"HD_103405,TYC_3452_787_1,src1,src5,src6,src8,src3"
V0399 named,7,107,64,1.6866324268362973,2.064063921721429,1.8753481742788631,HD_103405|TYC_3452_787_1|gaia_774272862760870784_src1|gaia_774288805679445888_src7|gaia_774289041901756032_src4|gaia_774289488578357504_src6|gaia_774384016513181696_src3,"HD_103405,TYC_3452_787_1,src1,src7,src4,src6,src3"
V0399 named,7,107,64,1.6866324268362973,2.064063921721429,1.8753481742788631,HD_103405|TYC_3452_787_1|gaia_774272862760870784_src1|gaia_774288805679445888_src7|gaia_774289041901756032_src4|gaia_774290626745586944_src8|gaia_774384016513181696_src3,"HD_103405,TYC_3452_787_1,src1,src7,src4,src8,src3"
V0399 named,7,107,64,1.6866324268362973,2.064063921721429,1.8753481742788631,HD_103405|TYC_3452_787_1|gaia_774272862760870784_src1|gaia_774288805679445888_src7|gaia_774289488578357504_src6|gaia_774290626745586944_src8|gaia_774384016513181696_src3,"HD_103405,TYC_3452_787_1,src1,src7,src6,src8,src3"
V0399 named,7,107,64,1.6866324268362973,2.064063921721429,1.8753481742788631,HD_103405|TYC_3452_787_1|gaia_774272862760870784_src1|gaia_774289041901756032_src4|gaia_774289488578357504_src6|gaia_774290626745586944_src8|gaia_774384016513181696_src3,"HD_103405,TYC_3452_787_1,src1,src4,src6,src8,src3"
V0399 named,7,107,64,1.6866324268362973,2.064063921721429,1.8753481742788631,HD_103405|gaia_774271076054448768_src2|gaia_774272862760870784_src1|gaia_774287774887292672_src5|gaia_774288805679445888_src7|gaia_774289041901756032_src4|gaia_774384016513181696_src3,"HD_103405,src2,src1,src5,src7,src4,src3"
V0399 named,7,107,64,1.6866324268362973,2.064063921721429,1.8753481742788631,HD_103405|gaia_774271076054448768_src2|gaia_774272862760870784_src1|gaia_774287774887292672_src5|gaia_774288805679445888_src7|gaia_774289488578357504_src6|gaia_774384016513181696_src3,"HD_103405,src2,src1,src5,src7,src6,src3"
V0399 named,7,107,64,1.6866324268362973,2.064063921721429,1.8753481742788631,HD_103405|gaia_774271076054448768_src2|gaia_774272862760870784_src1|gaia_774287774887292672_src5|gaia_774288805679445888_src7|gaia_774290626745586944_src8|gaia_774384016513181696_src3,"HD_103405,src2,src1,src5,src7,src8,src3"
V0399 named,7,107,64,1.6866324268362973,2.064063921721429,1.8753481742788631,HD_103405|gaia_774271076054448768_src2|gaia_774272862760870784_src1|gaia_774287774887292672_src5|gaia_774289041901756032_src4|gaia_774289488578357504_src6|gaia_774384016513181696_src3,"HD_103405,src2,src1,src5,src4,src6,src3"
V0399 named,7,107,64,1.6866324268362973,2.064063921721429,1.8753481742788631,HD_103405|gaia_774271076054448768_src2|gaia_774272862760870784_src1|gaia_774287774887292672_src5|gaia_774289041901756032_src4|gaia_774290626745586944_src8|gaia_774384016513181696_src3,"HD_103405,src2,src1,src5,src4,src8,src3"
V0399 named,7,107,64,1.6866324268362973,2.064063921721429,1.8753481742788631,HD_103405|gaia_774271076054448768_src2|gaia_774272862760870784_src1|gaia_774287774887292672_src5|gaia_774289488578357504_src6|gaia_774290626745586944_src8|gaia_774384016513181696_src3,"HD_103405,src2,src1,src5,src6,src8,src3"
V0399 named,7,107,64,1.6866324268362973,2.064063921721429,1.8753481742788631,HD_103405|gaia_774271076054448768_src2|gaia_774272862760870784_src1|gaia_774288805679445888_src7|gaia_774289041901756032_src4|gaia_774289488578357504_src6|gaia_774384016513181696_src3,"HD_103405,src2,src1,src7,src4,src6,src3"
V0399 named,7,107,64,1.6866324268362973,2.064063921721429,1.8753481742788631,HD_103405|gaia_774271076054448768_src2|gaia_774272862760870784_src1|gaia_774288805679445888_src7|gaia_774289041901756032_src4|gaia_774290626745586944_src8|gaia_774384016513181696_src3,"HD_103405,src2,src1,src7,src4,src8,src3"
V0399 named,7,107,64,1.6866324268362973,2.064063921721429,1.8753481742788631,HD_103405|gaia_774271076054448768_src2|gaia_774272862760870784_src1|gaia_774288805679445888_src7|gaia_774289488578357504_src6|gaia_774290626745586944_src8|gaia_774384016513181696_src3,"HD_103405,src2,src1,src7,src6,src8,src3"
V0399 named,7,107,64,1.6866324268362973,2.064063921721429,1.8753481742788631,HD_103405|gaia_774271076054448768_src2|gaia_774272862760870784_src1|gaia_774289041901756032_src4|gaia_774289488578357504_src6|gaia_774290626745586944_src8|gaia_774384016513181696_src3,"HD_103405,src2,src1,src4,src6,src8,src3"
V0399 named,7,107,64,1.6866324268362973,2.064063921721429,1.8753481742788631,TYC_3452_787_1|gaia_774271076054448768_src2|gaia_774272862760870784_src1|gaia_774287774887292672_src5|gaia_774288805679445888_src7|gaia_774289041901756032_src4|gaia_774384016513181696_src3,"TYC_3452_787_1,src2,src1,src5,src7,src4,src3"
V0399 named,7,107,64,1.6866324268362973,2.064063921721429,1.8753481742788631,TYC_3452_787_1|gaia_774271076054448768_src2|gaia_774272862760870784_src1|gaia_774287774887292672_src5|gaia_774288805679445888_src7|gaia_774289488578357504_src6|gaia_774384016513181696_src3,"TYC_3452_787_1,src2,src1,src5,src7,src6,src3"
V0399 named,7,107,64,1.6866324268362973,2.064063921721429,1.8753481742788631,TYC_3452_787_1|gaia_774271076054448768_src2|gaia_774272862760870784_src1|gaia_774287774887292672_src5|gaia_774288805679445888_src7|gaia_774290626745586944_src8|gaia_774384016513181696_src3,"TYC_3452_787_1,src2,src1,src5,src7,src8,src3"
V0399 named,7,107,64,1.6866324268362973,2.064063921721429,1.8753481742788631,TYC_3452_787_1|gaia_774271076054448768_src2|gaia_774272862760870784_src1|gaia_774287774887292672_src5|gaia_774289041901756032_src4|gaia_774289488578357504_src6|gaia_774384016513181696_src3,"TYC_3452_787_1,src2,src1,src5,src4,src6,src3"
V0399 named,7,107,64,1.6866324268362973,2.064063921721429,1.8753481742788631,TYC_3452_787_1|gaia_774271076054448768_src2|gaia_774272862760870784_src1|gaia_774287774887292672_src5|gaia_774289041901756032_src4|gaia_774290626745586944_src8|gaia_774384016513181696_src3,"TYC_3452_787_1,src2,src1,src5,src4,src8,src3"
V0399 named,7,107,64,1.6866324268362973,2.064063921721429,1.8753481742788631,TYC_3452_787_1|gaia_774271076054448768_src2|gaia_774272862760870784_src1|gaia_774287774887292672_src5|gaia_774289488578357504_src6|gaia_774290626745586944_src8|gaia_774384016513181696_src3,"TYC_3452_787_1,src2,src1,src5,src6,src8,src3"
V0399 named,7,107,64,1.6866324268362973,2.064063921721429,1.8753481742788631,TYC_3452_787_1|gaia_774271076054448768_src2|gaia_774272862760870784_src1|gaia_774288805679445888_src7|gaia_774289041901756032_src4|gaia_774289488578357504_src6|gaia_774384016513181696_src3,"TYC_3452_787_1,src2,src1,src7,src4,src6,src3"
V0399 named,7,107,64,1.6866324268362973,2.064063921721429,1.8753481742788631,TYC_3452_787_1|gaia_774271076054448768_src2|gaia_774272862760870784_src1|gaia_774288805679445888_src7|gaia_774289041901756032_src4|gaia_774290626745586944_src8|gaia_774384016513181696_src3,"TYC_3452_787_1,src2,src1,src7,src4,src8,src3"
V0399 named,7,107,64,1.6866324268362973,2.064063921721429,1.8753481742788631,TYC_3452_787_1|gaia_774271076054448768_src2|gaia_774272862760870784_src1|gaia_774288805679445888_src7|gaia_774289488578357504_src6|gaia_774290626745586944_src8|gaia_774384016513181696_src3,"TYC_3452_787_1,src2,src1,src7,src6,src8,src3"
V0399 named,7,107,64,1.6866324268362973,2.064063921721429,1.8753481742788631,TYC_3452_787_1|gaia_774271076054448768_src2|gaia_774272862760870784_src1|gaia_774289041901756032_src4|gaia_774289488578357504_src6|gaia_774290626745586944_src8|gaia_774384016513181696_src3,"TYC_3452_787_1,src2,src1,src4,src6,src8,src3"
V0399 named,9,107,64,1.6866324268362973,2.064063921721429,1.8753481742788631,HD_103187|HD_103405|TYC_3452_787_1|gaia_774271076054448768_src2|gaia_774287774887292672_src5|gaia_774288805679445888_src7|gaia_774289041901756032_src4|gaia_774289488578357504_src6|gaia_774384016513181696_src3,"HD_103187,HD_103405,TYC_3452_787_1,src2,src5,src7,src4,src6,src3"
V0399 named,9,107,64,1.6866324268362973,2.064063921721429,1.8753481742788631,HD_103187|HD_103405|TYC_3452_787_1|gaia_774271076054448768_src2|gaia_774287774887292672_src5|gaia_774288805679445888_src7|gaia_774289041901756032_src4|gaia_774290626745586944_src8|gaia_774384016513181696_src3,"HD_103187,HD_103405,TYC_3452_787_1,src2,src5,src7,src4,src8,src3"
V0399 named,9,107,64,1.6866324268362973,2.064063921721429,1.8753481742788631,HD_103187|HD_103405|TYC_3452_787_1|gaia_774271076054448768_src2|gaia_774287774887292672_src5|gaia_774288805679445888_src7|gaia_774289488578357504_src6|gaia_774290626745586944_src8|gaia_774384016513181696_src3,"HD_103187,HD_103405,TYC_3452_787_1,src2,src5,src7,src6,src8,src3"
V0399 named,9,107,64,1.6866324268362973,2.064063921721429,1.8753481742788631,HD_103187|HD_103405|TYC_3452_787_1|gaia_774271076054448768_src2|gaia_774287774887292672_src5|gaia_774289041901756032_src4|gaia_774289488578357504_src6|gaia_774290626745586944_src8|gaia_774384016513181696_src3,"HD_103187,HD_103405,TYC_3452_787_1,src2,src5,src4,src6,src8,src3"
V0399 named,9,107,64,1.6866324268362973,2.064063921721429,1.8753481742788631,HD_103187|HD_103405|TYC_3452_787_1|gaia_774271076054448768_src2|gaia_774288805679445888_src7|gaia_774289041901756032_src4|gaia_774289488578357504_src6|gaia_774290626745586944_src8|gaia_774384016513181696_src3,"HD_103187,HD_103405,TYC_3452_787_1,src2,src7,src4,src6,src8,src3"
V0399 named,9,107,64,1.6866324268362973,2.064063921721429,1.8753481742788631,HD_103187|HD_103405|TYC_3452_787_1|gaia_774272862760870784_src1|gaia_774287774887292672_src5|gaia_774288805679445888_src7|gaia_774289041901756032_src4|gaia_774289488578357504_src6|gaia_774384016513181696_src3,"HD_103187,HD_103405,TYC_3452_787_1,src1,src5,src7,src4,src6,src3"
V0399 named,9,107,64,1.6866324268362973,2.064063921721429,1.8753481742788631,HD_103187|HD_103405|TYC_3452_787_1|gaia_774272862760870784_src1|gaia_774287774887292672_src5|gaia_774288805679445888_src7|gaia_774289041901756032_src4|gaia_774290626745586944_src8|gaia_774384016513181696_src3,"HD_103187,HD_103405,TYC_3452_787_1,src1,src5,src7,src4,src8,src3"
V0399 named,9,107,64,1.6866324268362973,2.064063921721429,1.8753481742788631,HD_103187|HD_103405|TYC_3452_787_1|gaia_774272862760870784_src1|gaia_774287774887292672_src5|gaia_774288805679445888_src7|gaia_774289488578357504_src6|gaia_774290626745586944_src8|gaia_774384016513181696_src3,"HD_103187,HD_103405,TYC_3452_787_1,src1,src5,src7,src6,src8,src3"
V0399 named,9,107,64,1.6866324268362973,2.064063921721429,1.8753481742788631,HD_103187|HD_103405|TYC_3452_787_1|gaia_774272862760870784_src1|gaia_774287774887292672_src5|gaia_774289041901756032_src4|gaia_774289488578357504_src6|gaia_774290626745586944_src8|gaia_774384016513181696_src3,"HD_103187,HD_103405,TYC_3452_787_1,src1,src5,src4,src6,src8,src3"
V0399 named,9,107,64,1.6866324268362973,2.064063921721429,1.8753481742788631,HD_103187|HD_103405|TYC_3452_787_1|gaia_774272862760870784_src1|gaia_774288805679445888_src7|gaia_774289041901756032_src4|gaia_774289488578357504_src6|gaia_774290626745586944_src8|gaia_774384016513181696_src3,"HD_103187,HD_103405,TYC_3452_787_1,src1,src7,src4,src6,src8,src3"
V0399 named,9,107,64,1.6866324268362973,2.064063921721429,1.8753481742788631,HD_103187|HD_103405|gaia_774271076054448768_src2|gaia_774272862760870784_src1|gaia_774287774887292672_src5|gaia_774288805679445888_src7|gaia_774289041901756032_src4|gaia_774289488578357504_src6|gaia_774384016513181696_src3,"HD_103187,HD_103405,src2,src1,src5,src7,src4,src6,src3"
V0399 named,9,107,64,1.6866324268362973,2.064063921721429,1.8753481742788631,HD_103187|HD_103405|gaia_774271076054448768_src2|gaia_774272862760870784_src1|gaia_774287774887292672_src5|gaia_774288805679445888_src7|gaia_774289041901756032_src4|gaia_774290626745586944_src8|gaia_774384016513181696_src3,"HD_103187,HD_103405,src2,src1,src5,src7,src4,src8,src3"
V0399 named,9,107,64,1.6866324268362973,2.064063921721429,1.8753481742788631,HD_103187|HD_103405|gaia_774271076054448768_src2|gaia_774272862760870784_src1|gaia_774287774887292672_src5|gaia_774288805679445888_src7|gaia_774289488578357504_src6|gaia_774290626745586944_src8|gaia_774384016513181696_src3,"HD_103187,HD_103405,src2,src1,src5,src7,src6,src8,src3"
V0399 named,9,107,64,1.6866324268362973,2.064063921721429,1.8753481742788631,HD_103187|HD_103405|gaia_774271076054448768_src2|gaia_774272862760870784_src1|gaia_774287774887292672_src5|gaia_774289041901756032_src4|gaia_774289488578357504_src6|gaia_774290626745586944_src8|gaia_774384016513181696_src3,"HD_103187,HD_103405,src2,src1,src5,src4,src6,src8,src3"
V0399 named,9,107,64,1.6866324268362973,2.064063921721429,1.8753481742788631,HD_103187|HD_103405|gaia_774271076054448768_src2|gaia_774272862760870784_src1|gaia_774288805679445888_src7|gaia_774289041901756032_src4|gaia_774289488578357504_src6|gaia_774290626745586944_src8|gaia_774384016513181696_src3,"HD_103187,HD_103405,src2,src1,src7,src4,src6,src8,src3"
V0399 named,9,107,64,1.6866324268362973,2.064063921721429,1.8753481742788631,HD_103187|TYC_3452_787_1|gaia_774271076054448768_src2|gaia_774272862760870784_src1|gaia_774287774887292672_src5|gaia_774288805679445888_src7|gaia_774289041901756032_src4|gaia_774289488578357504_src6|gaia_774384016513181696_src3,"HD_103187,TYC_3452_787_1,src2,src1,src5,src7,src4,src6,src3"
V0399 named,9,107,64,1.6866324268362973,2.064063921721429,1.8753481742788631,HD_103187|TYC_3452_787_1|gaia_774271076054448768_src2|gaia_774272862760870784_src1|gaia_774287774887292672_src5|gaia_774288805679445888_src7|gaia_774289041901756032_src4|gaia_774290626745586944_src8|gaia_774384016513181696_src3,"HD_103187,TYC_3452_787_1,src2,src1,src5,src7,src4,src8,src3"
V0399 named,9,107,64,1.6866324268362973,2.064063921721429,1.8753481742788631,HD_103187|TYC_3452_787_1|gaia_774271076054448768_src2|gaia_774272862760870784_src1|gaia_774287774887292672_src5|gaia_774288805679445888_src7|gaia_774289488578357504_src6|gaia_774290626745586944_src8|gaia_774384016513181696_src3,"HD_103187,TYC_3452_787_1,src2,src1,src5,src7,src6,src8,src3"
V0399 named,9,107,64,1.6866324268362973,2.064063921721429,1.8753481742788631,HD_103187|TYC_3452_787_1|gaia_774271076054448768_src2|gaia_774272862760870784_src1|gaia_774287774887292672_src5|gaia_774289041901756032_src4|gaia_774289488578357504_src6|gaia_774290626745586944_src8|gaia_774384016513181696_src3,"HD_103187,TYC_3452_787_1,src2,src1,src5,src4,src6,src8,src3"
V0399 named,9,107,64,1.6866324268362973,2.064063921721429,1.8753481742788631,HD_103187|TYC_3452_787_1|gaia_774271076054448768_src2|gaia_774272862760870784_src1|gaia_774288805679445888_src7|gaia_774289041901756032_src4|gaia_774289488578357504_src6|gaia_774290626745586944_src8|gaia_774384016513181696_src3,"HD_103187,TYC_3452_787_1,src2,src1,src7,src4,src6,src8,src3"
V0399 named,9,107,64,1.6866324268362973,2.064063921721429,1.8753481742788631,HD_103405|TYC_3452_787_1|gaia_774271076054448768_src2|gaia_774272862760870784_src1|gaia_774287774887292672_src5|gaia_774288805679445888_src7|gaia_774289041901756032_src4|gaia_774289488578357504_src6|gaia_774384016513181696_src3,"HD_103405,TYC_3452_787_1,src2,src1,src5,src7,src4,src6,src3"
V0399 named,9,107,64,1.6866324268362973,2.064063921721429,1.8753481742788631,HD_103405|TYC_3452_787_1|gaia_774271076054448768_src2|gaia_774272862760870784_src1|gaia_774287774887292672_src5|gaia_774288805679445888_src7|gaia_774289041901756032_src4|gaia_774290626745586944_src8|gaia_774384016513181696_src3,"HD_103405,TYC_3452_787_1,src2,src1,src5,src7,src4,src8,src3"
V0399 named,9,107,64,1.6866324268362973,2.064063921721429,1.8753481742788631,HD_103405|TYC_3452_787_1|gaia_774271076054448768_src2|gaia_774272862760870784_src1|gaia_774287774887292672_src5|gaia_774288805679445888_src7|gaia_774289488578357504_src6|gaia_774290626745586944_src8|gaia_774384016513181696_src3,"HD_103405,TYC_3452_787_1,src2,src1,src5,src7,src6,src8,src3"
V0399 named,9,107,64,1.6866324268362973,2.064063921721429,1.8753481742788631,HD_103405|TYC_3452_787_1|gaia_774271076054448768_src2|gaia_774272862760870784_src1|gaia_774287774887292672_src5|gaia_774289041901756032_src4|gaia_774289488578357504_src6|gaia_774290626745586944_src8|gaia_774384016513181696_src3,"HD_103405,TYC_3452_787_1,src2,src1,src5,src4,src6,src8,src3"
V0399 named,9,107,64,1.6866324268362973,2.064063921721429,1.8753481742788631,HD_103405|TYC_3452_787_1|gaia_774271076054448768_src2|gaia_774272862760870784_src1|gaia_774288805679445888_src7|gaia_774289041901756032_src4|gaia_774289488578357504_src6|gaia_774290626745586944_src8|gaia_774384016513181696_src3,"HD_103405,TYC_3452_787_1,src2,src1,src7,src4,src6,src8,src3"
V0399 named,11,107,64,1.6866324268362973,2.064063921721429,1.8753481742788631,HD_103187|HD_103405|TYC_3452_787_1|gaia_774271076054448768_src2|gaia_774272862760870784_src1|gaia_774287774887292672_src5|gaia_774288805679445888_src7|gaia_774289041901756032_src4|gaia_774289488578357504_src6|gaia_774290626745586944_src8|gaia_774384016513181696_src3,"HD_103187,HD_103405,TYC_3452_787_1,src2,src1,src5,src7,src4,src6,src8,src3"
V0399 named,4,107,64,1.5700139838237144,2.259912191554271,1.9149630876889927,HD_103187|gaia_774288805679445888_src7|gaia_774289488578357504_src6|gaia_774384016513181696_src3,"HD_103187,src7,src6,src3"
V0399 named,4,107,64,1.5700139838237144,2.259912191554271,1.9149630876889927,HD_103187|gaia_774289488578357504_src6|gaia_774290626745586944_src8|gaia_774384016513181696_src3,"HD_103187,src6,src8,src3"
V0399 named,4,107,64,1.5700139838237144,2.259912191554271,1.9149630876889927,HD_103405|gaia_774288805679445888_src7|gaia_774289488578357504_src6|gaia_774384016513181696_src3,"HD_103405,src7,src6,src3"
V0399 named,4,107,64,1.5700139838237144,2.259912191554271,1.9149630876889927,HD_103405|gaia_774289488578357504_src6|gaia_774290626745586944_src8|gaia_774384016513181696_src3,"HD_103405,src6,src8,src3"
V0399 named,4,107,64,1.5700139838237144,2.259912191554271,1.9149630876889927,TYC_3452_787_1|gaia_774288805679445888_src7|gaia_774289488578357504_src6|gaia_774384016513181696_src3,"TYC_3452_787_1,src7,src6,src3"
V0399 named,4,107,64,1.5700139838237144,2.259912191554271,1.9149630876889927,TYC_3452_787_1|gaia_774289488578357504_src6|gaia_774290626745586944_src8|gaia_774384016513181696_src3,"TYC_3452_787_1,src6,src8,src3"
V0399 named,4,107,64,1.5700139838237144,2.259912191554271,1.9149630876889927,gaia_774271076054448768_src2|gaia_774288805679445888_src7|gaia_774289488578357504_src6|gaia_774384016513181696_src3,"src2,src7,src6,src3"
V0399 named,4,107,64,1.5700139838237144,2.259912191554271,1.9149630876889927,gaia_774271076054448768_src2|gaia_774289488578357504_src6|gaia_774290626745586944_src8|gaia_774384016513181696_src3,"src2,src6,src8,src3"
V0399 named,4,107,64,1.5700139838237144,2.259912191554271,1.9149630876889927,gaia_774272862760870784_src1|gaia_774288805679445888_src7|gaia_774289488578357504_src6|gaia_774384016513181696_src3,"src1,src7,src6,src3"
V0399 named,4,107,64,1.5700139838237144,2.259912191554271,1.9149630876889927,gaia_774272862760870784_src1|gaia_774289488578357504_src6|gaia_774290626745586944_src8|gaia_774384016513181696_src3,"src1,src6,src8,src3"
V0399 named,6,107,64,1.5700139838237144,2.259912191554271,1.9149630876889927,HD_103187|HD_103405|gaia_774288805679445888_src7|gaia_774289488578357504_src6|gaia_774290626745586944_src8|gaia_774384016513181696_src3,"HD_103187,HD_103405,src7,src6,src8,src3"
V0399 named,6,107,64,1.5700139838237144,2.259912191554271,1.9149630876889927,HD_103187|TYC_3452_787_1|gaia_774288805679445888_src7|gaia_774289488578357504_src6|gaia_774290626745586944_src8|gaia_774384016513181696_src3,"HD_103187,TYC_3452_787_1,src7,src6,src8,src3"
V0399 named,6,107,64,1.5700139838237144,2.259912191554271,1.9149630876889927,HD_103187|gaia_774271076054448768_src2|gaia_774288805679445888_src7|gaia_774289488578357504_src6|gaia_774290626745586944_src8|gaia_774384016513181696_src3,"HD_103187,src2,src7,src6,src8,src3"
V0399 named,6,107,64,1.5700139838237144,2.259912191554271,1.9149630876889927,HD_103187|gaia_774272862760870784_src1|gaia_774288805679445888_src7|gaia_774289488578357504_src6|gaia_774290626745586944_src8|gaia_774384016513181696_src3,"HD_103187,src1,src7,src6,src8,src3"
V0399 named,6,107,64,1.5700139838237144,2.259912191554271,1.9149630876889927,HD_103405|TYC_3452_787_1|gaia_774288805679445888_src7|gaia_774289488578357504_src6|gaia_774290626745586944_src8|gaia_774384016513181696_src3,"HD_103405,TYC_3452_787_1,src7,src6,src8,src3"
V0399 named,6,107,64,1.5700139838237144,2.259912191554271,1.9149630876889927,HD_103405|gaia_774271076054448768_src2|gaia_774288805679445888_src7|gaia_774289488578357504_src6|gaia_774290626745586944_src8|gaia_774384016513181696_src3,"HD_103405,src2,src7,src6,src8,src3"
V0399 named,6,107,64,1.5700139838237144,2.259912191554271,1.9149630876889927,HD_103405|gaia_774272862760870784_src1|gaia_774288805679445888_src7|gaia_774289488578357504_src6|gaia_774290626745586944_src8|gaia_774384016513181696_src3,"HD_103405,src1,src7,src6,src8,src3"
V0399 named,6,107,64,1.5700139838237144,2.259912191554271,1.9149630876889927,TYC_3452_787_1|gaia_774271076054448768_src2|gaia_774288805679445888_src7|gaia_774289488578357504_src6|gaia_774290626745586944_src8|gaia_774384016513181696_src3,"TYC_3452_787_1,src2,src7,src6,src8,src3"
V0399 named,6,107,64,1.5700139838237144,2.259912191554271,1.9149630876889927,TYC_3452_787_1|gaia_774272862760870784_src1|gaia_774288805679445888_src7|gaia_774289488578357504_src6|gaia_774290626745586944_src8|gaia_774384016513181696_src3,"TYC_3452_787_1,src1,src7,src6,src8,src3"
V0399 named,6,107,64,1.5700139838237144,2.259912191554271,1.9149630876889927,gaia_774271076054448768_src2|gaia_774272862760870784_src1|gaia_774288805679445888_src7|gaia_774289488578357504_src6|gaia_774290626745586944_src8|gaia_774384016513181696_src3,"src2,src1,src7,src6,src8,src3"
V0399 named,3,107,64,2.155738099170356,1.9562990019099853,2.0560185505401707,HD_103187|gaia_774288805679445888_src7|gaia_774290626745586944_src8,"HD_103187,src7,src8"
V0399 named,3,107,64,2.155738099170356,1.9562990019099853,2.0560185505401707,HD_103405|gaia_774288805679445888_src7|gaia_774290626745586944_src8,"HD_103405,src7,src8"
V0399 named,3,107,64,2.155738099170356,1.9562990019099853,2.0560185505401707,TYC_3452_787_1|gaia_774288805679445888_src7|gaia_774290626745586944_src8,"TYC_3452_787_1,src7,src8"
V0399 named,3,107,64,2.155738099170356,1.9562990019099853,2.0560185505401707,gaia_774271076054448768_src2|gaia_774288805679445888_src7|gaia_774290626745586944_src8,"src2,src7,src8"
V0399 named,3,107,64,2.155738099170356,1.9562990019099853,2.0560185505401707,gaia_774272862760870784_src1|gaia_774288805679445888_src7|gaia_774290626745586944_src8,"src1,src7,src8"
V0399 named,3,107,64,2.155738099170356,1.9562990019099853,2.0560185505401707,gaia_774287774887292672_src5|gaia_774288805679445888_src7|gaia_774290626745586944_src8,"src5,src7,src8"
V0399 named,3,107,64,2.155738099170356,1.9562990019099853,2.0560185505401707,gaia_774288805679445888_src7|gaia_774289041901756032_src4|gaia_774290626745586944_src8,"src7,src4,src8"
V0399 named,3,107,64,2.155738099170356,1.9562990019099853,2.0560185505401707,gaia_774288805679445888_src7|gaia_774289488578357504_src6|gaia_774290626745586944_src8,"src7,src6,src8"
V0399 named,3,107,64,2.155738099170356,1.9562990019099853,2.0560185505401707,gaia_774288805679445888_src7|gaia_774290626745586944_src8|gaia_774384016513181696_src3,"src7,src8,src3"
V0399 named,3,107,64,1.8829893183131188,2.258584594210703,2.0707869562619106,HD_103187|gaia_774288805679445888_src7|gaia_774289488578357504_src6,"HD_103187,src7,src6"
V0399 named,3,107,64,1.8829893183131188,2.258584594210703,2.0707869562619106,HD_103187|gaia_774289488578357504_src6|gaia_774290626745586944_src8,"HD_103187,src6,src8"
V0399 named,3,107,64,1.8829893183131188,2.258584594210703,2.0707869562619106,HD_103405|gaia_774288805679445888_src7|gaia_774289488578357504_src6,"HD_103405,src7,src6"
V0399 named,3,107,64,1.8829893183131188,2.258584594210703,2.0707869562619106,HD_103405|gaia_774289488578357504_src6|gaia_774290626745586944_src8,"HD_103405,src6,src8"
V0399 named,3,107,64,1.8829893183131188,2.258584594210703,2.0707869562619106,TYC_3452_787_1|gaia_774288805679445888_src7|gaia_774289488578357504_src6,"TYC_3452_787_1,src7,src6"
V0399 named,3,107,64,1.8829893183131188,2.258584594210703,2.0707869562619106,TYC_3452_787_1|gaia_774289488578357504_src6|gaia_774290626745586944_src8,"TYC_3452_787_1,src6,src8"
V0399 named,3,107,64,1.8829893183131188,2.258584594210703,2.0707869562619106,gaia_774271076054448768_src2|gaia_774288805679445888_src7|gaia_774289488578357504_src6,"src2,src7,src6"
V0399 named,3,107,64,1.8829893183131188,2.258584594210703,2.0707869562619106,gaia_774271076054448768_src2|gaia_774289488578357504_src6|gaia_774290626745586944_src8,"src2,src6,src8"
V0399 named,3,107,64,1.8829893183131188,2.258584594210703,2.0707869562619106,gaia_774272862760870784_src1|gaia_774288805679445888_src7|gaia_774289488578357504_src6,"src1,src7,src6"
V0399 named,3,107,64,1.8829893183131188,2.258584594210703,2.0707869562619106,gaia_774272862760870784_src1|gaia_774289488578357504_src6|gaia_774290626745586944_src8,"src1,src6,src8"
V0399 named,3,107,64,1.8829893183131188,2.258584594210703,2.0707869562619106,gaia_774287774887292672_src5|gaia_774288805679445888_src7|gaia_774289488578357504_src6,"src5,src7,src6"
V0399 named,3,107,64,1.8829893183131188,2.258584594210703,2.0707869562619106,gaia_774287774887292672_src5|gaia_774289488578357504_src6|gaia_774290626745586944_src8,"src5,src6,src8"
V0399 named,3,107,64,1.8829893183131188,2.258584594210703,2.0707869562619106,gaia_774288805679445888_src7|gaia_774289041901756032_src4|gaia_774289488578357504_src6,"src7,src4,src6"
V0399 named,3,107,64,1.8829893183131188,2.258584594210703,2.0707869562619106,gaia_774288805679445888_src7|gaia_774289488578357504_src6|gaia_774384016513181696_src3,"src7,src6,src3"
V0399 named,3,107,64,1.8829893183131188,2.258584594210703,2.0707869562619106,gaia_774289041901756032_src4|gaia_774289488578357504_src6|gaia_774290626745586944_src8,"src4,src6,src8"
V0399 named,3,107,64,1.8829893183131188,2.258584594210703,2.0707869562619106,gaia_774289488578357504_src6|gaia_774290626745586944_src8|gaia_774384016513181696_src3,"src6,src8,src3"
V0399 named,5,107,64,1.8829893183131188,2.258584594210703,2.0707869562619106,HD_103187|HD_103405|gaia_774288805679445888_src7|gaia_774289488578357504_src6|gaia_774290626745586944_src8,"HD_103187,HD_103405,src7,src6,src8"
V0399 named,5,107,64,1.8829893183131188,2.258584594210703,2.0707869562619106,HD_103187|TYC_3452_787_1|gaia_774288805679445888_src7|gaia_774289488578357504_src6|gaia_774290626745586944_src8,"HD_103187,TYC_3452_787_1,src7,src6,src8"
V0399 named,5,107,64,1.8829893183131188,2.258584594210703,2.0707869562619106,HD_103187|gaia_774271076054448768_src2|gaia_774288805679445888_src7|gaia_774289488578357504_src6|gaia_774290626745586944_src8,"HD_103187,src2,src7,src6,src8"
V0399 named,5,107,64,1.8829893183131188,2.258584594210703,2.0707869562619106,HD_103187|gaia_774272862760870784_src1|gaia_774288805679445888_src7|gaia_774289488578357504_src6|gaia_774290626745586944_src8,"HD_103187,src1,src7,src6,src8"
V0399 named,5,107,64,1.8829893183131188,2.258584594210703,2.0707869562619106,HD_103187|gaia_774287774887292672_src5|gaia_774288805679445888_src7|gaia_774289488578357504_src6|gaia_774290626745586944_src8,"HD_103187,src5,src7,src6,src8"
V0399 named,5,107,64,1.8829893183131188,2.258584594210703,2.0707869562619106,HD_103187|gaia_774288805679445888_src7|gaia_774289041901756032_src4|gaia_774289488578357504_src6|gaia_774290626745586944_src8,"HD_103187,src7,src4,src6,src8"
V0399 named,5,107,64,1.8829893183131188,2.258584594210703,2.0707869562619106,HD_103187|gaia_774288805679445888_src7|gaia_774289488578357504_src6|gaia_774290626745586944_src8|gaia_774384016513181696_src3,"HD_103187,src7,src6,src8,src3"
V0399 named,5,107,64,1.8829893183131188,2.258584594210703,2.0707869562619106,HD_103405|TYC_3452_787_1|gaia_774288805679445888_src7|gaia_774289488578357504_src6|gaia_774290626745586944_src8,"HD_103405,TYC_3452_787_1,src7,src6,src8"
V0399 named,5,107,64,1.8829893183131188,2.258584594210703,2.0707869562619106,HD_103405|gaia_774271076054448768_src2|gaia_774288805679445888_src7|gaia_774289488578357504_src6|gaia_774290626745586944_src8,"HD_103405,src2,src7,src6,src8"
V0399 named,5,107,64,1.8829893183131188,2.258584594210703,2.0707869562619106,HD_103405|gaia_774272862760870784_src1|gaia_774288805679445888_src7|gaia_774289488578357504_src6|gaia_774290626745586944_src8,"HD_103405,src1,src7,src6,src8"
V0399 named,5,107,64,1.8829893183131188,2.258584594210703,2.0707869562619106,HD_103405|gaia_774287774887292672_src5|gaia_774288805679445888_src7|gaia_774289488578357504_src6|gaia_774290626745586944_src8,"HD_103405,src5,src7,src6,src8"
V0399 named,5,107,64,1.8829893183131188,2.258584594210703,2.0707869562619106,HD_103405|gaia_774288805679445888_src7|gaia_774289041901756032_src4|gaia_774289488578357504_src6|gaia_774290626745586944_src8,"HD_103405,src7,src4,src6,src8"
V0399 named,5,107,64,1.8829893183131188,2.258584594210703,2.0707869562619106,HD_103405|gaia_774288805679445888_src7|gaia_774289488578357504_src6|gaia_774290626745586944_src8|gaia_774384016513181696_src3,"HD_103405,src7,src6,src8,src3"
V0399 named,5,107,64,1.8829893183131188,2.258584594210703,2.0707869562619106,TYC_3452_787_1|gaia_774271076054448768_src2|gaia_774288805679445888_src7|gaia_774289488578357504_src6|gaia_774290626745586944_src8,"TYC_3452_787_1,src2,src7,src6,src8"
V0399 named,5,107,64,1.8829893183131188,2.258584594210703,2.0707869562619106,TYC_3452_787_1|gaia_774272862760870784_src1|gaia_774288805679445888_src7|gaia_774289488578357504_src6|gaia_774290626745586944_src8,"TYC_3452_787_1,src1,src7,src6,src8"
V0399 named,5,107,64,1.8829893183131188,2.258584594210703,2.0707869562619106,TYC_3452_787_1|gaia_774287774887292672_src5|gaia_774288805679445888_src7|gaia_774289488578357504_src6|gaia_774290626745586944_src8,"TYC_3452_787_1,src5,src7,src6,src8"
V0399 named,5,107,64,1.8829893183131188,2.258584594210703,2.0707869562619106,TYC_3452_787_1|gaia_774288805679445888_src7|gaia_774289041901756032_src4|gaia_774289488578357504_src6|gaia_774290626745586944_src8,"TYC_3452_787_1,src7,src4,src6,src8"
V0399 named,5,107,64,1.8829893183131188,2.258584594210703,2.0707869562619106,TYC_3452_787_1|gaia_774288805679445888_src7|gaia_774289488578357504_src6|gaia_774290626745586944_src8|gaia_774384016513181696_src3,"TYC_3452_787_1,src7,src6,src8,src3"
V0399 named,5,107,64,1.8829893183131188,2.258584594210703,2.0707869562619106,gaia_774271076054448768_src2|gaia_774272862760870784_src1|gaia_774288805679445888_src7|gaia_774289488578357504_src6|gaia_774290626745586944_src8,"src2,src1,src7,src6,src8"
V0399 named,5,107,64,1.8829893183131188,2.258584594210703,2.0707869562619106,gaia_774271076054448768_src2|gaia_774287774887292672_src5|gaia_774288805679445888_src7|gaia_774289488578357504_src6|gaia_774290626745586944_src8,"src2,src5,src7,src6,src8"
V0399 named,5,107,64,1.8829893183131188,2.258584594210703,2.0707869562619106,gaia_774271076054448768_src2|gaia_774288805679445888_src7|gaia_774289041901756032_src4|gaia_774289488578357504_src6|gaia_774290626745586944_src8,"src2,src7,src4,src6,src8"
V0399 named,5,107,64,1.8829893183131188,2.258584594210703,2.0707869562619106,gaia_774271076054448768_src2|gaia_774288805679445888_src7|gaia_774289488578357504_src6|gaia_774290626745586944_src8|gaia_774384016513181696_src3,"src2,src7,src6,src8,src3"
V0399 named,5,107,64,1.8829893183131188,2.258584594210703,2.0707869562619106,gaia_774272862760870784_src1|gaia_774287774887292672_src5|gaia_774288805679445888_src7|gaia_774289488578357504_src6|gaia_774290626745586944_src8,"src1,src5,src7,src6,src8"
V0399 named,5,107,64,1.8829893183131188,2.258584594210703,2.0707869562619106,gaia_774272862760870784_src1|gaia_774288805679445888_src7|gaia_774289041901756032_src4|gaia_774289488578357504_src6|gaia_774290626745586944_src8,"src1,src7,src4,src6,src8"
V0399 named,5,107,64,1.8829893183131188,2.258584594210703,2.0707869562619106,gaia_774272862760870784_src1|gaia_774288805679445888_src7|gaia_774289488578357504_src6|gaia_774290626745586944_src8|gaia_774384016513181696_src3,"src1,src7,src6,src8,src3"
V0399 named,5,107,64,1.8829893183131188,2.258584594210703,2.0707869562619106,gaia_774287774887292672_src5|gaia_774288805679445888_src7|gaia_774289041901756032_src4|gaia_774289488578357504_src6|gaia_774290626745586944_src8,"src5,src7,src4,src6,src8"
V0399 named,5,107,64,1.8829893183131188,2.258584594210703,2.0707869562619106,gaia_774287774887292672_src5|gaia_774288805679445888_src7|gaia_774289488578357504_src6|gaia_774290626745586944_src8|gaia_774384016513181696_src3,"src5,src7,src6,src8,src3"
V0399 named,5,107,64,1.8829893183131188,2.258584594210703,2.0707869562619106,gaia_774288805679445888_src7|gaia_774289041901756032_src4|gaia_774289488578357504_src6|gaia_774290626745586944_src8|gaia_774384016513181696_src3,"src7,src4,src6,src8,src3"
