file,jd,exptime,object_id,role,x,y,registered,dx,dy,matches,flux,flux_err,flux_rate,flux_rate_err,saturated,flag
light_V0399_V_8s_2026_05_20-0001_flat_0p3_early_bias_cal.fits,2461181.689061574,8.0,target,target,1919.903590622587,634.4771213573923,True,-8.036409377413065,1.9571213573923387,9,1724200.7485351562,5065.064745578875,215525.09356689453,633.1330931973594,False,ok
light_V0399_V_8s_2026_05_20-0001_flat_0p3_early_bias_cal.fits,2461181.689061574,8.0,gaia_774272862760870784_src1,comparison,591.5420514140859,260.0429815866357,True,-8.036409377413065,1.9571213573923387,9,26488.904235839844,186.7953506860877,3311.1130294799805,23.34941883576096,False,ok
light_V0399_V_8s_2026_05_20-0001_flat_0p3_early_bias_cal.fits,2461181.689061574,8.0,gaia_774271076054448768_src2,comparison,1498.6814764459984,323.2733323888684,True,-8.036409377413065,1.9571213573923387,9,17188.709503173828,150.2638758771646,2148.5886878967285,18.782984484645574,False,ok
light_V0399_V_8s_2026_05_20-0001_flat_0p3_early_bias_cal.fits,2461181.689061574,8.0,gaia_774384016513181696_src3,comparison,382.5757271826125,1256.4719093932504,True,-8.036409377413065,1.9571213573923387,9,11366.527633666992,129.89830777930433,1420.815954208374,16.23728847241304,False,ok
light_V0399_V_8s_2026_05_20-0001_flat_0p3_early_bias_cal.fits,2461181.689061574,8.0,gaia_774289041901756032_src4,comparison,2033.3510281301299,1444.3078712489282,True,-8.036409377413065,1.9571213573923387,9,10805.714027404785,118.18587594467364,1350.7142534255981,14.773234493084205,False,ok
light_V0399_V_8s_2026_05_20-0001_flat_0p3_early_bias_cal.fits,2461181.689061574,8.0,gaia_774287774887292672_src5,comparison,2025.7721749571026,1082.6906987129182,True,-8.036409377413065,1.9571213573923387,9,10128.040008544922,115.32063585871596,1266.0050010681152,14.415079482339495,False,ok
light_V0399_V_8s_2026_05_20-0001_flat_0p3_early_bias_cal.fits,2461181.689061574,8.0,gaia_774289488578357504_src6,comparison,932.6177141423532,1102.447894645044,True,-8.036409377413065,1.9571213573923387,9,9024.87670135498,108.9745013441342,1128.1095876693726,13.621812668016775,False,ok
light_V0399_V_8s_2026_05_20-0001_flat_0p3_early_bias_cal.fits,2461181.689061574,8.0,gaia_774288805679445888_src7,comparison,1936.5615601477186,1353.6959844408152,True,-8.036409377413065,1.9571213573923387,9,8359.367721557617,103.11836526585473,1044.9209651947021,12.889795658231842,False,ok
light_V0399_V_8s_2026_05_20-0001_flat_0p3_early_bias_cal.fits,2461181.689061574,8.0,gaia_774290626745586944_src8,comparison,1063.4246676302605,1435.9556789006783,True,-8.036409377413065,1.9571213573923387,9,2648.056365966797,66.26172535246539,331.0070457458496,8.282715669058174,False,ok
light_V0399_V_8s_2026_05_20-0001_flat_0p3_early_bias_cal.fits,2461181.689061574,8.0,DN_UMa,check,1844.7835906225869,688.5871213573923,True,-8.036409377413065,1.9571213573923387,9,2537641.80859375,8524.28389652067,317205.22607421875,1065.5354870650838,False,ok
light_V0399_V_8s_2026_05_20-0002_flat_0p3_early_bias_cal.fits,2461181.689252662,8.0,target,target,1919.9432583394278,634.7433899362441,True,-7.996741660572297,2.223389936244075,9,1683173.8754882812,5038.764076205815,210396.73443603516,629.8455095257269,False,ok
light_V0399_V_8s_2026_05_20-0002_flat_0p3_early_bias_cal.fits,2461181.689252662,8.0,gaia_774272862760870784_src1,comparison,591.5817191309267,260.3092501654874,True,-7.996741660572297,2.223389936244075,9,25071.88705444336,184.01166007250575,3133.98588180542,23.00145750906322,False,ok
light_V0399_V_8s_2026_05_20-0002_flat_0p3_early_bias_cal.fits,2461181.689252662,8.0,gaia_774271076054448768_src2,comparison,1498.7211441628392,323.53960096772016,True,-7.996741660572297,2.223389936244075,9,16966.94398498535,149.0675257330904,2120.867998123169,18.6334407166363,False,ok
light_V0399_V_8s_2026_05_20-0002_flat_0p3_early_bias_cal.fits,2461181.689252662,8.0,gaia_774384016513181696_src3,comparison,382.6153948994533,1256.738177972102,True,-7.996741660572297,2.223389936244075,9,10881.862190246582,129.47929891235387,1360.2327737808228,16.184912364044234,False,ok
light_V0399_V_8s_2026_05_20-0002_flat_0p3_early_bias_cal.fits,2461181.689252662,8.0,gaia_774289041901756032_src4,comparison,2033.3906958469706,1444.5741398277798,True,-7.996741660572297,2.223389936244075,9,10562.983383178711,115.53486052366202,1320.3729228973389,14.441857565457752,False,ok
light_V0399_V_8s_2026_05_20-0002_flat_0p3_early_bias_cal.fits,2461181.689252662,8.0,gaia_774287774887292672_src5,comparison,2025.8118426739434,1082.95696729177,True,-7.996741660572297,2.223389936244075,9,10023.101280212402,111.45495848695109,1252.8876600265503,13.931869810868886,False,ok
light_V0399_V_8s_2026_05_20-0002_flat_0p3_early_bias_cal.fits,2461181.689252662,8.0,gaia_774289488578357504_src6,comparison,932.657381859194,1102.7141632238959,True,-7.996741660572297,2.223389936244075,9,8847.946716308594,107.52236266378023,1105.9933395385742,13.440295332972529,False,ok
light_V0399_V_8s_2026_05_20-0002_flat_0p3_early_bias_cal.fits,2461181.689252662,8.0,gaia_774288805679445888_src7,comparison,1936.6012278645594,1353.9622530196668,True,-7.996741660572297,2.223389936244075,9,8137.926345825195,101.90451451064511,1017.2407932281494,12.73806431383064,False,ok
light_V0399_V_8s_2026_05_20-0002_flat_0p3_early_bias_cal.fits,2461181.689252662,8.0,gaia_774290626745586944_src8,comparison,1063.4643353471013,1436.22194747953,True,-7.996741660572297,2.223389936244075,9,2666.5678787231445,68.36049149692255,333.32098484039307,8.545061437115319,False,ok
light_V0399_V_8s_2026_05_20-0002_flat_0p3_early_bias_cal.fits,2461181.689252662,8.0,DN_UMa,check,1844.8232583394276,688.8533899362441,True,-7.996741660572297,2.223389936244075,9,2469153.2384033203,9418.874966017629,308644.15480041504,1177.3593707522036,False,ok
light_V0399_V_8s_2026_05_20-0003_flat_0p3_early_bias_cal.fits,2461181.68944375,8.0,target,target,1919.9904569961466,634.3907315811516,True,-7.949543003853478,1.870731581151631,9,1579667.197631836,5594.018816281,197458.3997039795,699.252352035125,False,ok
light_V0399_V_8s_2026_05_20-0003_flat_0p3_early_bias_cal.fits,2461181.68944375,8.0,gaia_774272862760870784_src1,comparison,591.6289177876455,259.95659181039497,True,-7.949543003853478,1.870731581151631,9,24547.55010986328,186.93543811872837,3068.44376373291,23.366929764841046,False,ok
light_V0399_V_8s_2026_05_20-0003_flat_0p3_early_bias_cal.fits,2461181.68944375,8.0,gaia_774271076054448768_src2,comparison,1498.768342819558,323.1869426126277,True,-7.949543003853478,1.870731581151631,9,16104.610336303711,149.54537047010857,2013.0762920379639,18.69317130876357,False,ok
light_V0399_V_8s_2026_05_20-0003_flat_0p3_early_bias_cal.fits,2461181.68944375,8.0,gaia_774384016513181696_src3,comparison,382.6625935561721,1256.3855196170095,True,-7.949543003853478,1.870731581151631,9,10907.076267242432,127.42797672543948,1363.384533405304,15.928497090679935,False,ok
light_V0399_V_8s_2026_05_20-0003_flat_0p3_early_bias_cal.fits,2461181.68944375,8.0,gaia_774289041901756032_src4,comparison,2033.4378945036894,1444.2214814726874,True,-7.949543003853478,1.870731581151631,9,10213.863876342773,116.67794347933727,1276.7329845428467,14.58474293491716,False,ok
light_V0399_V_8s_2026_05_20-0003_flat_0p3_early_bias_cal.fits,2461181.68944375,8.0,gaia_774287774887292672_src5,comparison,2025.8590413306622,1082.6043089366776,True,-7.949543003853478,1.870731581151631,9,9711.235046386719,112.94255670649893,1213.9043807983398,14.117819588312367,False,ok
light_V0399_V_8s_2026_05_20-0003_flat_0p3_early_bias_cal.fits,2461181.68944375,8.0,gaia_774289488578357504_src6,comparison,932.7045805159128,1102.3615048688034,True,-7.949543003853478,1.870731581151631,9,8437.269348144531,107.1676566146604,1054.6586685180664,13.39595707683255,False,ok
light_V0399_V_8s_2026_05_20-0003_flat_0p3_early_bias_cal.fits,2461181.68944375,8.0,gaia_774288805679445888_src7,comparison,1936.6484265212782,1353.6095946645744,True,-7.949543003853478,1.870731581151631,9,7991.848320007324,103.53668858093343,998.9810400009155,12.942086072616679,False,ok
light_V0399_V_8s_2026_05_20-0003_flat_0p3_early_bias_cal.fits,2461181.68944375,8.0,gaia_774290626745586944_src8,comparison,1063.51153400382,1435.8692891244375,True,-7.949543003853478,1.870731581151631,9,2426.3931732177734,65.94814369217846,303.2991466522217,8.243517961522308,False,ok
light_V0399_V_8s_2026_05_20-0003_flat_0p3_early_bias_cal.fits,2461181.68944375,8.0,DN_UMa,check,1844.8704569961465,688.5007315811516,True,-7.949543003853478,1.870731581151631,9,2385429.0361328125,9167.25928220858,298178.62951660156,1145.9074102760726,False,ok
light_V0399_V_8s_2026_05_20-0004_flat_0p3_early_bias_cal.fits,2461181.6896349536,8.0,target,target,1920.1708363996202,635.0699282310437,True,-7.769163600379898,2.5499282310437366,9,1647608.670349121,4797.778772368817,205951.08379364014,599.7223465461021,False,ok
light_V0399_V_8s_2026_05_20-0004_flat_0p3_early_bias_cal.fits,2461181.6896349536,8.0,gaia_774272862760870784_src1,comparison,591.8092971911191,260.6357884602871,True,-7.769163600379898,2.5499282310437366,9,25571.094345092773,181.24109652569706,3196.3867931365967,22.655137065712132,False,ok
light_V0399_V_8s_2026_05_20-0004_flat_0p3_early_bias_cal.fits,2461181.6896349536,8.0,gaia_774271076054448768_src2,comparison,1498.9487222230316,323.8661392625198,True,-7.769163600379898,2.5499282310437366,9,16185.028148651123,145.76644362434513,2023.1285185813904,18.22080545304314,False,ok
light_V0399_V_8s_2026_05_20-0004_flat_0p3_early_bias_cal.fits,2461181.6896349536,8.0,gaia_774384016513181696_src3,comparison,382.8429729596457,1257.0647162669015,True,-7.769163600379898,2.5499282310437366,9,10866.66707611084,125.64331906137805,1358.333384513855,15.705414882672256,False,ok
light_V0399_V_8s_2026_05_20-0004_flat_0p3_early_bias_cal.fits,2461181.6896349536,8.0,gaia_774289041901756032_src4,comparison,2033.618273907163,1444.9006781225794,True,-7.769163600379898,2.5499282310437366,9,10378.044708251953,114.19339192682921,1297.2555885314941,14.274173990853651,False,ok
light_V0399_V_8s_2026_05_20-0004_flat_0p3_early_bias_cal.fits,2461181.6896349536,8.0,gaia_774287774887292672_src5,comparison,2026.0394207341358,1083.2835055865698,True,-7.769163600379898,2.5499282310437366,9,9834.416191101074,112.5193290090453,1229.3020238876343,14.064916126130662,False,ok
light_V0399_V_8s_2026_05_20-0004_flat_0p3_early_bias_cal.fits,2461181.6896349536,8.0,gaia_774289488578357504_src6,comparison,932.8849599193863,1103.0407015186956,True,-7.769163600379898,2.5499282310437366,9,8619.21216583252,106.22258875927785,1077.401520729065,13.277823594909732,False,ok
light_V0399_V_8s_2026_05_20-0004_flat_0p3_early_bias_cal.fits,2461181.6896349536,8.0,gaia_774288805679445888_src7,comparison,1936.8288059247518,1354.2887913144664,True,-7.769163600379898,2.5499282310437366,9,8100.995819091797,102.60601410535703,1012.6244773864746,12.82575176316963,False,ok
light_V0399_V_8s_2026_05_20-0004_flat_0p3_early_bias_cal.fits,2461181.6896349536,8.0,gaia_774290626745586944_src8,comparison,1063.6919134072937,1436.5484857743295,True,-7.769163600379898,2.5499282310437366,9,2482.5056762695312,66.00879227626815,310.3132095336914,8.25109903453352,False,ok
light_V0399_V_8s_2026_05_20-0004_flat_0p3_early_bias_cal.fits,2461181.6896349536,8.0,DN_UMa,check,1845.05083639962,689.1799282310437,True,-7.769163600379898,2.5499282310437366,9,2423254.515930176,8870.759040012996,302906.814491272,1108.8448800016245,False,ok
light_V0399_V_8s_2026_05_20-0005_flat_0p3_early_bias_cal.fits,2461181.6898260415,8.0,target,target,1921.2012884507985,634.3795869652582,True,-6.738711549201639,1.859586965258245,9,1579405.19921875,5671.065739096053,197425.64990234375,708.8832173870067,False,ok
light_V0399_V_8s_2026_05_20-0005_flat_0p3_early_bias_cal.fits,2461181.6898260415,8.0,gaia_774272862760870784_src1,comparison,592.8397492422973,259.9454471945016,True,-6.738711549201639,1.859586965258245,9,23743.53240966797,181.15285410158756,2967.941551208496,22.644106762698446,False,ok
light_V0399_V_8s_2026_05_20-0005_flat_0p3_early_bias_cal.fits,2461181.6898260415,8.0,gaia_774271076054448768_src2,comparison,1499.97917427421,323.17579799673433,True,-6.738711549201639,1.859586965258245,9,15658.731918334961,147.40126992729427,1957.3414897918701,18.425158740911783,False,ok
light_V0399_V_8s_2026_05_20-0005_flat_0p3_early_bias_cal.fits,2461181.6898260415,8.0,gaia_774384016513181696_src3,comparison,383.87342501082395,1256.3743750011163,True,-6.738711549201639,1.859586965258245,9,10446.126537322998,125.04805166447773,1305.7658171653748,15.631006458059716,False,ok
light_V0399_V_8s_2026_05_20-0005_flat_0p3_early_bias_cal.fits,2461181.6898260415,8.0,gaia_774289041901756032_src4,comparison,2034.6487259583414,1444.2103368567941,True,-6.738711549201639,1.859586965258245,9,10148.118408203125,115.20788185438029,1268.5148010253906,14.400985231797536,False,ok
light_V0399_V_8s_2026_05_20-0005_flat_0p3_early_bias_cal.fits,2461181.6898260415,8.0,gaia_774287774887292672_src5,comparison,2027.0698727853141,1082.5931643207841,True,-6.738711549201639,1.859586965258245,9,9664.551517486572,114.00779772089939,1208.0689396858215,14.250974715112424,False,ok
light_V0399_V_8s_2026_05_20-0005_flat_0p3_early_bias_cal.fits,2461181.6898260415,8.0,gaia_774289488578357504_src6,comparison,933.9154119705646,1102.35036025291,True,-6.738711549201639,1.859586965258245,9,8034.413993835449,104.24532637554978,1004.3017492294312,13.030665796943723,False,ok
light_V0399_V_8s_2026_05_20-0005_flat_0p3_early_bias_cal.fits,2461181.6898260415,8.0,gaia_774288805679445888_src7,comparison,1937.8592579759302,1353.5984500486811,True,-6.738711549201639,1.859586965258245,9,7719.792762756348,101.70322815663955,964.9740953445435,12.712903519579944,False,ok
light_V0399_V_8s_2026_05_20-0005_flat_0p3_early_bias_cal.fits,2461181.6898260415,8.0,gaia_774290626745586944_src8,comparison,1064.7223654584718,1435.8581445085442,True,-6.738711549201639,1.859586965258245,9,2413.595458984375,65.3319038777341,301.6994323730469,8.166487984716763,False,ok
light_V0399_V_8s_2026_05_20-0005_flat_0p3_early_bias_cal.fits,2461181.6898260415,8.0,DN_UMa,check,1846.0812884507982,688.4895869652582,True,-6.738711549201639,1.859586965258245,9,2306100.400390625,9816.171835414158,288262.5500488281,1227.0214794267697,False,ok
light_V0399_V_8s_2026_05_20-0006_flat_0p3_early_bias_cal.fits,2461181.6900171298,8.0,target,target,1921.6251083795462,634.0188475809298,True,-6.314891620453864,1.4988475809298052,9,1715938.0877075195,4704.684785412737,214492.26096343994,588.0855981765922,False,ok
light_V0399_V_8s_2026_05_20-0006_flat_0p3_early_bias_cal.fits,2461181.6900171298,8.0,gaia_774272862760870784_src1,comparison,593.2635691710451,259.58470781017314,True,-6.314891620453864,1.4988475809298052,9,27109.697273254395,184.95566615271608,3388.7121591567993,23.11945826908951,False,ok
light_V0399_V_8s_2026_05_20-0006_flat_0p3_early_bias_cal.fits,2461181.6900171298,8.0,gaia_774271076054448768_src2,comparison,1500.4029942029576,322.8150586124059,True,-6.314891620453864,1.4988475809298052,9,17844.501441955566,148.3946285435788,2230.562680244446,18.54932856794735,False,ok
light_V0399_V_8s_2026_05_20-0006_flat_0p3_early_bias_cal.fits,2461181.6900171298,8.0,gaia_774384016513181696_src3,comparison,384.2972449395717,1256.0136356167877,True,-6.314891620453864,1.4988475809298052,9,11263.87094116211,127.11356171890523,1407.9838676452637,15.889195214863154,False,ok
light_V0399_V_8s_2026_05_20-0006_flat_0p3_early_bias_cal.fits,2461181.6900171298,8.0,gaia_774289041901756032_src4,comparison,2035.072545887089,1443.8495974724656,True,-6.314891620453864,1.4988475809298052,9,10934.081493377686,116.92341676133894,1366.7601866722107,14.615427095167368,False,ok
light_V0399_V_8s_2026_05_20-0006_flat_0p3_early_bias_cal.fits,2461181.6900171298,8.0,gaia_774287774887292672_src5,comparison,2027.4936927140618,1082.2324249364558,True,-6.314891620453864,1.4988475809298052,9,10870.991943359375,116.23861665116323,1358.8739929199219,14.529827081395403,False,ok
light_V0399_V_8s_2026_05_20-0006_flat_0p3_early_bias_cal.fits,2461181.6900171298,8.0,gaia_774289488578357504_src6,comparison,934.3392318993124,1101.9896208685816,True,-6.314891620453864,1.4988475809298052,9,8975.222541809082,106.36931324269105,1121.9028177261353,13.296164155336381,False,ok
light_V0399_V_8s_2026_05_20-0006_flat_0p3_early_bias_cal.fits,2461181.6900171298,8.0,gaia_774288805679445888_src7,comparison,1938.2830779046778,1353.2377106643526,True,-6.314891620453864,1.4988475809298052,9,8590.993675231934,103.72274833347373,1073.8742094039917,12.965343541684216,False,ok
light_V0399_V_8s_2026_05_20-0006_flat_0p3_early_bias_cal.fits,2461181.6900171298,8.0,gaia_774290626745586944_src8,comparison,1065.1461853872197,1435.4974051242157,True,-6.314891620453864,1.4988475809298052,9,2726.6533279418945,67.47230190244797,340.8316659927368,8.434037737805996,False,ok
light_V0399_V_8s_2026_05_20-0006_flat_0p3_early_bias_cal.fits,2461181.6900171298,8.0,DN_UMa,check,1846.505108379546,688.1288475809298,True,-6.314891620453864,1.4988475809298052,9,2549195.787109375,8890.730644604686,318649.4733886719,1111.3413305755857,False,ok
light_V0399_V_8s_2026_05_20-0007_flat_0p3_early_bias_cal.fits,2461181.6902081016,8.0,target,target,1923.1025831090344,634.0181688865605,True,-4.837416890965642,1.4981688865605065,9,1696740.2723388672,4668.985013288082,212092.5340423584,583.6231266610102,False,ok
light_V0399_V_8s_2026_05_20-0007_flat_0p3_early_bias_cal.fits,2461181.6902081016,8.0,gaia_774272862760870784_src1,comparison,594.7410439005333,259.58402911580384,True,-4.837416890965642,1.4981688865605065,9,26790.755012512207,183.88144258744478,3348.844376564026,22.985180323430598,False,ok
light_V0399_V_8s_2026_05_20-0007_flat_0p3_early_bias_cal.fits,2461181.6902081016,8.0,gaia_774271076054448768_src2,comparison,1501.8804689324459,322.8143799180366,True,-4.837416890965642,1.4981688865605065,9,17514.088592529297,147.80034918331134,2189.261074066162,18.475043647913918,False,ok
light_V0399_V_8s_2026_05_20-0007_flat_0p3_early_bias_cal.fits,2461181.6902081016,8.0,gaia_774384016513181696_src3,comparison,385.77471966905995,1256.0129569224184,True,-4.837416890965642,1.4981688865605065,9,11764.390914916992,128.37966512727576,1470.548864364624,16.04745814090947,False,ok
light_V0399_V_8s_2026_05_20-0007_flat_0p3_early_bias_cal.fits,2461181.6902081016,8.0,gaia_774289041901756032_src4,comparison,2036.5500206165773,1443.8489187780963,True,-4.837416890965642,1.4981688865605065,9,11206.965705871582,117.15972101399221,1400.8707132339478,14.644965126749026,False,ok
light_V0399_V_8s_2026_05_20-0007_flat_0p3_early_bias_cal.fits,2461181.6902081016,8.0,gaia_774287774887292672_src5,comparison,2028.97116744355,1082.2317462420865,True,-4.837416890965642,1.4981688865605065,9,10688.284973144531,114.95379011458897,1336.0356216430664,14.369223764323621,False,ok
light_V0399_V_8s_2026_05_20-0007_flat_0p3_early_bias_cal.fits,2461181.6902081016,8.0,gaia_774289488578357504_src6,comparison,935.8167066288006,1101.9889421742123,True,-4.837416890965642,1.4981688865605065,9,9359.623279571533,108.420163591786,1169.9529099464417,13.55252044897325,False,ok
light_V0399_V_8s_2026_05_20-0007_flat_0p3_early_bias_cal.fits,2461181.6902081016,8.0,gaia_774288805679445888_src7,comparison,1939.760552634166,1353.2370319699833,True,-4.837416890965642,1.4981688865605065,9,8538.639854431152,103.61535746051278,1067.329981803894,12.951919682564098,False,ok
light_V0399_V_8s_2026_05_20-0007_flat_0p3_early_bias_cal.fits,2461181.6902081016,8.0,gaia_774290626745586944_src8,comparison,1066.623660116708,1435.4967264298464,True,-4.837416890965642,1.4981688865605065,9,2788.258056640625,67.95657580390964,348.5322570800781,8.494571975488705,False,ok
light_V0399_V_8s_2026_05_20-0007_flat_0p3_early_bias_cal.fits,2461181.6902081016,8.0,DN_UMa,check,1847.9825831090343,688.1281688865605,True,-4.837416890965642,1.4981688865605065,9,2469015.0766601562,8958.363283108672,308626.88458251953,1119.795410388584,False,ok
light_V0399_V_8s_2026_05_20-0008_flat_0p3_early_bias_cal.fits,2461181.690400463,8.0,target,target,1923.2952210268013,633.8629201564429,True,-4.644778973198754,1.342920156442915,9,1746628.1655273438,4577.956170983141,218328.52069091797,572.2445213728927,False,ok
light_V0399_V_8s_2026_05_20-0008_flat_0p3_early_bias_cal.fits,2461181.690400463,8.0,gaia_774272862760870784_src1,comparison,594.9336818183002,259.42878038568625,True,-4.644778973198754,1.342920156442915,9,27348.48420715332,184.07332939265342,3418.560525894165,23.009166174081678,False,ok
light_V0399_V_8s_2026_05_20-0008_flat_0p3_early_bias_cal.fits,2461181.690400463,8.0,gaia_774271076054448768_src2,comparison,1502.0731068502128,322.659131187919,True,-4.644778973198754,1.342920156442915,9,18005.12223815918,148.70947813611735,2250.6402797698975,18.58868476701467,False,ok
light_V0399_V_8s_2026_05_20-0008_flat_0p3_early_bias_cal.fits,2461181.690400463,8.0,gaia_774384016513181696_src3,comparison,385.96735758682684,1255.8577081923008,True,-4.644778973198754,1.342920156442915,9,11802.863792419434,128.770945389757,1475.3579740524292,16.096368173719625,False,ok
light_V0399_V_8s_2026_05_20-0008_flat_0p3_early_bias_cal.fits,2461181.690400463,8.0,gaia_774289041901756032_src4,comparison,2036.7426585343442,1443.6936700479787,True,-4.644778973198754,1.342920156442915,9,11129.89588546753,116.7149336737964,1391.2369856834412,14.58936670922455,False,ok
light_V0399_V_8s_2026_05_20-0008_flat_0p3_early_bias_cal.fits,2461181.690400463,8.0,gaia_774287774887292672_src5,comparison,2029.163805361317,1082.076497511969,True,-4.644778973198754,1.342920156442915,9,10775.9580078125,115.23713533000233,1346.9947509765625,14.404641916250291,False,ok
light_V0399_V_8s_2026_05_20-0008_flat_0p3_early_bias_cal.fits,2461181.690400463,8.0,gaia_774289488578357504_src6,comparison,936.0093445465675,1101.8336934440947,True,-4.644778973198754,1.342920156442915,9,9389.395393371582,107.5120668664614,1173.6744241714478,13.439008358307674,False,ok
light_V0399_V_8s_2026_05_20-0008_flat_0p3_early_bias_cal.fits,2461181.690400463,8.0,gaia_774288805679445888_src7,comparison,1939.953190551933,1353.0817832398657,True,-4.644778973198754,1.342920156442915,9,8522.193466186523,102.85435495446744,1065.2741832733154,12.85679436930843,False,ok
light_V0399_V_8s_2026_05_20-0008_flat_0p3_early_bias_cal.fits,2461181.690400463,8.0,gaia_774290626745586944_src8,comparison,1066.8162980344748,1435.3414776997288,True,-4.644778973198754,1.342920156442915,9,2867.925132751465,68.45263732527079,358.4906415939331,8.556579665658848,False,ok
light_V0399_V_8s_2026_05_20-0008_flat_0p3_early_bias_cal.fits,2461181.690400463,8.0,DN_UMa,check,1848.1752210268012,687.9729201564429,True,-4.644778973198754,1.342920156442915,9,2526291.7973632812,9050.927655471185,315786.47467041016,1131.3659569338981,False,ok
light_V0399_V_8s_2026_05_20-0009_flat_0p3_early_bias_cal.fits,2461181.690591667,8.0,target,target,1923.664937319055,634.8053052721099,True,-4.275062680944984,2.2853052721098948,9,1634532.039855957,5148.1908413275205,204316.50498199463,643.5238551659401,False,ok
light_V0399_V_8s_2026_05_20-0009_flat_0p3_early_bias_cal.fits,2461181.690591667,8.0,gaia_774272862760870784_src1,comparison,595.303398110554,260.37116550135323,True,-4.275062680944984,2.2853052721098948,9,25528.496459960938,181.08080459511785,3191.062057495117,22.63510057438973,False,ok
light_V0399_V_8s_2026_05_20-0009_flat_0p3_early_bias_cal.fits,2461181.690591667,8.0,gaia_774271076054448768_src2,comparison,1502.4428231424665,323.601516303586,True,-4.275062680944984,2.2853052721098948,9,16907.450202941895,146.71712356059024,2113.431275367737,18.33964044507378,False,ok
light_V0399_V_8s_2026_05_20-0009_flat_0p3_early_bias_cal.fits,2461181.690591667,8.0,gaia_774384016513181696_src3,comparison,386.3370738790806,1256.800093307968,True,-4.275062680944984,2.2853052721098948,9,11395.68147277832,127.31047201754178,1424.46018409729,15.913809002192723,False,ok
light_V0399_V_8s_2026_05_20-0009_flat_0p3_early_bias_cal.fits,2461181.690591667,8.0,gaia_774289041901756032_src4,comparison,2037.112374826598,1444.6360551636458,True,-4.275062680944984,2.2853052721098948,9,10228.148025512695,113.91389418011313,1278.518503189087,14.239236772514142,False,ok
light_V0399_V_8s_2026_05_20-0009_flat_0p3_early_bias_cal.fits,2461181.690591667,8.0,gaia_774287774887292672_src5,comparison,2029.5335216535707,1083.0188826276358,True,-4.275062680944984,2.2853052721098948,9,9971.30248260498,112.41415347257058,1246.4128103256226,14.051769184071322,False,ok
light_V0399_V_8s_2026_05_20-0009_flat_0p3_early_bias_cal.fits,2461181.690591667,8.0,gaia_774289488578357504_src6,comparison,936.3790608388213,1102.7760785597616,True,-4.275062680944984,2.2853052721098948,9,8780.531059265137,105.55858145625805,1097.566382408142,13.194822682032257,False,ok
light_V0399_V_8s_2026_05_20-0009_flat_0p3_early_bias_cal.fits,2461181.690591667,8.0,gaia_774288805679445888_src7,comparison,1940.3229068441867,1354.0241683555328,True,-4.275062680944984,2.2853052721098948,9,8014.713375091553,101.10960576191425,1001.8391718864441,12.638700720239282,False,ok
light_V0399_V_8s_2026_05_20-0009_flat_0p3_early_bias_cal.fits,2461181.690591667,8.0,gaia_774290626745586944_src8,comparison,1067.1860143267286,1436.2838628153959,True,-4.275062680944984,2.2853052721098948,9,2603.734016418457,66.27928673553976,325.46675205230713,8.28491084194247,False,ok
light_V0399_V_8s_2026_05_20-0009_flat_0p3_early_bias_cal.fits,2461181.690591667,8.0,DN_UMa,check,1848.544937319055,688.9153052721099,True,-4.275062680944984,2.2853052721098948,9,2368726.975128174,10174.19945490617,296090.8718910217,1271.7749318632711,False,ok
light_V0399_V_8s_2026_05_20-0010_flat_0p3_early_bias_cal.fits,2461181.690783102,8.0,target,target,1925.264972424739,635.3652059496819,True,-2.6750275752610833,2.8452059496818833,9,1798292.5592956543,4415.507414519907,224786.5699119568,551.9384268149884,False,ok
light_V0399_V_8s_2026_05_20-0010_flat_0p3_early_bias_cal.fits,2461181.690783102,8.0,gaia_774272862760870784_src1,comparison,596.9034332162379,260.9310661789252,True,-2.6750275752610833,2.8452059496818833,9,27277.624420166016,182.5910844387171,3409.703052520752,22.823885554839638,False,ok
light_V0399_V_8s_2026_05_20-0010_flat_0p3_early_bias_cal.fits,2461181.690783102,8.0,gaia_774271076054448768_src2,comparison,1504.0428582481504,324.16141698115797,True,-2.6750275752610833,2.8452059496818833,9,18535.851318359375,148.95330019463248,2316.981414794922,18.61916252432906,False,ok
light_V0399_V_8s_2026_05_20-0010_flat_0p3_early_bias_cal.fits,2461181.690783102,8.0,gaia_774384016513181696_src3,comparison,387.9371089847645,1257.3599939855399,True,-2.6750275752610833,2.8452059496818833,9,12260.230865478516,131.73057390784902,1532.5288581848145,16.466321738481128,False,ok
light_V0399_V_8s_2026_05_20-0010_flat_0p3_early_bias_cal.fits,2461181.690783102,8.0,gaia_774289041901756032_src4,comparison,2038.7124099322818,1445.1959558412177,True,-2.6750275752610833,2.8452059496818833,9,11543.433681488037,119.27701531908059,1442.9292101860046,14.909626914885074,False,ok
light_V0399_V_8s_2026_05_20-0010_flat_0p3_early_bias_cal.fits,2461181.690783102,8.0,gaia_774287774887292672_src5,comparison,2031.1335567592546,1083.578783305208,True,-2.6750275752610833,2.8452059496818833,9,11284.127182006836,117.37826904616946,1410.5158977508545,14.672283630771183,False,ok
light_V0399_V_8s_2026_05_20-0010_flat_0p3_early_bias_cal.fits,2461181.690783102,8.0,gaia_774289488578357504_src6,comparison,937.9790959445052,1103.3359792373337,True,-2.6750275752610833,2.8452059496818833,9,9670.759284973145,108.35345963969402,1208.844910621643,13.544182454961753,False,ok
light_V0399_V_8s_2026_05_20-0010_flat_0p3_early_bias_cal.fits,2461181.690783102,8.0,gaia_774288805679445888_src7,comparison,1941.9229419498706,1354.5840690331047,True,-2.6750275752610833,2.8452059496818833,9,8976.869270324707,104.62250741333372,1122.1086587905884,13.077813426666715,False,ok
light_V0399_V_8s_2026_05_20-0010_flat_0p3_early_bias_cal.fits,2461181.690783102,8.0,gaia_774290626745586944_src8,comparison,1068.7860494324125,1436.8437634929678,True,-2.6750275752610833,2.8452059496818833,9,2911.546485900879,66.62031315450963,363.94331073760986,8.327539144313704,False,ok
light_V0399_V_8s_2026_05_20-0010_flat_0p3_early_bias_cal.fits,2461181.690783102,8.0,DN_UMa,check,1850.1449724247389,689.4752059496818,True,-2.6750275752610833,2.8452059496818833,9,2597265.8919677734,9296.795905668125,324658.2364959717,1162.0994882085156,False,ok
light_V0399_V_8s_2026_05_20-0011_flat_0p3_early_bias_cal.fits,2461181.690974884,8.0,target,target,1925.5943023867583,634.5621918181165,True,-2.345697613241782,2.042191818116521,9,1543493.1345825195,5818.273686656265,192936.64182281494,727.2842108320332,False,ok
light_V0399_V_8s_2026_05_20-0011_flat_0p3_early_bias_cal.fits,2461181.690974884,8.0,gaia_774272862760870784_src1,comparison,597.2327631782572,260.12805204735986,True,-2.345697613241782,2.042191818116521,9,24084.346397399902,178.56038454311698,3010.543299674988,22.320048067889623,False,ok
light_V0399_V_8s_2026_05_20-0011_flat_0p3_early_bias_cal.fits,2461181.690974884,8.0,gaia_774271076054448768_src2,comparison,1504.3721882101697,323.3584028495926,True,-2.345697613241782,2.042191818116521,9,16336.399532318115,145.81340939028053,2042.0499415397644,18.226676173785066,False,ok
light_V0399_V_8s_2026_05_20-0011_flat_0p3_early_bias_cal.fits,2461181.690974884,8.0,gaia_774384016513181696_src3,comparison,388.2664389467838,1256.5569798539746,True,-2.345697613241782,2.042191818116521,9,11044.779880523682,127.14926621001013,1380.5974850654602,15.893658276251266,False,ok
light_V0399_V_8s_2026_05_20-0011_flat_0p3_early_bias_cal.fits,2461181.690974884,8.0,gaia_774289041901756032_src4,comparison,2039.0417398943011,1444.3929417096524,True,-2.345697613241782,2.042191818116521,9,9975.009017944336,113.05377428526417,1246.876127243042,14.131721785658021,False,ok
light_V0399_V_8s_2026_05_20-0011_flat_0p3_early_bias_cal.fits,2461181.690974884,8.0,gaia_774287774887292672_src5,comparison,2031.462886721274,1082.7757691736424,True,-2.345697613241782,2.042191818116521,9,9820.50845336914,113.08014606920301,1227.5635566711426,14.135018258650376,False,ok
light_V0399_V_8s_2026_05_20-0011_flat_0p3_early_bias_cal.fits,2461181.690974884,8.0,gaia_774289488578357504_src6,comparison,938.3084259065245,1102.5329651057682,True,-2.345697613241782,2.042191818116521,9,8596.170211791992,104.91662753665673,1074.521276473999,13.114578442082092,False,ok
light_V0399_V_8s_2026_05_20-0011_flat_0p3_early_bias_cal.fits,2461181.690974884,8.0,gaia_774288805679445888_src7,comparison,1942.25227191189,1353.7810549015394,True,-2.345697613241782,2.042191818116521,9,7878.40372467041,101.32007546245507,984.8004655838013,12.665009432806883,False,ok
light_V0399_V_8s_2026_05_20-0011_flat_0p3_early_bias_cal.fits,2461181.690974884,8.0,gaia_774290626745586944_src8,comparison,1069.1153793944318,1436.0407493614025,True,-2.345697613241782,2.042191818116521,9,2548.526092529297,65.2193401263837,318.5657615661621,8.152417515797962,False,ok
light_V0399_V_8s_2026_05_20-0011_flat_0p3_early_bias_cal.fits,2461181.690974884,8.0,DN_UMa,check,1850.4743023867582,688.6721918181165,True,-2.345697613241782,2.042191818116521,9,2252193.9638061523,11152.089161700396,281524.24547576904,1394.0111452125495,False,ok
light_V0399_V_8s_2026_05_20-0012_flat_0p3_early_bias_cal.fits,2461181.691166551,8.0,target,target,1926.1507859066119,633.4535679629207,True,-1.7892140933880682,0.9335679629207903,9,1723696.710571289,4536.552295366627,215462.08882141113,567.0690369208284,False,ok
light_V0399_V_8s_2026_05_20-0012_flat_0p3_early_bias_cal.fits,2461181.691166551,8.0,gaia_774272862760870784_src1,comparison,597.7892466981109,259.0194281921641,True,-1.7892140933880682,0.9335679629207903,9,26042.80263900757,178.6167079734061,3255.350329875946,22.327088496675763,False,ok
light_V0399_V_8s_2026_05_20-0012_flat_0p3_early_bias_cal.fits,2461181.691166551,8.0,gaia_774271076054448768_src2,comparison,1504.9286717300233,322.2497789943969,True,-1.7892140933880682,0.9335679629207903,9,17960.90576171875,147.89253380993196,2245.1132202148438,18.486566726241495,False,ok
light_V0399_V_8s_2026_05_20-0012_flat_0p3_early_bias_cal.fits,2461181.691166551,8.0,gaia_774384016513181696_src3,comparison,388.8229224666375,1255.4483559987787,True,-1.7892140933880682,0.9335679629207903,9,11975.098972320557,129.58608319087074,1496.8873715400696,16.198260398858842,False,ok
light_V0399_V_8s_2026_05_20-0012_flat_0p3_early_bias_cal.fits,2461181.691166551,8.0,gaia_774289041901756032_src4,comparison,2039.5982234141547,1443.2843178544565,True,-1.7892140933880682,0.9335679629207903,9,11242.079727172852,117.28440400589548,1405.2599658966064,14.660550500736935,False,ok
light_V0399_V_8s_2026_05_20-0012_flat_0p3_early_bias_cal.fits,2461181.691166551,8.0,gaia_774287774887292672_src5,comparison,2032.0193702411275,1081.6671453184467,True,-1.7892140933880682,0.9335679629207903,9,10555.273414611816,113.6917677342091,1319.409176826477,14.211470966776137,False,ok
light_V0399_V_8s_2026_05_20-0012_flat_0p3_early_bias_cal.fits,2461181.691166551,8.0,gaia_774289488578357504_src6,comparison,938.8649094263782,1101.4243412505725,True,-1.7892140933880682,0.9335679629207903,9,9435.094123840332,107.79099909343846,1179.3867654800415,13.473874886679807,False,ok
light_V0399_V_8s_2026_05_20-0012_flat_0p3_early_bias_cal.fits,2461181.691166551,8.0,gaia_774288805679445888_src7,comparison,1942.8087554317435,1352.6724310463435,True,-1.7892140933880682,0.9335679629207903,9,8587.560279846191,103.55121450830946,1073.445034980774,12.943901813538682,False,ok
light_V0399_V_8s_2026_05_20-0012_flat_0p3_early_bias_cal.fits,2461181.691166551,8.0,gaia_774290626745586944_src8,comparison,1069.6718629142856,1434.9321255062066,True,-1.7892140933880682,0.9335679629207903,9,2762.622001647949,66.63632254989633,345.32775020599365,8.329540318737042,False,ok
light_V0399_V_8s_2026_05_20-0012_flat_0p3_early_bias_cal.fits,2461181.691166551,8.0,DN_UMa,check,1851.030785906612,687.5635679629208,True,-1.7892140933880682,0.9335679629207903,9,2496130.939666748,9918.792675393031,312016.3674583435,1239.849084424129,False,ok
light_V0399_V_8s_2026_05_20-0013_flat_0p3_early_bias_cal.fits,2461181.691357754,8.0,target,target,1925.2029726374433,633.5675964712523,True,-2.73702736255683,1.047596471252291,9,1575463.1546020508,5631.941268287256,196932.89432525635,703.992658535907,False,ok
light_V0399_V_8s_2026_05_20-0013_flat_0p3_early_bias_cal.fits,2461181.691357754,8.0,gaia_774272862760870784_src1,comparison,596.8414334289421,259.1334567004956,True,-2.73702736255683,1.047596471252291,9,23968.495178222656,180.4880296674648,2996.061897277832,22.5610037084331,False,ok
light_V0399_V_8s_2026_05_20-0013_flat_0p3_early_bias_cal.fits,2461181.691357754,8.0,gaia_774271076054448768_src2,comparison,1503.9808584608547,322.3638075027284,True,-2.73702736255683,1.047596471252291,9,15883.47452545166,143.50327211010222,1985.4343156814575,17.937909013762777,False,ok
light_V0399_V_8s_2026_05_20-0013_flat_0p3_early_bias_cal.fits,2461181.691357754,8.0,gaia_774384016513181696_src3,comparison,387.87510919746876,1255.5623845071102,True,-2.73702736255683,1.047596471252291,9,10760.24963760376,123.45394654269276,1345.03120470047,15.431743317836595,False,ok
light_V0399_V_8s_2026_05_20-0013_flat_0p3_early_bias_cal.fits,2461181.691357754,8.0,gaia_774289041901756032_src4,comparison,2038.6504101449862,1443.398346362788,True,-2.73702736255683,1.047596471252291,9,10240.619728088379,115.1980002375236,1280.0774660110474,14.39975002969045,False,ok
light_V0399_V_8s_2026_05_20-0013_flat_0p3_early_bias_cal.fits,2461181.691357754,8.0,gaia_774287774887292672_src5,comparison,2031.071556971959,1081.7811738267783,True,-2.73702736255683,1.047596471252291,9,9655.045654296875,111.26567650883057,1206.8807067871094,13.90820956360382,False,ok
light_V0399_V_8s_2026_05_20-0013_flat_0p3_early_bias_cal.fits,2461181.691357754,8.0,gaia_774289488578357504_src6,comparison,937.9170961572095,1101.538369758904,True,-2.73702736255683,1.047596471252291,9,8508.666030883789,105.04664472646321,1063.5832538604736,13.130830590807902,False,ok
light_V0399_V_8s_2026_05_20-0013_flat_0p3_early_bias_cal.fits,2461181.691357754,8.0,gaia_774288805679445888_src7,comparison,1941.860942162575,1352.786459554675,True,-2.73702736255683,1.047596471252291,9,7752.543815612793,100.34051169372081,969.0679769515991,12.542563961715102,False,ok
light_V0399_V_8s_2026_05_20-0013_flat_0p3_early_bias_cal.fits,2461181.691357754,8.0,gaia_774290626745586944_src8,comparison,1068.7240496451168,1435.0461540145382,True,-2.73702736255683,1.047596471252291,9,2483.795623779297,64.8606040090752,310.4744529724121,8.1075755011344,False,ok
light_V0399_V_8s_2026_05_20-0013_flat_0p3_early_bias_cal.fits,2461181.691357754,8.0,DN_UMa,check,1850.0829726374432,687.6775964712523,True,-2.73702736255683,1.047596471252291,9,2259246.9467773438,10969.04441101131,282405.86834716797,1371.1305513764137,False,ok
light_V0399_V_8s_2026_05_20-0014_flat_0p3_early_bias_cal.fits,2461181.6915494213,8.0,target,target,1927.203150073213,633.1949343255656,True,-0.7368499267870448,0.6749343255655731,9,1775175.0469055176,4632.223789747288,221896.8808631897,579.027973718411,False,ok
light_V0399_V_8s_2026_05_20-0014_flat_0p3_early_bias_cal.fits,2461181.6915494213,8.0,gaia_774272862760870784_src1,comparison,598.8416108647119,258.7607945548089,True,-0.7368499267870448,0.6749343255655731,9,27809.038570404053,184.06149352263498,3476.1298213005066,23.007686690329372,False,ok
light_V0399_V_8s_2026_05_20-0014_flat_0p3_early_bias_cal.fits,2461181.6915494213,8.0,gaia_774271076054448768_src2,comparison,1505.9810358966245,321.99114535704166,True,-0.7368499267870448,0.6749343255655731,9,18228.867965698242,147.87346408125842,2278.6084957122803,18.484183010157302,False,ok
light_V0399_V_8s_2026_05_20-0014_flat_0p3_early_bias_cal.fits,2461181.6915494213,8.0,gaia_774384016513181696_src3,comparison,389.87528663323855,1255.1897223614235,True,-0.7368499267870448,0.6749343255655731,9,12402.480819702148,131.47873013124578,1550.3101024627686,16.434841266405723,False,ok
light_V0399_V_8s_2026_05_20-0014_flat_0p3_early_bias_cal.fits,2461181.6915494213,8.0,gaia_774289041901756032_src4,comparison,2040.6505875807559,1443.0256842171013,True,-0.7368499267870448,0.6749343255655731,9,11417.702667236328,117.1383453303188,1427.212833404541,14.64229316628985,False,ok
light_V0399_V_8s_2026_05_20-0014_flat_0p3_early_bias_cal.fits,2461181.6915494213,8.0,gaia_774287774887292672_src5,comparison,2033.0717344077286,1081.4085116810916,True,-0.7368499267870448,0.6749343255655731,9,11217.963752746582,116.63982753803549,1402.2454690933228,14.579978442254436,False,ok
light_V0399_V_8s_2026_05_20-0014_flat_0p3_early_bias_cal.fits,2461181.6915494213,8.0,gaia_774289488578357504_src6,comparison,939.9172735929792,1101.1657076132174,True,-0.7368499267870448,0.6749343255655731,9,9899.279388427734,110.4159555242983,1237.4099235534668,13.801994440537287,False,ok
light_V0399_V_8s_2026_05_20-0014_flat_0p3_early_bias_cal.fits,2461181.6915494213,8.0,gaia_774288805679445888_src7,comparison,1943.8611195983447,1352.4137974089883,True,-0.7368499267870448,0.6749343255655731,9,9077.099487304688,105.47269335694673,1134.637435913086,13.184086669618342,False,ok
light_V0399_V_8s_2026_05_20-0014_flat_0p3_early_bias_cal.fits,2461181.6915494213,8.0,gaia_774290626745586944_src8,comparison,1070.7242270808865,1434.6734918688514,True,-0.7368499267870448,0.6749343255655731,9,3018.5129776000977,69.72255890574776,377.3141222000122,8.71531986321847,False,ok
light_V0399_V_8s_2026_05_20-0014_flat_0p3_early_bias_cal.fits,2461181.6915494213,8.0,DN_UMa,check,1852.083150073213,687.3049343255656,True,-0.7368499267870448,0.6749343255655731,9,2559446.791870117,9575.626982813235,319930.84898376465,1196.9533728516544,False,ok
light_V0399_V_8s_2026_05_20-0015_flat_0p3_early_bias_cal.fits,2461181.6917408565,8.0,target,target,1927.9323474809294,632.4359476188922,True,-0.007652519070575181,-0.08405238110776736,9,1229944.9699707031,6877.871539419351,153743.1212463379,859.7339424274189,False,ok
light_V0399_V_8s_2026_05_20-0015_flat_0p3_early_bias_cal.fits,2461181.6917408565,8.0,gaia_774272862760870784_src1,comparison,599.5708082724284,258.00180784813557,True,-0.007652519070575181,-0.08405238110776736,9,19667.602363586426,180.26968966915143,2458.450295448303,22.53371120864393,False,ok
light_V0399_V_8s_2026_05_20-0015_flat_0p3_early_bias_cal.fits,2461181.6917408565,8.0,gaia_774271076054448768_src2,comparison,1506.7102333043408,321.2321586503683,True,-0.007652519070575181,-0.08405238110776736,9,13087.957885742188,139.08920841659338,1635.9947357177734,17.386151052074172,False,ok
light_V0399_V_8s_2026_05_20-0015_flat_0p3_early_bias_cal.fits,2461181.6917408565,8.0,gaia_774384016513181696_src3,comparison,390.604484040955,1254.4307356547502,True,-0.007652519070575181,-0.08405238110776736,9,8935.778175354004,117.77596017238685,1116.9722719192505,14.721995021548356,False,ok
light_V0399_V_8s_2026_05_20-0015_flat_0p3_early_bias_cal.fits,2461181.6917408565,8.0,gaia_774289041901756032_src4,comparison,2041.3797849884722,1442.266697510428,True,-0.007652519070575181,-0.08405238110776736,9,7953.176010131836,106.39789942933452,994.1470012664795,13.299737428666814,False,ok
light_V0399_V_8s_2026_05_20-0015_flat_0p3_early_bias_cal.fits,2461181.6917408565,8.0,gaia_774287774887292672_src5,comparison,2033.800931815445,1080.6495249744182,True,-0.007652519070575181,-0.08405238110776736,9,7620.907257080078,104.96836217253181,952.6134071350098,13.121045271566476,False,ok
light_V0399_V_8s_2026_05_20-0015_flat_0p3_early_bias_cal.fits,2461181.6917408565,8.0,gaia_774289488578357504_src6,comparison,940.6464710006957,1100.406720906544,True,-0.007652519070575181,-0.08405238110776736,9,7018.349983215332,99.42890998698863,877.2937479019165,12.428613748373579,False,ok
light_V0399_V_8s_2026_05_20-0015_flat_0p3_early_bias_cal.fits,2461181.6917408565,8.0,gaia_774288805679445888_src7,comparison,1944.590317006061,1351.654810702315,True,-0.007652519070575181,-0.08405238110776736,9,6264.537258148193,95.6647459727414,783.0671572685242,11.958093246592675,False,ok
light_V0399_V_8s_2026_05_20-0015_flat_0p3_early_bias_cal.fits,2461181.6917408565,8.0,gaia_774290626745586944_src8,comparison,1071.453424488603,1433.914505162178,True,-0.007652519070575181,-0.08405238110776736,9,2126.4226264953613,62.48371963185461,265.80282831192017,7.8104649539818265,False,ok
light_V0399_V_8s_2026_05_20-0015_flat_0p3_early_bias_cal.fits,2461181.6917408565,8.0,DN_UMa,check,1852.8123474809295,686.5459476188922,True,-0.007652519070575181,-0.08405238110776736,9,1782496.40625,12590.895977698945,222812.05078125,1573.8619972123681,False,ok
light_V0399_V_8s_2026_05_20-0016_flat_0p3_early_bias_cal.fits,2461181.691932523,8.0,target,target,1927.986758029354,631.5570783410944,True,0.04675802935400952,-0.9629216589055432,9,1737495.1654052734,5029.598433170025,217186.89567565918,628.6998041462531,False,ok
light_V0399_V_8s_2026_05_20-0016_flat_0p3_early_bias_cal.fits,2461181.691932523,8.0,gaia_774272862760870784_src1,comparison,599.625218820853,257.1229385703378,True,0.04675802935400952,-0.9629216589055432,9,26639.44319152832,182.09926214512518,3329.93039894104,22.762407768140648,False,ok
light_V0399_V_8s_2026_05_20-0016_flat_0p3_early_bias_cal.fits,2461181.691932523,8.0,gaia_774271076054448768_src2,comparison,1506.7646438527654,320.35328937257054,True,0.04675802935400952,-0.9629216589055432,9,18487.570236206055,148.51779229706304,2310.946279525757,18.56472403713288,False,ok
light_V0399_V_8s_2026_05_20-0016_flat_0p3_early_bias_cal.fits,2461181.691932523,8.0,gaia_774384016513181696_src3,comparison,390.6588945893796,1253.5518663769524,True,0.04675802935400952,-0.9629216589055432,9,12330.342834472656,130.416914604232,1541.292854309082,16.302114325529,False,ok
light_V0399_V_8s_2026_05_20-0016_flat_0p3_early_bias_cal.fits,2461181.691932523,8.0,gaia_774289041901756032_src4,comparison,2041.4341955368968,1441.3878282326302,True,0.04675802935400952,-0.9629216589055432,9,11467.288185119629,117.83529056185243,1433.4110231399536,14.729411320231554,False,ok
light_V0399_V_8s_2026_05_20-0016_flat_0p3_early_bias_cal.fits,2461181.691932523,8.0,gaia_774287774887292672_src5,comparison,2033.8553423638696,1079.7706556966205,True,0.04675802935400952,-0.9629216589055432,9,10966.770988464355,115.38924132813023,1370.8463735580444,14.423655166016278,False,ok
light_V0399_V_8s_2026_05_20-0016_flat_0p3_early_bias_cal.fits,2461181.691932523,8.0,gaia_774289488578357504_src6,comparison,940.7008815491203,1099.5278516287462,True,0.04675802935400952,-0.9629216589055432,9,9808.658309936523,109.04029394867547,1226.0822887420654,13.630036743584434,False,ok
light_V0399_V_8s_2026_05_20-0016_flat_0p3_early_bias_cal.fits,2461181.691932523,8.0,gaia_774288805679445888_src7,comparison,1944.6447275544856,1350.7759414245172,True,0.04675802935400952,-0.9629216589055432,9,8956.972747802734,106.1189676083987,1119.6215934753418,13.264870951049838,False,ok
light_V0399_V_8s_2026_05_20-0016_flat_0p3_early_bias_cal.fits,2461181.691932523,8.0,gaia_774290626745586944_src8,comparison,1071.5078350370277,1433.0356358843803,True,0.04675802935400952,-0.9629216589055432,9,2933.33048248291,68.3485990020526,366.66631031036377,8.543574875256574,False,ok
light_V0399_V_8s_2026_05_20-0016_flat_0p3_early_bias_cal.fits,2461181.691932523,8.0,DN_UMa,check,1852.866758029354,685.6670783410945,True,0.04675802935400952,-0.9629216589055432,9,2528915.044067383,9874.735614929048,316114.38050842285,1234.341951866131,False,ok
light_V0399_V_8s_2026_05_20-0017_flat_0p3_early_bias_cal.fits,2461181.692123727,8.0,target,target,1928.9833385943814,633.3319414443038,True,1.0433385943813391,0.811941444303784,9,1742559.7516784668,4856.430568283645,217819.96895980835,607.0538210354556,False,ok
light_V0399_V_8s_2026_05_20-0017_flat_0p3_early_bias_cal.fits,2461181.692123727,8.0,gaia_774272862760870784_src1,comparison,600.6217993858803,258.8978016735471,True,1.0433385943813391,0.811941444303784,9,28099.395889282227,184.7918302176142,3512.4244861602783,23.098978777201776,False,ok
light_V0399_V_8s_2026_05_20-0017_flat_0p3_early_bias_cal.fits,2461181.692123727,8.0,gaia_774271076054448768_src2,comparison,1507.7612244177928,322.12815247577987,True,1.0433385943813391,0.811941444303784,9,18567.029319763184,148.92533733538605,2320.878664970398,18.615667166923256,False,ok
light_V0399_V_8s_2026_05_20-0017_flat_0p3_early_bias_cal.fits,2461181.692123727,8.0,gaia_774384016513181696_src3,comparison,391.65547515440693,1255.3267294801617,True,1.0433385943813391,0.811941444303784,9,12671.770015716553,133.48693742539734,1583.971251964569,16.685867178174668,False,ok
light_V0399_V_8s_2026_05_20-0017_flat_0p3_early_bias_cal.fits,2461181.692123727,8.0,gaia_774289041901756032_src4,comparison,2042.4307761019243,1443.1626913358396,True,1.0433385943813391,0.811941444303784,9,11430.819438934326,117.53117644539955,1428.8524298667908,14.691397055674944,False,ok
light_V0399_V_8s_2026_05_20-0017_flat_0p3_early_bias_cal.fits,2461181.692123727,8.0,gaia_774287774887292672_src5,comparison,2034.851922928897,1081.5455187998298,True,1.0433385943813391,0.811941444303784,9,11265.61068725586,117.08123335826762,1408.2013359069824,14.635154169783453,False,ok
light_V0399_V_8s_2026_05_20-0017_flat_0p3_early_bias_cal.fits,2461181.692123727,8.0,gaia_774289488578357504_src6,comparison,941.6974621141476,1101.3027147319556,True,1.0433385943813391,0.811941444303784,9,10138.383331298828,111.29400985230687,1267.2979164123535,13.911751231538359,False,ok
light_V0399_V_8s_2026_05_20-0017_flat_0p3_early_bias_cal.fits,2461181.692123727,8.0,gaia_774288805679445888_src7,comparison,1945.641308119513,1352.5508045277265,True,1.0433385943813391,0.811941444303784,9,8907.920822143555,105.11552983044761,1113.4901027679443,13.139441228805952,False,ok
light_V0399_V_8s_2026_05_20-0017_flat_0p3_early_bias_cal.fits,2461181.692123727,8.0,gaia_774290626745586944_src8,comparison,1072.504415602055,1434.8104989875897,True,1.0433385943813391,0.811941444303784,9,2977.221824645996,68.21517776753875,372.1527280807495,8.526897220942343,False,ok
light_V0399_V_8s_2026_05_20-0017_flat_0p3_early_bias_cal.fits,2461181.692123727,8.0,DN_UMa,check,1853.8633385943813,687.4419414443038,True,1.0433385943813391,0.811941444303784,9,2581041.7328186035,10017.32398677612,322630.21660232544,1252.165498347015,False,ok
light_V0399_V_8s_2026_05_20-0018_flat_0p3_early_bias_cal.fits,2461181.6923153936,8.0,target,target,1929.4037718048726,634.6102845841494,True,1.463771804872522,2.090284584149458,9,1823266.7045288086,4582.135878911827,227908.33806610107,572.7669848639783,False,ok
light_V0399_V_8s_2026_05_20-0018_flat_0p3_early_bias_cal.fits,2461181.6923153936,8.0,gaia_774272862760870784_src1,comparison,601.0422325963715,260.1761448133928,True,1.463771804872522,2.090284584149458,9,27986.80965423584,183.6369701563844,3498.35120677948,22.95462126954805,False,ok
light_V0399_V_8s_2026_05_20-0018_flat_0p3_early_bias_cal.fits,2461181.6923153936,8.0,gaia_774271076054448768_src2,comparison,1508.181657628284,323.40649561562554,True,1.463771804872522,2.090284584149458,9,19233.65835571289,150.21191476092872,2404.2072944641113,18.77648934511609,False,ok
light_V0399_V_8s_2026_05_20-0018_flat_0p3_early_bias_cal.fits,2461181.6923153936,8.0,gaia_774384016513181696_src3,comparison,392.0759083648981,1256.6050726200074,True,1.463771804872522,2.090284584149458,9,12880.89909362793,132.49331460813028,1610.1123867034912,16.561664326016285,False,ok
light_V0399_V_8s_2026_05_20-0018_flat_0p3_early_bias_cal.fits,2461181.6923153936,8.0,gaia_774289041901756032_src4,comparison,2042.8512093124154,1444.4410344756852,True,1.463771804872522,2.090284584149458,9,11692.74382019043,119.24706312221673,1461.5929775238037,14.905882890277091,False,ok
light_V0399_V_8s_2026_05_20-0018_flat_0p3_early_bias_cal.fits,2461181.6923153936,8.0,gaia_774287774887292672_src5,comparison,2035.2723561393882,1082.8238619396755,True,1.463771804872522,2.090284584149458,9,11594.101638793945,118.09328138079822,1449.2627048492432,14.761660172599777,False,ok
light_V0399_V_8s_2026_05_20-0018_flat_0p3_early_bias_cal.fits,2461181.6923153936,8.0,gaia_774289488578357504_src6,comparison,942.1178953246388,1102.5810578718012,True,1.463771804872522,2.090284584149458,9,10091.617988586426,110.38722400668266,1261.4522485733032,13.798403000835332,False,ok
light_V0399_V_8s_2026_05_20-0018_flat_0p3_early_bias_cal.fits,2461181.6923153936,8.0,gaia_774288805679445888_src7,comparison,1946.0617413300042,1353.8291476675722,True,1.463771804872522,2.090284584149458,9,9020.119438171387,104.3623048627155,1127.5149297714233,13.045288107839438,False,ok
light_V0399_V_8s_2026_05_20-0018_flat_0p3_early_bias_cal.fits,2461181.6923153936,8.0,gaia_774290626745586944_src8,comparison,1072.924848812546,1436.0888421274353,True,1.463771804872522,2.090284584149458,9,3111.6125717163086,69.79245237761107,388.9515714645386,8.724056547201384,False,ok
light_V0399_V_8s_2026_05_20-0018_flat_0p3_early_bias_cal.fits,2461181.6923153936,8.0,DN_UMa,check,1854.2837718048725,688.7202845841495,True,1.463771804872522,2.090284584149458,9,2643774.5955810547,9710.496470966757,330471.82444763184,1213.8120588708446,False,ok
light_V0399_V_8s_2026_05_20-0019_flat_0p3_early_bias_cal.fits,2461181.6925069443,8.0,target,target,1929.9431951735562,634.6859026807795,True,2.0031951735561506,2.1659026807795385,9,1757507.6489868164,5377.574775805782,219688.45612335205,672.1968469757228,False,ok
light_V0399_V_8s_2026_05_20-0019_flat_0p3_early_bias_cal.fits,2461181.6925069443,8.0,gaia_774272862760870784_src1,comparison,601.5816559650551,260.2517629100229,True,2.0031951735561506,2.1659026807795385,9,28057.345489501953,185.03931477570399,3507.168186187744,23.129914346962998,False,ok
light_V0399_V_8s_2026_05_20-0019_flat_0p3_early_bias_cal.fits,2461181.6925069443,8.0,gaia_774271076054448768_src2,comparison,1508.7210809969677,323.4821137122556,True,2.0031951735561506,2.1659026807795385,9,18913.339797973633,150.02406997034305,2364.167474746704,18.75300874629288,False,ok
light_V0399_V_8s_2026_05_20-0019_flat_0p3_early_bias_cal.fits,2461181.6925069443,8.0,gaia_774384016513181696_src3,comparison,392.61533173358174,1256.6806907166374,True,2.0031951735561506,2.1659026807795385,9,12656.676239013672,132.47784671962128,1582.084529876709,16.55973083995266,False,ok
light_V0399_V_8s_2026_05_20-0019_flat_0p3_early_bias_cal.fits,2461181.6925069443,8.0,gaia_774289041901756032_src4,comparison,2043.390632681099,1444.5166525723153,True,2.0031951735561506,2.1659026807795385,9,11345.925842285156,117.84315011472673,1418.2407302856445,14.73039376434084,False,ok
light_V0399_V_8s_2026_05_20-0019_flat_0p3_early_bias_cal.fits,2461181.6925069443,8.0,gaia_774287774887292672_src5,comparison,2035.8117795080718,1082.8994800363055,True,2.0031951735561506,2.1659026807795385,9,10931.639526367188,115.51059538751907,1366.4549407958984,14.438824423439884,False,ok
light_V0399_V_8s_2026_05_20-0019_flat_0p3_early_bias_cal.fits,2461181.6925069443,8.0,gaia_774289488578357504_src6,comparison,942.6573186933224,1102.6566759684313,True,2.0031951735561506,2.1659026807795385,9,9955.609733581543,111.12650300644907,1244.4512166976929,13.890812875806134,False,ok
light_V0399_V_8s_2026_05_20-0019_flat_0p3_early_bias_cal.fits,2461181.6925069443,8.0,gaia_774288805679445888_src7,comparison,1946.6011646986879,1353.9047657642022,True,2.0031951735561506,2.1659026807795385,9,8836.19132232666,104.85876376898868,1104.5239152908325,13.107345471123585,False,ok
light_V0399_V_8s_2026_05_20-0019_flat_0p3_early_bias_cal.fits,2461181.6925069443,8.0,gaia_774290626745586944_src8,comparison,1073.4642721812297,1436.1644602240654,True,2.0031951735561506,2.1659026807795385,9,2942.8749389648438,67.03094944538046,367.85936737060547,8.378868680672557,False,ok
light_V0399_V_8s_2026_05_20-0019_flat_0p3_early_bias_cal.fits,2461181.6925069443,8.0,DN_UMa,check,1854.823195173556,688.7959026807796,True,2.0031951735561506,2.1659026807795385,9,2542392.0950317383,11380.75629409916,317799.0118789673,1422.594536762395,False,ok
light_V0399_V_8s_2026_05_20-0020_flat_0p3_early_bias_cal.fits,2461181.692698148,8.0,target,target,1930.5554192313482,634.3798991619119,True,2.6154192313481417,1.859899161911926,9,1813660.7828216553,4639.941457943603,226707.5978527069,579.9926822429504,False,ok
light_V0399_V_8s_2026_05_20-0020_flat_0p3_early_bias_cal.fits,2461181.692698148,8.0,gaia_774272862760870784_src1,comparison,602.1938800228471,259.94575939115526,True,2.6154192313481417,1.859899161911926,9,28296.343757629395,183.48910866436344,3537.0429697036743,22.93613858304543,False,ok
light_V0399_V_8s_2026_05_20-0020_flat_0p3_early_bias_cal.fits,2461181.692698148,8.0,gaia_774271076054448768_src2,comparison,1509.3333050547596,323.176110193388,True,2.6154192313481417,1.859899161911926,9,19172.19204711914,150.38985704139472,2396.5240058898926,18.79873213017434,False,ok
light_V0399_V_8s_2026_05_20-0020_flat_0p3_early_bias_cal.fits,2461181.692698148,8.0,gaia_774384016513181696_src3,comparison,393.22755579137373,1256.3746871977698,True,2.6154192313481417,1.859899161911926,9,13171.92446899414,134.23524869191002,1646.4905586242676,16.779406086488752,False,ok
light_V0399_V_8s_2026_05_20-0020_flat_0p3_early_bias_cal.fits,2461181.692698148,8.0,gaia_774289041901756032_src4,comparison,2044.002856738891,1444.2106490534477,True,2.6154192313481417,1.859899161911926,9,11785.569747924805,118.93052244853267,1473.1962184906006,14.866315306066584,False,ok
light_V0399_V_8s_2026_05_20-0020_flat_0p3_early_bias_cal.fits,2461181.692698148,8.0,gaia_774287774887292672_src5,comparison,2036.4240035658638,1082.593476517438,True,2.6154192313481417,1.859899161911926,9,11653.160110473633,118.15297279819899,1456.645013809204,14.769121599774873,False,ok
light_V0399_V_8s_2026_05_20-0020_flat_0p3_early_bias_cal.fits,2461181.692698148,8.0,gaia_774289488578357504_src6,comparison,943.2695427511144,1102.3506724495637,True,2.6154192313481417,1.859899161911926,9,10128.96573638916,110.08627543557914,1266.120717048645,13.760784429447392,False,ok
light_V0399_V_8s_2026_05_20-0020_flat_0p3_early_bias_cal.fits,2461181.692698148,8.0,gaia_774288805679445888_src7,comparison,1947.2133887564798,1353.5987622453347,True,2.6154192313481417,1.859899161911926,9,9215.028366088867,106.71696476457275,1151.8785457611084,13.339620595571594,False,ok
light_V0399_V_8s_2026_05_20-0020_flat_0p3_early_bias_cal.fits,2461181.692698148,8.0,gaia_774290626745586944_src8,comparison,1074.0764962390217,1435.8584567051978,True,2.6154192313481417,1.859899161911926,9,3232.443534851074,69.87554708980446,404.0554418563843,8.734443386225557,False,ok
light_V0399_V_8s_2026_05_20-0020_flat_0p3_early_bias_cal.fits,2461181.692698148,8.0,DN_UMa,check,1855.435419231348,688.4898991619119,True,2.6154192313481417,1.859899161911926,9,2625605.2713928223,10095.428460386453,328200.6589241028,1261.9285575483066,False,ok
light_V0399_V_8s_2026_05_20-0021_flat_0p3_early_bias_cal.fits,2461181.6928898147,8.0,target,target,1932.8186022908703,635.2714170629258,True,4.878602290870276,2.7514170629258388,9,1760576.1517028809,5027.690637771234,220072.0189628601,628.4613297214042,False,ok
light_V0399_V_8s_2026_05_20-0021_flat_0p3_early_bias_cal.fits,2461181.6928898147,8.0,gaia_774272862760870784_src1,comparison,604.4570630823692,260.8372772921692,True,4.878602290870276,2.7514170629258388,9,27521.219635009766,183.93650410457562,3440.1524543762207,22.992063013071952,False,ok
light_V0399_V_8s_2026_05_20-0021_flat_0p3_early_bias_cal.fits,2461181.6928898147,8.0,gaia_774271076054448768_src2,comparison,1511.5964881142818,324.0676280944019,True,4.878602290870276,2.7514170629258388,9,18835.436824798584,149.89764098497315,2354.429603099823,18.737205123121644,False,ok
light_V0399_V_8s_2026_05_20-0021_flat_0p3_early_bias_cal.fits,2461181.6928898147,8.0,gaia_774384016513181696_src3,comparison,395.49073885089587,1257.2662050987838,True,4.878602290870276,2.7514170629258388,9,12473.992462158203,132.5713734824386,1559.2490577697754,16.571421685304824,False,ok
light_V0399_V_8s_2026_05_20-0021_flat_0p3_early_bias_cal.fits,2461181.6928898147,8.0,gaia_774289041901756032_src4,comparison,2046.2660397984132,1445.1021669544616,True,4.878602290870276,2.7514170629258388,9,11544.58048248291,118.42206638143212,1443.0725603103638,14.802758297679015,False,ok
light_V0399_V_8s_2026_05_20-0021_flat_0p3_early_bias_cal.fits,2461181.6928898147,8.0,gaia_774287774887292672_src5,comparison,2038.687186625386,1083.4849944184518,True,4.878602290870276,2.7514170629258388,9,11484.795822143555,118.26272337661946,1435.5994777679443,14.782840422077433,False,ok
light_V0399_V_8s_2026_05_20-0021_flat_0p3_early_bias_cal.fits,2461181.6928898147,8.0,gaia_774289488578357504_src6,comparison,945.5327258106365,1103.2421903505776,True,4.878602290870276,2.7514170629258388,9,10048.386352539062,110.36330051791359,1256.0482940673828,13.795412564739198,False,ok
light_V0399_V_8s_2026_05_20-0021_flat_0p3_early_bias_cal.fits,2461181.6928898147,8.0,gaia_774288805679445888_src7,comparison,1949.476571816002,1354.4902801463486,True,4.878602290870276,2.7514170629258388,9,9136.99193572998,106.57921879723794,1142.1239919662476,13.322402349654743,False,ok
light_V0399_V_8s_2026_05_20-0021_flat_0p3_early_bias_cal.fits,2461181.6928898147,8.0,gaia_774290626745586944_src8,comparison,1076.3396792985438,1436.7499746062117,True,4.878602290870276,2.7514170629258388,9,3066.6735458374023,69.63444853311388,383.3341932296753,8.704306066639235,False,ok
light_V0399_V_8s_2026_05_20-0021_flat_0p3_early_bias_cal.fits,2461181.6928898147,8.0,DN_UMa,check,1857.6986022908702,689.3814170629258,True,4.878602290870276,2.7514170629258388,9,2549411.4267578125,11052.628075433877,318676.42834472656,1381.5785094292346,False,ok
light_V0399_V_8s_2026_05_20-0022_flat_0p3_early_bias_cal.fits,2461181.6930810185,8.0,target,target,1932.0257944658406,635.1993588321452,True,4.085794465840536,2.679358832145226,9,1666258.834411621,5214.759364592489,208282.35430145264,651.8449205740611,False,ok
light_V0399_V_8s_2026_05_20-0022_flat_0p3_early_bias_cal.fits,2461181.6930810185,8.0,gaia_774272862760870784_src1,comparison,603.6642552573395,260.76521906138856,True,4.085794465840536,2.679358832145226,9,27174.448291778564,181.56061814989087,3396.8060364723206,22.69507726873636,False,ok
light_V0399_V_8s_2026_05_20-0022_flat_0p3_early_bias_cal.fits,2461181.6930810185,8.0,gaia_774271076054448768_src2,comparison,1510.803680289252,323.9955698636213,True,4.085794465840536,2.679358832145226,9,18000.40386581421,147.41564928323714,2250.050483226776,18.426956160404643,False,ok
light_V0399_V_8s_2026_05_20-0022_flat_0p3_early_bias_cal.fits,2461181.6930810185,8.0,gaia_774384016513181696_src3,comparison,394.6979310258661,1257.1941468680031,True,4.085794465840536,2.679358832145226,9,12496.007888793945,130.6918122899045,1562.0009860992432,16.336476536238063,False,ok
light_V0399_V_8s_2026_05_20-0022_flat_0p3_early_bias_cal.fits,2461181.6930810185,8.0,gaia_774289041901756032_src4,comparison,2045.4732319733835,1445.030108723681,True,4.085794465840536,2.679358832145226,9,11294.782012939453,117.31617777419332,1411.8477516174316,14.664522221774165,False,ok
light_V0399_V_8s_2026_05_20-0022_flat_0p3_early_bias_cal.fits,2461181.6930810185,8.0,gaia_774287774887292672_src5,comparison,2037.8943788003562,1083.4129361876712,True,4.085794465840536,2.679358832145226,9,10855.923561096191,114.84449438910562,1356.990445137024,14.355561798638202,False,ok
light_V0399_V_8s_2026_05_20-0022_flat_0p3_early_bias_cal.fits,2461181.6930810185,8.0,gaia_774289488578357504_src6,comparison,944.7399179856068,1103.170132119797,True,4.085794465840536,2.679358832145226,9,9723.328384399414,109.48428823047614,1215.4160480499268,13.685536028809517,False,ok
light_V0399_V_8s_2026_05_20-0022_flat_0p3_early_bias_cal.fits,2461181.6930810185,8.0,gaia_774288805679445888_src7,comparison,1948.6837639909722,1354.418221915568,True,4.085794465840536,2.679358832145226,9,8796.178436279297,105.67900933678058,1099.522304534912,13.209876167097573,False,ok
light_V0399_V_8s_2026_05_20-0022_flat_0p3_early_bias_cal.fits,2461181.6930810185,8.0,gaia_774290626745586944_src8,comparison,1075.546871473514,1436.677916375431,True,4.085794465840536,2.679358832145226,9,2963.7076873779297,67.6260247053575,370.4634609222412,8.453253088169687,False,ok
light_V0399_V_8s_2026_05_20-0022_flat_0p3_early_bias_cal.fits,2461181.6930810185,8.0,DN_UMa,check,1856.9057944658405,689.3093588321452,True,4.085794465840536,2.679358832145226,9,2417067.454284668,11457.805406361464,302133.4317855835,1432.225675795183,False,ok
light_V0399_V_8s_2026_05_20-0023_flat_0p3_early_bias_cal.fits,2461181.693271991,8.0,target,target,1933.1745808175817,636.0905160136736,True,5.234580817581673,3.5705160136735685,9,1641314.4266052246,5540.193243083055,205164.30332565308,692.5241553853818,False,ok
light_V0399_V_8s_2026_05_20-0023_flat_0p3_early_bias_cal.fits,2461181.693271991,8.0,gaia_774272862760870784_src1,comparison,604.8130416090806,261.6563762429169,True,5.234580817581673,3.5705160136735685,9,25633.773727416992,183.35911936474858,3204.221715927124,22.919889920593572,False,ok
light_V0399_V_8s_2026_05_20-0023_flat_0p3_early_bias_cal.fits,2461181.693271991,8.0,gaia_774271076054448768_src2,comparison,1511.9524666409932,324.88672704514966,True,5.234580817581673,3.5705160136735685,9,17004.96155166626,145.4939429621041,2125.6201939582825,18.18674287026301,False,ok
light_V0399_V_8s_2026_05_20-0023_flat_0p3_early_bias_cal.fits,2461181.693271991,8.0,gaia_774384016513181696_src3,comparison,395.84671737760726,1258.0853040495315,True,5.234580817581673,3.5705160136735685,9,11630.011413574219,128.6680349677778,1453.7514266967773,16.083504370972225,False,ok
light_V0399_V_8s_2026_05_20-0023_flat_0p3_early_bias_cal.fits,2461181.693271991,8.0,gaia_774289041901756032_src4,comparison,2046.6220183251246,1445.9212659052093,True,5.234580817581673,3.5705160136735685,9,10587.79232788086,115.90773190903812,1323.4740409851074,14.488466488629765,False,ok
light_V0399_V_8s_2026_05_20-0023_flat_0p3_early_bias_cal.fits,2461181.693271991,8.0,gaia_774287774887292672_src5,comparison,2039.0431651520973,1084.3040933691996,True,5.234580817581673,3.5705160136735685,9,10264.246528625488,113.67296823688558,1283.030816078186,14.209121029610698,False,ok
light_V0399_V_8s_2026_05_20-0023_flat_0p3_early_bias_cal.fits,2461181.693271991,8.0,gaia_774289488578357504_src6,comparison,945.8887043373479,1104.0612893013254,True,5.234580817581673,3.5705160136735685,9,8864.061149597168,104.80401298839047,1108.007643699646,13.100501623548809,False,ok
light_V0399_V_8s_2026_05_20-0023_flat_0p3_early_bias_cal.fits,2461181.693271991,8.0,gaia_774288805679445888_src7,comparison,1949.8325503427134,1355.3093790970963,True,5.234580817581673,3.5705160136735685,9,8352.493789672852,103.39084909622576,1044.0617237091064,12.92385613702822,False,ok
light_V0399_V_8s_2026_05_20-0023_flat_0p3_early_bias_cal.fits,2461181.693271991,8.0,gaia_774290626745586944_src8,comparison,1076.6956578252552,1437.5690735569594,True,5.234580817581673,3.5705160136735685,9,2911.2231369018555,68.33276429285993,363.90289211273193,8.541595536607492,False,ok
light_V0399_V_8s_2026_05_20-0023_flat_0p3_early_bias_cal.fits,2461181.693271991,8.0,DN_UMa,check,1858.0545808175816,690.2005160136736,True,5.234580817581673,3.5705160136735685,9,2302505.9239196777,11307.239055015374,287813.2404899597,1413.4048818769218,False,ok
light_V0399_V_8s_2026_05_20-0024_flat_0p3_early_bias_cal.fits,2461181.6934636575,8.0,target,target,1932.8177599336416,635.2166964457774,True,4.877759933641528,2.696696445777434,9,1584426.4910736084,5537.256604279561,198053.31138420105,692.1570755349451,False,ok
light_V0399_V_8s_2026_05_20-0024_flat_0p3_early_bias_cal.fits,2461181.6934636575,8.0,gaia_774272862760870784_src1,comparison,604.4562207251405,260.78255667502077,True,4.877759933641528,2.696696445777434,9,25500.633361816406,180.38055013042438,3187.579170227051,22.547568766303048,False,ok
light_V0399_V_8s_2026_05_20-0024_flat_0p3_early_bias_cal.fits,2461181.6934636575,8.0,gaia_774271076054448768_src2,comparison,1511.595645757053,324.0129074772535,True,4.877759933641528,2.696696445777434,9,16566.648239135742,144.0268729289981,2070.831029891968,18.003359116124763,False,ok
light_V0399_V_8s_2026_05_20-0024_flat_0p3_early_bias_cal.fits,2461181.6934636575,8.0,gaia_774384016513181696_src3,comparison,395.4898964936671,1257.2114844816354,True,4.877759933641528,2.696696445777434,9,11341.884750366211,124.843763897245,1417.7355937957764,15.605470487155625,False,ok
light_V0399_V_8s_2026_05_20-0024_flat_0p3_early_bias_cal.fits,2461181.6934636575,8.0,gaia_774289041901756032_src4,comparison,2046.2651974411845,1445.0474463373132,True,4.877759933641528,2.696696445777434,9,10297.909973144531,114.02338785077771,1287.2387466430664,14.252923481347214,False,ok
light_V0399_V_8s_2026_05_20-0024_flat_0p3_early_bias_cal.fits,2461181.6934636575,8.0,gaia_774287774887292672_src5,comparison,2038.6863442681572,1083.4302738013034,True,4.877759933641528,2.696696445777434,9,10252.89192199707,113.37232577427329,1281.6114902496338,14.171540721784162,False,ok
light_V0399_V_8s_2026_05_20-0024_flat_0p3_early_bias_cal.fits,2461181.6934636575,8.0,gaia_774289488578357504_src6,comparison,945.5318834534078,1103.1874697334292,True,4.877759933641528,2.696696445777434,9,9033.253429412842,106.12529993363856,1129.1566786766052,13.26566249170482,False,ok
light_V0399_V_8s_2026_05_20-0024_flat_0p3_early_bias_cal.fits,2461181.6934636575,8.0,gaia_774288805679445888_src7,comparison,1949.4757294587732,1354.4355595292002,True,4.877759933641528,2.696696445777434,9,8218.819580078125,102.91870160581016,1027.3524475097656,12.86483770072627,False,ok
light_V0399_V_8s_2026_05_20-0024_flat_0p3_early_bias_cal.fits,2461181.6934636575,8.0,gaia_774290626745586944_src8,comparison,1076.338836941315,1436.6952539890633,True,4.877759933641528,2.696696445777434,9,2808.611011505127,68.97394725695221,351.07637643814087,8.621743407119027,False,ok
light_V0399_V_8s_2026_05_20-0024_flat_0p3_early_bias_cal.fits,2461181.6934636575,8.0,DN_UMa,check,1857.6977599336415,689.3266964457774,True,4.877759933641528,2.696696445777434,9,2349104.2514648438,12115.987297826623,293638.03143310547,1514.4984122283279,False,ok
light_V0399_V_8s_2026_05_20-0025_flat_0p3_early_bias_cal.fits,2461181.6936555556,8.0,target,target,1934.3136140400811,635.7218163900959,True,6.3736140400810655,3.201816390095928,9,1801393.6044921875,5243.794681601522,225174.20056152344,655.4743352001902,False,ok
light_V0399_V_8s_2026_05_20-0025_flat_0p3_early_bias_cal.fits,2461181.6936555556,8.0,gaia_774272862760870784_src1,comparison,605.95207483158,261.28767661933927,True,6.3736140400810655,3.201816390095928,9,27644.455642700195,183.8150285616068,3455.5569553375244,22.97687857020085,False,ok
light_V0399_V_8s_2026_05_20-0025_flat_0p3_early_bias_cal.fits,2461181.6936555556,8.0,gaia_774271076054448768_src2,comparison,1513.0914998634926,324.518027421572,True,6.3736140400810655,3.201816390095928,9,19626.391052246094,152.40161401141884,2453.2988815307617,19.050201751427355,False,ok
light_V0399_V_8s_2026_05_20-0025_flat_0p3_early_bias_cal.fits,2461181.6936555556,8.0,gaia_774384016513181696_src3,comparison,396.98575060010666,1257.7166044259538,True,6.3736140400810655,3.201816390095928,9,12436.737907409668,131.8855181420546,1554.5922384262085,16.485689767756824,False,ok
light_V0399_V_8s_2026_05_20-0025_flat_0p3_early_bias_cal.fits,2461181.6936555556,8.0,gaia_774289041901756032_src4,comparison,2047.761051547624,1445.5525662816317,True,6.3736140400810655,3.201816390095928,9,11643.92610168457,120.02181945758329,1455.4907627105713,15.002727432197911,False,ok
light_V0399_V_8s_2026_05_20-0025_flat_0p3_early_bias_cal.fits,2461181.6936555556,8.0,gaia_774287774887292672_src5,comparison,2040.1821983745967,1083.935393745622,True,6.3736140400810655,3.201816390095928,9,11463.299850463867,117.71680833768266,1432.9124813079834,14.714601042210333,False,ok
light_V0399_V_8s_2026_05_20-0025_flat_0p3_early_bias_cal.fits,2461181.6936555556,8.0,gaia_774289488578357504_src6,comparison,947.0277375598473,1103.6925896777477,True,6.3736140400810655,3.201816390095928,9,9796.62981414795,108.92020862326193,1224.5787267684937,13.615026077907741,False,ok
light_V0399_V_8s_2026_05_20-0025_flat_0p3_early_bias_cal.fits,2461181.6936555556,8.0,gaia_774288805679445888_src7,comparison,1950.9715835652128,1354.9406794735187,True,6.3736140400810655,3.201816390095928,9,8824.732666015625,105.11206703514021,1103.0915832519531,13.139008379392527,False,ok
light_V0399_V_8s_2026_05_20-0025_flat_0p3_early_bias_cal.fits,2461181.6936555556,8.0,gaia_774290626745586944_src8,comparison,1077.8346910477546,1437.2003739333818,True,6.3736140400810655,3.201816390095928,9,3211.6249237060547,70.35453414325703,401.45311546325684,8.794316767907128,False,ok
light_V0399_V_8s_2026_05_20-0025_flat_0p3_early_bias_cal.fits,2461181.6936555556,8.0,DN_UMa,check,1859.193614040081,689.8318163900959,True,6.3736140400810655,3.201816390095928,9,2579746.2669677734,11709.155007091911,322468.2833709717,1463.644375886489,False,ok
light_V0399_V_8s_2026_05_20-0026_flat_0p3_early_bias_cal.fits,2461181.6938471063,8.0,target,target,1934.3471540295925,635.9462791008788,True,6.407154029592391,3.426279100878787,9,1635017.6865844727,5642.526182789796,204377.21082305908,705.3157728487245,False,ok
light_V0399_V_8s_2026_05_20-0026_flat_0p3_early_bias_cal.fits,2461181.6938471063,8.0,gaia_774272862760870784_src1,comparison,605.9856148210913,261.5121393301221,True,6.407154029592391,3.426279100878787,9,25980.16594696045,181.96833874759713,3247.520743370056,22.74604234344964,False,ok
light_V0399_V_8s_2026_05_20-0026_flat_0p3_early_bias_cal.fits,2461181.6938471063,8.0,gaia_774271076054448768_src2,comparison,1513.125039853004,324.7424901323549,True,6.407154029592391,3.426279100878787,9,17684.58911895752,146.6590936212934,2210.57363986969,18.332386702661676,False,ok
light_V0399_V_8s_2026_05_20-0026_flat_0p3_early_bias_cal.fits,2461181.6938471063,8.0,gaia_774384016513181696_src3,comparison,397.019290589618,1257.9410671367368,True,6.407154029592391,3.426279100878787,9,11286.460353851318,126.9528212772434,1410.8075442314148,15.869102659655425,False,ok
light_V0399_V_8s_2026_05_20-0026_flat_0p3_early_bias_cal.fits,2461181.6938471063,8.0,gaia_774289041901756032_src4,comparison,2047.7945915371354,1445.7770289924147,True,6.407154029592391,3.426279100878787,9,10507.974143981934,114.49483338219234,1313.4967679977417,14.311854172774042,False,ok
light_V0399_V_8s_2026_05_20-0026_flat_0p3_early_bias_cal.fits,2461181.6938471063,8.0,gaia_774287774887292672_src5,comparison,2040.2157383641081,1084.1598564564047,True,6.407154029592391,3.426279100878787,9,10508.01725769043,114.65796588737517,1313.5021572113037,14.332245735921896,False,ok
light_V0399_V_8s_2026_05_20-0026_flat_0p3_early_bias_cal.fits,2461181.6938471063,8.0,gaia_774289488578357504_src6,comparison,947.0612775493587,1103.9170523885305,True,6.407154029592391,3.426279100878787,9,8839.280288696289,105.58919374913808,1104.9100360870361,13.19864921864226,False,ok
light_V0399_V_8s_2026_05_20-0026_flat_0p3_early_bias_cal.fits,2461181.6938471063,8.0,gaia_774288805679445888_src7,comparison,1951.0051235547242,1355.1651421843017,True,6.407154029592391,3.426279100878787,9,8102.98429107666,101.83752773113252,1012.8730363845825,12.729690966391566,False,ok
light_V0399_V_8s_2026_05_20-0026_flat_0p3_early_bias_cal.fits,2461181.6938471063,8.0,gaia_774290626745586944_src8,comparison,1077.868231037266,1437.4248366441648,True,6.407154029592391,3.426279100878787,9,2915.001678466797,66.79934418495765,364.3752098083496,8.349918023119706,False,ok
light_V0399_V_8s_2026_05_20-0026_flat_0p3_early_bias_cal.fits,2461181.6938471063,8.0,DN_UMa,check,1859.2271540295924,690.0562791008788,True,6.407154029592391,3.426279100878787,9,2342076.0668029785,11895.538605585161,292759.5083503723,1486.9423256981452,False,ok
light_V0399_V_8s_2026_05_20-0027_flat_0p3_early_bias_cal.fits,2461181.6940381946,8.0,target,target,1935.4698472855991,635.5680321825016,True,7.5298472855990894,3.048032182501572,9,1693593.7754211426,5991.6805040015815,211699.22192764282,748.9600630001977,False,ok
light_V0399_V_8s_2026_05_20-0027_flat_0p3_early_bias_cal.fits,2461181.6940381946,8.0,gaia_774272862760870784_src1,comparison,607.1083080770981,261.1338924117449,True,7.5298472855990894,3.048032182501572,9,27352.75277709961,186.70043479751044,3419.094097137451,23.337554349688805,False,ok
light_V0399_V_8s_2026_05_20-0027_flat_0p3_early_bias_cal.fits,2461181.6940381946,8.0,gaia_774271076054448768_src2,comparison,1514.2477331090106,324.36424321397766,True,7.5298472855990894,3.048032182501572,9,18842.209991455078,150.7434729941392,2355.2762489318848,18.8429341242674,False,ok
light_V0399_V_8s_2026_05_20-0027_flat_0p3_early_bias_cal.fits,2461181.6940381946,8.0,gaia_774384016513181696_src3,comparison,398.1419838456247,1257.5628202183595,True,7.5298472855990894,3.048032182501572,9,12482.99439239502,132.10545644819945,1560.3742990493774,16.51318205602493,False,ok
light_V0399_V_8s_2026_05_20-0027_flat_0p3_early_bias_cal.fits,2461181.6940381946,8.0,gaia_774289041901756032_src4,comparison,2048.9172847931422,1445.3987820740374,True,7.5298472855990894,3.048032182501572,9,10915.212409973145,117.43480572746851,1364.401551246643,14.679350715933564,False,ok
light_V0399_V_8s_2026_05_20-0027_flat_0p3_early_bias_cal.fits,2461181.6940381946,8.0,gaia_774287774887292672_src5,comparison,2041.3384316201148,1083.7816095380276,True,7.5298472855990894,3.048032182501572,9,11219.087982177734,117.10199394841068,1402.3859977722168,14.637749243551335,False,ok
light_V0399_V_8s_2026_05_20-0027_flat_0p3_early_bias_cal.fits,2461181.6940381946,8.0,gaia_774289488578357504_src6,comparison,948.1839708053653,1103.5388054701534,True,7.5298472855990894,3.048032182501572,9,9880.860794067383,110.53783312539642,1235.1075992584229,13.817229140674552,False,ok
light_V0399_V_8s_2026_05_20-0027_flat_0p3_early_bias_cal.fits,2461181.6940381946,8.0,gaia_774288805679445888_src7,comparison,1952.1278168107308,1354.7868952659244,True,7.5298472855990894,3.048032182501572,9,8661.153915405273,105.10940096305181,1082.6442394256592,13.138675120381476,False,ok
light_V0399_V_8s_2026_05_20-0027_flat_0p3_early_bias_cal.fits,2461181.6940381946,8.0,gaia_774290626745586944_src8,comparison,1078.9909242932727,1437.0465897257875,True,7.5298472855990894,3.048032182501572,9,3067.3701400756836,68.35289940770711,383.42126750946045,8.54411242596339,False,ok
light_V0399_V_8s_2026_05_20-0027_flat_0p3_early_bias_cal.fits,2461181.6940381946,8.0,DN_UMa,check,1860.349847285599,689.6780321825015,True,7.5298472855990894,3.048032182501572,9,2473991.3319396973,13378.375790116515,309248.91649246216,1672.2969737645644,False,ok
light_V0399_V_8s_2026_05_20-0028_flat_0p3_early_bias_cal.fits,2461181.6942291665,8.0,target,target,1935.042626312285,635.9453082074881,True,7.102626312284883,3.425308207488115,9,1620035.9133911133,6239.931590379249,202504.48917388916,779.9914487974062,False,ok
light_V0399_V_8s_2026_05_20-0028_flat_0p3_early_bias_cal.fits,2461181.6942291665,8.0,gaia_774272862760870784_src1,comparison,606.6810871037839,261.51116843673145,True,7.102626312284883,3.425308207488115,9,27201.853897094727,186.50763260037397,3400.231737136841,23.313454075046746,False,ok
light_V0399_V_8s_2026_05_20-0028_flat_0p3_early_bias_cal.fits,2461181.6942291665,8.0,gaia_774271076054448768_src2,comparison,1513.8205121356964,324.7415192389642,True,7.102626312284883,3.425308207488115,9,18231.773330688477,149.4454510349826,2278.9716663360596,18.680681379372825,False,ok
light_V0399_V_8s_2026_05_20-0028_flat_0p3_early_bias_cal.fits,2461181.6942291665,8.0,gaia_774384016513181696_src3,comparison,397.7147628723105,1257.940096243346,True,7.102626312284883,3.425308207488115,9,12449.209632873535,133.23233437522947,1556.151204109192,16.654041796903684,False,ok
light_V0399_V_8s_2026_05_20-0028_flat_0p3_early_bias_cal.fits,2461181.6942291665,8.0,gaia_774289041901756032_src4,comparison,2048.490063819828,1445.7760580990239,True,7.102626312284883,3.425308207488115,9,11036.135711669922,117.43928696462187,1379.5169639587402,14.679910870577734,False,ok
light_V0399_V_8s_2026_05_20-0028_flat_0p3_early_bias_cal.fits,2461181.6942291665,8.0,gaia_774287774887292672_src5,comparison,2040.9112106468006,1084.158885563014,True,7.102626312284883,3.425308207488115,9,10780.211898803711,115.36343838877437,1347.5264873504639,14.420429798596796,False,ok
light_V0399_V_8s_2026_05_20-0028_flat_0p3_early_bias_cal.fits,2461181.6942291665,8.0,gaia_774289488578357504_src6,comparison,947.7567498320511,1103.91608149514,True,7.102626312284883,3.425308207488115,9,9642.349639892578,108.58529430895037,1205.2937049865723,13.573161788618796,False,ok
light_V0399_V_8s_2026_05_20-0028_flat_0p3_early_bias_cal.fits,2461181.6942291665,8.0,gaia_774288805679445888_src7,comparison,1951.7005958374166,1355.1641712909109,True,7.102626312284883,3.425308207488115,9,8528.093551635742,103.98439989336022,1066.0116939544678,12.998049986670027,False,ok
light_V0399_V_8s_2026_05_20-0028_flat_0p3_early_bias_cal.fits,2461181.6942291665,8.0,gaia_774290626745586944_src8,comparison,1078.5637033199584,1437.423865750774,True,7.102626312284883,3.425308207488115,9,3115.3536682128906,68.85121245115829,389.4192085266113,8.606401556394786,False,ok
light_V0399_V_8s_2026_05_20-0028_flat_0p3_early_bias_cal.fits,2461181.6942291665,8.0,DN_UMa,check,1859.9226263122848,690.0553082074881,True,7.102626312284883,3.425308207488115,9,2264583.092590332,13786.909338668029,283072.8865737915,1723.3636673335036,False,ok
light_V0399_V_8s_2026_05_20-0029_flat_0p3_early_bias_cal.fits,2461181.694420139,8.0,target,target,1936.0258327595407,637.2736241963926,True,8.085832759540608,4.753624196392593,9,1557759.5485229492,7484.916272746427,194719.94356536865,935.6145340933034,False,ok
light_V0399_V_8s_2026_05_20-0029_flat_0p3_early_bias_cal.fits,2461181.694420139,8.0,gaia_774272862760870784_src1,comparison,607.6642935510396,262.83948442563593,True,8.085832759540608,4.753624196392593,9,25462.52522277832,188.66722020792446,3182.81565284729,23.583402525990557,False,ok
light_V0399_V_8s_2026_05_20-0029_flat_0p3_early_bias_cal.fits,2461181.694420139,8.0,gaia_774271076054448768_src2,comparison,1514.8037185829521,326.0698352278687,True,8.085832759540608,4.753624196392593,9,17444.727195739746,149.38255090843427,2180.5908994674683,18.672818863554284,False,ok
light_V0399_V_8s_2026_05_20-0029_flat_0p3_early_bias_cal.fits,2461181.694420139,8.0,gaia_774384016513181696_src3,comparison,398.6979693195662,1259.2684122322505,True,8.085832759540608,4.753624196392593,9,12069.496551513672,133.4473323821513,1508.687068939209,16.680916547768913,False,ok
light_V0399_V_8s_2026_05_20-0029_flat_0p3_early_bias_cal.fits,2461181.694420139,8.0,gaia_774289041901756032_src4,comparison,2049.4732702670835,1447.1043740879284,True,8.085832759540608,4.753624196392593,9,10411.514701843262,116.18652413709273,1301.4393377304077,14.523315517136592,False,ok
light_V0399_V_8s_2026_05_20-0029_flat_0p3_early_bias_cal.fits,2461181.694420139,8.0,gaia_774287774887292672_src5,comparison,2041.8944170940563,1085.4872015519186,True,8.085832759540608,4.753624196392593,9,10536.804985046387,116.69623806060781,1317.1006231307983,14.587029757575976,False,ok
light_V0399_V_8s_2026_05_20-0029_flat_0p3_early_bias_cal.fits,2461181.694420139,8.0,gaia_774289488578357504_src6,comparison,948.7399562793069,1105.2443974840444,True,8.085832759540608,4.753624196392593,9,9384.737579345703,108.24917285239302,1173.092197418213,13.531146606549127,False,ok
light_V0399_V_8s_2026_05_20-0029_flat_0p3_early_bias_cal.fits,2461181.694420139,8.0,gaia_774288805679445888_src7,comparison,1952.6838022846723,1356.4924872798154,True,8.085832759540608,4.753624196392593,9,8246.451393127441,104.02795148616552,1030.8064241409302,13.00349393577069,False,ok
light_V0399_V_8s_2026_05_20-0029_flat_0p3_early_bias_cal.fits,2461181.694420139,8.0,gaia_774290626745586944_src8,comparison,1079.5469097672142,1438.7521817396785,True,8.085832759540608,4.753624196392593,9,3205.2933807373047,70.00557745126049,400.6616725921631,8.750697181407562,False,ok
light_V0399_V_8s_2026_05_20-0029_flat_0p3_early_bias_cal.fits,2461181.694420139,8.0,DN_UMa,check,1860.9058327595405,691.3836241963926,True,8.085832759540608,4.753624196392593,9,2243184.7192382812,16790.494028188856,280398.08990478516,2098.811753523607,False,ok
light_V0399_V_8s_2026_05_20-0030_flat_0p3_early_bias_cal.fits,2461181.6946113426,8.0,target,target,1935.9963265114418,636.7749226559774,True,8.056326511441739,4.2549226559774525,9,1737887.4393920898,6103.9143521656415,217235.92992401123,762.9892940207052,False,ok
light_V0399_V_8s_2026_05_20-0030_flat_0p3_early_bias_cal.fits,2461181.6946113426,8.0,gaia_774272862760870784_src1,comparison,607.6347873029407,262.3407828852208,True,8.056326511441739,4.2549226559774525,9,29725.83618927002,189.36919035553754,3715.7295236587524,23.671148794442193,False,ok
light_V0399_V_8s_2026_05_20-0030_flat_0p3_early_bias_cal.fits,2461181.6946113426,8.0,gaia_774271076054448768_src2,comparison,1514.7742123348532,325.57113368745354,True,8.056326511441739,4.2549226559774525,9,19995.089065551758,152.77152042832714,2499.3861331939697,19.096440053540892,False,ok
light_V0399_V_8s_2026_05_20-0030_flat_0p3_early_bias_cal.fits,2461181.6946113426,8.0,gaia_774384016513181696_src3,comparison,398.66846307146733,1258.7697106918354,True,8.056326511441739,4.2549226559774525,9,13519.083095550537,138.28800512201454,1689.8853869438171,17.286000640251817,False,ok
light_V0399_V_8s_2026_05_20-0030_flat_0p3_early_bias_cal.fits,2461181.6946113426,8.0,gaia_774289041901756032_src4,comparison,2049.4437640189844,1446.6056725475132,True,8.056326511441739,4.2549226559774525,9,11916.943733215332,120.67014436482373,1489.6179666519165,15.083768045602966,False,ok
light_V0399_V_8s_2026_05_20-0030_flat_0p3_early_bias_cal.fits,2461181.6946113426,8.0,gaia_774287774887292672_src5,comparison,2041.8649108459574,1084.9885000115034,True,8.056326511441739,4.2549226559774525,9,11469.947662353516,118.05404625624365,1433.7434577941895,14.756755782030456,False,ok
light_V0399_V_8s_2026_05_20-0030_flat_0p3_early_bias_cal.fits,2461181.6946113426,8.0,gaia_774289488578357504_src6,comparison,948.710450031208,1104.7456959436292,True,8.056326511441739,4.2549226559774525,9,10594.701675415039,113.07741880777998,1324.3377094268799,14.134677350972497,False,ok
light_V0399_V_8s_2026_05_20-0030_flat_0p3_early_bias_cal.fits,2461181.6946113426,8.0,gaia_774288805679445888_src7,comparison,1952.6542960365734,1355.9937857394002,True,8.056326511441739,4.2549226559774525,9,8929.659530639648,105.82670587659115,1116.207441329956,13.228338234573894,False,ok
light_V0399_V_8s_2026_05_20-0030_flat_0p3_early_bias_cal.fits,2461181.6946113426,8.0,gaia_774290626745586944_src8,comparison,1079.5174035191153,1438.2534801992633,True,8.056326511441739,4.2549226559774525,9,3628.443687438965,74.16764785793153,453.5554609298706,9.270955982241441,False,ok
light_V0399_V_8s_2026_05_20-0030_flat_0p3_early_bias_cal.fits,2461181.6946113426,8.0,DN_UMa,check,1860.8763265114417,690.8849226559774,True,8.056326511441739,4.2549226559774525,9,2483153.9758911133,14612.18900397789,310394.24698638916,1826.5236254972363,True,saturated
light_V0399_V_8s_2026_05_20-0031_flat_0p3_early_bias_cal.fits,2461181.6948032407,8.0,target,target,1937.0027727581144,637.5373224317575,True,9.062772758114306,5.0173224317575205,9,1554429.7159729004,7841.821477462531,194303.71449661255,980.2276846828164,False,ok
light_V0399_V_8s_2026_05_20-0031_flat_0p3_early_bias_cal.fits,2461181.6948032407,8.0,gaia_774272862760870784_src1,comparison,608.6412335496133,263.10318266100086,True,9.062772758114306,5.0173224317575205,9,26003.671188354492,187.51659321601417,3250.4588985443115,23.43957415200177,False,ok
light_V0399_V_8s_2026_05_20-0031_flat_0p3_early_bias_cal.fits,2461181.6948032407,8.0,gaia_774271076054448768_src2,comparison,1515.7806585815258,326.3335334632336,True,9.062772758114306,5.0173224317575205,9,18511.165069580078,151.3355850681247,2313.8956336975098,18.916948133515586,False,ok
light_V0399_V_8s_2026_05_20-0031_flat_0p3_early_bias_cal.fits,2461181.6948032407,8.0,gaia_774384016513181696_src3,comparison,399.6749093181399,1259.5321104676154,True,9.062772758114306,5.0173224317575205,9,12210.651641845703,135.654912158094,1526.331455230713,16.95686401976175,False,ok
light_V0399_V_8s_2026_05_20-0031_flat_0p3_early_bias_cal.fits,2461181.6948032407,8.0,gaia_774289041901756032_src4,comparison,2050.450210265657,1447.3680723232933,True,9.062772758114306,5.0173224317575205,9,10399.570350646973,115.89023179343694,1299.9462938308716,14.486278974179617,False,ok
light_V0399_V_8s_2026_05_20-0031_flat_0p3_early_bias_cal.fits,2461181.6948032407,8.0,gaia_774287774887292672_src5,comparison,2042.87135709263,1085.7508997872835,True,9.062772758114306,5.0173224317575205,9,10554.552238464355,116.40865941736601,1319.3190298080444,14.551082427170751,False,ok
light_V0399_V_8s_2026_05_20-0031_flat_0p3_early_bias_cal.fits,2461181.6948032407,8.0,gaia_774289488578357504_src6,comparison,949.7168962778806,1105.5080957194093,True,9.062772758114306,5.0173224317575205,9,9565.28621673584,109.19647372401765,1195.66077709198,13.649559215502206,False,ok
light_V0399_V_8s_2026_05_20-0031_flat_0p3_early_bias_cal.fits,2461181.6948032407,8.0,gaia_774288805679445888_src7,comparison,1953.660742283246,1356.7561855151803,True,9.062772758114306,5.0173224317575205,9,8268.503067016602,104.14211814400093,1033.5628833770752,13.017764768000117,False,ok
light_V0399_V_8s_2026_05_20-0031_flat_0p3_early_bias_cal.fits,2461181.6948032407,8.0,gaia_774290626745586944_src8,comparison,1080.5238497657879,1439.0158799750434,True,9.062772758114306,5.0173224317575205,9,3171.295265197754,68.82019038050085,396.41190814971924,8.602523797562606,False,ok
light_V0399_V_8s_2026_05_20-0031_flat_0p3_early_bias_cal.fits,2461181.6948032407,8.0,DN_UMa,check,1861.8827727581142,691.6473224317575,True,9.062772758114306,5.0173224317575205,9,2225726.0217285156,17860.926505502684,278215.75271606445,2232.6158131878356,True,saturated
light_V0399_V_8s_2026_05_20-0032_flat_0p3_early_bias_cal.fits,2461181.6949944445,8.0,target,target,1937.4065643928757,636.9833875357285,True,9.466564392875625,4.463387535728543,9,1476097.3351135254,8394.10556647926,184512.16688919067,1049.2631958099075,False,ok
light_V0399_V_8s_2026_05_20-0032_flat_0p3_early_bias_cal.fits,2461181.6949944445,8.0,gaia_774272862760870784_src1,comparison,609.0450251843746,262.5492477649719,True,9.466564392875625,4.463387535728543,9,25462.20082092285,196.89786360033753,3182.7751026153564,24.61223295004219,False,ok
light_V0399_V_8s_2026_05_20-0032_flat_0p3_early_bias_cal.fits,2461181.6949944445,8.0,gaia_774271076054448768_src2,comparison,1516.1844502162871,325.77959856720463,True,9.466564392875625,4.463387535728543,9,17588.612785339355,152.19555682168124,2198.5765981674194,19.024444602710155,False,ok
light_V0399_V_8s_2026_05_20-0032_flat_0p3_early_bias_cal.fits,2461181.6949944445,8.0,gaia_774384016513181696_src3,comparison,400.0787009529012,1258.9781755715865,True,9.466564392875625,4.463387535728543,9,11711.62525177002,133.38008742282645,1463.9531564712524,16.672510927853306,False,ok
light_V0399_V_8s_2026_05_20-0032_flat_0p3_early_bias_cal.fits,2461181.6949944445,8.0,gaia_774289041901756032_src4,comparison,2050.8540019004186,1446.8141374272643,True,9.466564392875625,4.463387535728543,9,9808.00218963623,119.86724201150106,1226.0002737045288,14.983405251437633,False,ok
light_V0399_V_8s_2026_05_20-0032_flat_0p3_early_bias_cal.fits,2461181.6949944445,8.0,gaia_774287774887292672_src5,comparison,2043.2751487273913,1085.1969648912545,True,9.466564392875625,4.463387535728543,9,10291.178749084473,116.30070012230595,1286.397343635559,14.537587515288244,False,ok
light_V0399_V_8s_2026_05_20-0032_flat_0p3_early_bias_cal.fits,2461181.6949944445,8.0,gaia_774289488578357504_src6,comparison,950.1206879126419,1104.9541608233803,True,9.466564392875625,4.463387535728543,9,9306.726497650146,110.32860780990983,1163.3408122062683,13.791075976238728,False,ok
light_V0399_V_8s_2026_05_20-0032_flat_0p3_early_bias_cal.fits,2461181.6949944445,8.0,gaia_774288805679445888_src7,comparison,1954.0645339180073,1356.2022506191513,True,9.466564392875625,4.463387535728543,9,7855.805335998535,104.58289036704893,981.9756669998169,13.072861295881117,False,ok
light_V0399_V_8s_2026_05_20-0032_flat_0p3_early_bias_cal.fits,2461181.6949944445,8.0,gaia_774290626745586944_src8,comparison,1080.9276414005492,1438.4619450790144,True,9.466564392875625,4.463387535728543,9,3189.3484268188477,70.2172281614516,398.66855335235596,8.77715352018145,False,ok
light_V0399_V_8s_2026_05_20-0032_flat_0p3_early_bias_cal.fits,2461181.6949944445,8.0,DN_UMa,check,1862.2865643928756,691.0933875357285,True,9.466564392875625,4.463387535728543,9,2159916.1334228516,18494.73296023918,269989.51667785645,2311.8416200298975,False,ok
light_V0399_V_8s_2026_05_20-0033_flat_0p3_early_bias_cal.fits,2461181.695186111,8.0,target,target,1937.4149015028888,636.5785486764673,True,9.47490150288877,4.058548676467353,9,1301076.746307373,10702.107527444901,162634.59328842163,1337.7634409306127,False,ok
light_V0399_V_8s_2026_05_20-0033_flat_0p3_early_bias_cal.fits,2461181.695186111,8.0,gaia_774272862760870784_src1,comparison,609.0533622943877,262.1444089057107,True,9.47490150288877,4.058548676467353,9,22311.914352416992,198.1612956557919,2788.989294052124,24.770161956973986,False,ok
light_V0399_V_8s_2026_05_20-0033_flat_0p3_early_bias_cal.fits,2461181.695186111,8.0,gaia_774271076054448768_src2,comparison,1516.1927873263003,325.37475970794344,True,9.47490150288877,4.058548676467353,9,15719.509841918945,153.36173686130655,1964.9387302398682,19.17021710766332,False,ok
light_V0399_V_8s_2026_05_20-0033_flat_0p3_early_bias_cal.fits,2461181.695186111,8.0,gaia_774384016513181696_src3,comparison,400.08703806291436,1258.5733367123253,True,9.47490150288877,4.058548676467353,9,10210.373146057129,133.34269423661212,1276.296643257141,16.667836779576515,False,ok
light_V0399_V_8s_2026_05_20-0033_flat_0p3_early_bias_cal.fits,2461181.695186111,8.0,gaia_774289041901756032_src4,comparison,2050.8623390104317,1446.4092985680031,True,9.47490150288877,4.058548676467353,9,8552.956169128418,117.65338427204476,1069.1195211410522,14.706673034005595,False,ok
light_V0399_V_8s_2026_05_20-0033_flat_0p3_early_bias_cal.fits,2461181.695186111,8.0,gaia_774287774887292672_src5,comparison,2043.2834858374044,1084.7921260319933,True,9.47490150288877,4.058548676467353,9,8747.795722961426,116.64507216802662,1093.4744653701782,14.580634021003327,False,ok
light_V0399_V_8s_2026_05_20-0033_flat_0p3_early_bias_cal.fits,2461181.695186111,8.0,gaia_774289488578357504_src6,comparison,950.129025022655,1104.5493219641191,True,9.47490150288877,4.058548676467353,9,8009.963459014893,104.0711858596594,1001.2454323768616,13.008898232457424,False,ok
light_V0399_V_8s_2026_05_20-0033_flat_0p3_early_bias_cal.fits,2461181.695186111,8.0,gaia_774288805679445888_src7,comparison,1954.0728710280205,1355.79741175989,True,9.47490150288877,4.058548676467353,9,6705.737998962402,101.48564514896054,838.2172498703003,12.685705643620068,False,ok
light_V0399_V_8s_2026_05_20-0033_flat_0p3_early_bias_cal.fits,2461181.695186111,8.0,gaia_774290626745586944_src8,comparison,1080.9359785105623,1438.0571062197532,True,9.47490150288877,4.058548676467353,9,2741.770835876465,66.63380597283384,342.7213544845581,8.32922574660423,False,ok
light_V0399_V_8s_2026_05_20-0033_flat_0p3_early_bias_cal.fits,2461181.695186111,8.0,DN_UMa,check,1862.2949015028887,690.6885486764673,True,9.47490150288877,4.058548676467353,9,1911932.7158203125,21857.049425752724,238991.58947753906,2732.1311782190905,False,ok
light_V0399_V_8s_2026_05_20-0034_flat_0p3_early_bias_cal.fits,2461181.695378125,8.0,target,target,1937.6551968332476,637.0006252651713,True,9.715196833247546,4.480625265171284,9,1493410.9720458984,8850.160913315485,186676.3715057373,1106.2701141644357,False,ok
light_V0399_V_8s_2026_05_20-0034_flat_0p3_early_bias_cal.fits,2461181.695378125,8.0,gaia_774272862760870784_src1,comparison,609.2936576247465,262.5664854944146,True,9.715196833247546,4.480625265171284,9,26240.11947631836,199.4862686338748,3280.014934539795,24.93578357923435,False,ok
light_V0399_V_8s_2026_05_20-0034_flat_0p3_early_bias_cal.fits,2461181.695378125,8.0,gaia_774271076054448768_src2,comparison,1516.433082656659,325.79683629664737,True,9.715196833247546,4.480625265171284,9,18061.903938293457,154.44816017589673,2257.737992286682,19.30602002198709,False,ok
light_V0399_V_8s_2026_05_20-0034_flat_0p3_early_bias_cal.fits,2461181.695378125,8.0,gaia_774384016513181696_src3,comparison,400.32733339327314,1258.9954133010292,True,9.715196833247546,4.480625265171284,9,12043.045425415039,136.37277295915862,1505.3806781768799,17.046596619894828,False,ok
light_V0399_V_8s_2026_05_20-0034_flat_0p3_early_bias_cal.fits,2461181.695378125,8.0,gaia_774289041901756032_src4,comparison,2051.1026343407902,1446.831375156707,True,9.715196833247546,4.480625265171284,9,10138.85620880127,119.77156102042662,1267.3570261001587,14.971445127553327,False,ok
light_V0399_V_8s_2026_05_20-0034_flat_0p3_early_bias_cal.fits,2461181.695378125,8.0,gaia_774287774887292672_src5,comparison,2043.5237811677632,1085.2142026206973,True,9.715196833247546,4.480625265171284,9,10379.641304016113,117.02434005363916,1297.4551630020142,14.628042506704896,False,ok
light_V0399_V_8s_2026_05_20-0034_flat_0p3_early_bias_cal.fits,2461181.695378125,8.0,gaia_774289488578357504_src6,comparison,950.3693203530138,1104.971398552823,True,9.715196833247546,4.480625265171284,9,9292.054626464844,109.57062918578181,1161.5068283081055,13.696328648222726,False,ok
light_V0399_V_8s_2026_05_20-0034_flat_0p3_early_bias_cal.fits,2461181.695378125,8.0,gaia_774288805679445888_src7,comparison,1954.3131663583792,1356.219488348594,True,9.715196833247546,4.480625265171284,9,8000.211227416992,105.99558788405383,1000.026403427124,13.24944848550673,False,ok
light_V0399_V_8s_2026_05_20-0034_flat_0p3_early_bias_cal.fits,2461181.695378125,8.0,gaia_774290626745586944_src8,comparison,1081.176273840921,1438.4791828084572,True,9.715196833247546,4.480625265171284,9,3299.0110092163086,69.88072849096298,412.3763761520386,8.735091061370373,False,ok
light_V0399_V_8s_2026_05_20-0034_flat_0p3_early_bias_cal.fits,2461181.695378125,8.0,DN_UMa,check,1862.5351968332475,691.1106252651713,True,9.715196833247546,4.480625265171284,9,2185928.9798583984,20050.93008144937,273241.1224822998,2506.366260181171,True,saturated
light_V0399_V_8s_2026_05_20-0035_flat_0p3_early_bias_cal.fits,2461181.695569792,8.0,target,target,1938.2402509932301,636.3451965773493,True,10.300250993230065,3.8251965773493453,9,1315949.7795562744,11133.79582999495,164493.7224445343,1391.7244787493687,False,ok
light_V0399_V_8s_2026_05_20-0035_flat_0p3_early_bias_cal.fits,2461181.695569792,8.0,gaia_774272862760870784_src1,comparison,609.878711784729,261.9110568065927,True,10.300250993230065,3.8251965773493453,9,21187.717109680176,206.72448722982966,2648.464638710022,25.840560903728708,False,ok
light_V0399_V_8s_2026_05_20-0035_flat_0p3_early_bias_cal.fits,2461181.695569792,8.0,gaia_774271076054448768_src2,comparison,1517.0181368166416,325.14140760882543,True,10.300250993230065,3.8251965773493453,9,15819.853202819824,154.4851250273209,1977.481650352478,19.31064062841511,False,ok
light_V0399_V_8s_2026_05_20-0035_flat_0p3_early_bias_cal.fits,2461181.695569792,8.0,gaia_774384016513181696_src3,comparison,400.91238755325566,1258.3399846132072,True,10.300250993230065,3.8251965773493453,9,10712.935928344727,135.79333770097188,1339.1169910430908,16.974167212621484,False,ok
light_V0399_V_8s_2026_05_20-0035_flat_0p3_early_bias_cal.fits,2461181.695569792,8.0,gaia_774289041901756032_src4,comparison,2051.687688500773,1446.175946468885,True,10.300250993230065,3.8251965773493453,9,9021.604564666748,120.7157862108652,1127.7005705833435,15.08947327635815,False,ok
light_V0399_V_8s_2026_05_20-0035_flat_0p3_early_bias_cal.fits,2461181.695569792,8.0,gaia_774287774887292672_src5,comparison,2044.1088353277457,1084.5587739328753,True,10.300250993230065,3.8251965773493453,9,9316.821956634521,117.53754593172646,1164.6027445793152,14.692193241465807,False,ok
light_V0399_V_8s_2026_05_20-0035_flat_0p3_early_bias_cal.fits,2461181.695569792,8.0,gaia_774289488578357504_src6,comparison,950.9543745129963,1104.315969865001,True,10.300250993230065,3.8251965773493453,9,8248.938995361328,108.87335734908659,1031.117374420166,13.609169668635824,False,ok
light_V0399_V_8s_2026_05_20-0035_flat_0p3_early_bias_cal.fits,2461181.695569792,8.0,gaia_774288805679445888_src7,comparison,1954.8982205183618,1355.564059660772,True,10.300250993230065,3.8251965773493453,9,6911.491981506348,106.4299555754166,863.9364976882935,13.303744446927075,False,ok
light_V0399_V_8s_2026_05_20-0035_flat_0p3_early_bias_cal.fits,2461181.695569792,8.0,gaia_774290626745586944_src8,comparison,1081.7613280009036,1437.8237541206352,True,10.300250993230065,3.8251965773493453,9,3091.792007446289,68.24049306486039,386.47400093078613,8.530061633107549,False,ok
light_V0399_V_8s_2026_05_20-0035_flat_0p3_early_bias_cal.fits,2461181.695569792,8.0,DN_UMa,check,1863.12025099323,690.4551965773494,True,10.300250993230065,3.8251965773493453,9,1879238.7450561523,23202.195323588323,234904.84313201904,2900.2744154485404,True,saturated
light_V0399_V_8s_2026_05_20-0036_flat_0p3_early_bias_cal.fits,2461181.695762153,8.0,target,target,1938.2228136638078,636.3932364883501,True,10.282813663807701,3.8732364883501305,9,1400599.2609863281,10196.174955298964,175074.90762329102,1274.5218694123705,False,ok
light_V0399_V_8s_2026_05_20-0036_flat_0p3_early_bias_cal.fits,2461181.695762153,8.0,gaia_774272862760870784_src1,comparison,609.8612744553067,261.95909671759347,True,10.282813663807701,3.8732364883501305,9,22498.679862976074,202.04950123154686,2812.3349828720093,25.256187653943357,False,ok
light_V0399_V_8s_2026_05_20-0036_flat_0p3_early_bias_cal.fits,2461181.695762153,8.0,gaia_774271076054448768_src2,comparison,1517.0006994872192,325.1894475198262,True,10.282813663807701,3.8732364883501305,9,16170.487525939941,152.86659011745314,2021.3109407424927,19.108323764681643,False,ok
light_V0399_V_8s_2026_05_20-0036_flat_0p3_early_bias_cal.fits,2461181.695762153,8.0,gaia_774384016513181696_src3,comparison,400.8949502238333,1258.388024524208,True,10.282813663807701,3.8732364883501305,9,11336.9564743042,138.78499096365644,1417.119559288025,17.348123870457055,False,ok
light_V0399_V_8s_2026_05_20-0036_flat_0p3_early_bias_cal.fits,2461181.695762153,8.0,gaia_774289041901756032_src4,comparison,2051.6702511713506,1446.223986379886,True,10.282813663807701,3.8732364883501305,9,9823.973793029785,119.31912521646836,1227.9967241287231,14.914890652058546,False,ok
light_V0399_V_8s_2026_05_20-0036_flat_0p3_early_bias_cal.fits,2461181.695762153,8.0,gaia_774287774887292672_src5,comparison,2044.0913979983234,1084.6068138438761,True,10.282813663807701,3.8732364883501305,9,9964.484977722168,117.92519523932133,1245.560622215271,14.740649404915166,False,ok
light_V0399_V_8s_2026_05_20-0036_flat_0p3_early_bias_cal.fits,2461181.695762153,8.0,gaia_774289488578357504_src6,comparison,950.936937183574,1104.364009776002,True,10.282813663807701,3.8732364883501305,9,9122.636962890625,110.53152377942631,1140.3296203613281,13.816440472428289,False,ok
light_V0399_V_8s_2026_05_20-0036_flat_0p3_early_bias_cal.fits,2461181.695762153,8.0,gaia_774288805679445888_src7,comparison,1954.8807831889394,1355.612099571773,True,10.282813663807701,3.8732364883501305,9,7429.7721824646,105.6034381975378,928.721522808075,13.200429774692225,False,ok
light_V0399_V_8s_2026_05_20-0036_flat_0p3_early_bias_cal.fits,2461181.695762153,8.0,gaia_774290626745586944_src8,comparison,1081.7438906714813,1437.871794031636,True,10.282813663807701,3.8732364883501305,9,3189.7846755981445,69.02753268702119,398.72308444976807,8.628441585877649,False,ok
light_V0399_V_8s_2026_05_20-0036_flat_0p3_early_bias_cal.fits,2461181.695762153,8.0,DN_UMa,check,1863.1028136638076,690.5032364883501,True,10.282813663807701,3.8732364883501305,9,1991074.5544433594,23594.585739440798,248884.31930541992,2949.3232174300997,True,saturated
light_V0399_V_8s_2026_05_20-0037_flat_0p3_early_bias_cal.fits,2461181.6959542823,8.0,target,target,1937.7632454397533,635.5048951840442,True,9.823245439753236,2.9848951840442624,9,1062500.7087402344,13037.185341550872,132812.5885925293,1629.648167693859,False,ok
light_V0399_V_8s_2026_05_20-0037_flat_0p3_early_bias_cal.fits,2461181.6959542823,8.0,gaia_774272862760870784_src1,comparison,609.4017062312522,261.0707554132876,True,9.823245439753236,2.9848951840442624,9,18928.269954681396,214.9700316037634,2366.0337443351746,26.871253950470425,False,ok
light_V0399_V_8s_2026_05_20-0037_flat_0p3_early_bias_cal.fits,2461181.6959542823,8.0,gaia_774271076054448768_src2,comparison,1516.5411312631647,324.30110621552035,True,9.823245439753236,2.9848951840442624,9,12932.347045898438,159.62919932525682,1616.5433807373047,19.953649915657103,False,ok
light_V0399_V_8s_2026_05_20-0037_flat_0p3_early_bias_cal.fits,2461181.6959542823,8.0,gaia_774384016513181696_src3,comparison,400.4353819997788,1257.4996832199022,True,9.823245439753236,2.9848951840442624,9,8832.722831726074,127.17500068135115,1104.0903539657593,15.896875085168894,False,ok
light_V0399_V_8s_2026_05_20-0037_flat_0p3_early_bias_cal.fits,2461181.6959542823,8.0,gaia_774289041901756032_src4,comparison,2051.210682947296,1445.33564507558,True,9.823245439753236,2.9848951840442624,9,7450.330718994141,118.41140375521931,931.2913398742676,14.801425469402414,False,ok
light_V0399_V_8s_2026_05_20-0037_flat_0p3_early_bias_cal.fits,2461181.6959542823,8.0,gaia_774287774887292672_src5,comparison,2043.631829774269,1083.7184725395703,True,9.823245439753236,2.9848951840442624,9,7501.239601135254,114.17318264636086,937.6549501419067,14.271647830795107,False,ok
light_V0399_V_8s_2026_05_20-0037_flat_0p3_early_bias_cal.fits,2461181.6959542823,8.0,gaia_774289488578357504_src6,comparison,950.4773689595195,1103.475668471696,True,9.823245439753236,2.9848951840442624,9,6953.688949584961,107.03526450337318,869.2111186981201,13.379408062921648,False,ok
light_V0399_V_8s_2026_05_20-0037_flat_0p3_early_bias_cal.fits,2461181.6959542823,8.0,gaia_774288805679445888_src7,comparison,1954.421214964885,1354.723758267467,True,9.823245439753236,2.9848951840442624,9,5764.9935302734375,104.02346895792999,720.6241912841797,13.002933619741249,False,ok
light_V0399_V_8s_2026_05_20-0037_flat_0p3_early_bias_cal.fits,2461181.6959542823,8.0,gaia_774290626745586944_src8,comparison,1081.2843224474268,1436.9834527273301,True,9.823245439753236,2.9848951840442624,9,2353.1044311523438,63.84041608803398,294.13805389404297,7.980052011004248,False,ok
light_V0399_V_8s_2026_05_20-0037_flat_0p3_early_bias_cal.fits,2461181.6959542823,8.0,DN_UMa,check,1862.6432454397532,689.6148951840443,True,9.823245439753236,2.9848951840442624,9,1558337.115386963,23496.61473004464,194792.13942337036,2937.07684125558,False,ok
light_V0399_V_8s_2026_05_20-0038_flat_0p3_early_bias_cal.fits,2461181.69614699,8.0,target,target,1938.0205175062229,636.7893663215634,True,10.080517506222805,4.269366321563439,9,1349921.002609253,10271.444932971619,168740.12532615662,1283.9306166214524,False,ok
light_V0399_V_8s_2026_05_20-0038_flat_0p3_early_bias_cal.fits,2461181.69614699,8.0,gaia_774272862760870784_src1,comparison,609.6589782977218,262.3552265508068,True,10.080517506222805,4.269366321563439,9,24201.743690490723,197.22250613750074,3025.2179613113403,24.652813267187593,False,ok
light_V0399_V_8s_2026_05_20-0038_flat_0p3_early_bias_cal.fits,2461181.69614699,8.0,gaia_774271076054448768_src2,comparison,1516.7984033296343,325.5855773530395,True,10.080517506222805,4.269366321563439,9,16866.6551361084,152.050812984701,2108.33189201355,19.006351623087625,False,ok
light_V0399_V_8s_2026_05_20-0038_flat_0p3_early_bias_cal.fits,2461181.69614699,8.0,gaia_774384016513181696_src3,comparison,400.6926540662484,1258.7841543574214,True,10.080517506222805,4.269366321563439,9,11194.374168395996,135.15735147057697,1399.2967710494995,16.89466893382212,False,ok
light_V0399_V_8s_2026_05_20-0038_flat_0p3_early_bias_cal.fits,2461181.69614699,8.0,gaia_774289041901756032_src4,comparison,2051.4679550137657,1446.6201162130992,True,10.080517506222805,4.269366321563439,9,9371.551918029785,118.06984594776492,1171.4439897537231,14.758730743470615,False,ok
light_V0399_V_8s_2026_05_20-0038_flat_0p3_early_bias_cal.fits,2461181.69614699,8.0,gaia_774287774887292672_src5,comparison,2043.8891018407385,1085.0029436770894,True,10.080517506222805,4.269366321563439,9,9205.730335235596,114.90358652562489,1150.7162919044495,14.362948315703111,False,ok
light_V0399_V_8s_2026_05_20-0038_flat_0p3_early_bias_cal.fits,2461181.69614699,8.0,gaia_774289488578357504_src6,comparison,950.734641025989,1104.7601396092152,True,10.080517506222805,4.269366321563439,9,8757.40422821045,107.79734023424034,1094.6755285263062,13.474667529280042,False,ok
light_V0399_V_8s_2026_05_20-0038_flat_0p3_early_bias_cal.fits,2461181.69614699,8.0,gaia_774288805679445888_src7,comparison,1954.6784870313545,1356.0082294049862,True,10.080517506222805,4.269366321563439,9,7008.4775390625,101.6766895855122,876.0596923828125,12.709586198189024,False,ok
light_V0399_V_8s_2026_05_20-0038_flat_0p3_early_bias_cal.fits,2461181.69614699,8.0,gaia_774290626745586944_src8,comparison,1081.5415945138964,1438.2679238648493,True,10.080517506222805,4.269366321563439,9,3099.674980163574,69.80824321639243,387.4593725204468,8.726030402049053,False,ok
light_V0399_V_8s_2026_05_20-0038_flat_0p3_early_bias_cal.fits,2461181.69614699,8.0,DN_UMa,check,1862.9005175062227,690.8993663215634,True,10.080517506222805,4.269366321563439,9,1868822.380493164,21669.777375220063,233602.7975616455,2708.722171902508,False,ok
light_V0399_V_8s_2026_05_20-0039_flat_0p3_early_bias_cal.fits,2461181.696338542,8.0,target,target,1938.2291554977178,636.5531730161208,True,10.289155497717843,4.033173016120827,9,1367039.8759765625,11783.708160053659,170879.9844970703,1472.9635200067073,False,ok
light_V0399_V_8s_2026_05_20-0039_flat_0p3_early_bias_cal.fits,2461181.696338542,8.0,gaia_774272862760870784_src1,comparison,609.8676162892168,262.11903324536416,True,10.289155497717843,4.033173016120827,9,22125.618774414062,216.76545499169706,2765.702346801758,27.095681873962132,False,ok
light_V0399_V_8s_2026_05_20-0039_flat_0p3_early_bias_cal.fits,2461181.696338542,8.0,gaia_774271076054448768_src2,comparison,1517.0070413211292,325.3493840475969,True,10.289155497717843,4.033173016120827,9,15864.368194580078,157.57788121033974,1983.0460243225098,19.697235151292467,False,ok
light_V0399_V_8s_2026_05_20-0039_flat_0p3_early_bias_cal.fits,2461181.696338542,8.0,gaia_774384016513181696_src3,comparison,400.90129205774343,1258.5479610519787,True,10.289155497717843,4.033173016120827,9,10748.5785446167,139.5272953284546,1343.5723180770874,17.440911916056827,False,ok
light_V0399_V_8s_2026_05_20-0039_flat_0p3_early_bias_cal.fits,2461181.696338542,8.0,gaia_774289041901756032_src4,comparison,2051.6765930052607,1446.3839229076566,True,10.289155497717843,4.033173016120827,9,9217.286918640137,126.65913702680345,1152.160864830017,15.832392128350431,False,ok
light_V0399_V_8s_2026_05_20-0039_flat_0p3_early_bias_cal.fits,2461181.696338542,8.0,gaia_774287774887292672_src5,comparison,2044.0977398322334,1084.7667503716468,True,10.289155497717843,4.033173016120827,9,9294.895133972168,118.32389750868612,1161.861891746521,14.790487188585764,False,ok
light_V0399_V_8s_2026_05_20-0039_flat_0p3_early_bias_cal.fits,2461181.696338542,8.0,gaia_774289488578357504_src6,comparison,950.9432790174841,1104.5239463037726,True,10.289155497717843,4.033173016120827,9,8284.331748962402,110.03397204602618,1035.5414686203003,13.754246505753272,False,ok
light_V0399_V_8s_2026_05_20-0039_flat_0p3_early_bias_cal.fits,2461181.696338542,8.0,gaia_774288805679445888_src7,comparison,1954.8871250228494,1355.7720360995436,True,10.289155497717843,4.033173016120827,9,6928.2177734375,107.36529621718834,866.0272216796875,13.420662027148543,False,ok
light_V0399_V_8s_2026_05_20-0039_flat_0p3_early_bias_cal.fits,2461181.696338542,8.0,gaia_774290626745586944_src8,comparison,1081.7502325053915,1438.0317305594067,True,10.289155497717843,4.033173016120827,9,2895.9135971069336,68.13275660103784,361.9891996383667,8.51659457512973,False,ok
light_V0399_V_8s_2026_05_20-0039_flat_0p3_early_bias_cal.fits,2461181.696338542,8.0,DN_UMa,check,1863.109155497718,690.6631730161208,True,10.289155497717843,4.033173016120827,9,1919564.3516845703,24228.042353262437,239945.5439605713,3028.5052941578047,True,saturated
light_V0399_V_8s_2026_05_20-0040_flat_0p3_early_bias_cal.fits,2461181.6965310187,8.0,target,target,1938.627398315849,636.0643686587039,True,10.687398315848895,3.5443686587038883,8,1247296.855895996,14849.606497221663,155912.1069869995,1856.2008121527078,False,ok
light_V0399_V_8s_2026_05_20-0040_flat_0p3_early_bias_cal.fits,2461181.6965310187,8.0,gaia_774272862760870784_src1,comparison,610.2658591073479,261.6302288879472,True,10.687398315848895,3.5443686587038883,8,22595.90177154541,231.6966223296352,2824.4877214431763,28.9620777912044,False,ok
light_V0399_V_8s_2026_05_20-0040_flat_0p3_early_bias_cal.fits,2461181.6965310187,8.0,gaia_774271076054448768_src2,comparison,1517.4052841392604,324.86057969018,True,10.687398315848895,3.5443686587038883,8,16300.576999664307,173.49317856759757,2037.5721249580383,21.686647320949696,False,ok
light_V0399_V_8s_2026_05_20-0040_flat_0p3_early_bias_cal.fits,2461181.6965310187,8.0,gaia_774384016513181696_src3,comparison,401.2995348758745,1258.0591566945618,True,10.687398315848895,3.5443686587038883,8,10928.018699645996,146.00296680275844,1366.0023374557495,18.250370850344805,False,ok
light_V0399_V_8s_2026_05_20-0040_flat_0p3_early_bias_cal.fits,2461181.6965310187,8.0,gaia_774289041901756032_src4,comparison,2052.074835823392,1445.8951185502397,True,10.687398315848895,3.5443686587038883,8,8205.356811523438,128.06211970063927,1025.6696014404297,16.00776496257991,False,ok
light_V0399_V_8s_2026_05_20-0040_flat_0p3_early_bias_cal.fits,2461181.6965310187,8.0,gaia_774287774887292672_src5,comparison,2044.4959826503646,1084.2779460142299,True,10.687398315848895,3.5443686587038883,8,9035.364448547363,125.86842854076464,1129.4205560684204,15.73355356759558,False,ok
light_V0399_V_8s_2026_05_20-0040_flat_0p3_early_bias_cal.fits,2461181.6965310187,8.0,gaia_774289488578357504_src6,comparison,951.3415218356151,1104.0351419463557,True,10.687398315848895,3.5443686587038883,8,8337.850524902344,111.69087207988282,1042.231315612793,13.961359009985353,False,ok
light_V0399_V_8s_2026_05_20-0040_flat_0p3_early_bias_cal.fits,2461181.6965310187,8.0,gaia_774288805679445888_src7,comparison,1955.2853678409806,1355.2832317421266,True,10.687398315848895,3.5443686587038883,8,6657.326171875,109.5205878728114,832.165771484375,13.690073484101426,False,ok
light_V0399_V_8s_2026_05_20-0040_flat_0p3_early_bias_cal.fits,2461181.6965310187,8.0,gaia_774290626745586944_src8,comparison,1082.1484753235225,1437.5429262019898,True,10.687398315848895,3.5443686587038883,8,3086.003143310547,68.7772216435486,385.75039291381836,8.597152705443575,False,ok
light_V0399_V_8s_2026_05_20-0040_flat_0p3_early_bias_cal.fits,2461181.6965310187,8.0,DN_UMa,check,1863.5073983158488,690.1743686587039,True,10.687398315848895,3.5443686587038883,8,1785951.7953796387,30492.632699777692,223243.97442245483,3811.5790874722115,True,saturated
light_V0399_V_8s_2026_05_20-0041_flat_0p3_early_bias_cal.fits,2461181.696722801,8.0,target,target,1938.569150674496,636.5845771675539,True,10.62915067449606,4.064577167553921,8,1045992.5695648193,15521.021274850431,130749.07119560242,1940.1276593563039,False,ok
light_V0399_V_8s_2026_05_20-0041_flat_0p3_early_bias_cal.fits,2461181.696722801,8.0,gaia_774272862760870784_src1,comparison,610.207611465995,262.15043739679726,True,10.62915067449606,4.064577167553921,8,19664.121269226074,226.85025094709044,2458.0151586532593,28.356281368386306,False,ok
light_V0399_V_8s_2026_05_20-0041_flat_0p3_early_bias_cal.fits,2461181.696722801,8.0,gaia_774271076054448768_src2,comparison,1517.3470364979075,325.38078819903,True,10.62915067449606,4.064577167553921,8,14357.58219909668,165.89211423882935,1794.697774887085,20.73651427985367,False,ok
light_V0399_V_8s_2026_05_20-0041_flat_0p3_early_bias_cal.fits,2461181.696722801,8.0,gaia_774384016513181696_src3,comparison,401.2412872345217,1258.5793652034117,True,10.62915067449606,4.064577167553921,8,9157.488746643066,144.36069004892568,1144.6860933303833,18.04508625611571,False,ok
light_V0399_V_8s_2026_05_20-0041_flat_0p3_early_bias_cal.fits,2461181.696722801,8.0,gaia_774289041901756032_src4,comparison,2052.016588182039,1446.4153270590896,True,10.62915067449606,4.064577167553921,8,6931.23127746582,129.44638882361346,866.4039096832275,16.180798602951683,False,ok
light_V0399_V_8s_2026_05_20-0041_flat_0p3_early_bias_cal.fits,2461181.696722801,8.0,gaia_774287774887292672_src5,comparison,2044.4377350090117,1084.79815452308,True,10.62915067449606,4.064577167553921,8,7671.048965454102,120.26829191623311,958.8811206817627,15.033536489529139,False,ok
light_V0399_V_8s_2026_05_20-0041_flat_0p3_early_bias_cal.fits,2461181.696722801,8.0,gaia_774289488578357504_src6,comparison,951.2832741942623,1104.5553504552058,True,10.62915067449606,4.064577167553921,8,7267.806282043457,110.99011988489549,908.4757852554321,13.873764985611936,False,ok
light_V0399_V_8s_2026_05_20-0041_flat_0p3_early_bias_cal.fits,2461181.696722801,8.0,gaia_774288805679445888_src7,comparison,1955.2271201996277,1355.8034402509766,True,10.62915067449606,4.064577167553921,8,5814.153450012207,109.9940401494589,726.7691812515259,13.749255018682362,False,ok
light_V0399_V_8s_2026_05_20-0041_flat_0p3_early_bias_cal.fits,2461181.696722801,8.0,gaia_774290626745586944_src8,comparison,1082.0902276821696,1438.0631347108397,True,10.62915067449606,4.064577167553921,8,2752.3824768066406,66.02041663155039,344.0478096008301,8.252552078943799,False,ok
light_V0399_V_8s_2026_05_20-0041_flat_0p3_early_bias_cal.fits,2461181.696722801,8.0,DN_UMa,check,1863.449150674496,690.6945771675539,True,10.62915067449606,4.064577167553921,8,1501747.9271087646,32026.138112816967,187718.49088859558,4003.267264102121,True,saturated
light_V0399_V_8s_2026_05_20-0042_flat_0p3_early_bias_cal.fits,2461181.696914352,8.0,target,target,1938.3626305902583,636.708982945526,True,10.422630590258166,4.18898294552605,8,698982.3565673828,24913.42713689626,87372.79457092285,3114.1783921120327,False,ok
light_V0399_V_8s_2026_05_20-0042_flat_0p3_early_bias_cal.fits,2461181.696914352,8.0,gaia_774272862760870784_src1,comparison,610.0010913817571,262.2748431747694,True,10.422630590258166,4.18898294552605,8,12350.465316772461,331.53391557520956,1543.8081645965576,41.441739446901195,False,ok
light_V0399_V_8s_2026_05_20-0042_flat_0p3_early_bias_cal.fits,2461181.696914352,8.0,gaia_774271076054448768_src2,comparison,1517.1405164136697,325.50519397700214,True,10.422630590258166,4.18898294552605,8,9428.432052612305,212.85000551882868,1178.554006576538,26.606250689853585,False,ok
light_V0399_V_8s_2026_05_20-0042_flat_0p3_early_bias_cal.fits,2461181.696914352,8.0,gaia_774384016513181696_src3,comparison,401.03476715028376,1258.703770981384,True,10.422630590258166,4.18898294552605,8,5895.490463256836,167.80106675398162,736.9363079071045,20.975133344247702,False,ok
light_V0399_V_8s_2026_05_20-0042_flat_0p3_early_bias_cal.fits,2461181.696914352,8.0,gaia_774289041901756032_src4,comparison,2051.810068097801,1446.5397328370618,True,10.422630590258166,4.18898294552605,8,4762.11739730835,167.21764151054268,595.2646746635437,20.902205188817835,False,ok
light_V0399_V_8s_2026_05_20-0042_flat_0p3_early_bias_cal.fits,2461181.696914352,8.0,gaia_774287774887292672_src5,comparison,2044.231214924774,1084.922560301052,True,10.422630590258166,4.18898294552605,8,5241.53044128418,145.43495361728904,655.1913051605225,18.17936920216113,False,ok
light_V0399_V_8s_2026_05_20-0042_flat_0p3_early_bias_cal.fits,2461181.696914352,8.0,gaia_774289488578357504_src6,comparison,951.0767541100245,1104.6797562331778,True,10.422630590258166,4.18898294552605,8,4735.965255737305,130.10347900226157,591.9956569671631,16.262934875282696,False,ok
light_V0399_V_8s_2026_05_20-0042_flat_0p3_early_bias_cal.fits,2461181.696914352,8.0,gaia_774288805679445888_src7,comparison,1955.02060011539,1355.9278460289488,True,10.422630590258166,4.18898294552605,8,3457.6276512145996,132.05468073281583,432.20345640182495,16.506835091601978,False,ok
light_V0399_V_8s_2026_05_20-0042_flat_0p3_early_bias_cal.fits,2461181.696914352,8.0,gaia_774290626745586944_src8,comparison,1081.8837075979318,1438.187540488812,True,10.422630590258166,4.18898294552605,8,1909.8777236938477,64.54422297435617,238.73471546173096,8.068027871794522,False,ok
light_V0399_V_8s_2026_05_20-0042_flat_0p3_early_bias_cal.fits,2461181.696914352,8.0,DN_UMa,check,1863.2426305902582,690.818982945526,True,10.422630590258166,4.18898294552605,8,1015512.0260009766,42540.378951852006,126939.00325012207,5317.547368981501,False,ok
light_V0399_V_8s_2026_05_20-0043_flat_0p3_early_bias_cal.fits,2461181.697106134,8.0,target,target,1938.4293883753403,636.096881727155,True,10.489388375340354,3.576881727155069,8,719150.2096099854,27298.103086484407,89893.77620124817,3412.262885810551,False,ok
light_V0399_V_8s_2026_05_20-0043_flat_0p3_early_bias_cal.fits,2461181.697106134,8.0,gaia_774272862760870784_src1,comparison,610.0678491668393,261.6627419563984,True,10.489388375340354,3.576881727155069,8,13136.307334899902,365.02386850877156,1642.0384168624878,45.627983563596445,False,ok
light_V0399_V_8s_2026_05_20-0043_flat_0p3_early_bias_cal.fits,2461181.697106134,8.0,gaia_774271076054448768_src2,comparison,1517.2072741987517,324.89309275863116,True,10.489388375340354,3.576881727155069,8,9997.737525939941,230.17504763718142,1249.7171907424927,28.771880954647678,False,ok
light_V0399_V_8s_2026_05_20-0043_flat_0p3_early_bias_cal.fits,2461181.697106134,8.0,gaia_774384016513181696_src3,comparison,401.10152493536594,1258.091669763013,True,10.489388375340354,3.576881727155069,8,6960.389091491699,168.34584238023942,870.0486364364624,21.043230297529927,False,ok
light_V0399_V_8s_2026_05_20-0043_flat_0p3_early_bias_cal.fits,2461181.697106134,8.0,gaia_774289041901756032_src4,comparison,2051.876825882883,1445.9276316186908,True,10.489388375340354,3.576881727155069,8,4556.806411743164,171.6785186548383,569.6008014678955,21.45981483185479,False,ok
light_V0399_V_8s_2026_05_20-0043_flat_0p3_early_bias_cal.fits,2461181.697106134,8.0,gaia_774287774887292672_src5,comparison,2044.297972709856,1084.310459082681,True,10.489388375340354,3.576881727155069,8,5737.504898071289,158.72517192973726,717.1881122589111,19.840646491217157,False,ok
light_V0399_V_8s_2026_05_20-0043_flat_0p3_early_bias_cal.fits,2461181.697106134,8.0,gaia_774289488578357504_src6,comparison,951.1435118951066,1104.0676550148069,True,10.489388375340354,3.576881727155069,8,5318.671684265137,131.13321947363752,664.8339605331421,16.39165243420469,False,ok
light_V0399_V_8s_2026_05_20-0043_flat_0p3_early_bias_cal.fits,2461181.697106134,8.0,gaia_774288805679445888_src7,comparison,1955.087357900472,1355.3157448105778,True,10.489388375340354,3.576881727155069,8,3911.661590576172,143.06851811722305,488.9576988220215,17.88356476465288,False,ok
light_V0399_V_8s_2026_05_20-0043_flat_0p3_early_bias_cal.fits,2461181.697106134,8.0,gaia_774290626745586944_src8,comparison,1081.950465383014,1437.575439270441,True,10.489388375340354,3.576881727155069,8,1992.2544708251953,64.96076587843946,249.0318088531494,8.120095734804933,False,ok
light_V0399_V_8s_2026_05_20-0043_flat_0p3_early_bias_cal.fits,2461181.697106134,8.0,DN_UMa,check,1863.3093883753404,690.2068817271551,True,10.489388375340354,3.576881727155069,8,1018559.9830932617,48144.73776846908,127319.99788665771,6018.092221058635,False,ok
light_V0399_V_8s_2026_05_20-0044_flat_0p3_early_bias_cal.fits,2461181.6972972224,8.0,target,target,1938.1717206040944,636.6869293826577,True,10.23172060409425,4.166929382657713,8,525234.0410766602,34325.75165488792,65654.25513458252,4290.71895686099,False,ok
light_V0399_V_8s_2026_05_20-0044_flat_0p3_early_bias_cal.fits,2461181.6972972224,8.0,gaia_774272862760870784_src1,comparison,609.8101813955932,262.25278961190105,True,10.23172060409425,4.166929382657713,8,9608.776817321777,477.82661490098604,1201.0971021652222,59.728326862623256,False,ok
light_V0399_V_8s_2026_05_20-0044_flat_0p3_early_bias_cal.fits,2461181.6972972224,8.0,gaia_774271076054448768_src2,comparison,1516.9496064275058,325.4831404141338,True,10.23172060409425,4.166929382657713,8,7034.392150878906,317.0932192007916,879.2990188598633,39.63665240009895,False,ok
light_V0399_V_8s_2026_05_20-0044_flat_0p3_early_bias_cal.fits,2461181.6972972224,8.0,gaia_774384016513181696_src3,comparison,400.84385716411987,1258.6817174185157,True,10.23172060409425,4.166929382657713,8,4900.76749420166,211.16626284260244,612.5959367752075,26.395782855325304,False,ok
light_V0399_V_8s_2026_05_20-0044_flat_0p3_early_bias_cal.fits,2461181.6972972224,8.0,gaia_774289041901756032_src4,comparison,2051.6191581116373,1446.5176792741936,True,10.23172060409425,4.166929382657713,8,3594.7550735473633,212.90309302645875,449.3443841934204,26.612886628307344,False,ok
light_V0399_V_8s_2026_05_20-0044_flat_0p3_early_bias_cal.fits,2461181.6972972224,8.0,gaia_774287774887292672_src5,comparison,2044.04030493861,1084.9005067381836,True,10.23172060409425,4.166929382657713,8,3809.850440979004,191.64952487814892,476.2313051223755,23.956190609768615,False,ok
light_V0399_V_8s_2026_05_20-0044_flat_0p3_early_bias_cal.fits,2461181.6972972224,8.0,gaia_774289488578357504_src6,comparison,950.8858441238605,1104.6577026703094,True,10.23172060409425,4.166929382657713,8,3771.5927963256836,168.818883251448,471.44909954071045,21.102360406431,False,ok
light_V0399_V_8s_2026_05_20-0044_flat_0p3_early_bias_cal.fits,2461181.6972972224,8.0,gaia_774288805679445888_src7,comparison,1954.829690129226,1355.9057924660806,True,10.23172060409425,4.166929382657713,8,2595.084503173828,171.41307346243804,324.3855628967285,21.426634182804754,False,ok
light_V0399_V_8s_2026_05_20-0044_flat_0p3_early_bias_cal.fits,2461181.6972972224,8.0,gaia_774290626745586944_src8,comparison,1081.692797611768,1438.1654869259437,True,10.23172060409425,4.166929382657713,8,1530.3589248657227,64.6713399609423,191.29486560821533,8.083917495117788,False,ok
light_V0399_V_8s_2026_05_20-0044_flat_0p3_early_bias_cal.fits,2461181.6972972224,8.0,DN_UMa,check,1863.0517206040943,690.7969293826577,True,10.23172060409425,4.166929382657713,8,741305.2503662109,57523.42270800652,92663.15629577637,7190.427838500815,False,ok
light_V0399_V_8s_2026_05_20-0045_flat_0p3_early_bias_cal.fits,2461181.6974885417,8.0,target,target,1937.9914331322952,636.6891441820919,True,10.051433132295244,4.169144182091941,8,467643.69274902344,38274.2189848365,58455.46159362793,4784.277373104563,False,ok
light_V0399_V_8s_2026_05_20-0045_flat_0p3_early_bias_cal.fits,2461181.6974885417,8.0,gaia_774272862760870784_src1,comparison,609.6298939237943,262.2550044113353,True,10.051433132295244,4.169144182091941,8,9249.98519897461,517.0569980288496,1156.2481498718262,64.6321247536062,False,ok
light_V0399_V_8s_2026_05_20-0045_flat_0p3_early_bias_cal.fits,2461181.6974885417,8.0,gaia_774271076054448768_src2,comparison,1516.7693189557067,325.485355213568,True,10.051433132295244,4.169144182091941,8,6776.971160888672,324.0409312046242,847.121395111084,40.505116400578025,False,ok
light_V0399_V_8s_2026_05_20-0045_flat_0p3_early_bias_cal.fits,2461181.6974885417,8.0,gaia_774384016513181696_src3,comparison,400.66356969232083,1258.6839322179499,True,10.051433132295244,4.169144182091941,8,4560.480640411377,222.54503051899488,570.0600800514221,27.81812881487436,False,ok
light_V0399_V_8s_2026_05_20-0045_flat_0p3_early_bias_cal.fits,2461181.6974885417,8.0,gaia_774289041901756032_src4,comparison,2051.438870639838,1446.5198940736277,True,10.051433132295244,4.169144182091941,8,3419.079277038574,229.86364833981446,427.3849096298218,28.732956042476808,False,ok
light_V0399_V_8s_2026_05_20-0045_flat_0p3_early_bias_cal.fits,2461181.6974885417,8.0,gaia_774287774887292672_src5,comparison,2043.8600174668109,1084.902721537618,True,10.051433132295244,4.169144182091941,8,3476.0491485595703,219.78943177211062,434.5061435699463,27.473678971513827,False,ok
light_V0399_V_8s_2026_05_20-0045_flat_0p3_early_bias_cal.fits,2461181.6974885417,8.0,gaia_774289488578357504_src6,comparison,950.7055566520614,1104.6599174697437,True,10.051433132295244,4.169144182091941,8,3332.776580810547,177.81630729391125,416.59707260131836,22.227038411738906,False,ok
light_V0399_V_8s_2026_05_20-0045_flat_0p3_early_bias_cal.fits,2461181.6974885417,8.0,gaia_774288805679445888_src7,comparison,1954.649402657427,1355.9080072655147,True,10.051433132295244,4.169144182091941,8,2516.284019470215,183.90699743993807,314.53550243377686,22.98837467999226,False,ok
light_V0399_V_8s_2026_05_20-0045_flat_0p3_early_bias_cal.fits,2461181.6974885417,8.0,gaia_774290626745586944_src8,comparison,1081.5125101399688,1438.1677017253778,True,10.051433132295244,4.169144182091941,8,1508.0034523010254,67.92770977015579,188.50043153762817,8.490963721269473,False,ok
light_V0399_V_8s_2026_05_20-0045_flat_0p3_early_bias_cal.fits,2461181.6974885417,8.0,DN_UMa,check,1862.8714331322951,690.7991441820919,True,10.051433132295244,4.169144182091941,8,692418.9129638672,62498.43860538864,86552.3641204834,7812.30482567358,False,ok
light_V0399_V_8s_2026_05_20-0046_flat_0p3_early_bias_cal.fits,2461181.697679977,8.0,target,target,1937.6947171679806,637.4059886168822,True,9.754717167980573,4.885988616882173,8,329336.5556640625,44139.95891793264,41167.06945800781,5517.49486474158,False,ok
light_V0399_V_8s_2026_05_20-0046_flat_0p3_early_bias_cal.fits,2461181.697679977,8.0,gaia_774272862760870784_src1,comparison,609.3331779594796,262.9718488461255,True,9.754717167980573,4.885988616882173,8,6638.883476257324,580.7726060425094,829.8604345321655,72.59657575531368,False,ok
light_V0399_V_8s_2026_05_20-0046_flat_0p3_early_bias_cal.fits,2461181.697679977,8.0,gaia_774271076054448768_src2,comparison,1516.472602991392,326.20219964835826,True,9.754717167980573,4.885988616882173,8,4927.576194763184,361.96187226315385,615.947024345398,45.24523403289423,False,ok
light_V0399_V_8s_2026_05_20-0046_flat_0p3_early_bias_cal.fits,2461181.697679977,8.0,gaia_774384016513181696_src3,comparison,400.36685372800616,1259.4007766527402,True,9.754717167980573,4.885988616882173,8,3253.048782348633,259.17963333042155,406.6310977935791,32.397454166302694,False,ok
light_V0399_V_8s_2026_05_20-0046_flat_0p3_early_bias_cal.fits,2461181.697679977,8.0,gaia_774289041901756032_src4,comparison,2051.1421546755237,1447.236738508418,True,9.754717167980573,4.885988616882173,8,2098.46768951416,280.48671163094457,262.30846118927,35.06083895386807,False,ok
light_V0399_V_8s_2026_05_20-0046_flat_0p3_early_bias_cal.fits,2461181.697679977,8.0,gaia_774287774887292672_src5,comparison,2043.5633015024962,1085.619565972408,True,9.754717167980573,4.885988616882173,8,2423.11043548584,248.9117921807528,302.88880443573,31.1139740225941,False,ok
light_V0399_V_8s_2026_05_20-0046_flat_0p3_early_bias_cal.fits,2461181.697679977,8.0,gaia_774289488578357504_src6,comparison,950.4088406877468,1105.3767619045339,True,9.754717167980573,4.885988616882173,8,2462.8845138549805,203.74200330230832,307.86056423187256,25.46775041278854,False,ok
light_V0399_V_8s_2026_05_20-0046_flat_0p3_early_bias_cal.fits,2461181.697679977,8.0,gaia_774288805679445888_src7,comparison,1954.3526866931122,1356.624851700305,True,9.754717167980573,4.885988616882173,8,1697.0353698730469,212.8597082324401,212.12942123413086,26.607463529055014,False,ok
light_V0399_V_8s_2026_05_20-0046_flat_0p3_early_bias_cal.fits,2461181.697679977,8.0,gaia_774290626745586944_src8,comparison,1081.215794175654,1438.8845461601682,True,9.754717167980573,4.885988616882173,8,1019.9620246887207,69.07527938571872,127.49525308609009,8.63440992321484,False,ok
light_V0399_V_8s_2026_05_20-0046_flat_0p3_early_bias_cal.fits,2461181.697679977,8.0,DN_UMa,check,1862.5747171679805,691.5159886168822,True,9.754717167980573,4.885988616882173,8,478803.13705444336,70121.46160561002,59850.39213180542,8765.182700701253,False,ok
light_V0399_V_8s_2026_05_20-0047_flat_0p3_early_bias_cal.fits,2461181.6978716436,8.0,target,target,1936.0816485782564,636.1588379325151,True,8.141648578256309,3.6388379325151163,8,104445.73568725586,65958.12003389186,13055.716960906982,8244.765004236482,False,ok
light_V0399_V_8s_2026_05_20-0047_flat_0p3_early_bias_cal.fits,2461181.6978716436,8.0,gaia_774272862760870784_src1,comparison,607.7201093697553,261.72469816175845,True,8.141648578256309,3.6388379325151163,8,1430.0634117126465,1035.23956835197,178.7579264640808,129.40494604399626,False,ok
light_V0399_V_8s_2026_05_20-0047_flat_0p3_early_bias_cal.fits,2461181.6978716436,8.0,gaia_774271076054448768_src2,comparison,1514.8595344016678,324.9550489639912,True,8.141648578256309,3.6388379325151163,8,1116.3753852844238,655.0036620155438,139.54692316055298,81.87545775194297,False,ok
light_V0399_V_8s_2026_05_20-0047_flat_0p3_early_bias_cal.fits,2461181.6978716436,8.0,gaia_774384016513181696_src3,comparison,398.7537851382819,1258.153625968373,True,8.141648578256309,3.6388379325151163,8,521.6041221618652,458.17872881840515,65.20051527023315,57.27234110230064,False,ok
light_V0399_V_8s_2026_05_20-0047_flat_0p3_early_bias_cal.fits,2461181.6978716436,8.0,gaia_774289041901756032_src4,comparison,2049.5290860857995,1445.989587824051,True,8.141648578256309,3.6388379325151163,8,554.8340682983398,414.3191872470226,69.35425853729248,51.78989840587783,False,ok
light_V0399_V_8s_2026_05_20-0047_flat_0p3_early_bias_cal.fits,2461181.6978716436,8.0,gaia_774287774887292672_src5,comparison,2041.950232912772,1084.372415288041,True,8.141648578256309,3.6388379325151163,8,531.977222442627,403.76239604987757,66.49715280532837,50.470299506234696,False,ok
light_V0399_V_8s_2026_05_20-0047_flat_0p3_early_bias_cal.fits,2461181.6978716436,8.0,gaia_774289488578357504_src6,comparison,948.7957720980226,1104.129611220167,True,8.141648578256309,3.6388379325151163,8,451.2779350280762,360.33527547420954,56.40974187850952,45.04190943427619,False,ok
light_V0399_V_8s_2026_05_20-0047_flat_0p3_early_bias_cal.fits,2461181.6978716436,8.0,gaia_774288805679445888_src7,comparison,1952.739618103388,1355.3777010159379,True,8.141648578256309,3.6388379325151163,8,391.1026382446289,328.189836630291,48.88782978057861,41.02372957878637,False,ok
light_V0399_V_8s_2026_05_20-0047_flat_0p3_early_bias_cal.fits,2461181.6978716436,8.0,gaia_774290626745586944_src8,comparison,1079.6027255859299,1437.637395475801,True,8.141648578256309,3.6388379325151163,8,154.98278427124023,111.17294255823276,19.37284803390503,13.896617819779095,False,ok
light_V0399_V_8s_2026_05_20-0047_flat_0p3_early_bias_cal.fits,2461181.6978716436,8.0,DN_UMa,check,1860.9616485782562,690.2688379325151,True,8.141648578256309,3.6388379325151163,8,136806.4062347412,97516.80682133256,17100.80077934265,12189.60085266657,False,ok
light_V0399_V_8s_2026_05_20-0048_flat_0p3_early_bias_cal.fits,2461181.6980633102,8.0,target,target,1936.4084323931284,636.356909210617,True,8.468432393128268,3.836909210617023,8,125619.47073364258,65920.28271166101,15702.433841705322,8240.035338957627,False,ok
light_V0399_V_8s_2026_05_20-0048_flat_0p3_early_bias_cal.fits,2461181.6980633102,8.0,gaia_774272862760870784_src1,comparison,608.0468931846273,261.92276943986036,True,8.468432393128268,3.836909210617023,8,1888.5933685302734,966.2686381060047,236.07417106628418,120.78357976325059,False,ok
light_V0399_V_8s_2026_05_20-0048_flat_0p3_early_bias_cal.fits,2461181.6980633102,8.0,gaia_774271076054448768_src2,comparison,1515.1863182165398,325.1531202420931,True,8.468432393128268,3.836909210617023,8,1703.5624389648438,631.842952472325,212.94530487060547,78.98036905904063,False,ok
light_V0399_V_8s_2026_05_20-0048_flat_0p3_early_bias_cal.fits,2461181.6980633102,8.0,gaia_774384016513181696_src3,comparison,399.08056895315383,1258.351697246475,True,8.468432393128268,3.836909210617023,8,809.5501708984375,445.7255710843082,101.19377136230469,55.71569638553853,False,ok
light_V0399_V_8s_2026_05_20-0048_flat_0p3_early_bias_cal.fits,2461181.6980633102,8.0,gaia_774289041901756032_src4,comparison,2049.855869900671,1446.1876591021528,True,8.468432393128268,3.836909210617023,8,556.3697509765625,430.16682320444716,69.54621887207031,53.770852900555894,False,ok
light_V0399_V_8s_2026_05_20-0048_flat_0p3_early_bias_cal.fits,2461181.6980633102,8.0,gaia_774287774887292672_src5,comparison,2042.277016727644,1084.570486566143,True,8.468432393128268,3.836909210617023,8,758.0047416687012,405.56295820075417,94.75059270858765,50.69536977509427,False,ok
light_V0399_V_8s_2026_05_20-0048_flat_0p3_early_bias_cal.fits,2461181.6980633102,8.0,gaia_774289488578357504_src6,comparison,949.1225559128945,1104.3276824982688,True,8.468432393128268,3.836909210617023,8,659.320686340332,348.0628950800509,82.4150857925415,43.50786188500636,False,ok
light_V0399_V_8s_2026_05_20-0048_flat_0p3_early_bias_cal.fits,2461181.6980633102,8.0,gaia_774288805679445888_src7,comparison,1953.06640191826,1355.5757722940398,True,8.468432393128268,3.836909210617023,8,446.99032974243164,335.41147470094694,55.873791217803955,41.92643433761837,False,ok
light_V0399_V_8s_2026_05_20-0048_flat_0p3_early_bias_cal.fits,2461181.6980633102,8.0,gaia_774290626745586944_src8,comparison,1079.9295094008019,1437.835466753903,True,8.468432393128268,3.836909210617023,8,253.01082229614258,107.61474607903942,31.626352787017822,13.451843259879928,False,ok
light_V0399_V_8s_2026_05_20-0048_flat_0p3_early_bias_cal.fits,2461181.6980633102,8.0,DN_UMa,check,1861.2884323931282,690.466909210617,True,8.468432393128268,3.836909210617023,8,182574.83737182617,97499.64578079226,22821.85467147827,12187.455722599032,False,ok
light_V0399_V_8s_2026_05_20-0049_flat_0p3_early_bias_cal.fits,2461181.698254977,8.0,target,target,1936.6891532604504,636.8961128064816,True,8.749153260450498,4.376112806481615,8,149818.3980255127,62393.82593895544,18727.299753189087,7799.22824236943,False,ok
light_V0399_V_8s_2026_05_20-0049_flat_0p3_early_bias_cal.fits,2461181.698254977,8.0,gaia_774272862760870784_src1,comparison,608.3276140519495,262.46197303572495,True,8.749153260450498,4.376112806481615,8,2622.454616546631,903.64878519581,327.80682706832886,112.95609814947625,False,ok
light_V0399_V_8s_2026_05_20-0049_flat_0p3_early_bias_cal.fits,2461181.698254977,8.0,gaia_774271076054448768_src2,comparison,1515.467039083862,325.6923238379577,True,8.749153260450498,4.376112806481615,8,1975.8651809692383,591.5845348453267,246.98314762115479,73.94806685566584,False,ok
light_V0399_V_8s_2026_05_20-0049_flat_0p3_early_bias_cal.fits,2461181.698254977,8.0,gaia_774384016513181696_src3,comparison,399.3612898204761,1258.8909008423395,True,8.749153260450498,4.376112806481615,8,1135.393180847168,396.58441511736766,141.924147605896,49.57305188967096,False,ok
light_V0399_V_8s_2026_05_20-0049_flat_0p3_early_bias_cal.fits,2461181.698254977,8.0,gaia_774289041901756032_src4,comparison,2050.1365907679933,1446.7268626980174,True,8.749153260450498,4.376112806481615,8,766.7034072875977,397.4753361394575,95.8379259109497,49.68441701743219,False,ok
light_V0399_V_8s_2026_05_20-0049_flat_0p3_early_bias_cal.fits,2461181.698254977,8.0,gaia_774287774887292672_src5,comparison,2042.557737594966,1085.1096901620076,True,8.749153260450498,4.376112806481615,8,1027.045986175537,373.6335498063335,128.38074827194214,46.70419372579169,False,ok
light_V0399_V_8s_2026_05_20-0049_flat_0p3_early_bias_cal.fits,2461181.698254977,8.0,gaia_774289488578357504_src6,comparison,949.4032767802167,1104.8668860941334,True,8.749153260450498,4.376112806481615,8,930.1852340698242,316.9057114378116,116.27315425872803,39.61321392972645,False,ok
light_V0399_V_8s_2026_05_20-0049_flat_0p3_early_bias_cal.fits,2461181.698254977,8.0,gaia_774288805679445888_src7,comparison,1953.347122785582,1356.1149758899044,True,8.749153260450498,4.376112806481615,8,619.7272033691406,308.530213383448,77.46590042114258,38.566276672931,False,ok
light_V0399_V_8s_2026_05_20-0049_flat_0p3_early_bias_cal.fits,2461181.698254977,8.0,gaia_774290626745586944_src8,comparison,1080.2102302681242,1438.3746703497675,True,8.749153260450498,4.376112806481615,8,433.28493881225586,99.68750578421566,54.16061735153198,12.460938223026957,False,ok
light_V0399_V_8s_2026_05_20-0049_flat_0p3_early_bias_cal.fits,2461181.698254977,8.0,DN_UMa,check,1861.5691532604505,691.0061128064816,True,8.749153260450498,4.376112806481615,8,221543.47402954102,91479.00231787223,27692.934253692627,11434.87528973403,False,ok
light_V0399_V_8s_2026_05_20-0050_flat_0p3_early_bias_cal.fits,2461181.698446412,8.0,target,target,1936.389490189643,636.9345238248588,True,8.449490189642944,4.414523824858861,8,140874.60194396973,57605.34822989956,17609.325242996216,7200.668528737445,False,ok
light_V0399_V_8s_2026_05_20-0050_flat_0p3_early_bias_cal.fits,2461181.698446412,8.0,gaia_774272862760870784_src1,comparison,608.0279509811419,262.5003840541022,True,8.449490189642944,4.414523824858861,8,2534.043956756592,881.2619762339897,316.755494594574,110.15774702924871,False,ok
light_V0399_V_8s_2026_05_20-0050_flat_0p3_early_bias_cal.fits,2461181.698446412,8.0,gaia_774271076054448768_src2,comparison,1515.1673760130545,325.73073485633495,True,8.449490189642944,4.414523824858861,8,1803.6144485473633,559.5850829798356,225.4518060684204,69.94813537247946,False,ok
light_V0399_V_8s_2026_05_20-0050_flat_0p3_early_bias_cal.fits,2461181.698446412,8.0,gaia_774384016513181696_src3,comparison,399.06162674966856,1258.9293118607168,True,8.449490189642944,4.414523824858861,8,1045.7495460510254,375.731924811339,130.71869325637817,46.96649060141738,False,ok
light_V0399_V_8s_2026_05_20-0050_flat_0p3_early_bias_cal.fits,2461181.698446412,8.0,gaia_774289041901756032_src4,comparison,2049.8369276971857,1446.7652737163946,True,8.449490189642944,4.414523824858861,8,716.008056640625,370.885807692038,89.50100708007812,46.36072596150475,False,ok
light_V0399_V_8s_2026_05_20-0050_flat_0p3_early_bias_cal.fits,2461181.698446412,8.0,gaia_774287774887292672_src5,comparison,2042.2580745241587,1085.1481011803849,True,8.449490189642944,4.414523824858861,8,859.9339828491211,340.1758279059441,107.49174785614014,42.521978488243015,False,ok
light_V0399_V_8s_2026_05_20-0050_flat_0p3_early_bias_cal.fits,2461181.698446412,8.0,gaia_774289488578357504_src6,comparison,949.1036137094092,1104.9052971125107,True,8.449490189642944,4.414523824858861,8,808.6933364868164,302.22895935174904,101.08666706085205,37.77861991896863,False,ok
light_V0399_V_8s_2026_05_20-0050_flat_0p3_early_bias_cal.fits,2461181.698446412,8.0,gaia_774288805679445888_src7,comparison,1953.0474597147747,1356.1533869082816,True,8.449490189642944,4.414523824858861,8,570.4307403564453,284.91431719009995,71.30384254455566,35.614289648762494,False,ok
light_V0399_V_8s_2026_05_20-0050_flat_0p3_early_bias_cal.fits,2461181.698446412,8.0,gaia_774290626745586944_src8,comparison,1079.9105671973166,1438.4130813681447,True,8.449490189642944,4.414523824858861,8,342.272274017334,98.89266873474371,42.78403425216675,12.361583591842964,False,ok
light_V0399_V_8s_2026_05_20-0050_flat_0p3_early_bias_cal.fits,2461181.698446412,8.0,DN_UMa,check,1861.269490189643,691.0445238248589,True,8.449490189642944,4.414523824858861,8,206939.90167236328,83605.0908295281,25867.48770904541,10450.636353691012,False,ok
light_V0399_V_8s_2026_05_20-0051_flat_0p3_early_bias_cal.fits,2461181.698638773,8.0,target,target,1936.2142421831045,637.1157224812052,True,8.274242183104462,4.595722481205257,8,90673.21765136719,68416.48814734399,11334.152206420898,8552.061018417999,False,ok
light_V0399_V_8s_2026_05_20-0051_flat_0p3_early_bias_cal.fits,2461181.698638773,8.0,gaia_774272862760870784_src1,comparison,607.8527029746034,262.6815827104486,True,8.274242183104462,4.595722481205257,8,1319.792350769043,1037.1621534035078,164.97404384613037,129.64526917543847,False,ok
light_V0399_V_8s_2026_05_20-0051_flat_0p3_early_bias_cal.fits,2461181.698638773,8.0,gaia_774271076054448768_src2,comparison,1514.992128006516,325.91193351268134,True,8.274242183104462,4.595722481205257,8,971.2273330688477,663.0335584740704,121.40341663360596,82.8791948092588,False,ok
light_V0399_V_8s_2026_05_20-0051_flat_0p3_early_bias_cal.fits,2461181.698638773,8.0,gaia_774384016513181696_src3,comparison,398.8863787431301,1259.1105105170632,True,8.274242183104462,4.595722481205257,8,475.4961051940918,463.06456180200956,59.437013149261475,57.883070225251195,False,ok
light_V0399_V_8s_2026_05_20-0051_flat_0p3_early_bias_cal.fits,2461181.698638773,8.0,gaia_774289041901756032_src4,comparison,2049.6616796906474,1446.946472372741,True,8.274242183104462,4.595722481205257,8,346.8684883117676,441.2123684030798,43.35856103897095,55.15154605038497,False,ok
light_V0399_V_8s_2026_05_20-0051_flat_0p3_early_bias_cal.fits,2461181.698638773,8.0,gaia_774287774887292672_src5,comparison,2042.08282651762,1085.3292998367313,True,8.274242183104462,4.595722481205257,8,501.33337783813477,422.7894507221369,62.666672229766846,52.84868134026711,False,ok
light_V0399_V_8s_2026_05_20-0051_flat_0p3_early_bias_cal.fits,2461181.698638773,8.0,gaia_774289488578357504_src6,comparison,948.9283657028707,1105.086495768857,True,8.274242183104462,4.595722481205257,8,435.5010223388672,358.03020544810937,54.4376277923584,44.75377568101367,False,ok
light_V0399_V_8s_2026_05_20-0051_flat_0p3_early_bias_cal.fits,2461181.698638773,8.0,gaia_774288805679445888_src7,comparison,1952.8722117082361,1356.334585564628,True,8.274242183104462,4.595722481205257,8,345.75292205810547,344.83774318937446,43.219115257263184,43.10471789867181,False,ok
light_V0399_V_8s_2026_05_20-0051_flat_0p3_early_bias_cal.fits,2461181.698638773,8.0,gaia_774290626745586944_src8,comparison,1079.735319190778,1438.5942800244911,True,8.274242183104462,4.595722481205257,8,271.1813163757324,116.51758869480211,33.89766454696655,14.564698586850264,False,ok
light_V0399_V_8s_2026_05_20-0051_flat_0p3_early_bias_cal.fits,2461181.698638773,8.0,DN_UMa,check,1861.0942421831044,691.2257224812053,True,8.274242183104462,4.595722481205257,8,130008.7642211914,100299.83861822152,16251.095527648926,12537.47982727769,False,ok
light_V0399_V_8s_2026_05_20-0052_flat_0p3_early_bias_cal.fits,2461181.6988304397,8.0,target,target,1935.4593412419142,636.4548098265376,True,7.519341241914162,3.9348098265376166,8,51127.389221191406,68883.9931688682,6390.923652648926,8610.499146108525,False,ok
light_V0399_V_8s_2026_05_20-0052_flat_0p3_early_bias_cal.fits,2461181.6988304397,8.0,gaia_774272862760870784_src1,comparison,607.0978020334131,262.02067005578095,True,7.519341241914162,3.9348098265376166,8,775.4319305419922,1053.9583986685934,96.92899131774902,131.74479983357418,False,ok
light_V0399_V_8s_2026_05_20-0052_flat_0p3_early_bias_cal.fits,2461181.6988304397,8.0,gaia_774271076054448768_src2,comparison,1514.2372270653257,325.2510208580137,True,7.519341241914162,3.9348098265376166,8,569.8657875061035,716.3080061632867,71.23322343826294,89.53850077041083,False,ok
light_V0399_V_8s_2026_05_20-0052_flat_0p3_early_bias_cal.fits,2461181.6988304397,8.0,gaia_774384016513181696_src3,comparison,398.13147780193975,1258.4495978623954,True,7.519341241914162,3.9348098265376166,8,224.17042541503906,484.6260469248985,28.021303176879883,60.57825586561231,False,ok
light_V0399_V_8s_2026_05_20-0052_flat_0p3_early_bias_cal.fits,2461181.6988304397,8.0,gaia_774289041901756032_src4,comparison,2048.906778749457,1446.2855597180733,True,7.519341241914162,3.9348098265376166,8,119.99654769897461,438.58676715133527,14.999568462371826,54.82334589391691,False,ok
light_V0399_V_8s_2026_05_20-0052_flat_0p3_early_bias_cal.fits,2461181.6988304397,8.0,gaia_774287774887292672_src5,comparison,2041.3279255764298,1084.6683871820637,True,7.519341241914162,3.9348098265376166,8,247.55555725097656,435.70096337049057,30.94444465637207,54.46262042131132,False,ok
light_V0399_V_8s_2026_05_20-0052_flat_0p3_early_bias_cal.fits,2461181.6988304397,8.0,gaia_774289488578357504_src6,comparison,948.1734647616804,1104.4255831141895,True,7.519341241914162,3.9348098265376166,8,294.59407806396484,377.708948575577,36.824259757995605,47.21361857194712,False,ok
light_V0399_V_8s_2026_05_20-0052_flat_0p3_early_bias_cal.fits,2461181.6988304397,8.0,gaia_774288805679445888_src7,comparison,1952.1173107670459,1355.6736729099603,True,7.519341241914162,3.9348098265376166,8,185.36068725585938,341.774168240873,23.170085906982422,42.721771030109124,False,ok
light_V0399_V_8s_2026_05_20-0052_flat_0p3_early_bias_cal.fits,2461181.6988304397,8.0,gaia_774290626745586944_src8,comparison,1078.9804182495877,1437.9333673698234,True,7.519341241914162,3.9348098265376166,8,81.31893920898438,118.652639233147,10.164867401123047,14.831579904143375,False,ok
light_V0399_V_8s_2026_05_20-0052_flat_0p3_early_bias_cal.fits,2461181.6988304397,8.0,DN_UMa,check,1860.339341241914,690.5648098265376,True,7.519341241914162,3.9348098265376166,8,75932.55645751953,99370.18324822566,9491.569557189941,12421.272906028207,False,ok
light_V0399_V_8s_2026_05_20-0053_flat_0p3_early_bias_cal.fits,2461181.6990222223,8.0,target,target,1935.9232254391748,636.1866698973085,True,7.983225439174618,3.666669897308566,8,68544.17640686035,68767.8632503665,8568.022050857544,8595.982906295812,False,ok
light_V0399_V_8s_2026_05_20-0053_flat_0p3_early_bias_cal.fits,2461181.6990222223,8.0,gaia_774272862760870784_src1,comparison,607.5616862306736,261.7525301265519,True,7.983225439174618,3.666669897308566,8,1315.773452758789,1050.0553217058373,164.47168159484863,131.25691521322966,False,ok
light_V0399_V_8s_2026_05_20-0053_flat_0p3_early_bias_cal.fits,2461181.6990222223,8.0,gaia_774271076054448768_src2,comparison,1514.7011112625862,324.98288092878465,True,7.983225439174618,3.666669897308566,8,791.8725318908691,685.4544884047681,98.98406648635864,85.68181105059601,False,ok
light_V0399_V_8s_2026_05_20-0053_flat_0p3_early_bias_cal.fits,2461181.6990222223,8.0,gaia_774384016513181696_src3,comparison,398.59536199920024,1258.1814579331665,True,7.983225439174618,3.666669897308566,8,458.2312126159668,471.295449210661,57.27890157699585,58.911931151332624,False,ok
light_V0399_V_8s_2026_05_20-0053_flat_0p3_early_bias_cal.fits,2461181.6990222223,8.0,gaia_774289041901756032_src4,comparison,2049.3706629467174,1446.0174197888443,True,7.983225439174618,3.666669897308566,8,309.4963722229004,443.33568550433347,38.68704652786255,55.416960688041684,False,ok
light_V0399_V_8s_2026_05_20-0053_flat_0p3_early_bias_cal.fits,2461181.6990222223,8.0,gaia_774287774887292672_src5,comparison,2041.7918097736904,1084.4002472528346,True,7.983225439174618,3.666669897308566,8,341.983341217041,432.5079638457596,42.74791765213013,54.06349548071995,False,ok
light_V0399_V_8s_2026_05_20-0053_flat_0p3_early_bias_cal.fits,2461181.6990222223,8.0,gaia_774289488578357504_src6,comparison,948.6373489589408,1104.1574431849604,True,7.983225439174618,3.666669897308566,8,318.38162994384766,367.9437102541646,39.79770374298096,45.99296378177058,False,ok
light_V0399_V_8s_2026_05_20-0053_flat_0p3_early_bias_cal.fits,2461181.6990222223,8.0,gaia_774288805679445888_src7,comparison,1952.5811949643064,1355.4055329807313,True,7.983225439174618,3.666669897308566,8,205.20164489746094,348.31343407819395,25.650205612182617,43.539179259774244,False,ok
light_V0399_V_8s_2026_05_20-0053_flat_0p3_early_bias_cal.fits,2461181.6990222223,8.0,gaia_774290626745586944_src8,comparison,1079.4443024468483,1437.6652274405944,True,7.983225439174618,3.666669897308566,8,123.55419921875,119.81252322549064,15.44427490234375,14.97656540318633,False,ok
light_V0399_V_8s_2026_05_20-0053_flat_0p3_early_bias_cal.fits,2461181.6990222223,8.0,DN_UMa,check,1860.8032254391746,690.2966698973086,True,7.983225439174618,3.666669897308566,8,104260.7696762085,100819.06863523599,13032.596209526062,12602.383579404499,False,ok
light_V0399_V_8s_2026_05_20-0054_flat_0p3_early_bias_cal.fits,2461181.699213773,8.0,target,target,1934.165977148949,635.8722801832994,True,6.2259771489488,3.352280183299399,8,23251.6429977417,66786.20335543108,2906.4553747177124,8348.275419428885,False,ok
light_V0399_V_8s_2026_05_20-0054_flat_0p3_early_bias_cal.fits,2461181.699213773,8.0,gaia_774272862760870784_src1,comparison,605.8044379404478,261.43814041254274,True,6.2259771489488,3.352280183299399,8,280.23119354248047,1061.146018326259,35.02889919281006,132.64325229078239,False,ok
light_V0399_V_8s_2026_05_20-0054_flat_0p3_early_bias_cal.fits,2461181.699213773,8.0,gaia_774271076054448768_src2,comparison,1512.9438629723604,324.6684912147755,True,6.2259771489488,3.352280183299399,8,88.13289260864258,726.7929020330357,11.016611576080322,90.84911275412946,False,ok
light_V0399_V_8s_2026_05_20-0054_flat_0p3_early_bias_cal.fits,2461181.699213773,8.0,gaia_774384016513181696_src3,comparison,396.8381137089744,1257.8670682191573,True,6.2259771489488,3.352280183299399,8,-94.9054069519043,489.8374824712831,-11.863175868988037,61.22968530891039,False,nonpositive_flux
light_V0399_V_8s_2026_05_20-0054_flat_0p3_early_bias_cal.fits,2461181.699213773,8.0,gaia_774289041901756032_src4,comparison,2047.6134146564918,1445.7030300748352,True,6.2259771489488,3.352280183299399,8,-89.57925033569336,452.17198766120663,-11.19740629196167,56.52149845765083,False,nonpositive_flux
light_V0399_V_8s_2026_05_20-0054_flat_0p3_early_bias_cal.fits,2461181.699213773,8.0,gaia_774287774887292672_src5,comparison,2040.0345614834646,1084.0858575388254,True,6.2259771489488,3.352280183299399,8,36.82816696166992,432.2181146216097,4.60352087020874,54.02726432770121,False,ok
light_V0399_V_8s_2026_05_20-0054_flat_0p3_early_bias_cal.fits,2461181.699213773,8.0,gaia_774289488578357504_src6,comparison,946.880100668715,1103.8430534709512,True,6.2259771489488,3.352280183299399,8,-86.00297927856445,379.1275351370835,-10.750372409820557,47.39094189213544,False,nonpositive_flux
light_V0399_V_8s_2026_05_20-0054_flat_0p3_early_bias_cal.fits,2461181.699213773,8.0,gaia_774288805679445888_src7,comparison,1950.8239466740806,1355.0911432667222,True,6.2259771489488,3.352280183299399,8,-55.84686279296875,343.34655147418306,-6.980857849121094,42.91831893427288,False,nonpositive_flux
light_V0399_V_8s_2026_05_20-0054_flat_0p3_early_bias_cal.fits,2461181.699213773,8.0,gaia_774290626745586944_src8,comparison,1077.6870541566223,1437.3508377265853,True,6.2259771489488,3.352280183299399,8,-10.023006439208984,136.33855445669656,-1.252875804901123,17.04231930708707,False,nonpositive_flux
light_V0399_V_8s_2026_05_20-0054_flat_0p3_early_bias_cal.fits,2461181.699213773,8.0,DN_UMa,check,1859.0459771489486,689.9822801832994,True,6.2259771489488,3.352280183299399,8,32202.66753387451,93903.4764661175,4025.333441734314,11737.934558264687,False,ok
light_V0399_V_8s_2026_05_20-0055_flat_0p3_early_bias_cal.fits,2461181.699405208,8.0,target,target,1934.5021239753182,635.9028952719875,True,6.562123975318286,3.382895271987536,8,23267.315521240234,70370.18488892751,2908.4144401550293,8796.27311111594,False,ok
light_V0399_V_8s_2026_05_20-0055_flat_0p3_early_bias_cal.fits,2461181.699405208,8.0,gaia_774272862760870784_src1,comparison,606.1405847668173,261.4687555012309,True,6.562123975318286,3.382895271987536,8,81.2622299194336,1136.7875203649924,10.1577787399292,142.09844004562405,False,ok
light_V0399_V_8s_2026_05_20-0055_flat_0p3_early_bias_cal.fits,2461181.699405208,8.0,gaia_774271076054448768_src2,comparison,1513.2800097987297,324.6991063034636,True,6.562123975318286,3.382895271987536,8,120.4867057800293,752.4127103090974,15.060838222503662,94.05158878863718,False,ok
light_V0399_V_8s_2026_05_20-0055_flat_0p3_early_bias_cal.fits,2461181.699405208,8.0,gaia_774384016513181696_src3,comparison,397.1742605353439,1257.8976833078455,True,6.562123975318286,3.382895271987536,8,64.4768180847168,526.8851053232318,8.0596022605896,65.86063816540397,False,ok
light_V0399_V_8s_2026_05_20-0055_flat_0p3_early_bias_cal.fits,2461181.699405208,8.0,gaia_774289041901756032_src4,comparison,2047.949561482861,1445.7336451635233,True,6.562123975318286,3.382895271987536,8,-14.307804107666016,455.0444291423817,-1.788475513458252,56.880553642797715,False,nonpositive_flux
light_V0399_V_8s_2026_05_20-0055_flat_0p3_early_bias_cal.fits,2461181.699405208,8.0,gaia_774287774887292672_src5,comparison,2040.3707083098338,1084.1164726275135,True,6.562123975318286,3.382895271987536,8,44.3226318359375,445.488829869809,5.5403289794921875,55.68610373372613,False,ok
light_V0399_V_8s_2026_05_20-0055_flat_0p3_early_bias_cal.fits,2461181.699405208,8.0,gaia_774289488578357504_src6,comparison,947.2162474950845,1103.8736685596393,True,6.562123975318286,3.382895271987536,8,40.23638916015625,406.2833948211213,5.029548645019531,50.78542435264016,False,ok
light_V0399_V_8s_2026_05_20-0055_flat_0p3_early_bias_cal.fits,2461181.699405208,8.0,gaia_774288805679445888_src7,comparison,1951.1600935004499,1355.1217583554103,True,6.562123975318286,3.382895271987536,8,-84.13335418701172,349.9280084418036,-10.516669273376465,43.74100105522545,False,nonpositive_flux
light_V0399_V_8s_2026_05_20-0055_flat_0p3_early_bias_cal.fits,2461181.699405208,8.0,gaia_774290626745586944_src8,comparison,1078.023200982992,1437.3814528152734,True,6.562123975318286,3.382895271987536,8,18.035545349121094,135.30581749070444,2.2544431686401367,16.913227186338055,False,ok
light_V0399_V_8s_2026_05_20-0055_flat_0p3_early_bias_cal.fits,2461181.699405208,8.0,DN_UMa,check,1859.3821239753183,690.0128952719875,True,6.562123975318286,3.382895271987536,8,32206.7872467041,97386.37717156691,4025.8484058380127,12173.297146445864,False,ok
light_V0399_V_8s_2026_05_20-0056_flat_0p3_early_bias_cal.fits,2461181.699596991,8.0,target,target,1933.582668599385,635.8456978022841,True,5.642668599384933,3.3256978022841395,8,12982.89183807373,62219.70213550318,1622.8614797592163,7777.462766937898,False,ok
light_V0399_V_8s_2026_05_20-0056_flat_0p3_early_bias_cal.fits,2461181.699596991,8.0,gaia_774272862760870784_src1,comparison,605.2211293908839,261.4115580315275,True,5.642668599384933,3.3256978022841395,8,82.41470336914062,1011.3299343547945,10.301837921142578,126.41624179434932,False,ok
light_V0399_V_8s_2026_05_20-0056_flat_0p3_early_bias_cal.fits,2461181.699596991,8.0,gaia_774271076054448768_src2,comparison,1512.3605544227964,324.6419088337602,True,5.642668599384933,3.3256978022841395,8,-45.41997528076172,710.7241036922055,-5.677496910095215,88.84051296152569,False,nonpositive_flux
light_V0399_V_8s_2026_05_20-0056_flat_0p3_early_bias_cal.fits,2461181.699596991,8.0,gaia_774384016513181696_src3,comparison,396.2548051594105,1257.840485838142,True,5.642668599384933,3.3256978022841395,8,-102.79224014282227,462.07484377271265,-12.849030017852783,57.75935547158908,False,nonpositive_flux
light_V0399_V_8s_2026_05_20-0056_flat_0p3_early_bias_cal.fits,2461181.699596991,8.0,gaia_774289041901756032_src4,comparison,2047.0301061069279,1445.67644769382,True,5.642668599384933,3.3256978022841395,8,-61.20539855957031,406.43363745604233,-7.650674819946289,50.80420468200529,False,nonpositive_flux
light_V0399_V_8s_2026_05_20-0056_flat_0p3_early_bias_cal.fits,2461181.699596991,8.0,gaia_774287774887292672_src5,comparison,2039.4512529339006,1084.0592751578101,True,5.642668599384933,3.3256978022841395,8,-79.30921173095703,430.7423371358212,-9.913651466369629,53.84279214197765,False,nonpositive_flux
light_V0399_V_8s_2026_05_20-0056_flat_0p3_early_bias_cal.fits,2461181.699596991,8.0,gaia_774289488578357504_src6,comparison,946.2967921191512,1103.816471089936,True,5.642668599384933,3.3256978022841395,8,-56.49111557006836,365.601536852378,-7.061389446258545,45.70019210654725,False,nonpositive_flux
light_V0399_V_8s_2026_05_20-0056_flat_0p3_early_bias_cal.fits,2461181.699596991,8.0,gaia_774288805679445888_src7,comparison,1950.2406381245166,1355.064560885707,True,5.642668599384933,3.3256978022841395,8,-154.9520378112793,315.3067975472068,-19.369004726409912,39.41334969340085,False,nonpositive_flux
light_V0399_V_8s_2026_05_20-0056_flat_0p3_early_bias_cal.fits,2461181.699596991,8.0,gaia_774290626745586944_src8,comparison,1077.1037456070585,1437.32425534557,True,5.642668599384933,3.3256978022841395,8,-45.9525260925293,133.41128957699834,-5.744065761566162,16.676411197124793,False,nonpositive_flux
light_V0399_V_8s_2026_05_20-0056_flat_0p3_early_bias_cal.fits,2461181.699596991,8.0,DN_UMa,check,1858.4626685993849,689.9556978022841,True,5.642668599384933,3.3256978022841395,8,19238.11164855957,90237.93554660225,2404.7639560699463,11279.741943325282,False,ok
light_V0399_V_8s_2026_05_20-0057_flat_0p3_early_bias_cal.fits,2461181.699788773,8.0,target,target,1931.7950879637237,634.9340396818916,True,3.8550879637235766,2.414039681891609,8,3491.8651580810547,29614.627201763506,436.48314476013184,3701.828400220438,False,ok
light_V0399_V_8s_2026_05_20-0057_flat_0p3_early_bias_cal.fits,2461181.699788773,8.0,gaia_774272862760870784_src1,comparison,603.4335487552225,260.49989991113495,True,3.8550879637235766,2.414039681891609,8,-145.83330917358398,537.8970905365362,-18.229163646697998,67.23713631706703,False,nonpositive_flux
light_V0399_V_8s_2026_05_20-0057_flat_0p3_early_bias_cal.fits,2461181.699788773,8.0,gaia_774271076054448768_src2,comparison,1510.5729737871352,323.7302507133677,True,3.8550879637235766,2.414039681891609,8,-138.0602684020996,432.37750147373856,-17.25753355026245,54.04718768421732,False,nonpositive_flux
light_V0399_V_8s_2026_05_20-0057_flat_0p3_early_bias_cal.fits,2461181.699788773,8.0,gaia_774384016513181696_src3,comparison,394.46722452374917,1256.9288277177495,True,3.8550879637235766,2.414039681891609,8,-234.00919342041016,275.86139527850804,-29.25114917755127,34.482674409813505,False,nonpositive_flux
light_V0399_V_8s_2026_05_20-0057_flat_0p3_early_bias_cal.fits,2461181.699788773,8.0,gaia_774289041901756032_src4,comparison,2045.2425254712666,1444.7647895734274,True,3.8550879637235766,2.414039681891609,8,-86.13077926635742,204.04495002571133,-10.766347408294678,25.505618753213916,False,nonpositive_flux
light_V0399_V_8s_2026_05_20-0057_flat_0p3_early_bias_cal.fits,2461181.699788773,8.0,gaia_774287774887292672_src5,comparison,2037.6636722982394,1083.1476170374176,True,3.8550879637235766,2.414039681891609,8,-151.68787002563477,215.95917657422382,-18.960983753204346,26.994897071777977,False,nonpositive_flux
light_V0399_V_8s_2026_05_20-0057_flat_0p3_early_bias_cal.fits,2461181.699788773,8.0,gaia_774289488578357504_src6,comparison,944.5092114834898,1102.9048129695434,True,3.8550879637235766,2.414039681891609,8,-90.37598419189453,222.38725554702543,-11.296998023986816,27.79840694337818,False,nonpositive_flux
light_V0399_V_8s_2026_05_20-0057_flat_0p3_early_bias_cal.fits,2461181.699788773,8.0,gaia_774288805679445888_src7,comparison,1948.4530574888554,1354.1529027653144,True,3.8550879637235766,2.414039681891609,8,-82.44877624511719,170.6801948083045,-10.306097030639648,21.33502435103806,False,nonpositive_flux
light_V0399_V_8s_2026_05_20-0057_flat_0p3_early_bias_cal.fits,2461181.699788773,8.0,gaia_774290626745586944_src8,comparison,1075.316164971397,1436.4125972251775,True,3.8550879637235766,2.414039681891609,8,-12.07168197631836,98.2557983741864,-1.508960247039795,12.2819747967733,False,nonpositive_flux
light_V0399_V_8s_2026_05_20-0057_flat_0p3_early_bias_cal.fits,2461181.699788773,8.0,DN_UMa,check,1856.6750879637234,689.0440396818916,True,3.8550879637235766,2.414039681891609,8,5576.42170715332,40886.3257931539,697.052713394165,5110.790724144237,False,ok
light_V0399_V_8s_2026_05_20-0058_flat_0p3_early_bias_cal.fits,2461181.6999804396,8.0,target,target,1932.4588956539014,635.3692644631733,True,4.518895653901325,2.849264463173313,8,4282.335548400879,32997.27376441096,535.2919435501099,4124.65922055137,False,ok
light_V0399_V_8s_2026_05_20-0058_flat_0p3_early_bias_cal.fits,2461181.6999804396,8.0,gaia_774272862760870784_src1,comparison,604.0973564454002,260.93512469241665,True,4.518895653901325,2.849264463173313,8,-139.4598274230957,579.6319716901395,-17.432478427886963,72.45399646126744,False,nonpositive_flux
light_V0399_V_8s_2026_05_20-0058_flat_0p3_early_bias_cal.fits,2461181.6999804396,8.0,gaia_774271076054448768_src2,comparison,1511.236781477313,324.1654754946494,True,4.518895653901325,2.849264463173313,8,-207.05977630615234,432.7864672605013,-25.882472038269043,54.09830840756266,False,nonpositive_flux
light_V0399_V_8s_2026_05_20-0058_flat_0p3_early_bias_cal.fits,2461181.6999804396,8.0,gaia_774384016513181696_src3,comparison,395.1310322139269,1257.3640524990312,True,4.518895653901325,2.849264463173313,8,-267.0276794433594,268.59253507995714,-33.37845993041992,33.57406688499464,False,nonpositive_flux
light_V0399_V_8s_2026_05_20-0058_flat_0p3_early_bias_cal.fits,2461181.6999804396,8.0,gaia_774289041901756032_src4,comparison,2045.9063331614443,1445.200014354709,True,4.518895653901325,2.849264463173313,8,-102.87947463989258,220.9881683824845,-12.859934329986572,27.623521047810563,False,nonpositive_flux
light_V0399_V_8s_2026_05_20-0058_flat_0p3_early_bias_cal.fits,2461181.6999804396,8.0,gaia_774287774887292672_src5,comparison,2038.327479988417,1083.5828418186993,True,4.518895653901325,2.849264463173313,8,-197.69653701782227,243.42279035974505,-24.712067127227783,30.42784879496813,False,nonpositive_flux
light_V0399_V_8s_2026_05_20-0058_flat_0p3_early_bias_cal.fits,2461181.6999804396,8.0,gaia_774289488578357504_src6,comparison,945.1730191736676,1103.340037750825,True,4.518895653901325,2.849264463173313,8,-54.87263870239258,212.4492350468524,-6.859079837799072,26.55615438085655,False,nonpositive_flux
light_V0399_V_8s_2026_05_20-0058_flat_0p3_early_bias_cal.fits,2461181.6999804396,8.0,gaia_774288805679445888_src7,comparison,1949.116865179033,1354.588127546596,True,4.518895653901325,2.849264463173313,8,-187.88243103027344,177.1395151509493,-23.48530387878418,22.142439393868663,False,nonpositive_flux
light_V0399_V_8s_2026_05_20-0058_flat_0p3_early_bias_cal.fits,2461181.6999804396,8.0,gaia_774290626745586944_src8,comparison,1075.979972661575,1436.8478220064592,True,4.518895653901325,2.849264463173313,8,-111.55302810668945,90.48011087441013,-13.944128513336182,11.310013859301266,False,nonpositive_flux
light_V0399_V_8s_2026_05_20-0058_flat_0p3_early_bias_cal.fits,2461181.6999804396,8.0,DN_UMa,check,1857.3388956539013,689.4792644631733,True,4.518895653901325,2.849264463173313,8,6023.555160522461,46708.997191681396,752.9443950653076,5838.624648960174,False,ok
light_V0399_V_8s_2026_05_20-0059_flat_0p3_early_bias_cal.fits,2461181.7001721063,8.0,target,target,1930.9563727636016,634.177218683108,True,3.0163727636015665,1.657218683107999,8,2074.8336486816406,13753.756072651327,259.3542060852051,1719.219509081416,False,ok
light_V0399_V_8s_2026_05_20-0059_flat_0p3_early_bias_cal.fits,2461181.7001721063,8.0,gaia_774272862760870784_src1,comparison,602.5948335551005,259.74307891235134,True,3.0163727636015665,1.657218683107999,8,-142.52851486206055,266.93589029558876,-17.81606435775757,33.366986286948595,False,nonpositive_flux
light_V0399_V_8s_2026_05_20-0059_flat_0p3_early_bias_cal.fits,2461181.7001721063,8.0,gaia_774271076054448768_src2,comparison,1509.734258587013,322.9734297145841,True,3.0163727636015665,1.657218683107999,8,-45.6019287109375,213.85690941752225,-5.7002410888671875,26.73211367719028,False,nonpositive_flux
light_V0399_V_8s_2026_05_20-0059_flat_0p3_early_bias_cal.fits,2461181.7001721063,8.0,gaia_774384016513181696_src3,comparison,393.62850932362716,1256.1720067189658,True,3.0163727636015665,1.657218683107999,8,-171.11640548706055,138.07998868271292,-21.38955068588257,17.259998585339115,False,nonpositive_flux
light_V0399_V_8s_2026_05_20-0059_flat_0p3_early_bias_cal.fits,2461181.7001721063,8.0,gaia_774289041901756032_src4,comparison,2044.4038102711445,1444.0079685746437,True,3.0163727636015665,1.657218683107999,8,-153.0328826904297,96.0461846256785,-19.12911033630371,12.005773078209813,False,nonpositive_flux
light_V0399_V_8s_2026_05_20-0059_flat_0p3_early_bias_cal.fits,2461181.7001721063,8.0,gaia_774287774887292672_src5,comparison,2036.8249570981172,1082.390796038634,True,3.0163727636015665,1.657218683107999,8,-79.86557006835938,113.14055830132867,-9.983196258544922,14.142569787666083,False,nonpositive_flux
light_V0399_V_8s_2026_05_20-0059_flat_0p3_early_bias_cal.fits,2461181.7001721063,8.0,gaia_774289488578357504_src6,comparison,943.6704962833678,1102.14799197076,True,3.0163727636015665,1.657218683107999,8,5.4978179931640625,104.11719415782157,0.6872272491455078,13.014649269727697,False,ok
light_V0399_V_8s_2026_05_20-0059_flat_0p3_early_bias_cal.fits,2461181.7001721063,8.0,gaia_774288805679445888_src7,comparison,1947.6143422887333,1353.3960817665306,True,3.0163727636015665,1.657218683107999,8,-90.79912567138672,83.81941336328903,-11.34989070892334,10.477426670411129,False,nonpositive_flux
light_V0399_V_8s_2026_05_20-0059_flat_0p3_early_bias_cal.fits,2461181.7001721063,8.0,gaia_774290626745586944_src8,comparison,1074.4774497712751,1435.6557762263938,True,3.0163727636015665,1.657218683107999,8,-134.05935287475586,57.02012901194749,-16.757419109344482,7.127516126493436,False,nonpositive_flux
light_V0399_V_8s_2026_05_20-0059_flat_0p3_early_bias_cal.fits,2461181.7001721063,8.0,DN_UMa,check,1855.8363727636015,688.287218683108,True,3.0163727636015665,1.657218683107999,8,3314.697769165039,20403.455511156568,414.3372211456299,2550.431938894571,False,ok
light_V0399_V_8s_2026_05_20-0060_flat_0p3_early_bias_cal.fits,2461181.7003641203,8.0,target,target,1930.9347526755944,634.5610389062791,True,2.994752675594299,2.041038906279141,8,1794.2319107055664,11696.998202801233,224.2789888381958,1462.124775350154,False,ok
light_V0399_V_8s_2026_05_20-0060_flat_0p3_early_bias_cal.fits,2461181.7003641203,8.0,gaia_774272862760870784_src1,comparison,602.5732134670933,260.1268991355225,True,2.994752675594299,2.041038906279141,8,-104.9307632446289,233.04194926356692,-13.116345405578613,29.130243657945865,False,nonpositive_flux
light_V0399_V_8s_2026_05_20-0060_flat_0p3_early_bias_cal.fits,2461181.7003641203,8.0,gaia_774271076054448768_src2,comparison,1509.7126384990058,323.3572499377552,True,2.994752675594299,2.041038906279141,8,-104.58771514892578,182.72628570208607,-13.073464393615723,22.84078571276076,False,nonpositive_flux
light_V0399_V_8s_2026_05_20-0060_flat_0p3_early_bias_cal.fits,2461181.7003641203,8.0,gaia_774384016513181696_src3,comparison,393.60688923561986,1256.5558269421372,True,2.994752675594299,2.041038906279141,8,-244.36452865600586,126.46379863899321,-30.545566082000732,15.807974829874151,False,nonpositive_flux
light_V0399_V_8s_2026_05_20-0060_flat_0p3_early_bias_cal.fits,2461181.7003641203,8.0,gaia_774289041901756032_src4,comparison,2044.3821901831373,1444.391788797815,True,2.994752675594299,2.041038906279141,8,-97.34045028686523,90.63443737615826,-12.167556285858154,11.329304672019783,False,nonpositive_flux
light_V0399_V_8s_2026_05_20-0060_flat_0p3_early_bias_cal.fits,2461181.7003641203,8.0,gaia_774287774887292672_src5,comparison,2036.80333701011,1082.774616261805,True,2.994752675594299,2.041038906279141,8,-136.13233184814453,97.07183258261671,-17.016541481018066,12.133979072827088,False,nonpositive_flux
light_V0399_V_8s_2026_05_20-0060_flat_0p3_early_bias_cal.fits,2461181.7003641203,8.0,gaia_774289488578357504_src6,comparison,943.6488761953606,1102.5318121939308,True,2.994752675594299,2.041038906279141,8,-105.85087966918945,98.14579329756518,-13.231359958648682,12.268224162195647,False,nonpositive_flux
light_V0399_V_8s_2026_05_20-0060_flat_0p3_early_bias_cal.fits,2461181.7003641203,8.0,gaia_774288805679445888_src7,comparison,1947.592722200726,1353.779901989702,True,2.994752675594299,2.041038906279141,8,-11.372692108154297,75.72166953415018,-1.421586513519287,9.465208691768773,False,nonpositive_flux
light_V0399_V_8s_2026_05_20-0060_flat_0p3_early_bias_cal.fits,2461181.7003641203,8.0,gaia_774290626745586944_src8,comparison,1074.455829683268,1436.0395964495651,True,2.994752675594299,2.041038906279141,8,-35.04233169555664,54.32052548148844,-4.38029146194458,6.790065685186055,False,nonpositive_flux
light_V0399_V_8s_2026_05_20-0060_flat_0p3_early_bias_cal.fits,2461181.7003641203,8.0,DN_UMa,check,1855.8147526755943,688.6710389062791,True,2.994752675594299,2.041038906279141,8,2768.8944816589355,17154.687761270303,346.11181020736694,2144.335970158788,False,ok
light_V0399_V_8s_2026_05_20-0061_flat_0p3_early_bias_cal.fits,2461181.70055544,8.0,target,target,1929.6686335510226,633.4966670610157,True,1.7286335510224262,0.9766670610157462,8,783.6318511962891,4679.229740095768,97.95398139953613,584.903717511971,False,ok
light_V0399_V_8s_2026_05_20-0061_flat_0p3_early_bias_cal.fits,2461181.70055544,8.0,gaia_774272862760870784_src1,comparison,601.3070943425214,259.0625272902591,True,1.7286335510224262,0.9766670610157462,8,-121.09781265258789,91.75568171562837,-15.137226581573486,11.469460214453546,False,nonpositive_flux
light_V0399_V_8s_2026_05_20-0061_flat_0p3_early_bias_cal.fits,2461181.70055544,8.0,gaia_774271076054448768_src2,comparison,1508.446519374434,322.29287809249183,True,1.7286335510224262,0.9766670610157462,8,-112.2917251586914,84.1593905835226,-14.036465644836426,10.519923822940324,False,nonpositive_flux
light_V0399_V_8s_2026_05_20-0061_flat_0p3_early_bias_cal.fits,2461181.70055544,8.0,gaia_774384016513181696_src3,comparison,392.340770111048,1255.4914550968738,True,1.7286335510224262,0.9766670610157462,8,-191.9694938659668,88.46024573865928,-23.99618673324585,11.05753071733241,False,nonpositive_flux
light_V0399_V_8s_2026_05_20-0061_flat_0p3_early_bias_cal.fits,2461181.70055544,8.0,gaia_774289041901756032_src4,comparison,2043.1160710585655,1443.3274169525516,True,1.7286335510224262,0.9766670610157462,8,29.370410919189453,51.77591560101928,3.6713013648986816,6.47198945012741,False,ok
light_V0399_V_8s_2026_05_20-0061_flat_0p3_early_bias_cal.fits,2461181.70055544,8.0,gaia_774287774887292672_src5,comparison,2035.5372178855382,1081.7102444165416,True,1.7286335510224262,0.9766670610157462,8,-96.124267578125,57.27270694780654,-12.015533447265625,7.1590883684758175,False,nonpositive_flux
light_V0399_V_8s_2026_05_20-0061_flat_0p3_early_bias_cal.fits,2461181.70055544,8.0,gaia_774289488578357504_src6,comparison,942.3827570707887,1101.4674403486674,True,1.7286335510224262,0.9766670610157462,8,-75.28805923461914,53.782283202898064,-9.411007404327393,6.722785400362258,False,nonpositive_flux
light_V0399_V_8s_2026_05_20-0061_flat_0p3_early_bias_cal.fits,2461181.70055544,8.0,gaia_774288805679445888_src7,comparison,1946.3266030761542,1352.7155301444386,True,1.7286335510224262,0.9766670610157462,8,-53.72003936767578,48.97226635211687,-6.715004920959473,6.1215332940146086,False,nonpositive_flux
light_V0399_V_8s_2026_05_20-0061_flat_0p3_early_bias_cal.fits,2461181.70055544,8.0,gaia_774290626745586944_src8,comparison,1073.1897105586959,1434.9752246043017,True,1.7286335510224262,0.9766670610157462,8,-38.23299789428711,45.13956413499186,-4.779124736785889,5.642445516873982,False,nonpositive_flux
light_V0399_V_8s_2026_05_20-0061_flat_0p3_early_bias_cal.fits,2461181.70055544,8.0,DN_UMa,check,1854.5486335510222,687.6066670610157,True,1.7286335510224262,0.9766670610157462,8,1430.179557800293,6766.365555535917,178.77244472503662,845.7956944419897,False,ok
light_V0399_V_8s_2026_05_20-0062_flat_0p3_early_bias_cal.fits,2461181.700747222,8.0,target,target,1930.0404666275792,633.4215388957875,True,2.100466627579209,0.901538895787553,8,808.3786315917969,4942.540885867289,101.04732894897461,617.8176107334111,False,ok
light_V0399_V_8s_2026_05_20-0062_flat_0p3_early_bias_cal.fits,2461181.700747222,8.0,gaia_774272862760870784_src1,comparison,601.6789274190781,258.9873991250309,True,2.100466627579209,0.901538895787553,8,-100.62504196166992,105.1931659232566,-12.57813024520874,13.149145740407075,False,nonpositive_flux
light_V0399_V_8s_2026_05_20-0062_flat_0p3_early_bias_cal.fits,2461181.700747222,8.0,gaia_774271076054448768_src2,comparison,1508.8183524509907,322.21774992726364,True,2.100466627579209,0.901538895787553,8,-114.3048210144043,83.57106859480884,-14.288102626800537,10.446383574351104,False,nonpositive_flux
light_V0399_V_8s_2026_05_20-0062_flat_0p3_early_bias_cal.fits,2461181.700747222,8.0,gaia_774384016513181696_src3,comparison,392.7126031876048,1255.4163269316455,True,2.100466627579209,0.901538895787553,8,-104.91498947143555,87.3732145970134,-13.114373683929443,10.921651824626675,False,nonpositive_flux
light_V0399_V_8s_2026_05_20-0062_flat_0p3_early_bias_cal.fits,2461181.700747222,8.0,gaia_774289041901756032_src4,comparison,2043.487904135122,1443.2522887873233,True,2.100466627579209,0.901538895787553,8,-65.04536056518555,55.3220975148077,-8.130670070648193,6.915262189350963,False,nonpositive_flux
light_V0399_V_8s_2026_05_20-0062_flat_0p3_early_bias_cal.fits,2461181.700747222,8.0,gaia_774287774887292672_src5,comparison,2035.9090509620949,1081.6351162513135,True,2.100466627579209,0.901538895787553,8,-104.05302047729492,54.69736166405779,-13.006627559661865,6.837170208007223,False,nonpositive_flux
light_V0399_V_8s_2026_05_20-0062_flat_0p3_early_bias_cal.fits,2461181.700747222,8.0,gaia_774289488578357504_src6,comparison,942.7545901473454,1101.3923121834393,True,2.100466627579209,0.901538895787553,8,-51.60639572143555,56.4662125544357,-6.450799465179443,7.0582765693044625,False,nonpositive_flux
light_V0399_V_8s_2026_05_20-0062_flat_0p3_early_bias_cal.fits,2461181.700747222,8.0,gaia_774288805679445888_src7,comparison,1946.6984361527109,1352.6404019792103,True,2.100466627579209,0.901538895787553,8,5.812793731689453,50.05333593388439,0.7265992164611816,6.256666991735549,False,ok
light_V0399_V_8s_2026_05_20-0062_flat_0p3_early_bias_cal.fits,2461181.700747222,8.0,gaia_774290626745586944_src8,comparison,1073.5615436352527,1434.9000964390734,True,2.100466627579209,0.901538895787553,8,33.03984832763672,44.79023029697036,4.12998104095459,5.598778787121295,False,ok
light_V0399_V_8s_2026_05_20-0062_flat_0p3_early_bias_cal.fits,2461181.700747222,8.0,DN_UMa,check,1854.9204666275791,687.5315388957875,True,2.100466627579209,0.901538895787553,8,1529.8115921020508,7343.68820573123,191.22644901275635,917.9610257164037,False,ok
light_V0399_V_8s_2026_05_20-0063_flat_0p3_early_bias_cal.fits,2461181.70093831,8.0,target,target,1930.1872923065262,633.4127294315917,True,2.247292306526191,0.8927294315917607,8,778.3319129943848,6045.350258836258,97.2914891242981,755.6687823545323,False,ok
light_V0399_V_8s_2026_05_20-0063_flat_0p3_early_bias_cal.fits,2461181.70093831,8.0,gaia_774272862760870784_src1,comparison,601.8257530980252,258.9785896608351,True,2.247292306526191,0.8927294315917607,8,-111.14253997802734,126.18511773764901,-13.892817497253418,15.773139717206126,False,nonpositive_flux
light_V0399_V_8s_2026_05_20-0063_flat_0p3_early_bias_cal.fits,2461181.70093831,8.0,gaia_774271076054448768_src2,comparison,1508.9651781299376,322.20894046306785,True,2.247292306526191,0.8927294315917607,8,-33.66997146606445,101.4370905100878,-4.208746433258057,12.679636313760975,False,nonpositive_flux
light_V0399_V_8s_2026_05_20-0063_flat_0p3_early_bias_cal.fits,2461181.70093831,8.0,gaia_774384016513181696_src3,comparison,392.85942886655175,1255.4075174674497,True,2.247292306526191,0.8927294315917607,8,-181.6781883239746,91.02046366675631,-22.709773540496826,11.37755795834454,False,nonpositive_flux
light_V0399_V_8s_2026_05_20-0063_flat_0p3_early_bias_cal.fits,2461181.70093831,8.0,gaia_774289041901756032_src4,comparison,2043.634729814069,1443.2434793231275,True,2.247292306526191,0.8927294315917607,8,-39.39421463012695,55.9333492785545,-4.924276828765869,6.991668659819313,False,nonpositive_flux
light_V0399_V_8s_2026_05_20-0063_flat_0p3_early_bias_cal.fits,2461181.70093831,8.0,gaia_774287774887292672_src5,comparison,2036.0558766410418,1081.6263067871178,True,2.247292306526191,0.8927294315917607,8,-52.585670471191406,60.101607131820714,-6.573208808898926,7.512700891477589,False,nonpositive_flux
light_V0399_V_8s_2026_05_20-0063_flat_0p3_early_bias_cal.fits,2461181.70093831,8.0,gaia_774289488578357504_src6,comparison,942.9014158262925,1101.3835027192436,True,2.247292306526191,0.8927294315917607,8,-45.12861251831055,60.43699335687254,-5.641076564788818,7.554624169609068,False,nonpositive_flux
light_V0399_V_8s_2026_05_20-0063_flat_0p3_early_bias_cal.fits,2461181.70093831,8.0,gaia_774288805679445888_src7,comparison,1946.8452618316578,1352.6315925150145,True,2.247292306526191,0.8927294315917607,8,-65.14419555664062,51.19402695376944,-8.143024444580078,6.39925336922118,False,nonpositive_flux
light_V0399_V_8s_2026_05_20-0063_flat_0p3_early_bias_cal.fits,2461181.70093831,8.0,gaia_774290626745586944_src8,comparison,1073.7083693141997,1434.8912869748776,True,2.247292306526191,0.8927294315917607,8,-68.6956558227539,45.65683228926794,-8.586956977844238,5.707104036158492,False,nonpositive_flux
light_V0399_V_8s_2026_05_20-0063_flat_0p3_early_bias_cal.fits,2461181.70093831,8.0,DN_UMa,check,1855.067292306526,687.5227294315918,True,2.247292306526191,0.8927294315917607,8,1611.706558227539,8648.420126245364,201.46331977844238,1081.0525157806705,False,ok
light_V0399_V_8s_2026_05_20-0064_flat_0p3_early_bias_cal.fits,2461181.701130209,8.0,target,target,1929.9215006858399,633.6313673643187,True,1.9815006858397624,1.1113673643187667,8,744.4065551757812,5137.304086541411,93.05081939697266,642.1630108176764,False,ok
light_V0399_V_8s_2026_05_20-0064_flat_0p3_early_bias_cal.fits,2461181.701130209,8.0,gaia_774272862760870784_src1,comparison,601.5599614773387,259.1972275935621,True,1.9815006858397624,1.1113673643187667,8,-57.430233001708984,101.66413329722587,-7.178779125213623,12.708016662153234,False,nonpositive_flux
light_V0399_V_8s_2026_05_20-0064_flat_0p3_early_bias_cal.fits,2461181.701130209,8.0,gaia_774271076054448768_src2,comparison,1508.6993865092513,322.42757839579485,True,1.9815006858397624,1.1113673643187667,8,-43.45584487915039,88.64112499733685,-5.431980609893799,11.080140624667106,False,nonpositive_flux
light_V0399_V_8s_2026_05_20-0064_flat_0p3_early_bias_cal.fits,2461181.701130209,8.0,gaia_774384016513181696_src3,comparison,392.59363724586535,1255.6261554001767,True,1.9815006858397624,1.1113673643187667,8,-131.59925079345703,91.69799881894205,-16.44990634918213,11.462249852367757,False,nonpositive_flux
light_V0399_V_8s_2026_05_20-0064_flat_0p3_early_bias_cal.fits,2461181.701130209,8.0,gaia_774289041901756032_src4,comparison,2043.3689381933827,1443.4621172558545,True,1.9815006858397624,1.1113673643187667,8,-27.356548309326172,53.43600391717919,-3.4195685386657715,6.679500489647399,False,nonpositive_flux
light_V0399_V_8s_2026_05_20-0064_flat_0p3_early_bias_cal.fits,2461181.701130209,8.0,gaia_774287774887292672_src5,comparison,2035.7900850203555,1081.8449447198448,True,1.9815006858397624,1.1113673643187667,8,-12.802177429199219,56.998889618375614,-1.6002721786499023,7.124861202296952,False,nonpositive_flux
light_V0399_V_8s_2026_05_20-0064_flat_0p3_early_bias_cal.fits,2461181.701130209,8.0,gaia_774289488578357504_src6,comparison,942.6356242056061,1101.6021406519706,True,1.9815006858397624,1.1113673643187667,8,-61.534820556640625,56.2221420567848,-7.691852569580078,7.0277677570981,False,nonpositive_flux
light_V0399_V_8s_2026_05_20-0064_flat_0p3_early_bias_cal.fits,2461181.701130209,8.0,gaia_774288805679445888_src7,comparison,1946.5794702109715,1352.8502304477415,True,1.9815006858397624,1.1113673643187667,8,-58.5992546081543,48.82794236632094,-7.324906826019287,6.1034927957901175,False,nonpositive_flux
light_V0399_V_8s_2026_05_20-0064_flat_0p3_early_bias_cal.fits,2461181.701130209,8.0,gaia_774290626745586944_src8,comparison,1073.4425776935134,1435.1099249076046,True,1.9815006858397624,1.1113673643187667,8,-32.42740249633789,45.80316509359985,-4.053425312042236,5.725395636699981,False,nonpositive_flux
light_V0399_V_8s_2026_05_20-0064_flat_0p3_early_bias_cal.fits,2461181.701130209,8.0,DN_UMa,check,1854.8015006858398,687.7413673643188,True,1.9815006858397624,1.1113673643187667,8,1365.898307800293,7489.980033544529,170.73728847503662,936.2475041930661,False,ok
light_V0399_V_8s_2026_05_20-0065_flat_0p3_early_bias_cal.fits,2461181.7013217593,8.0,target,target,1929.6123547368188,633.2646159288372,True,1.6723547368187326,0.74461592883722,8,443.52982330322266,3205.157044012473,55.44122791290283,400.6446305015591,False,ok
light_V0399_V_8s_2026_05_20-0065_flat_0p3_early_bias_cal.fits,2461181.7013217593,8.0,gaia_774272862760870784_src1,comparison,601.2508155283177,258.83047615808056,True,1.6723547368187326,0.74461592883722,8,-119.22768783569336,68.96320868313452,-14.90346097946167,8.620401085391816,False,nonpositive_flux
light_V0399_V_8s_2026_05_20-0065_flat_0p3_early_bias_cal.fits,2461181.7013217593,8.0,gaia_774271076054448768_src2,comparison,1508.3902405602303,322.0608269603133,True,1.6723547368187326,0.74461592883722,8,-31.346771240234375,63.90534190546847,-3.918346405029297,7.9881677381835585,False,nonpositive_flux
light_V0399_V_8s_2026_05_20-0065_flat_0p3_early_bias_cal.fits,2461181.7013217593,8.0,gaia_774384016513181696_src3,comparison,392.2844912968443,1255.2594039646951,True,1.6723547368187326,0.74461592883722,8,-225.39986038208008,83.35410022187212,-28.17498254776001,10.419262527734015,False,nonpositive_flux
light_V0399_V_8s_2026_05_20-0065_flat_0p3_early_bias_cal.fits,2461181.7013217593,8.0,gaia_774289041901756032_src4,comparison,2043.0597922443617,1443.095365820373,True,1.6723547368187326,0.74461592883722,8,-149.30114364624023,48.0631219146303,-18.66264295578003,6.007890239328788,False,nonpositive_flux
light_V0399_V_8s_2026_05_20-0065_flat_0p3_early_bias_cal.fits,2461181.7013217593,8.0,gaia_774287774887292672_src5,comparison,2035.4809390713344,1081.4781932843632,True,1.6723547368187326,0.74461592883722,8,-2.9407310485839844,50.35921018395954,-0.36759138107299805,6.2949012729949425,False,nonpositive_flux
light_V0399_V_8s_2026_05_20-0065_flat_0p3_early_bias_cal.fits,2461181.7013217593,8.0,gaia_774289488578357504_src6,comparison,942.326478256585,1101.235389216489,True,1.6723547368187326,0.74461592883722,8,30.168262481689453,47.92800856628873,3.7710328102111816,5.9910010707860915,False,ok
light_V0399_V_8s_2026_05_20-0065_flat_0p3_early_bias_cal.fits,2461181.7013217593,8.0,gaia_774288805679445888_src7,comparison,1946.2703242619505,1352.48347901226,True,1.6723547368187326,0.74461592883722,8,-41.097347259521484,44.12883196715781,-5.1371684074401855,5.516103995894726,False,nonpositive_flux
light_V0399_V_8s_2026_05_20-0065_flat_0p3_early_bias_cal.fits,2461181.7013217593,8.0,gaia_774290626745586944_src8,comparison,1073.1334317444923,1434.743173472123,True,1.6723547368187326,0.74461592883722,8,106.47067642211914,41.35435865277436,13.308834552764893,5.169294831596795,False,ok
light_V0399_V_8s_2026_05_20-0065_flat_0p3_early_bias_cal.fits,2461181.7013217593,8.0,DN_UMa,check,1854.4923547368187,687.3746159288372,True,1.6723547368187326,0.74461592883722,8,819.205940246582,4752.382522449308,102.40074253082275,594.0478153061636,False,ok
light_V0399_V_8s_2026_05_20-0066_flat_0p3_early_bias_cal.fits,2461181.701513542,8.0,target,target,1929.33756566387,633.2165203617596,True,1.3975656638699547,0.6965203617596671,8,304.08455657958984,2742.136142755756,38.01056957244873,342.7670178444695,False,ok
light_V0399_V_8s_2026_05_20-0066_flat_0p3_early_bias_cal.fits,2461181.701513542,8.0,gaia_774272862760870784_src1,comparison,600.9760264553689,258.782380591003,True,1.3975656638699547,0.6965203617596671,8,-79.50873947143555,62.32670817100709,-9.938592433929443,7.790838521375886,False,nonpositive_flux
light_V0399_V_8s_2026_05_20-0066_flat_0p3_early_bias_cal.fits,2461181.701513542,8.0,gaia_774271076054448768_src2,comparison,1508.1154514872815,322.01273139323575,True,1.3975656638699547,0.6965203617596671,8,-62.59723663330078,56.73933644457798,-7.824654579162598,7.092417055572247,False,nonpositive_flux
light_V0399_V_8s_2026_05_20-0066_flat_0p3_early_bias_cal.fits,2461181.701513542,8.0,gaia_774384016513181696_src3,comparison,392.00970222389554,1255.2113083976176,True,1.3975656638699547,0.6965203617596671,8,-34.91891860961914,73.67467265267557,-4.364864826202393,9.209334081584446,False,nonpositive_flux
light_V0399_V_8s_2026_05_20-0066_flat_0p3_early_bias_cal.fits,2461181.701513542,8.0,gaia_774289041901756032_src4,comparison,2042.7850031714129,1443.0472702532954,True,1.3975656638699547,0.6965203617596671,8,-11.945648193359375,44.617253681626224,-1.4932060241699219,5.577156710203278,False,nonpositive_flux
light_V0399_V_8s_2026_05_20-0066_flat_0p3_early_bias_cal.fits,2461181.701513542,8.0,gaia_774287774887292672_src5,comparison,2035.2061499983856,1081.4300977172857,True,1.3975656638699547,0.6965203617596671,8,-35.72698211669922,45.833634707981844,-4.465872764587402,5.7292043384977305,False,nonpositive_flux
light_V0399_V_8s_2026_05_20-0066_flat_0p3_early_bias_cal.fits,2461181.701513542,8.0,gaia_774289488578357504_src6,comparison,942.0516891836362,1101.1872936494115,True,1.3975656638699547,0.6965203617596671,8,24.033794403076172,42.80778256889281,3.0042243003845215,5.350972821111601,False,ok
light_V0399_V_8s_2026_05_20-0066_flat_0p3_early_bias_cal.fits,2461181.701513542,8.0,gaia_774288805679445888_src7,comparison,1945.9955351890017,1352.4353834451824,True,1.3975656638699547,0.6965203617596671,8,-57.23463439941406,43.12133175901205,-7.154329299926758,5.390166469876506,False,nonpositive_flux
light_V0399_V_8s_2026_05_20-0066_flat_0p3_early_bias_cal.fits,2461181.701513542,8.0,gaia_774290626745586944_src8,comparison,1072.8586426715435,1434.6950779050455,True,1.3975656638699547,0.6965203617596671,8,72.48211288452148,43.02967874540192,9.060264110565186,5.37870984317524,False,ok
light_V0399_V_8s_2026_05_20-0066_flat_0p3_early_bias_cal.fits,2461181.701513542,8.0,DN_UMa,check,1854.21756566387,687.3265203617597,True,1.3975656638699547,0.6965203617596671,8,687.6989364624023,3797.509978393117,85.9623670578003,474.6887472991396,False,ok
light_V0399_V_8s_2026_05_20-0067_flat_0p3_early_bias_cal.fits,2461181.70170544,8.0,target,target,1929.399721821375,632.8910355859313,True,1.459721821374842,0.3710355859312813,8,190.2823143005371,2075.1662313398233,23.78528928756714,259.3957789174779,False,ok
light_V0399_V_8s_2026_05_20-0067_flat_0p3_early_bias_cal.fits,2461181.70170544,8.0,gaia_774272862760870784_src1,comparison,601.0381826128738,258.4568958151746,True,1.459721821374842,0.3710355859312813,8,10.39229965209961,59.13381167482754,1.2990374565124512,7.391726459353443,False,ok
light_V0399_V_8s_2026_05_20-0067_flat_0p3_early_bias_cal.fits,2461181.70170544,8.0,gaia_774271076054448768_src2,comparison,1508.1776076447863,321.68724661740737,True,1.459721821374842,0.3710355859312813,8,-88.90618515014648,57.53566683187988,-11.11327314376831,7.191958353984985,False,nonpositive_flux
light_V0399_V_8s_2026_05_20-0067_flat_0p3_early_bias_cal.fits,2461181.70170544,8.0,gaia_774384016513181696_src3,comparison,392.07185838140043,1254.8858236217893,True,1.459721821374842,0.3710355859312813,8,-86.9144058227539,78.94025337686851,-10.864300727844238,9.867531672108564,False,nonpositive_flux
light_V0399_V_8s_2026_05_20-0067_flat_0p3_early_bias_cal.fits,2461181.70170544,8.0,gaia_774289041901756032_src4,comparison,2042.8471593289178,1442.7217854774672,True,1.459721821374842,0.3710355859312813,8,-46.13142776489258,44.77138833837002,-5.766428470611572,5.596423542296253,False,nonpositive_flux
light_V0399_V_8s_2026_05_20-0067_flat_0p3_early_bias_cal.fits,2461181.70170544,8.0,gaia_774287774887292672_src5,comparison,2035.2683061558905,1081.1046129414572,True,1.459721821374842,0.3710355859312813,8,-17.818553924560547,43.052070361429394,-2.2273192405700684,5.381508795178674,False,nonpositive_flux
light_V0399_V_8s_2026_05_20-0067_flat_0p3_early_bias_cal.fits,2461181.70170544,8.0,gaia_774289488578357504_src6,comparison,942.1138453411411,1100.861808873583,True,1.459721821374842,0.3710355859312813,8,10.796146392822266,42.43974728002522,1.3495182991027832,5.304968410003153,False,ok
light_V0399_V_8s_2026_05_20-0067_flat_0p3_early_bias_cal.fits,2461181.70170544,8.0,gaia_774288805679445888_src7,comparison,1946.0576913465065,1352.1098986693542,True,1.459721821374842,0.3710355859312813,8,-29.79195785522461,42.14306450776984,-3.723994731903076,5.26788306347123,False,nonpositive_flux
light_V0399_V_8s_2026_05_20-0067_flat_0p3_early_bias_cal.fits,2461181.70170544,8.0,gaia_774290626745586944_src8,comparison,1072.9207988290484,1434.3695931292173,True,1.459721821374842,0.3710355859312813,8,39.55210494995117,42.78276136483042,4.9440131187438965,5.347845170603803,False,ok
light_V0399_V_8s_2026_05_20-0067_flat_0p3_early_bias_cal.fits,2461181.70170544,8.0,DN_UMa,check,1854.2797218213748,687.0010355859313,True,1.459721821374842,0.3710355859312813,8,616.3486404418945,3136.1627296912548,77.04358005523682,392.02034121140684,False,ok
light_V0399_V_8s_2026_05_20-0068_flat_0p3_early_bias_cal.fits,2461181.7018971066,8.0,target,target,1929.2500580218032,632.5678170775828,True,1.3100580218031155,0.04781707758286302,8,231.213134765625,2030.4859209978715,28.901641845703125,253.81074012473394,False,ok
light_V0399_V_8s_2026_05_20-0068_flat_0p3_early_bias_cal.fits,2461181.7018971066,8.0,gaia_774272862760870784_src1,comparison,600.8885188133021,258.1336773068262,True,1.3100580218031155,0.04781707758286302,8,-47.60383224487305,52.0965722476834,-5.950479030609131,6.512071530960425,False,nonpositive_flux
light_V0399_V_8s_2026_05_20-0068_flat_0p3_early_bias_cal.fits,2461181.7018971066,8.0,gaia_774271076054448768_src2,comparison,1508.0279438452146,321.36402810905895,True,1.3100580218031155,0.04781707758286302,8,-57.208763122558594,49.58990426691348,-7.151095390319824,6.198738033364185,False,nonpositive_flux
light_V0399_V_8s_2026_05_20-0068_flat_0p3_early_bias_cal.fits,2461181.7018971066,8.0,gaia_774384016513181696_src3,comparison,391.9221945818287,1254.562605113441,True,1.3100580218031155,0.04781707758286302,8,-96.67098236083984,86.14624839022488,-12.08387279510498,10.76828104877811,False,nonpositive_flux
light_V0399_V_8s_2026_05_20-0068_flat_0p3_early_bias_cal.fits,2461181.7018971066,8.0,gaia_774289041901756032_src4,comparison,2042.697495529346,1442.3985669691187,True,1.3100580218031155,0.04781707758286302,8,-12.649665832519531,43.63785043904231,-1.5812082290649414,5.454731304880289,False,nonpositive_flux
light_V0399_V_8s_2026_05_20-0068_flat_0p3_early_bias_cal.fits,2461181.7018971066,8.0,gaia_774287774887292672_src5,comparison,2035.1186423563188,1080.7813944331087,True,1.3100580218031155,0.04781707758286302,8,-49.742347717285156,42.88090462127364,-6.2177934646606445,5.360113077659205,False,nonpositive_flux
light_V0399_V_8s_2026_05_20-0068_flat_0p3_early_bias_cal.fits,2461181.7018971066,8.0,gaia_774289488578357504_src6,comparison,941.9641815415694,1100.5385903652345,True,1.3100580218031155,0.04781707758286302,8,-57.28960418701172,41.11177740989152,-7.161200523376465,5.13897217623644,False,nonpositive_flux
light_V0399_V_8s_2026_05_20-0068_flat_0p3_early_bias_cal.fits,2461181.7018971066,8.0,gaia_774288805679445888_src7,comparison,1945.9080275469348,1351.7866801610057,True,1.3100580218031155,0.04781707758286302,8,-56.533687591552734,41.59333009915364,-7.066710948944092,5.199166262394205,False,nonpositive_flux
light_V0399_V_8s_2026_05_20-0068_flat_0p3_early_bias_cal.fits,2461181.7018971066,8.0,gaia_774290626745586944_src8,comparison,1072.7711350294767,1434.0463746208688,True,1.3100580218031155,0.04781707758286302,8,77.98344039916992,42.87479933726506,9.74793004989624,5.3593499171581325,False,ok
light_V0399_V_8s_2026_05_20-0068_flat_0p3_early_bias_cal.fits,2461181.7018971066,8.0,DN_UMa,check,1854.130058021803,686.6778170775829,True,1.3100580218031155,0.04781707758286302,8,481.5810012817383,2738.737603754941,60.197625160217285,342.34220046936764,False,ok
light_V0399_V_8s_2026_05_20-0069_flat_0p3_early_bias_cal.fits,2461181.7020890047,8.0,target,target,1929.9573319150936,633.2049622116584,True,2.017331915093564,0.6849622116584442,8,461.41265869140625,3407.022282091414,57.67658233642578,425.87778526142677,False,ok
light_V0399_V_8s_2026_05_20-0069_flat_0p3_early_bias_cal.fits,2461181.7020890047,8.0,gaia_774272862760870784_src1,comparison,601.5957927065925,258.7708224409018,True,2.017331915093564,0.6849622116584442,8,-52.55784606933594,81.89956777029855,-6.569730758666992,10.237445971287318,False,nonpositive_flux
light_V0399_V_8s_2026_05_20-0069_flat_0p3_early_bias_cal.fits,2461181.7020890047,8.0,gaia_774271076054448768_src2,comparison,1508.735217738505,322.00117324313453,True,2.017331915093564,0.6849622116584442,8,-94.26516723632812,66.20994115854931,-11.783145904541016,8.276242644818664,False,nonpositive_flux
light_V0399_V_8s_2026_05_20-0069_flat_0p3_early_bias_cal.fits,2461181.7020890047,8.0,gaia_774384016513181696_src3,comparison,392.62946847511915,1255.1997502475165,True,2.017331915093564,0.6849622116584442,8,-48.06019973754883,75.30787300792234,-6.0075249671936035,9.413484125990292,False,nonpositive_flux
light_V0399_V_8s_2026_05_20-0069_flat_0p3_early_bias_cal.fits,2461181.7020890047,8.0,gaia_774289041901756032_src4,comparison,2043.4047694226365,1443.0357121031943,True,2.017331915093564,0.6849622116584442,8,-9.94333267211914,48.51734381930688,-1.2429165840148926,6.06466797741336,False,nonpositive_flux
light_V0399_V_8s_2026_05_20-0069_flat_0p3_early_bias_cal.fits,2461181.7020890047,8.0,gaia_774287774887292672_src5,comparison,2035.8259162496092,1081.4185395671843,True,2.017331915093564,0.6849622116584442,8,-83.17815017700195,49.35944152596933,-10.397268772125244,6.169930190746166,False,nonpositive_flux
light_V0399_V_8s_2026_05_20-0069_flat_0p3_early_bias_cal.fits,2461181.7020890047,8.0,gaia_774289488578357504_src6,comparison,942.6714554348598,1101.1757354993101,True,2.017331915093564,0.6849622116584442,8,-96.09023666381836,46.43433721826524,-12.011279582977295,5.804292152283155,False,nonpositive_flux
light_V0399_V_8s_2026_05_20-0069_flat_0p3_early_bias_cal.fits,2461181.7020890047,8.0,gaia_774288805679445888_src7,comparison,1946.6153014402253,1352.4238252950813,True,2.017331915093564,0.6849622116584442,8,32.095420837402344,44.67273157644861,4.011927604675293,5.5840914470560765,False,ok
light_V0399_V_8s_2026_05_20-0069_flat_0p3_early_bias_cal.fits,2461181.7020890047,8.0,gaia_774290626745586944_src8,comparison,1073.4784089227671,1434.6835197549444,True,2.017331915093564,0.6849622116584442,8,-104.69345474243164,43.70478331962175,-13.086681842803955,5.463097914952718,False,nonpositive_flux
light_V0399_V_8s_2026_05_20-0069_flat_0p3_early_bias_cal.fits,2461181.7020890047,8.0,DN_UMa,check,1854.8373319150935,687.3149622116584,True,2.017331915093564,0.6849622116584442,8,1213.3278121948242,5001.656830944422,151.66597652435303,625.2071038680527,False,ok
light_V0399_V_8s_2026_05_20-0070_flat_0p3_early_bias_cal.fits,2461181.702280787,8.0,target,target,1929.0209655192232,632.5708992567504,True,1.0809655192231276,0.0508992567504265,9,56.65542221069336,577.1860389839552,7.08192777633667,72.1482548729944,False,ok
light_V0399_V_8s_2026_05_20-0070_flat_0p3_early_bias_cal.fits,2461181.702280787,8.0,gaia_774272862760870784_src1,comparison,600.6594263107221,258.13675948599376,True,1.0809655192231276,0.0508992567504265,9,-30.83211898803711,42.71195187992406,-3.8540148735046387,5.338993984990507,False,nonpositive_flux
light_V0399_V_8s_2026_05_20-0070_flat_0p3_early_bias_cal.fits,2461181.702280787,8.0,gaia_774271076054448768_src2,comparison,1507.7988513426346,321.3671102882265,True,1.0809655192231276,0.0508992567504265,9,-76.36675643920898,42.3320131811294,-9.545844554901123,5.291501647641175,False,nonpositive_flux
light_V0399_V_8s_2026_05_20-0070_flat_0p3_early_bias_cal.fits,2461181.702280787,8.0,gaia_774384016513181696_src3,comparison,391.6931020792487,1254.5656872926083,True,1.0809655192231276,0.0508992567504265,9,-27.45281219482422,68.21340555351848,-3.4316015243530273,8.52667569418981,False,nonpositive_flux
light_V0399_V_8s_2026_05_20-0070_flat_0p3_early_bias_cal.fits,2461181.702280787,8.0,gaia_774289041901756032_src4,comparison,2042.468403026766,1442.4016491482862,True,1.0809655192231276,0.0508992567504265,9,-99.13307571411133,40.39563287138667,-12.391634464263916,5.049454108923333,False,nonpositive_flux
light_V0399_V_8s_2026_05_20-0070_flat_0p3_early_bias_cal.fits,2461181.702280787,8.0,gaia_774287774887292672_src5,comparison,2034.8895498537388,1080.7844766122764,True,1.0809655192231276,0.0508992567504265,9,-12.213607788085938,39.696960280422395,-1.5267009735107422,4.962120035052799,False,nonpositive_flux
light_V0399_V_8s_2026_05_20-0070_flat_0p3_early_bias_cal.fits,2461181.702280787,8.0,gaia_774289488578357504_src6,comparison,941.7350890389894,1100.5416725444022,True,1.0809655192231276,0.0508992567504265,9,-3.867462158203125,39.498573787479486,-0.4834327697753906,4.937321723434936,False,nonpositive_flux
light_V0399_V_8s_2026_05_20-0070_flat_0p3_early_bias_cal.fits,2461181.702280787,8.0,gaia_774288805679445888_src7,comparison,1945.6789350443548,1351.7897623401732,True,1.0809655192231276,0.0508992567504265,9,-72.45411682128906,41.335716360695216,-9.056764602661133,5.166964545086902,False,nonpositive_flux
light_V0399_V_8s_2026_05_20-0070_flat_0p3_early_bias_cal.fits,2461181.702280787,8.0,gaia_774290626745586944_src8,comparison,1072.5420425268967,1434.0494568000363,True,1.0809655192231276,0.0508992567504265,9,-29.224437713623047,41.701348557117576,-3.653054714202881,5.212668569639697,False,nonpositive_flux
light_V0399_V_8s_2026_05_20-0070_flat_0p3_early_bias_cal.fits,2461181.702280787,8.0,DN_UMa,check,1853.900965519223,686.6808992567504,True,1.0809655192231276,0.0508992567504265,9,191.03777313232422,820.0026041933312,23.879721641540527,102.5003255241664,False,ok
light_V0399_V_8s_2026_05_20-0071_flat_0p3_early_bias_cal.fits,2461181.7024725694,8.0,target,target,1928.6692914738637,632.7327840683621,True,0.7292914738636682,0.2127840683621116,9,-26.796890258789062,723.2395941287972,-3.349611282348633,90.40494926609965,False,nonpositive_flux
light_V0399_V_8s_2026_05_20-0071_flat_0p3_early_bias_cal.fits,2461181.7024725694,8.0,gaia_774272862760870784_src1,comparison,600.3077522653626,258.29864429760545,True,0.7292914738636682,0.2127840683621116,9,-71.87337493896484,44.220335492591715,-8.984171867370605,5.527541936573964,False,nonpositive_flux
light_V0399_V_8s_2026_05_20-0071_flat_0p3_early_bias_cal.fits,2461181.7024725694,8.0,gaia_774271076054448768_src2,comparison,1507.4471772972752,321.5289950998382,True,0.7292914738636682,0.2127840683621116,9,8.42715072631836,41.349132526952694,1.053393840789795,5.168641565869087,False,ok
light_V0399_V_8s_2026_05_20-0071_flat_0p3_early_bias_cal.fits,2461181.7024725694,8.0,gaia_774384016513181696_src3,comparison,391.34142803388926,1254.7275721042201,True,0.7292914738636682,0.2127840683621116,9,-49.072227478027344,81.87572518473642,-6.134028434753418,10.234465648092053,False,nonpositive_flux
light_V0399_V_8s_2026_05_20-0071_flat_0p3_early_bias_cal.fits,2461181.7024725694,8.0,gaia_774289041901756032_src4,comparison,2042.1167289814066,1442.563533959898,True,0.7292914738636682,0.2127840683621116,9,-67.61057662963867,41.95539576923059,-8.451322078704834,5.244424471153824,False,nonpositive_flux
light_V0399_V_8s_2026_05_20-0071_flat_0p3_early_bias_cal.fits,2461181.7024725694,8.0,gaia_774287774887292672_src5,comparison,2034.5378758083793,1080.946361423888,True,0.7292914738636682,0.2127840683621116,9,-73.20281219482422,42.67310680224201,-9.150351524353027,5.334138350280251,False,nonpositive_flux
light_V0399_V_8s_2026_05_20-0071_flat_0p3_early_bias_cal.fits,2461181.7024725694,8.0,gaia_774289488578357504_src6,comparison,941.3834149936299,1100.7035573560138,True,0.7292914738636682,0.2127840683621116,9,-12.812973022460938,40.24379497670552,-1.6016216278076172,5.03047437208819,False,nonpositive_flux
light_V0399_V_8s_2026_05_20-0071_flat_0p3_early_bias_cal.fits,2461181.7024725694,8.0,gaia_774288805679445888_src7,comparison,1945.3272609989954,1351.951647151785,True,0.7292914738636682,0.2127840683621116,9,-32.460716247558594,40.327688642638165,-4.057589530944824,5.040961080329771,False,nonpositive_flux
light_V0399_V_8s_2026_05_20-0071_flat_0p3_early_bias_cal.fits,2461181.7024725694,8.0,gaia_774290626745586944_src8,comparison,1072.1903684815372,1434.211341611648,True,0.7292914738636682,0.2127840683621116,9,-61.864036560058594,39.7243494288674,-7.733004570007324,4.965543678608425,False,nonpositive_flux
light_V0399_V_8s_2026_05_20-0071_flat_0p3_early_bias_cal.fits,2461181.7024725694,8.0,DN_UMa,check,1853.5492914738636,686.8427840683621,True,0.7292914738636682,0.2127840683621116,9,122.56199264526367,1086.673362751218,15.320249080657959,135.83417034390226,False,ok
light_V0399_V_8s_2026_05_20-0072_flat_0p3_early_bias_cal.fits,2461181.7026641206,8.0,target,target,1928.7649428456957,632.9665043020536,True,0.8249428456956593,0.4465043020536541,9,36.21010971069336,540.4549409034081,4.52626371383667,67.55686761292601,False,ok
light_V0399_V_8s_2026_05_20-0072_flat_0p3_early_bias_cal.fits,2461181.7026641206,8.0,gaia_774272862760870784_src1,comparison,600.4034036371946,258.532364531297,True,0.8249428456956593,0.4465043020536541,9,-32.383907318115234,42.884780806899926,-4.047988414764404,5.360597600862491,False,nonpositive_flux
light_V0399_V_8s_2026_05_20-0072_flat_0p3_early_bias_cal.fits,2461181.7026641206,8.0,gaia_774271076054448768_src2,comparison,1507.5428286691072,321.76271533352974,True,0.8249428456956593,0.4465043020536541,9,-25.554370880126953,41.334426863683014,-3.194296360015869,5.166803357960377,False,nonpositive_flux
light_V0399_V_8s_2026_05_20-0072_flat_0p3_early_bias_cal.fits,2461181.7026641206,8.0,gaia_774384016513181696_src3,comparison,391.43707940572125,1254.9612923379116,True,0.8249428456956593,0.4465043020536541,9,-97.67476272583008,83.02646019130468,-12.20934534072876,10.378307523913085,False,nonpositive_flux
light_V0399_V_8s_2026_05_20-0072_flat_0p3_early_bias_cal.fits,2461181.7026641206,8.0,gaia_774289041901756032_src4,comparison,2042.2123803532386,1442.7972541935894,True,0.8249428456956593,0.4465043020536541,9,14.220588684082031,39.73412289568364,1.777573585510254,4.966765361960455,False,ok
light_V0399_V_8s_2026_05_20-0072_flat_0p3_early_bias_cal.fits,2461181.7026641206,8.0,gaia_774287774887292672_src5,comparison,2034.6335271802113,1081.1800816575796,True,0.8249428456956593,0.4465043020536541,9,7.596992492675781,40.29261908179248,0.9496240615844727,5.03657738522406,False,ok
light_V0399_V_8s_2026_05_20-0072_flat_0p3_early_bias_cal.fits,2461181.7026641206,8.0,gaia_774289488578357504_src6,comparison,941.4790663654619,1100.9372775897054,True,0.8249428456956593,0.4465043020536541,9,5.766620635986328,41.465400281217036,0.720827579498291,5.1831750351521295,False,ok
light_V0399_V_8s_2026_05_20-0072_flat_0p3_early_bias_cal.fits,2461181.7026641206,8.0,gaia_774288805679445888_src7,comparison,1945.4229123708274,1352.1853673854764,True,0.8249428456956593,0.4465043020536541,9,17.54936981201172,40.45021854401008,2.193671226501465,5.05627731800126,False,ok
light_V0399_V_8s_2026_05_20-0072_flat_0p3_early_bias_cal.fits,2461181.7026641206,8.0,gaia_774290626745586944_src8,comparison,1072.2860198533692,1434.4450618453395,True,0.8249428456956593,0.4465043020536541,9,-9.080440521240234,40.925296691325144,-1.1350550651550293,5.115662086415643,False,nonpositive_flux
light_V0399_V_8s_2026_05_20-0072_flat_0p3_early_bias_cal.fits,2461181.7026641206,8.0,DN_UMa,check,1853.6449428456956,687.0765043020536,True,0.8249428456956593,0.4465043020536541,9,277.1730499267578,788.865667560889,34.64663124084473,98.60820844511113,False,ok
light_V0399_V_8s_2026_05_20-0073_flat_0p3_early_bias_cal.fits,2461181.7028560187,8.0,target,target,1928.9538126329053,633.0100936548888,True,1.0138126329052284,0.49009365488882395,9,-0.32158660888671875,625.8597796022867,-0.040198326110839844,78.23247245028584,False,nonpositive_flux
light_V0399_V_8s_2026_05_20-0073_flat_0p3_early_bias_cal.fits,2461181.7028560187,8.0,gaia_774272862760870784_src1,comparison,600.5922734244042,258.57595388413216,True,1.0138126329052284,0.49009365488882395,9,28.206390380859375,41.71882443649993,3.525798797607422,5.214853054562491,False,ok
light_V0399_V_8s_2026_05_20-0073_flat_0p3_early_bias_cal.fits,2461181.7028560187,8.0,gaia_774271076054448768_src2,comparison,1507.7316984563167,321.8063046863649,True,1.0138126329052284,0.49009365488882395,9,-28.662818908691406,40.61012085540021,-3.582852363586426,5.076265106925026,False,nonpositive_flux
light_V0399_V_8s_2026_05_20-0073_flat_0p3_early_bias_cal.fits,2461181.7028560187,8.0,gaia_774384016513181696_src3,comparison,391.6259491929308,1255.0048816907467,True,1.0138126329052284,0.49009365488882395,9,-91.13702774047852,78.15377099056283,-11.392128467559814,9.769221373820354,False,nonpositive_flux
light_V0399_V_8s_2026_05_20-0073_flat_0p3_early_bias_cal.fits,2461181.7028560187,8.0,gaia_774289041901756032_src4,comparison,2042.4012501404482,1442.8408435464246,True,1.0138126329052284,0.49009365488882395,9,-81.55011749267578,40.043351443146,-10.193764686584473,5.00541893039325,False,nonpositive_flux
light_V0399_V_8s_2026_05_20-0073_flat_0p3_early_bias_cal.fits,2461181.7028560187,8.0,gaia_774287774887292672_src5,comparison,2034.822396967421,1081.2236710104148,True,1.0138126329052284,0.49009365488882395,9,-43.677452087402344,39.58726533126042,-5.459681510925293,4.948408166407552,False,nonpositive_flux
light_V0399_V_8s_2026_05_20-0073_flat_0p3_early_bias_cal.fits,2461181.7028560187,8.0,gaia_774289488578357504_src6,comparison,941.6679361526715,1100.9808669425406,True,1.0138126329052284,0.49009365488882395,9,50.71900939941406,40.53662136580994,6.339876174926758,5.067077670726243,False,ok
light_V0399_V_8s_2026_05_20-0073_flat_0p3_early_bias_cal.fits,2461181.7028560187,8.0,gaia_774288805679445888_src7,comparison,1945.611782158037,1352.2289567383116,True,1.0138126329052284,0.49009365488882395,9,-139.50002670288086,41.38389611243882,-17.437503337860107,5.172987014054852,False,nonpositive_flux
light_V0399_V_8s_2026_05_20-0073_flat_0p3_early_bias_cal.fits,2461181.7028560187,8.0,gaia_774290626745586944_src8,comparison,1072.4748896405788,1434.4886511981747,True,1.0138126329052284,0.49009365488882395,9,38.741065979003906,41.1626946293415,4.842633247375488,5.145336828667688,False,ok
light_V0399_V_8s_2026_05_20-0073_flat_0p3_early_bias_cal.fits,2461181.7028560187,8.0,DN_UMa,check,1853.8338126329052,687.1200936548888,True,1.0138126329052284,0.49009365488882395,9,88.57725524902344,934.1491823391805,11.07215690612793,116.76864779239756,False,ok
light_V0399_V_8s_2026_05_20-0074_flat_0p3_early_bias_cal.fits,2461181.7030475694,8.0,target,target,1928.9575276078597,632.8822814363218,True,1.0175276078596198,0.36228143632183674,9,209.28926467895508,859.5206212898909,26.161158084869385,107.44007766123636,False,ok
light_V0399_V_8s_2026_05_20-0074_flat_0p3_early_bias_cal.fits,2461181.7030475694,8.0,gaia_774272862760870784_src1,comparison,600.5959883993586,258.4481416655652,True,1.0175276078596198,0.36228143632183674,9,-94.07120132446289,45.17785003606351,-11.758900165557861,5.647231254507939,False,nonpositive_flux
light_V0399_V_8s_2026_05_20-0074_flat_0p3_early_bias_cal.fits,2461181.7030475694,8.0,gaia_774271076054448768_src2,comparison,1507.7354134312711,321.6784924677979,True,1.0175276078596198,0.36228143632183674,9,-58.339866638183594,40.108958023719865,-7.292483329772949,5.013619752964983,False,nonpositive_flux
light_V0399_V_8s_2026_05_20-0074_flat_0p3_early_bias_cal.fits,2461181.7030475694,8.0,gaia_774384016513181696_src3,comparison,391.6296641678852,1254.8770694721798,True,1.0175276078596198,0.36228143632183674,9,-20.070968627929688,67.41802407636922,-2.508871078491211,8.427253009546153,False,nonpositive_flux
light_V0399_V_8s_2026_05_20-0074_flat_0p3_early_bias_cal.fits,2461181.7030475694,8.0,gaia_774289041901756032_src4,comparison,2042.4049651154025,1442.7130313278576,True,1.0175276078596198,0.36228143632183674,9,-103.36087799072266,41.6106637484843,-12.920109748840332,5.201332968560537,False,nonpositive_flux
light_V0399_V_8s_2026_05_20-0074_flat_0p3_early_bias_cal.fits,2461181.7030475694,8.0,gaia_774287774887292672_src5,comparison,2034.8261119423753,1081.0958587918478,True,1.0175276078596198,0.36228143632183674,9,8.948062896728516,40.166557717028255,1.1185078620910645,5.020819714628532,False,ok
light_V0399_V_8s_2026_05_20-0074_flat_0p3_early_bias_cal.fits,2461181.7030475694,8.0,gaia_774289488578357504_src6,comparison,941.6716511276259,1100.8530547239736,True,1.0175276078596198,0.36228143632183674,9,4.552440643310547,39.31682061697999,0.5690550804138184,4.914602577122499,False,ok
light_V0399_V_8s_2026_05_20-0074_flat_0p3_early_bias_cal.fits,2461181.7030475694,8.0,gaia_774288805679445888_src7,comparison,1945.6154971329913,1352.1011445197446,True,1.0175276078596198,0.36228143632183674,9,32.76063919067383,41.133368895311754,4.0950798988342285,5.141671111913969,False,ok
light_V0399_V_8s_2026_05_20-0074_flat_0p3_early_bias_cal.fits,2461181.7030475694,8.0,gaia_774290626745586944_src8,comparison,1072.4786046155332,1434.3608389796077,True,1.0175276078596198,0.36228143632183674,9,65.11013412475586,39.50958275452726,8.138766765594482,4.938697844315907,False,ok
light_V0399_V_8s_2026_05_20-0074_flat_0p3_early_bias_cal.fits,2461181.7030475694,8.0,DN_UMa,check,1853.8375276078596,686.9922814363218,True,1.0175276078596198,0.36228143632183674,9,164.72699737548828,1210.9883903719672,20.590874671936035,151.3735487964959,False,ok
light_V0399_V_8s_2026_05_20-0075_flat_0p3_early_bias_cal.fits,2461181.7032395834,8.0,target,target,1928.7008283760626,632.7884644059247,True,0.7608283760625909,0.2684644059247603,9,-106.78995132446289,255.56050903501756,-13.348743915557861,31.945063629377195,False,nonpositive_flux
light_V0399_V_8s_2026_05_20-0075_flat_0p3_early_bias_cal.fits,2461181.7032395834,8.0,gaia_774272862760870784_src1,comparison,600.3392891675616,258.3543246351681,True,0.7608283760625909,0.2684644059247603,9,-84.84510803222656,43.82238508649967,-10.60563850402832,5.477798135812459,False,nonpositive_flux
light_V0399_V_8s_2026_05_20-0075_flat_0p3_early_bias_cal.fits,2461181.7032395834,8.0,gaia_774271076054448768_src2,comparison,1507.478714199474,321.58467543740085,True,0.7608283760625909,0.2684644059247603,9,24.48178482055664,41.29288216068441,3.06022310256958,5.161610270085551,False,ok
light_V0399_V_8s_2026_05_20-0075_flat_0p3_early_bias_cal.fits,2461181.7032395834,8.0,gaia_774384016513181696_src3,comparison,391.3729649360882,1254.7832524417827,True,0.7608283760625909,0.2684644059247603,9,-102.14786148071289,85.41718714722504,-12.768482685089111,10.67714839340313,False,nonpositive_flux
light_V0399_V_8s_2026_05_20-0075_flat_0p3_early_bias_cal.fits,2461181.7032395834,8.0,gaia_774289041901756032_src4,comparison,2042.1482658836055,1442.6192142974605,True,0.7608283760625909,0.2684644059247603,9,-86.2690200805664,39.15754696565797,-10.7836275100708,4.894693370707246,False,nonpositive_flux
light_V0399_V_8s_2026_05_20-0075_flat_0p3_early_bias_cal.fits,2461181.7032395834,8.0,gaia_774287774887292672_src5,comparison,2034.5694127105783,1081.0020417614508,True,0.7608283760625909,0.2684644059247603,9,-1.9679183959960938,38.18170199334846,-0.24598979949951172,4.772712749168558,False,nonpositive_flux
light_V0399_V_8s_2026_05_20-0075_flat_0p3_early_bias_cal.fits,2461181.7032395834,8.0,gaia_774289488578357504_src6,comparison,941.4149518958288,1100.7592376935766,True,0.7608283760625909,0.2684644059247603,9,-38.763973236083984,38.727974921527576,-4.845496654510498,4.840996865190947,False,nonpositive_flux
light_V0399_V_8s_2026_05_20-0075_flat_0p3_early_bias_cal.fits,2461181.7032395834,8.0,gaia_774288805679445888_src7,comparison,1945.3587979011943,1352.0073274893475,True,0.7608283760625909,0.2684644059247603,9,-25.71808624267578,39.77207633278045,-3.2147607803344727,4.971509541597556,False,nonpositive_flux
light_V0399_V_8s_2026_05_20-0075_flat_0p3_early_bias_cal.fits,2461181.7032395834,8.0,gaia_774290626745586944_src8,comparison,1072.2219053837362,1434.2670219492106,True,0.7608283760625909,0.2684644059247603,9,50.05530548095703,38.87354015735353,6.256913185119629,4.859192519669191,False,ok
light_V0399_V_8s_2026_05_20-0075_flat_0p3_early_bias_cal.fits,2461181.7032395834,8.0,DN_UMa,check,1853.5808283760625,686.8984644059248,True,0.7608283760625909,0.2684644059247603,9,-26.15593719482422,385.0590111122713,-3.2694921493530273,48.132376389033915,False,nonpositive_flux
light_V0399_V_8s_2026_05_20-0076_flat_0p3_early_bias_cal.fits,2461181.703431134,8.0,target,target,1928.9465907151719,632.6012857215735,True,1.0065907151717965,0.0812857215735221,9,-11.465572357177734,324.27851668062044,-1.4331965446472168,40.534814585077555,False,nonpositive_flux
light_V0399_V_8s_2026_05_20-0076_flat_0p3_early_bias_cal.fits,2461181.703431134,8.0,gaia_774272862760870784_src1,comparison,600.5850515066708,258.16714595081686,True,1.0065907151717965,0.0812857215735221,9,-19.729454040527344,39.38835946678046,-2.466181755065918,4.923544933347557,False,nonpositive_flux
light_V0399_V_8s_2026_05_20-0076_flat_0p3_early_bias_cal.fits,2461181.703431134,8.0,gaia_774271076054448768_src2,comparison,1507.7244765385833,321.3974967530496,True,1.0065907151717965,0.0812857215735221,9,2.037841796875,39.55721087805664,0.254730224609375,4.94465135975708,False,ok
light_V0399_V_8s_2026_05_20-0076_flat_0p3_early_bias_cal.fits,2461181.703431134,8.0,gaia_774384016513181696_src3,comparison,391.6187272751974,1254.5960737574314,True,1.0065907151717965,0.0812857215735221,9,-49.25369644165039,75.23919547866167,-6.156712055206299,9.404899434832709,False,nonpositive_flux
light_V0399_V_8s_2026_05_20-0076_flat_0p3_early_bias_cal.fits,2461181.703431134,8.0,gaia_774289041901756032_src4,comparison,2042.3940282227147,1442.4320356131093,True,1.0065907151717965,0.0812857215735221,9,4.023899078369141,40.289040164711906,0.5029873847961426,5.036130020588988,False,ok
light_V0399_V_8s_2026_05_20-0076_flat_0p3_early_bias_cal.fits,2461181.703431134,8.0,gaia_774287774887292672_src5,comparison,2034.8151750496875,1080.8148630770995,True,1.0065907151717965,0.0812857215735221,9,-16.028274536132812,41.14066341858174,-2.0035343170166016,5.142582927322717,False,nonpositive_flux
light_V0399_V_8s_2026_05_20-0076_flat_0p3_early_bias_cal.fits,2461181.703431134,8.0,gaia_774289488578357504_src6,comparison,941.660714234938,1100.5720590092253,True,1.0065907151717965,0.0812857215735221,9,-38.39506530761719,38.07461892495038,-4.799383163452148,4.759327365618797,False,nonpositive_flux
light_V0399_V_8s_2026_05_20-0076_flat_0p3_early_bias_cal.fits,2461181.703431134,8.0,gaia_774288805679445888_src7,comparison,1945.6045602403035,1351.8201488049963,True,1.0065907151717965,0.0812857215735221,9,17.963794708251953,38.89090959471341,2.245474338531494,4.861363699339177,False,ok
light_V0399_V_8s_2026_05_20-0076_flat_0p3_early_bias_cal.fits,2461181.703431134,8.0,gaia_774290626745586944_src8,comparison,1072.4676677228454,1434.0798432648594,True,1.0065907151717965,0.0812857215735221,9,-2.6425132751464844,40.258341055795675,-0.33031415939331055,5.032292631974459,False,nonpositive_flux
light_V0399_V_8s_2026_05_20-0076_flat_0p3_early_bias_cal.fits,2461181.703431134,8.0,DN_UMa,check,1853.8265907151717,686.7112857215735,True,1.0065907151717965,0.0812857215735221,9,147.86055755615234,479.58338956458397,18.482569694519043,59.947923695572996,False,ok
light_V0399_V_8s_2026_05_20-0077_flat_0p3_early_bias_cal.fits,2461181.703622338,8.0,target,target,1928.2590401735017,632.4526530051985,True,0.31904017350166214,-0.06734699480148265,9,-141.10291290283203,204.39476322152584,-17.637864112854004,25.54934540269073,False,nonpositive_flux
light_V0399_V_8s_2026_05_20-0077_flat_0p3_early_bias_cal.fits,2461181.703622338,8.0,gaia_774272862760870784_src1,comparison,599.8975009650006,258.01851323444185,True,0.31904017350166214,-0.06734699480148265,9,-44.86317825317383,39.21105644155195,-5.6078972816467285,4.901382055193994,False,nonpositive_flux
light_V0399_V_8s_2026_05_20-0077_flat_0p3_early_bias_cal.fits,2461181.703622338,8.0,gaia_774271076054448768_src2,comparison,1507.0369259969132,321.2488640366746,True,0.31904017350166214,-0.06734699480148265,9,3.2127456665039062,38.829558322512625,0.4015932083129883,4.853694790314078,False,ok
light_V0399_V_8s_2026_05_20-0077_flat_0p3_early_bias_cal.fits,2461181.703622338,8.0,gaia_774384016513181696_src3,comparison,390.93117673352725,1254.4474410410564,True,0.31904017350166214,-0.06734699480148265,9,-9.261703491210938,84.45180721665523,-1.1577129364013672,10.556475902081903,False,nonpositive_flux
light_V0399_V_8s_2026_05_20-0077_flat_0p3_early_bias_cal.fits,2461181.703622338,8.0,gaia_774289041901756032_src4,comparison,2041.7064776810446,1442.2834028967343,True,0.31904017350166214,-0.06734699480148265,9,62.89044952392578,42.2094614787982,7.861306190490723,5.276182684849775,False,ok
light_V0399_V_8s_2026_05_20-0077_flat_0p3_early_bias_cal.fits,2461181.703622338,8.0,gaia_774287774887292672_src5,comparison,2034.1276245080173,1080.6662303607245,True,0.31904017350166214,-0.06734699480148265,9,-22.4056396484375,39.72610895538868,-2.8007049560546875,4.965763619423585,False,nonpositive_flux
light_V0399_V_8s_2026_05_20-0077_flat_0p3_early_bias_cal.fits,2461181.703622338,8.0,gaia_774289488578357504_src6,comparison,940.9731636932679,1100.4234262928503,True,0.31904017350166214,-0.06734699480148265,9,-35.11705780029297,39.480155829897114,-4.389632225036621,4.935019478737139,False,nonpositive_flux
light_V0399_V_8s_2026_05_20-0077_flat_0p3_early_bias_cal.fits,2461181.703622338,8.0,gaia_774288805679445888_src7,comparison,1944.9170096986334,1351.6715160886213,True,0.31904017350166214,-0.06734699480148265,9,-0.07607650756835938,39.649058442302746,-0.009509563446044922,4.956132305287843,False,nonpositive_flux
light_V0399_V_8s_2026_05_20-0077_flat_0p3_early_bias_cal.fits,2461181.703622338,8.0,gaia_774290626745586944_src8,comparison,1071.7801171811752,1433.9312105484844,True,0.31904017350166214,-0.06734699480148265,9,30.928077697753906,39.64930068426594,3.8660097122192383,4.956162585533242,False,ok
light_V0399_V_8s_2026_05_20-0077_flat_0p3_early_bias_cal.fits,2461181.703622338,8.0,DN_UMa,check,1853.1390401735016,686.5626530051985,True,0.31904017350166214,-0.06734699480148265,9,-12.2120361328125,276.70796248233,-1.5265045166015625,34.58849531029125,False,nonpositive_flux
light_V0399_V_8s_2026_05_20-0078_flat_0p3_early_bias_cal.fits,2461181.703814236,8.0,target,target,1928.6247214045832,632.7820461314461,True,0.6847214045831151,0.2620461314461977,9,3.9917755126953125,272.8508118987064,0.49897193908691406,34.1063514873383,False,ok
light_V0399_V_8s_2026_05_20-0078_flat_0p3_early_bias_cal.fits,2461181.703814236,8.0,gaia_774272862760870784_src1,comparison,600.2631821960821,258.34790636068954,True,0.6847214045831151,0.2620461314461977,9,-43.47125244140625,45.00909359735399,-5.433906555175781,5.626136699669249,False,nonpositive_flux
light_V0399_V_8s_2026_05_20-0078_flat_0p3_early_bias_cal.fits,2461181.703814236,8.0,gaia_774271076054448768_src2,comparison,1507.4026072279946,321.5782571629223,True,0.6847214045831151,0.2620461314461977,9,21.62771987915039,39.483710864215695,2.703464984893799,4.935463858026962,False,ok
light_V0399_V_8s_2026_05_20-0078_flat_0p3_early_bias_cal.fits,2461181.703814236,8.0,gaia_774384016513181696_src3,comparison,391.2968579646087,1254.776834167304,True,0.6847214045831151,0.2620461314461977,9,16.892601013183594,74.93182939244774,2.111575126647949,9.366478674055967,False,ok
light_V0399_V_8s_2026_05_20-0078_flat_0p3_early_bias_cal.fits,2461181.703814236,8.0,gaia_774289041901756032_src4,comparison,2042.072158912126,1442.612796022982,True,0.6847214045831151,0.2620461314461977,9,49.7287712097168,39.43435054657028,6.2160964012146,4.929293818321285,False,ok
light_V0399_V_8s_2026_05_20-0078_flat_0p3_early_bias_cal.fits,2461181.703814236,8.0,gaia_774287774887292672_src5,comparison,2034.4933057390988,1080.9956234869721,True,0.6847214045831151,0.2620461314461977,9,2.5963592529296875,38.34805204501143,0.32454490661621094,4.7935065056264285,False,ok
light_V0399_V_8s_2026_05_20-0078_flat_0p3_early_bias_cal.fits,2461181.703814236,8.0,gaia_774289488578357504_src6,comparison,941.3388449243494,1100.752819419098,True,0.6847214045831151,0.2620461314461977,9,1.3547630310058594,40.431735797548946,0.16934537887573242,5.053966974693618,False,ok
light_V0399_V_8s_2026_05_20-0078_flat_0p3_early_bias_cal.fits,2461181.703814236,8.0,gaia_774288805679445888_src7,comparison,1945.2826909297148,1352.000909214869,True,0.6847214045831151,0.2620461314461977,9,-47.2140007019043,39.962673746225505,-5.901750087738037,4.995334218278188,False,nonpositive_flux
light_V0399_V_8s_2026_05_20-0078_flat_0p3_early_bias_cal.fits,2461181.703814236,8.0,gaia_774290626745586944_src8,comparison,1072.1457984122567,1434.260603674732,True,0.6847214045831151,0.2620461314461977,9,59.16193389892578,38.176851746847454,7.395241737365723,4.772106468355932,False,ok
light_V0399_V_8s_2026_05_20-0078_flat_0p3_early_bias_cal.fits,2461181.703814236,8.0,DN_UMa,check,1853.504721404583,686.8920461314463,True,0.6847214045831151,0.2620461314461977,9,119.30467224121094,401.6446084257252,14.913084030151367,50.20557605321565,False,ok
light_V0399_V_8s_2026_05_20-0079_flat_0p3_early_bias_cal.fits,2461181.7040060186,8.0,target,target,1928.3156615730945,632.6100177545532,True,0.3756615730945896,0.09001775455317329,9,-158.47566604614258,142.43226636002603,-19.809458255767822,17.804033295003254,False,nonpositive_flux
light_V0399_V_8s_2026_05_20-0079_flat_0p3_early_bias_cal.fits,2461181.7040060186,8.0,gaia_774272862760870784_src1,comparison,599.9541223645936,258.1758779837965,True,0.3756615730945896,0.09001775455317329,9,-83.204345703125,38.87340217047907,-10.400543212890625,4.8591752713098835,False,nonpositive_flux
light_V0399_V_8s_2026_05_20-0079_flat_0p3_early_bias_cal.fits,2461181.7040060186,8.0,gaia_774271076054448768_src2,comparison,1507.093547396506,321.40622878602926,True,0.3756615730945896,0.09001775455317329,9,10.217529296875,38.52562395054623,1.277191162109375,4.815702993818279,False,ok
light_V0399_V_8s_2026_05_20-0079_flat_0p3_early_bias_cal.fits,2461181.7040060186,8.0,gaia_774384016513181696_src3,comparison,390.9877981331202,1254.604805790411,True,0.3756615730945896,0.09001775455317329,9,-80.78326416015625,90.19701648506701,-10.097908020019531,11.274627060633376,False,nonpositive_flux
light_V0399_V_8s_2026_05_20-0079_flat_0p3_early_bias_cal.fits,2461181.7040060186,8.0,gaia_774289041901756032_src4,comparison,2041.7630990806374,1442.440767646089,True,0.3756615730945896,0.09001775455317329,9,-59.19785690307617,39.0094105316518,-7.3997321128845215,4.876176316456475,False,nonpositive_flux
light_V0399_V_8s_2026_05_20-0079_flat_0p3_early_bias_cal.fits,2461181.7040060186,8.0,gaia_774287774887292672_src5,comparison,2034.1842459076101,1080.8235951100792,True,0.3756615730945896,0.09001775455317329,9,-11.341873168945312,38.685108073903415,-1.417734146118164,4.835638509237927,False,nonpositive_flux
light_V0399_V_8s_2026_05_20-0079_flat_0p3_early_bias_cal.fits,2461181.7040060186,8.0,gaia_774289488578357504_src6,comparison,941.0297850928608,1100.580791042205,True,0.3756615730945896,0.09001775455317329,9,4.701362609863281,38.555522361993575,0.5876703262329102,4.819440295249197,False,ok
light_V0399_V_8s_2026_05_20-0079_flat_0p3_early_bias_cal.fits,2461181.7040060186,8.0,gaia_774288805679445888_src7,comparison,1944.9736310982262,1351.828880837976,True,0.3756615730945896,0.09001775455317329,9,-62.15340805053711,39.83909153729363,-7.769176006317139,4.979886442161704,False,nonpositive_flux
light_V0399_V_8s_2026_05_20-0079_flat_0p3_early_bias_cal.fits,2461181.7040060186,8.0,gaia_774290626745586944_src8,comparison,1071.8367385807683,1434.088575297839,True,0.3756615730945896,0.09001775455317329,9,-44.70294189453125,38.978177376004226,-5.587867736816406,4.872272172000528,False,nonpositive_flux
light_V0399_V_8s_2026_05_20-0079_flat_0p3_early_bias_cal.fits,2461181.7040060186,8.0,DN_UMa,check,1853.1956615730946,686.7200177545532,True,0.3756615730945896,0.09001775455317329,9,102.99874114990234,207.0681770204428,12.874842643737793,25.88352212755535,False,ok
light_V0399_V_8s_2026_05_20-0080_flat_0p3_early_bias_cal.fits,2461181.7041976852,8.0,target,target,1928.3595663345502,632.6108697852967,True,0.41956633455015435,0.09086978529671796,9,-90.93191146850586,94.56033235434727,-11.366488933563232,11.820041544293408,False,nonpositive_flux
light_V0399_V_8s_2026_05_20-0080_flat_0p3_early_bias_cal.fits,2461181.7041976852,8.0,gaia_774272862760870784_src1,comparison,599.9980271260491,258.17673001454006,True,0.41956633455015435,0.09086978529671796,9,-18.297607421875,40.63153211196295,-2.287200927734375,5.078941513995368,False,nonpositive_flux
light_V0399_V_8s_2026_05_20-0080_flat_0p3_early_bias_cal.fits,2461181.7041976852,8.0,gaia_774271076054448768_src2,comparison,1507.1374521579617,321.4070808167728,True,0.41956633455015435,0.09086978529671796,9,-13.182723999023438,41.45391861463191,-1.6478404998779297,5.181739826828989,False,nonpositive_flux
light_V0399_V_8s_2026_05_20-0080_flat_0p3_early_bias_cal.fits,2461181.7041976852,8.0,gaia_774384016513181696_src3,comparison,391.03170289457574,1254.6056578211546,True,0.41956633455015435,0.09086978529671796,9,73.63591766357422,86.15992633893742,9.204489707946777,10.769990792367178,False,ok
light_V0399_V_8s_2026_05_20-0080_flat_0p3_early_bias_cal.fits,2461181.7041976852,8.0,gaia_774289041901756032_src4,comparison,2041.807003842093,1442.4416196768325,True,0.41956633455015435,0.09086978529671796,9,4.820156097412109,40.806811851145326,0.6025195121765137,5.100851481393166,False,ok
light_V0399_V_8s_2026_05_20-0080_flat_0p3_early_bias_cal.fits,2461181.7041976852,8.0,gaia_774287774887292672_src5,comparison,2034.2281506690658,1080.8244471408227,True,0.41956633455015435,0.09086978529671796,9,-42.06142807006836,41.96704073979832,-5.257678508758545,5.24588009247479,False,nonpositive_flux
light_V0399_V_8s_2026_05_20-0080_flat_0p3_early_bias_cal.fits,2461181.7041976852,8.0,gaia_774289488578357504_src6,comparison,941.0736898543164,1100.5816430729485,True,0.41956633455015435,0.09086978529671796,9,45.206138610839844,40.336876867608495,5.6507673263549805,5.042109608451062,False,ok
light_V0399_V_8s_2026_05_20-0080_flat_0p3_early_bias_cal.fits,2461181.7041976852,8.0,gaia_774288805679445888_src7,comparison,1945.0175358596819,1351.8297328687195,True,0.41956633455015435,0.09086978529671796,9,-16.799732208251953,40.0647826124739,-2.099966526031494,5.008097826559237,False,nonpositive_flux
light_V0399_V_8s_2026_05_20-0080_flat_0p3_early_bias_cal.fits,2461181.7041976852,8.0,gaia_774290626745586944_src8,comparison,1071.8806433422237,1434.0894273285826,True,0.41956633455015435,0.09086978529671796,9,-69.70888900756836,39.4768080968778,-8.713611125946045,4.934601012109725,False,nonpositive_flux
light_V0399_V_8s_2026_05_20-0080_flat_0p3_early_bias_cal.fits,2461181.7041976852,8.0,DN_UMa,check,1853.23956633455,686.7208697852967,True,0.41956633455015435,0.09086978529671796,9,-30.248329162597656,134.28759852634226,-3.781041145324707,16.785949815792783,False,nonpositive_flux
light_V0399_V_8s_2026_05_20-0081_flat_0p3_early_bias_cal.fits,2461181.704389352,8.0,target,target,1928.3525103414609,632.6223518521745,True,0.4125103414609157,0.10235185217447906,9,-190.4803581237793,112.30908843556318,-23.810044765472412,14.038636054445398,False,nonpositive_flux
light_V0399_V_8s_2026_05_20-0081_flat_0p3_early_bias_cal.fits,2461181.704389352,8.0,gaia_774272862760870784_src1,comparison,599.9909711329599,258.1882120814178,True,0.4125103414609157,0.10235185217447906,9,-0.7534255981445312,39.7529989062309,-0.0941781997680664,4.9691248632788625,False,nonpositive_flux
light_V0399_V_8s_2026_05_20-0081_flat_0p3_early_bias_cal.fits,2461181.704389352,8.0,gaia_774271076054448768_src2,comparison,1507.1303961648723,321.41856288365057,True,0.4125103414609157,0.10235185217447906,9,25.08080291748047,39.37976207465419,3.1351003646850586,4.9224702593317735,False,ok
light_V0399_V_8s_2026_05_20-0081_flat_0p3_early_bias_cal.fits,2461181.704389352,8.0,gaia_774384016513181696_src3,comparison,391.0246469014865,1254.6171398880324,True,0.4125103414609157,0.10235185217447906,9,-26.20937728881836,86.47023352048173,-3.276172161102295,10.808779190060216,False,nonpositive_flux
light_V0399_V_8s_2026_05_20-0081_flat_0p3_early_bias_cal.fits,2461181.704389352,8.0,gaia_774289041901756032_src4,comparison,2041.7999478490037,1442.4531017437102,True,0.4125103414609157,0.10235185217447906,9,25.285625457763672,40.690910821274095,3.160703182220459,5.086363852659262,False,ok
light_V0399_V_8s_2026_05_20-0081_flat_0p3_early_bias_cal.fits,2461181.704389352,8.0,gaia_774287774887292672_src5,comparison,2034.2210946759765,1080.8359292077005,True,0.4125103414609157,0.10235185217447906,9,8.4844970703125,40.124700078874405,1.0605621337890625,5.015587509859301,False,ok
light_V0399_V_8s_2026_05_20-0081_flat_0p3_early_bias_cal.fits,2461181.704389352,8.0,gaia_774289488578357504_src6,comparison,941.0666338612272,1100.5931251398263,True,0.4125103414609157,0.10235185217447906,9,80.28484725952148,40.4908140307989,10.035605907440186,5.061351753849863,False,ok
light_V0399_V_8s_2026_05_20-0081_flat_0p3_early_bias_cal.fits,2461181.704389352,8.0,gaia_774288805679445888_src7,comparison,1945.0104798665925,1351.8412149355972,True,0.4125103414609157,0.10235185217447906,9,-52.12866973876953,40.92734621002438,-6.516083717346191,5.115918276253048,False,nonpositive_flux
light_V0399_V_8s_2026_05_20-0081_flat_0p3_early_bias_cal.fits,2461181.704389352,8.0,gaia_774290626745586944_src8,comparison,1071.8735873491346,1434.1009093954603,True,0.4125103414609157,0.10235185217447906,9,25.196613311767578,39.47690316139076,3.1495766639709473,4.934612895173845,False,ok
light_V0399_V_8s_2026_05_20-0081_flat_0p3_early_bias_cal.fits,2461181.704389352,8.0,DN_UMa,check,1853.232510341461,686.7323518521745,True,0.4125103414609157,0.10235185217447906,9,-49.87190628051758,155.06740967548876,-6.233988285064697,19.383426209436095,False,nonpositive_flux
light_V0399_V_8s_2026_05_20-0082_flat_0p3_early_bias_cal.fits,2461181.704580671,8.0,target,target,1928.4864039227898,632.6711186606858,True,0.5464039227897501,0.15111866068582458,9,-63.22298049926758,77.16538424171401,-7.902872562408447,9.645673030214251,False,nonpositive_flux
light_V0399_V_8s_2026_05_20-0082_flat_0p3_early_bias_cal.fits,2461181.704580671,8.0,gaia_774272862760870784_src1,comparison,600.1248647142887,258.23697888992916,True,0.5464039227897501,0.15111866068582458,9,-20.70428466796875,41.42385014319215,-2.5880355834960938,5.1779812678990185,False,nonpositive_flux
light_V0399_V_8s_2026_05_20-0082_flat_0p3_early_bias_cal.fits,2461181.704580671,8.0,gaia_774271076054448768_src2,comparison,1507.2642897462013,321.4673296921619,True,0.5464039227897501,0.15111866068582458,9,61.83354187011719,42.37478648404711,7.729192733764648,5.296848310505888,False,ok
light_V0399_V_8s_2026_05_20-0082_flat_0p3_early_bias_cal.fits,2461181.704580671,8.0,gaia_774384016513181696_src3,comparison,391.15854048281534,1254.6659066965437,True,0.5464039227897501,0.15111866068582458,9,41.25156784057617,94.2974337855599,5.1564459800720215,11.787179223194988,False,ok
light_V0399_V_8s_2026_05_20-0082_flat_0p3_early_bias_cal.fits,2461181.704580671,8.0,gaia_774289041901756032_src4,comparison,2041.9338414303327,1442.5018685522216,True,0.5464039227897501,0.15111866068582458,9,-31.254276275634766,39.25848479413223,-3.9067845344543457,4.907310599266529,False,nonpositive_flux
light_V0399_V_8s_2026_05_20-0082_flat_0p3_early_bias_cal.fits,2461181.704580671,8.0,gaia_774287774887292672_src5,comparison,2034.3549882573054,1080.8846960162118,True,0.5464039227897501,0.15111866068582458,9,-32.60039520263672,38.36821008436606,-4.07504940032959,4.796026260545758,False,nonpositive_flux
light_V0399_V_8s_2026_05_20-0082_flat_0p3_early_bias_cal.fits,2461181.704580671,8.0,gaia_774289488578357504_src6,comparison,941.200527442556,1100.6418919483376,True,0.5464039227897501,0.15111866068582458,9,-1.11419677734375,38.09723238327729,-0.13927459716796875,4.762154047909661,False,nonpositive_flux
light_V0399_V_8s_2026_05_20-0082_flat_0p3_early_bias_cal.fits,2461181.704580671,8.0,gaia_774288805679445888_src7,comparison,1945.1443734479215,1351.8899817441086,True,0.5464039227897501,0.15111866068582458,9,15.687084197998047,39.879880425353655,1.9608855247497559,4.984985053169207,False,ok
light_V0399_V_8s_2026_05_20-0082_flat_0p3_early_bias_cal.fits,2461181.704580671,8.0,gaia_774290626745586944_src8,comparison,1072.0074809304633,1434.1496762039717,True,0.5464039227897501,0.15111866068582458,9,-17.82807159423828,39.08155886896807,-2.228508949279785,4.885194858621008,False,nonpositive_flux
light_V0399_V_8s_2026_05_20-0082_flat_0p3_early_bias_cal.fits,2461181.704580671,8.0,DN_UMa,check,1853.3664039227897,686.7811186606858,True,0.5464039227897501,0.15111866068582458,9,6.116001129150391,104.19007734224682,0.7645001411437988,13.023759667780853,False,ok
light_V0399_V_8s_2026_05_20-0083_flat_0p3_early_bias_cal.fits,2461181.704772338,8.0,target,target,1928.41501947054,632.3481379142524,True,0.47501947054001903,-0.17186208574753437,9,-100.55147552490234,95.32183883773322,-12.568934440612793,11.915229854716653,False,nonpositive_flux
light_V0399_V_8s_2026_05_20-0083_flat_0p3_early_bias_cal.fits,2461181.704772338,8.0,gaia_774272862760870784_src1,comparison,600.053480262039,257.9139981434958,True,0.47501947054001903,-0.17186208574753437,9,-4.527130126953125,38.97674097420044,-0.5658912658691406,4.872092621775055,False,nonpositive_flux
light_V0399_V_8s_2026_05_20-0083_flat_0p3_early_bias_cal.fits,2461181.704772338,8.0,gaia_774271076054448768_src2,comparison,1507.1929052939515,321.14434894572855,True,0.47501947054001903,-0.17186208574753437,9,-8.41006088256836,39.01028564451742,-1.051257610321045,4.876285705564677,False,nonpositive_flux
light_V0399_V_8s_2026_05_20-0083_flat_0p3_early_bias_cal.fits,2461181.704772338,8.0,gaia_774384016513181696_src3,comparison,391.0871560305656,1254.3429259501104,True,0.47501947054001903,-0.17186208574753437,9,37.32432556152344,77.34200345369516,4.66554069519043,9.667750431711895,False,ok
light_V0399_V_8s_2026_05_20-0083_flat_0p3_early_bias_cal.fits,2461181.704772338,8.0,gaia_774289041901756032_src4,comparison,2041.862456978083,1442.1788878057882,True,0.47501947054001903,-0.17186208574753437,9,9.935672760009766,39.75455898087717,1.2419590950012207,4.969319872609646,False,ok
light_V0399_V_8s_2026_05_20-0083_flat_0p3_early_bias_cal.fits,2461181.704772338,8.0,gaia_774287774887292672_src5,comparison,2034.2836038050557,1080.5617152697785,True,0.47501947054001903,-0.17186208574753437,9,67.8886489868164,40.86778471279274,8.48608112335205,5.108473089099093,False,ok
light_V0399_V_8s_2026_05_20-0083_flat_0p3_early_bias_cal.fits,2461181.704772338,8.0,gaia_774289488578357504_src6,comparison,941.1291429903063,1100.3189112019043,True,0.47501947054001903,-0.17186208574753437,9,-66.0868911743164,40.288700800413594,-8.26086139678955,5.036087600051699,False,nonpositive_flux
light_V0399_V_8s_2026_05_20-0083_flat_0p3_early_bias_cal.fits,2461181.704772338,8.0,gaia_774288805679445888_src7,comparison,1945.0729889956717,1351.5670009976752,True,0.47501947054001903,-0.17186208574753437,9,-42.31828689575195,37.90441359228922,-5.289785861968994,4.738051699036152,False,nonpositive_flux
light_V0399_V_8s_2026_05_20-0083_flat_0p3_early_bias_cal.fits,2461181.704772338,8.0,gaia_774290626745586944_src8,comparison,1071.9360964782136,1433.8266954575383,True,0.47501947054001903,-0.17186208574753437,9,-3.7536773681640625,40.336562340831954,-0.4692096710205078,5.042070292603994,False,nonpositive_flux
light_V0399_V_8s_2026_05_20-0083_flat_0p3_early_bias_cal.fits,2461181.704772338,8.0,DN_UMa,check,1853.29501947054,686.4581379142525,True,0.47501947054001903,-0.17186208574753437,9,109.75685501098633,129.827793942065,13.719606876373291,16.228474242758125,False,ok
light_V0399_V_8s_2026_05_20-0084_flat_0p3_early_bias_cal.fits,2461181.704964236,8.0,target,target,1928.36056972575,632.3627316416982,True,0.420569725750056,-0.15726835830173513,9,-8.411212921142578,96.62310773984964,-1.0514016151428223,12.077888467481205,False,nonpositive_flux
light_V0399_V_8s_2026_05_20-0084_flat_0p3_early_bias_cal.fits,2461181.704964236,8.0,gaia_774272862760870784_src1,comparison,599.999030517249,257.9285918709416,True,0.420569725750056,-0.15726835830173513,9,-85.39851379394531,39.04006851447137,-10.674814224243164,4.8800085643089215,False,nonpositive_flux
light_V0399_V_8s_2026_05_20-0084_flat_0p3_early_bias_cal.fits,2461181.704964236,8.0,gaia_774271076054448768_src2,comparison,1507.1384555491616,321.15894267317435,True,0.420569725750056,-0.15726835830173513,9,37.95412063598633,40.143370446701034,4.744265079498291,5.017921305837629,False,ok
light_V0399_V_8s_2026_05_20-0084_flat_0p3_early_bias_cal.fits,2461181.704964236,8.0,gaia_774384016513181696_src3,comparison,391.03270628577565,1254.3575196775562,True,0.420569725750056,-0.15726835830173513,9,-68.972412109375,75.55918086838959,-8.621551513671875,9.444897608548699,False,nonpositive_flux
light_V0399_V_8s_2026_05_20-0084_flat_0p3_early_bias_cal.fits,2461181.704964236,8.0,gaia_774289041901756032_src4,comparison,2041.808007233293,1442.193481533234,True,0.420569725750056,-0.15726835830173513,9,-37.02537155151367,41.53953547806296,-4.628171443939209,5.19244193475787,False,nonpositive_flux
light_V0399_V_8s_2026_05_20-0084_flat_0p3_early_bias_cal.fits,2461181.704964236,8.0,gaia_774287774887292672_src5,comparison,2034.2291540602657,1080.5763089972243,True,0.420569725750056,-0.15726835830173513,9,133.27502059936523,41.851350994306834,16.659377574920654,5.231418874288354,False,ok
light_V0399_V_8s_2026_05_20-0084_flat_0p3_early_bias_cal.fits,2461181.704964236,8.0,gaia_774289488578357504_src6,comparison,941.0746932455163,1100.33350492935,True,0.420569725750056,-0.15726835830173513,9,22.032108306884766,38.12831650731723,2.7540135383605957,4.766039563414654,False,ok
light_V0399_V_8s_2026_05_20-0084_flat_0p3_early_bias_cal.fits,2461181.704964236,8.0,gaia_774288805679445888_src7,comparison,1945.0185392508818,1351.581594725121,True,0.420569725750056,-0.15726835830173513,9,-131.13793563842773,40.69411805535959,-16.392241954803467,5.086764756919949,False,nonpositive_flux
light_V0399_V_8s_2026_05_20-0084_flat_0p3_early_bias_cal.fits,2461181.704964236,8.0,gaia_774290626745586944_src8,comparison,1071.8816467334236,1433.8412891849841,True,0.420569725750056,-0.15726835830173513,9,6.518104553222656,37.78655653069855,0.814763069152832,4.723319566337318,False,ok
light_V0399_V_8s_2026_05_20-0084_flat_0p3_early_bias_cal.fits,2461181.704964236,8.0,DN_UMa,check,1853.24056972575,686.4727316416983,True,0.420569725750056,-0.15726835830173513,9,60.88959503173828,137.47097359469802,7.611199378967285,17.183871699337253,False,ok
light_V0399_V_8s_2026_05_20-0085_flat_0p3_early_bias_cal.fits,2461181.7051554397,8.0,target,target,1928.2975126439221,632.6468664781553,True,0.35751264392206394,0.12686647815530705,9,-51.50446701049805,85.69232312353365,-6.438058376312256,10.711540390441707,False,nonpositive_flux
light_V0399_V_8s_2026_05_20-0085_flat_0p3_early_bias_cal.fits,2461181.7051554397,8.0,gaia_774272862760870784_src1,comparison,599.935973435421,258.21272670739864,True,0.35751264392206394,0.12686647815530705,9,-6.2636260986328125,41.31378888312792,-0.7829532623291016,5.16422361039099,False,nonpositive_flux
light_V0399_V_8s_2026_05_20-0085_flat_0p3_early_bias_cal.fits,2461181.7051554397,8.0,gaia_774271076054448768_src2,comparison,1507.0753984673336,321.4430775096314,True,0.35751264392206394,0.12686647815530705,9,-13.108963012695312,41.099146707398525,-1.638620376586914,5.137393338424816,False,nonpositive_flux
light_V0399_V_8s_2026_05_20-0085_flat_0p3_early_bias_cal.fits,2461181.7051554397,8.0,gaia_774384016513181696_src3,comparison,390.96964920394765,1254.6416545140132,True,0.35751264392206394,0.12686647815530705,9,-75.11445617675781,85.09075121188408,-9.389307022094727,10.63634390148551,False,nonpositive_flux
light_V0399_V_8s_2026_05_20-0085_flat_0p3_early_bias_cal.fits,2461181.7051554397,8.0,gaia_774289041901756032_src4,comparison,2041.744950151465,1442.477616369691,True,0.35751264392206394,0.12686647815530705,9,-74.80778884887695,42.36582161890249,-9.35097360610962,5.295727702362811,False,nonpositive_flux
light_V0399_V_8s_2026_05_20-0085_flat_0p3_early_bias_cal.fits,2461181.7051554397,8.0,gaia_774287774887292672_src5,comparison,2034.1660969784377,1080.8604438336813,True,0.35751264392206394,0.12686647815530705,9,7.583492279052734,38.746657330285906,0.9479365348815918,4.843332166285738,False,ok
light_V0399_V_8s_2026_05_20-0085_flat_0p3_early_bias_cal.fits,2461181.7051554397,8.0,gaia_774289488578357504_src6,comparison,941.0116361636883,1100.617639765807,True,0.35751264392206394,0.12686647815530705,9,54.40338134765625,39.94850960153594,6.800422668457031,4.993563700191992,False,ok
light_V0399_V_8s_2026_05_20-0085_flat_0p3_early_bias_cal.fits,2461181.7051554397,8.0,gaia_774288805679445888_src7,comparison,1944.9554821690538,1351.865729561578,True,0.35751264392206394,0.12686647815530705,9,18.308101654052734,39.43996607415193,2.288512706756592,4.929995759268992,False,ok
light_V0399_V_8s_2026_05_20-0085_flat_0p3_early_bias_cal.fits,2461181.7051554397,8.0,gaia_774290626745586944_src8,comparison,1071.8185896515956,1434.1254240214412,True,0.35751264392206394,0.12686647815530705,9,24.903114318847656,40.617268931503446,3.112889289855957,5.077158616437931,False,ok
light_V0399_V_8s_2026_05_20-0085_flat_0p3_early_bias_cal.fits,2461181.7051554397,8.0,DN_UMa,check,1853.177512643922,686.7568664781553,True,0.35751264392206394,0.12686647815530705,9,-27.476516723632812,116.7223537719944,-3.4345645904541016,14.5902942214993,False,nonpositive_flux
light_V0399_V_8s_2026_05_20-0086_flat_0p3_early_bias_cal.fits,2461181.705346875,8.0,target,target,1928.4033901514804,632.5511815966678,True,0.4633901514803256,0.031181596667806843,9,-131.3986053466797,87.32697405848941,-16.42482566833496,10.915871757311177,False,nonpositive_flux
light_V0399_V_8s_2026_05_20-0086_flat_0p3_early_bias_cal.fits,2461181.705346875,8.0,gaia_774272862760870784_src1,comparison,600.0418509429793,258.11704182591114,True,0.4633901514803256,0.031181596667806843,9,-1.7874336242675781,39.63709745099844,-0.22342920303344727,4.954637181374805,False,nonpositive_flux
light_V0399_V_8s_2026_05_20-0086_flat_0p3_early_bias_cal.fits,2461181.705346875,8.0,gaia_774271076054448768_src2,comparison,1507.1812759748918,321.3473926281439,True,0.4633901514803256,0.031181596667806843,9,-58.73835754394531,41.597504641042796,-7.342294692993164,5.1996880801303496,False,nonpositive_flux
light_V0399_V_8s_2026_05_20-0086_flat_0p3_early_bias_cal.fits,2461181.705346875,8.0,gaia_774384016513181696_src3,comparison,391.0755267115059,1254.5459696325256,True,0.4633901514803256,0.031181596667806843,9,-61.54193115234375,78.69667224570917,-7.692741394042969,9.837084030713646,False,nonpositive_flux
light_V0399_V_8s_2026_05_20-0086_flat_0p3_early_bias_cal.fits,2461181.705346875,8.0,gaia_774289041901756032_src4,comparison,2041.8508276590233,1442.3819314882035,True,0.4633901514803256,0.031181596667806843,9,-25.793514251708984,40.494572157763066,-3.224189281463623,5.061821519720383,False,nonpositive_flux
light_V0399_V_8s_2026_05_20-0086_flat_0p3_early_bias_cal.fits,2461181.705346875,8.0,gaia_774287774887292672_src5,comparison,2034.271974485996,1080.764758952194,True,0.4633901514803256,0.031181596667806843,9,18.45006561279297,40.41980348131567,2.306258201599121,5.0524754351644585,False,ok
light_V0399_V_8s_2026_05_20-0086_flat_0p3_early_bias_cal.fits,2461181.705346875,8.0,gaia_774289488578357504_src6,comparison,941.1175136712466,1100.5219548843197,True,0.4633901514803256,0.031181596667806843,9,4.673545837402344,41.115289874950314,0.584193229675293,5.139411234368789,False,ok
light_V0399_V_8s_2026_05_20-0086_flat_0p3_early_bias_cal.fits,2461181.705346875,8.0,gaia_774288805679445888_src7,comparison,1945.061359676612,1351.7700446800905,True,0.4633901514803256,0.031181596667806843,9,3.020153045654297,40.934384071425804,0.3775191307067871,5.1167980089282254,False,ok
light_V0399_V_8s_2026_05_20-0086_flat_0p3_early_bias_cal.fits,2461181.705346875,8.0,gaia_774290626745586944_src8,comparison,1071.924467159154,1434.0297391399536,True,0.4633901514803256,0.031181596667806843,9,87.37743377685547,40.36671429717845,10.922179222106934,5.045839287147306,False,ok
light_V0399_V_8s_2026_05_20-0086_flat_0p3_early_bias_cal.fits,2461181.705346875,8.0,DN_UMa,check,1853.2833901514803,686.6611815966678,True,0.4633901514803256,0.031181596667806843,9,-18.211307525634766,122.72833706765402,-2.2764134407043457,15.341042133456753,False,nonpositive_flux
light_V0399_V_8s_2026_05_20-0087_flat_0p3_early_bias_cal.fits,2461181.705539352,8.0,target,target,1928.157735033359,632.3369002944105,True,0.21773503335884925,-0.18309970558948407,9,4.52227783203125,69.10748065486952,0.5652847290039062,8.63843508185869,False,ok
light_V0399_V_8s_2026_05_20-0087_flat_0p3_early_bias_cal.fits,2461181.705539352,8.0,gaia_774272862760870784_src1,comparison,599.7961958248578,257.90276052365385,True,0.21773503335884925,-0.18309970558948407,9,-50.00301742553711,41.19313663758441,-6.250377178192139,5.149142079698051,False,nonpositive_flux
light_V0399_V_8s_2026_05_20-0087_flat_0p3_early_bias_cal.fits,2461181.705539352,8.0,gaia_774271076054448768_src2,comparison,1506.9356208567704,321.1331113258866,True,0.21773503335884925,-0.18309970558948407,9,-21.15668487548828,40.94154515296406,-2.644585609436035,5.117693144120508,False,nonpositive_flux
light_V0399_V_8s_2026_05_20-0087_flat_0p3_early_bias_cal.fits,2461181.705539352,8.0,gaia_774384016513181696_src3,comparison,390.82987159338444,1254.3316883302684,True,0.21773503335884925,-0.18309970558948407,9,-101.38285827636719,74.47654799443151,-12.672857284545898,9.30956849930394,False,nonpositive_flux
light_V0399_V_8s_2026_05_20-0087_flat_0p3_early_bias_cal.fits,2461181.705539352,8.0,gaia_774289041901756032_src4,comparison,2041.6051725409018,1442.1676501859463,True,0.21773503335884925,-0.18309970558948407,9,34.905887603759766,40.142368511057185,4.363235950469971,5.017796063882148,False,ok
light_V0399_V_8s_2026_05_20-0087_flat_0p3_early_bias_cal.fits,2461181.705539352,8.0,gaia_774287774887292672_src5,comparison,2034.0263193678745,1080.5504776499365,True,0.21773503335884925,-0.18309970558948407,9,26.42877197265625,40.3495616700786,3.3035964965820312,5.043695208759825,False,ok
light_V0399_V_8s_2026_05_20-0087_flat_0p3_early_bias_cal.fits,2461181.705539352,8.0,gaia_774289488578357504_src6,comparison,940.8718585531251,1100.3076735820623,True,0.21773503335884925,-0.18309970558948407,9,10.946666717529297,40.243971360768626,1.368333339691162,5.030496420096078,False,ok
light_V0399_V_8s_2026_05_20-0087_flat_0p3_early_bias_cal.fits,2461181.705539352,8.0,gaia_774288805679445888_src7,comparison,1944.8157045584906,1351.5557633778333,True,0.21773503335884925,-0.18309970558948407,9,-20.84670639038086,39.37575680061489,-2.6058382987976074,4.921969600076861,False,nonpositive_flux
light_V0399_V_8s_2026_05_20-0087_flat_0p3_early_bias_cal.fits,2461181.705539352,8.0,gaia_774290626745586944_src8,comparison,1071.6788120410324,1433.8154578376964,True,0.21773503335884925,-0.18309970558948407,9,-25.61701202392578,40.50508321520851,-3.2021265029907227,5.0631354019010635,False,nonpositive_flux
light_V0399_V_8s_2026_05_20-0087_flat_0p3_early_bias_cal.fits,2461181.705539352,8.0,DN_UMa,check,1853.0377350333588,686.4469002944105,True,0.21773503335884925,-0.18309970558948407,9,-57.751502990722656,90.67122880430514,-7.218937873840332,11.333903600538143,False,nonpositive_flux
light_V0399_V_8s_2026_05_20-0088_flat_0p3_early_bias_cal.fits,2461181.7057315973,8.0,target,target,1928.4456436636647,632.6019509374923,True,0.505643663664614,0.08195093749236548,9,-162.04307174682617,63.3921966606813,-20.25538396835327,7.9240245825851625,False,nonpositive_flux
light_V0399_V_8s_2026_05_20-0088_flat_0p3_early_bias_cal.fits,2461181.7057315973,8.0,gaia_774272862760870784_src1,comparison,600.0841044551636,258.1678111667357,True,0.505643663664614,0.08195093749236548,9,-44.965206146240234,39.98965171409554,-5.620650768280029,4.998706464261942,False,nonpositive_flux
light_V0399_V_8s_2026_05_20-0088_flat_0p3_early_bias_cal.fits,2461181.7057315973,8.0,gaia_774271076054448768_src2,comparison,1507.2235294870761,321.39816196896845,True,0.505643663664614,0.08195093749236548,9,74.32870864868164,41.3903165222083,9.291088581085205,5.173789565276038,False,ok
light_V0399_V_8s_2026_05_20-0088_flat_0p3_early_bias_cal.fits,2461181.7057315973,8.0,gaia_774384016513181696_src3,comparison,391.1177802236902,1254.5967389733503,True,0.505643663664614,0.08195093749236548,9,-50.551273345947266,97.6245592862748,-6.318909168243408,12.20306991078435,False,nonpositive_flux
light_V0399_V_8s_2026_05_20-0088_flat_0p3_early_bias_cal.fits,2461181.7057315973,8.0,gaia_774289041901756032_src4,comparison,2041.8930811712075,1442.4327008290281,True,0.505643663664614,0.08195093749236548,9,-39.968074798583984,39.40225472737385,-4.996009349822998,4.925281840921731,False,nonpositive_flux
light_V0399_V_8s_2026_05_20-0088_flat_0p3_early_bias_cal.fits,2461181.7057315973,8.0,gaia_774287774887292672_src5,comparison,2034.3142279981803,1080.8155282930184,True,0.505643663664614,0.08195093749236548,9,65.94956970214844,39.672825937374924,8.243696212768555,4.9591032421718655,False,ok
light_V0399_V_8s_2026_05_20-0088_flat_0p3_early_bias_cal.fits,2461181.7057315973,8.0,gaia_774289488578357504_src6,comparison,941.1597671834309,1100.5727242251442,True,0.505643663664614,0.08195093749236548,9,45.425628662109375,40.39530737126582,5.678203582763672,5.049413421408228,False,ok
light_V0399_V_8s_2026_05_20-0088_flat_0p3_early_bias_cal.fits,2461181.7057315973,8.0,gaia_774288805679445888_src7,comparison,1945.1036131887963,1351.8208140209151,True,0.505643663664614,0.08195093749236548,9,-3.83062744140625,39.87674148817941,-0.47882843017578125,4.9845926860224266,False,nonpositive_flux
light_V0399_V_8s_2026_05_20-0088_flat_0p3_early_bias_cal.fits,2461181.7057315973,8.0,gaia_774290626745586944_src8,comparison,1071.9667206713382,1434.0805084807782,True,0.505643663664614,0.08195093749236548,9,63.892730712890625,39.508330551538634,7.986591339111328,4.938541318942329,False,ok
light_V0399_V_8s_2026_05_20-0088_flat_0p3_early_bias_cal.fits,2461181.7057315973,8.0,DN_UMa,check,1853.3256436636646,686.7119509374924,True,0.505643663664614,0.08195093749236548,9,-88.91386795043945,82.77523918068111,-11.114233493804932,10.346904897585139,False,nonpositive_flux
light_V0399_V_8s_2026_05_20-0089_flat_0p3_early_bias_cal.fits,2461181.705923148,8.0,target,target,1928.2402340580643,632.6575859603267,True,0.300234058064234,0.13758596032675996,9,-74.5868034362793,63.188627702412276,-9.323350429534912,7.8985784628015345,False,nonpositive_flux
light_V0399_V_8s_2026_05_20-0089_flat_0p3_early_bias_cal.fits,2461181.705923148,8.0,gaia_774272862760870784_src1,comparison,599.8786948495632,258.2234461895701,True,0.300234058064234,0.13758596032675996,9,54.81673812866211,39.523997421739615,6.852092266082764,4.940499677717452,False,ok
light_V0399_V_8s_2026_05_20-0089_flat_0p3_early_bias_cal.fits,2461181.705923148,8.0,gaia_774271076054448768_src2,comparison,1507.0181198814757,321.45379699180285,True,0.300234058064234,0.13758596032675996,9,-50.2684211730957,38.79313630632927,-6.283552646636963,4.849142038291158,False,nonpositive_flux
light_V0399_V_8s_2026_05_20-0089_flat_0p3_early_bias_cal.fits,2461181.705923148,8.0,gaia_774384016513181696_src3,comparison,390.9123706180898,1254.6523739961847,True,0.300234058064234,0.13758596032675996,9,-99.18854904174805,79.27643708826916,-12.398568630218506,9.909554636033645,False,nonpositive_flux
light_V0399_V_8s_2026_05_20-0089_flat_0p3_early_bias_cal.fits,2461181.705923148,8.0,gaia_774289041901756032_src4,comparison,2041.6876715656072,1442.4883358518625,True,0.300234058064234,0.13758596032675996,9,-74.78165435791016,40.64110978971327,-9.34770679473877,5.080138723714159,False,nonpositive_flux
light_V0399_V_8s_2026_05_20-0089_flat_0p3_early_bias_cal.fits,2461181.705923148,8.0,gaia_774287774887292672_src5,comparison,2034.10881839258,1080.8711633158528,True,0.300234058064234,0.13758596032675996,9,31.020572662353516,38.0449473026881,3.8775715827941895,4.755618412836013,False,ok
light_V0399_V_8s_2026_05_20-0089_flat_0p3_early_bias_cal.fits,2461181.705923148,8.0,gaia_774289488578357504_src6,comparison,940.9543575778305,1100.6283592479786,True,0.300234058064234,0.13758596032675996,9,-23.627689361572266,38.85776036838193,-2.953461170196533,4.8572200460477415,False,nonpositive_flux
light_V0399_V_8s_2026_05_20-0089_flat_0p3_early_bias_cal.fits,2461181.705923148,8.0,gaia_774288805679445888_src7,comparison,1944.898203583196,1351.8764490437495,True,0.300234058064234,0.13758596032675996,9,-12.697227478027344,39.77676221045311,-1.587153434753418,4.972095276306638,False,nonpositive_flux
light_V0399_V_8s_2026_05_20-0089_flat_0p3_early_bias_cal.fits,2461181.705923148,8.0,gaia_774290626745586944_src8,comparison,1071.7613110657378,1434.1361435036126,True,0.300234058064234,0.13758596032675996,9,24.731597900390625,39.50547079006444,3.091449737548828,4.938183848758055,False,ok
light_V0399_V_8s_2026_05_20-0089_flat_0p3_early_bias_cal.fits,2461181.705923148,8.0,DN_UMa,check,1853.1202340580642,686.7675859603268,True,0.300234058064234,0.13758596032675996,9,-21.112289428710938,83.42341063352823,-2.639036178588867,10.42792632919103,False,nonpositive_flux
light_V0399_V_8s_2026_05_20-0090_flat_0p3_early_bias_cal.fits,2461181.7061149306,8.0,target,target,1928.2858547894286,632.4552376565346,True,0.3458547894285857,-0.06476234346541787,9,-135.90775680541992,58.233316460868885,-16.98846960067749,7.279164557608611,False,nonpositive_flux
light_V0399_V_8s_2026_05_20-0090_flat_0p3_early_bias_cal.fits,2461181.7061149306,8.0,gaia_774272862760870784_src1,comparison,599.9243155809276,258.0210978857779,True,0.3458547894285857,-0.06476234346541787,9,71.89509201049805,40.5579201714544,8.986886501312256,5.0697400214318,False,ok
light_V0399_V_8s_2026_05_20-0090_flat_0p3_early_bias_cal.fits,2461181.7061149306,8.0,gaia_774271076054448768_src2,comparison,1507.06374061284,321.25144868801067,True,0.3458547894285857,-0.06476234346541787,9,-18.202133178710938,40.96942244716812,-2.275266647338867,5.121177805896015,False,nonpositive_flux
light_V0399_V_8s_2026_05_20-0090_flat_0p3_early_bias_cal.fits,2461181.7061149306,8.0,gaia_774384016513181696_src3,comparison,390.9579913494542,1254.4500256923925,True,0.3458547894285857,-0.06476234346541787,9,-58.262664794921875,82.17116150747312,-7.282833099365234,10.27139518843414,False,nonpositive_flux
light_V0399_V_8s_2026_05_20-0090_flat_0p3_early_bias_cal.fits,2461181.7061149306,8.0,gaia_774289041901756032_src4,comparison,2041.7332922969715,1442.2859875480704,True,0.3458547894285857,-0.06476234346541787,9,-1.247650146484375,40.06683842061114,-0.15595626831054688,5.008354802576393,False,nonpositive_flux
light_V0399_V_8s_2026_05_20-0090_flat_0p3_early_bias_cal.fits,2461181.7061149306,8.0,gaia_774287774887292672_src5,comparison,2034.1544391239443,1080.6688150120606,True,0.3458547894285857,-0.06476234346541787,9,-76.81517028808594,40.620290154606685,-9.601896286010742,5.077536269325836,False,nonpositive_flux
light_V0399_V_8s_2026_05_20-0090_flat_0p3_early_bias_cal.fits,2461181.7061149306,8.0,gaia_774289488578357504_src6,comparison,940.9999783091948,1100.4260109441864,True,0.3458547894285857,-0.06476234346541787,9,27.419937133789062,38.19255886366283,3.427492141723633,4.774069857957854,False,ok
light_V0399_V_8s_2026_05_20-0090_flat_0p3_early_bias_cal.fits,2461181.7061149306,8.0,gaia_774288805679445888_src7,comparison,1944.9438243145603,1351.6741007399573,True,0.3458547894285857,-0.06476234346541787,9,4.0946197509765625,39.67331375207182,0.5118274688720703,4.9591642190089775,False,ok
light_V0399_V_8s_2026_05_20-0090_flat_0p3_early_bias_cal.fits,2461181.7061149306,8.0,gaia_774290626745586944_src8,comparison,1071.8069317971022,1433.9337951998205,True,0.3458547894285857,-0.06476234346541787,9,51.20958709716797,39.294918833607795,6.401198387145996,4.911864854200974,False,ok
light_V0399_V_8s_2026_05_20-0090_flat_0p3_early_bias_cal.fits,2461181.7061149306,8.0,DN_UMa,check,1853.1658547894285,686.5652376565346,True,0.3458547894285857,-0.06476234346541787,9,4.713405609130859,67.9537478258309,0.5891757011413574,8.494218478228863,False,ok
light_V0399_V_8s_2026_05_20-0091_flat_0p3_early_bias_cal.fits,2461181.706306713,8.0,target,target,1928.294765631801,632.3176283297015,True,0.3547656318010013,-0.2023716702984757,9,-79.17094039916992,51.47269724845534,-9.89636754989624,6.4340871560569175,False,nonpositive_flux
light_V0399_V_8s_2026_05_20-0091_flat_0p3_early_bias_cal.fits,2461181.706306713,8.0,gaia_774272862760870784_src1,comparison,599.9332264233,257.88348855894486,True,0.3547656318010013,-0.2023716702984757,9,25.476924896240234,41.03191169013087,3.1846156120300293,5.128988961266359,False,ok
light_V0399_V_8s_2026_05_20-0091_flat_0p3_early_bias_cal.fits,2461181.706306713,8.0,gaia_774271076054448768_src2,comparison,1507.0726514552125,321.1138393611776,True,0.3547656318010013,-0.2023716702984757,9,32.28856658935547,41.23115642424024,4.036070823669434,5.15389455303003,False,ok
light_V0399_V_8s_2026_05_20-0091_flat_0p3_early_bias_cal.fits,2461181.706306713,8.0,gaia_774384016513181696_src3,comparison,390.9669021918266,1254.3124163655593,True,0.3547656318010013,-0.2023716702984757,9,-61.806976318359375,76.87023579482147,-7.725872039794922,9.608779474352684,False,nonpositive_flux
light_V0399_V_8s_2026_05_20-0091_flat_0p3_early_bias_cal.fits,2461181.706306713,8.0,gaia_774289041901756032_src4,comparison,2041.742203139344,1442.1483782212372,True,0.3547656318010013,-0.2023716702984757,9,-35.18870544433594,38.969746653690784,-4.398588180541992,4.871218331711348,False,nonpositive_flux
light_V0399_V_8s_2026_05_20-0091_flat_0p3_early_bias_cal.fits,2461181.706306713,8.0,gaia_774287774887292672_src5,comparison,2034.1633499663167,1080.5312056852276,True,0.3547656318010013,-0.2023716702984757,9,5.9093475341796875,39.14057438808027,0.7386684417724609,4.892571798510033,False,ok
light_V0399_V_8s_2026_05_20-0091_flat_0p3_early_bias_cal.fits,2461181.706306713,8.0,gaia_774289488578357504_src6,comparison,941.0088891515672,1100.2884016173534,True,0.3547656318010013,-0.2023716702984757,9,-98.55783462524414,39.87269557425554,-12.319729328155518,4.984086946781942,False,nonpositive_flux
light_V0399_V_8s_2026_05_20-0091_flat_0p3_early_bias_cal.fits,2461181.706306713,8.0,gaia_774288805679445888_src7,comparison,1944.9527351569327,1351.5364914131242,True,0.3547656318010013,-0.2023716702984757,9,34.26583480834961,41.2136880823458,4.283229351043701,5.151711010293225,False,ok
light_V0399_V_8s_2026_05_20-0091_flat_0p3_early_bias_cal.fits,2461181.706306713,8.0,gaia_774290626745586944_src8,comparison,1071.8158426394746,1433.7961858729873,True,0.3547656318010013,-0.2023716702984757,9,-4.745109558105469,38.94364239007797,-0.5931386947631836,4.867955298759746,False,nonpositive_flux
light_V0399_V_8s_2026_05_20-0091_flat_0p3_early_bias_cal.fits,2461181.706306713,8.0,DN_UMa,check,1853.174765631801,686.4276283297015,True,0.3547656318010013,-0.2023716702984757,9,-113.75423812866211,57.08867722605962,-14.219279766082764,7.136084653257453,False,nonpositive_flux
light_V0399_V_8s_2026_05_20-0092_flat_0p3_early_bias_cal.fits,2461181.706498958,8.0,target,target,1928.4226986971494,632.5537901993046,True,0.4826986971494307,0.033790199304633006,9,-129.32380294799805,57.76678563818045,-16.165475368499756,7.220848204772556,False,nonpositive_flux
light_V0399_V_8s_2026_05_20-0092_flat_0p3_early_bias_cal.fits,2461181.706498958,8.0,gaia_774272862760870784_src1,comparison,600.0611594886484,258.11965042854797,True,0.4826986971494307,0.033790199304633006,9,14.707653045654297,40.46912345717219,1.838456630706787,5.0586404321465235,False,ok
light_V0399_V_8s_2026_05_20-0092_flat_0p3_early_bias_cal.fits,2461181.706498958,8.0,gaia_774271076054448768_src2,comparison,1507.2005845205608,321.3500012307807,True,0.4826986971494307,0.033790199304633006,9,4.352657318115234,39.486314246475644,0.5440821647644043,4.9357892808094554,False,ok
light_V0399_V_8s_2026_05_20-0092_flat_0p3_early_bias_cal.fits,2461181.706498958,8.0,gaia_774384016513181696_src3,comparison,391.094835257175,1254.5485782351625,True,0.4826986971494307,0.033790199304633006,9,6.893913269042969,78.25045185926393,0.8617391586303711,9.781306482407992,False,ok
light_V0399_V_8s_2026_05_20-0092_flat_0p3_early_bias_cal.fits,2461181.706498958,8.0,gaia_774289041901756032_src4,comparison,2041.8701362046922,1442.3845400908403,True,0.4826986971494307,0.033790199304633006,9,-100.94127655029297,41.25119106695624,-12.617659568786621,5.15639888336953,False,nonpositive_flux
light_V0399_V_8s_2026_05_20-0092_flat_0p3_early_bias_cal.fits,2461181.706498958,8.0,gaia_774287774887292672_src5,comparison,2034.291283031665,1080.7673675548306,True,0.4826986971494307,0.033790199304633006,9,1.7713966369628906,40.170053550944694,0.22142457962036133,5.021256693868087,False,ok
light_V0399_V_8s_2026_05_20-0092_flat_0p3_early_bias_cal.fits,2461181.706498958,8.0,gaia_774289488578357504_src6,comparison,941.1368222169157,1100.5245634869564,True,0.4826986971494307,0.033790199304633006,9,58.3804817199707,37.26026865637328,7.297560214996338,4.65753358204666,False,ok
light_V0399_V_8s_2026_05_20-0092_flat_0p3_early_bias_cal.fits,2461181.706498958,8.0,gaia_774288805679445888_src7,comparison,1945.080668222281,1351.7726532827273,True,0.4826986971494307,0.033790199304633006,9,-38.3172721862793,39.03915335064884,-4.789659023284912,4.879894168831105,False,nonpositive_flux
light_V0399_V_8s_2026_05_20-0092_flat_0p3_early_bias_cal.fits,2461181.706498958,8.0,gaia_774290626745586944_src8,comparison,1071.943775704823,1434.0323477425904,True,0.4826986971494307,0.033790199304633006,9,-25.594131469726562,40.040652459044374,-3.1992664337158203,5.005081557380547,False,nonpositive_flux
light_V0399_V_8s_2026_05_20-0092_flat_0p3_early_bias_cal.fits,2461181.706498958,8.0,DN_UMa,check,1853.3026986971495,686.6637901993047,True,0.4826986971494307,0.033790199304633006,9,-12.294979095458984,70.96065637757212,-1.536872386932373,8.870082047196515,False,nonpositive_flux
light_V0399_V_8s_2026_05_20-0093_flat_0p3_early_bias_cal.fits,2461181.7066908563,8.0,target,target,1928.0396202324912,632.415191961908,True,0.09962023249113372,-0.1048080380919032,9,-70.72875213623047,48.84622121244795,-8.841094017028809,6.105777651555994,False,nonpositive_flux
light_V0399_V_8s_2026_05_20-0093_flat_0p3_early_bias_cal.fits,2461181.7066908563,8.0,gaia_774272862760870784_src1,comparison,599.6780810239901,257.98105219115143,True,0.09962023249113372,-0.1048080380919032,9,25.083316802978516,40.47706429789462,3.1354146003723145,5.059633037236828,False,ok
light_V0399_V_8s_2026_05_20-0093_flat_0p3_early_bias_cal.fits,2461181.7066908563,8.0,gaia_774271076054448768_src2,comparison,1506.8175060559026,321.2114029933842,True,0.09962023249113372,-0.1048080380919032,9,9.53226089477539,39.45606922162243,1.1915326118469238,4.9320086527028035,False,ok
light_V0399_V_8s_2026_05_20-0093_flat_0p3_early_bias_cal.fits,2461181.7066908563,8.0,gaia_774384016513181696_src3,comparison,390.7117567925167,1254.409979997766,True,0.09962023249113372,-0.1048080380919032,9,-97.85050964355469,87.12236594429491,-12.231313705444336,10.890295743036864,False,nonpositive_flux
light_V0399_V_8s_2026_05_20-0093_flat_0p3_early_bias_cal.fits,2461181.7066908563,8.0,gaia_774289041901756032_src4,comparison,2041.487057740034,1442.2459418534438,True,0.09962023249113372,-0.1048080380919032,9,29.488372802734375,42.628800064361535,3.686046600341797,5.328600008045192,False,ok
light_V0399_V_8s_2026_05_20-0093_flat_0p3_early_bias_cal.fits,2461181.7066908563,8.0,gaia_774287774887292672_src5,comparison,2033.9082045670068,1080.628769317434,True,0.09962023249113372,-0.1048080380919032,9,-32.86254119873047,40.7055409797121,-4.107817649841309,5.088192622464012,False,nonpositive_flux
light_V0399_V_8s_2026_05_20-0093_flat_0p3_early_bias_cal.fits,2461181.7066908563,8.0,gaia_774289488578357504_src6,comparison,940.7537437522574,1100.3859652495598,True,0.09962023249113372,-0.1048080380919032,9,13.075401306152344,41.618954421112505,1.634425163269043,5.202369302639063,False,ok
light_V0399_V_8s_2026_05_20-0093_flat_0p3_early_bias_cal.fits,2461181.7066908563,8.0,gaia_774288805679445888_src7,comparison,1944.6975897576228,1351.6340550453308,True,0.09962023249113372,-0.1048080380919032,9,38.02231979370117,40.22318909834589,4.7527899742126465,5.027898637293236,False,ok
light_V0399_V_8s_2026_05_20-0093_flat_0p3_early_bias_cal.fits,2461181.7066908563,8.0,gaia_774290626745586944_src8,comparison,1071.5606972401647,1433.893749505194,True,0.09962023249113372,-0.1048080380919032,9,-39.960845947265625,39.21897103633547,-4.995105743408203,4.9023713795419335,False,nonpositive_flux
light_V0399_V_8s_2026_05_20-0093_flat_0p3_early_bias_cal.fits,2461181.7066908563,8.0,DN_UMa,check,1852.919620232491,686.5251919619081,True,0.09962023249113372,-0.1048080380919032,9,-17.8240966796875,55.04236534254276,-2.2280120849609375,6.880295667817845,False,nonpositive_flux
light_V0399_V_8s_2026_05_20-0094_flat_0p3_early_bias_cal.fits,2461181.706882639,8.0,target,target,1928.4895122203304,632.4253822059095,True,0.5495122203303708,-0.09461779409048177,9,-46.075042724609375,53.35036589059535,-5.759380340576172,6.668795736324419,False,nonpositive_flux
light_V0399_V_8s_2026_05_20-0094_flat_0p3_early_bias_cal.fits,2461181.706882639,8.0,gaia_774272862760870784_src1,comparison,600.1279730118293,257.99124243515286,True,0.5495122203303708,-0.09461779409048177,9,24.936912536621094,40.25763451855804,3.1171140670776367,5.032204314819755,False,ok
light_V0399_V_8s_2026_05_20-0094_flat_0p3_early_bias_cal.fits,2461181.706882639,8.0,gaia_774271076054448768_src2,comparison,1507.2673980437419,321.2215932373856,True,0.5495122203303708,-0.09461779409048177,9,22.580974578857422,40.106066064976154,2.8226218223571777,5.013258258122019,False,ok
light_V0399_V_8s_2026_05_20-0094_flat_0p3_early_bias_cal.fits,2461181.706882639,8.0,gaia_774384016513181696_src3,comparison,391.16164878035596,1254.4201702417674,True,0.5495122203303708,-0.09461779409048177,9,-151.87628555297852,74.2750809845089,-18.984535694122314,9.284385123063613,False,nonpositive_flux
light_V0399_V_8s_2026_05_20-0094_flat_0p3_early_bias_cal.fits,2461181.706882639,8.0,gaia_774289041901756032_src4,comparison,2041.9369497278733,1442.2561320974453,True,0.5495122203303708,-0.09461779409048177,9,-36.34963607788086,38.894808987311336,-4.543704509735107,4.861851123413917,False,nonpositive_flux
light_V0399_V_8s_2026_05_20-0094_flat_0p3_early_bias_cal.fits,2461181.706882639,8.0,gaia_774287774887292672_src5,comparison,2034.358096554846,1080.6389595614355,True,0.5495122203303708,-0.09461779409048177,9,-61.5170783996582,39.62160621410288,-7.689634799957275,4.95270077676286,False,nonpositive_flux
light_V0399_V_8s_2026_05_20-0094_flat_0p3_early_bias_cal.fits,2461181.706882639,8.0,gaia_774289488578357504_src6,comparison,941.2036357400966,1100.3961554935613,True,0.5495122203303708,-0.09461779409048177,9,-12.223079681396484,38.947100806223155,-1.5278849601745605,4.868387600777894,False,nonpositive_flux
light_V0399_V_8s_2026_05_20-0094_flat_0p3_early_bias_cal.fits,2461181.706882639,8.0,gaia_774288805679445888_src7,comparison,1945.147481745462,1351.6442452893323,True,0.5495122203303708,-0.09461779409048177,9,16.523738861083984,40.57019184067362,2.065467357635498,5.071273980084203,False,ok
light_V0399_V_8s_2026_05_20-0094_flat_0p3_early_bias_cal.fits,2461181.706882639,8.0,gaia_774290626745586944_src8,comparison,1072.010589228004,1433.9039397491954,True,0.5495122203303708,-0.09461779409048177,9,-23.108219146728516,38.61305817022986,-2.8885273933410645,4.826632271278733,False,nonpositive_flux
light_V0399_V_8s_2026_05_20-0094_flat_0p3_early_bias_cal.fits,2461181.706882639,8.0,DN_UMa,check,1853.3695122203303,686.5353822059095,True,0.5495122203303708,-0.09461779409048177,9,-44.90594482421875,61.09225181675272,-5.613243103027344,7.63653147709409,False,nonpositive_flux
light_V0399_V_8s_2026_05_20-0095_flat_0p3_early_bias_cal.fits,2461181.7070737267,8.0,target,target,1928.4109516989881,632.5301559285006,True,0.470951698988074,0.010155928500637401,9,-81.85846328735352,55.17629831143965,-10.23230791091919,6.8970372889299565,False,nonpositive_flux
light_V0399_V_8s_2026_05_20-0095_flat_0p3_early_bias_cal.fits,2461181.7070737267,8.0,gaia_774272862760870784_src1,comparison,600.049412490487,258.096016157744,True,0.470951698988074,0.010155928500637401,9,-66.36032104492188,39.908260611169,-8.295040130615234,4.988532576396125,False,nonpositive_flux
light_V0399_V_8s_2026_05_20-0095_flat_0p3_early_bias_cal.fits,2461181.7070737267,8.0,gaia_774271076054448768_src2,comparison,1507.1888375223996,321.3263669599767,True,0.470951698988074,0.010155928500637401,9,-100.00241470336914,41.02934795872442,-12.500301837921143,5.128668494840553,False,nonpositive_flux
light_V0399_V_8s_2026_05_20-0095_flat_0p3_early_bias_cal.fits,2461181.7070737267,8.0,gaia_774384016513181696_src3,comparison,391.08308825901366,1254.5249439643585,True,0.470951698988074,0.010155928500637401,9,-99.38287734985352,85.37596226646629,-12.42285966873169,10.671995283308286,False,nonpositive_flux
light_V0399_V_8s_2026_05_20-0095_flat_0p3_early_bias_cal.fits,2461181.7070737267,8.0,gaia_774289041901756032_src4,comparison,2041.858389206531,1442.3609058200364,True,0.470951698988074,0.010155928500637401,9,-72.71330261230469,40.652092088199886,-9.089162826538086,5.081511511024986,False,nonpositive_flux
light_V0399_V_8s_2026_05_20-0095_flat_0p3_early_bias_cal.fits,2461181.7070737267,8.0,gaia_774287774887292672_src5,comparison,2034.2795360335037,1080.7437332840266,True,0.470951698988074,0.010155928500637401,9,35.619869232177734,40.81893040021597,4.452483654022217,5.102366300026996,False,ok
light_V0399_V_8s_2026_05_20-0095_flat_0p3_early_bias_cal.fits,2461181.7070737267,8.0,gaia_774289488578357504_src6,comparison,941.1250752187543,1100.5009292161524,True,0.470951698988074,0.010155928500637401,9,46.83344268798828,37.70622947694656,5.854180335998535,4.71327868461832,False,ok
light_V0399_V_8s_2026_05_20-0095_flat_0p3_early_bias_cal.fits,2461181.7070737267,8.0,gaia_774288805679445888_src7,comparison,1945.0689212241198,1351.7490190119233,True,0.470951698988074,0.010155928500637401,9,-35.63175582885742,41.443550180748545,-4.453969478607178,5.180443772593568,False,nonpositive_flux
light_V0399_V_8s_2026_05_20-0095_flat_0p3_early_bias_cal.fits,2461181.7070737267,8.0,gaia_774290626745586944_src8,comparison,1071.9320287066616,1434.0087134717865,True,0.470951698988074,0.010155928500637401,9,17.140941619873047,38.42275905683369,2.142617702484131,4.802844882104211,False,ok
light_V0399_V_8s_2026_05_20-0095_flat_0p3_early_bias_cal.fits,2461181.7070737267,8.0,DN_UMa,check,1853.290951698988,686.6401559285007,True,0.470951698988074,0.010155928500637401,9,-157.85192489624023,66.99658391030822,-19.73149061203003,8.374572988788527,False,nonpositive_flux
light_V0399_V_8s_2026_05_20-0096_flat_0p3_early_bias_cal.fits,2461181.7072653933,8.0,target,target,1928.259082286425,632.7487892391025,True,0.31908228642475933,0.22878923910252524,9,-129.22589874267578,50.92890517559838,-16.153237342834473,6.366113146949798,False,nonpositive_flux
light_V0399_V_8s_2026_05_20-0096_flat_0p3_early_bias_cal.fits,2461181.7072653933,8.0,gaia_774272862760870784_src1,comparison,599.8975430779237,258.31464946834586,True,0.31908228642475933,0.22878923910252524,9,91.21905899047852,39.47653377285648,11.402382373809814,4.93456672160706,False,ok
light_V0399_V_8s_2026_05_20-0096_flat_0p3_early_bias_cal.fits,2461181.7072653933,8.0,gaia_774271076054448768_src2,comparison,1507.0369681098364,321.5450002705786,True,0.31908228642475933,0.22878923910252524,9,-22.076351165771484,40.24146466212709,-2.7595438957214355,5.030183082765887,False,nonpositive_flux
light_V0399_V_8s_2026_05_20-0096_flat_0p3_early_bias_cal.fits,2461181.7072653933,8.0,gaia_774384016513181696_src3,comparison,390.93121884645035,1254.7435772749604,True,0.31908228642475933,0.22878923910252524,9,-13.238330841064453,87.81861013033907,-1.6547913551330566,10.977326266292383,False,nonpositive_flux
light_V0399_V_8s_2026_05_20-0096_flat_0p3_early_bias_cal.fits,2461181.7072653933,8.0,gaia_774289041901756032_src4,comparison,2041.7065197939678,1442.5795391306383,True,0.31908228642475933,0.22878923910252524,9,-31.34735870361328,41.880843082929296,-3.91841983795166,5.235105385366162,False,nonpositive_flux
light_V0399_V_8s_2026_05_20-0096_flat_0p3_early_bias_cal.fits,2461181.7072653933,8.0,gaia_774287774887292672_src5,comparison,2034.1276666209405,1080.9623665946285,True,0.31908228642475933,0.22878923910252524,9,5.866493225097656,38.776824380630565,0.733311653137207,4.847103047578821,False,ok
light_V0399_V_8s_2026_05_20-0096_flat_0p3_early_bias_cal.fits,2461181.7072653933,8.0,gaia_774289488578357504_src6,comparison,940.973205806191,1100.7195625267543,True,0.31908228642475933,0.22878923910252524,9,27.975101470947266,38.53493910045776,3.496887683868408,4.81686738755722,False,ok
light_V0399_V_8s_2026_05_20-0096_flat_0p3_early_bias_cal.fits,2461181.7072653933,8.0,gaia_774288805679445888_src7,comparison,1944.9170518115566,1351.9676523225253,True,0.31908228642475933,0.22878923910252524,9,28.958126068115234,38.05312141157639,3.6197657585144043,4.756640176447049,False,ok
light_V0399_V_8s_2026_05_20-0096_flat_0p3_early_bias_cal.fits,2461181.7072653933,8.0,gaia_774290626745586944_src8,comparison,1071.7801592940982,1434.2273467823884,True,0.31908228642475933,0.22878923910252524,9,20.837528228759766,41.19365605388001,2.6046910285949707,5.1492070067350015,False,ok
light_V0399_V_8s_2026_05_20-0096_flat_0p3_early_bias_cal.fits,2461181.7072653933,8.0,DN_UMa,check,1853.1390822864246,686.8587892391025,True,0.31908228642475933,0.22878923910252524,9,-94.68031311035156,58.30365223631093,-11.835039138793945,7.287956529538866,False,nonpositive_flux
light_V0399_V_8s_2026_05_20-0097_flat_0p3_early_bias_cal.fits,2461181.707456597,8.0,target,target,1928.0121170767243,632.4796179458153,True,0.07211707672422563,-0.04038205418464713,9,-195.0457992553711,54.079707425449676,-24.380724906921387,6.7599634281812095,False,nonpositive_flux
light_V0399_V_8s_2026_05_20-0097_flat_0p3_early_bias_cal.fits,2461181.707456597,8.0,gaia_774272862760870784_src1,comparison,599.6505778682232,258.0454781750587,True,0.07211707672422563,-0.04038205418464713,9,-45.11022186279297,41.592528294104554,-5.638777732849121,5.199066036763069,False,nonpositive_flux
light_V0399_V_8s_2026_05_20-0097_flat_0p3_early_bias_cal.fits,2461181.707456597,8.0,gaia_774271076054448768_src2,comparison,1506.7900029001357,321.27582897729144,True,0.07211707672422563,-0.04038205418464713,9,46.13091278076172,41.91117955492295,5.766364097595215,5.238897444365369,False,ok
light_V0399_V_8s_2026_05_20-0097_flat_0p3_early_bias_cal.fits,2461181.707456597,8.0,gaia_774384016513181696_src3,comparison,390.6842536367498,1254.4744059816733,True,0.07211707672422563,-0.04038205418464713,9,-83.08989715576172,77.39625789911487,-10.386237144470215,9.674532237389359,False,nonpositive_flux
light_V0399_V_8s_2026_05_20-0097_flat_0p3_early_bias_cal.fits,2461181.707456597,8.0,gaia_774289041901756032_src4,comparison,2041.4595545842672,1442.3103678373511,True,0.07211707672422563,-0.04038205418464713,9,-11.74582290649414,39.385425859979385,-1.4682278633117676,4.923178232497423,False,nonpositive_flux
light_V0399_V_8s_2026_05_20-0097_flat_0p3_early_bias_cal.fits,2461181.707456597,8.0,gaia_774287774887292672_src5,comparison,2033.88070141124,1080.6931953013413,True,0.07211707672422563,-0.04038205418464713,9,-60.82284164428711,40.300373731763685,-7.602855205535889,5.037546716470461,False,nonpositive_flux
light_V0399_V_8s_2026_05_20-0097_flat_0p3_early_bias_cal.fits,2461181.707456597,8.0,gaia_774289488578357504_src6,comparison,940.7262405964905,1100.4503912334671,True,0.07211707672422563,-0.04038205418464713,9,82.35153579711914,40.638226370676854,10.293941974639893,5.079778296334607,False,ok
light_V0399_V_8s_2026_05_20-0097_flat_0p3_early_bias_cal.fits,2461181.707456597,8.0,gaia_774288805679445888_src7,comparison,1944.670086601856,1351.698481029238,True,0.07211707672422563,-0.04038205418464713,9,36.131805419921875,39.021383979845936,4.516475677490234,4.877672997480742,False,ok
light_V0399_V_8s_2026_05_20-0097_flat_0p3_early_bias_cal.fits,2461181.707456597,8.0,gaia_774290626745586944_src8,comparison,1071.5331940843978,1433.9581754891012,True,0.07211707672422563,-0.04038205418464713,9,61.26702117919922,40.80628655087613,7.658377647399902,5.100785818859516,False,ok
light_V0399_V_8s_2026_05_20-0097_flat_0p3_early_bias_cal.fits,2461181.707456597,8.0,DN_UMa,check,1852.8921170767242,686.5896179458153,True,0.07211707672422563,-0.04038205418464713,9,-94.00032806396484,60.94559249454259,-11.750041007995605,7.6181990618178235,False,nonpositive_flux
light_V0399_V_8s_2026_05_20-0098_flat_0p3_early_bias_cal.fits,2461181.7076488426,8.0,target,target,1928.0653876801794,632.6613649222429,True,0.12538768017930124,0.14136492224292851,9,-113.62482070922852,51.89670089356419,-14.203102588653564,6.487087611695523,False,nonpositive_flux
light_V0399_V_8s_2026_05_20-0098_flat_0p3_early_bias_cal.fits,2461181.7076488426,8.0,gaia_774272862760870784_src1,comparison,599.7038484716783,258.22722515148627,True,0.12538768017930124,0.14136492224292851,9,49.14295959472656,41.08927757381663,6.14286994934082,5.136159696727079,False,ok
light_V0399_V_8s_2026_05_20-0098_flat_0p3_early_bias_cal.fits,2461181.7076488426,8.0,gaia_774271076054448768_src2,comparison,1506.8432735035908,321.457575953719,True,0.12538768017930124,0.14136492224292851,9,-27.40451431274414,39.77371068320882,-3.4255642890930176,4.971713835401102,False,nonpositive_flux
light_V0399_V_8s_2026_05_20-0098_flat_0p3_early_bias_cal.fits,2461181.7076488426,8.0,gaia_774384016513181696_src3,comparison,390.7375242402049,1254.6561529581008,True,0.12538768017930124,0.14136492224292851,9,35.77501678466797,78.44532449120291,4.471877098083496,9.805665561400364,False,ok
light_V0399_V_8s_2026_05_20-0098_flat_0p3_early_bias_cal.fits,2461181.7076488426,8.0,gaia_774289041901756032_src4,comparison,2041.5128251877222,1442.4921148137787,True,0.12538768017930124,0.14136492224292851,9,100.2972526550293,43.2719855169054,12.537156581878662,5.408998189613175,False,ok
light_V0399_V_8s_2026_05_20-0098_flat_0p3_early_bias_cal.fits,2461181.7076488426,8.0,gaia_774287774887292672_src5,comparison,2033.933972014695,1080.874942277769,True,0.12538768017930124,0.14136492224292851,9,-36.972286224365234,39.20532257135189,-4.621535778045654,4.900665321418987,False,nonpositive_flux
light_V0399_V_8s_2026_05_20-0098_flat_0p3_early_bias_cal.fits,2461181.7076488426,8.0,gaia_774289488578357504_src6,comparison,940.7795111999455,1100.6321382098947,True,0.12538768017930124,0.14136492224292851,9,78.50775909423828,40.775562750560695,9.813469886779785,5.096945343820087,False,ok
light_V0399_V_8s_2026_05_20-0098_flat_0p3_early_bias_cal.fits,2461181.7076488426,8.0,gaia_774288805679445888_src7,comparison,1944.723357205311,1351.8802280056657,True,0.12538768017930124,0.14136492224292851,9,20.422103881835938,40.46890668663013,2.552762985229492,5.058613335828766,False,ok
light_V0399_V_8s_2026_05_20-0098_flat_0p3_early_bias_cal.fits,2461181.7076488426,8.0,gaia_774290626745586944_src8,comparison,1071.5864646878529,1434.1399224655288,True,0.12538768017930124,0.14136492224292851,9,-80.07851791381836,40.02849989858304,-10.009814739227295,5.00356248732288,False,nonpositive_flux
light_V0399_V_8s_2026_05_20-0098_flat_0p3_early_bias_cal.fits,2461181.7076488426,8.0,DN_UMa,check,1852.9453876801792,686.7713649222429,True,0.12538768017930124,0.14136492224292851,9,-106.09823608398438,58.83100794721487,-13.262279510498047,7.353875993401859,False,nonpositive_flux
light_V0399_V_8s_2026_05_20-0099_flat_0p3_early_bias_cal.fits,2461181.707839815,8.0,target,target,1928.181311779651,632.6752487749654,True,0.2413117796509141,0.15524877496540057,9,-56.417442321777344,50.94349737829579,-7.052180290222168,6.3679371722869735,False,nonpositive_flux
light_V0399_V_8s_2026_05_20-0099_flat_0p3_early_bias_cal.fits,2461181.707839815,8.0,gaia_774272862760870784_src1,comparison,599.8197725711499,258.24110900420874,True,0.2413117796509141,0.15524877496540057,9,-5.465312957763672,39.237724182301775,-0.683164119720459,4.904715522787722,False,nonpositive_flux
light_V0399_V_8s_2026_05_20-0099_flat_0p3_early_bias_cal.fits,2461181.707839815,8.0,gaia_774271076054448768_src2,comparison,1506.9591976030624,321.4714598064415,True,0.2413117796509141,0.15524877496540057,9,-16.46111297607422,39.713346305735385,-2.0576391220092773,4.964168288216923,False,nonpositive_flux
light_V0399_V_8s_2026_05_20-0099_flat_0p3_early_bias_cal.fits,2461181.707839815,8.0,gaia_774384016513181696_src3,comparison,390.8534483396765,1254.6700368108234,True,0.2413117796509141,0.15524877496540057,9,-79.34553146362305,87.9908861410452,-9.91819143295288,10.99886076763065,False,nonpositive_flux
light_V0399_V_8s_2026_05_20-0099_flat_0p3_early_bias_cal.fits,2461181.707839815,8.0,gaia_774289041901756032_src4,comparison,2041.6287492871938,1442.5059986665012,True,0.2413117796509141,0.15524877496540057,9,14.689769744873047,41.11104481877333,1.8362212181091309,5.138880602346666,False,ok
light_V0399_V_8s_2026_05_20-0099_flat_0p3_early_bias_cal.fits,2461181.707839815,8.0,gaia_774287774887292672_src5,comparison,2034.0498961141666,1080.8888261304915,True,0.2413117796509141,0.15524877496540057,9,-59.230369567871094,39.171414112970425,-7.403796195983887,4.896426764121303,False,nonpositive_flux
light_V0399_V_8s_2026_05_20-0099_flat_0p3_early_bias_cal.fits,2461181.707839815,8.0,gaia_774289488578357504_src6,comparison,940.8954352994172,1100.6460220626172,True,0.2413117796509141,0.15524877496540057,9,40.996368408203125,39.20322129736012,5.124546051025391,4.900402662170015,False,ok
light_V0399_V_8s_2026_05_20-0099_flat_0p3_early_bias_cal.fits,2461181.707839815,8.0,gaia_774288805679445888_src7,comparison,1944.8392813047826,1351.8941118583882,True,0.2413117796509141,0.15524877496540057,9,2.0216331481933594,39.22294762917689,0.2527041435241699,4.902868453647112,False,ok
light_V0399_V_8s_2026_05_20-0099_flat_0p3_early_bias_cal.fits,2461181.707839815,8.0,gaia_774290626745586944_src8,comparison,1071.7023887873245,1434.1538063182513,True,0.2413117796509141,0.15524877496540057,9,-37.43461608886719,37.873528022700356,-4.679327011108398,4.7341910028375445,False,nonpositive_flux
light_V0399_V_8s_2026_05_20-0099_flat_0p3_early_bias_cal.fits,2461181.707839815,8.0,DN_UMa,check,1853.0613117796509,686.7852487749653,True,0.2413117796509141,0.15524877496540057,9,-89.75170135498047,60.304010189997015,-11.218962669372559,7.538001273749627,False,nonpositive_flux
light_V0399_V_8s_2026_05_20-0100_flat_0p3_early_bias_cal.fits,2461181.7080314816,8.0,target,target,1928.3599993493876,632.3362833612632,True,0.4199993493875809,-0.1837166387367688,9,-186.74552154541016,51.57039480325921,-23.34319019317627,6.4462993504074015,False,nonpositive_flux
light_V0399_V_8s_2026_05_20-0100_flat_0p3_early_bias_cal.fits,2461181.7080314816,8.0,gaia_774272862760870784_src1,comparison,599.9984601408866,257.90214359050657,True,0.4199993493875809,-0.1837166387367688,9,7.468189239501953,39.644869307465676,0.9335236549377441,4.9556086634332095,False,ok
light_V0399_V_8s_2026_05_20-0100_flat_0p3_early_bias_cal.fits,2461181.7080314816,8.0,gaia_774271076054448768_src2,comparison,1507.137885172799,321.1324943927393,True,0.4199993493875809,-0.1837166387367688,9,-5.4318084716796875,39.977759595098725,-0.6789760589599609,4.997219949387341,False,nonpositive_flux
light_V0399_V_8s_2026_05_20-0100_flat_0p3_early_bias_cal.fits,2461181.7080314816,8.0,gaia_774384016513181696_src3,comparison,391.03213590941317,1254.3310713971211,True,0.4199993493875809,-0.1837166387367688,9,-102.55916213989258,65.69913043530859,-12.819895267486572,8.212391304413574,False,nonpositive_flux
light_V0399_V_8s_2026_05_20-0100_flat_0p3_early_bias_cal.fits,2461181.7080314816,8.0,gaia_774289041901756032_src4,comparison,2041.8074368569305,1442.167033252799,True,0.4199993493875809,-0.1837166387367688,9,-88.89268493652344,40.65761059382174,-11.11158561706543,5.082201324227717,False,nonpositive_flux
light_V0399_V_8s_2026_05_20-0100_flat_0p3_early_bias_cal.fits,2461181.7080314816,8.0,gaia_774287774887292672_src5,comparison,2034.2285836839033,1080.5498607167892,True,0.4199993493875809,-0.1837166387367688,9,-40.14289855957031,40.64332066740778,-5.017862319946289,5.080415083425972,False,nonpositive_flux
light_V0399_V_8s_2026_05_20-0100_flat_0p3_early_bias_cal.fits,2461181.7080314816,8.0,gaia_774289488578357504_src6,comparison,941.0741228691538,1100.307056648915,True,0.4199993493875809,-0.1837166387367688,9,13.510185241699219,39.575588511441474,1.6887731552124023,4.946948563930184,False,ok
light_V0399_V_8s_2026_05_20-0100_flat_0p3_early_bias_cal.fits,2461181.7080314816,8.0,gaia_774288805679445888_src7,comparison,1945.0179688745193,1351.555146444686,True,0.4199993493875809,-0.1837166387367688,9,-35.88066482543945,38.54949160343687,-4.485083103179932,4.818686450429609,False,nonpositive_flux
light_V0399_V_8s_2026_05_20-0100_flat_0p3_early_bias_cal.fits,2461181.7080314816,8.0,gaia_774290626745586944_src8,comparison,1071.8810763570611,1433.814840904549,True,0.4199993493875809,-0.1837166387367688,9,-36.638057708740234,38.454514465359516,-4.579757213592529,4.8068143081699395,False,nonpositive_flux
light_V0399_V_8s_2026_05_20-0100_flat_0p3_early_bias_cal.fits,2461181.7080314816,8.0,DN_UMa,check,1853.2399993493875,686.4462833612632,True,0.4199993493875809,-0.1837166387367688,9,-33.402400970458984,56.39444354007336,-4.175300121307373,7.04930544250917,False,nonpositive_flux
light_V0399_V_8s_2026_05_20-0101_flat_0p3_early_bias_cal.fits,2461181.7082226854,8.0,target,target,1928.144805207362,632.6848697653666,True,0.20480520736191465,0.16486976536657494,9,-84.58534622192383,48.1675032580868,-10.573168277740479,6.02093790726085,False,nonpositive_flux
light_V0399_V_8s_2026_05_20-0101_flat_0p3_early_bias_cal.fits,2461181.7082226854,8.0,gaia_774272862760870784_src1,comparison,599.7832659988609,258.2507299946099,True,0.20480520736191465,0.16486976536657494,9,69.92036819458008,40.715201576336234,8.74004602432251,5.089400197042029,False,ok
light_V0399_V_8s_2026_05_20-0101_flat_0p3_early_bias_cal.fits,2461181.7082226854,8.0,gaia_774271076054448768_src2,comparison,1506.9226910307734,321.48108079684266,True,0.20480520736191465,0.16486976536657494,9,-23.583309173583984,39.11995866775076,-2.947913646697998,4.889994833468845,False,nonpositive_flux
light_V0399_V_8s_2026_05_20-0101_flat_0p3_early_bias_cal.fits,2461181.7082226854,8.0,gaia_774384016513181696_src3,comparison,390.8169417673875,1254.6796578012245,True,0.20480520736191465,0.16486976536657494,9,-29.465137481689453,74.98018210334607,-3.6831421852111816,9.372522762918258,False,nonpositive_flux
light_V0399_V_8s_2026_05_20-0101_flat_0p3_early_bias_cal.fits,2461181.7082226854,8.0,gaia_774289041901756032_src4,comparison,2041.5922427149048,1442.5156196569023,True,0.20480520736191465,0.16486976536657494,9,-44.18927764892578,41.90438200819664,-5.523659706115723,5.23804775102458,False,nonpositive_flux
light_V0399_V_8s_2026_05_20-0101_flat_0p3_early_bias_cal.fits,2461181.7082226854,8.0,gaia_774287774887292672_src5,comparison,2034.0133895418776,1080.8984471208926,True,0.20480520736191465,0.16486976536657494,9,-73.5942497253418,39.590138754563355,-9.199281215667725,4.948767344320419,False,nonpositive_flux
light_V0399_V_8s_2026_05_20-0101_flat_0p3_early_bias_cal.fits,2461181.7082226854,8.0,gaia_774289488578357504_src6,comparison,940.8589287271282,1100.6556430530184,True,0.20480520736191465,0.16486976536657494,9,-48.64913558959961,39.46224608011074,-6.081141948699951,4.932780760013842,False,nonpositive_flux
light_V0399_V_8s_2026_05_20-0101_flat_0p3_early_bias_cal.fits,2461181.7082226854,8.0,gaia_774288805679445888_src7,comparison,1944.8027747324936,1351.9037328487893,True,0.20480520736191465,0.16486976536657494,9,-2.1884193420410156,39.264920222166914,-0.27355241775512695,4.908115027770864,False,nonpositive_flux
light_V0399_V_8s_2026_05_20-0101_flat_0p3_early_bias_cal.fits,2461181.7082226854,8.0,gaia_774290626745586944_src8,comparison,1071.6658822150355,1434.1634273086524,True,0.20480520736191465,0.16486976536657494,9,16.075401306152344,37.767423926352905,2.009425163269043,4.720927990794113,False,ok
light_V0399_V_8s_2026_05_20-0101_flat_0p3_early_bias_cal.fits,2461181.7082226854,8.0,DN_UMa,check,1853.0248052073619,686.7948697653666,True,0.20480520736191465,0.16486976536657494,9,-118.30232238769531,54.05724330191226,-14.787790298461914,6.757155412739032,False,nonpositive_flux
light_V0399_V_8s_2026_05_20-0102_flat_0p3_early_bias_cal.fits,2461181.7084144675,8.0,target,target,1928.4294500380342,632.4554269236087,True,0.4894500380341924,-0.06457307639129795,9,-106.78102111816406,46.67346983460365,-13.347627639770508,5.834183729325456,False,nonpositive_flux
light_V0399_V_8s_2026_05_20-0102_flat_0p3_early_bias_cal.fits,2461181.7084144675,8.0,gaia_774272862760870784_src1,comparison,600.0679108295332,258.02128715285204,True,0.4894500380341924,-0.06457307639129795,9,7.929927825927734,37.57230394753494,0.9912409782409668,4.696537993441868,False,ok
light_V0399_V_8s_2026_05_20-0102_flat_0p3_early_bias_cal.fits,2461181.7084144675,8.0,gaia_774271076054448768_src2,comparison,1507.2073358614457,321.2516379550848,True,0.4894500380341924,-0.06457307639129795,9,-25.439403533935547,39.27651121885667,-3.1799254417419434,4.909563902357084,False,nonpositive_flux
light_V0399_V_8s_2026_05_20-0102_flat_0p3_early_bias_cal.fits,2461181.7084144675,8.0,gaia_774384016513181696_src3,comparison,391.1015865980598,1254.4502149594666,True,0.4894500380341924,-0.06457307639129795,9,-44.1799430847168,57.41871690002576,-5.5224928855896,7.17733961250322,False,nonpositive_flux
light_V0399_V_8s_2026_05_20-0102_flat_0p3_early_bias_cal.fits,2461181.7084144675,8.0,gaia_774289041901756032_src4,comparison,2041.8768875455771,1442.2861768151445,True,0.4894500380341924,-0.06457307639129795,9,-49.369590759277344,38.504235960902804,-6.171198844909668,4.8130294951128505,False,nonpositive_flux
light_V0399_V_8s_2026_05_20-0102_flat_0p3_early_bias_cal.fits,2461181.7084144675,8.0,gaia_774287774887292672_src5,comparison,2034.2980343725499,1080.6690042791347,True,0.4894500380341924,-0.06457307639129795,9,8.641548156738281,41.70965903498391,1.0801935195922852,5.2137073793729884,False,ok
light_V0399_V_8s_2026_05_20-0102_flat_0p3_early_bias_cal.fits,2461181.7084144675,8.0,gaia_774289488578357504_src6,comparison,941.1435735578004,1100.4262002112605,True,0.4894500380341924,-0.06457307639129795,9,67.64144134521484,39.40433880199609,8.455180168151855,4.925542350249511,False,ok
light_V0399_V_8s_2026_05_20-0102_flat_0p3_early_bias_cal.fits,2461181.7084144675,8.0,gaia_774288805679445888_src7,comparison,1945.087419563166,1351.6742900070315,True,0.4894500380341924,-0.06457307639129795,9,48.259979248046875,39.77789857605819,6.032497406005859,4.972237322007274,False,ok
light_V0399_V_8s_2026_05_20-0102_flat_0p3_early_bias_cal.fits,2461181.7084144675,8.0,gaia_774290626745586944_src8,comparison,1071.9505270457078,1433.9339844668946,True,0.4894500380341924,-0.06457307639129795,9,19.992931365966797,36.68637526586825,2.4991164207458496,4.585796908233531,False,ok
light_V0399_V_8s_2026_05_20-0102_flat_0p3_early_bias_cal.fits,2461181.7084144675,8.0,DN_UMa,check,1853.3094500380341,686.5654269236087,True,0.4894500380341924,-0.06457307639129795,9,-82.66978454589844,51.517149738341615,-10.333723068237305,6.439643717292702,False,nonpositive_flux
light_V0399_V_8s_2026_05_20-0103_flat_0p3_early_bias_cal.fits,2461181.7086069444,8.0,target,target,1928.6453667286826,632.2793187833429,True,0.7053667286825203,-0.2406812166570944,9,-55.64063262939453,50.0844559505105,-6.955079078674316,6.260556993813813,False,nonpositive_flux
light_V0399_V_8s_2026_05_20-0103_flat_0p3_early_bias_cal.fits,2461181.7086069444,8.0,gaia_774272862760870784_src1,comparison,600.2838275201815,257.84517901258624,True,0.7053667286825203,-0.2406812166570944,9,-38.814903259277344,38.863072983678045,-4.851862907409668,4.857884122959756,False,nonpositive_flux
light_V0399_V_8s_2026_05_20-0103_flat_0p3_early_bias_cal.fits,2461181.7086069444,8.0,gaia_774271076054448768_src2,comparison,1507.423252552094,321.075529814819,True,0.7053667286825203,-0.2406812166570944,9,-51.201683044433594,41.349624017502265,-6.400210380554199,5.168703002187783,False,nonpositive_flux
light_V0399_V_8s_2026_05_20-0103_flat_0p3_early_bias_cal.fits,2461181.7086069444,8.0,gaia_774384016513181696_src3,comparison,391.3175032887081,1254.2741068192008,True,0.7053667286825203,-0.2406812166570944,9,-78.32807922363281,75.08226485206372,-9.791009902954102,9.385283106507964,False,nonpositive_flux
light_V0399_V_8s_2026_05_20-0103_flat_0p3_early_bias_cal.fits,2461181.7086069444,8.0,gaia_774289041901756032_src4,comparison,2042.0928042362254,1442.1100686748787,True,0.7053667286825203,-0.2406812166570944,9,74.48035049438477,40.06649440893774,9.310043811798096,5.008311801117218,False,ok
light_V0399_V_8s_2026_05_20-0103_flat_0p3_early_bias_cal.fits,2461181.7086069444,8.0,gaia_774287774887292672_src5,comparison,2034.5139510631982,1080.492896138869,True,0.7053667286825203,-0.2406812166570944,9,-30.509845733642578,40.05824441283397,-3.8137307167053223,5.0072805516042465,False,nonpositive_flux
light_V0399_V_8s_2026_05_20-0103_flat_0p3_early_bias_cal.fits,2461181.7086069444,8.0,gaia_774289488578357504_src6,comparison,941.3594902484488,1100.2500920709947,True,0.7053667286825203,-0.2406812166570944,9,5.1363067626953125,40.27514886723124,0.6420383453369141,5.034393608403905,False,ok
light_V0399_V_8s_2026_05_20-0103_flat_0p3_early_bias_cal.fits,2461181.7086069444,8.0,gaia_774288805679445888_src7,comparison,1945.3033362538142,1351.4981818667657,True,0.7053667286825203,-0.2406812166570944,9,7.0143585205078125,39.539435553534354,0.8767948150634766,4.942429444191794,False,ok
light_V0399_V_8s_2026_05_20-0103_flat_0p3_early_bias_cal.fits,2461181.7086069444,8.0,gaia_774290626745586944_src8,comparison,1072.166443736356,1433.7578763266288,True,0.7053667286825203,-0.2406812166570944,9,-26.205562591552734,40.800030219802416,-3.275695323944092,5.100003777475302,False,nonpositive_flux
light_V0399_V_8s_2026_05_20-0103_flat_0p3_early_bias_cal.fits,2461181.7086069444,8.0,DN_UMa,check,1853.5253667286825,686.3893187833429,True,0.7053667286825203,-0.2406812166570944,9,-32.77251434326172,55.669839354678594,-4.096564292907715,6.958729919334824,False,nonpositive_flux
light_V0399_V_8s_2026_05_20-0104_flat_0p3_early_bias_cal.fits,2461181.708799537,8.0,target,target,1928.3272697033094,632.576299945058,True,0.3872697033093573,0.0562999450580719,9,-17.329959869384766,45.6220670140471,-2.1662449836730957,5.702758376755887,False,nonpositive_flux
light_V0399_V_8s_2026_05_20-0104_flat_0p3_early_bias_cal.fits,2461181.708799537,8.0,gaia_774272862760870784_src1,comparison,599.9657304948083,258.1421601743014,True,0.3872697033093573,0.0562999450580719,9,80.7642822265625,39.01813451193972,10.095535278320312,4.877266813992465,False,ok
light_V0399_V_8s_2026_05_20-0104_flat_0p3_early_bias_cal.fits,2461181.708799537,8.0,gaia_774271076054448768_src2,comparison,1507.1051555267209,321.37251097653416,True,0.3872697033093573,0.0562999450580719,9,15.056388854980469,40.3121179941526,1.8820486068725586,5.039014749269075,False,ok
light_V0399_V_8s_2026_05_20-0104_flat_0p3_early_bias_cal.fits,2461181.708799537,8.0,gaia_774384016513181696_src3,comparison,390.99940626333495,1254.571087980916,True,0.3872697033093573,0.0562999450580719,9,-66.62933349609375,62.899736972249,-8.328666687011719,7.862467121531125,False,nonpositive_flux
light_V0399_V_8s_2026_05_20-0104_flat_0p3_early_bias_cal.fits,2461181.708799537,8.0,gaia_774289041901756032_src4,comparison,2041.7747072108523,1442.4070498365938,True,0.3872697033093573,0.0562999450580719,9,-94.29243850708008,41.2797185976748,-11.78655481338501,5.15996482470935,False,nonpositive_flux
light_V0399_V_8s_2026_05_20-0104_flat_0p3_early_bias_cal.fits,2461181.708799537,8.0,gaia_774287774887292672_src5,comparison,2034.195854037825,1080.789877300584,True,0.3872697033093573,0.0562999450580719,9,83.29389190673828,41.95048004585671,10.411736488342285,5.243810005732088,False,ok
light_V0399_V_8s_2026_05_20-0104_flat_0p3_early_bias_cal.fits,2461181.708799537,8.0,gaia_774289488578357504_src6,comparison,941.0413932230756,1100.5470732327099,True,0.3872697033093573,0.0562999450580719,9,-13.91402816772461,38.069944470034514,-1.7392535209655762,4.758743058754314,False,nonpositive_flux
light_V0399_V_8s_2026_05_20-0104_flat_0p3_early_bias_cal.fits,2461181.708799537,8.0,gaia_774288805679445888_src7,comparison,1944.985239228441,1351.7951630284808,True,0.3872697033093573,0.0562999450580719,9,-46.654449462890625,38.063547669450465,-5.831806182861328,4.757943458681308,False,nonpositive_flux
light_V0399_V_8s_2026_05_20-0104_flat_0p3_early_bias_cal.fits,2461181.708799537,8.0,gaia_774290626745586944_src8,comparison,1071.848346710983,1434.054857488344,True,0.3872697033093573,0.0562999450580719,9,1.715118408203125,39.576127608506376,0.21438980102539062,4.947015951063297,False,ok
light_V0399_V_8s_2026_05_20-0104_flat_0p3_early_bias_cal.fits,2461181.708799537,8.0,DN_UMa,check,1853.2072697033093,686.6862999450581,True,0.3872697033093573,0.0562999450580719,9,-35.264930725097656,52.26212855773447,-4.408116340637207,6.532766069716809,False,nonpositive_flux
light_V0399_V_8s_2026_05_20-0105_flat_0p3_early_bias_cal.fits,2461181.7089913194,8.0,target,target,1928.2275429892893,632.3639838751574,True,0.2875429892892498,-0.1560161248426084,9,-85.65959930419922,46.160972308757714,-10.707449913024902,5.770121538594714,False,nonpositive_flux
light_V0399_V_8s_2026_05_20-0105_flat_0p3_early_bias_cal.fits,2461181.7089913194,8.0,gaia_774272862760870784_src1,comparison,599.8660037807882,257.92984410440073,True,0.2875429892892498,-0.1560161248426084,9,-2.866649627685547,39.69899580000362,-0.35833120346069336,4.962374475000453,False,nonpositive_flux
light_V0399_V_8s_2026_05_20-0105_flat_0p3_early_bias_cal.fits,2461181.7089913194,8.0,gaia_774271076054448768_src2,comparison,1507.0054288127008,321.1601949066335,True,0.2875429892892498,-0.1560161248426084,9,0.7313613891601562,36.28506695388411,0.09142017364501953,4.535633369235514,False,ok
light_V0399_V_8s_2026_05_20-0105_flat_0p3_early_bias_cal.fits,2461181.7089913194,8.0,gaia_774384016513181696_src3,comparison,390.89967954931484,1254.3587719110153,True,0.2875429892892498,-0.1560161248426084,9,-42.75885009765625,58.37385920232541,-5.344856262207031,7.296732400290677,False,nonpositive_flux
light_V0399_V_8s_2026_05_20-0105_flat_0p3_early_bias_cal.fits,2461181.7089913194,8.0,gaia_774289041901756032_src4,comparison,2041.6749804968322,1442.1947337666932,True,0.2875429892892498,-0.1560161248426084,9,29.74407196044922,41.275163672464146,3.7180089950561523,5.159395459058018,False,ok
light_V0399_V_8s_2026_05_20-0105_flat_0p3_early_bias_cal.fits,2461181.7089913194,8.0,gaia_774287774887292672_src5,comparison,2034.096127323805,1080.5775612306834,True,0.2875429892892498,-0.1560161248426084,9,19.069786071777344,39.96143664607616,2.383723258972168,4.99517958075952,False,ok
light_V0399_V_8s_2026_05_20-0105_flat_0p3_early_bias_cal.fits,2461181.7089913194,8.0,gaia_774289488578357504_src6,comparison,940.9416665090555,1100.3347571628092,True,0.2875429892892498,-0.1560161248426084,9,35.1422119140625,37.75892154381097,4.3927764892578125,4.719865192976371,False,ok
light_V0399_V_8s_2026_05_20-0105_flat_0p3_early_bias_cal.fits,2461181.7089913194,8.0,gaia_774288805679445888_src7,comparison,1944.885512514421,1351.5828469585801,True,0.2875429892892498,-0.1560161248426084,9,-47.23060607910156,38.6111844851082,-5.903825759887695,4.826398060638525,False,nonpositive_flux
light_V0399_V_8s_2026_05_20-0105_flat_0p3_early_bias_cal.fits,2461181.7089913194,8.0,gaia_774290626745586944_src8,comparison,1071.7486199969628,1433.8425414184433,True,0.2875429892892498,-0.1560161248426084,9,-6.706249237060547,40.241015880527364,-0.8382811546325684,5.0301269850659205,False,nonpositive_flux
light_V0399_V_8s_2026_05_20-0105_flat_0p3_early_bias_cal.fits,2461181.7089913194,8.0,DN_UMa,check,1853.1075429892892,686.4739838751574,True,0.2875429892892498,-0.1560161248426084,9,-24.017528533935547,53.506999801603904,-3.0021910667419434,6.688374975200488,False,nonpositive_flux
light_V0399_V_8s_2026_05_20-0106_flat_0p3_early_bias_cal.fits,2461181.709182986,8.0,target,target,1928.263530010215,632.2244587108662,True,0.32353001021488126,-0.2955412891337801,9,-72.3268814086914,45.521826611827315,-9.040860176086426,5.690228326478414,False,nonpositive_flux
light_V0399_V_8s_2026_05_20-0106_flat_0p3_early_bias_cal.fits,2461181.709182986,8.0,gaia_774272862760870784_src1,comparison,599.9019908017139,257.79031894010956,True,0.32353001021488126,-0.2955412891337801,9,15.770282745361328,39.09988885667031,1.971285343170166,4.887486107083789,False,ok
light_V0399_V_8s_2026_05_20-0106_flat_0p3_early_bias_cal.fits,2461181.709182986,8.0,gaia_774271076054448768_src2,comparison,1507.0414158336264,321.0206697423423,True,0.32353001021488126,-0.2955412891337801,9,35.57215118408203,38.36028813115462,4.446518898010254,4.795036016394327,False,ok
light_V0399_V_8s_2026_05_20-0106_flat_0p3_early_bias_cal.fits,2461181.709182986,8.0,gaia_774384016513181696_src3,comparison,390.93566657024047,1254.2192467467241,True,0.32353001021488126,-0.2955412891337801,9,10.462806701660156,68.07389405818684,1.3078508377075195,8.509236757273355,False,ok
light_V0399_V_8s_2026_05_20-0106_flat_0p3_early_bias_cal.fits,2461181.709182986,8.0,gaia_774289041901756032_src4,comparison,2041.7109675177578,1442.055208602402,True,0.32353001021488126,-0.2955412891337801,9,-27.633865356445312,39.54952852825084,-3.454233169555664,4.943691066031355,False,nonpositive_flux
light_V0399_V_8s_2026_05_20-0106_flat_0p3_early_bias_cal.fits,2461181.709182986,8.0,gaia_774287774887292672_src5,comparison,2034.1321143447306,1080.4380360663922,True,0.32353001021488126,-0.2955412891337801,9,4.752357482910156,38.719404373668574,0.5940446853637695,4.839925546708572,False,ok
light_V0399_V_8s_2026_05_20-0106_flat_0p3_early_bias_cal.fits,2461181.709182986,8.0,gaia_774289488578357504_src6,comparison,940.9776535299811,1100.195231998518,True,0.32353001021488126,-0.2955412891337801,9,20.020267486572266,36.69919367910274,2.502533435821533,4.587399209887843,False,ok
light_V0399_V_8s_2026_05_20-0106_flat_0p3_early_bias_cal.fits,2461181.709182986,8.0,gaia_774288805679445888_src7,comparison,1944.9214995353466,1351.443321794289,True,0.32353001021488126,-0.2955412891337801,9,-36.371395111083984,38.20081441249396,-4.546424388885498,4.775101801561745,False,nonpositive_flux
light_V0399_V_8s_2026_05_20-0106_flat_0p3_early_bias_cal.fits,2461181.709182986,8.0,gaia_774290626745586944_src8,comparison,1071.7846070178884,1433.703016254152,True,0.32353001021488126,-0.2955412891337801,9,36.83427047729492,39.38963931188366,4.604283809661865,4.923704913985458,False,ok
light_V0399_V_8s_2026_05_20-0106_flat_0p3_early_bias_cal.fits,2461181.709182986,8.0,DN_UMa,check,1853.1435300102148,686.3344587108662,True,0.32353001021488126,-0.2955412891337801,9,-68.68949127197266,50.63962317798737,-8.586186408996582,6.329952897248421,False,nonpositive_flux
light_V0399_V_8s_2026_05_20-0107_flat_0p3_early_bias_cal.fits,2461181.7093744213,8.0,target,target,1928.151617786968,632.5195568659901,True,0.21161778696807687,-0.00044313400985629414,9,-34.489803314208984,42.1597769518215,-4.311225414276123,5.269972118977687,False,nonpositive_flux
light_V0399_V_8s_2026_05_20-0107_flat_0p3_early_bias_cal.fits,2461181.7093744213,8.0,gaia_774272862760870784_src1,comparison,599.790078578467,258.0854170952335,True,0.21161778696807687,-0.00044313400985629414,9,-32.595252990722656,38.89023096136672,-4.074406623840332,4.86127887017084,False,nonpositive_flux
light_V0399_V_8s_2026_05_20-0107_flat_0p3_early_bias_cal.fits,2461181.7093744213,8.0,gaia_774271076054448768_src2,comparison,1506.9295036103795,321.31576789746623,True,0.21161778696807687,-0.00044313400985629414,9,41.00191116333008,38.36459659059858,5.12523889541626,4.7955745738248226,False,ok
light_V0399_V_8s_2026_05_20-0107_flat_0p3_early_bias_cal.fits,2461181.7093744213,8.0,gaia_774384016513181696_src3,comparison,390.82375434699367,1254.514344901848,True,0.21161778696807687,-0.00044313400985629414,9,-24.86811065673828,61.876041917491605,-3.108513832092285,7.734505239686451,False,nonpositive_flux
light_V0399_V_8s_2026_05_20-0107_flat_0p3_early_bias_cal.fits,2461181.7093744213,8.0,gaia_774289041901756032_src4,comparison,2041.599055294511,1442.350306757526,True,0.21161778696807687,-0.00044313400985629414,9,-25.27228546142578,41.988676137822324,-3.1590356826782227,5.2485845172277905,False,nonpositive_flux
light_V0399_V_8s_2026_05_20-0107_flat_0p3_early_bias_cal.fits,2461181.7093744213,8.0,gaia_774287774887292672_src5,comparison,2034.0202021214836,1080.7331342215161,True,0.21161778696807687,-0.00044313400985629414,9,26.850032806396484,38.24297692596481,3.3562541007995605,4.780372115745601,False,ok
light_V0399_V_8s_2026_05_20-0107_flat_0p3_early_bias_cal.fits,2461181.7093744213,8.0,gaia_774289488578357504_src6,comparison,940.8657413067343,1100.490330153642,True,0.21161778696807687,-0.00044313400985629414,9,-35.62074279785156,40.137080615161274,-4.452592849731445,5.017135076895159,False,nonpositive_flux
light_V0399_V_8s_2026_05_20-0107_flat_0p3_early_bias_cal.fits,2461181.7093744213,8.0,gaia_774288805679445888_src7,comparison,1944.8095873120997,1351.738419949413,True,0.21161778696807687,-0.00044313400985629414,9,-1.5495452880859375,39.85461015767656,-0.1936931610107422,4.98182626970957,False,nonpositive_flux
light_V0399_V_8s_2026_05_20-0107_flat_0p3_early_bias_cal.fits,2461181.7093744213,8.0,gaia_774290626745586944_src8,comparison,1071.6726947946418,1433.998114409276,True,0.21161778696807687,-0.00044313400985629414,9,13.032806396484375,39.45225699935128,1.6291007995605469,4.93153212491891,False,ok
light_V0399_V_8s_2026_05_20-0107_flat_0p3_early_bias_cal.fits,2461181.7093744213,8.0,DN_UMa,check,1853.0316177869681,686.6295568659901,True,0.21161778696807687,-0.00044313400985629414,9,-0.468719482421875,45.79026861073003,-0.058589935302734375,5.723783576341254,False,nonpositive_flux
light_V0399_V_8s_2026_05_20-0108_flat_0p3_early_bias_cal.fits,2461181.7095659724,8.0,target,target,1928.324401265474,632.5758569430883,True,0.3844012654741391,0.05585694308831535,9,-115.63297653198242,44.14546504336806,-14.454122066497803,5.518183130421008,False,nonpositive_flux
light_V0399_V_8s_2026_05_20-0108_flat_0p3_early_bias_cal.fits,2461181.7095659724,8.0,gaia_774272862760870784_src1,comparison,599.9628620569731,258.14171717233165,True,0.3844012654741391,0.05585694308831535,9,-25.51547622680664,40.341155825715035,-3.18943452835083,5.042644478214379,False,nonpositive_flux
light_V0399_V_8s_2026_05_20-0108_flat_0p3_early_bias_cal.fits,2461181.7095659724,8.0,gaia_774271076054448768_src2,comparison,1507.1022870888855,321.3720679745644,True,0.3844012654741391,0.05585694308831535,9,10.393028259277344,39.86888991535676,1.299128532409668,4.983611239419595,False,ok
light_V0399_V_8s_2026_05_20-0108_flat_0p3_early_bias_cal.fits,2461181.7095659724,8.0,gaia_774384016513181696_src3,comparison,390.99653782549973,1254.5706449789463,True,0.3844012654741391,0.05585694308831535,9,11.659194946289062,57.84325634430925,1.4573993682861328,7.230407043038657,False,ok
light_V0399_V_8s_2026_05_20-0108_flat_0p3_early_bias_cal.fits,2461181.7095659724,8.0,gaia_774289041901756032_src4,comparison,2041.771838773017,1442.4066068346242,True,0.3844012654741391,0.05585694308831535,9,-43.39073944091797,39.04211391276764,-5.423842430114746,4.880264239095955,False,nonpositive_flux
light_V0399_V_8s_2026_05_20-0108_flat_0p3_early_bias_cal.fits,2461181.7095659724,8.0,gaia_774287774887292672_src5,comparison,2034.1929855999897,1080.7894342986142,True,0.3844012654741391,0.05585694308831535,9,-32.45922088623047,39.547896719450854,-4.057402610778809,4.943487089931357,False,nonpositive_flux
light_V0399_V_8s_2026_05_20-0108_flat_0p3_early_bias_cal.fits,2461181.7095659724,8.0,gaia_774289488578357504_src6,comparison,941.0385247852404,1100.54663023074,True,0.3844012654741391,0.05585694308831535,9,-4.880226135253906,39.46384728008425,-0.6100282669067383,4.9329809100105315,False,nonpositive_flux
light_V0399_V_8s_2026_05_20-0108_flat_0p3_early_bias_cal.fits,2461181.7095659724,8.0,gaia_774288805679445888_src7,comparison,1944.9823707906057,1351.7947200265112,True,0.3844012654741391,0.05585694308831535,9,-19.40819549560547,39.20197125903878,-2.4260244369506836,4.900246407379847,False,nonpositive_flux
light_V0399_V_8s_2026_05_20-0108_flat_0p3_early_bias_cal.fits,2461181.7095659724,8.0,gaia_774290626745586944_src8,comparison,1071.8454782731478,1434.0544144863743,True,0.3844012654741391,0.05585694308831535,9,-19.578609466552734,38.64714293204514,-2.447326183319092,4.830892866505643,False,nonpositive_flux
light_V0399_V_8s_2026_05_20-0108_flat_0p3_early_bias_cal.fits,2461181.7095659724,8.0,DN_UMa,check,1853.2044012654742,686.6858569430883,True,0.3844012654741391,0.05585694308831535,9,-62.725013732910156,49.431991120228226,-7.8406267166137695,6.178998890028528,False,nonpositive_flux
light_V0399_V_8s_2026_05_20-0109_flat_0p3_early_bias_cal.fits,2461181.7097577546,8.0,target,target,1928.1304297451202,632.4925787727657,True,0.19042974512001365,-0.027421227234299295,9,-102.0825080871582,43.998700910377174,-12.760313510894775,5.499837613797147,False,nonpositive_flux
light_V0399_V_8s_2026_05_20-0109_flat_0p3_early_bias_cal.fits,2461181.7097577546,8.0,gaia_774272862760870784_src1,comparison,599.768890536619,258.05843900200904,True,0.19042974512001365,-0.027421227234299295,9,34.036258697509766,38.97326600874147,4.254532337188721,4.871658251092684,False,ok
light_V0399_V_8s_2026_05_20-0109_flat_0p3_early_bias_cal.fits,2461181.7097577546,8.0,gaia_774271076054448768_src2,comparison,1506.9083155685316,321.2887898042418,True,0.19042974512001365,-0.027421227234299295,9,-10.256885528564453,39.83478152074446,-1.2821106910705566,4.979347690093057,False,nonpositive_flux
light_V0399_V_8s_2026_05_20-0109_flat_0p3_early_bias_cal.fits,2461181.7097577546,8.0,gaia_774384016513181696_src3,comparison,390.8025663051456,1254.4873668086236,True,0.19042974512001365,-0.027421227234299295,9,-59.455623626708984,51.8486643879084,-7.431952953338623,6.48108304848855,False,nonpositive_flux
light_V0399_V_8s_2026_05_20-0109_flat_0p3_early_bias_cal.fits,2461181.7097577546,8.0,gaia_774289041901756032_src4,comparison,2041.577867252663,1442.3233286643015,True,0.19042974512001365,-0.027421227234299295,9,28.372127532958984,39.99108430896833,3.546515941619873,4.998885538621042,False,ok
light_V0399_V_8s_2026_05_20-0109_flat_0p3_early_bias_cal.fits,2461181.7097577546,8.0,gaia_774287774887292672_src5,comparison,2033.9990140796358,1080.7061561282917,True,0.19042974512001365,-0.027421227234299295,9,21.606502532958984,37.95460825695409,2.700812816619873,4.744326032119261,False,ok
light_V0399_V_8s_2026_05_20-0109_flat_0p3_early_bias_cal.fits,2461181.7097577546,8.0,gaia_774289488578357504_src6,comparison,940.8445532648863,1100.4633520604175,True,0.19042974512001365,-0.027421227234299295,9,17.089496612548828,39.89889675136094,2.1361870765686035,4.987362093920117,False,ok
light_V0399_V_8s_2026_05_20-0109_flat_0p3_early_bias_cal.fits,2461181.7097577546,8.0,gaia_774288805679445888_src7,comparison,1944.7883992702518,1351.7114418561885,True,0.19042974512001365,-0.027421227234299295,9,-82.9690170288086,39.806924435369496,-10.371127128601074,4.975865554421187,False,nonpositive_flux
light_V0399_V_8s_2026_05_20-0109_flat_0p3_early_bias_cal.fits,2461181.7097577546,8.0,gaia_774290626745586944_src8,comparison,1071.6515067527935,1433.9711363160516,True,0.19042974512001365,-0.027421227234299295,9,24.63446807861328,38.49152315576557,3.07930850982666,4.811440394470696,False,ok
light_V0399_V_8s_2026_05_20-0109_flat_0p3_early_bias_cal.fits,2461181.7097577546,8.0,DN_UMa,check,1853.0104297451198,686.6025787727657,True,0.19042974512001365,-0.027421227234299295,9,-16.18073272705078,45.65375775066255,-2.0225915908813477,5.706719718832819,False,nonpositive_flux
