flat,sequence,file,object_id,role,x,y,match_dist,flux_rate,flag
no_flat,V0399 named,light_V0399_V_8s_2026_05_20-0001_no_flat_cal.fits,gaia_774271076054448768_src2,comparison,1496.8318877045424,323.38495279403355,0.7685909446432575,2307.75,ok
no_flat,V0399 named,light_V0399_V_8s_2026_05_20-0001_no_flat_cal.fits,gaia_774272862760870784_src1,comparison,589.9473195384202,260.0729835824161,2.2270639654010433,3320.375,ok
no_flat,V0399 named,light_V0399_V_8s_2026_05_20-0001_no_flat_cal.fits,gaia_774287774887292672_src5,comparison,2024.0351604599891,1082.9830613167348,0.7632653066790868,1307.75,ok
no_flat,V0399 named,light_V0399_V_8s_2026_05_20-0001_no_flat_cal.fits,gaia_774288805679445888_src7,comparison,1935.1157237609743,1353.8491046012573,1.5349053640973422,1060.375,ok
no_flat,V0399 named,light_V0399_V_8s_2026_05_20-0001_no_flat_cal.fits,gaia_774289041901756032_src4,comparison,2031.8732541252648,1444.6802081241499,1.5295225584711707,1370.875,ok
no_flat,V0399 named,light_V0399_V_8s_2026_05_20-0001_no_flat_cal.fits,gaia_774289488578357504_src6,comparison,930.6508728500696,1102.5520477464713,1.6262353480751137,1228.375,ok
no_flat,V0399 named,light_V0399_V_8s_2026_05_20-0001_no_flat_cal.fits,gaia_774290626745586944_src8,comparison,1060.6053763776265,1435.5071110380009,0.9774193223576015,381.5,ok
no_flat,V0399 named,light_V0399_V_8s_2026_05_20-0001_no_flat_cal.fits,gaia_774384016513181696_src3,comparison,380.7419547528245,1256.907225541181,2.8701745299267545,1494.25,ok
no_flat,V0399 named,light_V0399_V_8s_2026_05_20-0002_no_flat_cal.fits,gaia_774271076054448768_src2,comparison,1497.272392700987,323.6824070662376,1.4114849176880973,2262.5,ok
no_flat,V0399 named,light_V0399_V_8s_2026_05_20-0002_no_flat_cal.fits,gaia_774272862760870784_src1,comparison,590.4077516601686,260.2819768159688,3.9733595769748713,3240.0,ok
no_flat,V0399 named,light_V0399_V_8s_2026_05_20-0002_no_flat_cal.fits,gaia_774287774887292672_src5,comparison,2024.4348968312036,1083.3859793471631,1.2238975697681205,1330.875,ok
no_flat,V0399 named,light_V0399_V_8s_2026_05_20-0002_no_flat_cal.fits,gaia_774288805679445888_src7,comparison,1935.5766705344763,1354.3000845108793,2.3179766325360376,1065.75,ok
no_flat,V0399 named,light_V0399_V_8s_2026_05_20-0002_no_flat_cal.fits,gaia_774289041901756032_src4,comparison,2032.3479720487114,1444.9866982782294,2.4982087249813554,1319.75,ok
no_flat,V0399 named,light_V0399_V_8s_2026_05_20-0002_no_flat_cal.fits,gaia_774289488578357504_src6,comparison,930.9970992525651,1102.90505761895,2.948205679285681,1130.0,ok
no_flat,V0399 named,light_V0399_V_8s_2026_05_20-0002_no_flat_cal.fits,gaia_774290626745586944_src8,comparison,1060.932086822294,1435.713651252236,2.529323943327589,374.5,ok
no_flat,V0399 named,light_V0399_V_8s_2026_05_20-0002_no_flat_cal.fits,gaia_774384016513181696_src3,comparison,381.02061091848003,1257.2707608190456,4.788979759527978,1404.75,ok
no_flat,V0399 named,light_V0399_V_8s_2026_05_20-0003_no_flat_cal.fits,gaia_774271076054448768_src2,comparison,1497.0472917795844,323.3621692269726,0.9724866947768419,2124.75,ok
no_flat,V0399 named,light_V0399_V_8s_2026_05_20-0003_no_flat_cal.fits,gaia_774272862760870784_src1,comparison,590.1729689045027,260.0228539019706,2.77422146904332,3147.125,ok
no_flat,V0399 named,light_V0399_V_8s_2026_05_20-0003_no_flat_cal.fits,gaia_774287774887292672_src5,comparison,2024.1998019740288,1082.9285175664693,0.8862088566612351,1265.25,ok
no_flat,V0399 named,light_V0399_V_8s_2026_05_20-0003_no_flat_cal.fits,gaia_774288805679445888_src7,comparison,1935.3231466511559,1353.7534519008445,1.7846457826099325,1016.75,ok
no_flat,V0399 named,light_V0399_V_8s_2026_05_20-0003_no_flat_cal.fits,gaia_774289041901756032_src4,comparison,2032.0689247776945,1444.5699544720685,1.7780018132927569,1305.875,ok
no_flat,V0399 named,light_V0399_V_8s_2026_05_20-0003_no_flat_cal.fits,gaia_774289488578357504_src6,comparison,930.7828969370347,1102.5328313556822,1.9615316857188132,1108.875,ok
no_flat,V0399 named,light_V0399_V_8s_2026_05_20-0003_no_flat_cal.fits,gaia_774290626745586944_src8,comparison,1060.7380168886393,1435.386491261057,1.528307234608766,347.125,ok
no_flat,V0399 named,light_V0399_V_8s_2026_05_20-0003_no_flat_cal.fits,gaia_774384016513181696_src3,comparison,380.84916884291084,1256.8107829290866,3.294274791757407,1424.125,ok
no_flat,V0399 named,light_V0399_V_8s_2026_05_20-0004_no_flat_cal.fits,gaia_774271076054448768_src2,comparison,1497.3687565275056,324.0000014285485,0.9596875828000943,2175.5,ok
no_flat,V0399 named,light_V0399_V_8s_2026_05_20-0004_no_flat_cal.fits,gaia_774272862760870784_src1,comparison,590.6425537260887,260.65036273400307,2.9106520351155267,3325.625,ok
no_flat,V0399 named,light_V0399_V_8s_2026_05_20-0004_no_flat_cal.fits,gaia_774287774887292672_src5,comparison,2024.541617243801,1083.6998787498858,0.8295065833004979,1334.625,ok
no_flat,V0399 named,light_V0399_V_8s_2026_05_20-0004_no_flat_cal.fits,gaia_774288805679445888_src7,comparison,1935.6266469370216,1354.6311114614089,1.6539754414696433,1060.125,ok
no_flat,V0399 named,light_V0399_V_8s_2026_05_20-0004_no_flat_cal.fits,gaia_774289041901756032_src4,comparison,2032.3603372363102,1445.3857397509114,1.67394243722824,1371.75,ok
no_flat,V0399 named,light_V0399_V_8s_2026_05_20-0004_no_flat_cal.fits,gaia_774289488578357504_src6,comparison,931.1930999234345,1103.0965039233715,2.0747133633148174,1148.5,ok
no_flat,V0399 named,light_V0399_V_8s_2026_05_20-0004_no_flat_cal.fits,gaia_774290626745586944_src8,comparison,1060.8489282905514,1436.2103231105623,1.3586069384485389,351.875,ok
no_flat,V0399 named,light_V0399_V_8s_2026_05_20-0004_no_flat_cal.fits,gaia_774384016513181696_src3,comparison,381.4076134816247,1257.571082110726,3.607639538351876,1416.875,ok
no_flat,V0399 named,light_V0399_V_8s_2026_05_20-0005_no_flat_cal.fits,gaia_774271076054448768_src2,comparison,1498.9554586887507,323.32388578129303,1.2436217218367314,2029.375,ok
no_flat,V0399 named,light_V0399_V_8s_2026_05_20-0005_no_flat_cal.fits,gaia_774272862760870784_src1,comparison,592.0986356235919,259.9016550593324,3.47172516107411,2980.75,ok
no_flat,V0399 named,light_V0399_V_8s_2026_05_20-0005_no_flat_cal.fits,gaia_774287774887292672_src5,comparison,2025.970733483413,1082.9435238635292,1.0709409142194417,1198.125,ok
no_flat,V0399 named,light_V0399_V_8s_2026_05_20-0005_no_flat_cal.fits,gaia_774288805679445888_src7,comparison,1937.162223926887,1353.7114053682408,2.184965399940048,968.625,ok
no_flat,V0399 named,light_V0399_V_8s_2026_05_20-0005_no_flat_cal.fits,gaia_774289041901756032_src4,comparison,2033.805033176535,1444.5384727722515,2.1533475663989705,1247.375,ok
no_flat,V0399 named,light_V0399_V_8s_2026_05_20-0005_no_flat_cal.fits,gaia_774289488578357504_src6,comparison,932.6310958721476,1102.3229521631015,2.5065317559243865,1073.875,ok
no_flat,V0399 named,light_V0399_V_8s_2026_05_20-0005_no_flat_cal.fits,gaia_774290626745586944_src8,comparison,1062.348728349559,1434.9934421456237,2.071742918208444,325.875,ok
no_flat,V0399 named,light_V0399_V_8s_2026_05_20-0005_no_flat_cal.fits,gaia_774384016513181696_src3,comparison,382.7434750568233,1256.7364595305512,4.202184268108646,1320.875,ok
no_flat,V0399 named,light_V0399_V_8s_2026_05_20-0006_no_flat_cal.fits,gaia_774271076054448768_src2,comparison,1499.5274569716792,322.7861504835425,0.8995108421749333,2297.75,ok
no_flat,V0399 named,light_V0399_V_8s_2026_05_20-0006_no_flat_cal.fits,gaia_774272862760870784_src1,comparison,592.7535030269212,259.34574440816453,2.6442928583970646,3368.375,ok
no_flat,V0399 named,light_V0399_V_8s_2026_05_20-0006_no_flat_cal.fits,gaia_774287774887292672_src5,comparison,2026.589784763372,1082.5569574817787,0.6545709771177085,1371.375,ok
no_flat,V0399 named,light_V0399_V_8s_2026_05_20-0006_no_flat_cal.fits,gaia_774288805679445888_src7,comparison,1937.6461470531706,1353.353595393321,1.5110243551830767,1103.625,ok
no_flat,V0399 named,light_V0399_V_8s_2026_05_20-0006_no_flat_cal.fits,gaia_774289041901756032_src4,comparison,2034.4640348800579,1444.1314921912922,1.569513615668935,1394.375,ok
no_flat,V0399 named,light_V0399_V_8s_2026_05_20-0006_no_flat_cal.fits,gaia_774289488578357504_src6,comparison,933.2719891750996,1101.787770839708,1.8535752750253003,1179.875,ok
no_flat,V0399 named,light_V0399_V_8s_2026_05_20-0006_no_flat_cal.fits,gaia_774290626745586944_src8,comparison,1063.0236715191506,1434.5820788943875,1.5243084834902034,377.25,ok
no_flat,V0399 named,light_V0399_V_8s_2026_05_20-0006_no_flat_cal.fits,gaia_774384016513181696_src3,comparison,383.45538517623515,1256.1292660568163,3.227286254704519,1450.0,ok
no_flat,V0399 named,light_V0399_V_8s_2026_05_20-0007_no_flat_cal.fits,gaia_774271076054448768_src2,comparison,1501.0665277384755,322.7513734284456,0.9327903548890947,2233.125,ok
no_flat,V0399 named,light_V0399_V_8s_2026_05_20-0007_no_flat_cal.fits,gaia_774272862760870784_src1,comparison,594.4058043710907,259.3577295414695,2.8197498417226035,3355.5,ok
no_flat,V0399 named,light_V0399_V_8s_2026_05_20-0007_no_flat_cal.fits,gaia_774287774887292672_src5,comparison,2028.3491151784754,1082.402144481817,0.9606344143681093,1384.375,ok
no_flat,V0399 named,light_V0399_V_8s_2026_05_20-0007_no_flat_cal.fits,gaia_774288805679445888_src7,comparison,1939.5022247577645,1353.2881132637606,1.8841804474918762,1077.25,ok
no_flat,V0399 named,light_V0399_V_8s_2026_05_20-0007_no_flat_cal.fits,gaia_774289041901756032_src4,comparison,2036.2347738799801,1444.069142099903,1.9120118130529467,1383.25,ok
no_flat,V0399 named,light_V0399_V_8s_2026_05_20-0007_no_flat_cal.fits,gaia_774289488578357504_src6,comparison,934.937314104795,1102.0048500719997,2.0924748928146037,1165.625,ok
no_flat,V0399 named,light_V0399_V_8s_2026_05_20-0007_no_flat_cal.fits,gaia_774290626745586944_src8,comparison,1064.988318043143,1434.6687275732456,1.6958102532605575,368.625,ok
no_flat,V0399 named,light_V0399_V_8s_2026_05_20-0007_no_flat_cal.fits,gaia_774384016513181696_src3,comparison,385.0486405151785,1256.3407632475532,3.5753050967098687,1473.0,ok
no_flat,V0399 named,light_V0399_V_8s_2026_05_20-0008_no_flat_cal.fits,gaia_774271076054448768_src2,comparison,1501.3689287127077,322.60403027129956,0.9875497082494681,2349.75,ok
no_flat,V0399 named,light_V0399_V_8s_2026_05_20-0008_no_flat_cal.fits,gaia_774272862760870784_src1,comparison,594.5604000387035,259.36915980821647,2.917916923014503,3398.875,ok
no_flat,V0399 named,light_V0399_V_8s_2026_05_20-0008_no_flat_cal.fits,gaia_774287774887292672_src5,comparison,2028.6185637175754,1082.1540421815866,0.8529520169870023,1377.875,ok
no_flat,V0399 named,light_V0399_V_8s_2026_05_20-0008_no_flat_cal.fits,gaia_774288805679445888_src7,comparison,1939.7407505293102,1353.1037304875658,1.6372558085079976,1086.0,ok
no_flat,V0399 named,light_V0399_V_8s_2026_05_20-0008_no_flat_cal.fits,gaia_774289041901756032_src4,comparison,2036.444848173487,1443.9070433914528,1.592298009416364,1378.875,ok
no_flat,V0399 named,light_V0399_V_8s_2026_05_20-0008_no_flat_cal.fits,gaia_774289488578357504_src6,comparison,935.1361130135862,1101.65649038877,1.9074210857661675,1215.0,ok
no_flat,V0399 named,light_V0399_V_8s_2026_05_20-0008_no_flat_cal.fits,gaia_774290626745586944_src8,comparison,1065.0948745353137,1434.4468958904722,1.810240012988374,386.125,ok
no_flat,V0399 named,light_V0399_V_8s_2026_05_20-0008_no_flat_cal.fits,gaia_774384016513181696_src3,comparison,385.3074828413963,1256.086131041922,3.333408197479935,1475.625,ok
no_flat,V0399 named,light_V0399_V_8s_2026_05_20-0009_no_flat_cal.fits,gaia_774271076054448768_src2,comparison,1501.7416603544139,323.6744092328549,0.6004470159225386,2156.375,ok
no_flat,V0399 named,light_V0399_V_8s_2026_05_20-0009_no_flat_cal.fits,gaia_774272862760870784_src1,comparison,594.8065894690981,260.3571215406156,1.6501297218095847,3199.75,ok
no_flat,V0399 named,light_V0399_V_8s_2026_05_20-0009_no_flat_cal.fits,gaia_774287774887292672_src5,comparison,2028.9377025882704,1083.337324997477,0.4898717565769528,1259.5,ok
no_flat,V0399 named,light_V0399_V_8s_2026_05_20-0009_no_flat_cal.fits,gaia_774288805679445888_src7,comparison,1940.044219181476,1354.241089303987,1.1758446510031264,1004.125,ok
no_flat,V0399 named,light_V0399_V_8s_2026_05_20-0009_no_flat_cal.fits,gaia_774289041901756032_src4,comparison,2036.8131982096754,1445.054288213637,1.1702204709494453,1274.0,ok
no_flat,V0399 named,light_V0399_V_8s_2026_05_20-0009_no_flat_cal.fits,gaia_774289488578357504_src6,comparison,935.406250594065,1102.9451559264603,1.097737627836817,1120.75,ok
no_flat,V0399 named,light_V0399_V_8s_2026_05_20-0009_no_flat_cal.fits,gaia_774290626745586944_src8,comparison,1065.3779650731597,1435.8735283350204,0.3527286136102934,350.625,ok
no_flat,V0399 named,light_V0399_V_8s_2026_05_20-0009_no_flat_cal.fits,gaia_774384016513181696_src3,comparison,385.5479710537762,1257.2837159433416,2.1927254610407534,1425.875,ok
no_flat,V0399 named,light_V0399_V_8s_2026_05_20-0010_no_flat_cal.fits,gaia_774271076054448768_src2,comparison,1503.612851431317,324.17872086433323,0.9098670186989071,2391.25,ok
no_flat,V0399 named,light_V0399_V_8s_2026_05_20-0010_no_flat_cal.fits,gaia_774272862760870784_src1,comparison,596.7064921769845,261.0156519322479,2.9088990006165343,3432.25,ok
no_flat,V0399 named,light_V0399_V_8s_2026_05_20-0010_no_flat_cal.fits,gaia_774287774887292672_src5,comparison,2030.8556265916948,1083.919848111318,0.7785742228704244,1403.875,ok
no_flat,V0399 named,light_V0399_V_8s_2026_05_20-0010_no_flat_cal.fits,gaia_774288805679445888_src7,comparison,1942.046907276644,1354.753324795404,1.6849205804782361,1104.625,ok
no_flat,V0399 named,light_V0399_V_8s_2026_05_20-0010_no_flat_cal.fits,gaia_774289041901756032_src4,comparison,2038.832197819807,1445.5309491745222,1.6854503676885373,1429.5,ok
no_flat,V0399 named,light_V0399_V_8s_2026_05_20-0010_no_flat_cal.fits,gaia_774289488578357504_src6,comparison,937.4411332030802,1103.4440277100318,2.0542043487510915,1242.25,ok
no_flat,V0399 named,light_V0399_V_8s_2026_05_20-0010_no_flat_cal.fits,gaia_774290626745586944_src8,comparison,1067.370373461543,1436.3233324474766,1.959563529854909,385.5,ok
no_flat,V0399 named,light_V0399_V_8s_2026_05_20-0010_no_flat_cal.fits,gaia_774384016513181696_src3,comparison,387.6758136627403,1257.8475752168197,3.4962998713421047,1501.875,ok
no_flat,V0399 named,light_V0399_V_8s_2026_05_20-0011_no_flat_cal.fits,gaia_774271076054448768_src2,comparison,1504.0425548133717,323.40733759253465,1.1819501941149386,2036.0,ok
no_flat,V0399 named,light_V0399_V_8s_2026_05_20-0011_no_flat_cal.fits,gaia_774272862760870784_src1,comparison,597.1485908666459,260.05256713457345,3.3045446267269467,2980.375,ok
no_flat,V0399 named,light_V0399_V_8s_2026_05_20-0011_no_flat_cal.fits,gaia_774287774887292672_src5,comparison,2031.0825318033535,1082.9262037919405,1.0541426565066279,1176.875,ok
no_flat,V0399 named,light_V0399_V_8s_2026_05_20-0011_no_flat_cal.fits,gaia_774288805679445888_src7,comparison,1942.1538507058283,1353.75058288278,1.974995686215161,979.75,ok
no_flat,V0399 named,light_V0399_V_8s_2026_05_20-0011_no_flat_cal.fits,gaia_774289041901756032_src4,comparison,2038.9898694361482,1444.6265715673558,1.992469326030134,1216.625,ok
no_flat,V0399 named,light_V0399_V_8s_2026_05_20-0011_no_flat_cal.fits,gaia_774289488578357504_src6,comparison,937.6118135949647,1102.5961296128064,2.244933261026888,1084.375,ok
no_flat,V0399 named,light_V0399_V_8s_2026_05_20-0011_no_flat_cal.fits,gaia_774290626745586944_src8,comparison,1067.7810284154498,1435.20152712878,2.2568388632718275,341.75,ok
no_flat,V0399 named,light_V0399_V_8s_2026_05_20-0011_no_flat_cal.fits,gaia_774384016513181696_src3,comparison,387.6887968662139,1256.9767295027982,3.778729085676659,1329.25,ok
no_flat,V0399 named,light_V0399_V_8s_2026_05_20-0012_no_flat_cal.fits,gaia_774271076054448768_src2,comparison,1504.4972585809394,322.2655892463025,0.6054204304601994,2310.625,ok
no_flat,V0399 named,light_V0399_V_8s_2026_05_20-0012_no_flat_cal.fits,gaia_774272862760870784_src1,comparison,597.85082825543,258.6808701152787,1.442390707316446,3300.5,ok
no_flat,V0399 named,light_V0399_V_8s_2026_05_20-0012_no_flat_cal.fits,gaia_774287774887292672_src5,comparison,2031.7707198854907,1081.827148542331,0.7567852821137074,1331.0,ok
no_flat,V0399 named,light_V0399_V_8s_2026_05_20-0012_no_flat_cal.fits,gaia_774288805679445888_src7,comparison,1942.8706406704598,1352.7237771937735,1.4478771434688023,1060.75,ok
no_flat,V0399 named,light_V0399_V_8s_2026_05_20-0012_no_flat_cal.fits,gaia_774289041901756032_src4,comparison,2039.7632276700224,1443.52374918522,1.6257622740937059,1380.5,ok
no_flat,V0399 named,light_V0399_V_8s_2026_05_20-0012_no_flat_cal.fits,gaia_774289488578357504_src6,comparison,938.5277792467303,1101.156573646023,1.226143131487591,1193.25,ok
no_flat,V0399 named,light_V0399_V_8s_2026_05_20-0012_no_flat_cal.fits,gaia_774290626745586944_src8,comparison,1068.4130093686806,1433.8455624577566,0.6290533209308543,364.375,ok
no_flat,V0399 named,light_V0399_V_8s_2026_05_20-0012_no_flat_cal.fits,gaia_774384016513181696_src3,comparison,388.6043072468239,1255.6057155677838,2.370165887481477,1477.375,ok
no_flat,V0399 named,light_V0399_V_8s_2026_05_20-0013_no_flat_cal.fits,gaia_774271076054448768_src2,comparison,1503.5049331298035,322.3039323754871,0.9201007100628061,2076.125,ok
no_flat,V0399 named,light_V0399_V_8s_2026_05_20-0013_no_flat_cal.fits,gaia_774272862760870784_src1,comparison,596.8903247466777,258.672962877969,2.680622229840611,3015.75,ok
no_flat,V0399 named,light_V0399_V_8s_2026_05_20-0013_no_flat_cal.fits,gaia_774287774887292672_src5,comparison,2030.7589747416755,1081.8354951299032,1.0894023650133249,1226.25,ok
no_flat,V0399 named,light_V0399_V_8s_2026_05_20-0013_no_flat_cal.fits,gaia_774288805679445888_src7,comparison,1941.7815033987054,1352.7296321923714,1.8877477496083843,982.5,ok
no_flat,V0399 named,light_V0399_V_8s_2026_05_20-0013_no_flat_cal.fits,gaia_774289041901756032_src4,comparison,2038.5803067883076,1443.5787143502848,1.9154262208240314,1249.625,ok
no_flat,V0399 named,light_V0399_V_8s_2026_05_20-0013_no_flat_cal.fits,gaia_774289488578357504_src6,comparison,937.3179131033766,1101.219470086109,2.0217500208872807,1070.125,ok
no_flat,V0399 named,light_V0399_V_8s_2026_05_20-0013_no_flat_cal.fits,gaia_774290626745586944_src8,comparison,1067.0546537609894,1434.2953405581814,1.4006126548786646,334.5,ok
no_flat,V0399 named,light_V0399_V_8s_2026_05_20-0013_no_flat_cal.fits,gaia_774384016513181696_src3,comparison,387.46848439774277,1255.4951454220181,3.4065178222577366,1348.25,ok
no_flat,V0399 named,light_V0399_V_8s_2026_05_20-0014_no_flat_cal.fits,gaia_774271076054448768_src2,comparison,1505.847023262418,321.9554283782317,1.1277550354989692,2333.375,ok
no_flat,V0399 named,light_V0399_V_8s_2026_05_20-0014_no_flat_cal.fits,gaia_774272862760870784_src1,comparison,599.0869067926211,258.48637224315723,3.2441948686112476,3515.0,ok
no_flat,V0399 named,light_V0399_V_8s_2026_05_20-0014_no_flat_cal.fits,gaia_774287774887292672_src5,comparison,2032.9567363221283,1081.6051408010194,0.9619332369541801,1388.125,ok
no_flat,V0399 named,light_V0399_V_8s_2026_05_20-0014_no_flat_cal.fits,gaia_774288805679445888_src7,comparison,1944.2049956258902,1352.372149997411,2.0580942397784745,1140.25,ok
no_flat,V0399 named,light_V0399_V_8s_2026_05_20-0014_no_flat_cal.fits,gaia_774289041901756032_src4,comparison,2040.934744640668,1443.1239791279843,2.1138532692509893,1419.875,ok
no_flat,V0399 named,light_V0399_V_8s_2026_05_20-0014_no_flat_cal.fits,gaia_774289488578357504_src6,comparison,939.5957461896933,1101.0134867685038,2.3177674475034027,1226.0,ok
no_flat,V0399 named,light_V0399_V_8s_2026_05_20-0014_no_flat_cal.fits,gaia_774290626745586944_src8,comparison,1069.5257060494266,1433.7701521567935,2.1037867826503933,391.0,ok
no_flat,V0399 named,light_V0399_V_8s_2026_05_20-0014_no_flat_cal.fits,gaia_774384016513181696_src3,comparison,389.6818261524953,1255.3937257451937,3.865617631259988,1554.25,ok
no_flat,V0399 named,light_V0399_V_8s_2026_05_20-0015_no_flat_cal.fits,gaia_774271076054448768_src2,comparison,1506.7181164004712,321.2683452528048,0.2291804943474909,1669.625,ok
no_flat,V0399 named,light_V0399_V_8s_2026_05_20-0015_no_flat_cal.fits,gaia_774272862760870784_src1,comparison,599.5932891933254,258.0587149900635,0.6768957318502042,2488.25,ok
no_flat,V0399 named,light_V0399_V_8s_2026_05_20-0015_no_flat_cal.fits,gaia_774287774887292672_src5,comparison,2033.7589573461212,1080.7768095095546,0.16133501123087163,945.125,ok
no_flat,V0399 named,light_V0399_V_8s_2026_05_20-0015_no_flat_cal.fits,gaia_774288805679445888_src7,comparison,1944.5424001501947,1351.7993317345945,0.2848129214897473,767.375,ok
no_flat,V0399 named,light_V0399_V_8s_2026_05_20-0015_no_flat_cal.fits,gaia_774289041901756032_src4,comparison,2041.3910413386034,1442.3419157745554,0.41720822181174383,1001.25,ok
no_flat,V0399 named,light_V0399_V_8s_2026_05_20-0015_no_flat_cal.fits,gaia_774289488578357504_src6,comparison,940.595674994804,1100.4748673295762,0.4909006530205713,858.875,ok
no_flat,V0399 named,light_V0399_V_8s_2026_05_20-0015_no_flat_cal.fits,gaia_774290626745586944_src8,comparison,1070.5935421303227,1433.2542774773406,0.5748714655418601,270.0,ok
no_flat,V0399 named,light_V0399_V_8s_2026_05_20-0015_no_flat_cal.fits,gaia_774384016513181696_src3,comparison,390.7270294291167,1254.7250883254214,1.0741609691085532,1095.25,ok
no_flat,V0399 named,light_V0399_V_8s_2026_05_20-0016_no_flat_cal.fits,gaia_774271076054448768_src2,comparison,1506.5452720516128,319.8824905419717,1.78207313360488,2342.875,ok
no_flat,V0399 named,light_V0399_V_8s_2026_05_20-0016_no_flat_cal.fits,gaia_774272862760870784_src1,comparison,599.9372403185582,256.8563262965032,5.658881328150175,3284.5,ok
no_flat,V0399 named,light_V0399_V_8s_2026_05_20-0016_no_flat_cal.fits,gaia_774287774887292672_src5,comparison,2033.8406745618804,1079.8064989415243,1.4184499291159944,1379.75,ok
no_flat,V0399 named,light_V0399_V_8s_2026_05_20-0016_no_flat_cal.fits,gaia_774288805679445888_src7,comparison,1944.74455926952,1350.554329044002,2.7016087508118853,1127.625,ok
no_flat,V0399 named,light_V0399_V_8s_2026_05_20-0016_no_flat_cal.fits,gaia_774289041901756032_src4,comparison,2041.4874677701505,1441.4586974725173,2.7785470721029166,1432.375,ok
no_flat,V0399 named,light_V0399_V_8s_2026_05_20-0016_no_flat_cal.fits,gaia_774289488578357504_src6,comparison,940.4470542699293,1099.3203356613415,3.949890314141723,1229.375,ok
no_flat,V0399 named,light_V0399_V_8s_2026_05_20-0016_no_flat_cal.fits,gaia_774290626745586944_src8,comparison,1070.2206997106032,1432.2722088357702,3.7788489029717405,386.625,ok
no_flat,V0399 named,light_V0399_V_8s_2026_05_20-0016_no_flat_cal.fits,gaia_774384016513181696_src3,comparison,390.5584954134262,1253.9391509625193,6.257952205910144,1511.25,ok
no_flat,V0399 named,light_V0399_V_8s_2026_05_20-0017_no_flat_cal.fits,gaia_774271076054448768_src2,comparison,1507.6036914124436,322.21031157845954,1.1258531546357378,2379.875,ok
no_flat,V0399 named,light_V0399_V_8s_2026_05_20-0017_no_flat_cal.fits,gaia_774272862760870784_src1,comparison,600.7259787385002,258.80970019195985,2.830456778547905,3511.625,ok
no_flat,V0399 named,light_V0399_V_8s_2026_05_20-0017_no_flat_cal.fits,gaia_774287774887292672_src5,comparison,2034.9004934953864,1081.729045775347,0.8239019256746426,1394.75,ok
no_flat,V0399 named,light_V0399_V_8s_2026_05_20-0017_no_flat_cal.fits,gaia_774288805679445888_src7,comparison,1946.1085652684897,1352.3318827893927,1.9620316392406842,1106.75,ok
no_flat,V0399 named,light_V0399_V_8s_2026_05_20-0017_no_flat_cal.fits,gaia_774289041901756032_src4,comparison,2042.764621908143,1443.153932190249,1.8794024795231445,1409.25,ok
no_flat,V0399 named,light_V0399_V_8s_2026_05_20-0017_no_flat_cal.fits,gaia_774289488578357504_src6,comparison,941.5347623227415,1101.348233035338,2.1287621744669103,1258.375,ok
no_flat,V0399 named,light_V0399_V_8s_2026_05_20-0017_no_flat_cal.fits,gaia_774290626745586944_src8,comparison,1071.2895845046319,1434.1944430357948,1.474522584930744,393.75,ok
no_flat,V0399 named,light_V0399_V_8s_2026_05_20-0017_no_flat_cal.fits,gaia_774384016513181696_src3,comparison,391.5413633152903,1255.8770890303967,3.4930007799040115,1525.875,ok
no_flat,V0399 named,light_V0399_V_8s_2026_05_20-0018_no_flat_cal.fits,gaia_774271076054448768_src2,comparison,1508.0141942428559,323.43102097809356,1.147092447212644,2410.75,ok
no_flat,V0399 named,light_V0399_V_8s_2026_05_20-0018_no_flat_cal.fits,gaia_774272862760870784_src1,comparison,601.0689873311579,260.0798796596048,3.0851126106262585,3440.75,ok
no_flat,V0399 named,light_V0399_V_8s_2026_05_20-0018_no_flat_cal.fits,gaia_774287774887292672_src5,comparison,2035.3414365034578,1082.9713716061542,0.9861043744121731,1429.875,ok
no_flat,V0399 named,light_V0399_V_8s_2026_05_20-0018_no_flat_cal.fits,gaia_774288805679445888_src7,comparison,1946.56114163991,1353.9598921077302,1.9087035833942372,1156.5,ok
no_flat,V0399 named,light_V0399_V_8s_2026_05_20-0018_no_flat_cal.fits,gaia_774289041901756032_src4,comparison,2043.2966644078538,1444.6785508877006,1.9489422457391579,1478.875,ok
no_flat,V0399 named,light_V0399_V_8s_2026_05_20-0018_no_flat_cal.fits,gaia_774289488578357504_src6,comparison,941.9039754165761,1102.6851615407404,2.3329755229152473,1260.25,ok
no_flat,V0399 named,light_V0399_V_8s_2026_05_20-0018_no_flat_cal.fits,gaia_774290626745586944_src8,comparison,1071.81367194399,1435.5876966803382,1.8547262338912227,400.375,ok
no_flat,V0399 named,light_V0399_V_8s_2026_05_20-0018_no_flat_cal.fits,gaia_774384016513181696_src3,comparison,391.8195497162086,1257.0919437143789,3.671310722417564,1576.0,ok
no_flat,V0399 named,light_V0399_V_8s_2026_05_20-0019_no_flat_cal.fits,gaia_774271076054448768_src2,comparison,1508.7551999170637,323.61060269785474,0.8296329913824398,2392.875,ok
no_flat,V0399 named,light_V0399_V_8s_2026_05_20-0019_no_flat_cal.fits,gaia_774272862760870784_src1,comparison,601.9520807538031,260.32617954542036,2.381503693433587,3449.0,ok
no_flat,V0399 named,light_V0399_V_8s_2026_05_20-0019_no_flat_cal.fits,gaia_774287774887292672_src5,comparison,2035.859432279063,1083.239066983536,0.5084760534391319,1371.25,ok
no_flat,V0399 named,light_V0399_V_8s_2026_05_20-0019_no_flat_cal.fits,gaia_774288805679445888_src7,comparison,1947.133826402604,1354.0733814105506,1.3803424175295678,1080.75,ok
no_flat,V0399 named,light_V0399_V_8s_2026_05_20-0019_no_flat_cal.fits,gaia_774289041901756032_src4,comparison,2043.8095743530396,1444.8822272475377,1.2636192888580902,1413.625,ok
no_flat,V0399 named,light_V0399_V_8s_2026_05_20-0019_no_flat_cal.fits,gaia_774289488578357504_src6,comparison,942.3828687055355,1102.8606007799035,1.3964753597876483,1237.0,ok
no_flat,V0399 named,light_V0399_V_8s_2026_05_20-0019_no_flat_cal.fits,gaia_774290626745586944_src8,comparison,1071.9598053844652,1435.7204131918436,1.0030536213064254,377.5,ok
no_flat,V0399 named,light_V0399_V_8s_2026_05_20-0019_no_flat_cal.fits,gaia_774384016513181696_src3,comparison,392.70008875498326,1257.3419781479831,2.774676700654398,1559.75,ok
no_flat,V0399 named,light_V0399_V_8s_2026_05_20-0020_no_flat_cal.fits,gaia_774271076054448768_src2,comparison,1509.4570886806055,323.12699760332015,1.3581861272192697,2444.0,ok
no_flat,V0399 named,light_V0399_V_8s_2026_05_20-0020_no_flat_cal.fits,gaia_774272862760870784_src1,comparison,602.4092583076647,259.76123178380243,3.8367462200032465,3612.5,ok
no_flat,V0399 named,light_V0399_V_8s_2026_05_20-0020_no_flat_cal.fits,gaia_774287774887292672_src5,comparison,2036.5516076003746,1082.9288847230293,1.0550892254222084,1462.125,ok
no_flat,V0399 named,light_V0399_V_8s_2026_05_20-0020_no_flat_cal.fits,gaia_774288805679445888_src7,comparison,1947.5766192576514,1353.7792075264372,2.008861461608849,1148.625,ok
no_flat,V0399 named,light_V0399_V_8s_2026_05_20-0020_no_flat_cal.fits,gaia_774289041901756032_src4,comparison,2044.3472118717466,1444.5406267378028,2.115995029545967,1498.125,ok
no_flat,V0399 named,light_V0399_V_8s_2026_05_20-0020_no_flat_cal.fits,gaia_774289488578357504_src6,comparison,943.202364997776,1102.344806092383,2.8855318133564234,1282.25,ok
no_flat,V0399 named,light_V0399_V_8s_2026_05_20-0020_no_flat_cal.fits,gaia_774290626745586944_src8,comparison,1073.0618563505445,1435.4286294585904,2.7003994966021936,414.0,ok
no_flat,V0399 named,light_V0399_V_8s_2026_05_20-0020_no_flat_cal.fits,gaia_774384016513181696_src3,comparison,393.17171300159964,1256.713421916855,4.475307909797848,1602.0,ok
no_flat,V0399 named,light_V0399_V_8s_2026_05_20-0021_no_flat_cal.fits,gaia_774271076054448768_src2,comparison,1511.8094641480216,324.210752744733,0.882710431282421,2387.875,ok
no_flat,V0399 named,light_V0399_V_8s_2026_05_20-0021_no_flat_cal.fits,gaia_774272862760870784_src1,comparison,605.083552431293,260.83953563161543,2.6870965749646554,3430.375,ok
no_flat,V0399 named,light_V0399_V_8s_2026_05_20-0021_no_flat_cal.fits,gaia_774287774887292672_src5,comparison,2039.0442504667349,1083.9097264288648,0.8143317506967473,1386.0,ok
no_flat,V0399 named,light_V0399_V_8s_2026_05_20-0021_no_flat_cal.fits,gaia_774288805679445888_src7,comparison,1950.1674038665683,1354.8412263762445,1.6515489997643336,1129.625,ok
no_flat,V0399 named,light_V0399_V_8s_2026_05_20-0021_no_flat_cal.fits,gaia_774289041901756032_src4,comparison,2046.8834785193164,1445.5630397421398,1.6804303114269008,1454.375,ok
no_flat,V0399 named,light_V0399_V_8s_2026_05_20-0021_no_flat_cal.fits,gaia_774289488578357504_src6,comparison,945.6652753258625,1103.40424023391,1.9494021044726966,1252.75,ok
no_flat,V0399 named,light_V0399_V_8s_2026_05_20-0021_no_flat_cal.fits,gaia_774290626745586944_src8,comparison,1075.7396677732913,1436.2460257627704,1.6186691872368004,387.125,ok
no_flat,V0399 named,light_V0399_V_8s_2026_05_20-0021_no_flat_cal.fits,gaia_774384016513181696_src3,comparison,395.86495340858914,1257.7073302137032,3.3955424200507527,1513.25,ok
no_flat,V0399 named,light_V0399_V_8s_2026_05_20-0022_no_flat_cal.fits,gaia_774271076054448768_src2,comparison,1510.8587414325332,324.17100659391804,0.6873360081957286,2311.875,ok
no_flat,V0399 named,light_V0399_V_8s_2026_05_20-0022_no_flat_cal.fits,gaia_774272862760870784_src1,comparison,604.0878558400199,260.91732465845047,1.995862879327253,3330.5,ok
no_flat,V0399 named,light_V0399_V_8s_2026_05_20-0022_no_flat_cal.fits,gaia_774287774887292672_src5,comparison,2038.3153185022134,1083.728537018345,0.6258990410502369,1380.125,ok
no_flat,V0399 named,light_V0399_V_8s_2026_05_20-0022_no_flat_cal.fits,gaia_774288805679445888_src7,comparison,1949.344225660473,1354.6255913308964,1.27053314896366,1113.375,ok
no_flat,V0399 named,light_V0399_V_8s_2026_05_20-0022_no_flat_cal.fits,gaia_774289041901756032_src4,comparison,2046.1783674361982,1445.4021494675014,1.2944402298104314,1395.875,ok
no_flat,V0399 named,light_V0399_V_8s_2026_05_20-0022_no_flat_cal.fits,gaia_774289488578357504_src6,comparison,944.7666946102474,1103.4061364167353,1.3040392521431308,1233.125,ok
no_flat,V0399 named,light_V0399_V_8s_2026_05_20-0022_no_flat_cal.fits,gaia_774290626745586944_src8,comparison,1074.4147435960901,1436.2812520779871,0.7794472723380192,384.875,ok
no_flat,V0399 named,light_V0399_V_8s_2026_05_20-0022_no_flat_cal.fits,gaia_774384016513181696_src3,comparison,394.7446064101614,1257.7300599471644,2.235219147360928,1536.5,ok
no_flat,V0399 named,light_V0399_V_8s_2026_05_20-0023_no_flat_cal.fits,gaia_774271076054448768_src2,comparison,1512.1877238981522,325.09127165804944,0.7908741782159137,2180.5,ok
no_flat,V0399 named,light_V0399_V_8s_2026_05_20-0023_no_flat_cal.fits,gaia_774272862760870784_src1,comparison,605.5785388363214,261.9130416589057,2.5864904620555125,3228.375,ok
no_flat,V0399 named,light_V0399_V_8s_2026_05_20-0023_no_flat_cal.fits,gaia_774287774887292672_src5,comparison,2039.4956305707115,1084.61630334054,0.7971777127468213,1293.0,ok
no_flat,V0399 named,light_V0399_V_8s_2026_05_20-0023_no_flat_cal.fits,gaia_774288805679445888_src7,comparison,1950.4904686021466,1355.5431262645418,1.452476280616742,1067.125,ok
no_flat,V0399 named,light_V0399_V_8s_2026_05_20-0023_no_flat_cal.fits,gaia_774289041901756032_src4,comparison,2047.2736622767973,1446.2907114994084,1.4831296578669135,1347.125,ok
no_flat,V0399 named,light_V0399_V_8s_2026_05_20-0023_no_flat_cal.fits,gaia_774289488578357504_src6,comparison,946.2779797740023,1104.386881742932,1.9029928953440396,1172.5,ok
no_flat,V0399 named,light_V0399_V_8s_2026_05_20-0023_no_flat_cal.fits,gaia_774290626745586944_src8,comparison,1076.1857996359652,1437.1400814804178,1.4272500775442967,355.625,ok
no_flat,V0399 named,light_V0399_V_8s_2026_05_20-0023_no_flat_cal.fits,gaia_774384016513181696_src3,comparison,396.3905769685211,1258.823944330969,3.137558298702289,1445.25,ok
no_flat,V0399 named,light_V0399_V_8s_2026_05_20-0024_no_flat_cal.fits,gaia_774271076054448768_src2,comparison,1511.844891473245,324.1111576701353,0.8343437934249857,2132.25,ok
no_flat,V0399 named,light_V0399_V_8s_2026_05_20-0024_no_flat_cal.fits,gaia_774272862760870784_src1,comparison,604.9985825308752,260.9264899986719,2.4972495359445306,3072.875,ok
no_flat,V0399 named,light_V0399_V_8s_2026_05_20-0024_no_flat_cal.fits,gaia_774287774887292672_src5,comparison,2039.0644932691991,1083.8174002870337,0.6139357150989317,1260.875,ok
no_flat,V0399 named,light_V0399_V_8s_2026_05_20-0024_no_flat_cal.fits,gaia_774288805679445888_src7,comparison,1950.3941155491596,1354.823173581056,1.527201856331368,1033.625,ok
no_flat,V0399 named,light_V0399_V_8s_2026_05_20-0024_no_flat_cal.fits,gaia_774289041901756032_src4,comparison,2047.0304260165424,1445.470028147856,1.4713644415682234,1326.375,ok
no_flat,V0399 named,light_V0399_V_8s_2026_05_20-0024_no_flat_cal.fits,gaia_774289488578357504_src6,comparison,945.7469118116823,1103.4103130509582,1.7928541637553403,1156.25,ok
no_flat,V0399 named,light_V0399_V_8s_2026_05_20-0024_no_flat_cal.fits,gaia_774290626745586944_src8,comparison,1075.7831792363959,1436.2994393372362,1.3542705771909134,342.75,ok
no_flat,V0399 named,light_V0399_V_8s_2026_05_20-0024_no_flat_cal.fits,gaia_774384016513181696_src3,comparison,395.8359857869117,1257.9527296172657,3.063234803909453,1388.125,ok
no_flat,V0399 named,light_V0399_V_8s_2026_05_20-0025_no_flat_cal.fits,gaia_774271076054448768_src2,comparison,1513.57519856755,324.7312703025222,1.3100810047316886,2511.375,ok
no_flat,V0399 named,light_V0399_V_8s_2026_05_20-0025_no_flat_cal.fits,gaia_774272862760870784_src1,comparison,606.6882176947744,261.5496168231063,3.697507279627678,3552.0,ok
no_flat,V0399 named,light_V0399_V_8s_2026_05_20-0025_no_flat_cal.fits,gaia_774287774887292672_src5,comparison,2040.8333789518676,1084.2111148766237,1.1018993200861413,1446.75,ok
no_flat,V0399 named,light_V0399_V_8s_2026_05_20-0025_no_flat_cal.fits,gaia_774288805679445888_src7,comparison,1951.9324713043425,1355.1611380305353,1.9656853770612936,1136.625,ok
no_flat,V0399 named,light_V0399_V_8s_2026_05_20-0025_no_flat_cal.fits,gaia_774289041901756032_src4,comparison,2048.7811422930417,1445.8473698466146,2.140926713473451,1457.875,ok
no_flat,V0399 named,light_V0399_V_8s_2026_05_20-0025_no_flat_cal.fits,gaia_774289488578357504_src6,comparison,947.433541720308,1103.9938142733354,2.5839000775503695,1246.0,ok
no_flat,V0399 named,light_V0399_V_8s_2026_05_20-0025_no_flat_cal.fits,gaia_774290626745586944_src8,comparison,1077.244726387518,1436.9799970602303,2.1729934246335505,396.375,ok
no_flat,V0399 named,light_V0399_V_8s_2026_05_20-0025_no_flat_cal.fits,gaia_774384016513181696_src3,comparison,397.4809155808648,1258.490418107968,4.196352046963874,1570.0,ok
no_flat,V0399 named,light_V0399_V_8s_2026_05_20-0026_no_flat_cal.fits,gaia_774271076054448768_src2,comparison,1513.5857070636685,324.97978053602793,0.8880131947368368,2248.625,ok
no_flat,V0399 named,light_V0399_V_8s_2026_05_20-0026_no_flat_cal.fits,gaia_774272862760870784_src1,comparison,606.8471536619771,261.78808918331515,2.7136613304034123,3304.0,ok
no_flat,V0399 named,light_V0399_V_8s_2026_05_20-0026_no_flat_cal.fits,gaia_774287774887292672_src5,comparison,2041.004913367616,1084.5209584535694,0.8647975833234216,1332.375,ok
no_flat,V0399 named,light_V0399_V_8s_2026_05_20-0026_no_flat_cal.fits,gaia_774288805679445888_src7,comparison,1952.1827951653981,1355.4149217192353,1.7274149620578478,1060.375,ok
no_flat,V0399 named,light_V0399_V_8s_2026_05_20-0026_no_flat_cal.fits,gaia_774289041901756032_src4,comparison,2048.9389302377144,1446.0616464130546,1.822529906880408,1309.5,ok
no_flat,V0399 named,light_V0399_V_8s_2026_05_20-0026_no_flat_cal.fits,gaia_774289488578357504_src6,comparison,947.7863120760873,1104.0799403772714,2.09494821094897,1162.75,ok
no_flat,V0399 named,light_V0399_V_8s_2026_05_20-0026_no_flat_cal.fits,gaia_774290626745586944_src8,comparison,1077.649368133052,1436.8415165405931,1.7473864007860358,362.0,ok
no_flat,V0399 named,light_V0399_V_8s_2026_05_20-0026_no_flat_cal.fits,gaia_774384016513181696_src3,comparison,397.740311969175,1258.6236831349515,3.2922454264345293,1439.0,ok
no_flat,V0399 named,light_V0399_V_8s_2026_05_20-0027_no_flat_cal.fits,gaia_774271076054448768_src2,comparison,1515.11475110973,324.62607741533225,0.7881583250686093,2391.75,ok
no_flat,V0399 named,light_V0399_V_8s_2026_05_20-0027_no_flat_cal.fits,gaia_774272862760870784_src1,comparison,608.371968667677,261.2709728923256,2.319391137305288,3518.125,ok
no_flat,V0399 named,light_V0399_V_8s_2026_05_20-0027_no_flat_cal.fits,gaia_774287774887292672_src5,comparison,2042.2721799889039,1084.1706138057339,0.7214099811995576,1418.125,ok
no_flat,V0399 named,light_V0399_V_8s_2026_05_20-0027_no_flat_cal.fits,gaia_774288805679445888_src7,comparison,1953.4362653958808,1355.0293823245624,1.5364840096660066,1131.5,ok
no_flat,V0399 named,light_V0399_V_8s_2026_05_20-0027_no_flat_cal.fits,gaia_774289041901756032_src4,comparison,2050.300291747977,1445.7703852190173,1.6412873572962074,1407.625,ok
no_flat,V0399 named,light_V0399_V_8s_2026_05_20-0027_no_flat_cal.fits,gaia_774289488578357504_src6,comparison,949.001734177858,1103.62742586768,1.6473091728019802,1231.375,ok
no_flat,V0399 named,light_V0399_V_8s_2026_05_20-0027_no_flat_cal.fits,gaia_774290626745586944_src8,comparison,1078.907185929595,1436.7442339510449,1.116706874165578,389.25,ok
no_flat,V0399 named,light_V0399_V_8s_2026_05_20-0027_no_flat_cal.fits,gaia_774384016513181696_src3,comparison,399.0512683952865,1258.128329788178,2.8249390817600304,1503.125,ok
no_flat,V0399 named,light_V0399_V_8s_2026_05_20-0028_no_flat_cal.fits,gaia_774271076054448768_src2,comparison,1514.6749220578395,324.9925216257032,1.0496553564227227,2304.375,ok
no_flat,V0399 named,light_V0399_V_8s_2026_05_20-0028_no_flat_cal.fits,gaia_774272862760870784_src1,comparison,607.7863761504698,261.61330229294555,2.787798534688078,3472.5,ok
no_flat,V0399 named,light_V0399_V_8s_2026_05_20-0028_no_flat_cal.fits,gaia_774287774887292672_src5,comparison,2041.872183785643,1084.5715793557374,0.8761202638535047,1385.75,ok
no_flat,V0399 named,light_V0399_V_8s_2026_05_20-0028_no_flat_cal.fits,gaia_774288805679445888_src7,comparison,1953.0588189994648,1355.4084428129056,1.853691663400532,1109.5,ok
no_flat,V0399 named,light_V0399_V_8s_2026_05_20-0028_no_flat_cal.fits,gaia_774289041901756032_src4,comparison,2049.7105235366857,1446.199279782803,1.8166107162995546,1428.25,ok
no_flat,V0399 named,light_V0399_V_8s_2026_05_20-0028_no_flat_cal.fits,gaia_774289488578357504_src6,comparison,948.4073999547301,1104.0895150489368,1.952871994387371,1242.5,ok
no_flat,V0399 named,light_V0399_V_8s_2026_05_20-0028_no_flat_cal.fits,gaia_774290626745586944_src8,comparison,1078.3271223012741,1436.923220790845,1.3501244334939626,386.375,ok
no_flat,V0399 named,light_V0399_V_8s_2026_05_20-0028_no_flat_cal.fits,gaia_774384016513181696_src3,comparison,398.44880977756316,1258.5177921160532,3.4275213246628464,1548.625,ok
no_flat,V0399 named,light_V0399_V_8s_2026_05_20-0029_no_flat_cal.fits,gaia_774271076054448768_src2,comparison,1516.242291843275,326.62873841733716,0.9633059103195605,2397.5,ok
no_flat,V0399 named,light_V0399_V_8s_2026_05_20-0029_no_flat_cal.fits,gaia_774272862760870784_src1,comparison,609.5163848007993,263.2492480239746,2.676199859849293,3495.75,ok
no_flat,V0399 named,light_V0399_V_8s_2026_05_20-0029_no_flat_cal.fits,gaia_774287774887292672_src5,comparison,2043.4444810259188,1086.204748767515,0.7664432387435003,1398.0,ok
no_flat,V0399 named,light_V0399_V_8s_2026_05_20-0029_no_flat_cal.fits,gaia_774288805679445888_src7,comparison,1954.619497831734,1357.1074103631024,1.6356200106297758,1101.25,ok
no_flat,V0399 named,light_V0399_V_8s_2026_05_20-0029_no_flat_cal.fits,gaia_774289041901756032_src4,comparison,2051.3388669937303,1447.835287646258,1.6579595728498566,1381.375,ok
no_flat,V0399 named,light_V0399_V_8s_2026_05_20-0029_no_flat_cal.fits,gaia_774289488578357504_src6,comparison,950.1219531464446,1105.66444674669,1.8835784479139728,1235.75,ok
no_flat,V0399 named,light_V0399_V_8s_2026_05_20-0029_no_flat_cal.fits,gaia_774290626745586944_src8,comparison,1080.1566577061926,1438.5798412882114,1.5184229467609076,394.0,ok
no_flat,V0399 named,light_V0399_V_8s_2026_05_20-0029_no_flat_cal.fits,gaia_774384016513181696_src3,comparison,400.19077581082627,1260.069758411039,3.2051702382312857,1530.125,ok
no_flat,V0399 named,light_V0399_V_8s_2026_05_20-0030_no_flat_cal.fits,gaia_774271076054448768_src2,comparison,1515.6565972392168,326.04069997044246,0.8805812504430114,2527.375,ok
no_flat,V0399 named,light_V0399_V_8s_2026_05_20-0030_no_flat_cal.fits,gaia_774272862760870784_src1,comparison,608.7554487967623,262.7559698921473,2.4011396984408147,3760.75,ok
no_flat,V0399 named,light_V0399_V_8s_2026_05_20-0030_no_flat_cal.fits,gaia_774287774887292672_src5,comparison,2043.2103800964387,1085.5776767990196,0.9264671652617908,1542.375,ok
no_flat,V0399 named,light_V0399_V_8s_2026_05_20-0030_no_flat_cal.fits,gaia_774288805679445888_src7,comparison,1954.3539224689139,1356.4423402161972,1.7954988832265097,1207.375,ok
no_flat,V0399 named,light_V0399_V_8s_2026_05_20-0030_no_flat_cal.fits,gaia_774289041901756032_src4,comparison,2051.0908404615025,1447.251175790899,1.7705659930225863,1553.625,ok
no_flat,V0399 named,light_V0399_V_8s_2026_05_20-0030_no_flat_cal.fits,gaia_774289488578357504_src6,comparison,949.594048024746,1105.223158262409,1.7364582747057047,1362.375,ok
no_flat,V0399 named,light_V0399_V_8s_2026_05_20-0030_no_flat_cal.fits,gaia_774290626745586944_src8,comparison,1079.5980388507385,1438.116437089079,1.2483204545835376,443.125,ok
no_flat,V0399 named,light_V0399_V_8s_2026_05_20-0030_no_flat_cal.fits,gaia_774384016513181696_src3,comparison,399.8899870137961,1259.8016524124735,3.315749993079498,1677.0,ok
no_flat,V0399 named,light_V0399_V_8s_2026_05_20-0031_no_flat_cal.fits,gaia_774271076054448768_src2,comparison,1517.3936047402935,327.0913243163271,0.6810289811264716,2486.0,ok
no_flat,V0399 named,light_V0399_V_8s_2026_05_20-0031_no_flat_cal.fits,gaia_774272862760870784_src1,comparison,610.7275861456143,263.87017764096214,2.1735840636322123,3645.375,ok
no_flat,V0399 named,light_V0399_V_8s_2026_05_20-0031_no_flat_cal.fits,gaia_774287774887292672_src5,comparison,2044.8727671919257,1086.657478348059,0.5997896907641932,1476.5,ok
no_flat,V0399 named,light_V0399_V_8s_2026_05_20-0031_no_flat_cal.fits,gaia_774288805679445888_src7,comparison,1956.192622015178,1357.459729639645,1.5216183180381737,1191.875,ok
no_flat,V0399 named,light_V0399_V_8s_2026_05_20-0031_no_flat_cal.fits,gaia_774289041901756032_src4,comparison,2052.752037872798,1448.1239877175037,1.4148390245476445,1478.25,ok
no_flat,V0399 named,light_V0399_V_8s_2026_05_20-0031_no_flat_cal.fits,gaia_774289488578357504_src6,comparison,951.5037360631793,1106.2464784691397,1.5172309192612248,1316.125,ok
no_flat,V0399 named,light_V0399_V_8s_2026_05_20-0031_no_flat_cal.fits,gaia_774290626745586944_src8,comparison,1081.5965097658486,1439.1153668306279,1.4015205665963628,404.125,ok
no_flat,V0399 named,light_V0399_V_8s_2026_05_20-0031_no_flat_cal.fits,gaia_774384016513181696_src3,comparison,401.75310465311645,1260.808866706791,2.725247100033875,1631.625,ok
no_flat,V0399 named,light_V0399_V_8s_2026_05_20-0032_no_flat_cal.fits,gaia_774271076054448768_src2,comparison,1518.2484208783105,326.31898436169763,0.8840861014740424,2431.625,ok
no_flat,V0399 named,light_V0399_V_8s_2026_05_20-0032_no_flat_cal.fits,gaia_774272862760870784_src1,comparison,611.5002811413615,263.12595518307796,2.59741523064314,3619.625,ok
no_flat,V0399 named,light_V0399_V_8s_2026_05_20-0032_no_flat_cal.fits,gaia_774287774887292672_src5,comparison,2045.6511367532214,1085.8859254920621,0.6007524550352499,1458.0,ok
no_flat,V0399 named,light_V0399_V_8s_2026_05_20-0032_no_flat_cal.fits,gaia_774288805679445888_src7,comparison,1956.898978242303,1356.7204483253513,1.4888720623932234,1151.75,ok
no_flat,V0399 named,light_V0399_V_8s_2026_05_20-0032_no_flat_cal.fits,gaia_774289041901756032_src4,comparison,2053.595810545318,1447.5362439798266,1.3640908978448203,1477.375,ok
no_flat,V0399 named,light_V0399_V_8s_2026_05_20-0032_no_flat_cal.fits,gaia_774289488578357504_src6,comparison,952.272718951163,1105.4426384839032,1.778593577032557,1318.75,ok
no_flat,V0399 named,light_V0399_V_8s_2026_05_20-0032_no_flat_cal.fits,gaia_774290626745586944_src8,comparison,1082.2291781491047,1438.5083580875867,1.495886454216427,409.875,ok
no_flat,V0399 named,light_V0399_V_8s_2026_05_20-0032_no_flat_cal.fits,gaia_774384016513181696_src3,comparison,402.3047431810539,1260.0215257405375,2.859081396848741,1572.625,ok
no_flat,V0399 named,light_V0399_V_8s_2026_05_20-0033_no_flat_cal.fits,gaia_774271076054448768_src2,comparison,1518.659760243334,325.6814715925763,0.8846459976241771,2293.25,ok
no_flat,V0399 named,light_V0399_V_8s_2026_05_20-0033_no_flat_cal.fits,gaia_774272862760870784_src1,comparison,611.61748108529,262.6621526851376,2.7221648841117387,3353.5,ok
no_flat,V0399 named,light_V0399_V_8s_2026_05_20-0033_no_flat_cal.fits,gaia_774287774887292672_src5,comparison,2046.2339456703057,1085.3298522521377,0.8359134820661338,1306.375,ok
no_flat,V0399 named,light_V0399_V_8s_2026_05_20-0033_no_flat_cal.fits,gaia_774288805679445888_src7,comparison,1957.2302440486217,1356.2250130036186,1.6030616023745217,1053.875,ok
no_flat,V0399 named,light_V0399_V_8s_2026_05_20-0033_no_flat_cal.fits,gaia_774289041901756032_src4,comparison,2054.033739948553,1446.9905471346583,1.6181912695307399,1288.125,ok
no_flat,V0399 named,light_V0399_V_8s_2026_05_20-0033_no_flat_cal.fits,gaia_774289488578357504_src6,comparison,952.6110677652514,1105.0544173923863,1.9451144779802088,1166.125,ok
no_flat,V0399 named,light_V0399_V_8s_2026_05_20-0033_no_flat_cal.fits,gaia_774290626745586944_src8,comparison,1082.5712964963307,1438.0081377585325,1.6304089273228408,375.375,ok
no_flat,V0399 named,light_V0399_V_8s_2026_05_20-0033_no_flat_cal.fits,gaia_774384016513181696_src3,comparison,402.73667461487446,1259.445454628483,3.277165462491052,1436.875,ok
no_flat,V0399 named,light_V0399_V_8s_2026_05_20-0034_no_flat_cal.fits,gaia_774271076054448768_src2,comparison,1518.7414384716894,326.52889639331386,0.7463893466756438,2609.375,ok
no_flat,V0399 named,light_V0399_V_8s_2026_05_20-0034_no_flat_cal.fits,gaia_774272862760870784_src1,comparison,611.9043207340985,263.39077774392877,2.1917328693452283,3790.5,ok
no_flat,V0399 named,light_V0399_V_8s_2026_05_20-0034_no_flat_cal.fits,gaia_774287774887292672_src5,comparison,2046.0933429106192,1085.9888097746818,0.747099790982401,1475.375,ok
no_flat,V0399 named,light_V0399_V_8s_2026_05_20-0034_no_flat_cal.fits,gaia_774288805679445888_src7,comparison,1957.3377941387182,1356.9303976652204,1.5590840227944394,1220.875,ok
no_flat,V0399 named,light_V0399_V_8s_2026_05_20-0034_no_flat_cal.fits,gaia_774289041901756032_src4,comparison,2054.0423214909206,1447.7185339573964,1.4891949147465315,1551.25,ok
no_flat,V0399 named,light_V0399_V_8s_2026_05_20-0034_no_flat_cal.fits,gaia_774289488578357504_src6,comparison,952.7077606836449,1105.731592285955,1.5401650412333163,1356.875,ok
no_flat,V0399 named,light_V0399_V_8s_2026_05_20-0034_no_flat_cal.fits,gaia_774290626745586944_src8,comparison,1082.5383053622088,1438.5886242609872,0.8873672907092471,427.25,ok
no_flat,V0399 named,light_V0399_V_8s_2026_05_20-0034_no_flat_cal.fits,gaia_774384016513181696_src3,comparison,402.8602218417726,1260.1995707138033,2.7425171245802162,1669.375,ok
no_flat,V0399 named,light_V0399_V_8s_2026_05_20-0035_no_flat_cal.fits,gaia_774271076054448768_src2,comparison,1520.1234272771926,325.52793291104064,0.8192558229705181,2538.125,ok
no_flat,V0399 named,light_V0399_V_8s_2026_05_20-0035_no_flat_cal.fits,gaia_774272862760870784_src1,comparison,613.3420558952569,262.31332206927476,2.6984256928986636,3749.125,ok
no_flat,V0399 named,light_V0399_V_8s_2026_05_20-0035_no_flat_cal.fits,gaia_774287774887292672_src5,comparison,2047.3955138033411,1085.3121954465846,0.7285552122043581,1506.75,ok
no_flat,V0399 named,light_V0399_V_8s_2026_05_20-0035_no_flat_cal.fits,gaia_774288805679445888_src7,comparison,1958.6238784745285,1356.0213644953324,1.7729345593513974,1187.625,ok
no_flat,V0399 named,light_V0399_V_8s_2026_05_20-0035_no_flat_cal.fits,gaia_774289041901756032_src4,comparison,2055.3357109753106,1446.815041249135,1.728982495624921,1529.0,ok
no_flat,V0399 named,light_V0399_V_8s_2026_05_20-0035_no_flat_cal.fits,gaia_774289488578357504_src6,comparison,954.0011144076922,1104.759825471198,1.9113552080401466,1312.0,ok
no_flat,V0399 named,light_V0399_V_8s_2026_05_20-0035_no_flat_cal.fits,gaia_774290626745586944_src8,comparison,1083.7452506533534,1437.5493106070649,1.5054076640145648,446.875,ok
no_flat,V0399 named,light_V0399_V_8s_2026_05_20-0035_no_flat_cal.fits,gaia_774384016513181696_src3,comparison,404.1597368837122,1259.0683379435745,3.245039054286929,1617.125,ok
no_flat,V0399 named,light_V0399_V_8s_2026_05_20-0036_no_flat_cal.fits,gaia_774271076054448768_src2,comparison,1520.0513665062006,325.7295646901977,0.8616067322190787,2612.375,ok
no_flat,V0399 named,light_V0399_V_8s_2026_05_20-0036_no_flat_cal.fits,gaia_774272862760870784_src1,comparison,613.2701341257008,262.3206156069246,2.420039803631343,3911.125,ok
no_flat,V0399 named,light_V0399_V_8s_2026_05_20-0036_no_flat_cal.fits,gaia_774287774887292672_src5,comparison,2047.1773753926084,1085.3680019445242,0.6075571110932486,1578.25,ok
no_flat,V0399 named,light_V0399_V_8s_2026_05_20-0036_no_flat_cal.fits,gaia_774288805679445888_src7,comparison,1958.3012264626443,1356.213361090517,1.418558098403574,1239.375,ok
no_flat,V0399 named,light_V0399_V_8s_2026_05_20-0036_no_flat_cal.fits,gaia_774289041901756032_src4,comparison,2054.9808344533417,1447.051165595906,1.3067769656923824,1546.875,ok
no_flat,V0399 named,light_V0399_V_8s_2026_05_20-0036_no_flat_cal.fits,gaia_774289488578357504_src6,comparison,953.812029678622,1104.8647131137566,1.6467361834730818,1406.625,ok
no_flat,V0399 named,light_V0399_V_8s_2026_05_20-0036_no_flat_cal.fits,gaia_774290626745586944_src8,comparison,1083.691801781484,1437.899746054994,1.147134494431486,439.0,ok
no_flat,V0399 named,light_V0399_V_8s_2026_05_20-0036_no_flat_cal.fits,gaia_774384016513181696_src3,comparison,404.1005384709358,1259.3195210543165,3.0465114267379194,1697.375,ok
no_flat,V0399 named,light_V0399_V_8s_2026_05_20-0037_no_flat_cal.fits,gaia_774271076054448768_src2,comparison,1519.431180397251,324.3663873520522,1.1775754369415292,1931.0,ok
no_flat,V0399 named,light_V0399_V_8s_2026_05_20-0037_no_flat_cal.fits,gaia_774272862760870784_src1,comparison,612.5960474181853,261.18930397337977,3.635288197447613,2838.75,ok
no_flat,V0399 named,light_V0399_V_8s_2026_05_20-0037_no_flat_cal.fits,gaia_774287774887292672_src5,comparison,2046.6482496104284,1084.1569599653549,0.97290692363761,1126.25,ok
no_flat,V0399 named,light_V0399_V_8s_2026_05_20-0037_no_flat_cal.fits,gaia_774288805679445888_src7,comparison,1957.860025932503,1355.062250224198,1.9986646471568268,883.375,ok
no_flat,V0399 named,light_V0399_V_8s_2026_05_20-0037_no_flat_cal.fits,gaia_774289041901756032_src4,comparison,2054.5474119991845,1445.8812490928933,1.981966818517665,1142.625,ok
no_flat,V0399 named,light_V0399_V_8s_2026_05_20-0037_no_flat_cal.fits,gaia_774289488578357504_src6,comparison,953.312447769105,1103.7137650031182,2.630246587824786,1015.25,ok
no_flat,V0399 named,light_V0399_V_8s_2026_05_20-0037_no_flat_cal.fits,gaia_774290626745586944_src8,comparison,1083.3019409029469,1436.73288846915,2.2226557151536177,315.75,ok
no_flat,V0399 named,light_V0399_V_8s_2026_05_20-0037_no_flat_cal.fits,gaia_774384016513181696_src3,comparison,403.2847397110263,1258.0605989410117,4.207217855379605,1226.375,ok
no_flat,V0399 named,light_V0399_V_8s_2026_05_20-0038_no_flat_cal.fits,gaia_774271076054448768_src2,comparison,1519.3386612041024,326.13605706120677,0.8341695143360239,2454.125,ok
no_flat,V0399 named,light_V0399_V_8s_2026_05_20-0038_no_flat_cal.fits,gaia_774272862760870784_src1,comparison,612.5611716748161,263.0913680571703,2.6660832480477286,3642.75,ok
no_flat,V0399 named,light_V0399_V_8s_2026_05_20-0038_no_flat_cal.fits,gaia_774287774887292672_src5,comparison,2046.7818627215754,1085.7760480666018,0.7384264627482321,1466.375,ok
no_flat,V0399 named,light_V0399_V_8s_2026_05_20-0038_no_flat_cal.fits,gaia_774288805679445888_src7,comparison,1957.8922758778237,1356.6715011284236,1.5414276468202612,1143.125,ok
no_flat,V0399 named,light_V0399_V_8s_2026_05_20-0038_no_flat_cal.fits,gaia_774289041901756032_src4,comparison,2054.663027891077,1447.4287743499826,1.548035923122089,1494.5,ok
no_flat,V0399 named,light_V0399_V_8s_2026_05_20-0038_no_flat_cal.fits,gaia_774289488578357504_src6,comparison,953.1324025085921,1105.5532229702658,1.6471997005031345,1295.4375,ok
no_flat,V0399 named,light_V0399_V_8s_2026_05_20-0038_no_flat_cal.fits,gaia_774290626745586944_src8,comparison,1083.2048775753967,1438.2696101403988,1.3625279772303742,407.75,ok
no_flat,V0399 named,light_V0399_V_8s_2026_05_20-0038_no_flat_cal.fits,gaia_774384016513181696_src3,comparison,403.478673596973,1259.972493198963,3.167023868310706,1637.125,ok
no_flat,V0399 named,light_V0399_V_8s_2026_05_20-0039_no_flat_cal.fits,gaia_774271076054448768_src2,comparison,1520.052331332125,326.0488480775164,1.0815756060434718,2451.375,ok
no_flat,V0399 named,light_V0399_V_8s_2026_05_20-0039_no_flat_cal.fits,gaia_774272862760870784_src1,comparison,613.3595815754951,262.79046142659007,3.1040835408913314,3750.0,ok
no_flat,V0399 named,light_V0399_V_8s_2026_05_20-0039_no_flat_cal.fits,gaia_774287774887292672_src5,comparison,2047.3478119352426,1085.5997269730117,0.800237464220148,1502.5,ok
no_flat,V0399 named,light_V0399_V_8s_2026_05_20-0039_no_flat_cal.fits,gaia_774288805679445888_src7,comparison,1958.6700058147521,1356.3536469436342,1.8894819179857245,1207.875,ok
no_flat,V0399 named,light_V0399_V_8s_2026_05_20-0039_no_flat_cal.fits,gaia_774289041901756032_src4,comparison,2055.4183075048204,1447.0980501142103,1.896153326975575,1541.25,ok
no_flat,V0399 named,light_V0399_V_8s_2026_05_20-0039_no_flat_cal.fits,gaia_774289488578357504_src6,comparison,954.0441987307904,1105.2977243066757,2.203600058702801,1286.125,ok
no_flat,V0399 named,light_V0399_V_8s_2026_05_20-0039_no_flat_cal.fits,gaia_774290626745586944_src8,comparison,1083.9110516657051,1438.23334857963,1.7309624994296713,409.125,ok
no_flat,V0399 named,light_V0399_V_8s_2026_05_20-0039_no_flat_cal.fits,gaia_774384016513181696_src3,comparison,404.19325527004406,1260.002720814175,3.693429933833745,1603.625,ok
no_flat,V0399 named,light_V0399_V_8s_2026_05_20-0040_no_flat_cal.fits,gaia_774271076054448768_src2,comparison,1521.1427391327509,325.5509798704788,0.6931596592733714,2748.125,ok
no_flat,V0399 named,light_V0399_V_8s_2026_05_20-0040_no_flat_cal.fits,gaia_774272862760870784_src1,comparison,614.3072906436203,262.4852634426115,2.1423181287237667,4105.625,ok
no_flat,V0399 named,light_V0399_V_8s_2026_05_20-0040_no_flat_cal.fits,gaia_774287774887292672_src5,comparison,2048.558031119211,1085.0810837004803,0.6532112477598362,1629.5,ok
no_flat,V0399 named,light_V0399_V_8s_2026_05_20-0040_no_flat_cal.fits,gaia_774288805679445888_src7,comparison,1959.7547328132985,1355.857944961033,1.5031993788459574,1313.0,ok
no_flat,V0399 named,light_V0399_V_8s_2026_05_20-0040_no_flat_cal.fits,gaia_774289041901756032_src4,comparison,2056.607543483951,1446.6809804791028,1.5131973935787455,1718.125,ok
no_flat,V0399 named,light_V0399_V_8s_2026_05_20-0040_no_flat_cal.fits,gaia_774289488578357504_src6,comparison,955.0557564755172,1104.8586860039525,1.3864432229112436,1423.625,ok
no_flat,V0399 named,light_V0399_V_8s_2026_05_20-0040_no_flat_cal.fits,gaia_774290626745586944_src8,comparison,1084.9933298680528,1437.6321560604729,0.9661906368678876,449.875,ok
no_flat,V0399 named,light_V0399_V_8s_2026_05_20-0040_no_flat_cal.fits,gaia_774384016513181696_src3,comparison,405.3340074245696,1259.504260978882,2.7439484220574686,1792.875,ok
no_flat,V0399 named,light_V0399_V_8s_2026_05_20-0041_no_flat_cal.fits,gaia_774271076054448768_src2,comparison,1521.3609855076538,326.1159930895445,0.4971626013508028,2629.5,ok
no_flat,V0399 named,light_V0399_V_8s_2026_05_20-0041_no_flat_cal.fits,gaia_774272862760870784_src1,comparison,614.5075590928163,262.9124299294679,1.6352518542363188,3903.75,ok
no_flat,V0399 named,light_V0399_V_8s_2026_05_20-0041_no_flat_cal.fits,gaia_774287774887292672_src5,comparison,2048.8468781259476,1085.6537530546348,0.49187054501711674,1537.875,ok
no_flat,V0399 named,light_V0399_V_8s_2026_05_20-0041_no_flat_cal.fits,gaia_774288805679445888_src7,comparison,1959.951640158927,1356.5488553970133,1.098246699077919,1274.125,ok
no_flat,V0399 named,light_V0399_V_8s_2026_05_20-0041_no_flat_cal.fits,gaia_774289041901756032_src4,comparison,2056.66340998172,1447.4058221641892,0.9119427412979048,1604.625,ok
no_flat,V0399 named,light_V0399_V_8s_2026_05_20-0041_no_flat_cal.fits,gaia_774289488578357504_src6,comparison,955.270190530886,1105.5695839026403,1.0246927209906467,1395.875,ok
no_flat,V0399 named,light_V0399_V_8s_2026_05_20-0041_no_flat_cal.fits,gaia_774290626745586944_src8,comparison,1085.4184853587287,1438.4856801378762,0.9082315874010447,436.375,ok
no_flat,V0399 named,light_V0399_V_8s_2026_05_20-0041_no_flat_cal.fits,gaia_774384016513181696_src3,comparison,405.5931617373571,1260.0864859864857,2.110200679922932,1690.375,ok
no_flat,V0399 named,light_V0399_V_8s_2026_05_20-0042_no_flat_cal.fits,gaia_774271076054448768_src2,comparison,1522.4208208069958,327.00097740013257,1.1215430934449042,2336.25,ok
no_flat,V0399 named,light_V0399_V_8s_2026_05_20-0042_no_flat_cal.fits,gaia_774272862760870784_src1,comparison,615.452143647254,264.013991643873,3.158259112583757,3350.375,ok
no_flat,V0399 named,light_V0399_V_8s_2026_05_20-0042_no_flat_cal.fits,gaia_774287774887292672_src5,comparison,2049.810314290198,1086.4407974102357,0.9360567589921065,1399.375,ok
no_flat,V0399 named,light_V0399_V_8s_2026_05_20-0042_no_flat_cal.fits,gaia_774288805679445888_src7,comparison,1960.9505227405307,1357.4316920051,1.7447232213191195,1091.875,ok
no_flat,V0399 named,light_V0399_V_8s_2026_05_20-0042_no_flat_cal.fits,gaia_774289041901756032_src4,comparison,2057.733640331132,1448.104274557124,1.8543866824316453,1409.0,ok
no_flat,V0399 named,light_V0399_V_8s_2026_05_20-0042_no_flat_cal.fits,gaia_774289488578357504_src6,comparison,956.4117024402688,1106.3280519938187,2.211564847931843,1240.125,ok
no_flat,V0399 named,light_V0399_V_8s_2026_05_20-0042_no_flat_cal.fits,gaia_774290626745586944_src8,comparison,1086.2491570160166,1439.256374364654,1.5836782280776063,391.0,ok
no_flat,V0399 named,light_V0399_V_8s_2026_05_20-0042_no_flat_cal.fits,gaia_774384016513181696_src3,comparison,406.58488892147517,1260.7687342185752,3.7581987583820666,1507.375,ok
no_flat,V0399 named,light_V0399_V_8s_2026_05_20-0043_no_flat_cal.fits,gaia_774271076054448768_src2,comparison,1522.8841237943684,326.0526875093444,0.6446551935025862,2535.5625,ok
no_flat,V0399 named,light_V0399_V_8s_2026_05_20-0043_no_flat_cal.fits,gaia_774272862760870784_src1,comparison,616.0329070477354,262.89875502894864,2.110812296022353,3712.875,ok
no_flat,V0399 named,light_V0399_V_8s_2026_05_20-0043_no_flat_cal.fits,gaia_774287774887292672_src5,comparison,2050.1182435766787,1085.674618043579,0.557464680801791,1529.0,ok
no_flat,V0399 named,light_V0399_V_8s_2026_05_20-0043_no_flat_cal.fits,gaia_774288805679445888_src7,comparison,1961.2722893758375,1356.5899301634804,1.2552365982451044,1264.625,ok
no_flat,V0399 named,light_V0399_V_8s_2026_05_20-0043_no_flat_cal.fits,gaia_774289041901756032_src4,comparison,2057.991471959837,1447.4154521732594,1.138042443103013,1575.875,ok
no_flat,V0399 named,light_V0399_V_8s_2026_05_20-0043_no_flat_cal.fits,gaia_774289488578357504_src6,comparison,956.6427101492011,1105.1955502155072,1.2979126655810571,1372.875,ok
no_flat,V0399 named,light_V0399_V_8s_2026_05_20-0043_no_flat_cal.fits,gaia_774290626745586944_src8,comparison,1086.5381164114765,1438.1022511271447,1.2021407794427172,429.375,ok
no_flat,V0399 named,light_V0399_V_8s_2026_05_20-0043_no_flat_cal.fits,gaia_774384016513181696_src3,comparison,406.77618038850954,1259.8613008913057,2.394878423442936,1677.125,ok
no_flat,V0399 named,light_V0399_V_8s_2026_05_20-0044_no_flat_cal.fits,gaia_774271076054448768_src2,comparison,1523.4914818632872,326.9278263422956,0.9524096354437838,2481.75,ok
no_flat,V0399 named,light_V0399_V_8s_2026_05_20-0044_no_flat_cal.fits,gaia_774272862760870784_src1,comparison,616.6239929054719,263.77083918394044,3.003411038615396,3662.5,ok
no_flat,V0399 named,light_V0399_V_8s_2026_05_20-0044_no_flat_cal.fits,gaia_774287774887292672_src5,comparison,2050.6473358478306,1086.7521534584828,0.7198713904123938,1469.5,ok
no_flat,V0399 named,light_V0399_V_8s_2026_05_20-0044_no_flat_cal.fits,gaia_774288805679445888_src7,comparison,1961.746369933446,1357.5677188899099,1.6318734756253777,1198.125,ok
no_flat,V0399 named,light_V0399_V_8s_2026_05_20-0044_no_flat_cal.fits,gaia_774289041901756032_src4,comparison,2058.6565111708046,1448.3017933231793,1.7705464920910106,1522.5,ok
no_flat,V0399 named,light_V0399_V_8s_2026_05_20-0044_no_flat_cal.fits,gaia_774289488578357504_src6,comparison,957.2489098758698,1106.2083664547524,2.0613597312714997,1298.0,ok
no_flat,V0399 named,light_V0399_V_8s_2026_05_20-0044_no_flat_cal.fits,gaia_774290626745586944_src8,comparison,1087.2068674480468,1439.0326701485467,1.8104645401805737,406.375,ok
no_flat,V0399 named,light_V0399_V_8s_2026_05_20-0044_no_flat_cal.fits,gaia_774384016513181696_src3,comparison,407.47702918733586,1260.647881609228,3.5934644670109988,1611.0,ok
no_flat,V0399 named,light_V0399_V_8s_2026_05_20-0045_no_flat_cal.fits,gaia_774271076054448768_src2,comparison,1523.481927166502,327.34100281245435,0.8059534675295152,2384.875,ok
no_flat,V0399 named,light_V0399_V_8s_2026_05_20-0045_no_flat_cal.fits,gaia_774272862760870784_src1,comparison,616.5863497072799,264.13813956455414,2.416724581706015,3591.0,ok
no_flat,V0399 named,light_V0399_V_8s_2026_05_20-0045_no_flat_cal.fits,gaia_774287774887292672_src5,comparison,2050.7143426745906,1086.9909113070607,0.646937241139771,1414.625,ok
no_flat,V0399 named,light_V0399_V_8s_2026_05_20-0045_no_flat_cal.fits,gaia_774288805679445888_src7,comparison,1961.890478930932,1357.9100552856705,1.443673970293707,1125.625,ok
no_flat,V0399 named,light_V0399_V_8s_2026_05_20-0045_no_flat_cal.fits,gaia_774289041901756032_src4,comparison,2058.705209642596,1448.6698443675557,1.4651089087430007,1494.25,ok
no_flat,V0399 named,light_V0399_V_8s_2026_05_20-0045_no_flat_cal.fits,gaia_774289488578357504_src6,comparison,957.4364725384571,1106.5867779700568,1.7946317358025488,1263.875,ok
no_flat,V0399 named,light_V0399_V_8s_2026_05_20-0045_no_flat_cal.fits,gaia_774290626745586944_src8,comparison,1087.2412756839344,1439.374961507478,1.3873582727284222,411.25,ok
no_flat,V0399 named,light_V0399_V_8s_2026_05_20-0045_no_flat_cal.fits,gaia_774384016513181696_src3,comparison,407.6022716230765,1260.9601963047576,3.0233320460313604,1549.25,ok
no_flat,V0399 named,light_V0399_V_8s_2026_05_20-0046_no_flat_cal.fits,gaia_774271076054448768_src2,comparison,1523.8772041379268,328.3822169640515,0.7085902797271779,2437.75,ok
no_flat,V0399 named,light_V0399_V_8s_2026_05_20-0046_no_flat_cal.fits,gaia_774272862760870784_src1,comparison,616.9792105311541,265.2606989369896,2.118781394986082,3562.375,ok
no_flat,V0399 named,light_V0399_V_8s_2026_05_20-0046_no_flat_cal.fits,gaia_774287774887292672_src5,comparison,2051.3208294639526,1087.9174228585575,0.7293244619229885,1448.625,ok
no_flat,V0399 named,light_V0399_V_8s_2026_05_20-0046_no_flat_cal.fits,gaia_774288805679445888_src7,comparison,1962.5232754972735,1358.8076867386164,1.5393573362186845,1158.0,ok
no_flat,V0399 named,light_V0399_V_8s_2026_05_20-0046_no_flat_cal.fits,gaia_774289041901756032_src4,comparison,2059.3225352008585,1449.5788886880064,1.5526257164790414,1508.875,ok
no_flat,V0399 named,light_V0399_V_8s_2026_05_20-0046_no_flat_cal.fits,gaia_774289488578357504_src6,comparison,957.8583275699503,1107.7830016046955,1.5544401669808015,1282.125,ok
no_flat,V0399 named,light_V0399_V_8s_2026_05_20-0046_no_flat_cal.fits,gaia_774290626745586944_src8,comparison,1087.6690511434297,1440.7867611069964,0.6988364106567423,407.5,ok
no_flat,V0399 named,light_V0399_V_8s_2026_05_20-0046_no_flat_cal.fits,gaia_774384016513181696_src3,comparison,408.07520901462857,1262.3539747909695,2.8822538129694872,1564.75,ok
no_flat,V0399 named,light_V0399_V_8s_2026_05_20-0047_no_flat_cal.fits,gaia_774271076054448768_src2,comparison,1525.9307880659383,328.03305674982727,0.7478718003594351,2343.5,ok
no_flat,V0399 named,light_V0399_V_8s_2026_05_20-0047_no_flat_cal.fits,gaia_774272862760870784_src1,comparison,619.2089156145307,265.0887894390404,2.3132101771336266,3570.0,ok
no_flat,V0399 named,light_V0399_V_8s_2026_05_20-0047_no_flat_cal.fits,gaia_774287774887292672_src5,comparison,2053.274470954198,1087.4178143555193,0.7427450347670556,1436.625,ok
no_flat,V0399 named,light_V0399_V_8s_2026_05_20-0047_no_flat_cal.fits,gaia_774288805679445888_src7,comparison,1964.4151254856458,1358.3534384772472,1.4391838797238627,1137.5,ok
no_flat,V0399 named,light_V0399_V_8s_2026_05_20-0047_no_flat_cal.fits,gaia_774289041901756032_src4,comparison,2061.1516609493437,1449.005999310027,1.457155067295632,1422.625,ok
no_flat,V0399 named,light_V0399_V_8s_2026_05_20-0047_no_flat_cal.fits,gaia_774289488578357504_src6,comparison,960.0194041321142,1107.28373238495,1.61776168196963,1264.875,ok
no_flat,V0399 named,light_V0399_V_8s_2026_05_20-0047_no_flat_cal.fits,gaia_774290626745586944_src8,comparison,1089.8662686737357,1440.1170709963035,0.8761114155555084,388.125,ok
no_flat,V0399 named,light_V0399_V_8s_2026_05_20-0047_no_flat_cal.fits,gaia_774384016513181696_src3,comparison,410.108190311295,1261.977332677089,2.797043717641181,1561.125,ok
no_flat,V0399 named,light_V0399_V_8s_2026_05_20-0048_no_flat_cal.fits,gaia_774271076054448768_src2,comparison,1525.4310812843557,328.60035495804885,0.8717702438663566,2485.375,ok
no_flat,V0399 named,light_V0399_V_8s_2026_05_20-0048_no_flat_cal.fits,gaia_774272862760870784_src1,comparison,618.7432453406392,265.54937312369077,2.5936343403219673,3679.75,ok
no_flat,V0399 named,light_V0399_V_8s_2026_05_20-0048_no_flat_cal.fits,gaia_774287774887292672_src5,comparison,2052.90825497087,1088.1021936330208,0.6757862618146678,1430.75,ok
no_flat,V0399 named,light_V0399_V_8s_2026_05_20-0048_no_flat_cal.fits,gaia_774288805679445888_src7,comparison,1964.1053181255136,1358.9341189818626,1.5421337547739633,1139.0,ok
no_flat,V0399 named,light_V0399_V_8s_2026_05_20-0048_no_flat_cal.fits,gaia_774289041901756032_src4,comparison,2060.939670317262,1449.7082103121654,1.5581595883138146,1504.75,ok
no_flat,V0399 named,light_V0399_V_8s_2026_05_20-0048_no_flat_cal.fits,gaia_774289488578357504_src6,comparison,959.5982654397818,1107.8049823637734,1.809740866865255,1302.625,ok
no_flat,V0399 named,light_V0399_V_8s_2026_05_20-0048_no_flat_cal.fits,gaia_774290626745586944_src8,comparison,1089.7094565109073,1440.4286867043547,1.6800775173506108,407.125,ok
no_flat,V0399 named,light_V0399_V_8s_2026_05_20-0048_no_flat_cal.fits,gaia_774384016513181696_src3,comparison,409.9186303396127,1262.5271536312614,3.2689925504482615,1617.25,ok
no_flat,V0399 named,light_V0399_V_8s_2026_05_20-0049_no_flat_cal.fits,gaia_774271076054448768_src2,comparison,1525.23677308359,328.3170651927479,1.09305447138737,2445.375,ok
no_flat,V0399 named,light_V0399_V_8s_2026_05_20-0049_no_flat_cal.fits,gaia_774272862760870784_src1,comparison,618.4911389531339,265.3214532771236,3.2130006194755625,3647.875,ok
no_flat,V0399 named,light_V0399_V_8s_2026_05_20-0049_no_flat_cal.fits,gaia_774287774887292672_src5,comparison,2052.6290568143527,1087.8159302353015,0.9326912432188708,1458.625,ok
no_flat,V0399 named,light_V0399_V_8s_2026_05_20-0049_no_flat_cal.fits,gaia_774288805679445888_src7,comparison,1963.8047728877175,1358.7213388930086,1.8579619286981406,1160.375,ok
no_flat,V0399 named,light_V0399_V_8s_2026_05_20-0049_no_flat_cal.fits,gaia_774289041901756032_src4,comparison,2060.64364401928,1449.445657332377,1.9742912097427798,1495.5,ok
no_flat,V0399 named,light_V0399_V_8s_2026_05_20-0049_no_flat_cal.fits,gaia_774289488578357504_src6,comparison,959.2426908814778,1107.637002316236,2.2299375376059496,1294.375,ok
no_flat,V0399 named,light_V0399_V_8s_2026_05_20-0049_no_flat_cal.fits,gaia_774290626745586944_src8,comparison,1089.4276556536117,1440.5002133618418,1.8121355198300293,401.875,ok
no_flat,V0399 named,light_V0399_V_8s_2026_05_20-0049_no_flat_cal.fits,gaia_774384016513181696_src3,comparison,409.38838628334474,1262.31726442436,3.8654444071809815,1592.75,ok
no_flat,V0399 named,light_V0399_V_8s_2026_05_20-0050_no_flat_cal.fits,gaia_774271076054448768_src2,comparison,1525.3459732084877,328.62661418621155,1.1716278104853637,2188.875,ok
no_flat,V0399 named,light_V0399_V_8s_2026_05_20-0050_no_flat_cal.fits,gaia_774272862760870784_src1,comparison,618.3980206874769,265.6603049041961,3.284062814416483,3251.0,ok
no_flat,V0399 named,light_V0399_V_8s_2026_05_20-0050_no_flat_cal.fits,gaia_774287774887292672_src5,comparison,2052.8191973737025,1088.0550502535991,1.020748360339143,1233.25,ok
no_flat,V0399 named,light_V0399_V_8s_2026_05_20-0050_no_flat_cal.fits,gaia_774288805679445888_src7,comparison,1963.9620539236546,1358.9155340541201,1.9697693313635722,972.4375,ok
no_flat,V0399 named,light_V0399_V_8s_2026_05_20-0050_no_flat_cal.fits,gaia_774289041901756032_src4,comparison,2060.726019423407,1449.6803370742305,2.0133080224142175,1287.375,ok
no_flat,V0399 named,light_V0399_V_8s_2026_05_20-0050_no_flat_cal.fits,gaia_774289488578357504_src6,comparison,959.444542081047,1107.797581934469,2.350970368814001,1141.0,ok
no_flat,V0399 named,light_V0399_V_8s_2026_05_20-0050_no_flat_cal.fits,gaia_774290626745586944_src8,comparison,1089.3750947800472,1440.5691823999714,1.8879990747067361,346.625,ok
no_flat,V0399 named,light_V0399_V_8s_2026_05_20-0050_no_flat_cal.fits,gaia_774384016513181696_src3,comparison,409.5199686345829,1262.2631695948223,3.8565551669791285,1394.75,ok
no_flat,V0399 named,light_V0399_V_8s_2026_05_20-0051_no_flat_cal.fits,gaia_774271076054448768_src2,comparison,1525.841543361102,329.0344360328068,1.0467355302422345,2448.625,ok
no_flat,V0399 named,light_V0399_V_8s_2026_05_20-0051_no_flat_cal.fits,gaia_774272862760870784_src1,comparison,619.0982989138375,266.05000374999054,3.2505049514996704,3577.5,ok
no_flat,V0399 named,light_V0399_V_8s_2026_05_20-0051_no_flat_cal.fits,gaia_774287774887292672_src5,comparison,2053.1255543214106,1088.6544293133272,0.826109736820604,1470.5,ok
no_flat,V0399 named,light_V0399_V_8s_2026_05_20-0051_no_flat_cal.fits,gaia_774288805679445888_src7,comparison,1964.2834830649163,1359.6610258233557,1.6512594104904732,1203.0,ok
no_flat,V0399 named,light_V0399_V_8s_2026_05_20-0051_no_flat_cal.fits,gaia_774289041901756032_src4,comparison,2061.0701489784205,1450.370183116491,1.7228933981046108,1509.625,ok
no_flat,V0399 named,light_V0399_V_8s_2026_05_20-0051_no_flat_cal.fits,gaia_774289488578357504_src6,comparison,959.7333186904066,1108.5169424768721,2.1901007204994896,1328.25,ok
no_flat,V0399 named,light_V0399_V_8s_2026_05_20-0051_no_flat_cal.fits,gaia_774290626745586944_src8,comparison,1089.7993653813921,1441.3377534277104,1.728121893658878,421.75,ok
no_flat,V0399 named,light_V0399_V_8s_2026_05_20-0051_no_flat_cal.fits,gaia_774384016513181696_src3,comparison,410.0605189678242,1263.0189841891824,3.8929843050471513,1555.25,ok
no_flat,V0399 named,light_V0399_V_8s_2026_05_20-0052_no_flat_cal.fits,gaia_774271076054448768_src2,comparison,1526.5236535262768,328.71491080310614,1.1441430875062952,2443.125,ok
no_flat,V0399 named,light_V0399_V_8s_2026_05_20-0052_no_flat_cal.fits,gaia_774272862760870784_src1,comparison,619.7885788187511,265.5468116151561,3.3393238019725477,3548.0,ok
no_flat,V0399 named,light_V0399_V_8s_2026_05_20-0052_no_flat_cal.fits,gaia_774287774887292672_src5,comparison,2053.8948921269957,1088.2321568592329,0.9297834612627998,1412.75,ok
no_flat,V0399 named,light_V0399_V_8s_2026_05_20-0052_no_flat_cal.fits,gaia_774288805679445888_src7,comparison,1965.0004543535752,1359.074405610019,1.8499592699219027,1075.25,ok
no_flat,V0399 named,light_V0399_V_8s_2026_05_20-0052_no_flat_cal.fits,gaia_774289041901756032_src4,comparison,2061.826995099117,1449.9081220755152,1.8550850514705541,1426.625,ok
no_flat,V0399 named,light_V0399_V_8s_2026_05_20-0052_no_flat_cal.fits,gaia_774289488578357504_src6,comparison,960.4612739202478,1107.9016020840004,2.283729553004783,1263.875,ok
no_flat,V0399 named,light_V0399_V_8s_2026_05_20-0052_no_flat_cal.fits,gaia_774290626745586944_src8,comparison,1090.5128573152394,1440.633475791939,2.1881961785581066,389.625,ok
no_flat,V0399 named,light_V0399_V_8s_2026_05_20-0052_no_flat_cal.fits,gaia_774384016513181696_src3,comparison,410.65192495015714,1262.3129880887416,3.8361777354364244,1592.375,ok
no_flat,V0399 named,light_V0399_V_8s_2026_05_20-0053_no_flat_cal.fits,gaia_774271076054448768_src2,comparison,1525.9911782965398,328.7351944431549,0.8384717628473948,2383.75,ok
no_flat,V0399 named,light_V0399_V_8s_2026_05_20-0053_no_flat_cal.fits,gaia_774272862760870784_src1,comparison,619.1575212743899,265.4763842504712,2.8033114501561096,3558.875,ok
no_flat,V0399 named,light_V0399_V_8s_2026_05_20-0053_no_flat_cal.fits,gaia_774287774887292672_src5,comparison,2053.494024829839,1088.483445938877,0.8505896844437484,1444.875,ok
no_flat,V0399 named,light_V0399_V_8s_2026_05_20-0053_no_flat_cal.fits,gaia_774288805679445888_src7,comparison,1964.606645096893,1359.4154938922652,1.6761151300517845,1145.75,ok
no_flat,V0399 named,light_V0399_V_8s_2026_05_20-0053_no_flat_cal.fits,gaia_774289041901756032_src4,comparison,2061.4411738991894,1450.2129507680795,1.6877219773947094,1487.75,ok
no_flat,V0399 named,light_V0399_V_8s_2026_05_20-0053_no_flat_cal.fits,gaia_774289488578357504_src6,comparison,959.9952910672954,1108.0240403535272,2.1096198241351383,1218.125,ok
no_flat,V0399 named,light_V0399_V_8s_2026_05_20-0053_no_flat_cal.fits,gaia_774290626745586944_src8,comparison,1090.1791918876238,1441.3180259749633,1.8517207666476754,389.375,ok
no_flat,V0399 named,light_V0399_V_8s_2026_05_20-0053_no_flat_cal.fits,gaia_774384016513181696_src3,comparison,410.0746349421734,1262.5482405830637,3.4374700751082985,1586.0,ok
no_flat,V0399 named,light_V0399_V_8s_2026_05_20-0054_no_flat_cal.fits,gaia_774271076054448768_src2,comparison,1527.1656925520008,329.5111648979649,0.8328525114806409,2469.25,ok
no_flat,V0399 named,light_V0399_V_8s_2026_05_20-0054_no_flat_cal.fits,gaia_774272862760870784_src1,comparison,620.5402726160163,266.2642548779652,2.609445137289608,3640.625,ok
no_flat,V0399 named,light_V0399_V_8s_2026_05_20-0054_no_flat_cal.fits,gaia_774287774887292672_src5,comparison,2054.5324249303735,1089.0712525144218,0.6461782240366358,1483.0,ok
no_flat,V0399 named,light_V0399_V_8s_2026_05_20-0054_no_flat_cal.fits,gaia_774288805679445888_src7,comparison,1965.6442250694665,1359.962160015792,1.3909144033109149,1143.25,ok
no_flat,V0399 named,light_V0399_V_8s_2026_05_20-0054_no_flat_cal.fits,gaia_774289041901756032_src4,comparison,2062.460833857981,1450.7127860171704,1.3966032780776805,1509.875,ok
no_flat,V0399 named,light_V0399_V_8s_2026_05_20-0054_no_flat_cal.fits,gaia_774289488578357504_src6,comparison,961.3666573860722,1108.7784196609432,1.9508034033390325,1295.625,ok
no_flat,V0399 named,light_V0399_V_8s_2026_05_20-0054_no_flat_cal.fits,gaia_774290626745586944_src8,comparison,1091.2139928287954,1441.4525762396577,1.7300670473607394,416.625,ok
no_flat,V0399 named,light_V0399_V_8s_2026_05_20-0054_no_flat_cal.fits,gaia_774384016513181696_src3,comparison,411.51458547389456,1263.3277014180323,3.1423062989995407,1589.125,ok
no_flat,V0399 named,light_V0399_V_8s_2026_05_20-0055_no_flat_cal.fits,gaia_774271076054448768_src2,comparison,1527.0907782857655,329.700531819221,1.4374980714254175,2529.5,ok
no_flat,V0399 named,light_V0399_V_8s_2026_05_20-0055_no_flat_cal.fits,gaia_774272862760870784_src1,comparison,620.3823319026005,266.6195341950252,4.096697188364298,3887.625,ok
no_flat,V0399 named,light_V0399_V_8s_2026_05_20-0055_no_flat_cal.fits,gaia_774287774887292672_src5,comparison,2054.5883207546212,1089.1383322300412,1.1748124308530274,1502.75,ok
no_flat,V0399 named,light_V0399_V_8s_2026_05_20-0055_no_flat_cal.fits,gaia_774288805679445888_src7,comparison,1965.6811046978078,1360.0376963908489,2.1682816299787233,1173.5,ok
no_flat,V0399 named,light_V0399_V_8s_2026_05_20-0055_no_flat_cal.fits,gaia_774289041901756032_src4,comparison,2062.5457419285112,1450.7840099536368,2.2842695238508646,1563.0,ok
no_flat,V0399 named,light_V0399_V_8s_2026_05_20-0055_no_flat_cal.fits,gaia_774289488578357504_src6,comparison,961.1037791624503,1108.9232480549151,2.861213230924697,1323.75,ok
no_flat,V0399 named,light_V0399_V_8s_2026_05_20-0055_no_flat_cal.fits,gaia_774290626745586944_src8,comparison,1091.0307670447694,1441.7089159773777,2.632253752893141,419.875,ok
no_flat,V0399 named,light_V0399_V_8s_2026_05_20-0055_no_flat_cal.fits,gaia_774384016513181696_src3,comparison,411.3640700344714,1263.4386454990697,4.728273767146246,1704.625,ok
no_flat,V0399 named,light_V0399_V_8s_2026_05_20-0056_no_flat_cal.fits,gaia_774271076054448768_src2,comparison,1527.5639254400771,330.37649055468546,0.7365086764536817,2543.25,ok
no_flat,V0399 named,light_V0399_V_8s_2026_05_20-0056_no_flat_cal.fits,gaia_774272862760870784_src1,comparison,620.9356528332344,267.25817084658684,2.25482825273577,3755.75,ok
no_flat,V0399 named,light_V0399_V_8s_2026_05_20-0056_no_flat_cal.fits,gaia_774287774887292672_src5,comparison,2055.0891494958414,1089.804458302154,0.8274883405512365,1531.5,ok
no_flat,V0399 named,light_V0399_V_8s_2026_05_20-0056_no_flat_cal.fits,gaia_774288805679445888_src7,comparison,1966.325114213699,1360.7723770435687,1.6216030708996512,1218.375,ok
no_flat,V0399 named,light_V0399_V_8s_2026_05_20-0056_no_flat_cal.fits,gaia_774289041901756032_src4,comparison,2063.0310749758646,1451.4859909174572,1.5869760909440986,1580.875,ok
no_flat,V0399 named,light_V0399_V_8s_2026_05_20-0056_no_flat_cal.fits,gaia_774289488578357504_src6,comparison,961.7925125212162,1109.6697042630965,1.7251140961264941,1345.75,ok
no_flat,V0399 named,light_V0399_V_8s_2026_05_20-0056_no_flat_cal.fits,gaia_774290626745586944_src8,comparison,1091.6772126348792,1442.6519998096396,0.9613759786616323,432.375,ok
no_flat,V0399 named,light_V0399_V_8s_2026_05_20-0056_no_flat_cal.fits,gaia_774384016513181696_src3,comparison,412.0536062503767,1264.291265883475,3.0802738230476017,1649.25,ok
no_flat,V0399 named,light_V0399_V_8s_2026_05_20-0057_no_flat_cal.fits,gaia_774271076054448768_src2,comparison,1529.0939810310945,330.06988820276223,0.9582472467177552,2611.875,ok
no_flat,V0399 named,light_V0399_V_8s_2026_05_20-0057_no_flat_cal.fits,gaia_774272862760870784_src1,comparison,622.3939872837008,267.0501271840403,2.945697759136256,3877.125,ok
no_flat,V0399 named,light_V0399_V_8s_2026_05_20-0057_no_flat_cal.fits,gaia_774287774887292672_src5,comparison,2056.590873234594,1089.498420094422,0.8757630858354726,1582.5,ok
no_flat,V0399 named,light_V0399_V_8s_2026_05_20-0057_no_flat_cal.fits,gaia_774288805679445888_src7,comparison,1967.7272257973102,1360.3014432277205,1.7652390082637066,1260.8125,ok
no_flat,V0399 named,light_V0399_V_8s_2026_05_20-0057_no_flat_cal.fits,gaia_774289041901756032_src4,comparison,2064.5921198979445,1451.067365111744,1.8156843950341182,1600.25,ok
no_flat,V0399 named,light_V0399_V_8s_2026_05_20-0057_no_flat_cal.fits,gaia_774289488578357504_src6,comparison,963.0971728384723,1109.3904747793656,1.9369317211066304,1398.0,ok
no_flat,V0399 named,light_V0399_V_8s_2026_05_20-0057_no_flat_cal.fits,gaia_774290626745586944_src8,comparison,1093.051301895517,1442.2082842266545,1.608167308958757,438.375,ok
no_flat,V0399 named,light_V0399_V_8s_2026_05_20-0057_no_flat_cal.fits,gaia_774384016513181696_src3,comparison,413.49030024990674,1264.0008056409465,3.547738040862745,1707.75,ok
no_flat,V0399 named,light_V0399_V_8s_2026_05_20-0058_no_flat_cal.fits,gaia_774271076054448768_src2,comparison,1529.3703427558482,329.7459400289701,0.8907628046503626,2348.25,ok
no_flat,V0399 named,light_V0399_V_8s_2026_05_20-0058_no_flat_cal.fits,gaia_774272862760870784_src1,comparison,622.5794811239232,266.72831477974177,2.4151273011115992,3466.25,ok
no_flat,V0399 named,light_V0399_V_8s_2026_05_20-0058_no_flat_cal.fits,gaia_774287774887292672_src5,comparison,2056.8450212232606,1089.091153807226,0.8298893932647352,1379.75,ok
no_flat,V0399 named,light_V0399_V_8s_2026_05_20-0058_no_flat_cal.fits,gaia_774288805679445888_src7,comparison,1968.0165905751521,1359.9712815750001,1.6351015860285567,1066.5,ok
no_flat,V0399 named,light_V0399_V_8s_2026_05_20-0058_no_flat_cal.fits,gaia_774289041901756032_src4,comparison,2064.8398184458215,1450.671210802205,1.736357792301571,1406.75,ok
no_flat,V0399 named,light_V0399_V_8s_2026_05_20-0058_no_flat_cal.fits,gaia_774289488578357504_src6,comparison,963.5049464893979,1108.846680490152,1.6693115722602594,1225.875,ok
no_flat,V0399 named,light_V0399_V_8s_2026_05_20-0058_no_flat_cal.fits,gaia_774290626745586944_src8,comparison,1093.6042109005907,1441.5234370960247,1.1687168869927143,385.875,ok
no_flat,V0399 named,light_V0399_V_8s_2026_05_20-0058_no_flat_cal.fits,gaia_774384016513181696_src3,comparison,413.692619966102,1263.5423528818624,3.092368008116847,1452.0,ok
no_flat,V0399 named,light_V0399_V_8s_2026_05_20-0059_no_flat_cal.fits,gaia_774271076054448768_src2,comparison,1530.098933731131,330.56963685135946,0.9708435248651286,2495.75,ok
no_flat,V0399 named,light_V0399_V_8s_2026_05_20-0059_no_flat_cal.fits,gaia_774272862760870784_src1,comparison,623.4114722405084,267.71615545149746,3.2796317392544054,3686.125,ok
no_flat,V0399 named,light_V0399_V_8s_2026_05_20-0059_no_flat_cal.fits,gaia_774287774887292672_src5,comparison,2057.7095069248076,1090.1009455874685,0.9215558696067934,1491.625,ok
no_flat,V0399 named,light_V0399_V_8s_2026_05_20-0059_no_flat_cal.fits,gaia_774288805679445888_src7,comparison,1968.8719451111801,1361.2281679947987,1.6202314505314366,1164.5,ok
no_flat,V0399 named,light_V0399_V_8s_2026_05_20-0059_no_flat_cal.fits,gaia_774289041901756032_src4,comparison,2065.6751455544277,1451.8727389118978,1.7175119489713835,1497.875,ok
no_flat,V0399 named,light_V0399_V_8s_2026_05_20-0059_no_flat_cal.fits,gaia_774289488578357504_src6,comparison,964.3346907945619,1110.027692001252,2.317920576465508,1291.125,ok
no_flat,V0399 named,light_V0399_V_8s_2026_05_20-0059_no_flat_cal.fits,gaia_774290626745586944_src8,comparison,1094.5106149838157,1442.9514344404997,2.1256010295292413,416.0,ok
no_flat,V0399 named,light_V0399_V_8s_2026_05_20-0059_no_flat_cal.fits,gaia_774384016513181696_src3,comparison,414.5957534176149,1264.7000734744233,3.8892813774093766,1636.875,ok
no_flat,V0399 named,light_V0399_V_8s_2026_05_20-0060_no_flat_cal.fits,gaia_774271076054448768_src2,comparison,1530.8101706979905,330.47324887134704,0.6696657465034087,2270.375,ok
no_flat,V0399 named,light_V0399_V_8s_2026_05_20-0060_no_flat_cal.fits,gaia_774272862760870784_src1,comparison,623.8911192855217,267.5900733664893,2.532196900141396,3281.75,ok
no_flat,V0399 named,light_V0399_V_8s_2026_05_20-0060_no_flat_cal.fits,gaia_774287774887292672_src5,comparison,2058.331066470094,1090.3446720981838,0.6948084842206789,1360.25,ok
no_flat,V0399 named,light_V0399_V_8s_2026_05_20-0060_no_flat_cal.fits,gaia_774288805679445888_src7,comparison,1969.5135323837915,1361.2924146444357,1.5363033846236651,1088.375,ok
no_flat,V0399 named,light_V0399_V_8s_2026_05_20-0060_no_flat_cal.fits,gaia_774289041901756032_src4,comparison,2066.374610913579,1451.9545378813662,1.657723713908587,1379.625,ok
no_flat,V0399 named,light_V0399_V_8s_2026_05_20-0060_no_flat_cal.fits,gaia_774289488578357504_src6,comparison,964.7586222010023,1109.9411263848383,1.718174421872121,1172.75,ok
no_flat,V0399 named,light_V0399_V_8s_2026_05_20-0060_no_flat_cal.fits,gaia_774290626745586944_src8,comparison,1094.9608064895199,1442.9472878025151,1.4219435339272606,365.75,ok
no_flat,V0399 named,light_V0399_V_8s_2026_05_20-0060_no_flat_cal.fits,gaia_774384016513181696_src3,comparison,415.00279551764214,1264.1968571359057,3.060405249979752,1434.25,ok
no_flat,V0399 named,light_V0399_V_8s_2026_05_20-0061_no_flat_cal.fits,gaia_774271076054448768_src2,comparison,1531.7125006792073,330.66613534845885,1.2531885283790223,2658.5,ok
no_flat,V0399 named,light_V0399_V_8s_2026_05_20-0061_no_flat_cal.fits,gaia_774272862760870784_src1,comparison,624.8855872391517,267.538012893485,3.633337095085331,3784.375,ok
no_flat,V0399 named,light_V0399_V_8s_2026_05_20-0061_no_flat_cal.fits,gaia_774287774887292672_src5,comparison,2059.068425371036,1090.1752383023188,0.9760172813993014,1525.25,ok
no_flat,V0399 named,light_V0399_V_8s_2026_05_20-0061_no_flat_cal.fits,gaia_774288805679445888_src7,comparison,1970.2817162535634,1361.0330286103617,1.923949766732568,1214.375,ok
no_flat,V0399 named,light_V0399_V_8s_2026_05_20-0061_no_flat_cal.fits,gaia_774289041901756032_src4,comparison,2067.070646337353,1451.7892354513056,1.959830884423474,1583.875,ok
no_flat,V0399 named,light_V0399_V_8s_2026_05_20-0061_no_flat_cal.fits,gaia_774289488578357504_src6,comparison,965.6552531235992,1109.9212742518507,2.528473960029239,1352.375,ok
no_flat,V0399 named,light_V0399_V_8s_2026_05_20-0061_no_flat_cal.fits,gaia_774290626745586944_src8,comparison,1095.6464261166211,1442.7316651872502,2.587609362349129,428.625,ok
no_flat,V0399 named,light_V0399_V_8s_2026_05_20-0061_no_flat_cal.fits,gaia_774384016513181696_src3,comparison,415.9263132680736,1264.458657412397,4.184079967771264,1705.375,ok
no_flat,V0399 named,light_V0399_V_8s_2026_05_20-0062_no_flat_cal.fits,gaia_774271076054448768_src2,comparison,1531.9993261803984,330.6794931133816,0.9802659781388173,2409.5,ok
no_flat,V0399 named,light_V0399_V_8s_2026_05_20-0062_no_flat_cal.fits,gaia_774272862760870784_src1,comparison,625.1397618433131,267.4619848956405,2.901347529180077,3643.625,ok
no_flat,V0399 named,light_V0399_V_8s_2026_05_20-0062_no_flat_cal.fits,gaia_774287774887292672_src5,comparison,2059.473897382474,1090.2266758675316,0.9607188036253153,1491.5,ok
no_flat,V0399 named,light_V0399_V_8s_2026_05_20-0062_no_flat_cal.fits,gaia_774288805679445888_src7,comparison,1970.496852700668,1361.0871027397684,1.792324481767744,1181.125,ok
no_flat,V0399 named,light_V0399_V_8s_2026_05_20-0062_no_flat_cal.fits,gaia_774289041901756032_src4,comparison,2067.362100825864,1451.8184118550487,1.9045130310669205,1484.25,ok
no_flat,V0399 named,light_V0399_V_8s_2026_05_20-0062_no_flat_cal.fits,gaia_774289488578357504_src6,comparison,965.89559710875,1109.935334962029,2.0429378079309273,1258.375,ok
no_flat,V0399 named,light_V0399_V_8s_2026_05_20-0062_no_flat_cal.fits,gaia_774290626745586944_src8,comparison,1095.8975957035657,1442.7251308138984,1.8063100934745493,398.375,ok
no_flat,V0399 named,light_V0399_V_8s_2026_05_20-0062_no_flat_cal.fits,gaia_774384016513181696_src3,comparison,415.9500217332832,1264.425955744593,3.424452816301985,1599.75,ok
no_flat,V0399 named,light_V0399_V_8s_2026_05_20-0063_no_flat_cal.fits,gaia_774271076054448768_src2,comparison,1531.80119626983,330.8521988815897,1.0991981604462846,2451.25,ok
no_flat,V0399 named,light_V0399_V_8s_2026_05_20-0063_no_flat_cal.fits,gaia_774272862760870784_src1,comparison,624.880378918415,267.81015455380907,3.1144191662537635,3551.375,ok
no_flat,V0399 named,light_V0399_V_8s_2026_05_20-0063_no_flat_cal.fits,gaia_774287774887292672_src5,comparison,2059.501356254369,1090.447373073432,0.832894537683144,1492.375,ok
no_flat,V0399 named,light_V0399_V_8s_2026_05_20-0063_no_flat_cal.fits,gaia_774288805679445888_src7,comparison,1970.5971795778228,1361.3856017400838,1.6916807293617746,1164.25,ok
no_flat,V0399 named,light_V0399_V_8s_2026_05_20-0063_no_flat_cal.fits,gaia_774289041901756032_src4,comparison,2067.4057282769068,1452.1406726901014,1.7155069531910692,1493.0,ok
no_flat,V0399 named,light_V0399_V_8s_2026_05_20-0063_no_flat_cal.fits,gaia_774289488578357504_src6,comparison,965.9669855445351,1110.1595803419095,2.284807920765826,1261.375,ok
no_flat,V0399 named,light_V0399_V_8s_2026_05_20-0063_no_flat_cal.fits,gaia_774290626745586944_src8,comparison,1095.818221027282,1443.2435345221872,1.7652194631558662,408.25,ok
no_flat,V0399 named,light_V0399_V_8s_2026_05_20-0063_no_flat_cal.fits,gaia_774384016513181696_src3,comparison,416.12415776933835,1264.8127894083661,3.806576831199248,1592.0,ok
no_flat,V0399 named,light_V0399_V_8s_2026_05_20-0064_no_flat_cal.fits,gaia_774271076054448768_src2,comparison,1532.2459730796008,330.14352063623227,0.7098204101639793,2439.75,ok
no_flat,V0399 named,light_V0399_V_8s_2026_05_20-0064_no_flat_cal.fits,gaia_774272862760870784_src1,comparison,625.5662031104174,267.141223392756,2.436127676994532,3639.375,ok
no_flat,V0399 named,light_V0399_V_8s_2026_05_20-0064_no_flat_cal.fits,gaia_774287774887292672_src5,comparison,2059.8277005195478,1089.701569331869,0.7390993734335054,1480.25,ok
no_flat,V0399 named,light_V0399_V_8s_2026_05_20-0064_no_flat_cal.fits,gaia_774288805679445888_src7,comparison,1971.1407517054574,1360.5277379515792,1.676046425056769,1192.625,ok
no_flat,V0399 named,light_V0399_V_8s_2026_05_20-0064_no_flat_cal.fits,gaia_774289041901756032_src4,comparison,2067.841910398287,1451.3086550734895,1.5683905076556013,1522.25,ok
no_flat,V0399 named,light_V0399_V_8s_2026_05_20-0064_no_flat_cal.fits,gaia_774289488578357504_src6,comparison,966.3211511057981,1109.496256705605,1.6312918965245944,1308.25,ok
no_flat,V0399 named,light_V0399_V_8s_2026_05_20-0064_no_flat_cal.fits,gaia_774290626745586944_src8,comparison,1096.4185140229542,1442.4986340196247,1.2768671508180967,410.5,ok
no_flat,V0399 named,light_V0399_V_8s_2026_05_20-0064_no_flat_cal.fits,gaia_774384016513181696_src3,comparison,416.51419563255894,1264.2315037705262,2.9056328066926977,1629.625,ok
no_flat,V0399 named,light_V0399_V_8s_2026_05_20-0065_no_flat_cal.fits,gaia_774271076054448768_src2,comparison,1532.6689507141527,330.02445125627605,1.1586483113682051,2510.375,ok
no_flat,V0399 named,light_V0399_V_8s_2026_05_20-0065_no_flat_cal.fits,gaia_774272862760870784_src1,comparison,626.137809522787,267.087424448025,3.5791982737092796,3696.5,ok
no_flat,V0399 named,light_V0399_V_8s_2026_05_20-0065_no_flat_cal.fits,gaia_774287774887292672_src5,comparison,2060.1634793614808,1089.3619467209078,1.0373649247828154,1486.75,ok
no_flat,V0399 named,light_V0399_V_8s_2026_05_20-0065_no_flat_cal.fits,gaia_774288805679445888_src7,comparison,1971.2869751079145,1360.276659792642,1.8959924031458333,1191.125,ok
no_flat,V0399 named,light_V0399_V_8s_2026_05_20-0065_no_flat_cal.fits,gaia_774289041901756032_src4,comparison,2068.1483396233775,1450.9762539500623,2.0197621399471606,1507.375,ok
no_flat,V0399 named,light_V0399_V_8s_2026_05_20-0065_no_flat_cal.fits,gaia_774289488578357504_src6,comparison,966.8725844656899,1109.2916498006225,2.4528134840299627,1314.5,ok
no_flat,V0399 named,light_V0399_V_8s_2026_05_20-0065_no_flat_cal.fits,gaia_774290626745586944_src8,comparison,1097.004964463482,1442.2404854702397,2.167071651096666,409.5,ok
no_flat,V0399 named,light_V0399_V_8s_2026_05_20-0065_no_flat_cal.fits,gaia_774384016513181696_src3,comparison,417.19232816565295,1264.0793818329953,4.18963076291354,1605.625,ok
no_flat,V0399 named,light_V0399_V_8s_2026_05_20-0066_no_flat_cal.fits,gaia_774271076054448768_src2,comparison,1533.4245207487731,328.83525992061857,0.9164118883457802,2519.875,ok
no_flat,V0399 named,light_V0399_V_8s_2026_05_20-0066_no_flat_cal.fits,gaia_774272862760870784_src1,comparison,626.6251717565203,265.89906890514897,2.8631703565492472,3634.125,ok
no_flat,V0399 named,light_V0399_V_8s_2026_05_20-0066_no_flat_cal.fits,gaia_774287774887292672_src5,comparison,2060.904943727709,1088.2227842755065,0.846858891533704,1485.875,ok
no_flat,V0399 named,light_V0399_V_8s_2026_05_20-0066_no_flat_cal.fits,gaia_774288805679445888_src7,comparison,1972.297371664385,1359.1535345752768,1.7408354354988078,1190.75,ok
no_flat,V0399 named,light_V0399_V_8s_2026_05_20-0066_no_flat_cal.fits,gaia_774289041901756032_src4,comparison,2069.0127115292303,1449.8405013582844,1.728656661755175,1502.0,ok
no_flat,V0399 named,light_V0399_V_8s_2026_05_20-0066_no_flat_cal.fits,gaia_774289488578357504_src6,comparison,967.5890945172971,1108.1403265161593,2.025826282596234,1318.625,ok
no_flat,V0399 named,light_V0399_V_8s_2026_05_20-0066_no_flat_cal.fits,gaia_774290626745586944_src8,comparison,1097.6388953930382,1441.2413556258628,1.7018108931959954,422.75,ok
no_flat,V0399 named,light_V0399_V_8s_2026_05_20-0066_no_flat_cal.fits,gaia_774384016513181696_src3,comparison,417.7139922691381,1262.8714107306478,3.2862784868382495,1604.5,ok
no_flat,V0399 named,light_V0399_V_8s_2026_05_20-0067_no_flat_cal.fits,gaia_774271076054448768_src2,comparison,1533.5701720024183,328.4103873021694,1.0774468382713092,2728.5,ok
no_flat,V0399 named,light_V0399_V_8s_2026_05_20-0067_no_flat_cal.fits,gaia_774272862760870784_src1,comparison,626.9093099395284,265.3493093504372,3.3390403721509267,4012.375,ok
no_flat,V0399 named,light_V0399_V_8s_2026_05_20-0067_no_flat_cal.fits,gaia_774287774887292672_src5,comparison,2061.1403995723763,1087.8202163862225,0.9776764517054356,1629.0,ok
no_flat,V0399 named,light_V0399_V_8s_2026_05_20-0067_no_flat_cal.fits,gaia_774288805679445888_src7,comparison,1972.2789276384872,1358.582320176262,1.9535188132987569,1336.5,ok
no_flat,V0399 named,light_V0399_V_8s_2026_05_20-0067_no_flat_cal.fits,gaia_774289041901756032_src4,comparison,2069.1673685796713,1449.4020778672389,1.97088650809058,1687.5,ok
no_flat,V0399 named,light_V0399_V_8s_2026_05_20-0067_no_flat_cal.fits,gaia_774289488578357504_src6,comparison,967.9025665048441,1107.7454008271525,2.4854369906072686,1439.875,ok
no_flat,V0399 named,light_V0399_V_8s_2026_05_20-0067_no_flat_cal.fits,gaia_774290626745586944_src8,comparison,1098.0513850066493,1440.5854283632475,2.373631401098169,458.875,ok
no_flat,V0399 named,light_V0399_V_8s_2026_05_20-0067_no_flat_cal.fits,gaia_774384016513181696_src3,comparison,418.1188502024498,1262.3881122854966,4.038429104583254,1767.375,ok
no_flat,V0399 named,light_V0399_V_8s_2026_05_20-0068_no_flat_cal.fits,gaia_774271076054448768_src2,comparison,1533.8204945108178,329.8714284108836,0.9331958603647067,2520.75,ok
no_flat,V0399 named,light_V0399_V_8s_2026_05_20-0068_no_flat_cal.fits,gaia_774272862760870784_src1,comparison,627.0392675387295,266.771740538557,2.8112638822106484,3759.75,ok
no_flat,V0399 named,light_V0399_V_8s_2026_05_20-0068_no_flat_cal.fits,gaia_774287774887292672_src5,comparison,2061.4736490509144,1089.370656930844,0.7478163267645103,1496.75,ok
no_flat,V0399 named,light_V0399_V_8s_2026_05_20-0068_no_flat_cal.fits,gaia_774288805679445888_src7,comparison,1972.8400337441797,1360.1637649938202,1.7769682785112064,1196.75,ok
no_flat,V0399 named,light_V0399_V_8s_2026_05_20-0068_no_flat_cal.fits,gaia_774289041901756032_src4,comparison,2069.5502155912754,1450.94059642683,1.6905516955156321,1560.75,ok
no_flat,V0399 named,light_V0399_V_8s_2026_05_20-0068_no_flat_cal.fits,gaia_774289488578357504_src6,comparison,968.0586269897238,1109.1395722768727,2.0540979481351864,1339.125,ok
no_flat,V0399 named,light_V0399_V_8s_2026_05_20-0068_no_flat_cal.fits,gaia_774290626745586944_src8,comparison,1098.191705075987,1441.9968688611295,2.020644905037559,399.625,ok
no_flat,V0399 named,light_V0399_V_8s_2026_05_20-0068_no_flat_cal.fits,gaia_774384016513181696_src3,comparison,418.4020108815108,1263.833881318396,3.5513459706267234,1661.25,ok
no_flat,V0399 named,light_V0399_V_8s_2026_05_20-0069_no_flat_cal.fits,gaia_774271076054448768_src2,comparison,1533.5272464360078,329.62077980486265,0.7850954760544366,2186.75,ok
no_flat,V0399 named,light_V0399_V_8s_2026_05_20-0069_no_flat_cal.fits,gaia_774272862760870784_src1,comparison,626.7034711245232,266.5726665299215,2.0741660548658487,3257.75,ok
no_flat,V0399 named,light_V0399_V_8s_2026_05_20-0069_no_flat_cal.fits,gaia_774287774887292672_src5,comparison,2061.258634096071,1089.1417011503124,0.6900094100367294,1304.5,ok
no_flat,V0399 named,light_V0399_V_8s_2026_05_20-0069_no_flat_cal.fits,gaia_774288805679445888_src7,comparison,1972.2584118817792,1360.1509443003845,1.2583257437796473,1023.5,ok
no_flat,V0399 named,light_V0399_V_8s_2026_05_20-0069_no_flat_cal.fits,gaia_774289041901756032_src4,comparison,2069.0834446728613,1450.792027424141,1.3480335238519892,1304.375,ok
no_flat,V0399 named,light_V0399_V_8s_2026_05_20-0069_no_flat_cal.fits,gaia_774289488578357504_src6,comparison,967.7102737251619,1108.866069548,1.4290315360929513,1124.5,ok
no_flat,V0399 named,light_V0399_V_8s_2026_05_20-0069_no_flat_cal.fits,gaia_774290626745586944_src8,comparison,1097.7585890955265,1441.9161307697882,0.8352676437036519,364.25,ok
no_flat,V0399 named,light_V0399_V_8s_2026_05_20-0069_no_flat_cal.fits,gaia_774384016513181696_src3,comparison,417.77751143285593,1263.5197182214924,2.6063255095241553,1391.75,ok
no_flat,V0399 named,light_V0399_V_8s_2026_05_20-0070_no_flat_cal.fits,gaia_774271076054448768_src2,comparison,1536.8067602001938,331.57197626920123,0.9447457826129376,2206.0,ok
no_flat,V0399 named,light_V0399_V_8s_2026_05_20-0070_no_flat_cal.fits,gaia_774272862760870784_src1,comparison,630.0840985999348,268.44918854034375,2.451592085330872,3166.125,ok
no_flat,V0399 named,light_V0399_V_8s_2026_05_20-0070_no_flat_cal.fits,gaia_774287774887292672_src5,comparison,2064.3434009540097,1091.106328560006,0.7390145560217619,1260.125,ok
no_flat,V0399 named,light_V0399_V_8s_2026_05_20-0070_no_flat_cal.fits,gaia_774288805679445888_src7,comparison,1975.561529010149,1362.0026150591564,1.626363373966748,992.5,ok
no_flat,V0399 named,light_V0399_V_8s_2026_05_20-0070_no_flat_cal.fits,gaia_774289041901756032_src4,comparison,2072.5313093651575,1452.6582857395092,1.875091315050601,1289.375,ok
no_flat,V0399 named,light_V0399_V_8s_2026_05_20-0070_no_flat_cal.fits,gaia_774289488578357504_src6,comparison,971.0652338047821,1110.7104658770538,1.820911410466549,1098.375,ok
no_flat,V0399 named,light_V0399_V_8s_2026_05_20-0070_no_flat_cal.fits,gaia_774290626745586944_src8,comparison,1101.1903455385282,1443.5949347274093,1.292160345543573,357.125,ok
no_flat,V0399 named,light_V0399_V_8s_2026_05_20-0070_no_flat_cal.fits,gaia_774384016513181696_src3,comparison,421.1529016655618,1265.072546901361,3.0221651774012233,1344.375,ok
no_flat,V0399 named,light_V0399_V_8s_2026_05_20-0071_no_flat_cal.fits,gaia_774271076054448768_src2,comparison,1536.3799133659443,331.4400534220838,1.0434175041018132,2465.0,ok
no_flat,V0399 named,light_V0399_V_8s_2026_05_20-0071_no_flat_cal.fits,gaia_774272862760870784_src1,comparison,629.4001291304569,268.23795151059585,2.9761511180537523,3647.125,ok
no_flat,V0399 named,light_V0399_V_8s_2026_05_20-0071_no_flat_cal.fits,gaia_774287774887292672_src5,comparison,2063.751487282513,1090.955872000556,0.9676352196180522,1445.5,ok
no_flat,V0399 named,light_V0399_V_8s_2026_05_20-0071_no_flat_cal.fits,gaia_774288805679445888_src7,comparison,1974.8868371320914,1361.8351222712865,1.8536722667474905,1149.875,ok
no_flat,V0399 named,light_V0399_V_8s_2026_05_20-0071_no_flat_cal.fits,gaia_774289041901756032_src4,comparison,2071.6722420903952,1452.6330925884006,1.852423191360738,1499.625,ok
no_flat,V0399 named,light_V0399_V_8s_2026_05_20-0071_no_flat_cal.fits,gaia_774289488578357504_src6,comparison,970.3954583285768,1110.7179425770626,2.3008141710141894,1298.5,ok
no_flat,V0399 named,light_V0399_V_8s_2026_05_20-0071_no_flat_cal.fits,gaia_774290626745586944_src8,comparison,1100.6142576184773,1443.6256067899649,2.174827176723307,402.625,ok
no_flat,V0399 named,light_V0399_V_8s_2026_05_20-0071_no_flat_cal.fits,gaia_774384016513181696_src3,comparison,420.6868677669947,1265.1866362820044,3.900487790116397,1596.375,ok
no_flat,V0399 named,light_V0399_V_8s_2026_05_20-0072_no_flat_cal.fits,gaia_774271076054448768_src2,comparison,1536.161743539409,332.2721714770984,0.9470294452280228,2551.5,ok
no_flat,V0399 named,light_V0399_V_8s_2026_05_20-0072_no_flat_cal.fits,gaia_774272862760870784_src1,comparison,629.500191007053,269.2314500105502,2.6053470665535348,3745.875,ok
no_flat,V0399 named,light_V0399_V_8s_2026_05_20-0072_no_flat_cal.fits,gaia_774287774887292672_src5,comparison,2063.7298936313396,1091.752472473559,0.7120147448769064,1517.25,ok
no_flat,V0399 named,light_V0399_V_8s_2026_05_20-0072_no_flat_cal.fits,gaia_774288805679445888_src7,comparison,1974.9478454837536,1362.6696800546688,1.5709046167944765,1193.375,ok
no_flat,V0399 named,light_V0399_V_8s_2026_05_20-0072_no_flat_cal.fits,gaia_774289041901756032_src4,comparison,2071.772466368903,1453.437642268686,1.6093233284060469,1544.5,ok
no_flat,V0399 named,light_V0399_V_8s_2026_05_20-0072_no_flat_cal.fits,gaia_774289488578357504_src6,comparison,970.3595066955138,1111.5413060911264,1.807046883778345,1321.625,ok
no_flat,V0399 named,light_V0399_V_8s_2026_05_20-0072_no_flat_cal.fits,gaia_774290626745586944_src8,comparison,1100.2471530664022,1444.4713830669878,1.075797235210635,426.25,ok
no_flat,V0399 named,light_V0399_V_8s_2026_05_20-0072_no_flat_cal.fits,gaia_774384016513181696_src3,comparison,420.4829968682853,1266.273228273586,3.2146771241867445,1663.0,ok
no_flat,V0399 named,light_V0399_V_8s_2026_05_20-0073_no_flat_cal.fits,gaia_774271076054448768_src2,comparison,1536.3794402514723,332.18495311592534,0.6504941474849191,2569.0,ok
no_flat,V0399 named,light_V0399_V_8s_2026_05_20-0073_no_flat_cal.fits,gaia_774272862760870784_src1,comparison,629.4791499491945,269.319926908401,1.9301036071715676,3719.5,ok
no_flat,V0399 named,light_V0399_V_8s_2026_05_20-0073_no_flat_cal.fits,gaia_774287774887292672_src5,comparison,2064.1582693621235,1091.6287788053069,0.6658212815115494,1506.625,ok
no_flat,V0399 named,light_V0399_V_8s_2026_05_20-0073_no_flat_cal.fits,gaia_774288805679445888_src7,comparison,1975.375351390441,1362.6799686863485,1.3381448899277044,1224.125,ok
no_flat,V0399 named,light_V0399_V_8s_2026_05_20-0073_no_flat_cal.fits,gaia_774289041901756032_src4,comparison,2072.2262446480536,1453.3494189393232,1.3956877880096037,1523.75,ok
no_flat,V0399 named,light_V0399_V_8s_2026_05_20-0073_no_flat_cal.fits,gaia_774289488578357504_src6,comparison,970.5855403612953,1111.791158859846,1.3773785197884936,1339.875,ok
no_flat,V0399 named,light_V0399_V_8s_2026_05_20-0073_no_flat_cal.fits,gaia_774290626745586944_src8,comparison,1100.8737672236132,1444.7575486272965,0.8578171427449643,407.0,ok
no_flat,V0399 named,light_V0399_V_8s_2026_05_20-0073_no_flat_cal.fits,gaia_774384016513181696_src3,comparison,420.7730004323009,1266.4348175590437,2.540640086136028,1641.625,ok
no_flat,V0399 named,light_V0399_V_8s_2026_05_20-0074_no_flat_cal.fits,gaia_774271076054448768_src2,comparison,1537.1563066679173,332.49361678735403,0.9293245195576861,1995.75,ok
no_flat,V0399 named,light_V0399_V_8s_2026_05_20-0074_no_flat_cal.fits,gaia_774272862760870784_src1,comparison,630.5133086170495,269.63148265269064,2.737972528280626,2876.125,ok
no_flat,V0399 named,light_V0399_V_8s_2026_05_20-0074_no_flat_cal.fits,gaia_774287774887292672_src5,comparison,2064.8298898689713,1091.98323356827,0.7503563404432075,1144.0,ok
no_flat,V0399 named,light_V0399_V_8s_2026_05_20-0074_no_flat_cal.fits,gaia_774288805679445888_src7,comparison,1976.1156494818017,1362.844418953938,1.6972812427672013,921.375,ok
no_flat,V0399 named,light_V0399_V_8s_2026_05_20-0074_no_flat_cal.fits,gaia_774289041901756032_src4,comparison,2072.980601565068,1453.5702191305031,1.7906122568028977,1181.125,ok
no_flat,V0399 named,light_V0399_V_8s_2026_05_20-0074_no_flat_cal.fits,gaia_774289488578357504_src6,comparison,971.3831209350814,1111.9928082711951,1.8538783525573268,994.0,ok
no_flat,V0399 named,light_V0399_V_8s_2026_05_20-0074_no_flat_cal.fits,gaia_774290626745586944_src8,comparison,1101.5447945187223,1444.9108567804267,1.2732113459944308,312.0,ok
no_flat,V0399 named,light_V0399_V_8s_2026_05_20-0074_no_flat_cal.fits,gaia_774384016513181696_src3,comparison,421.6888834738231,1266.4991193936721,3.341616231111637,1261.625,ok
no_flat,V0399 named,light_V0399_V_8s_2026_05_20-0075_no_flat_cal.fits,gaia_774271076054448768_src2,comparison,1538.4404292600148,332.57411208147016,0.6585202164681664,2651.75,ok
no_flat,V0399 named,light_V0399_V_8s_2026_05_20-0075_no_flat_cal.fits,gaia_774272862760870784_src1,comparison,631.6178158599789,269.75060875413794,2.30065427151984,3932.25,ok
no_flat,V0399 named,light_V0399_V_8s_2026_05_20-0075_no_flat_cal.fits,gaia_774287774887292672_src5,comparison,2066.04365580801,1092.183712094038,0.5115181493677403,1580.375,ok
no_flat,V0399 named,light_V0399_V_8s_2026_05_20-0075_no_flat_cal.fits,gaia_774288805679445888_src7,comparison,1977.3624582143643,1363.0248145444307,1.3878886068331986,1259.375,ok
no_flat,V0399 named,light_V0399_V_8s_2026_05_20-0075_no_flat_cal.fits,gaia_774289041901756032_src4,comparison,2074.1379923449513,1453.7634918956305,1.3281926527918098,1620.125,ok
no_flat,V0399 named,light_V0399_V_8s_2026_05_20-0075_no_flat_cal.fits,gaia_774289488578357504_src6,comparison,972.6413664259258,1112.1001959422256,1.5624284463543308,1395.25,ok
no_flat,V0399 named,light_V0399_V_8s_2026_05_20-0075_no_flat_cal.fits,gaia_774290626745586944_src8,comparison,1102.6318474668296,1444.9555068105508,1.3030800868631394,442.5,ok
no_flat,V0399 named,light_V0399_V_8s_2026_05_20-0075_no_flat_cal.fits,gaia_774384016513181696_src3,comparison,422.83064094250153,1266.8223865935456,2.717223835082407,1725.125,ok
no_flat,V0399 named,light_V0399_V_8s_2026_05_20-0076_no_flat_cal.fits,gaia_774271076054448768_src2,comparison,1537.8020800157697,333.49069474566755,1.1541670648788043,2319.625,ok
no_flat,V0399 named,light_V0399_V_8s_2026_05_20-0076_no_flat_cal.fits,gaia_774272862760870784_src1,comparison,630.880642396471,270.6858619421291,3.4920823800108196,3371.625,ok
no_flat,V0399 named,light_V0399_V_8s_2026_05_20-0076_no_flat_cal.fits,gaia_774287774887292672_src5,comparison,2065.2424549006464,1092.9828286281347,0.9846737847557431,1364.5,ok
no_flat,V0399 named,light_V0399_V_8s_2026_05_20-0076_no_flat_cal.fits,gaia_774288805679445888_src7,comparison,1976.5084289311292,1363.8973921174797,1.9537782249261602,1100.625,ok
no_flat,V0399 named,light_V0399_V_8s_2026_05_20-0076_no_flat_cal.fits,gaia_774289041901756032_src4,comparison,2073.2203025756135,1454.5123785724427,2.060535048131889,1391.25,ok
no_flat,V0399 named,light_V0399_V_8s_2026_05_20-0076_no_flat_cal.fits,gaia_774289488578357504_src6,comparison,971.9032328367109,1112.93952555912,2.492927093732172,1187.5,ok
no_flat,V0399 named,light_V0399_V_8s_2026_05_20-0076_no_flat_cal.fits,gaia_774290626745586944_src8,comparison,1101.790311174486,1445.8733575823346,1.9964789506665894,385.125,ok
no_flat,V0399 named,light_V0399_V_8s_2026_05_20-0076_no_flat_cal.fits,gaia_774384016513181696_src3,comparison,422.0228271907218,1267.574888063399,4.050650976078864,1463.75,ok
no_flat,V0399 named,light_V0399_V_8s_2026_05_20-0077_no_flat_cal.fits,gaia_774271076054448768_src2,comparison,1538.5982888556443,333.25174867872187,0.715152811746095,2674.25,ok
no_flat,V0399 named,light_V0399_V_8s_2026_05_20-0077_no_flat_cal.fits,gaia_774272862760870784_src1,comparison,631.791791546068,270.39616706141584,1.9536204746533572,3901.25,ok
no_flat,V0399 named,light_V0399_V_8s_2026_05_20-0077_no_flat_cal.fits,gaia_774287774887292672_src5,comparison,2066.242705208582,1092.5982589445832,0.6525332080012859,1600.625,ok
no_flat,V0399 named,light_V0399_V_8s_2026_05_20-0077_no_flat_cal.fits,gaia_774288805679445888_src7,comparison,1977.534239385136,1363.514763532772,1.4437308807742235,1268.625,ok
no_flat,V0399 named,light_V0399_V_8s_2026_05_20-0077_no_flat_cal.fits,gaia_774289041901756032_src4,comparison,2074.335085144876,1454.2959159200625,1.4422258892175508,1638.5,ok
no_flat,V0399 named,light_V0399_V_8s_2026_05_20-0077_no_flat_cal.fits,gaia_774289488578357504_src6,comparison,972.8179813271767,1112.6010828278759,1.3187408033123569,1397.25,ok
no_flat,V0399 named,light_V0399_V_8s_2026_05_20-0077_no_flat_cal.fits,gaia_774290626745586944_src8,comparison,1102.8448217075731,1445.4601135906419,0.5451941576911168,449.125,ok
no_flat,V0399 named,light_V0399_V_8s_2026_05_20-0077_no_flat_cal.fits,gaia_774384016513181696_src3,comparison,423.25695720740197,1267.3623811917394,2.747794519631836,1723.625,ok
no_flat,V0399 named,light_V0399_V_8s_2026_05_20-0078_no_flat_cal.fits,gaia_774271076054448768_src2,comparison,1539.1209901201946,333.1526784193798,0.9808565795608236,2264.5,ok
no_flat,V0399 named,light_V0399_V_8s_2026_05_20-0078_no_flat_cal.fits,gaia_774272862760870784_src1,comparison,632.3614694363165,270.14543719380856,2.494893314528412,3381.25,ok
no_flat,V0399 named,light_V0399_V_8s_2026_05_20-0078_no_flat_cal.fits,gaia_774287774887292672_src5,comparison,2066.9774828316663,1092.403297380871,0.8031914759201716,1353.0,ok
no_flat,V0399 named,light_V0399_V_8s_2026_05_20-0078_no_flat_cal.fits,gaia_774288805679445888_src7,comparison,1978.2023574757143,1363.301851085375,1.6303066237729917,1085.125,ok
no_flat,V0399 named,light_V0399_V_8s_2026_05_20-0078_no_flat_cal.fits,gaia_774289041901756032_src4,comparison,2074.827662749461,1453.9552235471583,1.5946287623500888,1367.25,ok
no_flat,V0399 named,light_V0399_V_8s_2026_05_20-0078_no_flat_cal.fits,gaia_774289488578357504_src6,comparison,973.4725483440266,1112.3892596689293,1.7211501352509728,1206.25,ok
no_flat,V0399 named,light_V0399_V_8s_2026_05_20-0078_no_flat_cal.fits,gaia_774290626745586944_src8,comparison,1103.7088340567523,1445.1285586531565,1.5957464473607441,382.625,ok
no_flat,V0399 named,light_V0399_V_8s_2026_05_20-0078_no_flat_cal.fits,gaia_774384016513181696_src3,comparison,423.6008020831772,1267.0763573692543,3.002841834819028,1467.875,ok
no_flat,V0399 named,light_V0399_V_8s_2026_05_20-0079_no_flat_cal.fits,gaia_774271076054448768_src2,comparison,1538.8933774740042,334.22218531326865,0.9648050083108518,2765.375,ok
no_flat,V0399 named,light_V0399_V_8s_2026_05_20-0079_no_flat_cal.fits,gaia_774272862760870784_src1,comparison,631.964058033785,271.3612353860634,3.0973682112276517,4042.25,ok
no_flat,V0399 named,light_V0399_V_8s_2026_05_20-0079_no_flat_cal.fits,gaia_774287774887292672_src5,comparison,2066.335916365117,1093.7483714072328,0.8737610103687705,1655.625,ok
no_flat,V0399 named,light_V0399_V_8s_2026_05_20-0079_no_flat_cal.fits,gaia_774288805679445888_src7,comparison,1977.5861509547276,1364.718206330706,1.6339559412975395,1335.625,ok
no_flat,V0399 named,light_V0399_V_8s_2026_05_20-0079_no_flat_cal.fits,gaia_774289041901756032_src4,comparison,2074.3840083361156,1455.4753959294435,1.6313823012979158,1669.5,ok
no_flat,V0399 named,light_V0399_V_8s_2026_05_20-0079_no_flat_cal.fits,gaia_774289488578357504_src6,comparison,972.9920194416318,1113.6474035330857,2.2068982824470034,1428.0,ok
no_flat,V0399 named,light_V0399_V_8s_2026_05_20-0079_no_flat_cal.fits,gaia_774290626745586944_src8,comparison,1103.0687472815462,1446.6749631174378,2.1134102236706616,459.75,ok
no_flat,V0399 named,light_V0399_V_8s_2026_05_20-0079_no_flat_cal.fits,gaia_774384016513181696_src3,comparison,423.2450308078971,1268.3829102183806,3.6535221647887086,1809.125,ok
no_flat,V0399 named,light_V0399_V_8s_2026_05_20-0080_no_flat_cal.fits,gaia_774271076054448768_src2,comparison,1541.2068769462046,335.05111982825895,0.7455611261000596,2716.75,ok
no_flat,V0399 named,light_V0399_V_8s_2026_05_20-0080_no_flat_cal.fits,gaia_774272862760870784_src1,comparison,634.4880950951639,272.0222810376373,2.3995464657583603,4021.0,ok
no_flat,V0399 named,light_V0399_V_8s_2026_05_20-0080_no_flat_cal.fits,gaia_774287774887292672_src5,comparison,2068.764307425969,1094.601723374164,0.6481043144048413,1646.125,ok
no_flat,V0399 named,light_V0399_V_8s_2026_05_20-0080_no_flat_cal.fits,gaia_774288805679445888_src7,comparison,1979.9972121269304,1365.3664542384884,1.556497361371098,1269.375,ok
no_flat,V0399 named,light_V0399_V_8s_2026_05_20-0080_no_flat_cal.fits,gaia_774289041901756032_src4,comparison,2076.801263274932,1456.2276274747928,1.4663621668017963,1630.75,ok
no_flat,V0399 named,light_V0399_V_8s_2026_05_20-0080_no_flat_cal.fits,gaia_774289488578357504_src6,comparison,975.3097663751943,1114.4253061488607,1.6227224647621836,1442.75,ok
no_flat,V0399 named,light_V0399_V_8s_2026_05_20-0080_no_flat_cal.fits,gaia_774290626745586944_src8,comparison,1105.3573167373918,1447.2193524919276,1.371201999195326,455.0,ok
no_flat,V0399 named,light_V0399_V_8s_2026_05_20-0080_no_flat_cal.fits,gaia_774384016513181696_src3,comparison,425.5789154450284,1268.9450494572577,2.8928778938202218,1750.625,ok
no_flat,V0399 named,light_V0399_V_8s_2026_05_20-0081_no_flat_cal.fits,gaia_774271076054448768_src2,comparison,1540.9190813329253,334.6895642752774,1.1407164730746997,2614.75,ok
no_flat,V0399 named,light_V0399_V_8s_2026_05_20-0081_no_flat_cal.fits,gaia_774272862760870784_src1,comparison,634.2019444910137,271.63563733847633,3.373636262723292,3905.125,ok
no_flat,V0399 named,light_V0399_V_8s_2026_05_20-0081_no_flat_cal.fits,gaia_774287774887292672_src5,comparison,2068.520879158645,1094.140076828212,0.9913531204009192,1547.25,ok
no_flat,V0399 named,light_V0399_V_8s_2026_05_20-0081_no_flat_cal.fits,gaia_774288805679445888_src7,comparison,1979.7136716642297,1365.0310130352561,1.9407021915567082,1204.0,ok
no_flat,V0399 named,light_V0399_V_8s_2026_05_20-0081_no_flat_cal.fits,gaia_774289041901756032_src4,comparison,2076.4917379486265,1455.7862949809507,1.9686999912752783,1599.0,ok
no_flat,V0399 named,light_V0399_V_8s_2026_05_20-0081_no_flat_cal.fits,gaia_774289488578357504_src6,comparison,974.9363536765976,1113.9854478118345,2.2479899011764393,1333.625,ok
no_flat,V0399 named,light_V0399_V_8s_2026_05_20-0081_no_flat_cal.fits,gaia_774290626745586944_src8,comparison,1105.084855989635,1446.825402236366,2.1099292394959637,431.5,ok
no_flat,V0399 named,light_V0399_V_8s_2026_05_20-0081_no_flat_cal.fits,gaia_774384016513181696_src3,comparison,425.1413657082777,1268.6458398001466,3.882171690186993,1701.5,ok
no_flat,V0399 named,light_V0399_V_8s_2026_05_20-0082_no_flat_cal.fits,gaia_774271076054448768_src2,comparison,1541.7837378109195,335.5219887360111,0.8760872368366589,2992.375,ok
no_flat,V0399 named,light_V0399_V_8s_2026_05_20-0082_no_flat_cal.fits,gaia_774272862760870784_src1,comparison,635.0183978470149,272.64774006118745,2.9347515856859476,4328.375,ok
no_flat,V0399 named,light_V0399_V_8s_2026_05_20-0082_no_flat_cal.fits,gaia_774287774887292672_src5,comparison,2069.4378262241476,1095.071022754576,0.7468145168577348,1782.0,ok
no_flat,V0399 named,light_V0399_V_8s_2026_05_20-0082_no_flat_cal.fits,gaia_774288805679445888_src7,comparison,1980.6821416446305,1365.954360616875,1.6137545368995219,1408.0,ok
no_flat,V0399 named,light_V0399_V_8s_2026_05_20-0082_no_flat_cal.fits,gaia_774289041901756032_src4,comparison,2077.49354885309,1456.724391005453,1.591296364734325,1834.125,ok
no_flat,V0399 named,light_V0399_V_8s_2026_05_20-0082_no_flat_cal.fits,gaia_774289488578357504_src6,comparison,976.0287006835729,1114.927585390387,2.0509167076571937,1550.625,ok
no_flat,V0399 named,light_V0399_V_8s_2026_05_20-0082_no_flat_cal.fits,gaia_774290626745586944_src8,comparison,1106.21047822467,1447.802079933495,2.0341562480930437,494.375,ok
no_flat,V0399 named,light_V0399_V_8s_2026_05_20-0082_no_flat_cal.fits,gaia_774384016513181696_src3,comparison,401.55056381861135,1245.2457432248207,32.108579042185184,265.375,ok
no_flat,V0399 named,light_V0399_V_8s_2026_05_20-0083_no_flat_cal.fits,gaia_774271076054448768_src2,comparison,1541.243688862591,334.3541839518697,1.2592033954819857,2374.75,ok
no_flat,V0399 named,light_V0399_V_8s_2026_05_20-0083_no_flat_cal.fits,gaia_774272862760870784_src1,comparison,634.4626282454362,271.392735806757,3.335882445630616,3441.125,ok
no_flat,V0399 named,light_V0399_V_8s_2026_05_20-0083_no_flat_cal.fits,gaia_774287774887292672_src5,comparison,2068.886584831942,1093.7447761100725,0.9737220984650442,1371.25,ok
no_flat,V0399 named,light_V0399_V_8s_2026_05_20-0083_no_flat_cal.fits,gaia_774288805679445888_src7,comparison,1980.1987925911299,1364.626040074488,2.050984286544178,1131.875,ok
no_flat,V0399 named,light_V0399_V_8s_2026_05_20-0083_no_flat_cal.fits,gaia_774289041901756032_src4,comparison,2077.0169949896135,1455.361823019885,2.137885215486129,1413.25,ok
no_flat,V0399 named,light_V0399_V_8s_2026_05_20-0083_no_flat_cal.fits,gaia_774289488578357504_src6,comparison,975.5005711508917,1113.6163534082298,2.38911301099728,1228.625,ok
no_flat,V0399 named,light_V0399_V_8s_2026_05_20-0083_no_flat_cal.fits,gaia_774290626745586944_src8,comparison,1105.4689569163822,1446.768935535408,1.6694450246349286,387.5,ok
no_flat,V0399 named,light_V0399_V_8s_2026_05_20-0083_no_flat_cal.fits,gaia_774384016513181696_src3,comparison,425.5721499904317,1268.3856848986595,4.036139383386555,1511.625,ok
no_flat,V0399 named,light_V0399_V_8s_2026_05_20-0084_no_flat_cal.fits,gaia_774271076054448768_src2,comparison,1541.8913998395217,335.5191213201568,1.0112310081573441,2351.375,ok
no_flat,V0399 named,light_V0399_V_8s_2026_05_20-0084_no_flat_cal.fits,gaia_774272862760870784_src1,comparison,635.1484615158845,272.69673216979777,3.08146769510404,3336.625,ok
no_flat,V0399 named,light_V0399_V_8s_2026_05_20-0084_no_flat_cal.fits,gaia_774287774887292672_src5,comparison,2069.597038761276,1094.9276464274192,0.9180621057319552,1356.875,ok
no_flat,V0399 named,light_V0399_V_8s_2026_05_20-0084_no_flat_cal.fits,gaia_774288805679445888_src7,comparison,1980.9112632741544,1365.7580692783258,1.9348039493491453,1066.375,ok
no_flat,V0399 named,light_V0399_V_8s_2026_05_20-0084_no_flat_cal.fits,gaia_774289041901756032_src4,comparison,2077.612182642173,1456.6789483423686,1.7688490741713812,1382.25,ok
no_flat,V0399 named,light_V0399_V_8s_2026_05_20-0084_no_flat_cal.fits,gaia_774289488578357504_src6,comparison,976.104150968615,1114.9887790913929,2.0775556520212213,1179.125,ok
no_flat,V0399 named,light_V0399_V_8s_2026_05_20-0084_no_flat_cal.fits,gaia_774290626745586944_src8,comparison,1106.2192858084222,1447.9638500106446,1.6230075923534029,360.5,ok
no_flat,V0399 named,light_V0399_V_8s_2026_05_20-0084_no_flat_cal.fits,gaia_774384016513181696_src3,comparison,426.4188666890577,1269.6887770327571,3.7462172057896708,1467.125,ok
no_flat,V0399 named,light_V0399_V_8s_2026_05_20-0085_no_flat_cal.fits,gaia_774271076054448768_src2,comparison,1541.512403999858,335.820536086827,0.9956757163500094,2629.6875,ok
no_flat,V0399 named,light_V0399_V_8s_2026_05_20-0085_no_flat_cal.fits,gaia_774272862760870784_src1,comparison,634.8099382482551,273.0175041861527,3.0410750960065713,3765.5,ok
no_flat,V0399 named,light_V0399_V_8s_2026_05_20-0085_no_flat_cal.fits,gaia_774287774887292672_src5,comparison,2069.2773863094408,1095.2259135003017,0.9672887722949567,1539.625,ok
no_flat,V0399 named,light_V0399_V_8s_2026_05_20-0085_no_flat_cal.fits,gaia_774288805679445888_src7,comparison,1980.5628869566417,1366.1544468632665,1.9167650563099188,1217.625,ok
no_flat,V0399 named,light_V0399_V_8s_2026_05_20-0085_no_flat_cal.fits,gaia_774289041901756032_src4,comparison,2077.2897434487722,1456.9150182398448,1.8716053621678344,1587.125,ok
no_flat,V0399 named,light_V0399_V_8s_2026_05_20-0085_no_flat_cal.fits,gaia_774289488578357504_src6,comparison,975.7775468187382,1115.2346861989654,2.112654426791235,1368.5,ok
no_flat,V0399 named,light_V0399_V_8s_2026_05_20-0085_no_flat_cal.fits,gaia_774290626745586944_src8,comparison,1105.9329317567726,1448.0917642280078,1.682651224302871,427.375,ok
no_flat,V0399 named,light_V0399_V_8s_2026_05_20-0085_no_flat_cal.fits,gaia_774384016513181696_src3,comparison,426.07241503867164,1269.9422785173815,3.7170048451531006,1640.0,ok
no_flat,V0399 named,light_V0399_V_8s_2026_05_20-0086_no_flat_cal.fits,gaia_774271076054448768_src2,comparison,1542.1709803771619,335.9889429602791,1.1501251459256356,2341.0,ok
no_flat,V0399 named,light_V0399_V_8s_2026_05_20-0086_no_flat_cal.fits,gaia_774272862760870784_src1,comparison,635.4055330055501,273.19102844048547,3.463138315992227,3492.75,ok
no_flat,V0399 named,light_V0399_V_8s_2026_05_20-0086_no_flat_cal.fits,gaia_774287774887292672_src5,comparison,2069.87449449825,1095.5099267979087,0.8919266463373603,1430.75,ok
no_flat,V0399 named,light_V0399_V_8s_2026_05_20-0086_no_flat_cal.fits,gaia_774288805679445888_src7,comparison,1981.116359346499,1366.493193722702,1.8231130872200758,1120.625,ok
no_flat,V0399 named,light_V0399_V_8s_2026_05_20-0086_no_flat_cal.fits,gaia_774289041901756032_src4,comparison,2077.9189312297735,1457.2098189901355,1.8713124335817415,1415.625,ok
no_flat,V0399 named,light_V0399_V_8s_2026_05_20-0086_no_flat_cal.fits,gaia_774289488578357504_src6,comparison,976.2182164597814,1115.5943591838109,2.232087827412256,1234.0,ok
no_flat,V0399 named,light_V0399_V_8s_2026_05_20-0086_no_flat_cal.fits,gaia_774290626745586944_src8,comparison,1106.522747507257,1448.1193776538971,2.178463951039137,405.375,ok
no_flat,V0399 named,light_V0399_V_8s_2026_05_20-0086_no_flat_cal.fits,gaia_774384016513181696_src3,comparison,426.48377412007454,1270.2784748616791,3.9587478908900122,1533.75,ok
no_flat,V0399 named,light_V0399_V_8s_2026_05_20-0087_no_flat_cal.fits,gaia_774271076054448768_src2,comparison,1543.1777348895837,336.107823555018,0.8605829624248691,2273.625,ok
no_flat,V0399 named,light_V0399_V_8s_2026_05_20-0087_no_flat_cal.fits,gaia_774272862760870784_src1,comparison,636.3756187869996,273.3178722338638,2.6715017321569285,3412.0,ok
no_flat,V0399 named,light_V0399_V_8s_2026_05_20-0087_no_flat_cal.fits,gaia_774287774887292672_src5,comparison,2070.6094265696083,1095.6303767553902,0.6691330891243626,1381.6875,ok
no_flat,V0399 named,light_V0399_V_8s_2026_05_20-0087_no_flat_cal.fits,gaia_774288805679445888_src7,comparison,1982.014071113329,1366.5549471851741,1.662558579028729,1068.25,ok
no_flat,V0399 named,light_V0399_V_8s_2026_05_20-0087_no_flat_cal.fits,gaia_774289041901756032_src4,comparison,2078.6843241054266,1457.22638886839,1.6118279857973796,1362.5,ok
no_flat,V0399 named,light_V0399_V_8s_2026_05_20-0087_no_flat_cal.fits,gaia_774289488578357504_src6,comparison,977.2714784262523,1115.6820827828403,1.8544011605860622,1201.625,ok
no_flat,V0399 named,light_V0399_V_8s_2026_05_20-0087_no_flat_cal.fits,gaia_774290626745586944_src8,comparison,1107.2852894958708,1448.8412798560048,1.019656733034423,376.125,ok
no_flat,V0399 named,light_V0399_V_8s_2026_05_20-0087_no_flat_cal.fits,gaia_774384016513181696_src3,comparison,427.47319649820855,1270.2767515552416,3.2331472576006823,1467.875,ok
no_flat,V0399 named,light_V0399_V_8s_2026_05_20-0088_no_flat_cal.fits,gaia_774271076054448768_src2,comparison,1543.306525124437,336.66733544269783,0.8538020972128363,2993.0,ok
no_flat,V0399 named,light_V0399_V_8s_2026_05_20-0088_no_flat_cal.fits,gaia_774272862760870784_src1,comparison,636.4033757023454,273.91020262174504,2.565371437213592,4396.125,ok
no_flat,V0399 named,light_V0399_V_8s_2026_05_20-0088_no_flat_cal.fits,gaia_774287774887292672_src5,comparison,2070.9003724844033,1095.9339556767927,0.70017657862073,1728.625,ok
no_flat,V0399 named,light_V0399_V_8s_2026_05_20-0088_no_flat_cal.fits,gaia_774288805679445888_src7,comparison,1982.1415415438316,1366.862789756825,1.3951292241393918,1417.625,ok
no_flat,V0399 named,light_V0399_V_8s_2026_05_20-0088_no_flat_cal.fits,gaia_774289041901756032_src4,comparison,2078.868090789021,1457.6625911640238,1.269975278103644,1803.875,ok
no_flat,V0399 named,light_V0399_V_8s_2026_05_20-0088_no_flat_cal.fits,gaia_774289488578357504_src6,comparison,977.4385879428607,1115.9531131082326,1.660400143053759,1580.625,ok
no_flat,V0399 named,light_V0399_V_8s_2026_05_20-0088_no_flat_cal.fits,gaia_774290626745586944_src8,comparison,1107.5969561259317,1448.8721960597952,1.7800597388790995,495.625,ok
no_flat,V0399 named,light_V0399_V_8s_2026_05_20-0088_no_flat_cal.fits,gaia_774384016513181696_src3,comparison,403.0401976262623,1246.5518680744253,32.57666266151306,265.0,ok
no_flat,V0399 named,light_V0399_V_8s_2026_05_20-0089_no_flat_cal.fits,gaia_774271076054448768_src2,comparison,1543.5887623941067,337.02364968056594,0.7010646749507974,2499.25,ok
no_flat,V0399 named,light_V0399_V_8s_2026_05_20-0089_no_flat_cal.fits,gaia_774272862760870784_src1,comparison,636.7677593137863,274.16406515661885,2.349250971223714,3693.125,ok
no_flat,V0399 named,light_V0399_V_8s_2026_05_20-0089_no_flat_cal.fits,gaia_774287774887292672_src5,comparison,2071.0761623877293,1096.5270217196917,0.5975781614419337,1512.5,ok
no_flat,V0399 named,light_V0399_V_8s_2026_05_20-0089_no_flat_cal.fits,gaia_774288805679445888_src7,comparison,1982.3893157776952,1367.4597316591723,1.3915888774172105,1188.25,ok
no_flat,V0399 named,light_V0399_V_8s_2026_05_20-0089_no_flat_cal.fits,gaia_774289041901756032_src4,comparison,2079.1754521667435,1458.183134174711,1.3609419410914592,1503.875,ok
no_flat,V0399 named,light_V0399_V_8s_2026_05_20-0089_no_flat_cal.fits,gaia_774289488578357504_src6,comparison,977.6420342876527,1116.4698213602496,1.4999825113962029,1296.5,ok
no_flat,V0399 named,light_V0399_V_8s_2026_05_20-0089_no_flat_cal.fits,gaia_774290626745586944_src8,comparison,1107.6172629925977,1449.2203105995884,1.3510364761322586,417.75,ok
no_flat,V0399 named,light_V0399_V_8s_2026_05_20-0089_no_flat_cal.fits,gaia_774384016513181696_src3,comparison,427.9768600470284,1271.0801547686738,2.7870795688241485,1554.375,ok
no_flat,V0399 named,light_V0399_V_8s_2026_05_20-0090_no_flat_cal.fits,gaia_774271076054448768_src2,comparison,1545.0084742171978,337.5828703203591,0.8863378834428166,2596.0,ok
no_flat,V0399 named,light_V0399_V_8s_2026_05_20-0090_no_flat_cal.fits,gaia_774272862760870784_src1,comparison,638.3621771805566,274.56456688708755,2.7495286264601813,3836.5,ok
no_flat,V0399 named,light_V0399_V_8s_2026_05_20-0090_no_flat_cal.fits,gaia_774287774887292672_src5,comparison,2072.5800813821616,1097.1027021438515,0.6841191183619459,1532.625,ok
no_flat,V0399 named,light_V0399_V_8s_2026_05_20-0090_no_flat_cal.fits,gaia_774288805679445888_src7,comparison,1983.8048700799932,1367.9161646619327,1.5936230149133797,1215.625,ok
no_flat,V0399 named,light_V0399_V_8s_2026_05_20-0090_no_flat_cal.fits,gaia_774289041901756032_src4,comparison,2080.5329417578596,1458.753197847658,1.4832947716475469,1587.625,ok
no_flat,V0399 named,light_V0399_V_8s_2026_05_20-0090_no_flat_cal.fits,gaia_774289488578357504_src6,comparison,979.2019660737717,1116.888595175948,1.8663942286355992,1365.375,ok
no_flat,V0399 named,light_V0399_V_8s_2026_05_20-0090_no_flat_cal.fits,gaia_774290626745586944_src8,comparison,1109.1867033843178,1449.7760775270742,1.5375687193675502,422.125,ok
no_flat,V0399 named,light_V0399_V_8s_2026_05_20-0090_no_flat_cal.fits,gaia_774384016513181696_src3,comparison,429.388536522084,1271.4277198616135,3.1791866349061273,1658.25,ok
no_flat,V0399 named,light_V0399_V_8s_2026_05_20-0091_no_flat_cal.fits,gaia_774271076054448768_src2,comparison,1546.0112700552347,338.0514207615129,1.2610753179026208,2522.625,ok
no_flat,V0399 named,light_V0399_V_8s_2026_05_20-0091_no_flat_cal.fits,gaia_774272862760870784_src1,comparison,639.1645034842439,275.21014944226135,3.7424671822725277,3807.25,ok
no_flat,V0399 named,light_V0399_V_8s_2026_05_20-0091_no_flat_cal.fits,gaia_774287774887292672_src5,comparison,2073.3397488092573,1097.507379907496,1.0354241205609174,1537.5,ok
no_flat,V0399 named,light_V0399_V_8s_2026_05_20-0091_no_flat_cal.fits,gaia_774288805679445888_src7,comparison,1984.5205055145511,1368.408562593876,1.9711118241500805,1227.5,ok
no_flat,V0399 named,light_V0399_V_8s_2026_05_20-0091_no_flat_cal.fits,gaia_774289041901756032_src4,comparison,2081.345416293644,1459.1846538733505,2.016795465689183,1572.875,ok
no_flat,V0399 named,light_V0399_V_8s_2026_05_20-0091_no_flat_cal.fits,gaia_774289488578357504_src6,comparison,979.9336779661311,1117.5830465292784,2.5117994190969637,1357.875,ok
no_flat,V0399 named,light_V0399_V_8s_2026_05_20-0091_no_flat_cal.fits,gaia_774290626745586944_src8,comparison,1109.8158947896939,1450.3768020985174,2.086651344034521,431.625,ok
no_flat,V0399 named,light_V0399_V_8s_2026_05_20-0091_no_flat_cal.fits,gaia_774384016513181696_src3,comparison,430.1283842817814,1272.1342132384282,4.1869861784383895,1682.875,ok
no_flat,V0399 named,light_V0399_V_8s_2026_05_20-0092_no_flat_cal.fits,gaia_774271076054448768_src2,comparison,1545.3755746831976,338.4861086813606,1.150082149888187,2354.25,ok
no_flat,V0399 named,light_V0399_V_8s_2026_05_20-0092_no_flat_cal.fits,gaia_774272862760870784_src1,comparison,638.6495961929594,275.4698268829525,3.510158542122659,3432.875,ok
no_flat,V0399 named,light_V0399_V_8s_2026_05_20-0092_no_flat_cal.fits,gaia_774287774887292672_src5,comparison,2072.9571905766165,1097.9912766691277,0.9195607534269038,1340.375,ok
no_flat,V0399 named,light_V0399_V_8s_2026_05_20-0092_no_flat_cal.fits,gaia_774288805679445888_src7,comparison,1984.3327497520718,1368.8485023415456,1.9755140710867016,1073.25,ok
no_flat,V0399 named,light_V0399_V_8s_2026_05_20-0092_no_flat_cal.fits,gaia_774289041901756032_src4,comparison,2081.024935271005,1459.5962467771446,1.9310632088187956,1372.5,ok
no_flat,V0399 named,light_V0399_V_8s_2026_05_20-0092_no_flat_cal.fits,gaia_774289488578357504_src6,comparison,979.6658963709115,1117.7740335880803,2.619889755218204,1216.125,ok
no_flat,V0399 named,light_V0399_V_8s_2026_05_20-0092_no_flat_cal.fits,gaia_774290626745586944_src8,comparison,1109.5410636222164,1450.6960639745528,2.3666451418575063,386.25,ok
no_flat,V0399 named,light_V0399_V_8s_2026_05_20-0092_no_flat_cal.fits,gaia_774384016513181696_src3,comparison,429.7072738620673,1272.559178974416,3.9952815586742245,1521.875,ok
no_flat,V0399 named,light_V0399_V_8s_2026_05_20-0093_no_flat_cal.fits,gaia_774271076054448768_src2,comparison,1545.6998983452522,338.8042856081788,0.884939439853686,2755.125,ok
no_flat,V0399 named,light_V0399_V_8s_2026_05_20-0093_no_flat_cal.fits,gaia_774272862760870784_src1,comparison,638.8274935269576,275.93585257559215,2.724986447516331,3944.125,ok
no_flat,V0399 named,light_V0399_V_8s_2026_05_20-0093_no_flat_cal.fits,gaia_774287774887292672_src5,comparison,2073.2121222627466,1098.2487737135496,0.7051349705133507,1646.375,ok
no_flat,V0399 named,light_V0399_V_8s_2026_05_20-0093_no_flat_cal.fits,gaia_774288805679445888_src7,comparison,1984.3865501579,1369.2018200797388,1.4148730626487869,1291.625,ok
no_flat,V0399 named,light_V0399_V_8s_2026_05_20-0093_no_flat_cal.fits,gaia_774289041901756032_src4,comparison,2081.2838052042825,1459.956308773466,1.4210989009510877,1641.375,ok
no_flat,V0399 named,light_V0399_V_8s_2026_05_20-0093_no_flat_cal.fits,gaia_774289488578357504_src6,comparison,979.87968684632,1118.2960352326772,1.9153049726416103,1426.0,ok
no_flat,V0399 named,light_V0399_V_8s_2026_05_20-0093_no_flat_cal.fits,gaia_774290626745586944_src8,comparison,1109.8483654048998,1451.2025005551513,1.689433264635342,437.875,ok
no_flat,V0399 named,light_V0399_V_8s_2026_05_20-0093_no_flat_cal.fits,gaia_774384016513181696_src3,comparison,430.093485391632,1272.9894952616082,3.1612239828453457,1716.0,ok
no_flat,V0399 named,light_V0399_V_8s_2026_05_20-0094_no_flat_cal.fits,gaia_774271076054448768_src2,comparison,1546.1915376194786,337.36247012129064,1.1722050762088418,2321.0,ok
no_flat,V0399 named,light_V0399_V_8s_2026_05_20-0094_no_flat_cal.fits,gaia_774272862760870784_src1,comparison,639.431526918231,274.54990758985946,3.599336850886151,3349.25,ok
no_flat,V0399 named,light_V0399_V_8s_2026_05_20-0094_no_flat_cal.fits,gaia_774287774887292672_src5,comparison,2073.8720450410224,1096.7877111627631,1.1012733689531045,1349.875,ok
no_flat,V0399 named,light_V0399_V_8s_2026_05_20-0094_no_flat_cal.fits,gaia_774288805679445888_src7,comparison,1985.108655223206,1367.7675217883284,2.048657058545592,1077.625,ok
no_flat,V0399 named,light_V0399_V_8s_2026_05_20-0094_no_flat_cal.fits,gaia_774289041901756032_src4,comparison,2081.934772583674,1458.5229930605747,2.0913840140982094,1402.125,ok
no_flat,V0399 named,light_V0399_V_8s_2026_05_20-0094_no_flat_cal.fits,gaia_774289488578357504_src6,comparison,980.3869039084087,1116.9097821932041,2.5575991472690296,1208.5,ok
no_flat,V0399 named,light_V0399_V_8s_2026_05_20-0094_no_flat_cal.fits,gaia_774290626745586944_src8,comparison,1110.3217652894857,1449.9981480178362,1.9052843856038244,369.0,ok
no_flat,V0399 named,light_V0399_V_8s_2026_05_20-0094_no_flat_cal.fits,gaia_774384016513181696_src3,comparison,430.6753211253733,1271.6315141367259,4.334999794262677,1505.875,ok
no_flat,V0399 named,light_V0399_V_8s_2026_05_20-0095_no_flat_cal.fits,gaia_774271076054448768_src2,comparison,1545.7429137708632,338.3171565334801,1.006023672307606,2698.0,ok
no_flat,V0399 named,light_V0399_V_8s_2026_05_20-0095_no_flat_cal.fits,gaia_774272862760870784_src1,comparison,638.9820111143582,275.4905190060302,3.136706310095675,3924.625,ok
no_flat,V0399 named,light_V0399_V_8s_2026_05_20-0095_no_flat_cal.fits,gaia_774287774887292672_src5,comparison,2073.518114244029,1097.7410594045343,0.836737664217636,1621.5,ok
no_flat,V0399 named,light_V0399_V_8s_2026_05_20-0095_no_flat_cal.fits,gaia_774288805679445888_src7,comparison,1984.9002345573786,1368.5960010091123,1.8528195874759206,1297.5,ok
no_flat,V0399 named,light_V0399_V_8s_2026_05_20-0095_no_flat_cal.fits,gaia_774289041901756032_src4,comparison,2081.6421190535134,1459.4413787029052,1.7044843971907977,1651.875,ok
no_flat,V0399 named,light_V0399_V_8s_2026_05_20-0095_no_flat_cal.fits,gaia_774289488578357504_src6,comparison,980.2297696126792,1117.8680771005072,2.381817151595098,1416.875,ok
no_flat,V0399 named,light_V0399_V_8s_2026_05_20-0095_no_flat_cal.fits,gaia_774290626745586944_src8,comparison,1110.1868071391625,1450.720568363453,2.026772157710252,441.0,ok
no_flat,V0399 named,light_V0399_V_8s_2026_05_20-0095_no_flat_cal.fits,gaia_774384016513181696_src3,comparison,430.39966995563145,1272.7069832513293,3.76985684213748,1791.5,ok
no_flat,V0399 named,light_V0399_V_8s_2026_05_20-0096_no_flat_cal.fits,gaia_774271076054448768_src2,comparison,1545.847188255156,338.5264355187731,1.0835728956928177,2870.0,ok
no_flat,V0399 named,light_V0399_V_8s_2026_05_20-0096_no_flat_cal.fits,gaia_774272862760870784_src1,comparison,638.9693011687874,275.7073050512807,3.2333070338028977,4195.5,ok
no_flat,V0399 named,light_V0399_V_8s_2026_05_20-0096_no_flat_cal.fits,gaia_774287774887292672_src5,comparison,2073.614661971291,1097.8863149279741,0.8972989955463635,1735.125,ok
no_flat,V0399 named,light_V0399_V_8s_2026_05_20-0096_no_flat_cal.fits,gaia_774288805679445888_src7,comparison,1984.8695629792887,1368.7680983324958,1.816328680868779,1381.25,ok
no_flat,V0399 named,light_V0399_V_8s_2026_05_20-0096_no_flat_cal.fits,gaia_774289041901756032_src4,comparison,2081.6798025519442,1459.556256854794,1.7626882164904758,1766.0,ok
no_flat,V0399 named,light_V0399_V_8s_2026_05_20-0096_no_flat_cal.fits,gaia_774289488578357504_src6,comparison,980.1748454672545,1117.981553980646,2.360464489888811,1507.5,ok
no_flat,V0399 named,light_V0399_V_8s_2026_05_20-0096_no_flat_cal.fits,gaia_774290626745586944_src8,comparison,1110.2443321175926,1450.8591406926707,2.264981457527516,477.75,ok
no_flat,V0399 named,light_V0399_V_8s_2026_05_20-0096_no_flat_cal.fits,gaia_774384016513181696_src3,comparison,430.4644659091874,1272.912577273834,3.8666293693678644,1867.25,ok
no_flat,V0399 named,light_V0399_V_8s_2026_05_20-0097_no_flat_cal.fits,gaia_774271076054448768_src2,comparison,1545.8785993375775,338.18646847542567,1.158583813718094,2604.75,ok
no_flat,V0399 named,light_V0399_V_8s_2026_05_20-0097_no_flat_cal.fits,gaia_774272862760870784_src1,comparison,638.8752741620237,275.3996665088536,3.1690941945933258,3821.125,ok
no_flat,V0399 named,light_V0399_V_8s_2026_05_20-0097_no_flat_cal.fits,gaia_774287774887292672_src5,comparison,2073.49156064154,1097.511317871713,0.8945684673639759,1557.25,ok
no_flat,V0399 named,light_V0399_V_8s_2026_05_20-0097_no_flat_cal.fits,gaia_774288805679445888_src7,comparison,1984.706034941382,1368.4209036543868,1.7896860129328853,1232.5,ok
no_flat,V0399 named,light_V0399_V_8s_2026_05_20-0097_no_flat_cal.fits,gaia_774289041901756032_src4,comparison,2081.486020531319,1459.306339798282,1.669259916512505,1582.5,ok
no_flat,V0399 named,light_V0399_V_8s_2026_05_20-0097_no_flat_cal.fits,gaia_774289488578357504_src6,comparison,980.0494348393739,1117.6569893729065,2.2413280199258527,1351.5,ok
no_flat,V0399 named,light_V0399_V_8s_2026_05_20-0097_no_flat_cal.fits,gaia_774290626745586944_src8,comparison,1110.0961273861396,1450.4426157000564,1.900095816032238,431.0,ok
no_flat,V0399 named,light_V0399_V_8s_2026_05_20-0097_no_flat_cal.fits,gaia_774384016513181696_src3,comparison,430.2361657590947,1272.472904871924,3.7614917539851143,1670.0,ok
no_flat,V0399 named,light_V0399_V_8s_2026_05_20-0098_no_flat_cal.fits,gaia_774271076054448768_src2,comparison,1546.0747781307257,338.71617196363394,0.9317713855694031,2480.75,ok
no_flat,V0399 named,light_V0399_V_8s_2026_05_20-0098_no_flat_cal.fits,gaia_774272862760870784_src1,comparison,639.2685255552218,275.89139603328016,3.023045847767385,3612.125,ok
no_flat,V0399 named,light_V0399_V_8s_2026_05_20-0098_no_flat_cal.fits,gaia_774287774887292672_src5,comparison,2073.7599401522903,1098.044455135198,0.9342828755897397,1459.625,ok
no_flat,V0399 named,light_V0399_V_8s_2026_05_20-0098_no_flat_cal.fits,gaia_774288805679445888_src7,comparison,1985.0984280705702,1369.0277358604624,1.7455890289169687,1145.25,ok
no_flat,V0399 named,light_V0399_V_8s_2026_05_20-0098_no_flat_cal.fits,gaia_774289041901756032_src4,comparison,2081.8472567918257,1459.6788698182195,1.7916527846034631,1510.0,ok
no_flat,V0399 named,light_V0399_V_8s_2026_05_20-0098_no_flat_cal.fits,gaia_774289488578357504_src6,comparison,980.4089133514573,1118.3675122785855,2.1630214656867404,1326.625,ok
no_flat,V0399 named,light_V0399_V_8s_2026_05_20-0098_no_flat_cal.fits,gaia_774290626745586944_src8,comparison,1110.4896787170935,1451.1488101730636,1.9983379725131818,411.375,ok
no_flat,V0399 named,light_V0399_V_8s_2026_05_20-0098_no_flat_cal.fits,gaia_774384016513181696_src3,comparison,430.686764212586,1272.9864498355096,3.63819315119352,1609.75,ok
no_flat,V0399 named,light_V0399_V_8s_2026_05_20-0099_no_flat_cal.fits,gaia_774271076054448768_src2,comparison,1546.265252255206,339.0472480912177,0.5261157245509677,2863.875,ok
no_flat,V0399 named,light_V0399_V_8s_2026_05_20-0099_no_flat_cal.fits,gaia_774272862760870784_src1,comparison,639.686724411871,276.2840498336147,1.9830415344797279,4299.375,ok
no_flat,V0399 named,light_V0399_V_8s_2026_05_20-0099_no_flat_cal.fits,gaia_774287774887292672_src5,comparison,2073.906884023863,1098.4333587452497,0.4709373536676362,1711.75,ok
no_flat,V0399 named,light_V0399_V_8s_2026_05_20-0099_no_flat_cal.fits,gaia_774288805679445888_src7,comparison,1985.228744556083,1369.3273305846944,1.2086379062343917,1365.75,ok
no_flat,V0399 named,light_V0399_V_8s_2026_05_20-0099_no_flat_cal.fits,gaia_774289041901756032_src4,comparison,2082.1261098892987,1460.0857798844404,1.2066341321802587,1748.375,ok
no_flat,V0399 named,light_V0399_V_8s_2026_05_20-0099_no_flat_cal.fits,gaia_774289488578357504_src6,comparison,980.6497772122485,1118.5031260605283,1.285514166165309,1517.25,ok
no_flat,V0399 named,light_V0399_V_8s_2026_05_20-0099_no_flat_cal.fits,gaia_774290626745586944_src8,comparison,1110.791894912015,1451.396331893706,1.0108701171905687,484.75,ok
no_flat,V0399 named,light_V0399_V_8s_2026_05_20-0099_no_flat_cal.fits,gaia_774384016513181696_src3,comparison,431.07329555589587,1273.180147331665,2.417326602951665,1882.5,ok
no_flat,V0399 named,light_V0399_V_8s_2026_05_20-0100_no_flat_cal.fits,gaia_774271076054448768_src2,comparison,1547.5764801457785,339.2102630943587,0.6453801405685052,2448.5,ok
no_flat,V0399 named,light_V0399_V_8s_2026_05_20-0100_no_flat_cal.fits,gaia_774272862760870784_src1,comparison,640.7222413570222,276.29238973987196,2.0630665549380796,3516.875,ok
no_flat,V0399 named,light_V0399_V_8s_2026_05_20-0100_no_flat_cal.fits,gaia_774287774887292672_src5,comparison,2075.2308874286373,1098.6460028795816,0.765150398276133,1450.25,ok
no_flat,V0399 named,light_V0399_V_8s_2026_05_20-0100_no_flat_cal.fits,gaia_774288805679445888_src7,comparison,1986.4692359483424,1369.4709282316935,1.595238956934713,1137.0,ok
no_flat,V0399 named,light_V0399_V_8s_2026_05_20-0100_no_flat_cal.fits,gaia_774289041901756032_src4,comparison,2083.3098660489313,1460.2752294738812,1.5949075930861347,1467.25,ok
no_flat,V0399 named,light_V0399_V_8s_2026_05_20-0100_no_flat_cal.fits,gaia_774289488578357504_src6,comparison,981.9603103820253,1118.598501862624,1.6665970862260375,1264.875,ok
no_flat,V0399 named,light_V0399_V_8s_2026_05_20-0100_no_flat_cal.fits,gaia_774290626745586944_src8,comparison,1112.267955144193,1451.5472075535595,1.3293841615003068,397.0,ok
no_flat,V0399 named,light_V0399_V_8s_2026_05_20-0100_no_flat_cal.fits,gaia_774384016513181696_src3,comparison,432.0668477905556,1273.2781250358491,2.7983309512883032,1541.0,ok
no_flat,V0399 named,light_V0399_V_8s_2026_05_20-0101_no_flat_cal.fits,gaia_774271076054448768_src2,comparison,1547.5621998536635,338.4476424127264,1.0206738812278666,2833.125,ok
no_flat,V0399 named,light_V0399_V_8s_2026_05_20-0101_no_flat_cal.fits,gaia_774272862760870784_src1,comparison,640.8484127946532,275.55587779077996,3.1012815099153994,4153.125,ok
no_flat,V0399 named,light_V0399_V_8s_2026_05_20-0101_no_flat_cal.fits,gaia_774287774887292672_src5,comparison,2075.1444096898986,1097.809676778651,0.7846148870090213,1680.5,ok
no_flat,V0399 named,light_V0399_V_8s_2026_05_20-0101_no_flat_cal.fits,gaia_774288805679445888_src7,comparison,1986.3991110235306,1368.567895390852,1.7464454872794983,1338.0,ok
no_flat,V0399 named,light_V0399_V_8s_2026_05_20-0101_no_flat_cal.fits,gaia_774289041901756032_src4,comparison,2083.177882120195,1459.3592031053595,1.6849695018066575,1707.0,ok
no_flat,V0399 named,light_V0399_V_8s_2026_05_20-0101_no_flat_cal.fits,gaia_774289488578357504_src6,comparison,981.7076551660336,1117.740183152868,2.033678337443138,1499.5,ok
no_flat,V0399 named,light_V0399_V_8s_2026_05_20-0101_no_flat_cal.fits,gaia_774290626745586944_src8,comparison,1111.763864587245,1450.4560038140887,2.1331611910235218,480.0,ok
no_flat,V0399 named,light_V0399_V_8s_2026_05_20-0101_no_flat_cal.fits,gaia_774384016513181696_src3,comparison,432.1524836895778,1272.4170676286442,3.5938901521963302,1844.5,ok
no_flat,V0399 named,light_V0399_V_8s_2026_05_20-0102_no_flat_cal.fits,gaia_774271076054448768_src2,comparison,1549.3252063833459,339.0293571303151,0.9905595516154745,2376.25,ok
no_flat,V0399 named,light_V0399_V_8s_2026_05_20-0102_no_flat_cal.fits,gaia_774272862760870784_src1,comparison,642.6574245161213,276.1220966332589,3.0332001097915495,3530.0,ok
no_flat,V0399 named,light_V0399_V_8s_2026_05_20-0102_no_flat_cal.fits,gaia_774287774887292672_src5,comparison,2076.831569607633,1098.4461311027649,0.7461700199742718,1447.375,ok
no_flat,V0399 named,light_V0399_V_8s_2026_05_20-0102_no_flat_cal.fits,gaia_774288805679445888_src7,comparison,1988.0100750391614,1369.4149506657677,1.499434476694199,1120.4375,ok
no_flat,V0399 named,light_V0399_V_8s_2026_05_20-0102_no_flat_cal.fits,gaia_774289041901756032_src4,comparison,2084.8056391698747,1460.165358845335,1.4924554517861506,1440.125,ok
no_flat,V0399 named,light_V0399_V_8s_2026_05_20-0102_no_flat_cal.fits,gaia_774289488578357504_src6,comparison,983.4853760306777,1118.3434613077882,1.9985691224218969,1274.5,ok
no_flat,V0399 named,light_V0399_V_8s_2026_05_20-0102_no_flat_cal.fits,gaia_774290626745586944_src8,comparison,1113.5820869926556,1451.284682081462,1.758176740538535,412.375,ok
no_flat,V0399 named,light_V0399_V_8s_2026_05_20-0102_no_flat_cal.fits,gaia_774384016513181696_src3,comparison,433.77489799448097,1272.9885619272713,3.4502054262988,1517.375,ok
no_flat,V0399 named,light_V0399_V_8s_2026_05_20-0103_no_flat_cal.fits,gaia_774271076054448768_src2,comparison,1548.2671668951234,339.4481842147454,0.6908616472645402,2758.375,ok
no_flat,V0399 named,light_V0399_V_8s_2026_05_20-0103_no_flat_cal.fits,gaia_774272862760870784_src1,comparison,641.43860854229,276.57111571912264,2.0848340967389434,3958.125,ok
no_flat,V0399 named,light_V0399_V_8s_2026_05_20-0103_no_flat_cal.fits,gaia_774287774887292672_src5,comparison,2075.9493802721177,1098.8738046278422,0.6571106345477693,1590.75,ok
no_flat,V0399 named,light_V0399_V_8s_2026_05_20-0103_no_flat_cal.fits,gaia_774288805679445888_src7,comparison,1987.2348749798598,1369.7441063135911,1.4859628882166749,1280.0,ok
no_flat,V0399 named,light_V0399_V_8s_2026_05_20-0103_no_flat_cal.fits,gaia_774289041901756032_src4,comparison,2084.0011363079952,1460.4843671887807,1.4398539346742774,1602.625,ok
no_flat,V0399 named,light_V0399_V_8s_2026_05_20-0103_no_flat_cal.fits,gaia_774289488578357504_src6,comparison,982.6472953389725,1118.8296453631215,1.5873733152205578,1397.125,ok
no_flat,V0399 named,light_V0399_V_8s_2026_05_20-0103_no_flat_cal.fits,gaia_774290626745586944_src8,comparison,1112.6310190023148,1451.6982792473862,1.03234016824425,461.25,ok
no_flat,V0399 named,light_V0399_V_8s_2026_05_20-0103_no_flat_cal.fits,gaia_774384016513181696_src3,comparison,432.6718779723379,1273.5149040277597,2.5914723559009705,1736.625,ok
no_flat,V0399 named,light_V0399_V_8s_2026_05_20-0104_no_flat_cal.fits,gaia_774271076054448768_src2,comparison,1548.4975840526236,339.8747065137101,1.1996712193745807,2358.625,ok
no_flat,V0399 named,light_V0399_V_8s_2026_05_20-0104_no_flat_cal.fits,gaia_774272862760870784_src1,comparison,641.4772814066515,277.07731434487755,3.4081702624392274,3465.0,ok
no_flat,V0399 named,light_V0399_V_8s_2026_05_20-0104_no_flat_cal.fits,gaia_774287774887292672_src5,comparison,2076.2167666907753,1099.3204503991183,0.9641704926737831,1381.5,ok
no_flat,V0399 named,light_V0399_V_8s_2026_05_20-0104_no_flat_cal.fits,gaia_774288805679445888_src7,comparison,1987.53065361853,1370.288874256604,1.9453255889665333,1098.375,ok
no_flat,V0399 named,light_V0399_V_8s_2026_05_20-0104_no_flat_cal.fits,gaia_774289041901756032_src4,comparison,2084.2894441896583,1460.989264940635,1.987319191382031,1361.875,ok
no_flat,V0399 named,light_V0399_V_8s_2026_05_20-0104_no_flat_cal.fits,gaia_774289488578357504_src6,comparison,982.7373408607289,1119.3938939035104,2.471804410254726,1226.375,ok
no_flat,V0399 named,light_V0399_V_8s_2026_05_20-0104_no_flat_cal.fits,gaia_774290626745586944_src8,comparison,1112.8186215664489,1452.310383971564,2.1008783269688553,372.75,ok
no_flat,V0399 named,light_V0399_V_8s_2026_05_20-0104_no_flat_cal.fits,gaia_774384016513181696_src3,comparison,432.9868165561853,1274.0834774539856,4.201634857880063,1436.75,ok
no_flat,V0399 named,light_V0399_V_8s_2026_05_20-0105_no_flat_cal.fits,gaia_774271076054448768_src2,comparison,1549.042274489227,339.61804732377834,0.8101959735475331,2274.5,ok
no_flat,V0399 named,light_V0399_V_8s_2026_05_20-0105_no_flat_cal.fits,gaia_774272862760870784_src1,comparison,642.3668148830682,276.8676077534006,2.606942537414642,3347.5,ok
no_flat,V0399 named,light_V0399_V_8s_2026_05_20-0105_no_flat_cal.fits,gaia_774287774887292672_src5,comparison,2076.7394890658848,1098.9040981270439,0.8695420706043783,1339.625,ok
no_flat,V0399 named,light_V0399_V_8s_2026_05_20-0105_no_flat_cal.fits,gaia_774288805679445888_src7,comparison,1988.0122837379631,1369.8287194156323,1.6931144020367919,1049.5,ok
no_flat,V0399 named,light_V0399_V_8s_2026_05_20-0105_no_flat_cal.fits,gaia_774289041901756032_src4,comparison,2084.7661308002516,1460.6583756062694,1.6061072456942627,1382.5,ok
no_flat,V0399 named,light_V0399_V_8s_2026_05_20-0105_no_flat_cal.fits,gaia_774289488578357504_src6,comparison,983.355814396842,1119.173415565824,1.813349759705227,1190.125,ok
no_flat,V0399 named,light_V0399_V_8s_2026_05_20-0105_no_flat_cal.fits,gaia_774290626745586944_src8,comparison,1113.3057406649068,1452.534582675173,0.9368873274500763,383.625,ok
no_flat,V0399 named,light_V0399_V_8s_2026_05_20-0105_no_flat_cal.fits,gaia_774384016513181696_src3,comparison,433.597758324106,1273.8097175243704,3.170949721165833,1472.625,ok
no_flat,V0399 named,light_V0399_V_8s_2026_05_20-0106_no_flat_cal.fits,gaia_774271076054448768_src2,comparison,1548.7280169252895,339.6947590253213,0.9485424967843699,2780.375,ok
no_flat,V0399 named,light_V0399_V_8s_2026_05_20-0106_no_flat_cal.fits,gaia_774272862760870784_src1,comparison,641.851157998006,276.9746778678163,2.6678373379007074,4016.125,ok
no_flat,V0399 named,light_V0399_V_8s_2026_05_20-0106_no_flat_cal.fits,gaia_774287774887292672_src5,comparison,2076.447292054885,1099.0974386194491,0.7151735968631233,1632.875,ok
no_flat,V0399 named,light_V0399_V_8s_2026_05_20-0106_no_flat_cal.fits,gaia_774288805679445888_src7,comparison,1987.8369251221195,1370.0023087410991,1.6977781586831633,1277.125,ok
no_flat,V0399 named,light_V0399_V_8s_2026_05_20-0106_no_flat_cal.fits,gaia_774289041901756032_src4,comparison,2084.5973543535656,1460.800473167963,1.6262663759101956,1670.0,ok
no_flat,V0399 named,light_V0399_V_8s_2026_05_20-0106_no_flat_cal.fits,gaia_774289488578357504_src6,comparison,982.9270447488276,1119.226229498979,1.780073842961775,1441.25,ok
no_flat,V0399 named,light_V0399_V_8s_2026_05_20-0106_no_flat_cal.fits,gaia_774290626745586944_src8,comparison,1113.104530021659,1452.2984280855746,1.129593001750884,445.0,ok
no_flat,V0399 named,light_V0399_V_8s_2026_05_20-0106_no_flat_cal.fits,gaia_774384016513181696_src3,comparison,433.3159792663149,1273.9836996856,3.353061047773215,1747.0,ok
no_flat,V0399 named,light_V0399_V_8s_2026_05_20-0107_no_flat_cal.fits,gaia_774271076054448768_src2,comparison,1549.483147988452,340.4106269932985,1.2012732462034026,2719.125,ok
no_flat,V0399 named,light_V0399_V_8s_2026_05_20-0107_no_flat_cal.fits,gaia_774272862760870784_src1,comparison,642.8668466313729,277.66012173954476,3.6773939896816445,4000.875,ok
no_flat,V0399 named,light_V0399_V_8s_2026_05_20-0107_no_flat_cal.fits,gaia_774287774887292672_src5,comparison,2077.329042366699,1099.7740494399648,0.9764587194587541,1652.125,ok
no_flat,V0399 named,light_V0399_V_8s_2026_05_20-0107_no_flat_cal.fits,gaia_774288805679445888_src7,comparison,1988.6382673325716,1370.5439699519309,2.095159973735644,1307.875,ok
no_flat,V0399 named,light_V0399_V_8s_2026_05_20-0107_no_flat_cal.fits,gaia_774289041901756032_src4,comparison,2085.4470662885255,1461.3221335846465,2.0982760926513278,1686.5,ok
no_flat,V0399 named,light_V0399_V_8s_2026_05_20-0107_no_flat_cal.fits,gaia_774289488578357504_src6,comparison,983.9760788638762,1119.8113951549892,2.606159791470182,1431.375,ok
no_flat,V0399 named,light_V0399_V_8s_2026_05_20-0107_no_flat_cal.fits,gaia_774290626745586944_src8,comparison,1113.891683888371,1452.5421894239223,2.320462486128656,456.5,ok
no_flat,V0399 named,light_V0399_V_8s_2026_05_20-0107_no_flat_cal.fits,gaia_774384016513181696_src3,comparison,434.19277438211367,1274.7433095202373,4.285271870166578,1788.625,ok
no_flat,V0399 named,light_V0399_V_8s_2026_05_20-0108_no_flat_cal.fits,gaia_774271076054448768_src2,comparison,1550.2784831406186,341.02040969332535,1.01661752403644,2785.125,ok
no_flat,V0399 named,light_V0399_V_8s_2026_05_20-0108_no_flat_cal.fits,gaia_774272862760870784_src1,comparison,643.4578119622837,278.302833823442,3.2496475180296107,4144.125,ok
no_flat,V0399 named,light_V0399_V_8s_2026_05_20-0108_no_flat_cal.fits,gaia_774287774887292672_src5,comparison,2078.095643038496,1100.5120949530426,0.8186291427624081,1684.875,ok
no_flat,V0399 named,light_V0399_V_8s_2026_05_20-0108_no_flat_cal.fits,gaia_774288805679445888_src7,comparison,1989.444380436043,1371.3543659997524,1.8383580275880969,1330.375,ok
no_flat,V0399 named,light_V0399_V_8s_2026_05_20-0108_no_flat_cal.fits,gaia_774289041901756032_src4,comparison,2086.3142185075676,1462.118437434147,1.8413345547435882,1722.125,ok
no_flat,V0399 named,light_V0399_V_8s_2026_05_20-0108_no_flat_cal.fits,gaia_774289488578357504_src6,comparison,984.5855608354162,1120.6565932427716,2.237931590366716,1480.75,ok
no_flat,V0399 named,light_V0399_V_8s_2026_05_20-0108_no_flat_cal.fits,gaia_774290626745586944_src8,comparison,1114.884667161687,1453.5921906406545,2.131671906129726,454.75,ok
no_flat,V0399 named,light_V0399_V_8s_2026_05_20-0108_no_flat_cal.fits,gaia_774384016513181696_src3,comparison,434.9212013856988,1275.4098922547166,3.8642938900715005,1817.625,ok
no_flat,V0399 named,light_V0399_V_8s_2026_05_20-0109_no_flat_cal.fits,gaia_774271076054448768_src2,comparison,1550.67823421469,341.3155812388761,1.0113413616445972,2779.5,ok
no_flat,V0399 named,light_V0399_V_8s_2026_05_20-0109_no_flat_cal.fits,gaia_774272862760870784_src1,comparison,643.9276199807732,278.64879883853985,3.1226359448571377,4011.0,ok
no_flat,V0399 named,light_V0399_V_8s_2026_05_20-0109_no_flat_cal.fits,gaia_774287774887292672_src5,comparison,2078.658122457347,1100.8409473378888,0.8940030318750538,1620.5,ok
no_flat,V0399 named,light_V0399_V_8s_2026_05_20-0109_no_flat_cal.fits,gaia_774288805679445888_src7,comparison,1989.9241637007142,1371.6868991825254,1.9082833783575366,1291.875,ok
no_flat,V0399 named,light_V0399_V_8s_2026_05_20-0109_no_flat_cal.fits,gaia_774289041901756032_src4,comparison,2086.773683026285,1462.4686691803356,1.9320509688363725,1675.625,ok
no_flat,V0399 named,light_V0399_V_8s_2026_05_20-0109_no_flat_cal.fits,gaia_774289488578357504_src6,comparison,984.9795798368751,1120.9865896577883,2.1032669390872494,1389.25,ok
no_flat,V0399 named,light_V0399_V_8s_2026_05_20-0109_no_flat_cal.fits,gaia_774290626745586944_src8,comparison,1115.0916659306984,1453.8114000288301,1.5745141358436854,445.75,ok
no_flat,V0399 named,light_V0399_V_8s_2026_05_20-0109_no_flat_cal.fits,gaia_774384016513181696_src3,comparison,435.3502834303035,1275.7200670267432,3.8445979207860206,1764.75,ok
no_flat,V_8 generic,light_V_8s_2026_05_20-0001_no_flat_cal.fits,gaia_774271076054448768_src2,comparison,1468.4968949558956,351.16031960064595,0.03137951368737744,2061.75,ok
no_flat,V_8 generic,light_V_8s_2026_05_20-0001_no_flat_cal.fits,gaia_774272862760870784_src1,comparison,577.7157371795442,169.55117504592107,0.0182337891763783,3054.25,ok
no_flat,V_8 generic,light_V_8s_2026_05_20-0001_no_flat_cal.fits,gaia_774287774887292672_src5,comparison,1891.6011540332606,1173.3017153742112,0.06834568611978388,1219.0,ok
no_flat,V_8 generic,light_V_8s_2026_05_20-0001_no_flat_cal.fits,gaia_774288805679445888_src7,comparison,1767.983162662089,1430.0715426379838,0.007308401838739454,934.5,ok
no_flat,V_8 generic,light_V_8s_2026_05_20-0001_no_flat_cal.fits,gaia_774289041901756032_src4,comparison,1852.1035242489875,1532.631555397197,0.056006033777175314,1197.875,ok
no_flat,V_8 generic,light_V_8s_2026_05_20-0001_no_flat_cal.fits,gaia_774289488578357504_src6,comparison,805.0455779417852,1049.5323370134004,0.00616760952800758,1077.625,ok
no_flat,V_8 generic,light_V_8s_2026_05_20-0001_no_flat_cal.fits,gaia_774290626745586944_src8,comparison,889.9157173309732,1396.6816059007303,0.09178221206052814,342.125,ok
no_flat,V_8 generic,light_V_8s_2026_05_20-0001_no_flat_cal.fits,gaia_774384016513181696_src3,comparison,239.33058064565913,1130.3026765818881,0.24740562748538333,1376.5,ok
no_flat,V_8 generic,light_V_8s_2026_05_20-0002_no_flat_cal.fits,gaia_774271076054448768_src2,comparison,1468.5629709310958,349.57949694664626,0.4244954057503592,1785.875,ok
no_flat,V_8 generic,light_V_8s_2026_05_20-0002_no_flat_cal.fits,gaia_774272862760870784_src1,comparison,577.5319327050375,168.03798038908144,1.0973968789191115,2569.125,ok
no_flat,V_8 generic,light_V_8s_2026_05_20-0002_no_flat_cal.fits,gaia_774287774887292672_src5,comparison,1891.7787403418815,1171.5120039696385,0.11331501447500905,1034.5,ok
no_flat,V_8 generic,light_V_8s_2026_05_20-0002_no_flat_cal.fits,gaia_774288805679445888_src7,comparison,1768.2205518347762,1428.465904461261,0.2465800982499251,847.75,ok
no_flat,V_8 generic,light_V_8s_2026_05_20-0002_no_flat_cal.fits,gaia_774289041901756032_src4,comparison,1852.299154652274,1531.1299883334534,0.34086534525424,1046.125,ok
no_flat,V_8 generic,light_V_8s_2026_05_20-0002_no_flat_cal.fits,gaia_774289488578357504_src6,comparison,805.2251207721933,1048.0380352086186,0.5140508817776539,899.125,ok
no_flat,V_8 generic,light_V_8s_2026_05_20-0002_no_flat_cal.fits,gaia_774290626745586944_src8,comparison,890.4760593871509,1395.4049451871574,0.6443130991167394,283.75,ok
no_flat,V_8 generic,light_V_8s_2026_05_20-0002_no_flat_cal.fits,gaia_774384016513181696_src3,comparison,239.65522497916297,1128.8398768788115,0.6678825696823512,1138.375,ok
no_flat,V_8 generic,light_V_8s_2026_05_20-0003_no_flat_cal.fits,gaia_774271076054448768_src2,comparison,1469.1613687689253,349.5006273827646,0.4921662184379663,2145.375,ok
no_flat,V_8 generic,light_V_8s_2026_05_20-0003_no_flat_cal.fits,gaia_774272862760870784_src1,comparison,578.4098762883577,168.08216512506414,1.02568243217475,3149.75,ok
no_flat,V_8 generic,light_V_8s_2026_05_20-0003_no_flat_cal.fits,gaia_774287774887292672_src5,comparison,1892.4811854321335,1171.4587820924678,0.1340286219565171,1308.375,ok
no_flat,V_8 generic,light_V_8s_2026_05_20-0003_no_flat_cal.fits,gaia_774288805679445888_src7,comparison,1768.9842288152943,1428.3062970035937,0.3339022697324768,998.875,ok
no_flat,V_8 generic,light_V_8s_2026_05_20-0003_no_flat_cal.fits,gaia_774289041901756032_src4,comparison,1852.9512970240448,1530.984610013239,0.48145055735316933,1256.75,ok
no_flat,V_8 generic,light_V_8s_2026_05_20-0003_no_flat_cal.fits,gaia_774289488578357504_src6,comparison,805.8028638228052,1047.8816885493716,0.8075279803378187,1116.375,ok
no_flat,V_8 generic,light_V_8s_2026_05_20-0003_no_flat_cal.fits,gaia_774290626745586944_src8,comparison,890.6976995543317,1394.9671051335854,0.8746587733394503,356.375,ok
no_flat,V_8 generic,light_V_8s_2026_05_20-0003_no_flat_cal.fits,gaia_774384016513181696_src3,comparison,240.20550154524412,1128.8575580415584,1.0934529073079828,1363.625,ok
no_flat,V_8 generic,light_V_8s_2026_05_20-0004_no_flat_cal.fits,gaia_774271076054448768_src2,comparison,1470.3456733282867,350.48045180609597,0.3812818114318102,1810.125,ok
no_flat,V_8 generic,light_V_8s_2026_05_20-0004_no_flat_cal.fits,gaia_774272862760870784_src1,comparison,579.590294067159,168.88290332168492,0.9111783646751801,2608.5,ok
no_flat,V_8 generic,light_V_8s_2026_05_20-0004_no_flat_cal.fits,gaia_774287774887292672_src5,comparison,1893.54101008664,1172.3920910636145,0.11668841044374742,1084.125,ok
no_flat,V_8 generic,light_V_8s_2026_05_20-0004_no_flat_cal.fits,gaia_774288805679445888_src7,comparison,1769.8614813694496,1429.3265215384076,0.34456605904043175,860.625,ok
no_flat,V_8 generic,light_V_8s_2026_05_20-0004_no_flat_cal.fits,gaia_774289041901756032_src4,comparison,1853.8953459593888,1531.989082206822,0.4472440023396452,1067.375,ok
no_flat,V_8 generic,light_V_8s_2026_05_20-0004_no_flat_cal.fits,gaia_774289488578357504_src6,comparison,806.950433999408,1048.7600533216973,0.6185750499506939,917.0,ok
no_flat,V_8 generic,light_V_8s_2026_05_20-0004_no_flat_cal.fits,gaia_774290626745586944_src8,comparison,892.1772732403857,1395.6922638744404,0.329837822172243,291.5,ok
no_flat,V_8 generic,light_V_8s_2026_05_20-0004_no_flat_cal.fits,gaia_774384016513181696_src3,comparison,241.46750527928856,1129.7698057048947,0.7703088707433453,1179.875,ok
no_flat,V_8 generic,light_V_8s_2026_05_20-0005_no_flat_cal.fits,gaia_774271076054448768_src2,comparison,1471.7294664741573,351.02292389429846,0.054617376651785295,2060.625,ok
no_flat,V_8 generic,light_V_8s_2026_05_20-0005_no_flat_cal.fits,gaia_774272862760870784_src1,comparison,580.9654909249058,169.24173960068953,0.10732186092630397,3022.125,ok
no_flat,V_8 generic,light_V_8s_2026_05_20-0005_no_flat_cal.fits,gaia_774287774887292672_src5,comparison,1894.7440948208425,1173.2067414691085,0.060148726936519355,1246.625,ok
no_flat,V_8 generic,light_V_8s_2026_05_20-0005_no_flat_cal.fits,gaia_774288805679445888_src7,comparison,1771.1719802916068,1430.0978157752688,0.1801954314527122,960.75,ok
no_flat,V_8 generic,light_V_8s_2026_05_20-0005_no_flat_cal.fits,gaia_774289041901756032_src4,comparison,1855.1619122639672,1532.659718102124,0.03240251797004829,1248.25,ok
no_flat,V_8 generic,light_V_8s_2026_05_20-0005_no_flat_cal.fits,gaia_774289488578357504_src6,comparison,808.3796177886277,1049.2539077479698,0.22041606993294185,1119.25,ok
no_flat,V_8 generic,light_V_8s_2026_05_20-0005_no_flat_cal.fits,gaia_774290626745586944_src8,comparison,893.6672924017772,1396.4651982097562,0.651132204147616,348.625,ok
no_flat,V_8 generic,light_V_8s_2026_05_20-0005_no_flat_cal.fits,gaia_774384016513181696_src3,comparison,242.74411219193783,1129.9058135499633,0.42292845943273316,1335.75,ok
no_flat,V_8 generic,light_V_8s_2026_05_20-0006_no_flat_cal.fits,gaia_774271076054448768_src2,comparison,1414.311570320192,321.473794168412,0.30569532081030004,2020.125,ok
no_flat,V_8 generic,light_V_8s_2026_05_20-0006_no_flat_cal.fits,gaia_774272862760870784_src1,comparison,507.5401955879238,256.99070705342206,0.6135983040236941,2930.375,ok
no_flat,V_8 generic,light_V_8s_2026_05_20-0006_no_flat_cal.fits,gaia_774287774887292672_src5,comparison,1940.4258621398994,1081.8059390097503,0.1773736459218637,1176.625,ok
no_flat,V_8 generic,light_V_8s_2026_05_20-0006_no_flat_cal.fits,gaia_774288805679445888_src7,comparison,1851.2751537897439,1352.481967961309,0.2605392266285989,965.875,ok
no_flat,V_8 generic,light_V_8s_2026_05_20-0006_no_flat_cal.fits,gaia_774289041901756032_src4,comparison,1947.741474472712,1443.398455155835,0.4270411587505147,1225.5,ok
no_flat,V_8 generic,light_V_8s_2026_05_20-0006_no_flat_cal.fits,gaia_774289488578357504_src6,comparison,847.0637584775448,1099.9567896701085,0.4394447094416751,1010.5,ok
no_flat,V_8 generic,light_V_8s_2026_05_20-0006_no_flat_cal.fits,gaia_774290626745586944_src8,comparison,976.460812363259,1433.377919537932,0.562669575696457,320.5,ok
no_flat,V_8 generic,light_V_8s_2026_05_20-0006_no_flat_cal.fits,gaia_774384016513181696_src3,comparison,296.71358942235815,1253.3854862318747,0.5719254644761811,1323.125,ok
no_flat,V_8 generic,light_V_8s_2026_05_20-0007_no_flat_cal.fits,gaia_774271076054448768_src2,comparison,1414.0693574180818,321.72443995259255,0.7113254295454459,2121.5,ok
no_flat,V_8 generic,light_V_8s_2026_05_20-0007_no_flat_cal.fits,gaia_774272862760870784_src1,comparison,507.34998842639044,257.2716626282809,1.6214606484997092,3160.75,ok
no_flat,V_8 generic,light_V_8s_2026_05_20-0007_no_flat_cal.fits,gaia_774287774887292672_src5,comparison,1940.223851206877,1081.8960908328074,0.33057621396527914,1272.5,ok
no_flat,V_8 generic,light_V_8s_2026_05_20-0007_no_flat_cal.fits,gaia_774288805679445888_src7,comparison,1850.8515753561428,1352.7305015450315,0.7916135428993891,1006.625,ok
no_flat,V_8 generic,light_V_8s_2026_05_20-0007_no_flat_cal.fits,gaia_774289041901756032_src4,comparison,1947.6367575084155,1443.647809451796,0.9783905829719104,1304.75,ok
no_flat,V_8 generic,light_V_8s_2026_05_20-0007_no_flat_cal.fits,gaia_774289488578357504_src6,comparison,846.8071436523201,1100.2307110563006,1.287379530212111,1119.0,ok
no_flat,V_8 generic,light_V_8s_2026_05_20-0007_no_flat_cal.fits,gaia_774290626745586944_src8,comparison,976.4143675885614,1433.4456930643883,1.205408828845862,352.75,ok
no_flat,V_8 generic,light_V_8s_2026_05_20-0007_no_flat_cal.fits,gaia_774384016513181696_src3,comparison,296.4312733095758,1253.8693843596054,1.8823394964888256,1392.125,ok
no_flat,V_8 generic,light_V_8s_2026_05_20-0008_no_flat_cal.fits,gaia_774271076054448768_src2,comparison,1413.5008589632005,320.4791806319121,0.3591558810340153,1628.5,ok
no_flat,V_8 generic,light_V_8s_2026_05_20-0008_no_flat_cal.fits,gaia_774272862760870784_src1,comparison,506.7885973144419,255.789735116491,1.0368182216382211,2440.625,ok
no_flat,V_8 generic,light_V_8s_2026_05_20-0008_no_flat_cal.fits,gaia_774287774887292672_src5,comparison,1939.5829078445445,1080.905763936209,0.2909735475566141,978.5,ok
no_flat,V_8 generic,light_V_8s_2026_05_20-0008_no_flat_cal.fits,gaia_774288805679445888_src7,comparison,1850.2456671129553,1351.517628972203,0.5313284097201597,768.875,ok
no_flat,V_8 generic,light_V_8s_2026_05_20-0008_no_flat_cal.fits,gaia_774289041901756032_src4,comparison,1946.7932919296384,1442.2128370379219,0.795601903442171,966.75,ok
no_flat,V_8 generic,light_V_8s_2026_05_20-0008_no_flat_cal.fits,gaia_774289488578357504_src6,comparison,846.2203682988658,1099.0214695354236,0.8372597734953864,843.75,ok
no_flat,V_8 generic,light_V_8s_2026_05_20-0008_no_flat_cal.fits,gaia_774290626745586944_src8,comparison,976.1133630864886,1432.4694499835446,1.4686235240434227,270.125,ok
no_flat,V_8 generic,light_V_8s_2026_05_20-0008_no_flat_cal.fits,gaia_774384016513181696_src3,comparison,295.9303658620611,1252.4209431113,1.4722408642118368,1057.0,ok
no_flat,V_8 generic,light_V_8s_2026_05_20-0009_no_flat_cal.fits,gaia_774271076054448768_src2,comparison,1413.04390378721,319.96519944387313,0.6828848863236956,2089.5,ok
no_flat,V_8 generic,light_V_8s_2026_05_20-0009_no_flat_cal.fits,gaia_774272862760870784_src1,comparison,506.18091573108364,255.2022608576223,1.5847467887714344,3184.25,ok
no_flat,V_8 generic,light_V_8s_2026_05_20-0009_no_flat_cal.fits,gaia_774287774887292672_src5,comparison,1939.2430097962929,1080.1470508924374,0.2594179163187281,1255.0,ok
no_flat,V_8 generic,light_V_8s_2026_05_20-0009_no_flat_cal.fits,gaia_774288805679445888_src7,comparison,1849.9215984096193,1350.974079578422,0.6606126062016724,955.125,ok
no_flat,V_8 generic,light_V_8s_2026_05_20-0009_no_flat_cal.fits,gaia_774289041901756032_src4,comparison,1946.4985941096256,1441.8875618410339,0.7810752789417909,1287.25,ok
no_flat,V_8 generic,light_V_8s_2026_05_20-0009_no_flat_cal.fits,gaia_774289488578357504_src6,comparison,845.6674572210726,1098.2555644688148,1.1108611917068842,1132.375,ok
no_flat,V_8 generic,light_V_8s_2026_05_20-0009_no_flat_cal.fits,gaia_774290626745586944_src8,comparison,975.1355108703776,1431.3352946315176,0.8775304045904474,340.375,ok
no_flat,V_8 generic,light_V_8s_2026_05_20-0009_no_flat_cal.fits,gaia_774384016513181696_src3,comparison,295.43970535722764,1251.6185012773972,1.3339357865985293,1398.875,ok
no_flat,V_8 generic,light_V_8s_2026_05_20-0010_no_flat_cal.fits,gaia_774271076054448768_src2,comparison,1414.2066196727073,317.9022893213816,0.26850935302275625,1866.875,ok
no_flat,V_8 generic,light_V_8s_2026_05_20-0010_no_flat_cal.fits,gaia_774272862760870784_src1,comparison,507.24433484842245,253.2007333209568,1.0728922954915445,2743.625,ok
no_flat,V_8 generic,light_V_8s_2026_05_20-0010_no_flat_cal.fits,gaia_774287774887292672_src5,comparison,1940.1025250745927,1078.1649769664746,0.2390296860450085,1090.125,ok
no_flat,V_8 generic,light_V_8s_2026_05_20-0010_no_flat_cal.fits,gaia_774288805679445888_src7,comparison,1850.7866554227255,1348.9754376745482,0.5737476971427684,863.75,ok
no_flat,V_8 generic,light_V_8s_2026_05_20-0010_no_flat_cal.fits,gaia_774289041901756032_src4,comparison,1947.409308324422,1439.9053798438392,0.6971418779033117,1144.0,ok
no_flat,V_8 generic,light_V_8s_2026_05_20-0010_no_flat_cal.fits,gaia_774289488578357504_src6,comparison,846.7553615246477,1096.2614951151738,0.7246750143745996,986.75,ok
no_flat,V_8 generic,light_V_8s_2026_05_20-0010_no_flat_cal.fits,gaia_774290626745586944_src8,comparison,975.9240711487718,1429.7021186966247,1.0459540364634012,300.375,ok
no_flat,V_8 generic,light_V_8s_2026_05_20-0010_no_flat_cal.fits,gaia_774384016513181696_src3,comparison,296.41553771447974,1249.6744834229492,0.9227264966670091,1257.5,ok
no_flat,V_8 generic,light_V_8s_2026_05_20-0011_no_flat_cal.fits,gaia_774271076054448768_src2,comparison,1414.9457359116293,318.03175921759237,0.514964346132396,2320.625,ok
no_flat,V_8 generic,light_V_8s_2026_05_20-0011_no_flat_cal.fits,gaia_774272862760870784_src1,comparison,508.2513510591899,253.52389441379663,1.0357625552020833,3521.75,ok
no_flat,V_8 generic,light_V_8s_2026_05_20-0011_no_flat_cal.fits,gaia_774287774887292672_src5,comparison,1941.0558546796217,1078.4037605493588,0.3490194592967326,1401.875,ok
no_flat,V_8 generic,light_V_8s_2026_05_20-0011_no_flat_cal.fits,gaia_774288805679445888_src7,comparison,1851.8862743733262,1349.2179352570536,0.6344570221694488,1113.875,ok
no_flat,V_8 generic,light_V_8s_2026_05_20-0011_no_flat_cal.fits,gaia_774289041901756032_src4,comparison,1948.5401138392474,1440.0050412170767,0.6801507130632216,1423.0,ok
no_flat,V_8 generic,light_V_8s_2026_05_20-0011_no_flat_cal.fits,gaia_774289488578357504_src6,comparison,847.8275814709183,1096.5424864965296,0.7069897385875655,1267.0,ok
no_flat,V_8 generic,light_V_8s_2026_05_20-0011_no_flat_cal.fits,gaia_774290626745586944_src8,comparison,977.2406664484356,1429.6339459507703,0.5434746941000477,402.125,ok
no_flat,V_8 generic,light_V_8s_2026_05_20-0011_no_flat_cal.fits,gaia_774384016513181696_src3,comparison,297.61174459737947,1250.1306324369007,0.9138227305482414,1537.125,ok
no_flat,V_8 generic,light_V_8s_2026_05_20-0012_no_flat_cal.fits,gaia_774271076054448768_src2,comparison,1414.8924492451292,318.50094332442126,0.4545102188869603,1859.125,ok
no_flat,V_8 generic,light_V_8s_2026_05_20-0012_no_flat_cal.fits,gaia_774272862760870784_src1,comparison,508.1762751278129,253.9960188846761,0.5998410954452532,2658.375,ok
no_flat,V_8 generic,light_V_8s_2026_05_20-0012_no_flat_cal.fits,gaia_774287774887292672_src5,comparison,1941.4572340384261,1078.9251959084195,0.18057350506409,1100.375,ok
no_flat,V_8 generic,light_V_8s_2026_05_20-0012_no_flat_cal.fits,gaia_774288805679445888_src7,comparison,1852.184438171777,1349.7099494881174,0.3187936453226848,883.25,ok
no_flat,V_8 generic,light_V_8s_2026_05_20-0012_no_flat_cal.fits,gaia_774289041901756032_src4,comparison,1948.6948493218083,1440.5477354834989,0.307905166424279,1126.75,ok
no_flat,V_8 generic,light_V_8s_2026_05_20-0012_no_flat_cal.fits,gaia_774289488578357504_src6,comparison,847.7981349347286,1097.04313305166,0.34302669949421427,953.875,ok
no_flat,V_8 generic,light_V_8s_2026_05_20-0012_no_flat_cal.fits,gaia_774290626745586944_src8,comparison,977.6886503994956,1430.2318911972877,0.407579678472596,302.125,ok
no_flat,V_8 generic,light_V_8s_2026_05_20-0012_no_flat_cal.fits,gaia_774384016513181696_src3,comparison,297.62805596311455,1250.7330986828624,0.24599052021849452,1196.75,ok
no_flat,V_8 generic,light_V_8s_2026_05_20-0013_no_flat_cal.fits,gaia_774271076054448768_src2,comparison,1416.1985017497082,318.0234278415709,0.23462742353879196,1965.5,ok
no_flat,V_8 generic,light_V_8s_2026_05_20-0013_no_flat_cal.fits,gaia_774272862760870784_src1,comparison,509.4224807736494,253.54412550819583,0.3878761497469955,2908.25,ok
no_flat,V_8 generic,light_V_8s_2026_05_20-0013_no_flat_cal.fits,gaia_774287774887292672_src5,comparison,1942.5681687053595,1078.278855788634,0.12626843447452046,1216.875,ok
no_flat,V_8 generic,light_V_8s_2026_05_20-0013_no_flat_cal.fits,gaia_774288805679445888_src7,comparison,1853.2483543926023,1349.0032278037652,0.21234355005338057,927.5,ok
no_flat,V_8 generic,light_V_8s_2026_05_20-0013_no_flat_cal.fits,gaia_774289041901756032_src4,comparison,1949.8140046087426,1439.7651414714826,0.25928852019179033,1190.875,ok
no_flat,V_8 generic,light_V_8s_2026_05_20-0013_no_flat_cal.fits,gaia_774289488578357504_src6,comparison,849.0134758847059,1096.4845191298327,0.28817133004388584,1047.25,ok
no_flat,V_8 generic,light_V_8s_2026_05_20-0013_no_flat_cal.fits,gaia_774290626745586944_src8,comparison,978.8207349711822,1429.613023505254,0.3309915310864233,333.0,ok
no_flat,V_8 generic,light_V_8s_2026_05_20-0013_no_flat_cal.fits,gaia_774384016513181696_src3,comparison,298.7533483959856,1250.2712664826786,0.26989234295857745,1290.0,ok
no_flat,V_8 generic,light_V_8s_2026_05_20-0014_no_flat_cal.fits,gaia_774271076054448768_src2,comparison,1417.3206493683654,317.49668633821847,0.23221509969456422,1677.625,ok
no_flat,V_8 generic,light_V_8s_2026_05_20-0014_no_flat_cal.fits,gaia_774272862760870784_src1,comparison,510.611640254153,252.80853319700927,0.8604571290577807,2443.8125,ok
no_flat,V_8 generic,light_V_8s_2026_05_20-0014_no_flat_cal.fits,gaia_774287774887292672_src5,comparison,1943.4628691778432,1077.9290393505469,0.31081496878971615,1006.625,ok
no_flat,V_8 generic,light_V_8s_2026_05_20-0014_no_flat_cal.fits,gaia_774288805679445888_src7,comparison,1854.1385212878,1348.671495481961,0.3959703867307629,784.125,ok
no_flat,V_8 generic,light_V_8s_2026_05_20-0014_no_flat_cal.fits,gaia_774289041901756032_src4,comparison,1950.7686718061755,1439.454640824234,0.5639808522914048,1016.25,ok
no_flat,V_8 generic,light_V_8s_2026_05_20-0014_no_flat_cal.fits,gaia_774289488578357504_src6,comparison,850.0665567772924,1095.9637509783238,0.7465597784115503,844.125,ok
no_flat,V_8 generic,light_V_8s_2026_05_20-0014_no_flat_cal.fits,gaia_774290626745586944_src8,comparison,979.5854387431705,1429.5626671609066,0.921517167935883,280.0,ok
no_flat,V_8 generic,light_V_8s_2026_05_20-0014_no_flat_cal.fits,gaia_774384016513181696_src3,comparison,,,274.06240743849366,,no_sep_match
no_flat,V_8 generic,light_V_8s_2026_05_20-0015_no_flat_cal.fits,gaia_774271076054448768_src2,comparison,1417.8298188841895,317.2857395148389,0.8056728136014414,1800.5,ok
no_flat,V_8 generic,light_V_8s_2026_05_20-0015_no_flat_cal.fits,gaia_774272862760870784_src1,comparison,511.02641972142834,252.72039100712524,1.8540665257982933,2550.0,ok
no_flat,V_8 generic,light_V_8s_2026_05_20-0015_no_flat_cal.fits,gaia_774287774887292672_src5,comparison,1943.8652906708844,1077.7368976124626,0.4946294416832269,1076.125,ok
no_flat,V_8 generic,light_V_8s_2026_05_20-0015_no_flat_cal.fits,gaia_774288805679445888_src7,comparison,1854.6762223517426,1348.6422326168406,1.0845192275833875,882.5,ok
no_flat,V_8 generic,light_V_8s_2026_05_20-0015_no_flat_cal.fits,gaia_774289041901756032_src4,comparison,1951.1507052773977,1439.3378536641835,1.0313714029324312,1069.875,ok
no_flat,V_8 generic,light_V_8s_2026_05_20-0015_no_flat_cal.fits,gaia_774289488578357504_src6,comparison,850.3920236316382,1095.7866825116655,1.4470464425090783,930.625,ok
no_flat,V_8 generic,light_V_8s_2026_05_20-0015_no_flat_cal.fits,gaia_774290626745586944_src8,comparison,979.5572496661302,1429.2622831116796,1.7421956350184535,299.875,ok
no_flat,V_8 generic,light_V_8s_2026_05_20-0015_no_flat_cal.fits,gaia_774384016513181696_src3,comparison,300.08595013339686,1249.3600475024182,2.0277675047187227,1139.25,ok
no_flat,V_8 generic,light_V_8s_2026_05_20-0016_no_flat_cal.fits,gaia_774271076054448768_src2,comparison,1418.8846874728977,317.1572101434052,0.18468709176353038,1918.25,ok
no_flat,V_8 generic,light_V_8s_2026_05_20-0016_no_flat_cal.fits,gaia_774272862760870784_src1,comparison,512.0825016450749,252.70585413003488,0.3594113758125194,2853.375,ok
no_flat,V_8 generic,light_V_8s_2026_05_20-0016_no_flat_cal.fits,gaia_774287774887292672_src5,comparison,1944.9628406444606,1077.3794815412805,0.16190931243328285,1158.375,ok
no_flat,V_8 generic,light_V_8s_2026_05_20-0016_no_flat_cal.fits,gaia_774288805679445888_src7,comparison,1855.7923778623663,1348.181543952456,0.06684234982973015,942.375,ok
no_flat,V_8 generic,light_V_8s_2026_05_20-0016_no_flat_cal.fits,gaia_774289041901756032_src4,comparison,1952.36064890579,1439.021402350436,0.139532180643473,1178.0,ok
no_flat,V_8 generic,light_V_8s_2026_05_20-0016_no_flat_cal.fits,gaia_774289488578357504_src6,comparison,851.491374448881,1095.61474338269,0.21285048940271806,1033.5,ok
no_flat,V_8 generic,light_V_8s_2026_05_20-0016_no_flat_cal.fits,gaia_774290626745586944_src8,comparison,981.3105299492277,1428.6659505511425,0.4679847262541099,313.25,ok
no_flat,V_8 generic,light_V_8s_2026_05_20-0016_no_flat_cal.fits,gaia_774384016513181696_src3,comparison,301.41802187108345,1249.3654462598975,0.27890748091500345,1286.5,ok
no_flat,V_8 generic,light_V_8s_2026_05_20-0017_no_flat_cal.fits,gaia_774271076054448768_src2,comparison,1418.9956113658668,317.67339503200685,0.31197118954766884,2139.125,ok
no_flat,V_8 generic,light_V_8s_2026_05_20-0017_no_flat_cal.fits,gaia_774272862760870784_src1,comparison,512.2380457452565,253.27182352417026,0.6554797436285366,3239.875,ok
no_flat,V_8 generic,light_V_8s_2026_05_20-0017_no_flat_cal.fits,gaia_774287774887292672_src5,comparison,1945.2795672554682,1077.9307411835125,0.20209313190755127,1309.125,ok
no_flat,V_8 generic,light_V_8s_2026_05_20-0017_no_flat_cal.fits,gaia_774288805679445888_src7,comparison,1856.145233226241,1348.5185336672241,0.18537558005403926,1043.375,ok
no_flat,V_8 generic,light_V_8s_2026_05_20-0017_no_flat_cal.fits,gaia_774289041901756032_src4,comparison,1952.7167742636466,1439.420037779082,0.36273723419339077,1345.125,ok
no_flat,V_8 generic,light_V_8s_2026_05_20-0017_no_flat_cal.fits,gaia_774289488578357504_src6,comparison,852.0058191624794,1096.076576848159,0.3970309641468055,1117.125,ok
no_flat,V_8 generic,light_V_8s_2026_05_20-0017_no_flat_cal.fits,gaia_774290626745586944_src8,comparison,981.6573914743369,1429.1495060082493,0.07183223891990484,368.625,ok
no_flat,V_8 generic,light_V_8s_2026_05_20-0017_no_flat_cal.fits,gaia_774384016513181696_src3,comparison,301.65183938389947,1249.946943395612,0.5741384432107843,1443.625,ok
no_flat,V_8 generic,light_V_8s_2026_05_20-0018_no_flat_cal.fits,gaia_774271076054448768_src2,comparison,1418.1203006963024,317.7002009557088,0.5785964404349772,1344.75,ok
no_flat,V_8 generic,light_V_8s_2026_05_20-0018_no_flat_cal.fits,gaia_774272862760870784_src1,comparison,511.21411263934874,253.20048810480534,1.2916042141813082,2005.125,ok
no_flat,V_8 generic,light_V_8s_2026_05_20-0018_no_flat_cal.fits,gaia_774287774887292672_src5,comparison,1944.504538532017,1077.7773408938715,0.2197397349692366,820.5,ok
no_flat,V_8 generic,light_V_8s_2026_05_20-0018_no_flat_cal.fits,gaia_774288805679445888_src7,comparison,1855.2850791427136,1348.6637738543309,0.5235764458634821,637.0,ok
no_flat,V_8 generic,light_V_8s_2026_05_20-0018_no_flat_cal.fits,gaia_774289041901756032_src4,comparison,1951.836509806249,1439.4818975373382,0.47147629855272555,812.75,ok
no_flat,V_8 generic,light_V_8s_2026_05_20-0018_no_flat_cal.fits,gaia_774289488578357504_src6,comparison,850.9745046436835,1096.2373467241523,0.8022405533553398,677.625,ok
no_flat,V_8 generic,light_V_8s_2026_05_20-0018_no_flat_cal.fits,gaia_774290626745586944_src8,comparison,980.3958093428039,1429.8846282896627,1.29574525135005,225.875,ok
no_flat,V_8 generic,light_V_8s_2026_05_20-0018_no_flat_cal.fits,gaia_774384016513181696_src3,comparison,300.64163352603424,1250.0972005468518,1.2789576759161334,871.0,ok
no_flat,V_8 generic,light_V_8s_2026_05_20-0019_no_flat_cal.fits,gaia_774271076054448768_src2,comparison,1418.642646307329,317.7097141392692,0.17638837515770212,2329.875,ok
no_flat,V_8 generic,light_V_8s_2026_05_20-0019_no_flat_cal.fits,gaia_774272862760870784_src1,comparison,511.70934699062275,253.21664498656168,0.6325871857878547,3338.25,ok
no_flat,V_8 generic,light_V_8s_2026_05_20-0019_no_flat_cal.fits,gaia_774287774887292672_src5,comparison,1944.8600525122074,1077.7821864388882,0.19964757113638457,1360.875,ok
no_flat,V_8 generic,light_V_8s_2026_05_20-0019_no_flat_cal.fits,gaia_774288805679445888_src7,comparison,1855.6673684173654,1348.388511127519,0.18582024983573048,1132.5,ok
no_flat,V_8 generic,light_V_8s_2026_05_20-0019_no_flat_cal.fits,gaia_774289041901756032_src4,comparison,1952.293373128498,1439.315042596153,0.3583602815504579,1421.25,ok
no_flat,V_8 generic,light_V_8s_2026_05_20-0019_no_flat_cal.fits,gaia_774289488578357504_src6,comparison,851.5061993032962,1095.9569503120804,0.5044589230386398,1200.0,ok
no_flat,V_8 generic,light_V_8s_2026_05_20-0019_no_flat_cal.fits,gaia_774290626745586944_src8,comparison,980.9682554278595,1428.873127340806,0.4424356904472056,370.875,ok
no_flat,V_8 generic,light_V_8s_2026_05_20-0019_no_flat_cal.fits,gaia_774384016513181696_src3,comparison,301.2529202690236,1249.9529045885872,0.4591177796554041,1441.9375,ok
no_flat,V_8 generic,light_V_8s_2026_05_20-0020_no_flat_cal.fits,gaia_774271076054448768_src2,comparison,1420.5190374415731,316.8694226077075,0.4034591062951946,2089.375,ok
no_flat,V_8 generic,light_V_8s_2026_05_20-0020_no_flat_cal.fits,gaia_774272862760870784_src1,comparison,513.8824708477234,252.51069627449334,0.7423699757941592,3079.625,ok
no_flat,V_8 generic,light_V_8s_2026_05_20-0020_no_flat_cal.fits,gaia_774287774887292672_src5,comparison,1946.6519540013487,1077.158194620236,0.2778188894577726,1206.125,ok
no_flat,V_8 generic,light_V_8s_2026_05_20-0020_no_flat_cal.fits,gaia_774288805679445888_src7,comparison,1857.3005760986719,1347.9841951239432,0.6081732034656039,956.125,ok
no_flat,V_8 generic,light_V_8s_2026_05_20-0020_no_flat_cal.fits,gaia_774289041901756032_src4,comparison,1954.0631194331856,1438.8846623233665,0.7294294298591212,1228.5,ok
no_flat,V_8 generic,light_V_8s_2026_05_20-0020_no_flat_cal.fits,gaia_774289488578357504_src6,comparison,853.205751196598,1095.2615320372206,0.8144591528165245,1082.125,ok
no_flat,V_8 generic,light_V_8s_2026_05_20-0020_no_flat_cal.fits,gaia_774290626745586944_src8,comparison,982.4578156391357,1428.476174427911,0.7787497413413372,356.25,ok
no_flat,V_8 generic,light_V_8s_2026_05_20-0020_no_flat_cal.fits,gaia_774384016513181696_src3,comparison,303.0425052609192,1248.9607750799662,0.9591889375886962,1310.875,ok
no_flat,V_8 generic,light_V_8s_2026_05_20-0021_no_flat_cal.fits,gaia_774271076054448768_src2,comparison,1421.9412127383255,316.35063452996604,0.33065635215332445,2105.25,ok
no_flat,V_8 generic,light_V_8s_2026_05_20-0021_no_flat_cal.fits,gaia_774272862760870784_src1,comparison,515.1524918680351,251.8520909506846,0.9023696447736528,3165.0,ok
no_flat,V_8 generic,light_V_8s_2026_05_20-0021_no_flat_cal.fits,gaia_774287774887292672_src5,comparison,1947.969865350729,1076.4584781673584,0.07311484472926504,1286.375,ok
no_flat,V_8 generic,light_V_8s_2026_05_20-0021_no_flat_cal.fits,gaia_774288805679445888_src7,comparison,1858.6039733979817,1347.281265655406,0.37868051076477977,1024.875,ok
no_flat,V_8 generic,light_V_8s_2026_05_20-0021_no_flat_cal.fits,gaia_774289041901756032_src4,comparison,1955.2633681426423,1438.1242603865567,0.43026922855301314,1274.25,ok
no_flat,V_8 generic,light_V_8s_2026_05_20-0021_no_flat_cal.fits,gaia_774289488578357504_src6,comparison,854.7694765156783,1094.6494487137281,0.4644346441850237,1121.625,ok
no_flat,V_8 generic,light_V_8s_2026_05_20-0021_no_flat_cal.fits,gaia_774290626745586944_src8,comparison,983.853055180582,1427.692902429231,0.5028840122088629,353.125,ok
no_flat,V_8 generic,light_V_8s_2026_05_20-0021_no_flat_cal.fits,gaia_774384016513181696_src3,comparison,304.55155405626,1248.3382549407447,0.689755468635791,1383.875,ok
no_flat,V_8 generic,light_V_8s_2026_05_20-0022_no_flat_cal.fits,gaia_774271076054448768_src2,comparison,1422.9510337423792,316.5686565555236,0.14319201605611162,2181.125,ok
no_flat,V_8 generic,light_V_8s_2026_05_20-0022_no_flat_cal.fits,gaia_774272862760870784_src1,comparison,516.1154765655915,252.24507577569247,0.18281548931783645,3154.25,ok
no_flat,V_8 generic,light_V_8s_2026_05_20-0022_no_flat_cal.fits,gaia_774287774887292672_src5,comparison,1949.1727574724669,1076.8894205727659,0.2217722112952965,1286.25,ok
no_flat,V_8 generic,light_V_8s_2026_05_20-0022_no_flat_cal.fits,gaia_774288805679445888_src7,comparison,1859.9808292361597,1347.563376378396,0.16503939081999372,1045.125,ok
no_flat,V_8 generic,light_V_8s_2026_05_20-0022_no_flat_cal.fits,gaia_774289041901756032_src4,comparison,1956.641913867708,1438.3558803822068,0.26247139912377604,1332.5,ok
no_flat,V_8 generic,light_V_8s_2026_05_20-0022_no_flat_cal.fits,gaia_774289488578357504_src6,comparison,855.7808582136238,1095.08489903751,0.27075863141645345,1121.125,ok
no_flat,V_8 generic,light_V_8s_2026_05_20-0022_no_flat_cal.fits,gaia_774290626745586944_src8,comparison,984.9930219798254,1428.023989675419,0.43942857058792023,347.875,ok
no_flat,V_8 generic,light_V_8s_2026_05_20-0022_no_flat_cal.fits,gaia_774384016513181696_src3,comparison,305.50931718741776,1248.8388407880004,0.2718686727148638,1420.625,ok
no_flat,V_8 generic,light_V_8s_2026_05_20-0023_no_flat_cal.fits,gaia_774271076054448768_src2,comparison,1423.3018893351868,315.18201826954726,0.348875212109422,2369.0,ok
no_flat,V_8 generic,light_V_8s_2026_05_20-0023_no_flat_cal.fits,gaia_774272862760870784_src1,comparison,516.541045177787,250.89508494130177,0.8444408305442923,3385.5,ok
no_flat,V_8 generic,light_V_8s_2026_05_20-0023_no_flat_cal.fits,gaia_774287774887292672_src5,comparison,1949.553502436798,1075.2312769611335,0.11971106068709401,1401.125,ok
no_flat,V_8 generic,light_V_8s_2026_05_20-0023_no_flat_cal.fits,gaia_774288805679445888_src7,comparison,1860.345280027611,1345.974448914843,0.3369751532565338,1101.5625,ok
no_flat,V_8 generic,light_V_8s_2026_05_20-0023_no_flat_cal.fits,gaia_774289041901756032_src4,comparison,1956.9777134946032,1436.9010976215206,0.48490085968661295,1389.125,ok
no_flat,V_8 generic,light_V_8s_2026_05_20-0023_no_flat_cal.fits,gaia_774289488578357504_src6,comparison,856.1939947930538,1093.5507070472077,0.5441536113018769,1219.0,ok
no_flat,V_8 generic,light_V_8s_2026_05_20-0023_no_flat_cal.fits,gaia_774290626745586944_src8,comparison,985.5508136648026,1426.5657791322521,0.40196237929344886,376.0,ok
no_flat,V_8 generic,light_V_8s_2026_05_20-0023_no_flat_cal.fits,gaia_774384016513181696_src3,comparison,306.0338845813545,1247.500792642059,0.7760393085316684,1510.125,ok
no_flat,V_8 generic,light_V_8s_2026_05_20-0024_no_flat_cal.fits,gaia_774271076054448768_src2,comparison,1423.9534454288294,315.073942282967,0.08495924558670512,1577.125,ok
no_flat,V_8 generic,light_V_8s_2026_05_20-0024_no_flat_cal.fits,gaia_774272862760870784_src1,comparison,517.2935018620924,250.6050449780386,0.4688716274586897,2352.75,ok
no_flat,V_8 generic,light_V_8s_2026_05_20-0024_no_flat_cal.fits,gaia_774287774887292672_src5,comparison,1950.1000355959818,1074.9827038480712,0.17328646758850103,959.375,ok
no_flat,V_8 generic,light_V_8s_2026_05_20-0024_no_flat_cal.fits,gaia_774288805679445888_src7,comparison,1860.9840265265975,1345.55307766783,0.13271640182469896,751.75,ok
no_flat,V_8 generic,light_V_8s_2026_05_20-0024_no_flat_cal.fits,gaia_774289041901756032_src4,comparison,1957.7809887221783,1436.5228789625833,0.21602021098475727,996.375,ok
no_flat,V_8 generic,light_V_8s_2026_05_20-0024_no_flat_cal.fits,gaia_774289488578357504_src6,comparison,856.7520015337526,1093.158592716868,0.6775691251213932,839.125,ok
no_flat,V_8 generic,light_V_8s_2026_05_20-0024_no_flat_cal.fits,gaia_774290626745586944_src8,comparison,986.3966117272262,1426.6266247776866,0.1405451145840895,279.125,ok
no_flat,V_8 generic,light_V_8s_2026_05_20-0024_no_flat_cal.fits,gaia_774384016513181696_src3,comparison,306.8297793994683,1247.0934913725848,0.49432647765232096,1019.625,ok
no_flat,V_8 generic,light_V_8s_2026_05_20-0025_no_flat_cal.fits,gaia_774271076054448768_src2,comparison,1424.1912837302912,315.41670728134704,0.08420458122011432,2422.125,ok
no_flat,V_8 generic,light_V_8s_2026_05_20-0025_no_flat_cal.fits,gaia_774272862760870784_src1,comparison,517.4375595632064,251.00642317408983,0.41159706757148823,3451.5,ok
no_flat,V_8 generic,light_V_8s_2026_05_20-0025_no_flat_cal.fits,gaia_774287774887292672_src5,comparison,1950.2663791118553,1075.529746643204,0.4194212017823699,1484.25,ok
no_flat,V_8 generic,light_V_8s_2026_05_20-0025_no_flat_cal.fits,gaia_774288805679445888_src7,comparison,1861.171876893481,1346.2503958447248,0.3553503005532599,1171.875,ok
no_flat,V_8 generic,light_V_8s_2026_05_20-0025_no_flat_cal.fits,gaia_774289041901756032_src4,comparison,1957.7512074753874,1437.1958111598567,0.6037479947510135,1476.125,ok
no_flat,V_8 generic,light_V_8s_2026_05_20-0025_no_flat_cal.fits,gaia_774289488578357504_src6,comparison,857.1022081817953,1093.7259417769715,0.5664101023483202,1247.875,ok
no_flat,V_8 generic,light_V_8s_2026_05_20-0025_no_flat_cal.fits,gaia_774290626745586944_src8,comparison,986.3344816280188,1426.7224672624982,0.6716399053797715,404.25,ok
no_flat,V_8 generic,light_V_8s_2026_05_20-0025_no_flat_cal.fits,gaia_774384016513181696_src3,comparison,306.9995906247306,1247.5381322891394,0.6716607947768674,1546.25,ok
no_flat,V_8 generic,light_V_8s_2026_05_20-0026_no_flat_cal.fits,gaia_774271076054448768_src2,comparison,1424.8194074476748,314.5456101295221,0.45162404094068614,2384.125,ok
no_flat,V_8 generic,light_V_8s_2026_05_20-0026_no_flat_cal.fits,gaia_774272862760870784_src1,comparison,518.0840185633381,249.95982936622724,0.8339029203999809,3401.625,ok
no_flat,V_8 generic,light_V_8s_2026_05_20-0026_no_flat_cal.fits,gaia_774287774887292672_src5,comparison,1951.005054695205,1074.9666119603087,0.21964230778021576,1388.5,ok
no_flat,V_8 generic,light_V_8s_2026_05_20-0026_no_flat_cal.fits,gaia_774288805679445888_src7,comparison,1861.7454001755825,1345.7117559424726,0.4323575790125202,1131.625,ok
no_flat,V_8 generic,light_V_8s_2026_05_20-0026_no_flat_cal.fits,gaia_774289041901756032_src4,comparison,1958.357237937965,1436.5407450079003,0.46710652856574275,1436.5,ok
no_flat,V_8 generic,light_V_8s_2026_05_20-0026_no_flat_cal.fits,gaia_774289488578357504_src6,comparison,857.6277003477979,1093.0308075816215,0.530715955743601,1235.125,ok
no_flat,V_8 generic,light_V_8s_2026_05_20-0026_no_flat_cal.fits,gaia_774290626745586944_src8,comparison,987.0424624046994,1426.3190235498917,0.5531711223777793,380.625,ok
no_flat,V_8 generic,light_V_8s_2026_05_20-0026_no_flat_cal.fits,gaia_774384016513181696_src3,comparison,307.4573742228996,1246.7690436756152,0.6480790565973767,1580.125,ok
no_flat,V_8 generic,light_V_8s_2026_05_20-0027_no_flat_cal.fits,gaia_774271076054448768_src2,comparison,1426.8902320885416,314.0951299934193,0.46054394606260796,2061.875,ok
no_flat,V_8 generic,light_V_8s_2026_05_20-0027_no_flat_cal.fits,gaia_774272862760870784_src1,comparison,520.0283324013174,249.81295573407044,1.1916510576852684,3007.0,ok
no_flat,V_8 generic,light_V_8s_2026_05_20-0027_no_flat_cal.fits,gaia_774287774887292672_src5,comparison,1953.0716960271411,1074.3833445201037,0.2506928264471982,1230.75,ok
no_flat,V_8 generic,light_V_8s_2026_05_20-0027_no_flat_cal.fits,gaia_774288805679445888_src7,comparison,1863.804323292934,1345.0837850761632,0.4697901964667431,993.5,ok
no_flat,V_8 generic,light_V_8s_2026_05_20-0027_no_flat_cal.fits,gaia_774289041901756032_src4,comparison,1960.3851180644194,1435.8089462221974,0.3708602170860144,1277.75,ok
no_flat,V_8 generic,light_V_8s_2026_05_20-0027_no_flat_cal.fits,gaia_774289488578357504_src6,comparison,859.6830200955782,1092.5364145975861,0.6957918430898493,1110.25,ok
no_flat,V_8 generic,light_V_8s_2026_05_20-0027_no_flat_cal.fits,gaia_774290626745586944_src8,comparison,989.1737858939465,1425.4888234499367,0.48689451408688145,360.75,ok
no_flat,V_8 generic,light_V_8s_2026_05_20-0027_no_flat_cal.fits,gaia_774384016513181696_src3,comparison,309.4368455784602,1246.3370421635266,1.0598661187845817,1375.375,ok
no_flat,V_8 generic,light_V_8s_2026_05_20-0028_no_flat_cal.fits,gaia_774271076054448768_src2,comparison,1428.0524702251732,312.7727135819466,0.6906901993627294,1780.5,ok
no_flat,V_8 generic,light_V_8s_2026_05_20-0028_no_flat_cal.fits,gaia_774272862760870784_src1,comparison,521.2077732315404,248.40120755340752,1.9029016637974352,2651.75,ok
no_flat,V_8 generic,light_V_8s_2026_05_20-0028_no_flat_cal.fits,gaia_774287774887292672_src5,comparison,1954.3481173300465,1072.9533447323727,0.6350009767436448,1059.375,ok
no_flat,V_8 generic,light_V_8s_2026_05_20-0028_no_flat_cal.fits,gaia_774288805679445888_src7,comparison,1865.0976799976072,1343.6030742899318,0.939937199178482,823.875,ok
no_flat,V_8 generic,light_V_8s_2026_05_20-0028_no_flat_cal.fits,gaia_774289041901756032_src4,comparison,1961.6704274908686,1434.4799160364685,1.0804800873693612,1062.625,ok
no_flat,V_8 generic,light_V_8s_2026_05_20-0028_no_flat_cal.fits,gaia_774289488578357504_src6,comparison,861.0228414967884,1091.1959273938776,1.285264045728084,901.375,ok
no_flat,V_8 generic,light_V_8s_2026_05_20-0028_no_flat_cal.fits,gaia_774290626745586944_src8,comparison,990.698515301463,1424.2582097105553,1.17514613684843,289.0,ok
no_flat,V_8 generic,light_V_8s_2026_05_20-0028_no_flat_cal.fits,gaia_774384016513181696_src3,comparison,310.7340185287178,1245.0649644031055,2.008670266616676,1102.625,ok
no_flat,V_8 generic,light_V_8s_2026_05_20-0029_no_flat_cal.fits,gaia_774271076054448768_src2,comparison,1428.7406333996807,313.373974771192,0.5064258468359467,2406.0,ok
no_flat,V_8 generic,light_V_8s_2026_05_20-0029_no_flat_cal.fits,gaia_774272862760870784_src1,comparison,521.9793889443575,249.0610877067902,0.9063858088951304,3386.125,ok
no_flat,V_8 generic,light_V_8s_2026_05_20-0029_no_flat_cal.fits,gaia_774287774887292672_src5,comparison,1955.2140392874462,1073.4173942982336,0.12708800840442033,1430.0,ok
no_flat,V_8 generic,light_V_8s_2026_05_20-0029_no_flat_cal.fits,gaia_774288805679445888_src7,comparison,1865.9857587666293,1344.2624301786689,0.3903093792465026,1120.0,ok
no_flat,V_8 generic,light_V_8s_2026_05_20-0029_no_flat_cal.fits,gaia_774289041901756032_src4,comparison,1962.665552344249,1434.9526019711934,0.331021853600549,1448.25,ok
no_flat,V_8 generic,light_V_8s_2026_05_20-0029_no_flat_cal.fits,gaia_774289488578357504_src6,comparison,861.5049438319746,1091.9917655083282,0.9054284564406652,1254.25,ok
no_flat,V_8 generic,light_V_8s_2026_05_20-0029_no_flat_cal.fits,gaia_774290626745586944_src8,comparison,991.0086081586954,1425.0465922499752,0.6813194405513496,388.125,ok
no_flat,V_8 generic,light_V_8s_2026_05_20-0029_no_flat_cal.fits,gaia_774384016513181696_src3,comparison,311.5735514502335,1245.8038006895936,0.7616850960348613,1575.625,ok
no_flat,V_8 generic,light_V_8s_2026_05_20-0030_no_flat_cal.fits,gaia_774271076054448768_src2,comparison,1429.8143158840185,312.8490304288696,0.5240414533065407,2060.5,ok
no_flat,V_8 generic,light_V_8s_2026_05_20-0030_no_flat_cal.fits,gaia_774272862760870784_src1,comparison,523.1508958018849,248.37783656593973,0.919554074132333,3046.5,ok
no_flat,V_8 generic,light_V_8s_2026_05_20-0030_no_flat_cal.fits,gaia_774287774887292672_src5,comparison,1956.1937232767855,1073.1119904222994,0.2391296320118315,1183.125,ok
no_flat,V_8 generic,light_V_8s_2026_05_20-0030_no_flat_cal.fits,gaia_774288805679445888_src7,comparison,1867.0020987908013,1343.7739739692527,0.4566857839987985,927.25,ok
no_flat,V_8 generic,light_V_8s_2026_05_20-0030_no_flat_cal.fits,gaia_774289041901756032_src4,comparison,1963.6899170027764,1434.6375103061364,0.4962441433944368,1233.625,ok
no_flat,V_8 generic,light_V_8s_2026_05_20-0030_no_flat_cal.fits,gaia_774289488578357504_src6,comparison,862.8972556687836,1091.2985129797698,0.5201770687712961,1045.625,ok
no_flat,V_8 generic,light_V_8s_2026_05_20-0030_no_flat_cal.fits,gaia_774290626745586944_src8,comparison,992.2026080983892,1424.2269953910902,0.4296404790145489,336.5,ok
no_flat,V_8 generic,light_V_8s_2026_05_20-0030_no_flat_cal.fits,gaia_774384016513181696_src3,comparison,312.6955747968841,1244.8570598790532,0.6472088786703112,1297.625,ok
no_flat,V_8 generic,light_V_8s_2026_05_20-0031_no_flat_cal.fits,gaia_774271076054448768_src2,comparison,1429.3336330647155,312.7142179979458,0.7862854252490226,2175.5,ok
no_flat,V_8 generic,light_V_8s_2026_05_20-0031_no_flat_cal.fits,gaia_774272862760870784_src1,comparison,522.3872087896576,248.25550765697358,1.8425681246872765,3182.25,ok
no_flat,V_8 generic,light_V_8s_2026_05_20-0031_no_flat_cal.fits,gaia_774287774887292672_src5,comparison,1955.8265628238958,1072.9098736004719,0.3911562630924988,1280.5,ok
no_flat,V_8 generic,light_V_8s_2026_05_20-0031_no_flat_cal.fits,gaia_774288805679445888_src7,comparison,1866.5140274898458,1343.6345040487083,0.6655213974427852,1012.0,ok
no_flat,V_8 generic,light_V_8s_2026_05_20-0031_no_flat_cal.fits,gaia_774289041901756032_src4,comparison,1963.1613931022277,1434.4985766253387,0.786001148160661,1327.75,ok
no_flat,V_8 generic,light_V_8s_2026_05_20-0031_no_flat_cal.fits,gaia_774289488578357504_src6,comparison,862.2500741000661,1091.1742460547528,1.1334005497805197,1141.625,ok
no_flat,V_8 generic,light_V_8s_2026_05_20-0031_no_flat_cal.fits,gaia_774290626745586944_src8,comparison,992.0969994699456,1424.2555140028305,0.8005141255497726,364.125,ok
no_flat,V_8 generic,light_V_8s_2026_05_20-0031_no_flat_cal.fits,gaia_774384016513181696_src3,comparison,311.91607009919517,1245.021352269486,1.7250811985468308,1345.5,ok
no_flat,V_8 generic,light_V_8s_2026_05_20-0032_no_flat_cal.fits,gaia_774271076054448768_src2,comparison,1430.1448146981372,312.1140459539779,0.6231894681503128,1633.75,ok
no_flat,V_8 generic,light_V_8s_2026_05_20-0032_no_flat_cal.fits,gaia_774272862760870784_src1,comparison,523.2546889209636,247.58078638582083,1.5725211088302136,2443.625,ok
no_flat,V_8 generic,light_V_8s_2026_05_20-0032_no_flat_cal.fits,gaia_774287774887292672_src5,comparison,1956.2778172657881,1072.3912076522886,0.35821785448005133,997.125,ok
no_flat,V_8 generic,light_V_8s_2026_05_20-0032_no_flat_cal.fits,gaia_774288805679445888_src7,comparison,1867.1605039881251,1343.137399559221,0.7262041752679337,770.5,ok
no_flat,V_8 generic,light_V_8s_2026_05_20-0032_no_flat_cal.fits,gaia_774289041901756032_src4,comparison,1963.6838164981195,1433.8716968422013,0.6824954862047314,987.25,ok
no_flat,V_8 generic,light_V_8s_2026_05_20-0032_no_flat_cal.fits,gaia_774289488578357504_src6,comparison,863.0123156674028,1090.6253493855359,1.0042629884239256,832.375,ok
no_flat,V_8 generic,light_V_8s_2026_05_20-0032_no_flat_cal.fits,gaia_774290626745586944_src8,comparison,991.8535690592832,1423.0904770564453,1.029859042958001,256.875,ok
no_flat,V_8 generic,light_V_8s_2026_05_20-0032_no_flat_cal.fits,gaia_774384016513181696_src3,comparison,312.6729097136633,1244.251732889218,1.4651166399122668,1075.75,ok
no_flat,V_8 generic,light_V_8s_2026_05_20-0033_no_flat_cal.fits,gaia_774271076054448768_src2,comparison,1430.9778660304885,314.23197624336683,0.10946603157863648,2284.75,ok
no_flat,V_8 generic,light_V_8s_2026_05_20-0033_no_flat_cal.fits,gaia_774272862760870784_src1,comparison,524.2862690839789,249.865748731491,0.2297533869466459,3330.0,ok
no_flat,V_8 generic,light_V_8s_2026_05_20-0033_no_flat_cal.fits,gaia_774287774887292672_src5,comparison,1957.2441911725134,1074.4371819757982,0.22048767558592475,1387.875,ok
no_flat,V_8 generic,light_V_8s_2026_05_20-0033_no_flat_cal.fits,gaia_774288805679445888_src7,comparison,1868.1549725164534,1345.3187581142943,0.212961407473909,1081.875,ok
no_flat,V_8 generic,light_V_8s_2026_05_20-0033_no_flat_cal.fits,gaia_774289041901756032_src4,comparison,1964.6791290496972,1436.1168478244806,0.3999420996711341,1399.875,ok
no_flat,V_8 generic,light_V_8s_2026_05_20-0033_no_flat_cal.fits,gaia_774289488578357504_src6,comparison,864.009217421243,1092.8979942877713,0.1308647670597443,1164.625,ok
no_flat,V_8 generic,light_V_8s_2026_05_20-0033_no_flat_cal.fits,gaia_774290626745586944_src8,comparison,993.415080733164,1426.1435701577955,0.06286022391777736,394.75,ok
no_flat,V_8 generic,light_V_8s_2026_05_20-0033_no_flat_cal.fits,gaia_774384016513181696_src3,comparison,313.6244515798523,1246.628610561203,0.28580114134805457,1518.875,ok
no_flat,V_8 generic,light_V_8s_2026_05_20-0034_no_flat_cal.fits,gaia_774271076054448768_src2,comparison,1432.163953897164,314.5954578773571,0.5079390166184132,2114.25,ok
no_flat,V_8 generic,light_V_8s_2026_05_20-0034_no_flat_cal.fits,gaia_774272862760870784_src1,comparison,525.336473238278,250.37571556975033,1.4120421444351603,3149.625,ok
no_flat,V_8 generic,light_V_8s_2026_05_20-0034_no_flat_cal.fits,gaia_774287774887292672_src5,comparison,1958.425254177544,1074.7290096950646,0.4727517532236864,1266.75,ok
no_flat,V_8 generic,light_V_8s_2026_05_20-0034_no_flat_cal.fits,gaia_774288805679445888_src7,comparison,1869.3676653830582,1345.4382606436427,0.7618905057529917,1002.125,ok
no_flat,V_8 generic,light_V_8s_2026_05_20-0034_no_flat_cal.fits,gaia_774289041901756032_src4,comparison,1965.9188153334057,1436.3510156004493,0.9648021157709514,1264.25,ok
no_flat,V_8 generic,light_V_8s_2026_05_20-0034_no_flat_cal.fits,gaia_774289488578357504_src6,comparison,865.0042652392206,1093.234531132615,1.1860725823391576,1078.875,ok
no_flat,V_8 generic,light_V_8s_2026_05_20-0034_no_flat_cal.fits,gaia_774290626745586944_src8,comparison,994.1532444336585,1426.4227926658803,1.4337331359891399,354.5,ok
no_flat,V_8 generic,light_V_8s_2026_05_20-0034_no_flat_cal.fits,gaia_774384016513181696_src3,comparison,314.8375810805173,1247.0710645017832,1.5827298125751565,1384.75,ok
no_flat,V_8 generic,light_V_8s_2026_05_20-0035_no_flat_cal.fits,gaia_774271076054448768_src2,comparison,1431.9723004853658,313.48699537165766,0.28626515558330257,2323.625,ok
no_flat,V_8 generic,light_V_8s_2026_05_20-0035_no_flat_cal.fits,gaia_774272862760870784_src1,comparison,525.3075467602787,249.0842140768096,0.6216483452675697,3339.75,ok
no_flat,V_8 generic,light_V_8s_2026_05_20-0035_no_flat_cal.fits,gaia_774287774887292672_src5,comparison,1958.3756921368388,1073.5802744522655,0.42682103680654626,1379.875,ok
no_flat,V_8 generic,light_V_8s_2026_05_20-0035_no_flat_cal.fits,gaia_774288805679445888_src7,comparison,1869.305111371342,1344.3693322354268,0.47787102740161197,1091.75,ok
no_flat,V_8 generic,light_V_8s_2026_05_20-0035_no_flat_cal.fits,gaia_774289041901756032_src4,comparison,1965.9658516876927,1435.243849132242,0.4454745373273173,1381.0,ok
no_flat,V_8 generic,light_V_8s_2026_05_20-0035_no_flat_cal.fits,gaia_774289488578357504_src6,comparison,865.2271396902973,1092.0766325725158,0.7271902393425014,1184.5,ok
no_flat,V_8 generic,light_V_8s_2026_05_20-0035_no_flat_cal.fits,gaia_774290626745586944_src8,comparison,994.7998706459346,1425.254220878857,1.0804446269731798,385.0,ok
no_flat,V_8 generic,light_V_8s_2026_05_20-0035_no_flat_cal.fits,gaia_774384016513181696_src3,comparison,314.88457903482157,1245.9200603030793,1.0922282793558917,1468.375,ok
no_flat,V_8 generic,light_V_8s_2026_05_20-0036_no_flat_cal.fits,gaia_774271076054448768_src2,comparison,1433.6873288472893,313.44815588913144,0.7993973855443152,2258.125,ok
no_flat,V_8 generic,light_V_8s_2026_05_20-0036_no_flat_cal.fits,gaia_774272862760870784_src1,comparison,526.8971028227993,249.16730372944357,1.7861768730873073,3290.375,ok
no_flat,V_8 generic,light_V_8s_2026_05_20-0036_no_flat_cal.fits,gaia_774287774887292672_src5,comparison,1960.2766256991006,1073.680932349884,0.5852340213918514,1343.125,ok
no_flat,V_8 generic,light_V_8s_2026_05_20-0036_no_flat_cal.fits,gaia_774288805679445888_src7,comparison,1871.1077473490725,1344.295024290883,0.8487817262780594,1051.25,ok
no_flat,V_8 generic,light_V_8s_2026_05_20-0036_no_flat_cal.fits,gaia_774289041901756032_src4,comparison,1967.671068500038,1435.200777328487,0.9328606543087147,1357.25,ok
no_flat,V_8 generic,light_V_8s_2026_05_20-0036_no_flat_cal.fits,gaia_774289488578357504_src6,comparison,866.6262020165317,1091.972368844793,1.2272923147082946,1161.375,ok
no_flat,V_8 generic,light_V_8s_2026_05_20-0036_no_flat_cal.fits,gaia_774290626745586944_src8,comparison,995.961944592153,1425.2739476723527,1.4115878562268078,369.625,ok
no_flat,V_8 generic,light_V_8s_2026_05_20-0036_no_flat_cal.fits,gaia_774384016513181696_src3,comparison,316.47589093216794,1245.9708623016031,1.8738706832165253,1487.75,ok
no_flat,V_8 generic,light_V_8s_2026_05_20-0037_no_flat_cal.fits,gaia_774271076054448768_src2,comparison,1435.2655393507087,313.5460022570185,0.13344569554825184,2357.625,ok
no_flat,V_8 generic,light_V_8s_2026_05_20-0037_no_flat_cal.fits,gaia_774272862760870784_src1,comparison,528.3725930590612,249.10974107165674,0.4413938203147425,3429.625,ok
no_flat,V_8 generic,light_V_8s_2026_05_20-0037_no_flat_cal.fits,gaia_774287774887292672_src5,comparison,1961.2805135999342,1073.7343020102808,0.10228446639703202,1363.75,ok
no_flat,V_8 generic,light_V_8s_2026_05_20-0037_no_flat_cal.fits,gaia_774288805679445888_src7,comparison,1872.155356590137,1344.434180829175,0.12021519156824978,1089.625,ok
no_flat,V_8 generic,light_V_8s_2026_05_20-0037_no_flat_cal.fits,gaia_774289041901756032_src4,comparison,1968.648769580465,1435.3337165043922,0.19117214052488787,1423.25,ok
no_flat,V_8 generic,light_V_8s_2026_05_20-0037_no_flat_cal.fits,gaia_774289488578357504_src6,comparison,868.0076497322722,1092.0728321235852,0.2576834312100274,1165.0,ok
no_flat,V_8 generic,light_V_8s_2026_05_20-0037_no_flat_cal.fits,gaia_774290626745586944_src8,comparison,997.2638557791931,1425.0721403349014,0.15036947298303288,366.125,ok
no_flat,V_8 generic,light_V_8s_2026_05_20-0037_no_flat_cal.fits,gaia_774384016513181696_src3,comparison,317.7511389530342,1245.702319871202,0.27651591714668833,1495.375,ok
no_flat,V_8 generic,light_V_8s_2026_05_20-0038_no_flat_cal.fits,gaia_774271076054448768_src2,comparison,1436.0833254339434,312.91440680144797,0.1993823922505359,1837.125,ok
no_flat,V_8 generic,light_V_8s_2026_05_20-0038_no_flat_cal.fits,gaia_774272862760870784_src1,comparison,529.1954634472676,248.64417970326838,0.41962758180836696,2756.375,ok
no_flat,V_8 generic,light_V_8s_2026_05_20-0038_no_flat_cal.fits,gaia_774287774887292672_src5,comparison,1962.2263613514801,1073.1915661718263,0.27133337654883716,1129.625,ok
no_flat,V_8 generic,light_V_8s_2026_05_20-0038_no_flat_cal.fits,gaia_774288805679445888_src7,comparison,1872.9336627900907,1344.0413364295698,0.25485784692362834,849.25,ok
no_flat,V_8 generic,light_V_8s_2026_05_20-0038_no_flat_cal.fits,gaia_774289041901756032_src4,comparison,1969.5668758313072,1434.7187319174095,0.48176898538686747,1165.0,ok
no_flat,V_8 generic,light_V_8s_2026_05_20-0038_no_flat_cal.fits,gaia_774289488578357504_src6,comparison,868.8459818075595,1091.4149613345846,0.5255929019392299,973.625,ok
no_flat,V_8 generic,light_V_8s_2026_05_20-0038_no_flat_cal.fits,gaia_774290626745586944_src8,comparison,997.9394833090736,1424.4198276673405,0.6735844695041805,309.625,ok
no_flat,V_8 generic,light_V_8s_2026_05_20-0038_no_flat_cal.fits,gaia_774384016513181696_src3,comparison,318.54571267255,1245.491337729237,0.583674228401762,1234.125,ok
no_flat,V_8 generic,light_V_8s_2026_05_20-0039_no_flat_cal.fits,gaia_774271076054448768_src2,comparison,1436.0815372079658,314.05065101240103,0.03404971401970449,2317.125,ok
no_flat,V_8 generic,light_V_8s_2026_05_20-0039_no_flat_cal.fits,gaia_774272862760870784_src1,comparison,529.2032730727977,249.700506447365,0.23335274320182967,3466.5625,ok
no_flat,V_8 generic,light_V_8s_2026_05_20-0039_no_flat_cal.fits,gaia_774287774887292672_src5,comparison,1962.4199709397876,1074.0906619013385,0.25654045345443105,1441.75,ok
no_flat,V_8 generic,light_V_8s_2026_05_20-0039_no_flat_cal.fits,gaia_774288805679445888_src7,comparison,1873.1285024366439,1344.9593718571118,0.3132640690281017,1128.625,ok
no_flat,V_8 generic,light_V_8s_2026_05_20-0039_no_flat_cal.fits,gaia_774289041901756032_src4,comparison,1969.821439343975,1435.69129079678,0.42931132080502105,1471.9375,ok
no_flat,V_8 generic,light_V_8s_2026_05_20-0039_no_flat_cal.fits,gaia_774289488578357504_src6,comparison,868.991639267638,1092.5706041760466,0.3798828877925165,1243.75,ok
no_flat,V_8 generic,light_V_8s_2026_05_20-0039_no_flat_cal.fits,gaia_774290626745586944_src8,comparison,998.4660447617999,1425.551812711491,0.5242253339818971,395.375,ok
no_flat,V_8 generic,light_V_8s_2026_05_20-0039_no_flat_cal.fits,gaia_774384016513181696_src3,comparison,318.8915540911,1246.610907480951,0.4198201635258577,1550.125,ok
no_flat,V_8 generic,light_V_8s_2026_05_20-0040_no_flat_cal.fits,gaia_774271076054448768_src2,comparison,1437.1631421353359,313.9148774237941,0.28596401446192665,2231.375,ok
no_flat,V_8 generic,light_V_8s_2026_05_20-0040_no_flat_cal.fits,gaia_774272862760870784_src1,comparison,530.3932518459912,249.7410186789189,0.6959377195704346,3322.875,ok
no_flat,V_8 generic,light_V_8s_2026_05_20-0040_no_flat_cal.fits,gaia_774287774887292672_src5,comparison,1963.60477200804,1073.9389210073539,0.16974636096056475,1321.375,ok
no_flat,V_8 generic,light_V_8s_2026_05_20-0040_no_flat_cal.fits,gaia_774288805679445888_src7,comparison,1874.3958938666683,1344.6269892403714,0.2738120094356115,1111.75,ok
no_flat,V_8 generic,light_V_8s_2026_05_20-0040_no_flat_cal.fits,gaia_774289041901756032_src4,comparison,1970.9603741008834,1435.5002048063834,0.3584023796197287,1378.25,ok
no_flat,V_8 generic,light_V_8s_2026_05_20-0040_no_flat_cal.fits,gaia_774289488578357504_src6,comparison,870.0912118914945,1092.3852279554242,0.5008863690681495,1179.75,ok
no_flat,V_8 generic,light_V_8s_2026_05_20-0040_no_flat_cal.fits,gaia_774290626745586944_src8,comparison,999.7597960126902,1425.3577923857288,0.19262790659128,376.875,ok
no_flat,V_8 generic,light_V_8s_2026_05_20-0040_no_flat_cal.fits,gaia_774384016513181696_src3,comparison,319.93354089839676,1246.30718762291,0.6206506781174036,1469.0,ok
no_flat,V_8 generic,light_V_8s_2026_05_20-0041_no_flat_cal.fits,gaia_774271076054448768_src2,comparison,1436.4633701830849,314.7280192474915,0.6539475247490592,2097.25,ok
no_flat,V_8 generic,light_V_8s_2026_05_20-0041_no_flat_cal.fits,gaia_774272862760870784_src1,comparison,529.6521895900278,250.2178650759017,1.7124815739638974,3124.125,ok
no_flat,V_8 generic,light_V_8s_2026_05_20-0041_no_flat_cal.fits,gaia_774287774887292672_src5,comparison,1963.0042531519712,1074.7097443241955,0.38849958370640086,1204.5,ok
no_flat,V_8 generic,light_V_8s_2026_05_20-0041_no_flat_cal.fits,gaia_774288805679445888_src7,comparison,1873.8585868173816,1345.5552146026841,0.7917742573237462,975.0,ok
no_flat,V_8 generic,light_V_8s_2026_05_20-0041_no_flat_cal.fits,gaia_774289041901756032_src4,comparison,1970.4541619382514,1436.3569414182468,0.882198194085466,1245.75,ok
no_flat,V_8 generic,light_V_8s_2026_05_20-0041_no_flat_cal.fits,gaia_774289488578357504_src6,comparison,869.4556286454482,1093.3221242761654,1.2009135957904966,1092.125,ok
no_flat,V_8 generic,light_V_8s_2026_05_20-0041_no_flat_cal.fits,gaia_774290626745586944_src8,comparison,999.1209045570948,1426.5292861418338,1.0994053762250178,325.5,ok
no_flat,V_8 generic,light_V_8s_2026_05_20-0041_no_flat_cal.fits,gaia_774384016513181696_src3,comparison,319.3029398442582,1247.099221261927,1.6147621404793648,1348.375,ok
no_flat,V_8 generic,light_V_8s_2026_05_20-0042_no_flat_cal.fits,gaia_774271076054448768_src2,comparison,1436.6852836432365,312.6023119988572,0.372576156588692,2060.875,ok
no_flat,V_8 generic,light_V_8s_2026_05_20-0042_no_flat_cal.fits,gaia_774272862760870784_src1,comparison,529.8818354894593,248.3225932424103,0.4612087741896872,2994.0,ok
no_flat,V_8 generic,light_V_8s_2026_05_20-0042_no_flat_cal.fits,gaia_774287774887292672_src5,comparison,1963.1713438939626,1072.8428759658666,0.13135453223018717,1237.25,ok
no_flat,V_8 generic,light_V_8s_2026_05_20-0042_no_flat_cal.fits,gaia_774288805679445888_src7,comparison,1874.1307371077683,1343.7670994438565,0.26184632396617763,969.625,ok
no_flat,V_8 generic,light_V_8s_2026_05_20-0042_no_flat_cal.fits,gaia_774289041901756032_src4,comparison,1970.6603498377335,1434.4777573022247,0.026244873635447093,1236.0,ok
no_flat,V_8 generic,light_V_8s_2026_05_20-0042_no_flat_cal.fits,gaia_774289488578357504_src6,comparison,869.6756875720204,1091.3435882743443,0.20038307460358357,1105.9375,ok
no_flat,V_8 generic,light_V_8s_2026_05_20-0042_no_flat_cal.fits,gaia_774290626745586944_src8,comparison,999.2117122327419,1424.5394902587389,0.37507313840432116,340.75,ok
no_flat,V_8 generic,light_V_8s_2026_05_20-0042_no_flat_cal.fits,gaia_774384016513181696_src3,comparison,319.4668176751983,1245.1457496984824,0.37137903425195923,1379.25,ok
no_flat,V_8 generic,light_V_8s_2026_05_20-0043_no_flat_cal.fits,gaia_774271076054448768_src2,comparison,1438.1238189045962,311.75162550007525,0.7384015078795827,2057.25,ok
no_flat,V_8 generic,light_V_8s_2026_05_20-0043_no_flat_cal.fits,gaia_774272862760870784_src1,comparison,531.5220276732704,247.13898721234187,1.1444649118605423,3038.75,ok
no_flat,V_8 generic,light_V_8s_2026_05_20-0043_no_flat_cal.fits,gaia_774287774887292672_src5,comparison,1964.5773397175874,1072.114519093014,0.1860588391219237,1208.5,ok
no_flat,V_8 generic,light_V_8s_2026_05_20-0043_no_flat_cal.fits,gaia_774288805679445888_src7,comparison,1875.4280813971518,1342.6568779384138,0.3278936045077933,939.75,ok
no_flat,V_8 generic,light_V_8s_2026_05_20-0043_no_flat_cal.fits,gaia_774289041901756032_src4,comparison,1972.154922318523,1433.4509764920203,0.3882451417797206,1226.5,ok
no_flat,V_8 generic,light_V_8s_2026_05_20-0043_no_flat_cal.fits,gaia_774289488578357504_src6,comparison,871.1626073270584,1090.1755048635432,0.6051918802243901,1064.625,ok
no_flat,V_8 generic,light_V_8s_2026_05_20-0043_no_flat_cal.fits,gaia_774290626745586944_src8,comparison,1000.7608486370428,1423.7724268540178,0.8292786032820764,323.75,ok
no_flat,V_8 generic,light_V_8s_2026_05_20-0043_no_flat_cal.fits,gaia_774384016513181696_src3,comparison,321.07717524519063,1243.978055787883,0.7590345171139978,1298.125,ok
no_flat,V_8 generic,light_V_8s_2026_05_20-0044_no_flat_cal.fits,gaia_774271076054448768_src2,comparison,1439.3123210967726,311.92773037165205,0.16677886858564184,2359.125,ok
no_flat,V_8 generic,light_V_8s_2026_05_20-0044_no_flat_cal.fits,gaia_774272862760870784_src1,comparison,532.7613525916663,247.39192014159795,0.4053125253680518,3481.25,ok
no_flat,V_8 generic,light_V_8s_2026_05_20-0044_no_flat_cal.fits,gaia_774287774887292672_src5,comparison,1965.6502864961446,1072.1937818680358,0.23059491884556835,1410.625,ok
no_flat,V_8 generic,light_V_8s_2026_05_20-0044_no_flat_cal.fits,gaia_774288805679445888_src7,comparison,1876.6325197269987,1342.7859548046888,0.01992301965108706,1131.125,ok
no_flat,V_8 generic,light_V_8s_2026_05_20-0044_no_flat_cal.fits,gaia_774289041901756032_src4,comparison,1973.160273597507,1433.6706627276258,0.2771219555148386,1422.25,ok
no_flat,V_8 generic,light_V_8s_2026_05_20-0044_no_flat_cal.fits,gaia_774289488578357504_src6,comparison,872.3667981707928,1090.3212512885561,0.3769670949945559,1256.875,ok
no_flat,V_8 generic,light_V_8s_2026_05_20-0044_no_flat_cal.fits,gaia_774290626745586944_src8,comparison,1001.7574704608635,1423.4669981351449,0.2804302646123236,392.625,ok
no_flat,V_8 generic,light_V_8s_2026_05_20-0044_no_flat_cal.fits,gaia_774384016513181696_src3,comparison,322.282004527353,1244.0681062432598,0.5023085110470835,1451.875,ok
no_flat,V_8 generic,light_V_8s_2026_05_20-0045_no_flat_cal.fits,gaia_774271076054448768_src2,comparison,1439.31293065051,311.44848060287075,0.21212610358456638,1691.625,ok
no_flat,V_8 generic,light_V_8s_2026_05_20-0045_no_flat_cal.fits,gaia_774272862760870784_src1,comparison,532.3176042508659,247.18567611755668,0.3465103068993179,2547.5,ok
no_flat,V_8 generic,light_V_8s_2026_05_20-0045_no_flat_cal.fits,gaia_774287774887292672_src5,comparison,1965.5164273667906,1071.8020049577628,0.3144099932485342,1024.375,ok
no_flat,V_8 generic,light_V_8s_2026_05_20-0045_no_flat_cal.fits,gaia_774288805679445888_src7,comparison,1876.408691393952,1342.5400987749963,0.3326722829736782,809.75,ok
no_flat,V_8 generic,light_V_8s_2026_05_20-0045_no_flat_cal.fits,gaia_774289041901756032_src4,comparison,1972.9413564366546,1433.340758454434,0.46839005779982185,1039.75,ok
no_flat,V_8 generic,light_V_8s_2026_05_20-0045_no_flat_cal.fits,gaia_774289488578357504_src6,comparison,872.0709565768994,1090.5750760137616,0.2695977726447065,892.75,ok
no_flat,V_8 generic,light_V_8s_2026_05_20-0045_no_flat_cal.fits,gaia_774290626745586944_src8,comparison,1001.6474300496744,1423.8461308370631,0.5067417404586239,267.0,ok
no_flat,V_8 generic,light_V_8s_2026_05_20-0045_no_flat_cal.fits,gaia_774384016513181696_src3,comparison,321.8798005760089,1243.9185179046885,0.851444158454249,1114.0,ok
no_flat,V_8 generic,light_V_8s_2026_05_20-0046_no_flat_cal.fits,gaia_774271076054448768_src2,comparison,1439.823722173255,311.7753599247125,0.8099790472924538,2170.5,ok
no_flat,V_8 generic,light_V_8s_2026_05_20-0046_no_flat_cal.fits,gaia_774272862760870784_src1,comparison,532.9814391146423,247.50766402333062,2.0379751906774923,3190.5,ok
no_flat,V_8 generic,light_V_8s_2026_05_20-0046_no_flat_cal.fits,gaia_774287774887292672_src5,comparison,1966.2586268109415,1071.8386227695848,0.5521667510446352,1285.375,ok
no_flat,V_8 generic,light_V_8s_2026_05_20-0046_no_flat_cal.fits,gaia_774288805679445888_src7,comparison,1877.1387823379998,1342.6267351503993,0.9723892885837213,1034.5,ok
no_flat,V_8 generic,light_V_8s_2026_05_20-0046_no_flat_cal.fits,gaia_774289041901756032_src4,comparison,1973.767579753888,1433.4142209795393,1.121404808326563,1334.0,ok
no_flat,V_8 generic,light_V_8s_2026_05_20-0046_no_flat_cal.fits,gaia_774289488578357504_src6,comparison,872.8485992582758,1090.425667823962,1.5360550373536808,1141.0,ok
no_flat,V_8 generic,light_V_8s_2026_05_20-0046_no_flat_cal.fits,gaia_774290626745586944_src8,comparison,1002.4308775135465,1423.4196549544008,1.3396275591221407,360.375,ok
no_flat,V_8 generic,light_V_8s_2026_05_20-0046_no_flat_cal.fits,gaia_774384016513181696_src3,comparison,322.7914096998615,1244.1199303506282,1.9885557309590096,1397.75,ok
no_flat,V_8 generic,light_V_8s_2026_05_20-0047_no_flat_cal.fits,gaia_774271076054448768_src2,comparison,1441.5136503430076,311.09878369309155,0.025981820500380615,2295.5,ok
no_flat,V_8 generic,light_V_8s_2026_05_20-0047_no_flat_cal.fits,gaia_774272862760870784_src1,comparison,534.7411886868124,246.900424183126,0.057130169328648304,3293.0,ok
no_flat,V_8 generic,light_V_8s_2026_05_20-0047_no_flat_cal.fits,gaia_774287774887292672_src5,comparison,1967.9255101405572,1071.165746935661,0.12819776282308706,1316.5,ok
no_flat,V_8 generic,light_V_8s_2026_05_20-0047_no_flat_cal.fits,gaia_774288805679445888_src7,comparison,1878.7338201973166,1342.0562079509552,0.1644409527527927,1037.0,ok
no_flat,V_8 generic,light_V_8s_2026_05_20-0047_no_flat_cal.fits,gaia_774289041901756032_src4,comparison,1975.3033662481514,1432.8888437356413,0.3685863458243007,1352.25,ok
no_flat,V_8 generic,light_V_8s_2026_05_20-0047_no_flat_cal.fits,gaia_774289488578357504_src6,comparison,874.5585868259319,1089.7945414809922,0.0931870277263094,1158.875,ok
no_flat,V_8 generic,light_V_8s_2026_05_20-0047_no_flat_cal.fits,gaia_774290626745586944_src8,comparison,1003.8564267333322,1422.8442643259505,0.14758775164380034,376.25,ok
no_flat,V_8 generic,light_V_8s_2026_05_20-0047_no_flat_cal.fits,gaia_774384016513181696_src3,comparison,324.29330119660636,1243.7342062606485,0.14410633194213457,1442.875,ok
no_flat,V_8 generic,light_V_8s_2026_05_20-0048_no_flat_cal.fits,gaia_774271076054448768_src2,comparison,1440.981798195266,311.47752801547017,0.7075178796001792,1487.0,ok
no_flat,V_8 generic,light_V_8s_2026_05_20-0048_no_flat_cal.fits,gaia_774272862760870784_src1,comparison,534.174709926246,247.14867451905963,1.3292107545921477,2194.75,ok
no_flat,V_8 generic,light_V_8s_2026_05_20-0048_no_flat_cal.fits,gaia_774287774887292672_src5,comparison,1967.4040078484318,1071.8032901542638,0.24080243518757732,899.625,ok
no_flat,V_8 generic,light_V_8s_2026_05_20-0048_no_flat_cal.fits,gaia_774288805679445888_src7,comparison,1878.3967943069642,1342.9175774362284,0.891631032855841,693.25,ok
no_flat,V_8 generic,light_V_8s_2026_05_20-0048_no_flat_cal.fits,gaia_774289041901756032_src4,comparison,1974.8720198938302,1433.493243750467,0.7017076572855344,905.125,ok
no_flat,V_8 generic,light_V_8s_2026_05_20-0048_no_flat_cal.fits,gaia_774289488578357504_src6,comparison,874.0051775930046,1090.3010210391028,0.8708127359066153,757.875,ok
no_flat,V_8 generic,light_V_8s_2026_05_20-0048_no_flat_cal.fits,gaia_774290626745586944_src8,comparison,1003.5699284587047,1424.227707795527,1.49232175762247,256.5,ok
no_flat,V_8 generic,light_V_8s_2026_05_20-0048_no_flat_cal.fits,gaia_774384016513181696_src3,comparison,323.9220829688472,1244.1847330396279,1.084735224002141,970.625,ok
no_flat,V_8 generic,light_V_8s_2026_05_20-0049_no_flat_cal.fits,gaia_774271076054448768_src2,comparison,1442.6494747924505,311.20673668945625,0.3974242095187132,2284.5,ok
no_flat,V_8 generic,light_V_8s_2026_05_20-0049_no_flat_cal.fits,gaia_774272862760870784_src1,comparison,535.8017007470612,246.78489719000157,1.0829569896461775,3304.125,ok
no_flat,V_8 generic,light_V_8s_2026_05_20-0049_no_flat_cal.fits,gaia_774287774887292672_src5,comparison,1968.837075729996,1071.2695415756687,0.1831860998168366,1327.5,ok
no_flat,V_8 generic,light_V_8s_2026_05_20-0049_no_flat_cal.fits,gaia_774288805679445888_src7,comparison,1879.7187133210894,1342.0998578020908,0.5105351579923424,1076.875,ok
no_flat,V_8 generic,light_V_8s_2026_05_20-0049_no_flat_cal.fits,gaia_774289041901756032_src4,comparison,1976.367025998642,1432.8794480352847,0.5416890700474342,1391.875,ok
no_flat,V_8 generic,light_V_8s_2026_05_20-0049_no_flat_cal.fits,gaia_774289488578357504_src6,comparison,875.7092594091133,1089.8000140037316,0.615688182269818,1193.0,ok
no_flat,V_8 generic,light_V_8s_2026_05_20-0049_no_flat_cal.fits,gaia_774290626745586944_src8,comparison,1005.0440995365534,1422.7248634262548,0.5215040142237791,369.625,ok
no_flat,V_8 generic,light_V_8s_2026_05_20-0049_no_flat_cal.fits,gaia_774384016513181696_src3,comparison,325.44644092430457,1243.582483073669,0.9065232369057383,1469.5,ok
no_flat,V_8 generic,light_V_8s_2026_05_20-0050_no_flat_cal.fits,gaia_774271076054448768_src2,comparison,1444.5283361234126,311.96871576318864,0.1311114573991079,2401.5,ok
no_flat,V_8 generic,light_V_8s_2026_05_20-0050_no_flat_cal.fits,gaia_774272862760870784_src1,comparison,537.8607202528221,247.6903831153438,0.24875870718918502,3470.375,ok
no_flat,V_8 generic,light_V_8s_2026_05_20-0050_no_flat_cal.fits,gaia_774287774887292672_src5,comparison,1970.856796396683,1072.0273462895466,0.17604671815199438,1424.875,ok
no_flat,V_8 generic,light_V_8s_2026_05_20-0050_no_flat_cal.fits,gaia_774288805679445888_src7,comparison,1881.5983056902523,1342.8912503541164,0.058699140732878,1141.875,ok
no_flat,V_8 generic,light_V_8s_2026_05_20-0050_no_flat_cal.fits,gaia_774289041901756032_src4,comparison,1978.2908269271509,1433.7688034384614,0.13685927027953712,1455.75,ok
no_flat,V_8 generic,light_V_8s_2026_05_20-0050_no_flat_cal.fits,gaia_774289488578357504_src6,comparison,877.5319097942996,1090.5200841546805,0.1301919017863957,1259.375,ok
no_flat,V_8 generic,light_V_8s_2026_05_20-0050_no_flat_cal.fits,gaia_774290626745586944_src8,comparison,1006.8602956340972,1423.5072779929467,0.26436478858085394,414.875,ok
no_flat,V_8 generic,light_V_8s_2026_05_20-0050_no_flat_cal.fits,gaia_774384016513181696_src3,comparison,327.3826652341782,1244.4692442976823,0.44568937136270725,1541.75,ok
no_flat,V_8 generic,light_V_8s_2026_05_20-0051_no_flat_cal.fits,gaia_774271076054448768_src2,comparison,1443.9701281772873,312.7692160069889,0.20127345416998074,2287.0,ok
no_flat,V_8 generic,light_V_8s_2026_05_20-0051_no_flat_cal.fits,gaia_774272862760870784_src1,comparison,537.3007856362788,248.4856763086895,0.5167586190321305,3417.375,ok
no_flat,V_8 generic,light_V_8s_2026_05_20-0051_no_flat_cal.fits,gaia_774287774887292672_src5,comparison,1970.460759632168,1072.789392451782,0.2149063162023505,1369.625,ok
no_flat,V_8 generic,light_V_8s_2026_05_20-0051_no_flat_cal.fits,gaia_774288805679445888_src7,comparison,1881.4278172607555,1343.5980983164404,0.30827523832846593,1088.125,ok
no_flat,V_8 generic,light_V_8s_2026_05_20-0051_no_flat_cal.fits,gaia_774289041901756032_src4,comparison,1977.9392168717413,1434.5143763524695,0.5814388218145408,1400.625,ok
no_flat,V_8 generic,light_V_8s_2026_05_20-0051_no_flat_cal.fits,gaia_774289488578357504_src6,comparison,877.0956207622447,1091.2967974435896,0.46332183652334374,1202.25,ok
no_flat,V_8 generic,light_V_8s_2026_05_20-0051_no_flat_cal.fits,gaia_774290626745586944_src8,comparison,1006.9187041280344,1424.2649323141552,0.2305241263051219,385.875,ok
no_flat,V_8 generic,light_V_8s_2026_05_20-0051_no_flat_cal.fits,gaia_774384016513181696_src3,comparison,327.0562136026396,1245.3045815247767,0.35195364227006126,1476.25,ok
no_flat,V_8 generic,light_V_8s_2026_05_20-0052_no_flat_cal.fits,gaia_774271076054448768_src2,comparison,1443.114840727093,312.41147067821106,0.5070158004096142,2223.75,ok
no_flat,V_8 generic,light_V_8s_2026_05_20-0052_no_flat_cal.fits,gaia_774272862760870784_src1,comparison,536.2759432808155,248.2843620453173,1.1792742893587198,3313.25,ok
no_flat,V_8 generic,light_V_8s_2026_05_20-0052_no_flat_cal.fits,gaia_774287774887292672_src5,comparison,1969.731282690874,1072.4545396749218,0.3119898235414686,1330.75,ok
no_flat,V_8 generic,light_V_8s_2026_05_20-0052_no_flat_cal.fits,gaia_774288805679445888_src7,comparison,1880.6481718483487,1343.2499100285982,0.585165254591357,1053.5,ok
no_flat,V_8 generic,light_V_8s_2026_05_20-0052_no_flat_cal.fits,gaia_774289041901756032_src4,comparison,1977.1800965673585,1434.0170454139961,0.6418208052541073,1311.125,ok
no_flat,V_8 generic,light_V_8s_2026_05_20-0052_no_flat_cal.fits,gaia_774289488578357504_src6,comparison,876.2175786910174,1091.0771174970287,0.8643743679042445,1147.125,ok
no_flat,V_8 generic,light_V_8s_2026_05_20-0052_no_flat_cal.fits,gaia_774290626745586944_src8,comparison,1005.7452561570132,1423.9898664629882,0.6526205898690555,355.0,ok
no_flat,V_8 generic,light_V_8s_2026_05_20-0052_no_flat_cal.fits,gaia_774384016513181696_src3,comparison,326.1326780637003,1244.9969293591332,1.0278392335671243,1403.75,ok
no_flat,V_8 generic,light_V_8s_2026_05_20-0053_no_flat_cal.fits,gaia_774271076054448768_src2,comparison,1444.9254799266012,312.13423459681337,0.17652618593681624,2228.125,ok
no_flat,V_8 generic,light_V_8s_2026_05_20-0053_no_flat_cal.fits,gaia_774272862760870784_src1,comparison,538.1022572013011,247.90657781789832,0.4686077690965392,3344.25,ok
no_flat,V_8 generic,light_V_8s_2026_05_20-0053_no_flat_cal.fits,gaia_774287774887292672_src5,comparison,1971.4763545318685,1072.2477975471409,0.17132924636286562,1373.375,ok
no_flat,V_8 generic,light_V_8s_2026_05_20-0053_no_flat_cal.fits,gaia_774288805679445888_src7,comparison,1882.4050907377987,1342.8780046708623,0.09356400048516207,1070.375,ok
no_flat,V_8 generic,light_V_8s_2026_05_20-0053_no_flat_cal.fits,gaia_774289041901756032_src4,comparison,1979.043798128752,1433.6536206325188,0.24744089244337195,1393.375,ok
no_flat,V_8 generic,light_V_8s_2026_05_20-0053_no_flat_cal.fits,gaia_774289488578357504_src6,comparison,877.9870270687339,1090.7685470052227,0.44329041754691584,1179.25,ok
no_flat,V_8 generic,light_V_8s_2026_05_20-0053_no_flat_cal.fits,gaia_774290626745586944_src8,comparison,1007.4546067417153,1423.7090988879647,0.46001469482213164,377.875,ok
no_flat,V_8 generic,light_V_8s_2026_05_20-0053_no_flat_cal.fits,gaia_774384016513181696_src3,comparison,327.9169119288948,1244.711432000528,0.417385209693778,1477.0,ok
no_flat,V_8 generic,light_V_8s_2026_05_20-0054_no_flat_cal.fits,gaia_774271076054448768_src2,comparison,1445.1250250936546,312.1559034078991,0.3556724448200122,2317.25,ok
no_flat,V_8 generic,light_V_8s_2026_05_20-0054_no_flat_cal.fits,gaia_774272862760870784_src1,comparison,538.3413554434277,247.9476843532088,0.9069981326535744,3437.875,ok
no_flat,V_8 generic,light_V_8s_2026_05_20-0054_no_flat_cal.fits,gaia_774287774887292672_src5,comparison,1971.4525724063722,1072.1374205362326,0.39625093566459724,1400.125,ok
no_flat,V_8 generic,light_V_8s_2026_05_20-0054_no_flat_cal.fits,gaia_774288805679445888_src7,comparison,1882.342220156106,1342.8153432341796,0.4735350026789185,1131.875,ok
no_flat,V_8 generic,light_V_8s_2026_05_20-0054_no_flat_cal.fits,gaia_774289041901756032_src4,comparison,1979.0101502161308,1433.6524748612617,0.6230025582394814,1396.125,ok
no_flat,V_8 generic,light_V_8s_2026_05_20-0054_no_flat_cal.fits,gaia_774289488578357504_src6,comparison,878.3382452020098,1090.6731996712922,0.6564586411456554,1254.625,ok
no_flat,V_8 generic,light_V_8s_2026_05_20-0054_no_flat_cal.fits,gaia_774290626745586944_src8,comparison,1007.7309129692477,1423.6187173629469,0.6206940902678981,395.125,ok
no_flat,V_8 generic,light_V_8s_2026_05_20-0054_no_flat_cal.fits,gaia_774384016513181696_src3,comparison,328.19521514622653,1244.6353366186904,0.7899942393112844,1533.875,ok
no_flat,V_8 generic,light_V_8s_2026_05_20-0055_no_flat_cal.fits,gaia_774271076054448768_src2,comparison,1445.453890193379,310.5049427812738,0.5499284206156375,1875.375,ok
no_flat,V_8 generic,light_V_8s_2026_05_20-0055_no_flat_cal.fits,gaia_774272862760870784_src1,comparison,538.5935626621831,246.06887114456512,1.293425785729238,2779.625,ok
no_flat,V_8 generic,light_V_8s_2026_05_20-0055_no_flat_cal.fits,gaia_774287774887292672_src5,comparison,1971.7666391760602,1070.6100724686644,0.22310671974608634,1101.375,ok
no_flat,V_8 generic,light_V_8s_2026_05_20-0055_no_flat_cal.fits,gaia_774288805679445888_src7,comparison,1882.6911800116798,1341.4045711581443,0.6007977711120862,902.375,ok
no_flat,V_8 generic,light_V_8s_2026_05_20-0055_no_flat_cal.fits,gaia_774289041901756032_src4,comparison,1979.319076214225,1432.2763318919492,0.6738752911198738,1149.125,ok
no_flat,V_8 generic,light_V_8s_2026_05_20-0055_no_flat_cal.fits,gaia_774289488578357504_src6,comparison,878.4122380187365,1088.9327076903303,0.7643485556783544,984.625,ok
no_flat,V_8 generic,light_V_8s_2026_05_20-0055_no_flat_cal.fits,gaia_774290626745586944_src8,comparison,1007.9911853427398,1421.922689596646,0.5572901072886318,305.375,ok
no_flat,V_8 generic,light_V_8s_2026_05_20-0055_no_flat_cal.fits,gaia_774384016513181696_src3,comparison,328.3507401762528,1242.725940155477,0.9820978542233022,1235.875,ok
no_flat,V_8 generic,light_V_8s_2026_05_20-0056_no_flat_cal.fits,gaia_774271076054448768_src2,comparison,1446.9475626270396,311.6020167586501,0.08499102912225134,2572.0,ok
no_flat,V_8 generic,light_V_8s_2026_05_20-0056_no_flat_cal.fits,gaia_774272862760870784_src1,comparison,540.1676149243899,247.35747719266067,0.2862101695223511,3780.875,ok
no_flat,V_8 generic,light_V_8s_2026_05_20-0056_no_flat_cal.fits,gaia_774287774887292672_src5,comparison,1973.3555152328781,1071.8469136467638,0.14703278632482378,1538.25,ok
no_flat,V_8 generic,light_V_8s_2026_05_20-0056_no_flat_cal.fits,gaia_774288805679445888_src7,comparison,1884.0729483385421,1342.713563787177,0.027554099207538003,1206.25,ok
no_flat,V_8 generic,light_V_8s_2026_05_20-0056_no_flat_cal.fits,gaia_774289041901756032_src4,comparison,1980.829681272185,1433.5152940374678,0.06273822275239782,1563.0,ok
no_flat,V_8 generic,light_V_8s_2026_05_20-0056_no_flat_cal.fits,gaia_774289488578357504_src6,comparison,879.942805287085,1090.2947073136263,0.25399619641766125,1318.625,ok
no_flat,V_8 generic,light_V_8s_2026_05_20-0056_no_flat_cal.fits,gaia_774290626745586944_src8,comparison,1009.3962828566144,1423.3176059893542,0.47872025329751977,431.0,ok
no_flat,V_8 generic,light_V_8s_2026_05_20-0056_no_flat_cal.fits,gaia_774384016513181696_src3,comparison,329.73696221977025,1244.202580519446,0.5803237755018135,1660.0,ok
no_flat,V_8 generic,light_V_8s_2026_05_20-0057_no_flat_cal.fits,gaia_774271076054448768_src2,comparison,1447.7077353659483,310.34281414333344,0.3694199026383954,2139.25,ok
no_flat,V_8 generic,light_V_8s_2026_05_20-0057_no_flat_cal.fits,gaia_774272862760870784_src1,comparison,541.0164805365591,246.15495340562364,0.7250131338188385,3034.125,ok
no_flat,V_8 generic,light_V_8s_2026_05_20-0057_no_flat_cal.fits,gaia_774287774887292672_src5,comparison,1974.1665139768302,1070.3805621720444,0.14207650927771925,1265.5,ok
no_flat,V_8 generic,light_V_8s_2026_05_20-0057_no_flat_cal.fits,gaia_774288805679445888_src7,comparison,1884.9467831761979,1341.1673925636112,0.3645404428657416,986.625,ok
no_flat,V_8 generic,light_V_8s_2026_05_20-0057_no_flat_cal.fits,gaia_774289041901756032_src4,comparison,1981.6684535837423,1432.024740422976,0.4723772527318609,1257.5,ok
no_flat,V_8 generic,light_V_8s_2026_05_20-0057_no_flat_cal.fits,gaia_774289488578357504_src6,comparison,880.8338790039513,1088.9251811878955,0.4764608845981807,1081.875,ok
no_flat,V_8 generic,light_V_8s_2026_05_20-0057_no_flat_cal.fits,gaia_774290626745586944_src8,comparison,1010.2880283375679,1422.204935290725,0.571880516820889,330.0,ok
no_flat,V_8 generic,light_V_8s_2026_05_20-0057_no_flat_cal.fits,gaia_774384016513181696_src3,comparison,330.5749465618374,1242.844846081665,0.7098952433748525,1371.0,ok
no_flat,V_8 generic,light_V_8s_2026_05_20-0058_no_flat_cal.fits,gaia_774271076054448768_src2,comparison,1448.9123780637556,311.2478761617812,0.8131109799249024,2028.125,ok
no_flat,V_8 generic,light_V_8s_2026_05_20-0058_no_flat_cal.fits,gaia_774272862760870784_src1,comparison,542.0988886525581,247.0037257248314,1.6509557084619195,2861.5,ok
no_flat,V_8 generic,light_V_8s_2026_05_20-0058_no_flat_cal.fits,gaia_774287774887292672_src5,comparison,1975.565965167568,1071.2178575029836,0.37694855706332736,1255.875,ok
no_flat,V_8 generic,light_V_8s_2026_05_20-0058_no_flat_cal.fits,gaia_774288805679445888_src7,comparison,1886.4896879445132,1341.8936086487647,0.7140028004061667,1004.5,ok
no_flat,V_8 generic,light_V_8s_2026_05_20-0058_no_flat_cal.fits,gaia_774289041901756032_src4,comparison,1983.1399587183128,1432.6670031219717,0.7027456777722042,1263.125,ok
no_flat,V_8 generic,light_V_8s_2026_05_20-0058_no_flat_cal.fits,gaia_774289488578357504_src6,comparison,882.0978304497071,1089.776800044079,1.020829448606691,1071.125,ok
no_flat,V_8 generic,light_V_8s_2026_05_20-0058_no_flat_cal.fits,gaia_774290626745586944_src8,comparison,1012.0732610074875,1422.656131886049,1.0199414470343662,333.625,ok
no_flat,V_8 generic,light_V_8s_2026_05_20-0058_no_flat_cal.fits,gaia_774384016513181696_src3,comparison,332.1431517966587,1243.6980542256988,1.4883409882861824,1325.125,ok
no_flat,V_8 generic,light_V_8s_2026_05_20-0059_no_flat_cal.fits,gaia_774271076054448768_src2,comparison,1449.716461925661,310.79166234366426,0.14286976858417083,2436.625,ok
no_flat,V_8 generic,light_V_8s_2026_05_20-0059_no_flat_cal.fits,gaia_774272862760870784_src1,comparison,543.0736034246892,246.6305258783155,0.3433772447947058,3629.625,ok
no_flat,V_8 generic,light_V_8s_2026_05_20-0059_no_flat_cal.fits,gaia_774287774887292672_src5,comparison,1976.2783074610086,1070.742166536332,0.2840208528751702,1467.0,ok
no_flat,V_8 generic,light_V_8s_2026_05_20-0059_no_flat_cal.fits,gaia_774288805679445888_src7,comparison,1887.1995296591597,1341.516359648218,0.23749411403778645,1159.25,ok
no_flat,V_8 generic,light_V_8s_2026_05_20-0059_no_flat_cal.fits,gaia_774289041901756032_src4,comparison,1983.8361767487722,1432.3358130962754,0.30819344444201857,1473.625,ok
no_flat,V_8 generic,light_V_8s_2026_05_20-0059_no_flat_cal.fits,gaia_774289488578357504_src6,comparison,882.9830054559919,1089.4311789702615,0.4273952109298405,1266.0,ok
no_flat,V_8 generic,light_V_8s_2026_05_20-0059_no_flat_cal.fits,gaia_774290626745586944_src8,comparison,1012.5385520079595,1422.3237542868192,0.653501436599373,397.625,ok
no_flat,V_8 generic,light_V_8s_2026_05_20-0059_no_flat_cal.fits,gaia_774384016513181696_src3,comparison,332.95341704361783,1243.2612558894095,0.7575598147382484,1577.0,ok
no_flat,V_8 generic,light_V_8s_2026_05_20-0060_no_flat_cal.fits,gaia_774271076054448768_src2,comparison,1449.7397921204106,310.8132668206986,0.5252571358989927,2088.375,ok
no_flat,V_8 generic,light_V_8s_2026_05_20-0060_no_flat_cal.fits,gaia_774272862760870784_src1,comparison,543.1226974819621,246.57494760943115,0.842220113140417,3121.0,ok
no_flat,V_8 generic,light_V_8s_2026_05_20-0060_no_flat_cal.fits,gaia_774287774887292672_src5,comparison,1976.288623398402,1070.9729556087668,0.19629105001796943,1221.5,ok
no_flat,V_8 generic,light_V_8s_2026_05_20-0060_no_flat_cal.fits,gaia_774288805679445888_src7,comparison,1887.243987679846,1341.7793310904865,0.4808353384434118,1003.625,ok
no_flat,V_8 generic,light_V_8s_2026_05_20-0060_no_flat_cal.fits,gaia_774289041901756032_src4,comparison,1983.8158456114113,1432.5681717770565,0.4949643030333874,1275.875,ok
no_flat,V_8 generic,light_V_8s_2026_05_20-0060_no_flat_cal.fits,gaia_774289488578357504_src6,comparison,883.1565746324605,1089.5540236236495,0.4012395033272891,1100.0,ok
no_flat,V_8 generic,light_V_8s_2026_05_20-0060_no_flat_cal.fits,gaia_774290626745586944_src8,comparison,1012.5619299260545,1422.8083057607562,0.6288919907888361,324.75,ok
no_flat,V_8 generic,light_V_8s_2026_05_20-0060_no_flat_cal.fits,gaia_774384016513181696_src3,comparison,332.8125090128285,1243.3596108748395,0.6735193153892178,1370.875,ok
no_flat,V_8 generic,light_V_8s_2026_05_20-0061_no_flat_cal.fits,gaia_774271076054448768_src2,comparison,1450.4818105493582,309.4855763488963,0.35999027059806743,2257.875,ok
no_flat,V_8 generic,light_V_8s_2026_05_20-0061_no_flat_cal.fits,gaia_774272862760870784_src1,comparison,543.6903397259099,245.24616952366,0.869413709538741,3253.0,ok
no_flat,V_8 generic,light_V_8s_2026_05_20-0061_no_flat_cal.fits,gaia_774287774887292672_src5,comparison,1976.788131752447,1069.5506500082004,0.23867974804552017,1299.375,ok
no_flat,V_8 generic,light_V_8s_2026_05_20-0061_no_flat_cal.fits,gaia_774288805679445888_src7,comparison,1887.547855437511,1340.3009862228923,0.45006368318219603,1064.25,ok
no_flat,V_8 generic,light_V_8s_2026_05_20-0061_no_flat_cal.fits,gaia_774289041901756032_src4,comparison,1984.2332510118529,1431.0985549251966,0.5038282738362984,1346.375,ok
no_flat,V_8 generic,light_V_8s_2026_05_20-0061_no_flat_cal.fits,gaia_774289488578357504_src6,comparison,883.3831949512611,1087.9892776766703,0.7041463673249309,1133.875,ok
no_flat,V_8 generic,light_V_8s_2026_05_20-0061_no_flat_cal.fits,gaia_774290626745586944_src8,comparison,1012.6786533045891,1421.1440034505104,0.7398569753055856,355.0,ok
no_flat,V_8 generic,light_V_8s_2026_05_20-0061_no_flat_cal.fits,gaia_774384016513181696_src3,comparison,333.4000647141631,1241.8697199886913,0.6866569950578565,1449.0,ok
no_flat,V_8 generic,light_V_8s_2026_05_20-0062_no_flat_cal.fits,gaia_774271076054448768_src2,comparison,1451.0734314004974,309.0959148710131,0.3688219281099884,2277.25,ok
no_flat,V_8 generic,light_V_8s_2026_05_20-0062_no_flat_cal.fits,gaia_774272862760870784_src1,comparison,544.3157453940053,244.83835733009784,0.7104973306751464,3410.0,ok
no_flat,V_8 generic,light_V_8s_2026_05_20-0062_no_flat_cal.fits,gaia_774287774887292672_src5,comparison,1977.5915283150268,1069.2129064554574,0.16602730547211644,1409.75,ok
no_flat,V_8 generic,light_V_8s_2026_05_20-0062_no_flat_cal.fits,gaia_774288805679445888_src7,comparison,1888.3931005524246,1340.1006722197153,0.45260913913267625,1105.375,ok
no_flat,V_8 generic,light_V_8s_2026_05_20-0062_no_flat_cal.fits,gaia_774289041901756032_src4,comparison,1985.0049298316064,1430.8380753131557,0.3931788323542368,1385.75,ok
no_flat,V_8 generic,light_V_8s_2026_05_20-0062_no_flat_cal.fits,gaia_774289488578357504_src6,comparison,884.0878640112729,1087.647438820088,0.44741512185165794,1198.125,ok
no_flat,V_8 generic,light_V_8s_2026_05_20-0062_no_flat_cal.fits,gaia_774290626745586944_src8,comparison,1013.4395072361411,1420.8290990130058,0.47205066829598497,385.375,ok
no_flat,V_8 generic,light_V_8s_2026_05_20-0062_no_flat_cal.fits,gaia_774384016513181696_src3,comparison,334.10125598571784,1241.6037328023258,0.4978272604880712,1479.125,ok
no_flat,V_8 generic,light_V_8s_2026_05_20-0063_no_flat_cal.fits,gaia_774271076054448768_src2,comparison,1451.8898445263135,307.37413979262175,0.34360988013208044,2032.25,ok
no_flat,V_8 generic,light_V_8s_2026_05_20-0063_no_flat_cal.fits,gaia_774272862760870784_src1,comparison,545.0382135950024,243.2871944712806,0.693813701072778,2928.375,ok
no_flat,V_8 generic,light_V_8s_2026_05_20-0063_no_flat_cal.fits,gaia_774287774887292672_src5,comparison,1978.4304168245371,1067.3179789013593,0.10111000017967768,1214.0,ok
no_flat,V_8 generic,light_V_8s_2026_05_20-0063_no_flat_cal.fits,gaia_774288805679445888_src7,comparison,1889.3473071820054,1337.9404504244571,0.11395409889387857,965.75,ok
no_flat,V_8 generic,light_V_8s_2026_05_20-0063_no_flat_cal.fits,gaia_774289041901756032_src4,comparison,1985.9771423771517,1429.0341351472143,0.4103968286902713,1201.5,ok
no_flat,V_8 generic,light_V_8s_2026_05_20-0063_no_flat_cal.fits,gaia_774289488578357504_src6,comparison,885.0097457518843,1085.9144535643916,0.3642242225924257,1042.25,ok
no_flat,V_8 generic,light_V_8s_2026_05_20-0063_no_flat_cal.fits,gaia_774290626745586944_src8,comparison,1014.829869096322,1418.5450759799787,0.3077621427783163,324.5,ok
no_flat,V_8 generic,light_V_8s_2026_05_20-0063_no_flat_cal.fits,gaia_774384016513181696_src3,comparison,334.92544707124165,1239.8644311770583,0.34791427619342746,1306.875,ok
no_flat,V_8 generic,light_V_8s_2026_05_20-0064_no_flat_cal.fits,gaia_774271076054448768_src2,comparison,1453.466523871024,307.63038726686193,0.665185554582593,2226.375,ok
no_flat,V_8 generic,light_V_8s_2026_05_20-0064_no_flat_cal.fits,gaia_774272862760870784_src1,comparison,546.5522002150709,243.50164108239866,1.669971772890683,3252.625,ok
no_flat,V_8 generic,light_V_8s_2026_05_20-0064_no_flat_cal.fits,gaia_774287774887292672_src5,comparison,1980.043890857995,1067.6353239028172,0.39920685863794886,1350.75,ok
no_flat,V_8 generic,light_V_8s_2026_05_20-0064_no_flat_cal.fits,gaia_774288805679445888_src7,comparison,1890.9054698257278,1338.351231415198,0.6627765124258421,1062.75,ok
no_flat,V_8 generic,light_V_8s_2026_05_20-0064_no_flat_cal.fits,gaia_774289041901756032_src4,comparison,1987.5302438722094,1429.2283561465808,0.9075230167505346,1400.0,ok
no_flat,V_8 generic,light_V_8s_2026_05_20-0064_no_flat_cal.fits,gaia_774289488578357504_src6,comparison,886.6647126650106,1086.3523154565971,1.1476379946385307,1179.5,ok
no_flat,V_8 generic,light_V_8s_2026_05_20-0064_no_flat_cal.fits,gaia_774290626745586944_src8,comparison,1016.5444749886237,1419.3525947147232,0.6859902698655556,369.125,ok
no_flat,V_8 generic,light_V_8s_2026_05_20-0064_no_flat_cal.fits,gaia_774384016513181696_src3,comparison,336.59229082844746,1240.1995792120538,1.489644492547796,1464.125,ok
no_flat,V_8 generic,light_V_8s_2026_05_20-0065_no_flat_cal.fits,gaia_774271076054448768_src2,comparison,1453.6496741184194,307.43960603499767,0.6774091573152933,2203.75,ok
no_flat,V_8 generic,light_V_8s_2026_05_20-0065_no_flat_cal.fits,gaia_774272862760870784_src1,comparison,546.8756682873666,243.2044324841828,1.6173663145099977,3218.5,ok
no_flat,V_8 generic,light_V_8s_2026_05_20-0065_no_flat_cal.fits,gaia_774287774887292672_src5,comparison,1980.30535161073,1067.4996263544813,0.430186160408176,1339.0,ok
no_flat,V_8 generic,light_V_8s_2026_05_20-0065_no_flat_cal.fits,gaia_774288805679445888_src7,comparison,1891.1162978017605,1338.2514117376957,0.7321964140732642,1048.75,ok
no_flat,V_8 generic,light_V_8s_2026_05_20-0065_no_flat_cal.fits,gaia_774289041901756032_src4,comparison,1987.7558089115257,1429.1129758479753,0.9583224149515142,1338.375,ok
no_flat,V_8 generic,light_V_8s_2026_05_20-0065_no_flat_cal.fits,gaia_774289488578357504_src6,comparison,886.9439517883263,1086.1196897947104,1.078569197449531,1153.25,ok
no_flat,V_8 generic,light_V_8s_2026_05_20-0065_no_flat_cal.fits,gaia_774290626745586944_src8,comparison,1016.8167419266001,1419.1618799937294,0.6108779586354692,360.375,ok
no_flat,V_8 generic,light_V_8s_2026_05_20-0065_no_flat_cal.fits,gaia_774384016513181696_src3,comparison,336.77556982547526,1240.1082357115554,1.4791637761365357,1414.375,ok
no_flat,V_8 generic,light_V_8s_2026_05_20-0066_no_flat_cal.fits,gaia_774271076054448768_src2,comparison,1453.9134808327283,308.78907637588577,0.3577527815156366,1924.625,ok
no_flat,V_8 generic,light_V_8s_2026_05_20-0066_no_flat_cal.fits,gaia_774272862760870784_src1,comparison,546.8737033801664,244.68551480326207,0.9166814095924601,2780.0,ok
no_flat,V_8 generic,light_V_8s_2026_05_20-0066_no_flat_cal.fits,gaia_774287774887292672_src5,comparison,1980.5090476883097,1068.937094292228,0.20326346692978384,1165.125,ok
no_flat,V_8 generic,light_V_8s_2026_05_20-0066_no_flat_cal.fits,gaia_774288805679445888_src7,comparison,1891.4323373987493,1339.8529867812617,0.5190211390977507,905.625,ok
no_flat,V_8 generic,light_V_8s_2026_05_20-0066_no_flat_cal.fits,gaia_774289041901756032_src4,comparison,1987.9404102740343,1430.6250963644186,0.5375027802330304,1151.125,ok
no_flat,V_8 generic,light_V_8s_2026_05_20-0066_no_flat_cal.fits,gaia_774289488578357504_src6,comparison,887.0326573194095,1087.7309182940965,0.572326455994919,986.25,ok
no_flat,V_8 generic,light_V_8s_2026_05_20-0066_no_flat_cal.fits,gaia_774290626745586944_src8,comparison,1016.8236924049615,1420.901390415706,0.5883817039847419,310.75,ok
no_flat,V_8 generic,light_V_8s_2026_05_20-0066_no_flat_cal.fits,gaia_774384016513181696_src3,comparison,336.8781798972094,1241.6557938404294,0.6363308813195103,1225.375,ok
no_flat,V_8 generic,light_V_8s_2026_05_20-0067_no_flat_cal.fits,gaia_774271076054448768_src2,comparison,1455.3211269057372,309.63172325709974,0.5050331481178723,2439.875,ok
no_flat,V_8 generic,light_V_8s_2026_05_20-0067_no_flat_cal.fits,gaia_774272862760870784_src1,comparison,548.5658568984746,245.4523456623653,0.9851182567241885,3530.0,ok
no_flat,V_8 generic,light_V_8s_2026_05_20-0067_no_flat_cal.fits,gaia_774287774887292672_src5,comparison,1981.926662057004,1069.576664204807,0.12063766303145693,1435.375,ok
no_flat,V_8 generic,light_V_8s_2026_05_20-0067_no_flat_cal.fits,gaia_774288805679445888_src7,comparison,1892.9253695531092,1340.3577788514606,0.41916908302518757,1133.5,ok
no_flat,V_8 generic,light_V_8s_2026_05_20-0067_no_flat_cal.fits,gaia_774289041901756032_src4,comparison,1989.4411959220708,1431.2314043948977,0.4631468979757096,1476.0,ok
no_flat,V_8 generic,light_V_8s_2026_05_20-0067_no_flat_cal.fits,gaia_774289488578357504_src6,comparison,888.6157651669895,1088.2647234081978,0.5310451913434182,1240.625,ok
no_flat,V_8 generic,light_V_8s_2026_05_20-0067_no_flat_cal.fits,gaia_774290626745586944_src8,comparison,1018.2587072032652,1421.2727570128327,0.39788732360936435,403.375,ok
no_flat,V_8 generic,light_V_8s_2026_05_20-0067_no_flat_cal.fits,gaia_774384016513181696_src3,comparison,338.4455913009205,1242.2280081323088,0.7626826523547432,1543.375,ok
no_flat,V_8 generic,light_V_8s_2026_05_20-0068_no_flat_cal.fits,gaia_774271076054448768_src2,comparison,1457.1809953816557,309.00409412596036,0.3391398182442358,2385.375,ok
no_flat,V_8 generic,light_V_8s_2026_05_20-0068_no_flat_cal.fits,gaia_774272862760870784_src1,comparison,550.2773311951248,244.78363772977298,0.872098772852156,3521.0,ok
no_flat,V_8 generic,light_V_8s_2026_05_20-0068_no_flat_cal.fits,gaia_774287774887292672_src5,comparison,1983.5938692906354,1069.1492362522297,0.25479730951203966,1439.375,ok
no_flat,V_8 generic,light_V_8s_2026_05_20-0068_no_flat_cal.fits,gaia_774288805679445888_src7,comparison,1894.4427732682989,1339.9331621401443,0.4374355599357827,1147.875,ok
no_flat,V_8 generic,light_V_8s_2026_05_20-0068_no_flat_cal.fits,gaia_774289041901756032_src4,comparison,1991.099944557308,1430.7795712476122,0.5875688179172281,1458.375,ok
no_flat,V_8 generic,light_V_8s_2026_05_20-0068_no_flat_cal.fits,gaia_774289488578357504_src6,comparison,890.136731173707,1087.7100094290874,0.6608994020465281,1253.125,ok
no_flat,V_8 generic,light_V_8s_2026_05_20-0068_no_flat_cal.fits,gaia_774290626745586944_src8,comparison,1019.5363778215328,1420.6659551717707,0.6066688029317003,413.25,ok
no_flat,V_8 generic,light_V_8s_2026_05_20-0068_no_flat_cal.fits,gaia_774384016513181696_src3,comparison,340.09076644987425,1241.5920125344335,0.6599561964335885,1544.25,ok
no_flat,V_8 generic,light_V_8s_2026_05_20-0069_no_flat_cal.fits,gaia_774271076054448768_src2,comparison,1457.7880025657562,308.9682421455222,0.5561183678503232,2312.375,ok
no_flat,V_8 generic,light_V_8s_2026_05_20-0069_no_flat_cal.fits,gaia_774272862760870784_src1,comparison,551.0547701218239,244.72169542651466,1.1044834494828388,3391.5,ok
no_flat,V_8 generic,light_V_8s_2026_05_20-0069_no_flat_cal.fits,gaia_774287774887292672_src5,comparison,1984.5005699710848,1068.927302555003,0.2241456176060492,1423.875,ok
no_flat,V_8 generic,light_V_8s_2026_05_20-0069_no_flat_cal.fits,gaia_774288805679445888_src7,comparison,1895.4410069462165,1339.7394041257592,0.5057281019763545,1156.125,ok
no_flat,V_8 generic,light_V_8s_2026_05_20-0069_no_flat_cal.fits,gaia_774289041901756032_src4,comparison,1992.021616420595,1430.5684985772912,0.5970377524123645,1445.75,ok
no_flat,V_8 generic,light_V_8s_2026_05_20-0069_no_flat_cal.fits,gaia_774289488578357504_src6,comparison,891.1829083381655,1087.640365535906,0.6155709024381305,1232.25,ok
no_flat,V_8 generic,light_V_8s_2026_05_20-0069_no_flat_cal.fits,gaia_774290626745586944_src8,comparison,1020.7171299613092,1420.3311027037128,0.30751610178521993,395.625,ok
no_flat,V_8 generic,light_V_8s_2026_05_20-0069_no_flat_cal.fits,gaia_774384016513181696_src3,comparison,341.082362560523,1241.630157897785,0.7977861516058621,1481.5,ok
no_flat,V_8 generic,light_V_8s_2026_05_20-0070_no_flat_cal.fits,gaia_774271076054448768_src2,comparison,1457.7823359531014,309.2363344542438,0.4772301429436886,2154.625,ok
no_flat,V_8 generic,light_V_8s_2026_05_20-0070_no_flat_cal.fits,gaia_774272862760870784_src1,comparison,550.9315215093914,245.22864703078827,0.9648163443543191,3063.0,ok
no_flat,V_8 generic,light_V_8s_2026_05_20-0070_no_flat_cal.fits,gaia_774287774887292672_src5,comparison,1984.3982934508292,1069.2465458075674,0.1387212244659263,1297.875,ok
no_flat,V_8 generic,light_V_8s_2026_05_20-0070_no_flat_cal.fits,gaia_774288805679445888_src7,comparison,1895.4038600527726,1340.0307491017566,0.3871891763231355,1008.75,ok
no_flat,V_8 generic,light_V_8s_2026_05_20-0070_no_flat_cal.fits,gaia_774289041901756032_src4,comparison,1992.0595072761016,1430.8737103262363,0.45392814342223686,1304.25,ok
no_flat,V_8 generic,light_V_8s_2026_05_20-0070_no_flat_cal.fits,gaia_774289488578357504_src6,comparison,891.1128670552749,1088.0156760673417,0.5078356790334686,1106.125,ok
no_flat,V_8 generic,light_V_8s_2026_05_20-0070_no_flat_cal.fits,gaia_774290626745586944_src8,comparison,1020.7974721417983,1421.1229846626538,0.5057392320353044,346.75,ok
no_flat,V_8 generic,light_V_8s_2026_05_20-0070_no_flat_cal.fits,gaia_774384016513181696_src3,comparison,340.99194375593964,1242.1110106222873,0.7464945595447819,1362.375,ok
no_flat,V_8 generic,light_V_8s_2026_05_20-0071_no_flat_cal.fits,gaia_774271076054448768_src2,comparison,1459.3127069339782,309.2125013563384,0.4812572826265228,2446.75,ok
no_flat,V_8 generic,light_V_8s_2026_05_20-0071_no_flat_cal.fits,gaia_774272862760870784_src1,comparison,552.5965744578166,245.33831376944713,0.9410750862856284,3673.75,ok
no_flat,V_8 generic,light_V_8s_2026_05_20-0071_no_flat_cal.fits,gaia_774287774887292672_src5,comparison,1985.8980090422435,1069.1915931394128,0.19796034695089065,1482.5,ok
no_flat,V_8 generic,light_V_8s_2026_05_20-0071_no_flat_cal.fits,gaia_774288805679445888_src7,comparison,1896.6890049404649,1339.976969051907,0.45051659241666187,1164.0,ok
no_flat,V_8 generic,light_V_8s_2026_05_20-0071_no_flat_cal.fits,gaia_774289041901756032_src4,comparison,1993.534785829156,1430.769473993171,0.5315360263818901,1535.625,ok
no_flat,V_8 generic,light_V_8s_2026_05_20-0071_no_flat_cal.fits,gaia_774289488578357504_src6,comparison,892.7024260810169,1087.9830894589493,0.5472933149652062,1300.5,ok
no_flat,V_8 generic,light_V_8s_2026_05_20-0071_no_flat_cal.fits,gaia_774290626745586944_src8,comparison,1022.3645776265226,1421.0185596022784,0.4461022759730215,404.5,ok
no_flat,V_8 generic,light_V_8s_2026_05_20-0071_no_flat_cal.fits,gaia_774384016513181696_src3,comparison,342.58021578514297,1242.1172655633916,0.8432712491510829,1611.875,ok
no_flat,V_8 generic,light_V_8s_2026_05_20-0072_no_flat_cal.fits,gaia_774271076054448768_src2,comparison,1459.9501683291298,308.90838362612556,0.4845767229587691,2276.5,ok
no_flat,V_8 generic,light_V_8s_2026_05_20-0072_no_flat_cal.fits,gaia_774272862760870784_src1,comparison,553.058422780082,245.021785052628,1.2296502331928296,3294.75,ok
no_flat,V_8 generic,light_V_8s_2026_05_20-0072_no_flat_cal.fits,gaia_774287774887292672_src5,comparison,1986.4411691122566,1068.9474726170242,0.5039671416865102,1382.0,ok
no_flat,V_8 generic,light_V_8s_2026_05_20-0072_no_flat_cal.fits,gaia_774288805679445888_src7,comparison,1897.4387704378007,1339.6168726356414,0.6222453459540919,1093.25,ok
no_flat,V_8 generic,light_V_8s_2026_05_20-0072_no_flat_cal.fits,gaia_774289041901756032_src4,comparison,1994.0552127193146,1430.4656455528354,0.8629274165329467,1427.75,ok
no_flat,V_8 generic,light_V_8s_2026_05_20-0072_no_flat_cal.fits,gaia_774289488578357504_src6,comparison,893.1465120163737,1087.6455190236754,0.9870511483590598,1201.5,ok
no_flat,V_8 generic,light_V_8s_2026_05_20-0072_no_flat_cal.fits,gaia_774290626745586944_src8,comparison,1022.8309640109029,1420.6617239459504,0.7406579465307418,382.5,ok
no_flat,V_8 generic,light_V_8s_2026_05_20-0072_no_flat_cal.fits,gaia_774384016513181696_src3,comparison,343.05851352249977,1241.7255967088772,1.2612679061203633,1464.625,ok
no_flat,V_8 generic,light_V_8s_2026_05_20-0073_no_flat_cal.fits,gaia_774271076054448768_src2,comparison,1460.6192016225339,309.0069608542922,0.1480004114650619,1986.125,ok
no_flat,V_8 generic,light_V_8s_2026_05_20-0073_no_flat_cal.fits,gaia_774272862760870784_src1,comparison,553.7066884109242,244.8434107090601,0.2537527392562644,2908.625,ok
no_flat,V_8 generic,light_V_8s_2026_05_20-0073_no_flat_cal.fits,gaia_774287774887292672_src5,comparison,1987.1882389563418,1069.1279066240972,0.1186759483217559,1211.625,ok
no_flat,V_8 generic,light_V_8s_2026_05_20-0073_no_flat_cal.fits,gaia_774288805679445888_src7,comparison,1898.0138610644633,1339.8827000549804,0.13609457071346098,942.5,ok
no_flat,V_8 generic,light_V_8s_2026_05_20-0073_no_flat_cal.fits,gaia_774289041901756032_src4,comparison,1994.7172106465296,1430.676606464222,0.17686042410426978,1238.625,ok
no_flat,V_8 generic,light_V_8s_2026_05_20-0073_no_flat_cal.fits,gaia_774289488578357504_src6,comparison,893.8272226182606,1087.6670015608659,0.3479990885578659,1050.375,ok
no_flat,V_8 generic,light_V_8s_2026_05_20-0073_no_flat_cal.fits,gaia_774290626745586944_src8,comparison,1023.4907574402797,1420.7466029706222,0.6843892805331887,341.625,ok
no_flat,V_8 generic,light_V_8s_2026_05_20-0073_no_flat_cal.fits,gaia_774384016513181696_src3,comparison,343.6677556186678,1241.4851715961584,0.7146314772308743,1318.125,ok
no_flat,V_8 generic,light_V_8s_2026_05_20-0074_no_flat_cal.fits,gaia_774271076054448768_src2,comparison,1462.7572744607148,308.7471515290911,0.269887588908112,2427.625,ok
no_flat,V_8 generic,light_V_8s_2026_05_20-0074_no_flat_cal.fits,gaia_774272862760870784_src1,comparison,555.9720154845827,244.64358625801773,0.28566212589202433,3462.25,ok
no_flat,V_8 generic,light_V_8s_2026_05_20-0074_no_flat_cal.fits,gaia_774287774887292672_src5,comparison,1989.3286552720683,1068.8918335254973,0.08474617696213485,1437.0,ok
no_flat,V_8 generic,light_V_8s_2026_05_20-0074_no_flat_cal.fits,gaia_774288805679445888_src7,comparison,1900.1692844888348,1339.7497437724576,0.09181725072851923,1128.5,ok
no_flat,V_8 generic,light_V_8s_2026_05_20-0074_no_flat_cal.fits,gaia_774289041901756032_src4,comparison,1996.8506131430784,1430.4718635876545,0.07182778496459571,1440.625,ok
no_flat,V_8 generic,light_V_8s_2026_05_20-0074_no_flat_cal.fits,gaia_774289488578357504_src6,comparison,895.9954763041276,1087.4591994370228,0.04377900786745386,1239.0,ok
no_flat,V_8 generic,light_V_8s_2026_05_20-0074_no_flat_cal.fits,gaia_774290626745586944_src8,comparison,1025.4624060292665,1420.5107061110593,0.20859775666959293,399.5,ok
no_flat,V_8 generic,light_V_8s_2026_05_20-0074_no_flat_cal.fits,gaia_774384016513181696_src3,comparison,345.78350588615353,1241.4588785959832,0.21932861329936132,1550.75,ok
no_flat,V_8 generic,light_V_8s_2026_05_20-0075_no_flat_cal.fits,gaia_774271076054448768_src2,comparison,1462.912158569664,308.9417202587515,0.23841976651748867,2241.875,ok
no_flat,V_8 generic,light_V_8s_2026_05_20-0075_no_flat_cal.fits,gaia_774272862760870784_src1,comparison,556.1229076281271,244.87020344092076,0.48754716943393267,3418.75,ok
no_flat,V_8 generic,light_V_8s_2026_05_20-0075_no_flat_cal.fits,gaia_774287774887292672_src5,comparison,1989.6117660942234,1068.89732913307,0.23478500852017423,1408.5,ok
no_flat,V_8 generic,light_V_8s_2026_05_20-0075_no_flat_cal.fits,gaia_774288805679445888_src7,comparison,1900.496045081596,1339.7520714296195,0.2930298290099319,1133.25,ok
no_flat,V_8 generic,light_V_8s_2026_05_20-0075_no_flat_cal.fits,gaia_774289041901756032_src4,comparison,1997.1126995287575,1430.658346258635,0.11188682277842582,1417.125,ok
no_flat,V_8 generic,light_V_8s_2026_05_20-0075_no_flat_cal.fits,gaia_774289488578357504_src6,comparison,896.0292641306436,1087.662161506598,0.23552543950289773,1239.25,ok
no_flat,V_8 generic,light_V_8s_2026_05_20-0075_no_flat_cal.fits,gaia_774290626745586944_src8,comparison,1025.5684849326772,1420.5570645964845,0.46965611120751755,379.5,ok
no_flat,V_8 generic,light_V_8s_2026_05_20-0075_no_flat_cal.fits,gaia_774384016513181696_src3,comparison,345.9209184277942,1241.6841954773568,0.6640021306219402,1504.125,ok
no_flat,V_8 generic,light_V_8s_2026_05_20-0076_no_flat_cal.fits,gaia_774271076054448768_src2,comparison,1463.0122360943078,310.16070383004154,0.5032869692263403,1890.875,ok
no_flat,V_8 generic,light_V_8s_2026_05_20-0076_no_flat_cal.fits,gaia_774272862760870784_src1,comparison,556.0409821692824,246.15434552308952,1.2191032970919182,2860.75,ok
no_flat,V_8 generic,light_V_8s_2026_05_20-0076_no_flat_cal.fits,gaia_774287774887292672_src5,comparison,1989.5980568918687,1070.238104902899,0.25028471125701146,1173.125,ok
no_flat,V_8 generic,light_V_8s_2026_05_20-0076_no_flat_cal.fits,gaia_774288805679445888_src7,comparison,1900.6200518938178,1341.03890703285,0.5605429362623029,908.375,ok
no_flat,V_8 generic,light_V_8s_2026_05_20-0076_no_flat_cal.fits,gaia_774289041901756032_src4,comparison,1997.2497422923666,1431.756620399971,0.513654668082491,1183.375,ok
no_flat,V_8 generic,light_V_8s_2026_05_20-0076_no_flat_cal.fits,gaia_774289488578357504_src6,comparison,896.3575278484477,1088.887329533671,0.5589042964191409,1004.0,ok
no_flat,V_8 generic,light_V_8s_2026_05_20-0076_no_flat_cal.fits,gaia_774290626745586944_src8,comparison,1025.8091045267108,1422.0186285888865,0.6301588772297783,309.0,ok
no_flat,V_8 generic,light_V_8s_2026_05_20-0076_no_flat_cal.fits,gaia_774384016513181696_src3,comparison,346.1401152601584,1242.9108184792397,0.8782230421302285,1286.25,ok
no_flat,V_8 generic,light_V_8s_2026_05_20-0077_no_flat_cal.fits,gaia_774271076054448768_src2,comparison,1464.3974681308887,309.8493094697597,0.7251549201074586,2404.125,ok
no_flat,V_8 generic,light_V_8s_2026_05_20-0077_no_flat_cal.fits,gaia_774272862760870784_src1,comparison,557.5879317758029,245.92890633046375,1.578730358269964,3537.25,ok
no_flat,V_8 generic,light_V_8s_2026_05_20-0077_no_flat_cal.fits,gaia_774287774887292672_src5,comparison,1991.0800237186568,1069.9302116478318,0.49066243827871286,1396.625,ok
no_flat,V_8 generic,light_V_8s_2026_05_20-0077_no_flat_cal.fits,gaia_774288805679445888_src7,comparison,1902.120156850049,1340.6058030126856,0.6797307336574495,1136.875,ok
no_flat,V_8 generic,light_V_8s_2026_05_20-0077_no_flat_cal.fits,gaia_774289041901756032_src4,comparison,1998.719721101326,1431.3803927606689,0.8181234058541724,1464.0,ok
no_flat,V_8 generic,light_V_8s_2026_05_20-0077_no_flat_cal.fits,gaia_774289488578357504_src6,comparison,897.7682730752559,1088.5363968152133,1.0814697386385703,1268.375,ok
no_flat,V_8 generic,light_V_8s_2026_05_20-0077_no_flat_cal.fits,gaia_774290626745586944_src8,comparison,1027.3643660655923,1421.7867139502168,0.9993694920728985,395.375,ok
no_flat,V_8 generic,light_V_8s_2026_05_20-0077_no_flat_cal.fits,gaia_774384016513181696_src3,comparison,347.777606617343,1242.7270253747408,1.3550929742724693,1558.875,ok
no_flat,V_8 generic,light_V_8s_2026_05_20-0078_no_flat_cal.fits,gaia_774271076054448768_src2,comparison,1465.284739899806,309.07590873190014,0.4996672140918401,2559.625,ok
no_flat,V_8 generic,light_V_8s_2026_05_20-0078_no_flat_cal.fits,gaia_774272862760870784_src1,comparison,558.4210434918724,245.0044536398599,1.2032898764220452,3725.25,ok
no_flat,V_8 generic,light_V_8s_2026_05_20-0078_no_flat_cal.fits,gaia_774287774887292672_src5,comparison,1991.9806234363639,1068.9833453982808,0.2511557007707055,1478.375,ok
no_flat,V_8 generic,light_V_8s_2026_05_20-0078_no_flat_cal.fits,gaia_774288805679445888_src7,comparison,1902.8325485525259,1339.8277184836363,0.5509998990420176,1221.875,ok
no_flat,V_8 generic,light_V_8s_2026_05_20-0078_no_flat_cal.fits,gaia_774289041901756032_src4,comparison,1999.6198590813901,1430.52936270761,0.5507276420636341,1561.5,ok
no_flat,V_8 generic,light_V_8s_2026_05_20-0078_no_flat_cal.fits,gaia_774289488578357504_src6,comparison,898.5292061035462,1087.8015953143847,0.8656867867706178,1354.125,ok
no_flat,V_8 generic,light_V_8s_2026_05_20-0078_no_flat_cal.fits,gaia_774290626745586944_src8,comparison,1028.2340190777525,1420.4794900929492,0.5760405579960121,418.625,ok
no_flat,V_8 generic,light_V_8s_2026_05_20-0078_no_flat_cal.fits,gaia_774384016513181696_src3,comparison,348.5213437632347,1241.8186525454955,0.9561892554176569,1652.625,ok
no_flat,V_8 generic,light_V_8s_2026_05_20-0079_no_flat_cal.fits,gaia_774271076054448768_src2,comparison,1464.6309020199465,308.7132849731297,0.6326913264796875,2251.125,ok
no_flat,V_8 generic,light_V_8s_2026_05_20-0079_no_flat_cal.fits,gaia_774272862760870784_src1,comparison,558.0267926677988,244.65970679731748,1.4245738599823652,3236.25,ok
no_flat,V_8 generic,light_V_8s_2026_05_20-0079_no_flat_cal.fits,gaia_774287774887292672_src5,comparison,1991.330959559537,1068.6057414243426,0.44195877374607634,1376.375,ok
no_flat,V_8 generic,light_V_8s_2026_05_20-0079_no_flat_cal.fits,gaia_774288805679445888_src7,comparison,1902.3160790749178,1339.3385782620642,0.7007027169453889,1085.75,ok
no_flat,V_8 generic,light_V_8s_2026_05_20-0079_no_flat_cal.fits,gaia_774289041901756032_src4,comparison,1998.9967390959357,1430.2114102474666,0.9288644582082293,1344.0,ok
no_flat,V_8 generic,light_V_8s_2026_05_20-0079_no_flat_cal.fits,gaia_774289488578357504_src6,comparison,898.1123026321847,1087.2642823167396,0.9862206636740827,1155.75,ok
no_flat,V_8 generic,light_V_8s_2026_05_20-0079_no_flat_cal.fits,gaia_774290626745586944_src8,comparison,1027.7800795997264,1420.1227476972156,0.693834480587789,368.5,ok
no_flat,V_8 generic,light_V_8s_2026_05_20-0079_no_flat_cal.fits,gaia_774384016513181696_src3,comparison,348.0443656280563,1241.5084628168322,1.3570724611355296,1439.75,ok
no_flat,V_8 generic,light_V_8s_2026_05_20-0080_no_flat_cal.fits,gaia_774271076054448768_src2,comparison,1466.0239806729408,307.60117827390616,0.18089354319345985,2415.0,ok
no_flat,V_8 generic,light_V_8s_2026_05_20-0080_no_flat_cal.fits,gaia_774272862760870784_src1,comparison,559.0988641327682,243.449744894049,0.5633496655867202,3607.375,ok
no_flat,V_8 generic,light_V_8s_2026_05_20-0080_no_flat_cal.fits,gaia_774287774887292672_src5,comparison,1992.4023178003065,1067.6620862633588,0.06910800173240361,1464.0,ok
no_flat,V_8 generic,light_V_8s_2026_05_20-0080_no_flat_cal.fits,gaia_774288805679445888_src7,comparison,1903.3499716593865,1338.4841109641652,0.2965064923384005,1158.25,ok
no_flat,V_8 generic,light_V_8s_2026_05_20-0080_no_flat_cal.fits,gaia_774289041901756032_src4,comparison,1999.8783402016238,1429.307010008914,0.1398045709561562,1460.875,ok
no_flat,V_8 generic,light_V_8s_2026_05_20-0080_no_flat_cal.fits,gaia_774289488578357504_src6,comparison,899.0318488541728,1086.2745721611207,0.26754118744521577,1258.625,ok
no_flat,V_8 generic,light_V_8s_2026_05_20-0080_no_flat_cal.fits,gaia_774290626745586944_src8,comparison,1028.525972036235,1419.3932284157504,0.41280372027536716,399.875,ok
no_flat,V_8 generic,light_V_8s_2026_05_20-0080_no_flat_cal.fits,gaia_774384016513181696_src3,comparison,349.00008499884103,1240.401333398819,0.7550749504434234,1541.5,ok
no_flat,V_8 generic,light_V_8s_2026_05_20-0081_no_flat_cal.fits,gaia_774271076054448768_src2,comparison,1465.9907963455273,308.13132091031645,0.10045677771091113,2222.75,ok
no_flat,V_8 generic,light_V_8s_2026_05_20-0081_no_flat_cal.fits,gaia_774272862760870784_src1,comparison,559.0144409436784,244.03284726758164,0.26711667076696555,3209.5,ok
no_flat,V_8 generic,light_V_8s_2026_05_20-0081_no_flat_cal.fits,gaia_774287774887292672_src5,comparison,1992.448306001621,1068.2056269944185,0.29708436859550336,1348.5,ok
no_flat,V_8 generic,light_V_8s_2026_05_20-0081_no_flat_cal.fits,gaia_774288805679445888_src7,comparison,1903.3575240979899,1339.0228657030298,0.23981305307634254,1065.875,ok
no_flat,V_8 generic,light_V_8s_2026_05_20-0081_no_flat_cal.fits,gaia_774289041901756032_src4,comparison,2000.0031193236962,1429.8604681417305,0.38552092853446446,1350.625,ok
no_flat,V_8 generic,light_V_8s_2026_05_20-0081_no_flat_cal.fits,gaia_774289488578357504_src6,comparison,898.8537548367169,1086.8795525003486,0.3714771173345346,1180.125,ok
no_flat,V_8 generic,light_V_8s_2026_05_20-0081_no_flat_cal.fits,gaia_774290626745586944_src8,comparison,1028.2242789034322,1419.8567444290625,0.576247432081214,363.875,ok
no_flat,V_8 generic,light_V_8s_2026_05_20-0081_no_flat_cal.fits,gaia_774384016513181696_src3,comparison,348.85596776351025,1240.862200898135,0.6761852958450396,1447.125,ok
no_flat,V_8 generic,light_V_8s_2026_05_20-0082_no_flat_cal.fits,gaia_774271076054448768_src2,comparison,1466.223215638241,306.9032281963986,0.17054125558513145,2138.375,ok
no_flat,V_8 generic,light_V_8s_2026_05_20-0082_no_flat_cal.fits,gaia_774272862760870784_src1,comparison,559.3058721114297,242.97353320008023,0.32194589770541554,3125.875,ok
no_flat,V_8 generic,light_V_8s_2026_05_20-0082_no_flat_cal.fits,gaia_774287774887292672_src5,comparison,1992.8098164017365,1067.044429698981,0.23992038227893253,1253.125,ok
no_flat,V_8 generic,light_V_8s_2026_05_20-0082_no_flat_cal.fits,gaia_774288805679445888_src7,comparison,1903.7083650612408,1337.8954523940702,0.3332671756700443,1003.625,ok
no_flat,V_8 generic,light_V_8s_2026_05_20-0082_no_flat_cal.fits,gaia_774289041901756032_src4,comparison,2000.3681306765143,1428.6431578665172,0.42403781613196445,1323.625,ok
no_flat,V_8 generic,light_V_8s_2026_05_20-0082_no_flat_cal.fits,gaia_774289488578357504_src6,comparison,899.347741084395,1085.8374547444123,0.30595986243352286,1106.625,ok
no_flat,V_8 generic,light_V_8s_2026_05_20-0082_no_flat_cal.fits,gaia_774290626745586944_src8,comparison,1029.1436424456156,1418.5593099038138,0.34762507985754765,362.375,ok
no_flat,V_8 generic,light_V_8s_2026_05_20-0082_no_flat_cal.fits,gaia_774384016513181696_src3,comparison,349.36507877684096,1239.8573285604368,0.10359727145619586,1354.125,ok
no_flat,V_8 generic,light_V_8s_2026_05_20-0083_no_flat_cal.fits,gaia_774271076054448768_src2,comparison,1466.6693045509849,307.88776544312543,0.30106935210223595,2564.5,ok
no_flat,V_8 generic,light_V_8s_2026_05_20-0083_no_flat_cal.fits,gaia_774272862760870784_src1,comparison,559.9109889166679,244.02089859299718,0.7787064923153235,3660.25,ok
no_flat,V_8 generic,light_V_8s_2026_05_20-0083_no_flat_cal.fits,gaia_774287774887292672_src5,comparison,1993.3549278215182,1067.97340998292,0.44147026014969826,1519.25,ok
no_flat,V_8 generic,light_V_8s_2026_05_20-0083_no_flat_cal.fits,gaia_774288805679445888_src7,comparison,1904.336238646543,1338.7497629768202,0.4852393308615088,1237.375,ok
no_flat,V_8 generic,light_V_8s_2026_05_20-0083_no_flat_cal.fits,gaia_774289041901756032_src4,comparison,2000.9268501913723,1429.5209545477976,0.7628183899516477,1584.625,ok
no_flat,V_8 generic,light_V_8s_2026_05_20-0083_no_flat_cal.fits,gaia_774289488578357504_src6,comparison,899.9143169532294,1086.8390757423517,0.7267536036024402,1323.625,ok
no_flat,V_8 generic,light_V_8s_2026_05_20-0083_no_flat_cal.fits,gaia_774290626745586944_src8,comparison,1029.5705152341147,1419.802925852521,0.7264016445384757,430.0,ok
no_flat,V_8 generic,light_V_8s_2026_05_20-0083_no_flat_cal.fits,gaia_774384016513181696_src3,comparison,349.8276308078778,1240.7358849742081,1.125349482349097,1664.875,ok
