flat,sequence,file,jd,target_rate,dn_rate,ensemble_rate,diff_flux,check_diff_flux,n_comps,good,reject_reason,minutes_combined,diff_flux_norm,check_diff_flux_norm,v_resid,dn_resid,v_corr_norm,correction_mode
flat_4s_masked_clipmean,V_8 generic,light_V_8s_2026_05_20-0001_flat_4s_masked_clipmean_cal.fits,2461181.672184375,188058.0267791748,275963.5729980469,1210.6643466949463,155.33457088462538,227.94391670277048,8,True,ok,0.0,0.982777269825039,0.9910635315368268,-0.01722273017496101,-0.008936468463173197,0.9850980318619492,global_beta
flat_4s_masked_clipmean,V_8 generic,light_V_8s_2026_05_20-0002_flat_4s_masked_clipmean_cal.fits,2461181.672376852,169921.66638183594,244363.24267578125,1049.415557861328,161.9202851615144,232.85650841101017,8,True,ok,0.2771667391061783,1.0244440427786017,1.012422691095865,0.024444042778601682,0.012422691095864913,1.021217923869286,global_beta
flat_4s_masked_clipmean,V_8 generic,light_V_8s_2026_05_20-0003_flat_4s_masked_clipmean_cal.fits,2461181.6725682872,198199.65267944336,299064.12243652344,1281.463535308838,154.6666348423847,233.37700542875595,8,True,ok,0.5528334528207779,0.9785513440940656,1.0146857285132405,-0.021448655905934366,0.01468572851324046,0.974737524198841,global_beta
flat_4s_masked_clipmean,V_8 generic,light_V_8s_2026_05_20-0004_flat_4s_masked_clipmean_cal.fits,2461181.6727600694,170219.9238128662,252501.66204833984,1072.9234743118286,158.65057283982438,235.33986168985072,8,True,ok,0.8289997279644012,1.0037570898979673,1.0232199122114016,0.003757089897967303,0.023219912211401628,0.9977269795716479,global_beta
flat_4s_masked_clipmean,V_8 generic,light_V_8s_2026_05_20-0005_flat_4s_masked_clipmean_cal.fits,2461181.6729527777,195185.70652008057,285622.5554122925,1249.5092239379885,156.20989647833716,228.58779266319976,8,True,ok,1.10649973154068,0.9883153164575236,0.9938630007766521,-0.011684683542476426,-0.006136999223347872,0.9899090684946718,global_beta
flat_4s_masked_clipmean,V_8 generic,light_V_8s_2026_05_20-0006_flat_4s_masked_clipmean_cal.fits,2461181.6731434027,188493.9375076294,277009.0774459839,1200.902629852295,156.9602171083706,230.6673918101542,8,True,ok,1.3809996843338013,0.9930624764495216,1.0029047637882489,-0.006937523550478386,0.0029047637882488875,0.9923081219129684,global_beta
flat_4s_masked_clipmean,V_8 generic,light_V_8s_2026_05_20-0007_flat_4s_masked_clipmean_cal.fits,2461181.6733350693,201065.762802124,286432.40783691406,1286.2278089523315,156.32204606577253,222.6918169886416,8,True,ok,1.6569996625185013,0.9890248691651021,0.9682282457087981,-0.010975130834897873,-0.03177175429120194,0.9972758557275141,global_beta
flat_4s_masked_clipmean,V_8 generic,light_V_8s_2026_05_20-0008_flat_4s_masked_clipmean_cal.fits,2461181.6735259257,156343.6325263977,228920.1954650879,972.122612953186,160.82707103319555,235.4848991421537,8,True,ok,1.931832879781723,1.0175274498383131,1.023850511754323,0.017527449838313114,0.023850511754323067,1.0113335755502302,global_beta
flat_4s_masked_clipmean,V_8 generic,light_V_8s_2026_05_20-0009_flat_4s_masked_clipmean_cal.fits,2461181.6737177083,200657.6000289917,292133.57302856445,1276.1754269599917,157.23355566168755,228.91333499851424,8,True,ok,2.2079998254776,0.9947918462584244,0.9952784065535135,-0.005208153741575572,-0.004721593446486483,0.9960180235643128,global_beta
flat_4s_masked_clipmean,V_8 generic,light_V_8s_2026_05_20-0010_flat_4s_masked_clipmean_cal.fits,2461181.6739096064,176343.88552856445,251439.469039917,1109.9715733528135,158.8724339992733,226.52784546581793,8,True,ok,2.4843330681324005,1.0051607703750285,0.9849066812847891,0.0051607703750284895,-0.015093318715210913,1.0090804396749982,global_beta
flat_4s_masked_clipmean,V_8 generic,light_V_8s_2026_05_20-0011_flat_4s_masked_clipmean_cal.fits,2461181.67410081,222007.7739944458,322548.65689086914,1415.4263288974762,156.84869601611496,227.8809220272971,8,True,ok,2.7596665173768997,0.992356900131573,0.9907896408077135,-0.007643099868427039,-0.009210359192286521,0.994748790400962,global_beta
flat_4s_masked_clipmean,V_8 generic,light_V_8s_2026_05_20-0012_flat_4s_masked_clipmean_cal.fits,2461181.674292361,174665.01085662842,251567.26734924316,1113.3429222106934,156.883389090764,225.9566772560266,8,True,ok,3.0354995280504227,0.9925763977295079,0.9824233336645256,-0.007423602270492102,-0.01757666633547439,0.9971409816179763,global_beta
flat_4s_masked_clipmean,V_8 generic,light_V_8s_2026_05_20-0013_flat_4s_masked_clipmean_cal.fits,2461181.6744832178,187068.294921875,277295.2137527466,1205.1264655590055,155.22710708631078,230.09636057085623,8,True,ok,3.310333415865898,0.9820973633643509,1.000422011693687,-0.01790263663564906,0.00042201169368705216,0.9819877687608588,global_beta
flat_4s_masked_clipmean,V_8 generic,light_V_8s_2026_05_20-0014_flat_4s_masked_clipmean_cal.fits,2461181.674675,156384.59091186523,233228.5250854492,1006.062105178833,155.4422834404115,231.8231885336657,7,True,ok,3.5864996910095215,0.9834587501349179,1.0079299822679142,-0.016541249865082097,0.007929982267914193,0.9813993681904074,global_beta
flat_4s_masked_clipmean,V_8 generic,light_V_8s_2026_05_20-0015_flat_4s_masked_clipmean_cal.fits,2461181.6748667825,170887.0870361328,251040.310546875,1075.4691185951233,158.89539186337703,233.42400651615824,8,True,ok,3.8626666367053986,1.0053060211513134,1.0148900816907274,0.0053060211513134,0.014890081690727364,1.0014391316236733,global_beta
flat_4s_masked_clipmean,V_8 generic,light_V_8s_2026_05_20-0016_flat_4s_masked_clipmean_cal.fits,2461181.675058449,185428.77694702148,274756.6262664795,1168.832789182663,158.6444003480493,235.06923215134157,8,True,ok,4.138666614890099,1.0037180375184473,1.0220432584535266,0.003718037518447348,0.022043258453526615,0.9979934990612749,global_beta
flat_4s_masked_clipmean,V_8 generic,light_V_8s_2026_05_20-0017_flat_4s_masked_clipmean_cal.fits,2461181.6752502313,209428.5072631836,298863.6688156128,1332.9426202774048,157.11742131825486,224.2134539545407,8,True,ok,4.414832890033722,0.9940570826296861,0.9748440787915795,-0.005942917370313938,-0.025155921208420473,1.0005899660818676,global_beta
flat_4s_masked_clipmean,V_8 generic,light_V_8s_2026_05_20-0018_flat_4s_masked_clipmean_cal.fits,2461181.67544213,127863.46214294434,188454.5936279297,820.2137484550476,155.89041561884034,229.76278315610077,8,True,ok,4.691166803240776,0.986294011573044,0.9989716706822198,-0.013705988426956028,-0.0010283293177801855,0.9865610642294687,global_beta
flat_4s_masked_clipmean,V_8 generic,light_V_8s_2026_05_20-0019_flat_4s_masked_clipmean_cal.fits,2461181.6756346063,219911.68732833865,322910.7644042969,1386.7233595848083,158.58367554591513,232.85881944108732,8,True,ok,4.968332871794701,1.0033338412966262,1.0124327390833825,0.003333841296626172,0.012432739083382494,1.000105112968604,global_beta
flat_4s_masked_clipmean,V_8 generic,light_V_8s_2026_05_20-0020_flat_4s_masked_clipmean_cal.fits,2461181.6758256946,196515.3620758057,287903.07761764526,1220.0930285453796,161.06588389419403,235.96813593869095,8,True,ok,5.2435000240802765,1.0190383810508215,1.0259515477155907,0.01903838105082145,0.025951547715590717,1.0122988768511927,global_beta
flat_4s_masked_clipmean,V_8 generic,light_V_8s_2026_05_20-0021_flat_4s_masked_clipmean_cal.fits,2461181.676017361,203667.4568977356,295586.02687072754,1271.5428156852722,160.17349505291585,232.4625039947455,8,True,ok,5.5195000022649765,1.0133923779488778,1.010709623189194,0.01339237794887782,0.010709623189194106,1.010611135332791,global_beta
flat_4s_masked_clipmean,V_8 generic,light_V_8s_2026_05_20-0022_flat_4s_masked_clipmean_cal.fits,2461181.676209028,208445.83959198,297949.4380645752,1307.1500074863434,159.46589021777422,227.9382139449577,8,True,ok,5.7954999804496765,1.0089154740373074,0.9910387368619823,0.008915474037307414,-0.008961263138017705,1.0112426751435584,global_beta
flat_4s_masked_clipmean,V_8 generic,light_V_8s_2026_05_20-0023_flat_4s_masked_clipmean_cal.fits,2461181.6764001157,220469.37432289124,325938.15519714355,1398.7824001312256,157.61520469674775,233.0156249939704,8,True,ok,6.070666462182999,0.9972064793601981,1.0131145044371275,-0.002793520639801872,0.013114504437127472,0.9938006995316226,global_beta
flat_4s_masked_clipmean,V_8 generic,light_V_8s_2026_05_20-0024_flat_4s_masked_clipmean_cal.fits,2461181.6765917824,158857.6625366211,227893.61166381836,981.578582763672,161.83896564791715,232.17052171429333,8,True,ok,6.346666440367699,1.0239295470736116,1.0094401311395842,0.023929547073611612,0.009440131139584196,1.0214779860277148,global_beta
flat_4s_masked_clipmean,V_8 generic,light_V_8s_2026_05_20-0025_flat_4s_masked_clipmean_cal.fits,2461181.676783449,219228.3834991455,335357.6691894531,1479.7249131202698,148.15482361303393,226.63514428657575,8,True,ok,6.622666418552399,0.9373521440373653,0.9853731993203139,-0.06264785596263467,-0.014626800679686136,0.941150660630218,global_beta
flat_4s_masked_clipmean,V_8 generic,light_V_8s_2026_05_20-0026_flat_4s_masked_clipmean_cal.fits,2461181.676976158,226982.70991897583,329522.82207489014,1418.9236516952517,159.96823341959904,232.23435713485677,8,True,ok,6.900166422128677,1.0120937200490805,1.0097176772932868,0.012093720049080492,0.009717677293286764,1.0095700814728195,global_beta
flat_4s_masked_clipmean,V_8 generic,light_V_8s_2026_05_20-0027_flat_4s_masked_clipmean_cal.fits,2461181.6771674766,197371.10391235352,289579.32946014404,1254.8105492591858,157.29155610691777,230.77533866056967,8,True,ok,7.1756661683321,0.9951588059048662,1.003374099352622,-0.004841194095133838,0.0033740993526218954,0.9942825669611942,global_beta
flat_4s_masked_clipmean,V_8 generic,light_V_8s_2026_05_20-0028_flat_4s_masked_clipmean_cal.fits,2461181.677359375,172902.55792236328,249075.0163192749,1060.222002506256,163.081465498395,234.92722819417736,8,True,ok,7.452000081539154,1.03179064717423,1.0214258480601495,0.03179064717422997,0.021425848060149466,1.0262264475139824,global_beta
flat_4s_masked_clipmean,V_8 generic,light_V_8s_2026_05_20-0029_flat_4s_masked_clipmean_cal.fits,2461181.677550463,224344.9855861664,334286.1472167969,1436.3695850372314,156.18890007361946,232.72989813978273,8,True,ok,7.727166563272476,0.9881824755246451,1.0118722099760062,-0.01181752447535489,0.011872209976006243,0.9850993141706846,global_beta
flat_4s_masked_clipmean,V_8 generic,light_V_8s_2026_05_20-0030_flat_4s_masked_clipmean_cal.fits,2461181.677741667,193324.3642578125,275745.42251968384,1204.7265844345093,160.47156820114307,228.8863100411426,8,True,ok,8.002500012516975,1.0152782396289572,0.995160906380314,0.015278239628957246,-0.004839093619686041,1.016534931219366,global_beta
flat_4s_masked_clipmean,V_8 generic,light_V_8s_2026_05_20-0031_flat_4s_masked_clipmean_cal.fits,2461181.6779328706,207392.67846679688,303519.0845336914,1303.153425693512,159.14678531150443,232.91124325761157,8,True,ok,8.277833461761475,1.0068965477494527,1.0126606694159517,0.006896547749452697,0.012660669415951675,1.0036086269042672,global_beta
flat_4s_masked_clipmean,V_8 generic,light_V_8s_2026_05_20-0032_flat_4s_masked_clipmean_cal.fits,2461181.6781244213,152334.32664489746,232142.7776184082,994.2055444717408,153.2221656698148,233.495758406532,8,True,ok,8.553666472434998,0.9694124160262174,1.0152020473834156,-0.030587583973782584,0.015202047383415573,0.9654645103634683,global_beta
flat_4s_masked_clipmean,V_8 generic,light_V_8s_2026_05_20-0033_flat_4s_masked_clipmean_cal.fits,2461181.678316204,216758.5718269348,312832.36933898926,1394.0674238204956,155.48643352765507,224.4026106582851,8,True,ok,8.829833418130875,0.9837380807562771,0.9756665017521854,-0.01626191924372289,-0.02433349824781461,0.9900573845384668,global_beta
flat_4s_masked_clipmean,V_8 generic,light_V_8s_2026_05_20-0034_flat_4s_masked_clipmean_cal.fits,2461181.6785078705,197630.8365783691,291685.65629577637,1265.3089656829834,156.19176180553873,230.52524261402945,8,True,ok,9.105833396315576,0.988200581250026,1.0022867219192035,-0.011799418749974033,0.002286721919203538,0.9876067295018854,global_beta
flat_4s_masked_clipmean,V_8 generic,light_V_8s_2026_05_20-0035_flat_4s_masked_clipmean_cal.fits,2461181.678699537,216133.21784210205,316122.6046600342,1385.486701965332,155.99804569434994,228.167187899826,8,True,ok,9.381833374500276,0.9869749700432544,0.9920342788339913,-0.013025029956745593,-0.007965721166008688,0.9890436332243384,global_beta
flat_4s_masked_clipmean,V_8 generic,light_V_8s_2026_05_20-0036_flat_4s_masked_clipmean_cal.fits,2461181.6788909724,213413.45834350583,308731.1418647766,1358.4311621189115,157.1028877242618,227.27036192486247,8,True,ok,9.657500088214874,0.9939651308784184,0.9881350235663884,-0.006034869121581576,-0.011864976433611618,0.9970464137128439,global_beta
flat_4s_masked_clipmean,V_8 generic,light_V_8s_2026_05_20-0037_flat_4s_masked_clipmean_cal.fits,2461181.67908206,216471.18631744385,317581.088760376,1395.3468914031982,155.13789986643008,227.6000976653253,8,True,ok,9.932666569948196,0.9815329633888417,0.989568661595181,-0.01846703661115834,-0.010431338404819024,0.9842419366553876,global_beta
flat_4s_masked_clipmean,V_8 generic,light_V_8s_2026_05_20-0038_flat_4s_masked_clipmean_cal.fits,2461181.6792738424,178995.67594909668,260655.8795928955,1148.4233541488647,155.86210024591185,226.9684595417135,8,True,ok,10.20883284509182,0.9861148646855078,0.9868224005038779,-0.013885135314492203,-0.013177599496122072,0.9895370300267983,global_beta
flat_4s_masked_clipmean,V_8 generic,light_V_8s_2026_05_20-0040_flat_4s_masked_clipmean_cal.fits,2461181.679657176,213097.106962204,307401.1438064575,1347.6099271774292,158.1296654652405,228.10839962444447,8,True,ok,10.760833472013474,1.0004613913003542,0.9917786768567358,0.00046139130035416365,-0.008221323143264181,1.0025964332045119,global_beta
flat_4s_masked_clipmean,V_8 generic,light_V_8s_2026_05_20-0041_flat_4s_masked_clipmean_cal.fits,2461181.679848843,198996.35833740231,290201.90270233154,1229.6368045806885,161.83344349818887,236.00619436671113,8,True,ok,11.036833450198174,1.0238946093053956,1.026117019646687,0.023894609305395553,0.02611701964668689,1.017112132764126,global_beta
flat_4s_masked_clipmean,V_8 generic,light_V_8s_2026_05_20-0042_flat_4s_masked_clipmean_cal.fits,2461181.6800405094,197020.2897644043,278479.1510543823,1231.738399028778,159.95303054589692,226.086278769877,8,True,ok,11.312833428382874,1.0119975338709144,0.9829868202267776,0.0119975338709144,-0.017013179773222364,1.016415782747138,global_beta
flat_4s_masked_clipmean,V_8 generic,light_V_8s_2026_05_20-0043_flat_4s_masked_clipmean_cal.fits,2461181.6802317128,192673.5735015869,282024.94689941406,1215.5467810630798,158.50774030521518,232.01488522947977,8,True,ok,11.58816620707512,1.0028534110349427,1.0087634487059993,0.0028534110349427433,0.008763448705999322,1.0005775814773155,global_beta
flat_4s_masked_clipmean,V_8 generic,light_V_8s_2026_05_20-0044_flat_4s_masked_clipmean_cal.fits,2461181.6804236113,228766.79168701172,327912.1995010376,1419.4005918502808,161.17140784674422,231.0216026284608,8,True,ok,11.864500120282171,1.0197060144140697,1.004444815523682,0.019706014414069717,0.004444815523682033,1.018551715132319,global_beta
flat_4s_masked_clipmean,V_8 generic,light_V_8s_2026_05_20-0045_flat_4s_masked_clipmean_cal.fits,2461181.680614699,160814.879737854,235566.56146240231,1031.525024175644,155.90012454266073,228.36727751772992,8,True,ok,12.139666602015495,0.9863554383989643,0.9929042363490335,-0.013644561601035665,-0.007095763650966536,0.9881981773927753,global_beta
flat_4s_masked_clipmean,V_8 generic,light_V_8s_2026_05_20-0046_flat_4s_masked_clipmean_cal.fits,2461181.6808056715,210694.01571655273,298508.0870895386,1303.8819780349731,161.5897905376996,228.93796533594843,8,True,ok,12.414666786789894,1.0223530555486835,0.9953854953039113,0.022353055548683498,-0.004614504696088706,1.0235514223713225,global_beta
flat_4s_masked_clipmean,V_8 generic,light_V_8s_2026_05_20-0047_flat_4s_masked_clipmean_cal.fits,2461181.6809974536,217742.7058944702,311064.12197494507,1337.235268115997,162.8305138864931,232.61734818974435,8,True,ok,12.690833061933516,1.03020291600403,1.0113828608739428,0.030202916004030023,0.011382860873942802,1.027246836485981,global_beta
flat_4s_masked_clipmean,V_8 generic,light_V_8s_2026_05_20-0048_flat_4s_masked_clipmean_cal.fits,2461181.6811891203,143596.0371170044,205934.9126586914,908.4071941375732,158.0745265379939,226.6989010960031,7,True,ok,12.966833040118216,1.0001125360257563,0.9856504036854252,0.00011253602575633792,-0.014349596314574775,1.0038390638492571,global_beta
flat_4s_masked_clipmean,V_8 generic,light_V_8s_2026_05_20-0049_flat_4s_masked_clipmean_cal.fits,2461181.68138044,215856.91638946533,317357.51794433594,1355.900894165039,159.19815181063774,234.05657397974065,8,True,ok,13.242333456873894,1.0072215354678415,1.0176403834029275,0.007221535467841544,0.017640383402927506,1.0026404045337636,global_beta
flat_4s_masked_clipmean,V_8 generic,light_V_8s_2026_05_20-0050_flat_4s_masked_clipmean_cal.fits,2461181.6815721067,233141.39982795715,334564.30126953125,1447.6162180900574,161.05193967469992,231.113949324874,8,True,ok,13.518333435058594,1.018950158178822,1.0048463241245558,0.018950158178822063,0.0048463241245557676,1.0176915888577105,global_beta
flat_4s_masked_clipmean,V_8 generic,light_V_8s_2026_05_20-0051_flat_4s_masked_clipmean_cal.fits,2461181.6817636574,217683.95845031735,316519.06300354004,1385.6806499958038,157.0953296136282,228.42136317953097,8,True,ok,13.794166445732117,0.9939173119074629,0.9931393921178971,-0.006082688092537092,-0.006860607882102854,0.9956989819696943,global_beta
flat_4s_masked_clipmean,V_8 generic,light_V_8s_2026_05_20-0052_flat_4s_masked_clipmean_cal.fits,2461181.681955324,205149.80350875857,310756.380859375,1323.043327331543,155.05902132663098,234.8799728926052,8,True,ok,14.070166423916817,0.9810339113391269,1.0212203896002907,-0.018966088660873126,0.021220389600290712,0.9755230683483251,global_beta
flat_4s_masked_clipmean,V_8 generic,light_V_8s_2026_05_20-0053_flat_4s_masked_clipmean_cal.fits,2461181.682147222,216389.89889335632,310716.2125930786,1378.5164432525637,156.97302701938875,225.39898897393937,8,True,ok,14.346499666571615,0.9931435227311408,0.9799985946044226,-0.006856477268859185,-0.020001405395577376,0.9983378008196492,global_beta
flat_4s_masked_clipmean,V_8 generic,light_V_8s_2026_05_20-0054_flat_4s_masked_clipmean_cal.fits,2461181.6823388888,220513.1130142212,321895.33612060547,1399.0984990596771,157.61085667837276,230.07339107071357,8,True,ok,14.622499644756315,0.9971789701354107,1.0003221439970258,-0.0028210298645893195,0.0003221439970257922,0.9970953107388832,global_beta
flat_4s_masked_clipmean,V_8 generic,light_V_8s_2026_05_20-0055_flat_4s_masked_clipmean_cal.fits,2461181.682530903,177444.05764770508,261946.8069458008,1121.909842967987,158.1624929667083,233.48293856913355,8,True,ok,14.898999854922296,1.0006690857117397,1.0151463087898631,0.0006690857117397364,0.015146308789863117,0.9967356551195893,global_beta
flat_4s_masked_clipmean,V_8 generic,light_V_8s_2026_05_20-0057_flat_4s_masked_clipmean_cal.fits,2461181.682914352,197112.64293670657,294754.9790649414,1261.357482433319,156.27024509851972,233.68076312222095,8,True,ok,15.451166778802872,0.9886971326356155,1.0160064181669568,-0.011302867364384461,0.016006418166956804,0.9845403353748335,global_beta
flat_4s_masked_clipmean,V_8 generic,light_V_8s_2026_05_20-0058_flat_4s_masked_clipmean_cal.fits,2461181.68310625,193807.4358139038,285616.69636154175,1260.6855835914612,153.73177764259196,226.55664511358364,8,True,ok,15.727500021457672,0.9726366504025307,0.9850318975267252,-0.027363349597469333,-0.014968102473274847,0.9765238015884504,global_beta
flat_4s_masked_clipmean,V_8 generic,light_V_8s_2026_05_20-0059_flat_4s_masked_clipmean_cal.fits,2461181.683298148,232360.6802940369,335337.83615493774,1470.1092853546145,158.05673946069098,228.1040188614609,8,True,ok,16.003833264112473,1.0,0.9917596300030355,0.0,-0.008240369996964536,1.0021399882893178,global_beta
flat_4s_masked_clipmean,V_8 generic,light_V_8s_2026_05_20-0060_flat_4s_masked_clipmean_cal.fits,2461181.683489236,201580.47198486328,281139.50845336914,1250.3708176612854,161.2165520320626,224.84490559306016,8,True,ok,16.278999745845795,1.01999163453677,0.977589529075659,0.01999163453677011,-0.02241047092434101,1.0258115364773206,global_beta
flat_4s_masked_clipmean,V_8 generic,light_V_8s_2026_05_20-0061_flat_4s_masked_clipmean_cal.fits,2461181.683680787,210161.60900497437,313086.3737792969,1324.1317057609558,158.71654465384023,236.44655015595407,8,True,ok,16.55483342707157,1.0041744831343515,1.028031615876903,0.0041744831343515365,0.02803161587690295,0.9968947942697343,global_beta
flat_4s_masked_clipmean,V_8 generic,light_V_8s_2026_05_20-0062_flat_4s_masked_clipmean_cal.fits,2461181.683872454,218769.9807281494,324017.25996398926,1393.9096596240995,156.9470296856583,232.4521232253804,8,True,ok,16.83083340525627,0.9929790417111023,1.0106644892716241,-0.007020958288897705,0.010664489271624111,0.9902095201773315,global_beta
flat_4s_masked_clipmean,V_8 generic,light_V_8s_2026_05_20-0063_flat_4s_masked_clipmean_cal.fits,2461181.6840641205,192421.9169921875,278226.38318634033,1210.0734360218048,159.01672680691766,229.92520528425752,8,True,ok,17.10683338344097,1.0060736881546606,0.9996778560029742,0.006073688154660584,-0.0003221439970257922,1.006157347551188,global_beta
flat_4s_masked_clipmean,V_8 generic,light_V_8s_2026_05_20-0064_flat_4s_masked_clipmean_cal.fits,2461181.684255671,217219.9999694824,316938.8042602539,1371.9240131378174,158.3323842205111,231.017754063042,8,True,ok,17.382666394114494,1.001743960812811,1.0044280825794978,0.0017439608128109185,0.004428082579497783,1.0005940070039712,global_beta
flat_4s_masked_clipmean,V_8 generic,light_V_8s_2026_05_20-0065_flat_4s_masked_clipmean_cal.fits,2461181.684446991,211173.34442138672,313320.77685546875,1339.8989334106443,157.60393501012476,233.83911207237597,8,True,ok,17.65816681087017,0.9971351778348001,1.0166948939640994,-0.0028648221651998984,0.0166948939640994,0.9927995864004668,global_beta
flat_4s_masked_clipmean,V_8 generic,light_V_8s_2026_05_20-0066_flat_4s_masked_clipmean_cal.fits,2461181.684639352,184161.2387542725,267216.844329834,1157.9638152122498,159.03885452631047,230.76441665912876,8,True,ok,17.935166582465172,1.006213686736615,1.003326612244933,0.006213686736614932,0.003326612244932914,1.00534977998851,global_beta
flat_4s_masked_clipmean,V_8 generic,light_V_8s_2026_05_20-0067_flat_4s_masked_clipmean_cal.fits,2461181.6848310186,227211.8597755432,330381.0062637329,1456.257607460022,156.0244963608067,226.8698920927716,8,True,ok,18.211166560649872,0.9871423192277752,0.9863938450703487,-0.012857680772224822,-0.013606154929651337,0.9906757785533666,global_beta
flat_4s_masked_clipmean,V_8 generic,light_V_8s_2026_05_20-0068_flat_4s_masked_clipmean_cal.fits,2461181.6850228007,226379.3798160553,331976.1142501831,1451.1266765594482,156.00249342310346,228.771284831785,8,True,ok,18.487332835793495,0.9870031101198414,0.9946607952483711,-0.012996889880158569,-0.0053392047516288565,0.9883896783985674,global_beta
flat_4s_masked_clipmean,V_8 generic,light_V_8s_2026_05_20-0069_flat_4s_masked_clipmean_cal.fits,2461181.685213773,224690.1354141235,315908.9258117676,1436.951390504837,156.36585684028202,219.84663357386145,8,True,ok,18.762333020567898,0.9893020530084421,0.9558578452887735,-0.010697946991557905,-0.04414215471122651,1.0007655788188219,global_beta
flat_4s_masked_clipmean,V_8 generic,light_V_8s_2026_05_20-0070_flat_4s_masked_clipmean_cal.fits,2461181.685405671,205245.20695495603,297915.87954330444,1301.0705852508545,157.75101618747573,228.97749201352084,8,True,ok,19.038666263222694,0.9980657371886931,0.9955573509481921,-0.0019342628113069305,-0.004442649051807912,0.9992194738471101,global_beta
flat_4s_masked_clipmean,V_8 generic,light_V_8s_2026_05_20-0071_flat_4s_masked_clipmean_cal.fits,2461181.6855980325,234224.75929260257,344092.47021484375,1510.5431547164917,155.05995877129595,227.79386947036625,8,True,ok,19.31566670536995,0.9810398424033014,0.9904111502748264,-0.018960157596698557,-0.009588849725173598,0.983530025019793,global_beta
flat_4s_masked_clipmean,V_8 generic,light_V_8s_2026_05_20-0072_flat_4s_masked_clipmean_cal.fits,2461181.6857905095,221591.83047485352,315421.5119628906,1406.339241027832,157.56641357237655,224.28550861765245,8,True,ok,19.592833444476128,0.9968977856307331,0.9751573608914933,-0.0031022143692669424,-0.024842639108506703,1.003349311082568,global_beta
flat_4s_masked_clipmean,V_8 generic,light_V_8s_2026_05_20-0073_flat_4s_masked_clipmean_cal.fits,2461181.68598206,194830.45497131348,280644.05784606934,1229.226812839508,158.49837713941176,228.30941768816683,8,True,ok,19.86866645514965,1.0027941717653275,0.9926526711050454,0.00279417176532748,-0.007347328894954597,1.0047022411601194,global_beta
flat_4s_masked_clipmean,V_8 generic,light_V_8s_2026_05_20-0075_flat_4s_masked_clipmean_cal.fits,2461181.686365625,226352.57012939453,315365.4030570984,1411.4148533344269,160.3728128513336,223.43919812949164,8,True,ok,20.42099967598915,1.0146534301450565,0.9714777388453959,0.01465343014505649,-0.0285222611546041,1.0220605374567673,global_beta
flat_4s_masked_clipmean,V_8 generic,light_V_8s_2026_05_20-0076_flat_4s_masked_clipmean_cal.fits,2461181.686557176,180968.37633132935,270638.47875213623,1181.272159576416,153.19786796314705,229.1076417556328,8,True,ok,20.696833357214928,0.9692586882778742,0.9961232211188547,-0.030741311722125797,-0.0038767788811453485,0.9702654709112974,global_beta
flat_4s_masked_clipmean,V_8 generic,light_V_8s_2026_05_20-0077_flat_4s_masked_clipmean_cal.fits,2461181.6867488427,228749.4764289856,330089.6313934326,1430.8772540092468,159.86659637508455,230.69038973716152,8,True,ok,20.972833335399628,1.0114506785384099,1.0030047550803511,0.011450678538409864,0.0030047550803511403,1.010670356697693,global_beta
flat_4s_masked_clipmean,V_8 generic,light_V_8s_2026_05_20-0079_flat_4s_masked_clipmean_cal.fits,2461181.6871314817,216914.6134033203,309730.11586761475,1361.3712780475616,159.3353825669165,227.51333222764953,8,True,ok,21.523833498358727,1.0080897727650742,0.9891914194106903,0.008089772765074166,-0.010808580589309669,1.0108967141880676,global_beta
flat_4s_masked_clipmean,V_8 generic,light_V_8s_2026_05_20-0080_flat_4s_masked_clipmean_cal.fits,2461181.687323264,232215.00450897217,331812.0783920288,1465.9909391403198,158.40139137909455,226.33978801165625,8,True,ok,21.79999977350235,1.002180558194352,0.9840890376847788,0.0021805581943519226,-0.015910962315221155,1.00631256598513,global_beta
flat_4s_masked_clipmean,V_8 generic,light_V_8s_2026_05_20-0081_flat_4s_masked_clipmean_cal.fits,2461181.6875149305,214286.88164901733,310893.34129333496,1348.7114882469175,158.88266950817757,230.5113762302421,8,True,ok,22.07599975168705,1.0052255288215155,1.0022264331100759,0.005225528821515502,0.002226433110075865,1.004647333815191,global_beta
flat_4s_masked_clipmean,V_8 generic,light_V_8s_2026_05_20-0082_flat_4s_masked_clipmean_cal.fits,2461181.687706597,205837.60920524597,299553.5930786133,1290.6600246429443,159.48243943031403,232.09333779550775,8,True,ok,22.35199972987175,1.009020178288428,1.0091045478599951,0.009020178288428049,0.009104547859995149,1.0066557667623557,global_beta
flat_4s_masked_clipmean,V0399 named,light_V0399_V_8s_2026_05_20-0001_flat_4s_masked_clipmean_cal.fits,2461181.689061574,213183.32125854492,315682.1022491455,1342.0599579811096,158.84783685763287,235.2220557448365,8,True,ok,24.303166642785072,1.001860863080357,1.0212039647598175,0.0018608630803569337,0.02120396475981745,0.9963542855492712,global_beta
flat_4s_masked_clipmean,V0399 named,light_V0399_V_8s_2026_05_20-0002_flat_4s_masked_clipmean_cal.fits,2461181.689252662,212790.1545791626,309838.4415588379,1323.7630190849304,160.7464111863895,234.05884368413464,8,True,ok,24.57833312451839,1.0138352616825557,1.0161539418591854,0.013835261682555666,0.016153941859185394,1.0096401531597936,global_beta
flat_4s_masked_clipmean,V0399 named,light_V0399_V_8s_2026_05_20-0003_flat_4s_masked_clipmean_cal.fits,2461181.68944375,207354.6053466797,300223.7621154785,1291.1156644821167,160.6011072833295,232.5304931033442,8,True,ok,24.853499606251717,1.0129188230541901,1.0095186896176216,0.01291882305419012,0.00951868961762159,1.010446860712831,global_beta
flat_4s_masked_clipmean,V0399 named,light_V0399_V_8s_2026_05_20-0004_flat_4s_masked_clipmean_cal.fits,2461181.6896349536,213364.7642211914,310756.8755722046,1355.3813123703003,157.42047073679777,229.2763466162528,8,True,ok,25.128833055496216,0.9928583970597893,0.9953909868220476,-0.007141602940210712,-0.00460901317795237,0.9940553377590252,global_beta
flat_4s_masked_clipmean,V0399 named,light_V0399_V_8s_2026_05_20-0005_flat_4s_masked_clipmean_cal.fits,2461181.6898260415,194209.5655517578,283333.44190979004,1227.5313997268677,158.21148493225547,230.81563695465,8,True,ok,25.403999537229534,0.9978473612172323,1.0020737334357108,-0.002152638782767724,0.002073733435710823,0.9973088216529624,global_beta
flat_4s_masked_clipmean,V0399 named,light_V0399_V_8s_2026_05_20-0006_flat_4s_masked_clipmean_cal.fits,2461181.6900171298,216077.6523590088,317528.653011322,1385.3843216896057,155.9694656393122,229.19896525468553,8,True,ok,25.67916668951511,0.9837068388890364,0.9950550397826394,-0.016293161110963572,-0.004944960217360572,0.9849910235749416,global_beta
flat_4s_masked_clipmean,V0399 named,light_V0399_V_8s_2026_05_20-0007_flat_4s_masked_clipmean_cal.fits,2461181.6902081016,215673.02684020996,315157.4346923828,1384.4603991508484,155.78128993251948,227.6391833855869,8,True,ok,25.95416620373726,0.9825200057552175,0.9882833302852447,-0.017479994244782526,-0.011716669714755268,0.9855627739790493,global_beta
flat_4s_masked_clipmean,V0399 named,light_V0399_V_8s_2026_05_20-0008_flat_4s_masked_clipmean_cal.fits,2461181.690400463,222262.18292236328,318557.74507141113,1382.74866604805,160.73939420791297,230.3800776621696,8,True,ok,26.23116664588451,1.013791005265523,1.0001827760807107,0.013791005265523015,0.0001827760807107115,1.0137435391114022,global_beta
flat_4s_masked_clipmean,V0399 named,light_V0399_V_8s_2026_05_20-0009_flat_4s_masked_clipmean_cal.fits,2461181.690591667,197969.2242774963,298343.87981033325,1270.3869154453278,155.8338029702543,234.84489345968296,8,True,ok,26.506500095129013,0.9828512079821332,1.019566534886428,-0.017148792017866787,0.01956653488642801,0.9777698638756296,global_beta
flat_4s_masked_clipmean,V0399 named,light_V0399_V_8s_2026_05_20-0010_flat_4s_masked_clipmean_cal.fits,2461181.690783102,226189.14010238647,318337.32748794556,1422.5143485069275,159.0065789774246,223.78496766803983,8,True,ok,26.782166808843613,1.002862057180874,0.9715504590443425,0.002862057180873956,-0.02844954095565755,1.010250279372839,global_beta
flat_4s_masked_clipmean,V0399 named,light_V0399_V_8s_2026_05_20-0011_flat_4s_masked_clipmean_cal.fits,2461181.690974884,191865.28337097168,284279.98361968994,1207.2715711593628,158.92470919920717,235.47310349293753,8,True,ok,27.058333083987236,1.0023457005953031,1.0222938751208717,0.0023457005953031462,0.022293875120871665,0.9965560780783829,global_beta
flat_4s_masked_clipmean,V0399 named,light_V0399_V_8s_2026_05_20-0012_flat_4s_masked_clipmean_cal.fits,2461181.691166551,219301.796875,305594.06830596924,1367.6404151916504,160.35047987688253,223.44621064970917,8,True,ok,27.334333062171936,1.011338104079971,0.9700797635812234,0.011338104079970934,-0.029920236418776613,1.0191082594945202,global_beta
flat_4s_masked_clipmean,V0399 named,light_V0399_V_8s_2026_05_20-0013_flat_4s_masked_clipmean_cal.fits,2461181.691357754,197647.93408966064,282007.0116920471,1243.1411488056185,158.9907423461578,226.8503556197082,8,True,ok,27.609666511416435,1.0027621747941629,0.9848586767616747,0.0027621747941628527,-0.015141323238325288,1.006694310660238,global_beta
flat_4s_masked_clipmean,V0399 named,light_V0399_V_8s_2026_05_20-0014_flat_4s_masked_clipmean_cal.fits,2461181.6915494213,221877.6749534607,329897.6132965088,1406.3622057437897,157.76709161216058,234.5751414174517,8,True,ok,27.885666489601135,0.9950445514086452,1.0183954208335544,-0.004955448591354772,0.018395420833554388,0.9902673405339659,global_beta
flat_4s_masked_clipmean,V0399 named,light_V0399_V_8s_2026_05_20-0015_flat_4s_masked_clipmean_cal.fits,2461181.6917408565,159472.28686523438,224026.8984069824,979.0908918380736,162.8779188884627,228.81113518113796,8,True,ok,28.161333203315735,1.0272787821503564,0.9933712962769304,0.027278782150356395,-0.006628703723069562,1.0290002277099553,global_beta
flat_4s_masked_clipmean,V0399 named,light_V0399_V_8s_2026_05_20-0016_flat_4s_masked_clipmean_cal.fits,2461181.691932523,221845.48431396484,319287.5489692688,1407.447610616684,157.62255208686705,226.85572561338216,8,True,ok,28.437333181500435,0.9941329337472125,0.9848819903017814,-0.005867066252787545,-0.015118009698218637,0.9980590151882035,global_beta
flat_4s_masked_clipmean,V0399 named,light_V0399_V_8s_2026_05_20-0017_flat_4s_masked_clipmean_cal.fits,2461181.692123727,223395.24155426025,326504.4516906738,1407.433074951172,158.72530319923774,231.98577431612603,8,True,ok,28.712666630744938,1.00108803746822,1.0071538221589773,0.00108803746822006,0.007153822158977308,0.9992302209321041,global_beta
flat_4s_masked_clipmean,V0399 named,light_V0399_V_8s_2026_05_20-0018_flat_4s_masked_clipmean_cal.fits,2461181.6923153936,232082.4006347656,336922.05112457275,1459.146923303604,159.05348318818773,230.90344484416903,8,True,ok,28.98866660892963,1.0031578842692803,1.002454946688142,0.00315788426928032,0.0024549466881420567,1.0025203452794704,global_beta
flat_4s_masked_clipmean,V0399 named,light_V0399_V_8s_2026_05_20-0019_flat_4s_masked_clipmean_cal.fits,2461181.6925069443,223840.8228340149,325764.1016998291,1398.640404701233,160.04172486481977,232.91483686932125,8,True,ok,29.264499619603157,1.0093907715321389,1.0111872975056175,0.009390771532138853,0.011187297505617533,1.006485478971252,global_beta
flat_4s_masked_clipmean,V0399 named,light_V0399_V_8s_2026_05_20-0020_flat_4s_masked_clipmean_cal.fits,2461181.692698148,234363.8896484375,333507.49227142334,1486.427903175354,157.6691941450924,224.36842820225195,8,True,ok,29.539833068847656,0.9944271074270932,0.9740835217239097,-0.005572892572906829,-0.025916478276090338,1.001157504245637,global_beta
flat_4s_masked_clipmean,V0399 named,light_V0399_V_8s_2026_05_20-0021_flat_4s_masked_clipmean_cal.fits,2461181.6928898147,228900.73065185547,326001.45167541504,1431.2475180625916,159.93091884044415,227.7743350197784,8,True,ok,29.815833047032356,1.0086919126656189,0.9888700838710982,0.008691912665618862,-0.011129916128901796,1.0115823035322564,global_beta
flat_4s_masked_clipmean,V0399 named,light_V0399_V_8s_2026_05_20-0022_flat_4s_masked_clipmean_cal.fits,2461181.6930810185,220203.2081298828,323187.0910644531,1388.7919149398804,158.55738052695622,232.7109537345223,8,True,ok,30.091166496276855,1.0000289411864525,1.0103021497887292,2.8941186452469125e-05,0.010302149788729231,0.9973535176422669,global_beta
flat_4s_masked_clipmean,V0399 named,light_V0399_V_8s_2026_05_20-0023_flat_4s_masked_clipmean_cal.fits,2461181.693271991,213408.3208618164,304826.3574523926,1328.1692109107971,160.67856347571168,229.5086762652454,8,True,ok,30.366166681051254,1.013407342943954,0.9963996335577087,0.01340734294395407,-0.003600366442291336,1.014342342467834,global_beta
flat_4s_masked_clipmean,V0399 named,light_V0399_V_8s_2026_05_20-0024_flat_4s_masked_clipmean_cal.fits,2461181.6934636575,200815.15719604492,301099.8156738281,1304.0430936813354,153.99426458303645,230.8971360937301,8,True,ok,30.64216665923595,0.9712491518714209,1.002427557585787,-0.028750848128579087,0.0024275575857870546,0.9706187257125054,global_beta
flat_4s_masked_clipmean,V0399 named,light_V0399_V_8s_2026_05_20-0025_flat_4s_masked_clipmean_cal.fits,2461181.6936555556,232281.67683410645,340832.9500427246,1455.5541162490845,159.58298921423048,234.16027356031256,8,True,ok,30.918499901890755,1.0064975039628925,1.0165942942375794,0.0064975039628925035,0.01659429423757941,1.002188037840498,global_beta
flat_4s_masked_clipmean,V0399 named,light_V0399_V_8s_2026_05_20-0026_flat_4s_masked_clipmean_cal.fits,2461181.6938471063,216102.50497436523,312967.1845703125,1331.9514274597168,162.24503425512563,234.96891712275132,8,True,ok,31.19433291256428,1.023287148663061,1.020104976981275,0.02328714866306103,0.02010497698127489,1.0180659734836963,global_beta
flat_4s_masked_clipmean,V0399 named,light_V0399_V_8s_2026_05_20-0027_flat_4s_masked_clipmean_cal.fits,2461181.6940381946,225136.47189331055,333324.43280029297,1419.987533569336,158.54820311513492,234.7375768591684,8,True,ok,31.469500064849857,0.9999710588135476,1.0191006256094133,-2.8941186452358103e-05,0.01910062560941328,0.9950107093222207,global_beta
flat_4s_masked_clipmean,V0399 named,light_V0399_V_8s_2026_05_20-0028_flat_4s_masked_clipmean_cal.fits,2461181.6942291665,222371.66482925415,327632.2173156738,1409.246012210846,157.79478026011526,232.4875958326677,8,True,ok,31.744499579072,0.9952191850283794,1.0093324534130552,-0.004780814971620639,0.00933245341305522,0.9927955874202744,global_beta
flat_4s_masked_clipmean,V0399 named,light_V0399_V_8s_2026_05_20-0029_flat_4s_masked_clipmean_cal.fits,2461181.694420139,227239.30157852173,329154.74546051025,1402.9053745269775,161.9776399068546,234.62362568216156,8,True,ok,32.0194997638464,1.0216006797891932,1.0186059126736726,0.021600679789193222,0.01860591267367262,1.0167688050980814,global_beta
flat_4s_masked_clipmean,V0399 named,light_V0399_V_8s_2026_05_20-0032_flat_4s_masked_clipmean_cal.fits,2461181.6949944445,233673.2453994751,334983.0393791199,1475.3988547325134,158.3797117978918,227.04574990323655,8,True,ok,32.846499904990196,0.9989083760609582,0.9857069705851373,-0.0010916239390418303,-0.014293029414862657,1.002620213706349,global_beta
flat_4s_masked_clipmean,V0399 named,light_V0399_V_8s_2026_05_20-0033_flat_4s_masked_clipmean_cal.fits,2461181.695186111,205975.66687393188,312391.1774291992,1306.9354312419891,157.60202221940827,239.02571616130408,8,True,ok,33.122499883174896,0.9940034508965923,1.0377173528670547,-0.0059965491034077445,0.03771735286705469,0.9842084182136789,global_beta
flat_4s_masked_clipmean,V0399 named,light_V0399_V_8s_2026_05_20-0037_flat_4s_masked_clipmean_cal.fits,2461181.6959542823,182926.54271698,261536.78602600095,1141.079171180725,160.31012337881674,229.20126195571277,8,True,ok,34.228666350245476,1.0110835737270059,0.9950650107872182,0.011083573727005858,-0.004934989212781793,1.0123651689863393,global_beta
flat_4s_masked_clipmean,V0399 named,light_V0399_V_8s_2026_05_20-0038_flat_4s_masked_clipmean_cal.fits,2461181.69614699,239103.0198230743,338024.4324989319,1490.368458032608,160.4321525555548,226.8059490101851,8,True,ok,34.506166353821754,1.0118532175493349,0.984665887843293,0.011853217549334882,-0.015334112156706992,1.0158354198599748,global_beta
flat_4s_masked_clipmean,V0399 named,light_V0399_V_8s_2026_05_20-0042_flat_4s_masked_clipmean_cal.fits,2461181.696914352,221969.0649528503,322052.0025215149,1414.992339372635,156.8694464107592,227.5998205504795,8,True,ok,35.61116673052311,0.9893830604245284,0.988112438643521,-0.010616939575471607,-0.011887561356478948,0.9924702084653061,global_beta
flat_4s_masked_clipmean,V0399 named,light_V0399_V_8s_2026_05_20-0044_flat_4s_masked_clipmean_cal.fits,2461181.6972972224,238700.5796508789,342213.2712402344,1497.8781821727753,159.35914047738336,228.46535540282088,8,True,ok,36.16250015795231,1.005085679331638,0.9918701118772234,0.00508567933163806,-0.008129888122776596,1.0071969759581991,global_beta
flat_4s_masked_clipmean,V0399 named,light_V0399_V_8s_2026_05_20-0045_flat_4s_masked_clipmean_cal.fits,2461181.6974885417,230150.82865142825,325051.7691192627,1464.5295765399933,157.15000389078403,221.9496105276411,8,True,ok,36.43799990415573,0.9911525497965068,0.9635823542567601,-0.008847450203493201,-0.03641764574323991,1.0006100541857232,global_beta
flat_4s_masked_clipmean,V0399 named,light_V0399_V_8s_2026_05_20-0047_flat_4s_masked_clipmean_cal.fits,2461181.6978716436,226069.34585762024,342003.95804977417,1439.238088130951,157.07571090701362,237.62847917255544,8,True,ok,36.98966659605503,0.9906839804139237,1.0316513232674875,-0.009316019586076307,0.03165132326748754,0.9824642692651782,global_beta
flat_4s_masked_clipmean,V0399 named,light_V0399_V_8s_2026_05_20-0048_flat_4s_masked_clipmean_cal.fits,2461181.6980633102,234243.3225440979,335032.08766937256,1475.4844074249268,158.75689459362604,227.06582731977744,8,True,ok,37.26566657423973,1.0012872858953556,0.9857941356144063,0.0012872858953556499,-0.01420586438559368,1.004976487161319,global_beta
flat_4s_masked_clipmean,V0399 named,light_V0399_V_8s_2026_05_20-0049_flat_4s_masked_clipmean_cal.fits,2461181.698254977,235472.5772705078,336318.67833709717,1486.4120590686798,158.416756533881,226.26207604089245,8,True,ok,37.54166655242443,0.9991420189729734,0.9823046924579002,-0.0008579810270266108,-0.017695307542099803,1.0037374134673858,global_beta
flat_4s_masked_clipmean,V0399 named,light_V0399_V_8s_2026_05_20-0050_flat_4s_masked_clipmean_cal.fits,2461181.698446412,204320.0649795532,291478.2178840637,1268.2931094169617,161.09845859958963,229.81928681931984,8,True,ok,37.81733326613903,1.0160556414636792,0.9977481326527984,0.016055641463679216,-0.0022518673472016193,1.0166404416308907,global_beta
flat_4s_masked_clipmean,V0399 named,light_V0399_V_8s_2026_05_20-0051_flat_4s_masked_clipmean_cal.fits,2461181.698638773,236142.27904510495,346738.1307144165,1500.2688283920288,157.3999769749263,231.11733320890664,8,True,ok,38.09433303773403,0.9927291419288257,1.0033835315752793,-0.007270858071174335,0.003383531575279264,0.9918504534779063,global_beta
flat_4s_masked_clipmean,V0399 named,light_V0399_V_8s_2026_05_20-0052_flat_4s_masked_clipmean_cal.fits,2461181.6988304397,228608.1979522705,331725.19303131104,1428.1993050575256,160.0674339657815,232.2681378268488,8,True,ok,38.37033301591873,1.009552920054826,1.0083796882272784,0.009552920054826108,0.008379688227278415,1.0073767514263403,global_beta
flat_4s_masked_clipmean,V0399 named,light_V0399_V_8s_2026_05_20-0053_flat_4s_masked_clipmean_cal.fits,2461181.6990222223,229395.7268295288,339813.9562988281,1475.553798675537,155.4641566003458,230.29587711667745,8,True,ok,38.64649996161461,0.9805198307439088,0.9998172239192892,-0.019480169256091195,-0.00018277608071082252,0.9805672968980297,global_beta
flat_4s_masked_clipmean,V0399 named,light_V0399_V_8s_2026_05_20-0058_flat_4s_masked_clipmean_cal.fits,2461181.6999804396,222750.60411071777,320291.30226135254,1399.334620475769,159.183229551616,228.88828559994792,8,True,ok,40.02633288502693,1.003976200755153,0.9937062406907191,0.0039762007551529255,-0.0062937593092808886,1.0056106627056003,global_beta
flat_4s_masked_clipmean,V0399 named,light_V0399_V_8s_2026_05_20-0060_flat_4s_masked_clipmean_cal.fits,2461181.7003641203,216398.30568695068,311459.9518356323,1376.880363702774,157.1656560668799,226.2069821360797,8,True,ok,40.57883307337761,0.9912512688156808,0.9820655052190558,-0.00874873118431918,-0.01793449478094422,0.9959087791969126,global_beta
flat_4s_masked_clipmean,V0399 named,light_V0399_V_8s_2026_05_20-0062_flat_4s_masked_clipmean_cal.fits,2461181.700747222,233288.34928894043,338742.54692459106,1498.7261781692505,155.6577530219101,226.0203043483084,8,True,ok,41.13049976527691,0.9817408525836429,0.9812550535953721,-0.018259147416357147,-0.01874494640462787,0.9866088337306752,global_beta
flat_4s_masked_clipmean,V0399 named,light_V0399_V_8s_2026_05_20-0063_flat_4s_masked_clipmean_cal.fits,2461181.70093831,232455.21562194824,344445.6950073242,1494.4054131507874,155.55030353633578,230.49012803098648,8,True,ok,41.40566624701023,0.9810631635670054,1.000660553866485,-0.018936836432994597,0.000660553866485003,0.9808916205975438,global_beta
flat_4s_masked_clipmean,V0399 named,light_V0399_V_8s_2026_05_20-0064_flat_4s_masked_clipmean_cal.fits,2461181.701130209,236356.8942680359,344104.6417388916,1507.322535276413,156.80578558104867,228.288659981979,8,True,ok,41.682000160217285,0.9889815485433476,0.9911029981652577,-0.011018451456652367,-0.00889700183474229,0.9912920612683104,global_beta
flat_4s_masked_clipmean,V0399 named,light_V0399_V_8s_2026_05_20-0066_flat_4s_masked_clipmean_cal.fits,2461181.701513542,238193.51711273193,344718.56479644775,1500.4917404651642,158.74363762834847,229.7370625243044,8,True,ok,42.234000116586685,1.0012036735847472,0.9973911602770429,0.0012036735847471558,-0.0026088397229571125,1.0018811779271362,global_beta
flat_4s_masked_clipmean,V0399 named,light_V0399_V_8s_2026_05_20-0069_flat_4s_masked_clipmean_cal.fits,2461181.7020890047,205156.745552063,306194.32649993896,1310.3910126686096,156.56147178105377,233.66638166754103,8,True,ok,43.062666580080986,0.9874406497853451,1.0144500890206667,-0.01255935021465493,0.01445008902066669,0.9836880244426458,global_beta
flat_4s_masked_clipmean,V0399 named,light_V0399_V_8s_2026_05_20-0070_flat_4s_masked_clipmean_cal.fits,2461181.702280787,207114.64324188232,301887.14350509644,1278.425661087036,162.0075766202739,236.13977151272445,8,True,ok,43.33883285522461,1.0217894920647481,1.0251881786453827,0.021789492064748117,0.025188178645382697,1.0152482314963245,global_beta
flat_4s_masked_clipmean,V0399 named,light_V0399_V_8s_2026_05_20-0074_flat_4s_masked_clipmean_cal.fits,2461181.7030475694,190749.42248535156,270367.82552337646,1168.218091726303,163.28237324545856,231.43608837956583,8,True,ok,44.44299973547459,1.0298296950188752,1.0047673900873313,0.029829695018875224,0.004767390087331291,1.0285916245243152,global_beta
flat_4s_masked_clipmean,V0399 named,light_V0399_V_8s_2026_05_20-0076_flat_4s_masked_clipmean_cal.fits,2461181.703431134,221251.95748901367,321855.4677581787,1387.6427373886108,159.44446760510218,231.94404372689968,8,True,ok,44.99533295631409,1.005623841584972,1.0069726510394803,0.005623841584972089,0.006972651039480304,1.0038130744015223,global_beta
flat_4s_masked_clipmean,V0399 named,light_V0399_V_8s_2026_05_20-0078_flat_4s_masked_clipmean_cal.fits,2461181.703814236,218592.03744506836,318891.96939086914,1360.8300890922546,160.63139637872115,234.3363598049091,8,True,ok,45.54699964821339,1.0131098578196065,1.0173587632434822,0.013109857819606496,0.017358763243482178,1.0086018624174853,global_beta
flat_4s_masked_clipmean,V0399 named,light_V0399_V_8s_2026_05_20-0084_flat_4s_masked_clipmean_cal.fits,2461181.704964236,220031.4596633911,317108.1177062988,1374.9682359695437,160.02657654723086,230.62941340073473,8,True,ok,47.20299951732159,1.0092952303725355,1.0012652538440001,0.009295230372535546,0.0012652538440001138,1.00896664944593,global_beta
flat_4s_masked_clipmean,V0399 named,light_V0399_V_8s_2026_05_20-0086_flat_4s_masked_clipmean_cal.fits,2461181.705346875,222610.12046813965,327759.5738182068,1428.9525470733645,155.78552340598512,229.3705095312582,8,True,ok,47.753999680280685,0.9825467064737416,0.9957997900774752,-0.01745329352625835,-0.004200209922524789,0.9836374827435197,global_beta
flat_4s_masked_clipmean,V0399 named,light_V0399_V_8s_2026_05_20-0087_flat_4s_masked_clipmean_cal.fits,2461181.705539352,219484.14083862305,313040.16999816895,1382.9650421142578,158.70548723565616,226.3543621605919,8,True,ok,48.031166419386864,1.0009630572433121,0.9827053477069624,0.0009630572433121376,-0.017294652293037616,1.005454403310122,global_beta
flat_4s_masked_clipmean,V0399 named,light_V0399_V_8s_2026_05_20-0089_flat_4s_masked_clipmean_cal.fits,2461181.705923148,237102.0188446045,345306.8000564575,1513.339319229126,156.6747231317435,228.17539706319928,8,True,ok,48.583832904696465,0.9881549314412464,0.9906112732657713,-0.011845068558753558,-0.009388726734228747,0.9905931429863902,global_beta
flat_4s_masked_clipmean,V0399 named,light_V0399_V_8s_2026_05_20-0092_flat_4s_masked_clipmean_cal.fits,2461181.706498958,227906.33555603027,322192.42029571533,1368.7787373065948,166.50341603383717,235.38678057617065,8,True,ok,49.41299960017204,1.0501449651026344,1.021919108798161,0.05014496510263444,0.021919108798160947,1.0444526677716133,global_beta
flat_4s_masked_clipmean,V0399 named,light_V0399_V_8s_2026_05_20-0094_flat_4s_masked_clipmean_cal.fits,2461181.706882639,220775.95561408997,317205.21276474,1379.0783767700195,160.0894911652345,230.0124620238595,8,True,ok,49.96549978852272,1.0096920358609855,0.9985867924636079,0.009692035860985548,-0.0014132075363920693,1.0100590397187454,global_beta
flat_4s_masked_clipmean,V0399 named,light_V0399_V_8s_2026_05_20-0100_flat_4s_masked_clipmean_cal.fits,2461181.7080314816,229245.4943847656,333434.41301727295,1464.4891443252563,156.53615137610828,227.67967540715256,8,True,ok,51.61983333528042,0.9872809527869215,0.9884591242295373,-0.012719047213078483,-0.0115408757704627,0.9902780680871277,global_beta
flat_4s_masked_clipmean,V0399 named,light_V0399_V_8s_2026_05_20-0102_flat_4s_masked_clipmean_cal.fits,2461181.7084144675,230306.75847625732,333333.4791030884,1450.2337012290957,158.80665183898898,229.84811263218,8,True,ok,52.17133305966854,1.0016011072086952,0.9978732783764297,0.0016011072086952183,-0.0021267216235703046,1.002153407575154,global_beta
flat_4s_masked_clipmean,V0399 named,light_V0399_V_8s_2026_05_20-0104_flat_4s_masked_clipmean_cal.fits,2461181.708799537,218771.8054428101,327442.44592285156,1375.4694209098816,159.05246755547,238.0586881431696,8,True,ok,52.72583283483982,1.0031514786254185,1.0335190524864815,0.0031514786254185356,0.03351905248648146,0.9944467263125341,global_beta
flat_4s_masked_clipmean,V0399 named,light_V0399_V_8s_2026_05_20-0105_flat_4s_masked_clipmean_cal.fits,2461181.7089913194,219536.59689331055,316643.25733566284,1360.9344727993011,161.3131280610054,232.6660567899059,8,True,ok,53.0019997805357,1.0174095719681515,1.0101072321067852,0.017409571968151516,0.010107232106785213,1.01478476769918,global_beta
flat_4s_masked_clipmean,V_8 generic,light_V_8s_2026_05_20-0001_flat_4s_masked_clipmean_cal.fits,2461181.672184375,188058.0267791748,275963.5729980469,1210.6643466949463,155.33457088462538,227.94391670277048,8,True,ok,0.0,0.982777269825039,0.9910635315368268,-0.01722273017496101,-0.008936468463173197,0.9855274697138511,per_sequence_beta
flat_4s_masked_clipmean,V_8 generic,light_V_8s_2026_05_20-0002_flat_4s_masked_clipmean_cal.fits,2461181.672376852,169921.66638183594,244363.24267578125,1049.415557861328,161.9202851615144,232.85650841101017,8,True,ok,0.2771667391061783,1.0244440427786017,1.012422691095865,0.024444042778601682,0.012422691095864913,1.0206209572038707,per_sequence_beta
flat_4s_masked_clipmean,V_8 generic,light_V_8s_2026_05_20-0003_flat_4s_masked_clipmean_cal.fits,2461181.6725682872,198199.65267944336,299064.12243652344,1281.463535308838,154.6666348423847,233.37700542875595,8,True,ok,0.5528334528207779,0.9785513440940656,1.0146857285132405,-0.021448655905934366,0.01468572851324046,0.9740318083187558,per_sequence_beta
flat_4s_masked_clipmean,V_8 generic,light_V_8s_2026_05_20-0004_flat_4s_masked_clipmean_cal.fits,2461181.6727600694,170219.9238128662,252501.66204833984,1072.9234743118286,158.65057283982438,235.33986168985072,8,True,ok,0.8289997279644012,1.0037570898979673,1.0232199122114016,0.003757089897967303,0.023219912211401628,0.9966111574476727,per_sequence_beta
flat_4s_masked_clipmean,V_8 generic,light_V_8s_2026_05_20-0005_flat_4s_masked_clipmean_cal.fits,2461181.6729527777,195185.70652008057,285622.5554122925,1249.5092239379885,156.20989647833716,228.58779266319976,8,True,ok,1.10649973154068,0.9883153164575236,0.9938630007766521,-0.011684683542476426,-0.006136999223347872,0.9902039791491948,per_sequence_beta
flat_4s_masked_clipmean,V_8 generic,light_V_8s_2026_05_20-0006_flat_4s_masked_clipmean_cal.fits,2461181.6731434027,188493.9375076294,277009.0774459839,1200.902629852295,156.9602171083706,230.6673918101542,8,True,ok,1.3809996843338013,0.9930624764495216,1.0029047637882489,-0.006937523550478386,0.0029047637882488875,0.9921685348348459,per_sequence_beta
flat_4s_masked_clipmean,V_8 generic,light_V_8s_2026_05_20-0007_flat_4s_masked_clipmean_cal.fits,2461181.6733350693,201065.762802124,286432.40783691406,1286.2278089523315,156.32204606577253,222.6918169886416,8,True,ok,1.6569996625185013,0.9890248691651021,0.9682282457087981,-0.010975130834897873,-0.03177175429120194,0.9988026326607283,per_sequence_beta
flat_4s_masked_clipmean,V_8 generic,light_V_8s_2026_05_20-0008_flat_4s_masked_clipmean_cal.fits,2461181.6735259257,156343.6325263977,228920.1954650879,972.122612953186,160.82707103319555,235.4848991421537,8,True,ok,1.931832879781723,1.0175274498383131,1.023850511754323,0.017527449838313114,0.023850511754323067,1.0101874502573644,per_sequence_beta
flat_4s_masked_clipmean,V_8 generic,light_V_8s_2026_05_20-0009_flat_4s_masked_clipmean_cal.fits,2461181.6737177083,200657.6000289917,292133.57302856445,1276.1754269599917,157.23355566168755,228.91333499851424,8,True,ok,2.2079998254776,0.9947918462584244,0.9952784065535135,-0.005208153741575572,-0.004721593446486483,0.9962449175499593,per_sequence_beta
flat_4s_masked_clipmean,V_8 generic,light_V_8s_2026_05_20-0010_flat_4s_masked_clipmean_cal.fits,2461181.6739096064,176343.88552856445,251439.469039917,1109.9715733528135,158.8724339992733,226.52784546581793,8,True,ok,2.4843330681324005,1.0051607703750285,0.9849066812847891,0.0051607703750284895,-0.015093318715210913,1.0098057421134101,per_sequence_beta
flat_4s_masked_clipmean,V_8 generic,light_V_8s_2026_05_20-0011_flat_4s_masked_clipmean_cal.fits,2461181.67410081,222007.7739944458,322548.65689086914,1415.4263288974762,156.84869601611496,227.8809220272971,8,True,ok,2.7596665173768997,0.992356900131573,0.9907896408077135,-0.007643099868427039,-0.009210359192286521,0.995191389944963,per_sequence_beta
flat_4s_masked_clipmean,V_8 generic,light_V_8s_2026_05_20-0012_flat_4s_masked_clipmean_cal.fits,2461181.674292361,174665.01085662842,251567.26734924316,1113.3429222106934,156.883389090764,225.9566772560266,8,True,ok,3.0354995280504227,0.9925763977295079,0.9824233336645256,-0.007423602270492102,-0.01757666633547439,0.9979856201757923,per_sequence_beta
flat_4s_masked_clipmean,V_8 generic,light_V_8s_2026_05_20-0013_flat_4s_masked_clipmean_cal.fits,2461181.6744832178,187068.294921875,277295.2137527466,1205.1264655590055,155.22710708631078,230.09636057085623,8,True,ok,3.310333415865898,0.9820973633643509,1.000422011693687,-0.01790263663564906,0.00042201169368705216,0.9819674891844287,per_sequence_beta
flat_4s_masked_clipmean,V_8 generic,light_V_8s_2026_05_20-0014_flat_4s_masked_clipmean_cal.fits,2461181.674675,156384.59091186523,233228.5250854492,1006.062105178833,155.4422834404115,231.8231885336657,7,True,ok,3.5864996910095215,0.9834587501349179,1.0079299822679142,-0.016541249865082097,0.007929982267914193,0.9810182965663328,per_sequence_beta
flat_4s_masked_clipmean,V_8 generic,light_V_8s_2026_05_20-0015_flat_4s_masked_clipmean_cal.fits,2461181.6748667825,170887.0870361328,251040.310546875,1075.4691185951233,158.89539186337703,233.42400651615824,8,True,ok,3.8626666367053986,1.0053060211513134,1.0148900816907274,0.0053060211513134,0.014890081690727364,1.000723595646317,per_sequence_beta
flat_4s_masked_clipmean,V_8 generic,light_V_8s_2026_05_20-0016_flat_4s_masked_clipmean_cal.fits,2461181.675058449,185428.77694702148,274756.6262664795,1168.832789182663,158.6444003480493,235.06923215134157,8,True,ok,4.138666614890099,1.0037180375184473,1.0220432584535266,0.003718037518447348,0.022043258453526615,0.996934220488513,per_sequence_beta
flat_4s_masked_clipmean,V_8 generic,light_V_8s_2026_05_20-0017_flat_4s_masked_clipmean_cal.fits,2461181.6752502313,209428.5072631836,298863.6688156128,1332.9426202774048,157.11742131825486,224.2134539545407,8,True,ok,4.414832890033722,0.9940570826296861,0.9748440787915795,-0.005942917370313938,-0.025155921208420473,1.0017988222212784,per_sequence_beta
flat_4s_masked_clipmean,V_8 generic,light_V_8s_2026_05_20-0018_flat_4s_masked_clipmean_cal.fits,2461181.67544213,127863.46214294434,188454.5936279297,820.2137484550476,155.89041561884034,229.76278315610077,8,True,ok,4.691166803240776,0.986294011573044,0.9989716706822198,-0.013705988426956028,-0.0010283293177801855,0.9866104801184292,per_sequence_beta
flat_4s_masked_clipmean,V_8 generic,light_V_8s_2026_05_20-0019_flat_4s_masked_clipmean_cal.fits,2461181.6756346063,219911.68732833865,322910.7644042969,1386.7233595848083,158.58367554591513,232.85881944108732,8,True,ok,4.968332871794701,1.0033338412966262,1.0124327390833825,0.003333841296626172,0.012432739083382494,0.9995076634518036,per_sequence_beta
flat_4s_masked_clipmean,V_8 generic,light_V_8s_2026_05_20-0020_flat_4s_masked_clipmean_cal.fits,2461181.6758256946,196515.3620758057,287903.07761764526,1220.0930285453796,161.06588389419403,235.96813593869095,8,True,ok,5.2435000240802765,1.0190383810508215,1.0259515477155907,0.01903838105082145,0.025951547715590717,1.0110517872485782,per_sequence_beta
flat_4s_masked_clipmean,V_8 generic,light_V_8s_2026_05_20-0021_flat_4s_masked_clipmean_cal.fits,2461181.676017361,203667.4568977356,295586.02687072754,1271.5428156852722,160.17349505291585,232.4625039947455,8,True,ok,5.5195000022649765,1.0133923779488778,1.010709623189194,0.01339237794887782,0.010709623189194106,1.0100964893519988,per_sequence_beta
flat_4s_masked_clipmean,V_8 generic,light_V_8s_2026_05_20-0022_flat_4s_masked_clipmean_cal.fits,2461181.676209028,208445.83959198,297949.4380645752,1307.1500074863434,159.46589021777422,227.9382139449577,8,True,ok,5.7954999804496765,1.0089154740373074,0.9910387368619823,0.008915474037307414,-0.008961263138017705,1.0116733044920732,per_sequence_beta
flat_4s_masked_clipmean,V_8 generic,light_V_8s_2026_05_20-0023_flat_4s_masked_clipmean_cal.fits,2461181.6764001157,220469.37432289124,325938.15519714355,1398.7824001312256,157.61520469674775,233.0156249939704,8,True,ok,6.070666462182999,0.9972064793601981,1.0131145044371275,-0.002793520639801872,0.013114504437127472,0.993170488096597,per_sequence_beta
flat_4s_masked_clipmean,V_8 generic,light_V_8s_2026_05_20-0024_flat_4s_masked_clipmean_cal.fits,2461181.6765917824,158857.6625366211,227893.61166381836,981.578582763672,161.83896564791715,232.17052171429333,8,True,ok,6.346666440367699,1.0239295470736116,1.0094401311395842,0.023929547073611612,0.009440131139584196,1.0210243448992353,per_sequence_beta
flat_4s_masked_clipmean,V_8 generic,light_V_8s_2026_05_20-0025_flat_4s_masked_clipmean_cal.fits,2461181.676783449,219228.3834991455,335357.6691894531,1479.7249131202698,148.15482361303393,226.63514428657575,8,True,ok,6.622666418552399,0.9373521440373653,0.9853731993203139,-0.06264785596263467,-0.014626800679686136,0.9418535447605617,per_sequence_beta
flat_4s_masked_clipmean,V_8 generic,light_V_8s_2026_05_20-0026_flat_4s_masked_clipmean_cal.fits,2461181.676976158,226982.70991897583,329522.82207489014,1418.9236516952517,159.96823341959904,232.23435713485677,8,True,ok,6.900166422128677,1.0120937200490805,1.0097176772932868,0.012093720049080492,0.009717677293286764,1.0091031029925055,per_sequence_beta
flat_4s_masked_clipmean,V_8 generic,light_V_8s_2026_05_20-0027_flat_4s_masked_clipmean_cal.fits,2461181.6771674766,197371.10391235352,289579.32946014404,1254.8105492591858,157.29155610691777,230.77533866056967,8,True,ok,7.1756661683321,0.9951588059048662,1.003374099352622,-0.004841194095133838,0.0033740993526218954,0.9941204261799601,per_sequence_beta
flat_4s_masked_clipmean,V_8 generic,light_V_8s_2026_05_20-0028_flat_4s_masked_clipmean_cal.fits,2461181.677359375,172902.55792236328,249075.0163192749,1060.222002506256,163.081465498395,234.92722819417736,8,True,ok,7.452000081539154,1.03179064717423,1.0214258480601495,0.03179064717422997,0.021425848060149466,1.0251968383116399,per_sequence_beta
flat_4s_masked_clipmean,V_8 generic,light_V_8s_2026_05_20-0029_flat_4s_masked_clipmean_cal.fits,2461181.677550463,224344.9855861664,334286.1472167969,1436.3695850372314,156.18890007361946,232.72989813978273,8,True,ok,7.727166563272476,0.9881824755246451,1.0118722099760062,-0.01181752447535489,0.011872209976006243,0.9845288006204568,per_sequence_beta
flat_4s_masked_clipmean,V_8 generic,light_V_8s_2026_05_20-0030_flat_4s_masked_clipmean_cal.fits,2461181.677741667,193324.3642578125,275745.42251968384,1204.7265844345093,160.47156820114307,228.8863100411426,8,True,ok,8.002500012516975,1.0152782396289572,0.995160906380314,0.015278239628957246,-0.004839093619686041,1.0167674716214,per_sequence_beta
flat_4s_masked_clipmean,V_8 generic,light_V_8s_2026_05_20-0031_flat_4s_masked_clipmean_cal.fits,2461181.6779328706,207392.67846679688,303519.0845336914,1303.153425693512,159.14678531150443,232.91124325761157,8,True,ok,8.277833461761475,1.0068965477494527,1.0126606694159517,0.006896547749452697,0.012660669415951675,1.0030002243009308,per_sequence_beta
flat_4s_masked_clipmean,V_8 generic,light_V_8s_2026_05_20-0032_flat_4s_masked_clipmean_cal.fits,2461181.6781244213,152334.32664489746,232142.7776184082,994.2055444717408,153.2221656698148,233.495758406532,8,True,ok,8.553666472434998,0.9694124160262174,1.0152020473834156,-0.030587583973782584,0.015202047383415573,0.9647339830192776,per_sequence_beta
flat_4s_masked_clipmean,V_8 generic,light_V_8s_2026_05_20-0033_flat_4s_masked_clipmean_cal.fits,2461181.678316204,216758.5718269348,312832.36933898926,1394.0674238204956,155.48643352765507,224.4026106582851,8,True,ok,8.829833418130875,0.9837380807562771,0.9756665017521854,-0.01626191924372289,-0.02433349824781461,0.9912267195235186,per_sequence_beta
flat_4s_masked_clipmean,V_8 generic,light_V_8s_2026_05_20-0034_flat_4s_masked_clipmean_cal.fits,2461181.6785078705,197630.8365783691,291685.65629577637,1265.3089656829834,156.19176180553873,230.52524261402945,8,True,ok,9.105833396315576,0.988200581250026,1.0022867219192035,-0.011799418749974033,0.002286721919203538,0.9874968421394529,per_sequence_beta
flat_4s_masked_clipmean,V_8 generic,light_V_8s_2026_05_20-0035_flat_4s_masked_clipmean_cal.fits,2461181.678699537,216133.21784210205,316122.6046600342,1385.486701965332,155.99804569434994,228.167187899826,8,True,ok,9.381833374500276,0.9869749700432544,0.9920342788339913,-0.013025029956745593,-0.007965721166008688,0.9894264222646039,per_sequence_beta
flat_4s_masked_clipmean,V_8 generic,light_V_8s_2026_05_20-0036_flat_4s_masked_clipmean_cal.fits,2461181.6788909724,213413.45834350583,308731.1418647766,1358.4311621189115,157.1028877242618,227.27036192486247,8,True,ok,9.657500088214874,0.9939651308784184,0.9881350235663884,-0.006034869121581576,-0.011864976433611618,0.9976165796585432,per_sequence_beta
flat_4s_masked_clipmean,V_8 generic,light_V_8s_2026_05_20-0037_flat_4s_masked_clipmean_cal.fits,2461181.67908206,216471.18631744385,317581.088760376,1395.3468914031982,155.13789986643008,227.6000976653253,8,True,ok,9.932666569948196,0.9815329633888417,0.989568661595181,-0.01846703661115834,-0.010431338404819024,0.9847432097897906,per_sequence_beta
flat_4s_masked_clipmean,V_8 generic,light_V_8s_2026_05_20-0038_flat_4s_masked_clipmean_cal.fits,2461181.6792738424,178995.67594909668,260655.8795928955,1148.4233541488647,155.86210024591185,226.9684595417135,8,True,ok,10.20883284509182,0.9861148646855078,0.9868224005038779,-0.013885135314492203,-0.013177599496122072,0.9901702734656532,per_sequence_beta
flat_4s_masked_clipmean,V_8 generic,light_V_8s_2026_05_20-0040_flat_4s_masked_clipmean_cal.fits,2461181.679657176,213097.106962204,307401.1438064575,1347.6099271774292,158.1296654652405,228.10839962444447,8,True,ok,10.760833472013474,1.0004613913003542,0.9917786768567358,0.00046139130035416365,-0.008221323143264181,1.0029915050793787,per_sequence_beta
flat_4s_masked_clipmean,V_8 generic,light_V_8s_2026_05_20-0041_flat_4s_masked_clipmean_cal.fits,2461181.679848843,198996.35833740231,290201.90270233154,1229.6368045806885,161.83344349818887,236.00619436671113,8,True,ok,11.036833450198174,1.0238946093053956,1.026117019646687,0.023894609305395553,0.02611701964668689,1.0158570914845229,per_sequence_beta
flat_4s_masked_clipmean,V_8 generic,light_V_8s_2026_05_20-0042_flat_4s_masked_clipmean_cal.fits,2461181.6800405094,197020.2897644043,278479.1510543823,1231.738399028778,159.95303054589692,226.086278769877,8,True,ok,11.312833428382874,1.0119975338709144,0.9829868202267776,0.0119975338709144,-0.017013179773222364,1.0172333432192577,per_sequence_beta
flat_4s_masked_clipmean,V_8 generic,light_V_8s_2026_05_20-0043_flat_4s_masked_clipmean_cal.fits,2461181.6802317128,192673.5735015869,282024.94689941406,1215.5467810630798,158.50774030521518,232.01488522947977,8,True,ok,11.58816620707512,1.0028534110349427,1.0087634487059993,0.0028534110349427433,0.008763448705999322,1.0001564580096878,per_sequence_beta
flat_4s_masked_clipmean,V_8 generic,light_V_8s_2026_05_20-0044_flat_4s_masked_clipmean_cal.fits,2461181.6804236113,228766.79168701172,327912.1995010376,1419.4005918502808,161.17140784674422,231.0216026284608,8,True,ok,11.864500120282171,1.0197060144140697,1.004444815523682,0.019706014414069717,0.004444815523682033,1.0183381215815268,per_sequence_beta
flat_4s_masked_clipmean,V_8 generic,light_V_8s_2026_05_20-0045_flat_4s_masked_clipmean_cal.fits,2461181.680614699,160814.879737854,235566.56146240231,1031.525024175644,155.90012454266073,228.36727751772992,8,True,ok,12.139666602015495,0.9863554383989643,0.9929042363490335,-0.013644561601035665,-0.007095763650966536,0.9885391610276901,per_sequence_beta
flat_4s_masked_clipmean,V_8 generic,light_V_8s_2026_05_20-0046_flat_4s_masked_clipmean_cal.fits,2461181.6808056715,210694.01571655273,298508.0870895386,1303.8819780349731,161.5897905376996,228.93796533594843,8,True,ok,12.414666786789894,1.0223530555486835,0.9953854953039113,0.022353055548683498,-0.004614504696088706,1.0237731702566808,per_sequence_beta
flat_4s_masked_clipmean,V_8 generic,light_V_8s_2026_05_20-0047_flat_4s_masked_clipmean_cal.fits,2461181.6809974536,217742.7058944702,311064.12197494507,1337.235268115997,162.8305138864931,232.61734818974435,8,True,ok,12.690833061933516,1.03020291600403,1.0113828608739428,0.030202916004030023,0.011382860873942802,1.0266998383801467,per_sequence_beta
flat_4s_masked_clipmean,V_8 generic,light_V_8s_2026_05_20-0048_flat_4s_masked_clipmean_cal.fits,2461181.6811891203,143596.0371170044,205934.9126586914,908.4071941375732,158.0745265379939,226.6989010960031,7,True,ok,12.966833040118216,1.0001125360257563,0.9856504036854252,0.00011253602575633792,-0.014349596314574775,1.0045286270522589,per_sequence_beta
flat_4s_masked_clipmean,V_8 generic,light_V_8s_2026_05_20-0049_flat_4s_masked_clipmean_cal.fits,2461181.68138044,215856.91638946533,317357.51794433594,1355.900894165039,159.19815181063774,234.05657397974065,8,True,ok,13.242333456873894,1.0072215354678415,1.0176403834029275,0.007221535467841544,0.017640383402927506,1.00179270408179,per_sequence_beta
flat_4s_masked_clipmean,V_8 generic,light_V_8s_2026_05_20-0050_flat_4s_masked_clipmean_cal.fits,2461181.6815721067,233141.39982795715,334564.30126953125,1447.6162180900574,161.05193967469992,231.113949324874,8,True,ok,13.518333435058594,1.018950158178822,1.0048463241245558,0.018950158178822063,0.0048463241245557676,1.0174587009971148,per_sequence_beta
flat_4s_masked_clipmean,V_8 generic,light_V_8s_2026_05_20-0051_flat_4s_masked_clipmean_cal.fits,2461181.6817636574,217683.95845031735,316519.06300354004,1385.6806499958038,157.0953296136282,228.42136317953097,8,True,ok,13.794166445732117,0.9939173119074629,0.9931393921178971,-0.006082688092537092,-0.006860607882102854,0.9960286653030797,per_sequence_beta
flat_4s_masked_clipmean,V_8 generic,light_V_8s_2026_05_20-0052_flat_4s_masked_clipmean_cal.fits,2461181.681955324,205149.80350875857,310756.380859375,1323.043327331543,155.05902132663098,234.8799728926052,8,True,ok,14.070166423916817,0.9810339113391269,1.0212203896002907,-0.018966088660873126,0.021220389600290712,0.9745033323570861,per_sequence_beta
flat_4s_masked_clipmean,V_8 generic,light_V_8s_2026_05_20-0053_flat_4s_masked_clipmean_cal.fits,2461181.682147222,216389.89889335632,310716.2125930786,1378.5164432525637,156.97302701938875,225.39898897393937,8,True,ok,14.346499666571615,0.9931435227311408,0.9799985946044226,-0.006856477268859185,-0.020001405395577376,0.999298959089663,per_sequence_beta
flat_4s_masked_clipmean,V_8 generic,light_V_8s_2026_05_20-0054_flat_4s_masked_clipmean_cal.fits,2461181.6823388888,220513.1130142212,321895.33612060547,1399.0984990596771,157.61085667837276,230.07339107071357,8,True,ok,14.622499644756315,0.9971789701354107,1.0003221439970258,-0.0028210298645893195,0.0003221439970257922,0.9970798302583493,per_sequence_beta
flat_4s_masked_clipmean,V_8 generic,light_V_8s_2026_05_20-0055_flat_4s_masked_clipmean_cal.fits,2461181.682530903,177444.05764770508,261946.8069458008,1121.909842967987,158.1624929667083,233.48293856913355,8,True,ok,14.898999854922296,1.0006690857117397,1.0151463087898631,0.0006690857117397364,0.015146308789863117,0.9960078062676891,per_sequence_beta
flat_4s_masked_clipmean,V_8 generic,light_V_8s_2026_05_20-0057_flat_4s_masked_clipmean_cal.fits,2461181.682914352,197112.64293670657,294754.9790649414,1261.357482433319,156.27024509851972,233.68076312222095,8,True,ok,15.451166778802872,0.9886971326356155,1.0160064181669568,-0.011302867364384461,0.016006418166956804,0.9837711543652895,per_sequence_beta
flat_4s_masked_clipmean,V_8 generic,light_V_8s_2026_05_20-0058_flat_4s_masked_clipmean_cal.fits,2461181.68310625,193807.4358139038,285616.69636154175,1260.6855835914612,153.73177764259196,226.55664511358364,8,True,ok,15.727500021457672,0.9726366504025307,0.9850318975267252,-0.027363349597469333,-0.014968102473274847,0.9772430868183665,per_sequence_beta
flat_4s_masked_clipmean,V_8 generic,light_V_8s_2026_05_20-0059_flat_4s_masked_clipmean_cal.fits,2461181.683298148,232360.6802940369,335337.83615493774,1470.1092853546145,158.05673946069098,228.1040188614609,8,True,ok,16.003833264112473,1.0,0.9917596300030355,0.0,-0.008240369996964536,1.0025359754519154,per_sequence_beta
flat_4s_masked_clipmean,V_8 generic,light_V_8s_2026_05_20-0060_flat_4s_masked_clipmean_cal.fits,2461181.683489236,201580.47198486328,281139.50845336914,1250.3708176612854,161.2165520320626,224.84490559306016,8,True,ok,16.278999745845795,1.01999163453677,0.977589529075659,0.01999163453677011,-0.02241047092434101,1.026888461275245,per_sequence_beta
flat_4s_masked_clipmean,V_8 generic,light_V_8s_2026_05_20-0061_flat_4s_masked_clipmean_cal.fits,2461181.683680787,210161.60900497437,313086.3737792969,1324.1317057609558,158.71654465384023,236.44655015595407,8,True,ok,16.55483342707157,1.0041744831343515,1.028031615876903,0.0041744831343515365,0.02803161587690295,0.9955477479552841,per_sequence_beta
flat_4s_masked_clipmean,V_8 generic,light_V_8s_2026_05_20-0062_flat_4s_masked_clipmean_cal.fits,2461181.683872454,218769.9807281494,324017.25996398926,1393.9096596240995,156.9470296856583,232.4521232253804,8,True,ok,16.83083340525627,0.9929790417111023,1.0106644892716241,-0.007020958288897705,0.010664489271624111,0.9896970430860387,per_sequence_beta
flat_4s_masked_clipmean,V_8 generic,light_V_8s_2026_05_20-0063_flat_4s_masked_clipmean_cal.fits,2461181.6840641205,192421.9169921875,278226.38318634033,1210.0734360218048,159.01672680691766,229.92520528425752,8,True,ok,17.10683338344097,1.0060736881546606,0.9996778560029742,0.006073688154660584,-0.0003221439970257922,1.006172828031722,per_sequence_beta
flat_4s_masked_clipmean,V_8 generic,light_V_8s_2026_05_20-0064_flat_4s_masked_clipmean_cal.fits,2461181.684255671,217219.9999694824,316938.8042602539,1371.9240131378174,158.3323842205111,231.017754063042,8,True,ok,17.382666394114494,1.001743960812811,1.0044280825794978,0.0017439608128109185,0.004428082579497783,1.0003812175470599,per_sequence_beta
flat_4s_masked_clipmean,V_8 generic,light_V_8s_2026_05_20-0065_flat_4s_masked_clipmean_cal.fits,2461181.684446991,211173.34442138672,313320.77685546875,1339.8989334106443,157.60393501012476,233.83911207237597,8,True,ok,17.65816681087017,0.9971351778348001,1.0166948939640994,-0.0028648221651998984,0.0166948939640994,0.9919973210054489,per_sequence_beta
flat_4s_masked_clipmean,V_8 generic,light_V_8s_2026_05_20-0066_flat_4s_masked_clipmean_cal.fits,2461181.684639352,184161.2387542725,267216.844329834,1157.9638152122498,159.03885452631047,230.76441665912876,8,True,ok,17.935166582465172,1.006213686736615,1.003326612244933,0.006213686736614932,0.003326612244932914,1.005189921178236,per_sequence_beta
flat_4s_masked_clipmean,V_8 generic,light_V_8s_2026_05_20-0067_flat_4s_masked_clipmean_cal.fits,2461181.6848310186,227211.8597755432,330381.0062637329,1456.257607460022,156.0244963608067,226.8698920927716,8,True,ok,18.211166560649872,0.9871423192277752,0.9863938450703487,-0.012857680772224822,-0.013606154929651337,0.9913296160250382,per_sequence_beta
flat_4s_masked_clipmean,V_8 generic,light_V_8s_2026_05_20-0068_flat_4s_masked_clipmean_cal.fits,2461181.6850228007,226379.3798160553,331976.1142501831,1451.1266765594482,156.00249342310346,228.771284831785,8,True,ok,18.487332835793495,0.9870031101198414,0.9946607952483711,-0.012996889880158569,-0.0053392047516288565,0.9886462514093549,per_sequence_beta
flat_4s_masked_clipmean,V_8 generic,light_V_8s_2026_05_20-0069_flat_4s_masked_clipmean_cal.fits,2461181.685213773,224690.1354141235,315908.9258117676,1436.951390504837,156.36585684028202,219.84663357386145,8,True,ok,18.762333020567898,0.9893020530084421,0.9558578452887735,-0.010697946991557905,-0.04414215471122651,1.0028868096132493,per_sequence_beta
flat_4s_masked_clipmean,V_8 generic,light_V_8s_2026_05_20-0070_flat_4s_masked_clipmean_cal.fits,2461181.685405671,205245.20695495603,297915.87954330444,1301.0705852508545,157.75101618747573,228.97749201352084,8,True,ok,19.038666263222694,0.9980657371886931,0.9955573509481921,-0.0019342628113069305,-0.004442649051807912,0.9994329632890999,per_sequence_beta
flat_4s_masked_clipmean,V_8 generic,light_V_8s_2026_05_20-0071_flat_4s_masked_clipmean_cal.fits,2461181.6855980325,234224.75929260257,344092.47021484375,1510.5431547164917,155.05995877129595,227.79386947036625,8,True,ok,19.31566670536995,0.9810398424033014,0.9904111502748264,-0.018960157596698557,-0.009588849725173598,0.9839908127510046,per_sequence_beta
flat_4s_masked_clipmean,V_8 generic,light_V_8s_2026_05_20-0072_flat_4s_masked_clipmean_cal.fits,2461181.6857905095,221591.83047485352,315421.5119628906,1406.339241027832,157.56641357237655,224.28550861765245,8,True,ok,19.592833444476128,0.9968977856307331,0.9751573608914933,-0.0031022143692669424,-0.024842639108506703,1.0045431125958053,per_sequence_beta
flat_4s_masked_clipmean,V_8 generic,light_V_8s_2026_05_20-0073_flat_4s_masked_clipmean_cal.fits,2461181.68598206,194830.45497131348,280644.05784606934,1229.226812839508,158.49837713941176,228.30941768816683,8,True,ok,19.86866645514965,1.0027941717653275,0.9926526711050454,0.00279417176532748,-0.007347328894954597,1.0050553136462888,per_sequence_beta
flat_4s_masked_clipmean,V_8 generic,light_V_8s_2026_05_20-0075_flat_4s_masked_clipmean_cal.fits,2461181.686365625,226352.57012939453,315365.4030570984,1411.4148533344269,160.3728128513336,223.43919812949164,8,True,ok,20.42099967598915,1.0146534301450565,0.9714777388453959,0.01465343014505649,-0.0285222611546041,1.0234311615027307,per_sequence_beta
flat_4s_masked_clipmean,V_8 generic,light_V_8s_2026_05_20-0076_flat_4s_masked_clipmean_cal.fits,2461181.686557176,180968.37633132935,270638.47875213623,1181.272159576416,153.19786796314705,229.1076417556328,8,True,ok,20.696833357214928,0.9692586882778742,0.9961232211188547,-0.030741311722125797,-0.0038767788811453485,0.970451767724393,per_sequence_beta
flat_4s_masked_clipmean,V_8 generic,light_V_8s_2026_05_20-0077_flat_4s_masked_clipmean_cal.fits,2461181.6867488427,228749.4764289856,330089.6313934326,1430.8772540092468,159.86659637508455,230.69038973716152,8,True,ok,20.972833335399628,1.0114506785384099,1.0030047550803511,0.011450678538409864,0.0030047550803511403,1.0105259645843525,per_sequence_beta
flat_4s_masked_clipmean,V_8 generic,light_V_8s_2026_05_20-0079_flat_4s_masked_clipmean_cal.fits,2461181.6871314817,216914.6134033203,309730.11586761475,1361.3712780475616,159.3353825669165,227.51333222764953,8,True,ok,21.523833498358727,1.0080897727650742,0.9891914194106903,0.008089772765074166,-0.010808580589309669,1.011416115520877,per_sequence_beta
flat_4s_masked_clipmean,V_8 generic,light_V_8s_2026_05_20-0080_flat_4s_masked_clipmean_cal.fits,2461181.687323264,232215.00450897217,331812.0783920288,1465.9909391403198,158.40139137909455,226.33978801165625,8,True,ok,21.79999977350235,1.002180558194352,0.9840890376847788,0.0021805581943519226,-0.015910962315221155,1.0070771599079418,per_sequence_beta
flat_4s_masked_clipmean,V_8 generic,light_V_8s_2026_05_20-0081_flat_4s_masked_clipmean_cal.fits,2461181.6875149305,214286.88164901733,310893.34129333496,1348.7114882469175,158.88266950817757,230.5113762302421,8,True,ok,22.07599975168705,1.0052255288215155,1.0022264331100759,0.005225528821515502,0.002226433110075865,1.0045403436035503,per_sequence_beta
flat_4s_masked_clipmean,V_8 generic,light_V_8s_2026_05_20-0082_flat_4s_masked_clipmean_cal.fits,2461181.687706597,205837.60920524597,299553.5930786133,1290.6600246429443,159.48243943031403,232.09333779550775,8,True,ok,22.35199972987175,1.009020178288428,1.0091045478599951,0.009020178288428049,0.009104547859995149,1.0062182519329075,per_sequence_beta
flat_4s_masked_clipmean,V0399 named,light_V0399_V_8s_2026_05_20-0001_flat_4s_masked_clipmean_cal.fits,2461181.689061574,213183.32125854492,315682.1022491455,1342.0599579811096,158.84783685763287,235.2220557448365,8,True,ok,24.303166642785072,1.001860863080357,1.0212039647598175,0.0018608630803569337,0.02120396475981745,0.9974754252947478,per_sequence_beta
flat_4s_masked_clipmean,V0399 named,light_V0399_V_8s_2026_05_20-0002_flat_4s_masked_clipmean_cal.fits,2461181.689252662,212790.1545791626,309838.4415588379,1323.7630190849304,160.7464111863895,234.05884368413464,8,True,ok,24.57833312451839,1.0138352616825557,1.0161539418591854,0.013835261682555666,0.016153941859185394,1.0104942776817685,per_sequence_beta
flat_4s_masked_clipmean,V0399 named,light_V0399_V_8s_2026_05_20-0003_flat_4s_masked_clipmean_cal.fits,2461181.68944375,207354.6053466797,300223.7621154785,1291.1156644821167,160.6011072833295,232.5304931033442,8,True,ok,24.853499606251717,1.0129188230541901,1.0095186896176216,0.01291882305419012,0.00951868961762159,1.010950152496988,per_sequence_beta
flat_4s_masked_clipmean,V0399 named,light_V0399_V_8s_2026_05_20-0004_flat_4s_masked_clipmean_cal.fits,2461181.6896349536,213364.7642211914,310756.8755722046,1355.3813123703003,157.42047073679777,229.2763466162528,8,True,ok,25.128833055496216,0.9928583970597893,0.9953909868220476,-0.007141602940210712,-0.00460901317795237,0.993811640510904,per_sequence_beta
flat_4s_masked_clipmean,V0399 named,light_V0399_V_8s_2026_05_20-0005_flat_4s_masked_clipmean_cal.fits,2461181.6898260415,194209.5655517578,283333.44190979004,1227.5313997268677,158.21148493225547,230.81563695465,8,True,ok,25.403999537229534,0.9978473612172323,1.0020737334357108,-0.002152638782767724,0.002073733435710823,0.9974184683630298,per_sequence_beta
flat_4s_masked_clipmean,V0399 named,light_V0399_V_8s_2026_05_20-0006_flat_4s_masked_clipmean_cal.fits,2461181.6900171298,216077.6523590088,317528.653011322,1385.3843216896057,155.9694656393122,229.19896525468553,8,True,ok,25.67916668951511,0.9837068388890364,0.9950550397826394,-0.016293161110963572,-0.004944960217360572,0.9847295634422597,per_sequence_beta
flat_4s_masked_clipmean,V0399 named,light_V0399_V_8s_2026_05_20-0007_flat_4s_masked_clipmean_cal.fits,2461181.6902081016,215673.02684020996,315157.4346923828,1384.4603991508484,155.78128993251948,227.6391833855869,8,True,ok,25.95416620373726,0.9825200057552175,0.9882833302852447,-0.017479994244782526,-0.011716669714755268,0.9849432660591566,per_sequence_beta
flat_4s_masked_clipmean,V0399 named,light_V0399_V_8s_2026_05_20-0008_flat_4s_masked_clipmean_cal.fits,2461181.690400463,222262.18292236328,318557.74507141113,1382.74866604805,160.73939420791297,230.3800776621696,8,True,ok,26.23116664588451,1.013791005265523,1.0001827760807107,0.013791005265523015,0.0001827760807107115,1.0137532032252097,per_sequence_beta
flat_4s_masked_clipmean,V0399 named,light_V0399_V_8s_2026_05_20-0009_flat_4s_masked_clipmean_cal.fits,2461181.690591667,197969.2242774963,298343.87981033325,1270.3869154453278,155.8338029702543,234.84489345968296,8,True,ok,26.506500095129013,0.9828512079821332,1.019566534886428,-0.017148792017866787,0.01956653488642801,0.9788044260526051,per_sequence_beta
flat_4s_masked_clipmean,V0399 named,light_V0399_V_8s_2026_05_20-0010_flat_4s_masked_clipmean_cal.fits,2461181.690783102,226189.14010238647,318337.32748794556,1422.5143485069275,159.0065789774246,223.78496766803983,8,True,ok,26.782166808843613,1.002862057180874,0.9715504590443425,0.002862057180873956,-0.02844954095565755,1.008746036583,per_sequence_beta
flat_4s_masked_clipmean,V0399 named,light_V0399_V_8s_2026_05_20-0011_flat_4s_masked_clipmean_cal.fits,2461181.690974884,191865.28337097168,284279.98361968994,1207.2715711593628,158.92470919920717,235.47310349293753,8,True,ok,27.058333083987236,1.0023457005953031,1.0222938751208717,0.0023457005953031462,0.022293875120871665,0.9977348458117676,per_sequence_beta
flat_4s_masked_clipmean,V0399 named,light_V0399_V_8s_2026_05_20-0012_flat_4s_masked_clipmean_cal.fits,2461181.691166551,219301.796875,305594.06830596924,1367.6404151916504,160.35047987688253,223.44621064970917,8,True,ok,27.334333062171936,1.011338104079971,0.9700797635812234,0.011338104079970934,-0.029920236418776613,1.0175262550617117,per_sequence_beta
flat_4s_masked_clipmean,V0399 named,light_V0399_V_8s_2026_05_20-0013_flat_4s_masked_clipmean_cal.fits,2461181.691357754,197647.93408966064,282007.0116920471,1243.1411488056185,158.9907423461578,226.8503556197082,8,True,ok,27.609666511416435,1.0027621747941629,0.9848586767616747,0.0027621747941628527,-0.015141323238325288,1.005893727397915,per_sequence_beta
flat_4s_masked_clipmean,V0399 named,light_V0399_V_8s_2026_05_20-0014_flat_4s_masked_clipmean_cal.fits,2461181.6915494213,221877.6749534607,329897.6132965088,1406.3622057437897,157.76709161216058,234.5751414174517,8,True,ok,27.885666489601135,0.9950445514086452,1.0183954208335544,-0.004955448591354772,0.018395420833554388,0.9912399811540046,per_sequence_beta
flat_4s_masked_clipmean,V0399 named,light_V0399_V_8s_2026_05_20-0015_flat_4s_masked_clipmean_cal.fits,2461181.6917408565,159472.28686523438,224026.8984069824,979.0908918380736,162.8779188884627,228.81113518113796,8,True,ok,28.161333203315735,1.0272787821503564,0.9933712962769304,0.027278782150356395,-0.006628703723069562,1.0286497412189097,per_sequence_beta
flat_4s_masked_clipmean,V0399 named,light_V0399_V_8s_2026_05_20-0016_flat_4s_masked_clipmean_cal.fits,2461181.691932523,221845.48431396484,319287.5489692688,1407.447610616684,157.62255208686705,226.85572561338216,8,True,ok,28.437333181500435,0.9941329337472125,0.9848819903017814,-0.005867066252787545,-0.015118009698218637,0.9972596646074435,per_sequence_beta
flat_4s_masked_clipmean,V0399 named,light_V0399_V_8s_2026_05_20-0017_flat_4s_masked_clipmean_cal.fits,2461181.692123727,223395.24155426025,326504.4516906738,1407.433074951172,158.72530319923774,231.98577431612603,8,True,ok,28.712666630744938,1.00108803746822,1.0071538221589773,0.00108803746822006,0.007153822158977308,0.9996084725678407,per_sequence_beta
flat_4s_masked_clipmean,V0399 named,light_V0399_V_8s_2026_05_20-0018_flat_4s_masked_clipmean_cal.fits,2461181.6923153936,232082.4006347656,336922.05112457275,1459.146923303604,159.05348318818773,230.90344484416903,8,True,ok,28.98866660892963,1.0031578842692803,1.002454946688142,0.00315788426928032,0.0024549466881420567,1.0026501482826484,per_sequence_beta
flat_4s_masked_clipmean,V0399 named,light_V0399_V_8s_2026_05_20-0019_flat_4s_masked_clipmean_cal.fits,2461181.6925069443,223840.8228340149,325764.1016998291,1398.640404701233,160.04172486481977,232.91483686932125,8,True,ok,29.264499619603157,1.0093907715321389,1.0111872975056175,0.009390771532138853,0.011187297505617533,1.0070769968321847,per_sequence_beta
flat_4s_masked_clipmean,V0399 named,light_V0399_V_8s_2026_05_20-0020_flat_4s_masked_clipmean_cal.fits,2461181.692698148,234363.8896484375,333507.49227142334,1486.427903175354,157.6691941450924,224.36842820225195,8,True,ok,29.539833068847656,0.9944271074270932,0.9740835217239097,-0.005572892572906829,-0.025916478276090338,0.9997871947687429,per_sequence_beta
flat_4s_masked_clipmean,V0399 named,light_V0399_V_8s_2026_05_20-0021_flat_4s_masked_clipmean_cal.fits,2461181.6928898147,228900.73065185547,326001.45167541504,1431.2475180625916,159.93091884044415,227.7743350197784,8,True,ok,29.815833047032356,1.0086919126656189,0.9888700838710982,0.008691912665618862,-0.011129916128901796,1.0109938196577888,per_sequence_beta
flat_4s_masked_clipmean,V0399 named,light_V0399_V_8s_2026_05_20-0022_flat_4s_masked_clipmean_cal.fits,2461181.6930810185,220203.2081298828,323187.0910644531,1388.7919149398804,158.55738052695622,232.7109537345223,8,True,ok,30.091166496276855,1.0000289411864525,1.0103021497887292,2.8941186452469125e-05,0.010302149788729231,0.9978982341480161,per_sequence_beta
flat_4s_masked_clipmean,V0399 named,light_V0399_V_8s_2026_05_20-0023_flat_4s_masked_clipmean_cal.fits,2461181.693271991,213408.3208618164,304826.3574523926,1328.1692109107971,160.67856347571168,229.5086762652454,8,True,ok,30.366166681051254,1.013407342943954,0.9963996335577087,0.01340734294395407,-0.003600366442291336,1.0141519764696607,per_sequence_beta
flat_4s_masked_clipmean,V0399 named,light_V0399_V_8s_2026_05_20-0024_flat_4s_masked_clipmean_cal.fits,2461181.6934636575,200815.15719604492,301099.8156738281,1304.0430936813354,153.99426458303645,230.8971360937301,8,True,ok,30.64216665923595,0.9712491518714209,1.002427557585787,-0.028750848128579087,0.0024275575857870546,0.9707470805425896,per_sequence_beta
flat_4s_masked_clipmean,V0399 named,light_V0399_V_8s_2026_05_20-0025_flat_4s_masked_clipmean_cal.fits,2461181.6936555556,232281.67683410645,340832.9500427246,1455.5541162490845,159.58298921423048,234.16027356031256,8,True,ok,30.918499901890755,1.0064975039628925,1.0165942942375794,0.0064975039628925035,0.01659429423757941,1.0030654455813908,per_sequence_beta
flat_4s_masked_clipmean,V0399 named,light_V0399_V_8s_2026_05_20-0026_flat_4s_masked_clipmean_cal.fits,2461181.6938471063,216102.50497436523,312967.1845703125,1331.9514274597168,162.24503425512563,234.96891712275132,8,True,ok,31.19433291256428,1.023287148663061,1.020104976981275,0.02328714866306103,0.02010497698127489,1.0191290052813304,per_sequence_beta
flat_4s_masked_clipmean,V0399 named,light_V0399_V_8s_2026_05_20-0027_flat_4s_masked_clipmean_cal.fits,2461181.6940381946,225136.47189331055,333324.43280029297,1419.987533569336,158.54820311513492,234.7375768591684,8,True,ok,31.469500064849857,0.9999710588135476,1.0191006256094133,-2.8941186452358103e-05,0.01910062560941328,0.9960206369832382,per_sequence_beta
flat_4s_masked_clipmean,V0399 named,light_V0399_V_8s_2026_05_20-0028_flat_4s_masked_clipmean_cal.fits,2461181.6942291665,222371.66482925415,327632.2173156738,1409.246012210846,157.79478026011526,232.4875958326677,8,True,ok,31.744499579072,0.9952191850283794,1.0093324534130552,-0.004780814971620639,0.00933245341305522,0.9932890321398211,per_sequence_beta
flat_4s_masked_clipmean,V0399 named,light_V0399_V_8s_2026_05_20-0029_flat_4s_masked_clipmean_cal.fits,2461181.694420139,227239.30157852173,329154.74546051025,1402.9053745269775,161.9776399068546,234.62362568216156,8,True,ok,32.0194997638464,1.0216006797891932,1.0186059126736726,0.021600679789193222,0.01860591267367262,1.0177525752767063,per_sequence_beta
flat_4s_masked_clipmean,V0399 named,light_V0399_V_8s_2026_05_20-0032_flat_4s_masked_clipmean_cal.fits,2461181.6949944445,233673.2453994751,334983.0393791199,1475.3988547325134,158.3797117978918,227.04574990323655,8,True,ok,32.846499904990196,0.9989083760609582,0.9857069705851373,-0.0010916239390418303,-0.014293029414862657,1.0018644831841668,per_sequence_beta
flat_4s_masked_clipmean,V0399 named,light_V0399_V_8s_2026_05_20-0033_flat_4s_masked_clipmean_cal.fits,2461181.695186111,205975.66687393188,312391.1774291992,1306.9354312419891,157.60202221940827,239.02571616130408,8,True,ok,33.122499883174896,0.9940034508965923,1.0377173528670547,-0.0059965491034077445,0.03771735286705469,0.9862026878643037,per_sequence_beta
flat_4s_masked_clipmean,V0399 named,light_V0399_V_8s_2026_05_20-0037_flat_4s_masked_clipmean_cal.fits,2461181.6959542823,182926.54271698,261536.78602600095,1141.079171180725,160.31012337881674,229.20126195571277,8,True,ok,34.228666350245476,1.0110835737270059,0.9950650107872182,0.011083573727005858,-0.004934989212781793,1.0121042360611707,per_sequence_beta
flat_4s_masked_clipmean,V0399 named,light_V0399_V_8s_2026_05_20-0038_flat_4s_masked_clipmean_cal.fits,2461181.69614699,239103.0198230743,338024.4324989319,1490.368458032608,160.4321525555548,226.8059490101851,8,True,ok,34.506166353821754,1.0118532175493349,0.984665887843293,0.011853217549334882,-0.015334112156706992,1.0150246430644454,per_sequence_beta
flat_4s_masked_clipmean,V0399 named,light_V0399_V_8s_2026_05_20-0042_flat_4s_masked_clipmean_cal.fits,2461181.696914352,221969.0649528503,322052.0025215149,1414.992339372635,156.8694464107592,227.5998205504795,8,True,ok,35.61116673052311,0.9893830604245284,0.988112438643521,-0.010616939575471607,-0.011887561356478948,0.9918416648101687,per_sequence_beta
flat_4s_masked_clipmean,V0399 named,light_V0399_V_8s_2026_05_20-0044_flat_4s_masked_clipmean_cal.fits,2461181.6972972224,238700.5796508789,342213.2712402344,1497.8781821727753,159.35914047738336,228.46535540282088,8,True,ok,36.16250015795231,1.005085679331638,0.9918701118772234,0.00508567933163806,-0.008129888122776596,1.0067671157502631,per_sequence_beta
flat_4s_masked_clipmean,V0399 named,light_V0399_V_8s_2026_05_20-0045_flat_4s_masked_clipmean_cal.fits,2461181.6974885417,230150.82865142825,325051.7691192627,1464.5295765399933,157.15000389078403,221.9496105276411,8,True,ok,36.43799990415573,0.9911525497965068,0.9635823542567601,-0.008847450203493201,-0.03641764574323991,0.9986845053300297,per_sequence_beta
flat_4s_masked_clipmean,V0399 named,light_V0399_V_8s_2026_05_20-0047_flat_4s_masked_clipmean_cal.fits,2461181.6978716436,226069.34585762024,342003.95804977417,1439.238088130951,157.07571090701362,237.62847917255544,8,True,ok,36.98966659605503,0.9906839804139237,1.0316513232674875,-0.009316019586076307,0.03165132326748754,0.9841378032911994,per_sequence_beta
flat_4s_masked_clipmean,V0399 named,light_V0399_V_8s_2026_05_20-0048_flat_4s_masked_clipmean_cal.fits,2461181.6980633102,234243.3225440979,335032.08766937256,1475.4844074249268,158.75689459362604,227.06582731977744,8,True,ok,37.26566657423973,1.0012872858953556,0.9857941356144063,0.0012872858953556499,-0.01420586438559368,1.0042253654082909,per_sequence_beta
flat_4s_masked_clipmean,V0399 named,light_V0399_V_8s_2026_05_20-0049_flat_4s_masked_clipmean_cal.fits,2461181.698254977,235472.5772705078,336318.67833709717,1486.4120590686798,158.416756533881,226.26207604089245,8,True,ok,37.54166655242443,0.9991420189729734,0.9823046924579002,-0.0008579810270266108,-0.017695307542099803,1.0028017906808644,per_sequence_beta
flat_4s_masked_clipmean,V0399 named,light_V0399_V_8s_2026_05_20-0050_flat_4s_masked_clipmean_cal.fits,2461181.698446412,204320.0649795532,291478.2178840637,1268.2931094169617,161.09845859958963,229.81928681931984,8,True,ok,37.81733326613903,1.0160556414636792,0.9977481326527984,0.016055641463679216,-0.0022518673472016193,1.0165213762573586,per_sequence_beta
flat_4s_masked_clipmean,V0399 named,light_V0399_V_8s_2026_05_20-0051_flat_4s_masked_clipmean_cal.fits,2461181.698638773,236142.27904510495,346738.1307144165,1500.2688283920288,157.3999769749263,231.11733320890664,8,True,ok,38.09433303773403,0.9927291419288257,1.0033835315752793,-0.007270858071174335,0.003383531575279264,0.9920293545358967,per_sequence_beta
flat_4s_masked_clipmean,V0399 named,light_V0399_V_8s_2026_05_20-0052_flat_4s_masked_clipmean_cal.fits,2461181.6988304397,228608.1979522705,331725.19303131104,1428.1993050575256,160.0674339657815,232.2681378268488,8,True,ok,38.37033301591873,1.009552920054826,1.0083796882272784,0.009552920054826108,0.008379688227278415,1.007819819580467,per_sequence_beta
flat_4s_masked_clipmean,V0399 named,light_V0399_V_8s_2026_05_20-0053_flat_4s_masked_clipmean_cal.fits,2461181.6990222223,229395.7268295288,339813.9562988281,1475.553798675537,155.4641566003458,230.29587711667745,8,True,ok,38.64649996161461,0.9805198307439088,0.9998172239192892,-0.019480169256091195,-0.00018277608071082252,0.9805576327842223,per_sequence_beta
flat_4s_masked_clipmean,V0399 named,light_V0399_V_8s_2026_05_20-0058_flat_4s_masked_clipmean_cal.fits,2461181.6999804396,222750.60411071777,320291.30226135254,1399.334620475769,159.183229551616,228.88828559994792,8,True,ok,40.02633288502693,1.003976200755153,0.9937062406907191,0.0039762007551529255,-0.0062937593092808886,1.0052778860862261,per_sequence_beta
flat_4s_masked_clipmean,V0399 named,light_V0399_V_8s_2026_05_20-0060_flat_4s_masked_clipmean_cal.fits,2461181.7003641203,216398.30568695068,311459.9518356323,1376.880363702774,157.1656560668799,226.2069821360797,8,True,ok,40.57883307337761,0.9912512688156808,0.9820655052190558,-0.00874873118431918,-0.01793449478094422,0.9949605096095162,per_sequence_beta
flat_4s_masked_clipmean,V0399 named,light_V0399_V_8s_2026_05_20-0062_flat_4s_masked_clipmean_cal.fits,2461181.700747222,233288.34928894043,338742.54692459106,1498.7261781692505,155.6577530219101,226.0203043483084,8,True,ok,41.13049976527691,0.9817408525836429,0.9812550535953721,-0.018259147416357147,-0.01874494640462787,0.9856177122739521,per_sequence_beta
flat_4s_masked_clipmean,V0399 named,light_V0399_V_8s_2026_05_20-0063_flat_4s_masked_clipmean_cal.fits,2461181.70093831,232455.21562194824,344445.6950073242,1494.4054131507874,155.55030353633578,230.49012803098648,8,True,ok,41.40566624701023,0.9810631635670054,1.000660553866485,-0.018936836432994597,0.000660553866485003,0.9809265467635762,per_sequence_beta
flat_4s_masked_clipmean,V0399 named,light_V0399_V_8s_2026_05_20-0064_flat_4s_masked_clipmean_cal.fits,2461181.701130209,236356.8942680359,344104.6417388916,1507.322535276413,156.80578558104867,228.288659981979,8,True,ok,41.682000160217285,0.9889815485433476,0.9911029981652577,-0.011018451456652367,-0.00889700183474229,0.9908216406424749,per_sequence_beta
flat_4s_masked_clipmean,V0399 named,light_V0399_V_8s_2026_05_20-0066_flat_4s_masked_clipmean_cal.fits,2461181.701513542,238193.51711273193,344718.56479644775,1500.4917404651642,158.74363762834847,229.7370625243044,8,True,ok,42.234000116586685,1.0012036735847472,0.9973911602770429,0.0012036735847471558,-0.0026088397229571125,1.0017432379741078,per_sequence_beta
flat_4s_masked_clipmean,V0399 named,light_V0399_V_8s_2026_05_20-0069_flat_4s_masked_clipmean_cal.fits,2461181.7020890047,205156.745552063,306194.32649993896,1310.3910126686096,156.56147178105377,233.66638166754103,8,True,ok,43.062666580080986,0.9874406497853451,1.0144500890206667,-0.01255935021465493,0.01445008902066669,0.984452059344149,per_sequence_beta
flat_4s_masked_clipmean,V0399 named,light_V0399_V_8s_2026_05_20-0070_flat_4s_masked_clipmean_cal.fits,2461181.702280787,207114.64324188232,301887.14350509644,1278.425661087036,162.0075766202739,236.13977151272445,8,True,ok,43.33883285522461,1.0217894920647481,1.0251881786453827,0.021789492064748117,0.025188178645382697,1.0165800328134544,per_sequence_beta
flat_4s_masked_clipmean,V0399 named,light_V0399_V_8s_2026_05_20-0074_flat_4s_masked_clipmean_cal.fits,2461181.7030475694,190749.42248535156,270367.82552337646,1168.218091726303,163.28237324545856,231.43608837956583,8,True,ok,44.44299973547459,1.0298296950188752,1.0047673900873313,0.029829695018875224,0.004767390087331291,1.0288436958029483,per_sequence_beta
flat_4s_masked_clipmean,V0399 named,light_V0399_V_8s_2026_05_20-0076_flat_4s_masked_clipmean_cal.fits,2461181.703431134,221251.95748901367,321855.4677581787,1387.6427373886108,159.44446760510218,231.94404372689968,8,True,ok,44.99533295631409,1.005623841584972,1.0069726510394803,0.005623841584972089,0.006972651039480304,1.00418174678427,per_sequence_beta
flat_4s_masked_clipmean,V0399 named,light_V0399_V_8s_2026_05_20-0078_flat_4s_masked_clipmean_cal.fits,2461181.703814236,218592.03744506836,318891.96939086914,1360.8300890922546,160.63139637872115,234.3363598049091,8,True,ok,45.54699964821339,1.0131098578196065,1.0173587632434822,0.013109857819606496,0.017358763243482178,1.0095196907399255,per_sequence_beta
flat_4s_masked_clipmean,V0399 named,light_V0399_V_8s_2026_05_20-0084_flat_4s_masked_clipmean_cal.fits,2461181.704964236,220031.4596633911,317108.1177062988,1374.9682359695437,160.02657654723086,230.62941340073473,8,True,ok,47.20299951732159,1.0092952303725355,1.0012652538440001,0.009295230372535546,0.0012652538440001138,1.0090335485560114,per_sequence_beta
flat_4s_masked_clipmean,V0399 named,light_V0399_V_8s_2026_05_20-0086_flat_4s_masked_clipmean_cal.fits,2461181.705346875,222610.12046813965,327759.5738182068,1428.9525470733645,155.78552340598512,229.3705095312582,8,True,ok,47.753999680280685,0.9825467064737416,0.9957997900774752,-0.01745329352625835,-0.004200209922524789,0.9834154005840354,per_sequence_beta
flat_4s_masked_clipmean,V0399 named,light_V0399_V_8s_2026_05_20-0087_flat_4s_masked_clipmean_cal.fits,2461181.705539352,219484.14083862305,313040.16999816895,1382.9650421142578,158.70548723565616,226.3543621605919,8,True,ok,48.031166419386864,1.0009630572433121,0.9827053477069624,0.0009630572433121376,-0.017294652293037616,1.0045399647940447,per_sequence_beta
flat_4s_masked_clipmean,V0399 named,light_V0399_V_8s_2026_05_20-0089_flat_4s_masked_clipmean_cal.fits,2461181.705923148,237102.0188446045,345306.8000564575,1513.339319229126,156.6747231317435,228.17539706319928,8,True,ok,48.583832904696465,0.9881549314412464,0.9906112732657713,-0.011845068558753558,-0.009388726734228747,0.9900967228677758,per_sequence_beta
flat_4s_masked_clipmean,V0399 named,light_V0399_V_8s_2026_05_20-0092_flat_4s_masked_clipmean_cal.fits,2461181.706498958,227906.33555603027,322192.42029571533,1368.7787373065948,166.50341603383717,235.38678057617065,8,True,ok,49.41299960017204,1.0501449651026344,1.021919108798161,0.05014496510263444,0.021919108798160947,1.0456116200872487,per_sequence_beta
flat_4s_masked_clipmean,V0399 named,light_V0399_V_8s_2026_05_20-0094_flat_4s_masked_clipmean_cal.fits,2461181.706882639,220775.95561408997,317205.21276474,1379.0783767700195,160.0894911652345,230.0124620238595,8,True,ok,49.96549978852272,1.0096920358609855,0.9985867924636079,0.009692035860985548,-0.0014132075363920693,1.0099843176959726,per_sequence_beta
flat_4s_masked_clipmean,V0399 named,light_V0399_V_8s_2026_05_20-0100_flat_4s_masked_clipmean_cal.fits,2461181.7080314816,229245.4943847656,333434.41301727295,1464.4891443252563,156.53615137610828,227.67967540715256,8,True,ok,51.61983333528042,0.9872809527869215,0.9884591242295373,-0.012719047213078483,-0.0115408757704627,0.9896678551071291,per_sequence_beta
flat_4s_masked_clipmean,V0399 named,light_V0399_V_8s_2026_05_20-0102_flat_4s_masked_clipmean_cal.fits,2461181.7084144675,230306.75847625732,333333.4791030884,1450.2337012290957,158.80665183898898,229.84811263218,8,True,ok,52.17133305966854,1.0016011072086952,0.9978732783764297,0.0016011072086952183,-0.0021267216235703046,1.002040959164361,per_sequence_beta
flat_4s_masked_clipmean,V0399 named,light_V0399_V_8s_2026_05_20-0104_flat_4s_masked_clipmean_cal.fits,2461181.708799537,218771.8054428101,327442.44592285156,1375.4694209098816,159.05246755547,238.0586881431696,8,True,ok,52.72583283483982,1.0031514786254185,1.0335190524864815,0.0031514786254185356,0.03351905248648146,0.996219014768914,per_sequence_beta
flat_4s_masked_clipmean,V0399 named,light_V0399_V_8s_2026_05_20-0105_flat_4s_masked_clipmean_cal.fits,2461181.7089913194,219536.59689331055,316643.25733566284,1360.9344727993011,161.3131280610054,232.6660567899059,8,True,ok,53.0019997805357,1.0174095719681515,1.0101072321067852,0.017409571968151516,0.010107232106785213,1.0153191781153463,per_sequence_beta
