file,jd,minutes,object_id,role,x,y,pred_x,pred_y,match_dist,flux,flux_err,flux_rate,flux_rate_err,flag,n_sources
light_V_8s_2026_05_20-0001_flat_0p3_late_bias_cal.fits,2461181.672184375,0.0,target_V0399_direct,target,1846.1828551628541,714.9477537747637,1846.1828551628541,714.9477537747637,0.0,1504062.3229370117,5544.916210311319,188007.79036712646,693.1145262889149,ok,19
light_V_8s_2026_05_20-0001_flat_0p3_late_bias_cal.fits,2461181.672184375,0.0,DN_UMa_direct,check,1764.9244620103386,759.2228666861361,1764.9244620103386,759.2228666861361,0.0,2206656.2880859375,9496.15617281736,275832.0360107422,1187.01952160217,ok,19
light_V_8s_2026_05_20-0001_flat_0p3_late_bias_cal.fits,2461181.672184375,0.0,gaia_774287774887292672_src5,comparison,1891.6035304632062,1173.2992199503678,1891.6436288263062,1173.234740031982,0.07593114379713925,9688.668411254883,117.69427806058367,1211.0835514068604,14.711784757572959,ok,19
light_V_8s_2026_05_20-0001_flat_0p3_late_bias_cal.fits,2461181.672184375,0.0,gaia_774288805679445888_src7,comparison,1767.982390501925,1430.0759524925734,1767.9952501322953,1430.0494906818826,0.02942103870180967,7492.329261779785,106.38906396441737,936.5411577224731,13.298632995552172,ok,19
light_V_8s_2026_05_20-0001_flat_0p3_late_bias_cal.fits,2461181.672184375,0.0,gaia_774289041901756032_src4,comparison,1852.09653058046,1532.5990803152285,1852.1444739748574,1532.6528088919913,0.07200922876476429,9758.667709350586,119.12848365735302,1219.8334636688232,14.891060457169127,ok,19
light_V_8s_2026_05_20-0001_flat_0p3_late_bias_cal.fits,2461181.672184375,0.0,gaia_774271076054448768_src2,comparison,1468.4901671880339,351.1603487761052,1468.5081692804415,351.1398137630711,0.027308644993170265,16186.759742736816,148.91505221282623,2023.344967842102,18.614381526603278,ok,19
light_V_8s_2026_05_20-0001_flat_0p3_late_bias_cal.fits,2461181.672184375,0.0,gaia_774272862760870784_src1,comparison,577.7299667483894,169.5485574827964,577.761300198511,169.5638766273214,0.03487780505562625,24736.77410888672,185.0294158278069,3092.09676361084,23.128676978475863,ok,19
light_V_8s_2026_05_20-0001_flat_0p3_late_bias_cal.fits,2461181.672184375,0.0,gaia_774384016513181696_src3,comparison,239.30627015855046,1130.2567774515946,239.38060962487407,1130.5477973514153,0.3003646755943414,11045.12094116211,132.07218178328833,1380.6401176452637,16.50902272291104,ok,19
light_V_8s_2026_05_20-0001_flat_0p3_late_bias_cal.fits,2461181.672184375,0.0,gaia_774289488578357504_src6,comparison,805.0642719957781,1049.5405592334348,805.0728403613318,1049.5229640101604,0.019570609861166266,8579.556167602539,111.8640738939701,1072.4445209503174,13.983009236746263,ok,19
light_V_8s_2026_05_20-0001_flat_0p3_late_bias_cal.fits,2461181.672184375,0.0,gaia_774290626745586944_src8,comparison,889.8530082271728,1396.717211782743,889.9963596699428,1396.59410798736,0.1889554989459864,2709.148391723633,76.30586025151744,338.6435489654541,9.53823253143968,ok,19
light_V_8s_2026_05_20-0002_flat_0p3_late_bias_cal.fits,2461181.672376852,0.2771667391061783,target_V0399_direct,target,1846.2800691734446,713.5418331515764,1846.2800691734446,713.5418331515764,0.0,1359514.9892578125,6413.731445387102,169939.37365722656,801.7164306733878,ok,17
light_V_8s_2026_05_20-0002_flat_0p3_late_bias_cal.fits,2461181.672376852,0.2771667391061783,DN_UMa_direct,check,1765.0654063988338,757.7875916385624,1765.0654063988338,757.7875916385624,0.0,1954202.9777832031,10844.534663275186,244275.3722229004,1355.5668329093983,ok,17
light_V_8s_2026_05_20-0002_flat_0p3_late_bias_cal.fits,2461181.672376852,0.2771667391061783,gaia_774287774887292672_src5,comparison,1891.7873199107535,1171.5418580036976,1891.6910419392098,1171.5714733327566,0.10072991372895744,8359.482452392578,113.5674015605393,1044.9353065490723,14.195925195067412,ok,17
light_V_8s_2026_05_20-0002_flat_0p3_late_bias_cal.fits,2461181.672376852,0.2771667391061783,gaia_774288805679445888_src7,comparison,1768.2204290966938,1428.471934617422,1768.099270458891,1428.2341911670526,0.2668358366258112,6748.018524169922,102.78793555950853,843.5023155212402,12.848491944938566,ok,17
light_V_8s_2026_05_20-0002_flat_0p3_late_bias_cal.fits,2461181.672376852,0.2771667391061783,gaia_774289041901756032_src4,comparison,1852.2980212092116,1531.106781798984,1852.1954220444063,1530.7837732662815,0.33891164160788745,8418.009536743164,113.65292880366732,1052.2511920928955,14.206616100458415,ok,17
light_V_8s_2026_05_20-0002_flat_0p3_late_bias_cal.fits,2461181.672376852,0.2771667391061783,gaia_774271076054448768_src2,comparison,1468.5291008489226,349.61055394345243,1468.8385084517922,349.92026993026366,0.4377865429635852,14020.705505371094,144.08072200223236,1752.5881881713867,18.010090250279045,ok,17
light_V_8s_2026_05_20-0002_flat_0p3_late_bias_cal.fits,2461181.672376852,0.2771667391061783,gaia_774272862760870784_src1,comparison,577.535568916764,168.04574442821615,578.605986251958,168.40052131654545,1.1276789933206093,20640.48504638672,187.25496297136877,2580.06063079834,23.406870371421096,ok,17
light_V_8s_2026_05_20-0002_flat_0p3_late_bias_cal.fits,2461181.672376852,0.2771667391061783,gaia_774384016513181696_src3,comparison,239.6257579184653,1128.824256812938,240.3666682029625,1128.8220647384942,0.7409135272513893,9304.327980041504,126.37673848032026,1163.040997505188,15.797092310040032,ok,17
light_V_8s_2026_05_20-0002_flat_0p3_late_bias_cal.fits,2461181.672376852,0.2771667391061783,gaia_774289488578357504_src6,comparison,805.2184643327064,1048.037178580992,805.7425470905137,1047.8728211588184,0.5492504886246753,7150.273300170898,105.8147237524612,893.7841625213623,13.22684046905765,ok,17
light_V_8s_2026_05_20-0002_flat_0p3_late_bias_cal.fits,2461181.672376852,0.2771667391061783,gaia_774290626745586944_src8,comparison,890.4015895298415,1395.3771929241827,890.5997333939359,1394.7517194866991,0.6561082318305532,2372.1805114746094,72.03460027205865,296.5225639343262,9.004325034007332,ok,17
light_V_8s_2026_05_20-0003_flat_0p3_late_bias_cal.fits,2461181.6725682872,0.5528334528207779,target_V0399_direct,target,1846.9915506363493,713.3496788357897,1846.9915506363493,713.3496788357897,0.0,1586021.6779785156,4948.532559454115,198252.70974731445,618.5665699317643,ok,20
light_V_8s_2026_05_20-0003_flat_0p3_late_bias_cal.fits,2461181.6725682872,0.5528334528207779,DN_UMa_direct,check,1765.7921443821006,757.6010661151182,1765.7921443821006,757.6010661151182,0.0,2391956.7163085938,8658.73687535451,298994.5895385742,1082.3421094193138,ok,20
light_V_8s_2026_05_20-0003_flat_0p3_late_bias_cal.fits,2461181.6725682872,0.5528334528207779,gaia_774287774887292672_src5,comparison,1892.4706944647485,1171.4513631668447,1892.457894075258,1171.3202948226594,0.13169191629922458,10354.514961242676,119.20964337305698,1294.3143701553345,14.901205421632122,ok,20
light_V_8s_2026_05_20-0003_flat_0p3_late_bias_cal.fits,2461181.6725682872,0.5528334528207779,gaia_774288805679445888_src7,comparison,1768.978659920413,1428.3266071151859,1768.9144003031515,1427.9696650210853,0.36268024064108145,8018.717529296875,107.45227709524056,1002.3396911621094,13.43153463690507,ok,20
light_V_8s_2026_05_20-0003_flat_0p3_late_bias_cal.fits,2461181.6725682872,0.5528334528207779,gaia_774289041901756032_src4,comparison,1852.9481443172892,1530.979000687191,1853.014392279568,1530.4962464885393,0.4872785741462022,10170.532775878906,118.12113156901002,1271.3165969848633,14.765141446126252,ok,20
light_V_8s_2026_05_20-0003_flat_0p3_late_bias_cal.fits,2461181.6725682872,0.5528334528207779,gaia_774271076054448768_src2,comparison,1469.1560589277467,349.5005421494048,1469.5455454663436,349.8201617020461,0.503841663798078,16986.542404174805,148.60810145736255,2123.3178005218506,18.57601268217032,ok,20
light_V_8s_2026_05_20-0003_flat_0p3_late_bias_cal.fits,2461181.6725682872,0.5528334528207779,gaia_774272862760870784_src1,comparison,578.4032211365001,168.06832628591562,579.3920341644998,168.4392573618851,1.0560970918726738,25247.01439666748,184.29499624443284,3155.876799583435,23.036874530554105,ok,20
light_V_8s_2026_05_20-0003_flat_0p3_late_bias_cal.fits,2461181.6725682872,0.5528334528207779,gaia_774384016513181696_src3,comparison,240.21440663557735,1128.8667365107253,241.3189899774154,1128.7944100776606,1.1069487214799145,11089.322174072266,131.1966695968094,1386.1652717590332,16.399583699601173,ok,20
light_V_8s_2026_05_20-0003_flat_0p3_late_bias_cal.fits,2461181.6725682872,0.5528334528207779,gaia_774289488578357504_src6,comparison,805.8015326740297,1047.8496101478474,806.6187161790225,1047.779700327179,0.8201684362728704,8941.074951171875,112.295250810028,1117.6343688964844,14.0369063512535,ok,20
light_V_8s_2026_05_20-0003_flat_0p3_late_bias_cal.fits,2461181.6725682872,0.5528334528207779,gaia_774290626745586944_src8,comparison,890.6997360018225,1394.9656856860456,891.5119952000512,1394.6072180465949,0.8878423585526761,2832.694625854492,76.20559292040684,354.0868282318115,9.525699115050855,ok,20
light_V_8s_2026_05_20-0004_flat_0p3_late_bias_cal.fits,2461181.6727600694,0.8289997279644012,target_V0399_direct,target,1848.0788941053722,714.3136277952666,1848.0788941053722,714.3136277952666,0.0,1361998.40625,6315.334693577036,170249.80078125,789.4168366971295,ok,17
light_V_8s_2026_05_20-0004_flat_0p3_late_bias_cal.fits,2461181.6727600694,0.8289997279644012,DN_UMa_direct,check,1766.8614295891623,758.5490143228166,1766.8614295891623,758.5490143228166,0.0,2018953.2623291016,10430.965903470416,252369.1577911377,1303.870737933802,ok,17
light_V_8s_2026_05_20-0004_flat_0p3_late_bias_cal.fits,2461181.6727600694,0.8289997279644012,gaia_774287774887292672_src5,comparison,1893.5426048411987,1172.3896929034706,1893.4368932607874,1172.3360084978553,0.11856202444000055,8659.381935119629,112.35842787490252,1082.4227418899536,14.044803484362815,ok,17
light_V_8s_2026_05_20-0004_flat_0p3_late_bias_cal.fits,2461181.6727600694,0.8289997279644012,gaia_774288805679445888_src7,comparison,1769.8418697414686,1429.3354089696081,1769.819468839738,1428.9778209932756,0.3582889353802819,6908.571228027344,104.22985231658559,863.571403503418,13.028731539573199,ok,17
light_V_8s_2026_05_20-0004_flat_0p3_late_bias_cal.fits,2461181.6727600694,0.8289997279644012,gaia_774289041901756032_src4,comparison,1853.8656290098183,1531.9792593596558,1853.9017602293377,1531.5341297647997,0.4465935750105564,8594.000564575195,114.47637762640743,1074.2500705718994,14.309547203300928,ok,17
light_V_8s_2026_05_20-0004_flat_0p3_late_bias_cal.fits,2461181.6727600694,0.8289997279644012,gaia_774271076054448768_src2,comparison,1470.3380146678987,350.4660356472169,1470.6886228161977,350.6592596310542,0.4003268434462051,14423.17571258545,146.6698736539166,1802.8969640731812,18.333734206739575,ok,17
light_V_8s_2026_05_20-0004_flat_0p3_late_bias_cal.fits,2461181.6727600694,0.8289997279644012,gaia_774272862760870784_src1,comparison,579.5951415878787,168.86201668023858,580.5006883712501,169.0438483901694,0.9236220805127143,20933.575119018555,184.6648302345302,2616.6968898773193,23.083103779316275,ok,17
light_V_8s_2026_05_20-0004_flat_0p3_late_bias_cal.fits,2461181.6727600694,0.8289997279644012,gaia_774384016513181696_src3,comparison,241.44092269989272,1129.7573175095515,242.16201746099978,1129.4012002730344,0.8042369928327161,9574.600051879883,127.46880034566185,1196.8250064849854,15.933600043207731,ok,17
light_V_8s_2026_05_20-0004_flat_0p3_late_bias_cal.fits,2461181.6727600694,0.8289997279644012,gaia_774289488578357504_src6,comparison,806.964706570965,1048.779371937641,807.5317480355601,1048.5180189026175,0.6243728305156642,7295.395942687988,106.25828260687399,911.9244928359985,13.282285325859249,ok,17
light_V_8s_2026_05_20-0004_flat_0p3_late_bias_cal.fits,2461181.6727600694,0.8289997279644012,gaia_774290626745586944_src8,comparison,892.2114261117015,1395.624537763399,892.3474508028488,1395.397120762865,0.2649928465707705,2366.8101654052734,72.50246544393032,295.8512706756592,9.06280818049129,ok,17
light_V_8s_2026_05_20-0005_flat_0p3_late_bias_cal.fits,2461181.6729527777,1.10649973154068,target_V0399_direct,target,1849.3380563283938,714.9581307711196,1849.3380563283938,714.9581307711196,0.0,1561809.5745239258,5189.221516909476,195226.19681549072,648.6526896136845,ok,21
light_V_8s_2026_05_20-0005_flat_0p3_late_bias_cal.fits,2461181.6729527777,1.10649973154068,DN_UMa_direct,check,1768.0714147908902,759.2153640135182,1768.0714147908902,759.2153640135182,0.0,2283602.7356567383,9099.321288992167,285450.3419570923,1137.4151611240209,ok,21
light_V_8s_2026_05_20-0005_flat_0p3_late_bias_cal.fits,2461181.6729527777,1.10649973154068,gaia_774287774887292672_src5,comparison,1894.7640248995367,1173.2072208994437,1894.7008858816237,1173.2482731889882,0.07531152673972892,9953.31527709961,116.75135750242993,1244.1644096374512,14.59391968780374,ok,21
light_V_8s_2026_05_20-0005_flat_0p3_late_bias_cal.fits,2461181.6729527777,1.10649973154068,gaia_774288805679445888_src7,comparison,1771.1482275950657,1430.094568687236,1770.9997349503428,1430.0331317647817,0.16070022083819208,7672.134536743164,105.71565323140709,959.0168170928955,13.214456653925886,ok,21
light_V_8s_2026_05_20-0005_flat_0p3_late_bias_cal.fits,2461181.6729527777,1.10649973154068,gaia_774289041901756032_src4,comparison,1855.154220642495,1532.6606609271385,1855.1259821730787,1532.6528615657116,0.02929575384996457,10037.174240112305,119.39255648798277,1254.646780014038,14.924069560997847,ok,21
light_V_8s_2026_05_20-0005_flat_0p3_late_bias_cal.fits,2461181.6729527777,1.10649973154068,gaia_774271076054448768_src2,comparison,1471.7191257264578,351.0198643885303,1471.7459642923845,351.0751625167745,0.061466996089891174,16299.392189025879,147.4760049028001,2037.4240236282349,18.434500612850012,ok,21
light_V_8s_2026_05_20-0005_flat_0p3_late_bias_cal.fits,2461181.6729527777,1.10649973154068,gaia_774272862760870784_src1,comparison,580.9761876479209,169.24839422664448,581.0502712625694,169.31268290437868,0.09808881712095674,24300.36644744873,182.98723045943018,3037.5458059310913,22.873403807428772,ok,21
light_V_8s_2026_05_20-0005_flat_0p3_late_bias_cal.fits,2461181.6729527777,1.10649973154068,gaia_774384016513181696_src3,comparison,242.71652139269008,1129.9092192957594,242.47034858448046,1130.2111405391859,0.3895606355036418,10848.630920410156,131.13657831866064,1356.0788650512695,16.39207228983258,ok,21
light_V_8s_2026_05_20-0005_flat_0p3_late_bias_cal.fits,2461181.6729527777,1.10649973154068,gaia_774289488578357504_src6,comparison,808.3717765330902,1049.2687404609644,808.1717638047369,1049.3075587940136,0.2037448268890281,8814.245971679688,111.01413914974464,1101.780746459961,13.87676739371808,ok,21
light_V_8s_2026_05_20-0005_flat_0p3_late_bias_cal.fits,2461181.6729527777,1.10649973154068,gaia_774290626745586944_src8,comparison,893.5790034281183,1396.4189261144177,893.0203921038681,1396.3918136990203,0.5592688929748356,2759.3908157348633,74.46864248857712,344.9238519668579,9.30858031107214,ok,21
light_V_8s_2026_05_20-0006_flat_0p3_late_bias_cal.fits,2461181.6731434027,1.3809996843338013,target_V0399_direct,target,1836.0633166775551,633.2956601566749,1836.0633166775551,633.2956601566749,0.0,1507636.3814086914,5670.661674610555,188454.54767608643,708.8327093263193,ok,20
light_V_8s_2026_05_20-0006_flat_0p3_late_bias_cal.fits,2461181.6731434027,1.3809996843338013,DN_UMa_direct,check,1761.2578463992118,687.7107482578743,1761.2578463992118,687.7107482578743,0.0,2215156.7098999023,9286.751659117144,276894.5887374878,1160.843957389643,ok,20
light_V_8s_2026_05_20-0006_flat_0p3_late_bias_cal.fits,2461181.6731434027,1.3809996843338013,gaia_774287774887292672_src5,comparison,1940.428247699773,1081.8064331622647,1940.5107933120264,1081.6560563349217,0.17154290514052303,9378.441207885742,114.53895923268023,1172.3051509857178,14.317369904085028,ok,20
light_V_8s_2026_05_20-0006_flat_0p3_late_bias_cal.fits,2461181.6731434027,1.3809996843338013,gaia_774288805679445888_src7,comparison,1851.2757867046353,1352.4860213589993,1851.230516403523,1352.232306037974,0.2577224559206337,7751.3763427734375,104.75462639923019,968.9220428466797,13.094328299903774,ok,20
light_V_8s_2026_05_20-0006_flat_0p3_late_bias_cal.fits,2461181.6731434027,1.3809996843338013,gaia_774289041901756032_src4,comparison,1947.7273504129782,1443.3931860697085,1947.934571034068,1443.0276650563624,0.4201737700076231,9840.565231323242,119.16862600035417,1230.0706539154053,14.89607825004427,ok,20
light_V_8s_2026_05_20-0006_flat_0p3_late_bias_cal.fits,2461181.6731434027,1.3809996843338013,gaia_774271076054448768_src2,comparison,1414.3244858048179,321.4945434417658,1414.570370783252,321.63221806806,0.28180440973268667,15990.545654296875,149.1856160007691,1998.8182067871094,18.648202000096138,ok,20
light_V_8s_2026_05_20-0006_flat_0p3_late_bias_cal.fits,2461181.6731434027,1.3809996843338013,gaia_774272862760870784_src1,comparison,507.5342142320844,256.98996431407943,508.1377271687684,257.0824349527324,0.610556044731178,23580.430877685547,182.077877410407,2947.5538597106934,22.759734676300877,ok,20
light_V_8s_2026_05_20-0006_flat_0p3_late_bias_cal.fits,2461181.6731434027,1.3809996843338013,gaia_774384016513181696_src3,comparison,296.7071437373132,1253.4216086832662,297.26562886624606,1253.4531494811022,0.5593750630545785,10729.463500976562,128.71901193315736,1341.1829376220703,16.08987649164467,ok,20
light_V_8s_2026_05_20-0006_flat_0p3_late_bias_cal.fits,2461181.6731434027,1.3809996843338013,gaia_774289488578357504_src6,comparison,847.0477687243877,1099.9540530705226,847.4769236736223,1099.8366964721497,0.44491183579925303,8036.772567749023,107.66071372707917,1004.5965709686279,13.457589215884896,ok,20
light_V_8s_2026_05_20-0006_flat_0p3_late_bias_cal.fits,2461181.6731434027,1.3809996843338013,gaia_774290626745586944_src8,comparison,976.4239256363462,1433.324986160139,976.6277656645901,1432.8468191455672,0.5198023190972465,2631.2196197509766,73.12342806853742,328.90245246887207,9.140428508567178,ok,20
light_V_8s_2026_05_20-0007_flat_0p3_late_bias_cal.fits,2461181.6733350693,1.6569996625185013,target_V0399_direct,target,1835.8303733601165,633.542843628741,1835.8303733601165,633.542843628741,0.0,1607907.9735107422,4923.238332016448,200988.49668884277,615.404791502056,ok,21
light_V_8s_2026_05_20-0007_flat_0p3_late_bias_cal.fits,2461181.6733350693,1.6569996625185013,DN_UMa_direct,check,1761.0708625258635,687.9040748639125,1761.0708625258635,687.9040748639125,0.0,2267618.5166015625,8553.669442825158,283452.3145751953,1069.2086803531447,ok,21
light_V_8s_2026_05_20-0007_flat_0p3_late_bias_cal.fits,2461181.6733350693,1.6569996625185013,gaia_774287774887292672_src5,comparison,1940.2204757123143,1081.8927225172797,1940.1200539044444,1081.5881870593223,0.32066553392777275,10120.371482849121,117.8059707660738,1265.0464353561401,14.725746345759225,ok,21
light_V_8s_2026_05_20-0007_flat_0p3_late_bias_cal.fits,2461181.6733350693,1.6569996625185013,gaia_774288805679445888_src7,comparison,1850.8535081816071,1352.734391751417,1850.8579122196757,1351.947112279618,0.7872917897878022,8058.026412963867,107.61912988306689,1007.2533016204834,13.452391235383361,ok,21
light_V_8s_2026_05_20-0007_flat_0p3_late_bias_cal.fits,2461181.6733350693,1.6569996625185013,gaia_774289041901756032_src4,comparison,1947.622393971457,1443.6408638309947,1947.4737802966117,1442.692162062842,0.9602713518829072,10489.859859466553,120.19232201330612,1311.232482433319,15.024040251663266,ok,21
light_V_8s_2026_05_20-0007_flat_0p3_late_bias_cal.fits,2461181.6733350693,1.6569996625185013,gaia_774271076054448768_src2,comparison,1414.0736227747277,321.7240941878299,1414.7067836671163,322.0361031772377,0.7058628231615158,16742.804946899414,147.69614366935195,2092.8506183624268,18.462017958668994,ok,21
light_V_8s_2026_05_20-0007_flat_0p3_late_bias_cal.fits,2461181.6733350693,1.6569996625185013,gaia_774272862760870784_src1,comparison,507.3424031559848,257.2719833669143,508.96029973086706,257.37251140689943,1.6210167222576624,25405.8592376709,182.7815600640041,3175.7324047088623,22.847695008000514,ok,21
light_V_8s_2026_05_20-0007_flat_0p3_late_bias_cal.fits,2461181.6733350693,1.6569996625185013,gaia_774384016513181696_src3,comparison,296.40927669193024,1253.8690520055918,298.0672373728387,1252.9640006298819,1.888902224074306,11303.21809387207,130.5234211438146,1412.9022617340088,16.315427642976825,ok,21
light_V_8s_2026_05_20-0007_flat_0p3_late_bias_cal.fits,2461181.6733350693,1.6569996625185013,gaia_774289488578357504_src6,comparison,846.805619492538,1100.201269470981,847.8964540555695,1099.5601252292468,1.265300747890897,8892.691955566406,109.97500086127737,1111.5864944458008,13.74687510765967,ok,21
light_V_8s_2026_05_20-0007_flat_0p3_late_bias_cal.fits,2461181.6733350693,1.6569996625185013,gaia_774290626745586944_src8,comparison,976.4377912176,1433.3995659302884,976.8917106807487,1432.3454583004589,1.1476871412933614,2814.123207092285,75.45687097447517,351.76540088653564,9.432108871809396,ok,21
light_V_8s_2026_05_20-0008_flat_0p3_late_bias_cal.fits,2461181.6735259257,1.931832879781723,target_V0399_direct,target,1835.188559018229,632.2938711344638,1835.188559018229,632.2938711344638,0.0,1249857.2888793945,6556.829849999127,156232.16110992432,819.6037312498909,ok,15
light_V_8s_2026_05_20-0008_flat_0p3_late_bias_cal.fits,2461181.6735259257,1.931832879781723,DN_UMa_direct,check,1760.2879871709567,686.7601437175226,1760.2879871709567,686.7601437175226,0.0,1830313.3677978516,10657.252487048989,228789.17097473145,1332.1565608811236,ok,15
light_V_8s_2026_05_20-0008_flat_0p3_late_bias_cal.fits,2461181.6735259257,1.931832879781723,gaia_774287774887292672_src5,comparison,1939.5707207316614,1080.9187873938827,1939.6863380019483,1081.1894005558563,0.29427680272489093,7834.068161010742,109.77618443135086,979.2585201263428,13.722023053918857,ok,15
light_V_8s_2026_05_20-0008_flat_0p3_late_bias_cal.fits,2461181.6735259257,1.931832879781723,gaia_774288805679445888_src7,comparison,1850.2475839041604,1351.5284451361517,1850.2602094537112,1352.0646318797233,0.5363353694129332,6189.8671875,98.68999708528247,773.7333984375,12.336249635660309,ok,15
light_V_8s_2026_05_20-0008_flat_0p3_late_bias_cal.fits,2461181.6735259257,1.931832879781723,gaia_774289041901756032_src4,comparison,1946.7912805210476,1442.2039599635825,1947.0618567763063,1442.9802434553994,0.8220873247881061,7741.392509460449,109.85593746552118,967.6740636825562,13.731992183190147,ok,15
light_V_8s_2026_05_20-0008_flat_0p3_late_bias_cal.fits,2461181.6735259257,1.931832879781723,gaia_774271076054448768_src2,comparison,1413.5158354031628,320.4575232103273,1413.2570209752346,320.2035643450441,0.3626017282911611,12857.336013793945,141.16680063546255,1607.1670017242432,17.64585007943282,ok,15
light_V_8s_2026_05_20-0008_flat_0p3_late_bias_cal.fits,2461181.6735259257,1.931832879781723,gaia_774272862760870784_src1,comparison,506.77692023856997,255.79290322694726,505.7858909881479,255.43651332349242,1.0531632060021174,19652.538955688477,179.43841260460374,2456.5673694610596,22.429801575575468,ok,15
light_V_8s_2026_05_20-0008_flat_0p3_late_bias_cal.fits,2461181.6735259257,1.931832879781723,gaia_774384016513181696_src3,comparison,295.92175902332355,1252.4566172814427,294.5130981315767,1252.9267444795203,1.4850404338970637,8662.10302734375,120.06996115811077,1082.7628784179688,15.008745144763846,ok,15
light_V_8s_2026_05_20-0008_flat_0p3_late_bias_cal.fits,2461181.6735259257,1.931832879781723,gaia_774289488578357504_src6,comparison,846.2178135783524,1099.0572870718095,845.3850910057668,1099.2191283217628,0.8483038801515491,6720.709461212158,102.12000261676259,840.0886826515198,12.765000327095324,ok,15
light_V_8s_2026_05_20-0008_flat_0p3_late_bias_cal.fits,2461181.6735259257,1.931832879781723,gaia_774290626745586944_src8,comparison,976.0849136624921,1432.3828866357853,974.6329601332408,1432.6348230245349,1.4736488710278233,2177.0633392333984,72.10798132949031,272.1329174041748,9.01349766618629,ok,15
light_V_8s_2026_05_20-0009_flat_0p3_late_bias_cal.fits,2461181.6737177083,2.2079998254776,target_V0399_direct,target,1834.8841906583505,631.7515513319121,1834.8841906583505,631.7515513319121,0.0,1604202.750427246,4950.105678473874,200525.34380340576,618.7632098092342,ok,21
light_V_8s_2026_05_20-0009_flat_0p3_late_bias_cal.fits,2461181.6737177083,2.2079998254776,DN_UMa_direct,check,1760.095423517192,686.1129312927242,1760.095423517192,686.1129312927242,0.0,2335640.3745117188,8664.155830950136,291955.04681396484,1083.019478868767,ok,21
light_V_8s_2026_05_20-0009_flat_0p3_late_bias_cal.fits,2461181.6737177083,2.2079998254776,gaia_774287774887292672_src5,comparison,1939.2356082732772,1080.1673464686735,1939.1178503422618,1079.9312894163131,0.26379890501305425,10027.608703613281,117.66273465415911,1253.4510879516602,14.707841831769889,ok,21
light_V_8s_2026_05_20-0009_flat_0p3_late_bias_cal.fits,2461181.6737177083,2.2079998254776,gaia_774288805679445888_src7,comparison,1849.9306082765575,1350.993236298304,1849.7828012878308,1350.3431797354292,0.6666486637300821,7642.040130615234,104.23222436453888,955.2550163269043,13.02902804556736,ok,21
light_V_8s_2026_05_20-0009_flat_0p3_late_bias_cal.fits,2461181.6737177083,2.2079998254776,gaia_774289041901756032_src4,comparison,1946.507412154529,1441.885445028085,1946.4067199641759,1441.129403360368,0.7627174578586837,10304.584426879883,117.39955348944673,1288.0730533599854,14.674944186180841,ok,21
light_V_8s_2026_05_20-0009_flat_0p3_late_bias_cal.fits,2461181.6737177083,2.2079998254776,gaia_774271076054448768_src2,comparison,1413.0470039338413,319.96593597323573,1413.7099789092663,320.0869342157447,0.6739261033154762,16501.019649505615,147.12385185783688,2062.627456188202,18.39048148222961,ok,21
light_V_8s_2026_05_20-0009_flat_0p3_late_bias_cal.fits,2461181.6737177083,2.2079998254776,gaia_774272862760870784_src1,comparison,506.1617784066637,255.20121248462385,507.7427307911544,255.23931070488965,1.5814113684978248,25573.977127075195,183.15003212100572,3196.7471408843994,22.893754015125715,ok,21
light_V_8s_2026_05_20-0009_flat_0p3_late_bias_cal.fits,2461181.6737177083,2.2079998254776,gaia_774384016513181696_src3,comparison,295.42817253729413,1251.6201930881894,296.6114585694979,1251.0476193493316,1.3145366181427278,11380.666732788086,129.56207304286283,1422.5833415985107,16.195259130357854,ok,21
light_V_8s_2026_05_20-0009_flat_0p3_late_bias_cal.fits,2461181.6737177083,2.2079998254776,gaia_774289488578357504_src6,comparison,845.6549240114555,1098.2652470901694,846.6102998168349,1097.7059593854501,1.107043660455395,9009.050285339355,110.90382804641136,1126.1312856674194,13.86297850580142,ok,21
light_V_8s_2026_05_20-0009_flat_0p3_late_bias_cal.fits,2461181.6737177083,2.2079998254776,gaia_774290626745586944_src8,comparison,975.2118117928021,1431.4080897166477,975.5771878440531,1430.6006395207473,0.8862705442963696,2774.4661560058594,75.03882037578967,346.8082695007324,9.379852546973709,ok,21
light_V_8s_2026_05_20-0010_flat_0p3_late_bias_cal.fits,2461181.6739096064,2.4843330681324005,target_V0399_direct,target,1835.7398028357868,629.6792331213811,1835.7398028357868,629.6792331213811,0.0,1410314.056274414,5710.913722090481,176289.25703430176,713.8642152613102,ok,19
light_V_8s_2026_05_20-0010_flat_0p3_late_bias_cal.fits,2461181.6739096064,2.4843330681324005,DN_UMa_direct,check,1760.936766338571,684.0564134721895,1760.936766338571,684.0564134721895,0.0,2009539.1633300781,9629.40142120163,251192.39541625977,1203.6751776502038,ok,19
light_V_8s_2026_05_20-0010_flat_0p3_late_bias_cal.fits,2461181.6739096064,2.4843330681324005,gaia_774287774887292672_src5,comparison,1940.1159241095531,1078.1588918161956,1940.0182331722776,1077.9550029832428,0.2260844431370918,8606.819427490234,111.05108306289135,1075.8524284362793,13.881385382861419,ok,19
light_V_8s_2026_05_20-0010_flat_0p3_late_bias_cal.fits,2461181.6739096064,2.4843330681324005,gaia_774288805679445888_src7,comparison,1850.823410859852,1348.9275250234014,1850.6758980109544,1348.4320641765644,0.5169540514768153,7011.779563903809,100.28087029045061,876.4724454879761,12.535108786306326,ok,19
light_V_8s_2026_05_20-0010_flat_0p3_late_bias_cal.fits,2461181.6739096064,2.4843330681324005,gaia_774289041901756032_src4,comparison,1947.421703101273,1439.9023693998959,1947.325899263103,1439.2341544912606,0.6750478053667729,9146.556251525879,115.17120237561211,1143.3195314407349,14.396400296951514,ok,19
light_V_8s_2026_05_20-0010_flat_0p3_late_bias_cal.fits,2461181.6739096064,2.4843330681324005,gaia_774271076054448768_src2,comparison,1414.2170418637268,317.8970084623908,1414.455892075271,317.9643955459733,0.24817421821882946,14761.903678894043,146.51738981357286,1845.2379598617554,18.314673726696608,ok,19
light_V_8s_2026_05_20-0010_flat_0p3_late_bias_cal.fits,2461181.6739096064,2.4843330681324005,gaia_774272862760870784_src1,comparison,507.2372386239602,253.19657653376407,508.281435231198,253.14518739497623,1.0454603761751307,22114.000465393066,180.45679059686177,2764.2500581741333,22.55709882460772,ok,19
light_V_8s_2026_05_20-0010_flat_0p3_late_bias_cal.fits,2461181.6739096064,2.4843330681324005,gaia_774384016513181696_src3,comparison,296.40356344332645,1249.6704136398005,297.1498850851026,1249.1878947609987,0.8887184376300385,10172.640869140625,125.65941421515936,1271.5801086425781,15.70742677689492,ok,19
light_V_8s_2026_05_20-0010_flat_0p3_late_bias_cal.fits,2461181.6739096064,2.4843330681324005,gaia_774289488578357504_src6,comparison,846.744287052326,1096.2548241670336,847.2653673299972,1095.7855636894108,0.7012346623183293,7832.595405578613,107.79861576408065,979.0744256973267,13.474826970510081,ok,19
light_V_8s_2026_05_20-0010_flat_0p3_late_bias_cal.fits,2461181.6739096064,2.4843330681324005,gaia_774290626745586944_src8,comparison,975.9279778770814,1429.7082782705957,976.2771236374776,1428.7491253883636,1.020723769438491,2435.9051513671875,70.42767620813133,304.48814392089844,8.803459526016416,ok,19
light_V_8s_2026_05_20-0011_flat_0p3_late_bias_cal.fits,2461181.67410081,2.7596665173768997,target_V0399_direct,target,1836.7125334539894,629.8931269736328,1836.7125334539894,629.8931269736328,0.0,1775394.0916137695,4298.66910947091,221924.2614517212,537.3336386838638,ok,23
light_V_8s_2026_05_20-0011_flat_0p3_late_bias_cal.fits,2461181.67410081,2.7596665173768997,DN_UMa_direct,check,1761.940793127059,684.3055819316277,1761.940793127059,684.3055819316277,0.0,2579054.831665039,7810.175833066707,322381.8539581299,976.2719791333384,ok,23
light_V_8s_2026_05_20-0011_flat_0p3_late_bias_cal.fits,2461181.67410081,2.7596665173768997,gaia_774287774887292672_src5,comparison,1941.0712583869843,1078.4161312257206,1941.213313276789,1078.09380687068,0.3522393810603131,11211.225151062012,119.96538828434585,1401.4031438827515,14.995673535543231,ok,23
light_V_8s_2026_05_20-0011_flat_0p3_late_bias_cal.fits,2461181.67410081,2.7596665173768997,gaia_774288805679445888_src7,comparison,1851.884860616014,1349.2195622732688,1852.0126668856558,1348.602835421677,0.6298304946842568,8905.505401611328,108.39590759365086,1113.188175201416,13.549488449206358,ok,23
light_V_8s_2026_05_20-0011_flat_0p3_late_bias_cal.fits,2461181.67410081,2.7596665173768997,gaia_774289041901756032_src4,comparison,1948.5402756262017,1440.005306743916,1948.7039720911434,1439.3513843806056,0.6741001334162601,11444.441650390625,121.1531075020139,1430.5552062988281,15.144138437751737,ok,23
light_V_8s_2026_05_20-0011_flat_0p3_late_bias_cal.fits,2461181.67410081,2.7596665173768997,gaia_774271076054448768_src2,comparison,1414.9451631572215,318.02742349468264,1415.2912556639255,318.4075110203162,0.5140491711294976,18323.53000640869,149.84277296442787,2290.4412508010864,18.730346620553483,ok,23
light_V_8s_2026_05_20-0011_flat_0p3_late_bias_cal.fits,2461181.67410081,2.7596665173768997,gaia_774272862760870784_src1,comparison,508.24564433694246,253.52625843544035,509.1287125262804,254.0514040530261,1.0274178053207614,28305.337127685547,187.81323852319787,3538.1671409606934,23.476654815399733,ok,23
light_V_8s_2026_05_20-0011_flat_0p3_late_bias_cal.fits,2461181.67410081,2.7596665173768997,gaia_774384016513181696_src3,comparison,297.61220143144504,1250.1427882792668,298.5131080714036,1250.1520092320302,0.9009538278354328,12491.495849609375,132.6686809945279,1561.4369812011719,16.583585124315988,ok,23
light_V_8s_2026_05_20-0011_flat_0p3_late_bias_cal.fits,2461181.67410081,2.7596665173768997,gaia_774289488578357504_src6,comparison,847.8310879534856,1096.5436583223238,848.5235333281959,1096.4780728111336,0.6955444315323731,10080.146797180176,113.9084254309781,1260.018349647522,14.238553178872262,ok,23
light_V_8s_2026_05_20-0011_flat_0p3_late_bias_cal.fits,2461181.67410081,2.7596665173768997,gaia_774290626745586944_src8,comparison,977.2445113362331,1429.6427585285858,977.6978935432833,1429.3596942356107,0.53449117825004,3244.3742599487305,75.65011339937772,405.5467824935913,9.456264174922214,ok,23
light_V_8s_2026_05_20-0012_flat_0p3_late_bias_cal.fits,2461181.674292361,3.0354995280504227,target_V0399_direct,target,1836.839905278434,630.4152468959002,1836.839905278434,630.4152468959002,0.0,1396723.5654296875,5869.410321346118,174590.44567871094,733.6762901682647,ok,20
light_V_8s_2026_05_20-0012_flat_0p3_late_bias_cal.fits,2461181.674292361,3.0354995280504227,DN_UMa_direct,check,1762.0259165526522,684.839605419259,1762.0259165526522,684.839605419259,0.0,2011465.8581542969,10072.735733734642,251433.2322692871,1259.0919667168303,ok,20
light_V_8s_2026_05_20-0012_flat_0p3_late_bias_cal.fits,2461181.674292361,3.0354995280504227,gaia_774287774887292672_src5,comparison,1941.4803558339363,1078.935555194747,1941.3133662211103,1078.8326576303116,0.19614647475421287,8813.232177734375,113.99657424779174,1101.6540222167969,14.249571780973968,ok,20
light_V_8s_2026_05_20-0012_flat_0p3_late_bias_cal.fits,2461181.674292361,3.0354995280504227,gaia_774288805679445888_src7,comparison,1852.183533665225,1349.713303700555,1852.028448442148,1349.4474074862665,0.3078184906560876,7102.724502563477,101.63954444130792,887.8405628204346,12.70494305516349,ok,20
light_V_8s_2026_05_20-0012_flat_0p3_late_bias_cal.fits,2461181.674292361,3.0354995280504227,gaia_774289041901756032_src4,comparison,1948.6868774093311,1440.5462794460682,1948.7478454846537,1440.2522819422077,0.30025262444272616,9006.603874206543,116.38166910261121,1125.8254842758179,14.547708637826402,ok,20
light_V_8s_2026_05_20-0012_flat_0p3_late_bias_cal.fits,2461181.674292361,3.0354995280504227,gaia_774271076054448768_src2,comparison,1414.8971889095085,318.50259667321893,1415.2823475114574,318.7215485728184,0.44304298097750505,14707.293411254883,146.03381054571824,1838.4116764068604,18.25422631821478,ok,20
light_V_8s_2026_05_20-0012_flat_0p3_late_bias_cal.fits,2461181.674292361,3.0354995280504227,gaia_774272862760870784_src1,comparison,508.1639738669528,253.99426643669509,508.72703079813687,254.18751138951296,0.595295489268985,21418.575134277344,181.9348552339856,2677.321891784668,22.7418569042482,ok,20
light_V_8s_2026_05_20-0012_flat_0p3_late_bias_cal.fits,2461181.674292361,3.0354995280504227,gaia_774384016513181696_src3,comparison,297.62641999165504,1250.7454260054797,297.8535726267289,1250.6968308555947,0.232292505719288,9792.059677124023,124.31109792766225,1224.007459640503,15.53888724095778,ok,20
light_V_8s_2026_05_20-0012_flat_0p3_late_bias_cal.fits,2461181.674292361,3.0354995280504227,gaia_774289488578357504_src6,comparison,847.7964055157446,1097.0234730116997,848.1341498825498,1097.0450962808081,0.3384358477991947,7616.918342590332,105.5813727841268,952.1147928237915,13.19767159801585,ok,20
light_V_8s_2026_05_20-0012_flat_0p3_late_bias_cal.fits,2461181.674292361,3.0354995280504227,gaia_774290626745586944_src8,comparison,977.7014757013236,1430.2861693367363,977.3111723882768,1430.096179346623,0.43408855377509326,2428.7299423217773,71.88469961485438,303.59124279022217,8.985587451856798,ok,20
light_V_8s_2026_05_20-0013_flat_0p3_late_bias_cal.fits,2461181.6744832178,3.310333415865898,target_V0399_direct,target,1838.0423133443514,629.7115337947264,1838.0423133443514,629.7115337947264,0.0,1496035.9492492676,5524.355379220652,187004.49365615845,690.5444224025815,ok,21
light_V_8s_2026_05_20-0013_flat_0p3_late_bias_cal.fits,2461181.6744832178,3.310333415865898,DN_UMa_direct,check,1763.2272773323768,684.1462039042436,1763.2272773323768,684.1462039042436,0.0,2217282.695739746,9478.708362546462,277160.33696746826,1184.8385453183078,ok,21
light_V_8s_2026_05_20-0013_flat_0p3_late_bias_cal.fits,2461181.6744832178,3.310333415865898,gaia_774287774887292672_src5,comparison,1942.564014897976,1078.291462194906,1942.5610112301642,1078.1537303467703,0.13776459636347538,9712.886154174805,114.70453221685054,1214.1107692718506,14.338066527106317,ok,21
light_V_8s_2026_05_20-0013_flat_0p3_late_bias_cal.fits,2461181.6744832178,3.310333415865898,gaia_774288805679445888_src7,comparison,1853.2464235980488,1349.0045059257925,1853.2920108232995,1348.7961538104892,0.2132810330466358,7463.320663452148,103.3231432523071,932.9150829315186,12.915392906538388,ok,21
light_V_8s_2026_05_20-0013_flat_0p3_late_bias_cal.fits,2461181.6744832178,3.310333415865898,gaia_774289041901756032_src4,comparison,1949.820447489596,1439.774588110336,1950.0262146049358,1439.5997399455273,0.2700221962954755,9651.123329162598,116.46610174622508,1206.3904161453247,14.558262718278135,ok,21
light_V_8s_2026_05_20-0013_flat_0p3_late_bias_cal.fits,2461181.6744832178,3.310333415865898,gaia_774271076054448768_src2,comparison,1416.2063925697992,318.0252229369044,1416.4272382638228,318.02973366999055,0.22089175467127883,15531.499153137207,145.80514290105097,1941.4373941421509,18.22564286263137,ok,21
light_V_8s_2026_05_20-0013_flat_0p3_late_bias_cal.fits,2461181.6744832178,3.310333415865898,gaia_774272862760870784_src1,comparison,509.40211736046797,253.54168411232925,509.7987954482667,253.5665468254296,0.3974564879862296,23404.315589904785,183.2026532741521,2925.539448738098,22.900331659269014,ok,21
light_V_8s_2026_05_20-0013_flat_0p3_late_bias_cal.fits,2461181.6744832178,3.310333415865898,gaia_774384016513181696_src3,comparison,298.74186185669953,1250.2759330167203,298.992761580706,1250.1679292183371,0.27315836427189727,10486.03929901123,126.426298993489,1310.7549123764038,15.803287374186125,ok,21
light_V_8s_2026_05_20-0013_flat_0p3_late_bias_cal.fits,2461181.6744832178,3.310333415865898,gaia_774289488578357504_src6,comparison,849.005108195712,1096.4988018449585,849.3016310026015,1096.4587802481,0.29921146906623697,8318.248664855957,108.93378450804846,1039.7810831069946,13.616723063506058,ok,21
light_V_8s_2026_05_20-0013_flat_0p3_late_bias_cal.fits,2461181.6744832178,3.310333415865898,gaia_774290626745586944_src8,comparison,978.8186247834348,1429.6094738539355,978.51610642743,1429.5239667044507,0.31437052713766733,2669.177646636963,72.26561317611932,333.64720582962036,9.033201647014915,ok,21
light_V_8s_2026_05_20-0014_flat_0p3_late_bias_cal.fits,2461181.674675,3.5864996910095215,target_V0399_direct,target,1839.0915497993944,629.3492986607052,1839.0915497993944,629.3492986607052,0.0,1251379.55859375,6405.912533486437,156422.44482421875,800.7390666858046,ok,18
light_V_8s_2026_05_20-0014_flat_0p3_late_bias_cal.fits,2461181.674675,3.5864996910095215,DN_UMa_direct,check,1764.202739112927,683.8186970376979,1764.202739112927,683.8186970376979,0.0,1865152.2537841797,10595.756601246876,233144.03172302246,1324.4695751558595,ok,18
light_V_8s_2026_05_20-0014_flat_0p3_late_bias_cal.fits,2461181.674675,3.5864996910095215,gaia_774287774887292672_src5,comparison,1943.4471185090836,1077.9680611888227,1943.626451627595,1078.196974935256,0.29079523844317995,8046.191268920898,110.20117795744248,1005.7739086151123,13.77514724468031,ok,18
light_V_8s_2026_05_20-0014_flat_0p3_late_bias_cal.fits,2461181.674675,3.5864996910095215,gaia_774288805679445888_src7,comparison,1854.1308440091866,1348.656012778143,1854.235358772263,1349.0588817159455,0.41620513781923524,6285.316337585449,98.60581005428466,785.6645421981812,12.325726256785583,ok,18
light_V_8s_2026_05_20-0014_flat_0p3_late_bias_cal.fits,2461181.674675,3.5864996910095215,gaia_774289041901756032_src4,comparison,1950.7815246576467,1439.4648884831481,1951.038257286449,1439.9570874513856,0.5551319365932353,8102.492614746094,109.58273649798772,1012.8115768432617,13.697842062248466,ok,18
light_V_8s_2026_05_20-0014_flat_0p3_late_bias_cal.fits,2461181.674675,3.5864996910095215,gaia_774271076054448768_src2,comparison,1417.3142437256213,317.5140029891569,1417.1631440136312,317.3278834374612,0.23973237263020336,13279.280410766602,140.66340491780002,1659.9100513458252,17.582925614725003,ok,18
light_V_8s_2026_05_20-0014_flat_0p3_late_bias_cal.fits,2461181.674675,3.5864996910095215,gaia_774272862760870784_src1,comparison,510.6067639147426,252.81155768139908,509.7606021424783,252.65874945836538,0.8598488808320606,19639.09687423706,177.45399998330208,2454.8871092796326,22.18174999791276,ok,18
light_V_8s_2026_05_20-0014_flat_0p3_late_bias_cal.fits,2461181.674675,3.5864996910095215,gaia_774384016513181696_src3,comparison,,,298.60704666267543,1250.087875175309,274.0713831562722,,,,,no_sep_match,18
light_V_8s_2026_05_20-0014_flat_0p3_late_bias_cal.fits,2461181.674675,3.5864996910095215,gaia_774289488578357504_src6,comparison,850.0720269120881,1095.9478929064064,849.4177177958937,1096.3368134346695,0.7611698869762289,6729.748970031738,100.3464706260767,841.2186212539673,12.543308828259587,ok,18
light_V_8s_2026_05_20-0014_flat_0p3_late_bias_cal.fits,2461181.674675,3.5864996910095215,gaia_774290626745586944_src8,comparison,979.5100192456632,1429.5794327521958,978.6888815012644,1429.7116995174179,0.831722124545621,2247.4610176086426,68.65115438304478,280.9326272010803,8.581394297880598,ok,18
light_V_8s_2026_05_20-0015_flat_0p3_late_bias_cal.fits,2461181.6748667825,3.8626666367053986,target_V0399_direct,target,1839.5291409708257,629.2553703645111,1839.5291409708257,629.2553703645111,0.0,1367345.0458984375,6214.943088492898,170918.1307373047,776.8678860616122,ok,19
light_V_8s_2026_05_20-0015_flat_0p3_late_bias_cal.fits,2461181.6748667825,3.8626666367053986,DN_UMa_direct,check,1764.777296731731,683.6081593303329,1764.777296731731,683.6081593303329,0.0,2007391.845703125,10206.882041043269,250923.98071289062,1275.8602551304086,ok,19
light_V_8s_2026_05_20-0015_flat_0p3_late_bias_cal.fits,2461181.6748667825,3.8626666367053986,gaia_774287774887292672_src5,comparison,1943.8695619166704,1077.7378929335773,1943.794982329359,1077.2492090683286,0.49434202228615226,8550.68962097168,113.00754707596677,1068.83620262146,14.125943384495846,ok,19
light_V_8s_2026_05_20-0015_flat_0p3_late_bias_cal.fits,2461181.6748667825,3.8626666367053986,gaia_774288805679445888_src7,comparison,1854.6701777567453,1348.6451231968038,1854.5368396388826,1347.5732368262497,1.08014788110453,7055.140953063965,102.53597671323504,881.8926191329956,12.81699708915438,ok,19
light_V_8s_2026_05_20-0015_flat_0p3_late_bias_cal.fits,2461181.6748667825,3.8626666367053986,gaia_774289041901756032_src4,comparison,1951.1557632081087,1439.337621627881,1951.1387602404093,1438.3097492299976,1.028013019003685,8599.856750488281,110.27028567707166,1074.9820938110352,13.783785709633957,ok,19
light_V_8s_2026_05_20-0015_flat_0p3_late_bias_cal.fits,2461181.6748667825,3.8626666367053986,gaia_774271076054448768_src2,comparison,1417.8400834708084,317.2924933763698,1418.4642364462152,317.7756920925323,0.7893338558621771,14120.991561889648,142.81746058226494,1765.123945236206,17.852182572783118,ok,19
light_V_8s_2026_05_20-0015_flat_0p3_late_bias_cal.fits,2461181.6748667825,3.8626666367053986,gaia_774272862760870784_src1,comparison,511.01363043371816,252.7199630907978,512.8287840662044,253.0971859108402,1.8539362894902465,20516.38844680786,179.2895338037971,2564.5485558509827,22.411191725474637,ok,19
light_V_8s_2026_05_20-0015_flat_0p3_late_bias_cal.fits,2461181.6748667825,3.8626666367053986,gaia_774384016513181696_src3,comparison,300.07474148200794,1249.3784648946532,301.9362167679649,1248.5631218662459,2.0322092643723924,9219.19418334961,121.39798784111217,1152.3992729187012,15.174748480139021,ok,19
light_V_8s_2026_05_20-0015_flat_0p3_late_bias_cal.fits,2461181.6748667825,3.8626666367053986,gaia_774289488578357504_src6,comparison,850.3834555645591,1095.802606775624,851.7028660868285,1095.1915721562157,1.4540314413350592,7385.364669799805,105.69692987223652,923.1705837249756,13.212116234029565,ok,19
light_V_8s_2026_05_20-0015_flat_0p3_late_bias_cal.fits,2461181.6748667825,3.8626666367053986,gaia_774290626745586944_src8,comparison,979.4651048420285,1429.3658157540149,980.6741911336463,1427.9399431371692,1.8694925461334693,2348.038299560547,70.74996109436584,293.50478744506836,8.84374513679573,ok,19
light_V_8s_2026_05_20-0016_flat_0p3_late_bias_cal.fits,2461181.675058449,4.138666614890099,target_V0399_direct,target,1840.668310328686,628.9336290406833,1840.668310328686,628.9336290406833,0.0,1483766.3072509766,5540.357708360872,185470.78840637207,692.544713545109,ok,23
light_V_8s_2026_05_20-0016_flat_0p3_late_bias_cal.fits,2461181.675058449,4.138666614890099,DN_UMa_direct,check,1765.8713668905884,683.363757217473,1765.8713668905884,683.363757217473,0.0,2197601.07611084,9636.123684616741,274700.134513855,1204.5154605770927,ok,23
light_V_8s_2026_05_20-0016_flat_0p3_late_bias_cal.fits,2461181.675058449,4.138666614890099,gaia_774287774887292672_src5,comparison,1944.966768834099,1077.3795684716447,1945.2012544979088,1077.2840891543817,0.2531794354946084,9218.934875488281,111.91309741405185,1152.3668594360352,13.989137176756481,ok,23
light_V_8s_2026_05_20-0016_flat_0p3_late_bias_cal.fits,2461181.675058449,4.138666614890099,gaia_774288805679445888_src7,comparison,1855.7952870673157,1348.2017502445228,1855.9693416433227,1347.8826280818248,0.3635023385812229,7541.063430786133,102.5687654062727,942.6329288482666,12.821095675784088,ok,23
light_V_8s_2026_05_20-0016_flat_0p3_late_bias_cal.fits,2461181.675058449,4.138666614890099,gaia_774289041901756032_src4,comparison,1952.3657782757518,1439.0232811999088,1952.692298095442,1438.661944295827,0.487010832427738,9499.048622131348,114.23848723489225,1187.3810777664185,14.27981090436153,ok,23
light_V_8s_2026_05_20-0016_flat_0p3_late_bias_cal.fits,2461181.675058449,4.138666614890099,gaia_774271076054448768_src2,comparison,1418.882203631456,317.17011181839945,1419.1085927082377,317.341884927729,0.2841795474252615,15307.19204711914,143.93178524850313,1913.3990058898926,17.99147315606289,ok,23
light_V_8s_2026_05_20-0016_flat_0p3_late_bias_cal.fits,2461181.675058449,4.138666614890099,gaia_774272862760870784_src1,comparison,512.0776035919755,252.7066971525947,512.6448357023903,252.95907066090047,0.6208418919340061,22904.340240478516,182.16633734500192,2863.0425300598145,22.77079216812524,ok,23
light_V_8s_2026_05_20-0016_flat_0p3_late_bias_cal.fits,2461181.675058449,4.138666614890099,gaia_774384016513181696_src3,comparison,301.40006156431156,1249.3439456229323,301.9533209241299,1249.3899693810881,0.5551703392125696,10589.121368408203,127.10925123796787,1323.6401710510254,15.888656404745984,ok,23
light_V_8s_2026_05_20-0016_flat_0p3_late_bias_cal.fits,2461181.675058449,4.138666614890099,gaia_774289488578357504_src6,comparison,851.4948104184991,1095.6139994612988,852.1476977342926,1095.668096931684,0.6551247083006926,8230.74008178711,106.51082657157144,1028.8425102233887,13.31385332144643,ok,23
light_V_8s_2026_05_20-0016_flat_0p3_late_bias_cal.fits,2461181.675058449,4.138666614890099,gaia_774290626745586944_src8,comparison,981.3032638668657,1428.6650361530067,981.363107158387,1428.6612620219785,0.05996218479282206,2547.128387451172,72.24711656862458,318.3910484313965,9.030889571078072,ok,23
light_V_8s_2026_05_20-0017_flat_0p3_late_bias_cal.fits,2461181.6752502313,4.414832890033722,target_V0399_direct,target,1840.7743473286616,629.4291321704884,1840.7743473286616,629.4291321704884,0.0,1675443.1567382812,5049.768013777732,209430.39459228516,631.2210017222166,ok,23
light_V_8s_2026_05_20-0017_flat_0p3_late_bias_cal.fits,2461181.6752502313,4.414832890033722,DN_UMa_direct,check,1765.9887190028867,683.8649909053743,1765.9887190028867,683.8649909053743,0.0,2390265.462890625,8861.674744554468,298783.1828613281,1107.7093430693085,ok,23
light_V_8s_2026_05_20-0017_flat_0p3_late_bias_cal.fits,2461181.6752502313,4.414832890033722,gaia_774287774887292672_src5,comparison,1945.282713078408,1077.9298208271723,1945.3554896790072,1077.7388321326478,0.20438472308603772,10414.693466186523,117.21051918997644,1301.8366832733154,14.651314898747055,ok,23
light_V_8s_2026_05_20-0017_flat_0p3_late_bias_cal.fits,2461181.6752502313,4.414832890033722,gaia_774288805679445888_src7,comparison,1856.1374666784493,1348.4999652608708,1856.162179378211,1348.3313632978716,0.17040346081198862,8429.747375488281,106.91101927212942,1053.7184219360352,13.363877409016178,ok,23
light_V_8s_2026_05_20-0017_flat_0p3_late_bias_cal.fits,2461181.6752502313,4.414832890033722,gaia_774289041901756032_src4,comparison,1952.7211105782494,1439.4194890297667,1952.8901759307607,1439.093203913164,0.367484789802606,10907.305587768555,119.61766745590893,1363.4131984710693,14.952208431988616,ok,23
light_V_8s_2026_05_20-0017_flat_0p3_late_bias_cal.fits,2461181.6752502313,4.414832890033722,gaia_774271076054448768_src2,comparison,1418.9965306522517,317.67697959144186,1419.2029237128133,317.90830418007033,0.31001477505453195,16957.89324951172,146.433213415334,2119.736656188965,18.30415167691675,ok,23
light_V_8s_2026_05_20-0017_flat_0p3_late_bias_cal.fits,2461181.6752502313,4.414832890033722,gaia_774272862760870784_src1,comparison,512.2385924838445,253.27350508381414,512.7879190399638,253.64015553106526,0.6604484958929572,26022.338703155518,185.28833392897968,3252.7923378944397,23.16104174112246,ok,23
light_V_8s_2026_05_20-0017_flat_0p3_late_bias_cal.fits,2461181.6752502313,4.414832890033722,gaia_774384016513181696_src3,comparison,301.64795087709496,1249.9425026860488,302.2311888051063,1250.0345419624387,0.5904555098136679,11693.372344970703,130.97378832525237,1461.671543121338,16.371723540656546,ok,23
light_V_8s_2026_05_20-0017_flat_0p3_late_bias_cal.fits,2461181.6752502313,4.414832890033722,gaia_774289488578357504_src6,comparison,851.9982250726291,1096.0751729174372,852.3724409485272,1096.255112040637,0.4152295868939475,8903.274333953857,107.88315875137866,1112.9092917442322,13.485394843922332,ok,23
light_V_8s_2026_05_20-0017_flat_0p3_late_bias_cal.fits,2461181.6752502313,4.414832890033722,gaia_774290626745586944_src8,comparison,981.5623955643134,1429.2469960188087,981.6204263318493,1429.2117085532022,0.0679174146278472,3002.923011779785,74.32512574103627,375.36537647247314,9.290640717629534,ok,23
light_V_8s_2026_05_20-0018_flat_0p3_late_bias_cal.fits,2461181.67544213,4.691166803240776,target_V0399_direct,target,1840.001409997533,629.4824966652319,1840.001409997533,629.4824966652319,0.0,1023159.6691894531,7325.316701844649,127894.95864868164,915.6645877305812,ok,16
light_V_8s_2026_05_20-0018_flat_0p3_late_bias_cal.fits,2461181.67544213,4.691166803240776,DN_UMa_direct,check,1765.195650447197,683.864484361384,1765.195650447197,683.864484361384,0.0,1506954.7706298828,11730.903552673062,188369.34632873535,1466.3629440841328,ok,16
light_V_8s_2026_05_20-0018_flat_0p3_late_bias_cal.fits,2461181.67544213,4.691166803240776,gaia_774287774887292672_src5,comparison,1944.5545408478274,1077.833408689099,1944.2965988270598,1077.7800658547933,0.26339996972179325,6599.497573852539,105.82117155507038,824.9371967315674,13.227646444383797,ok,16
light_V_8s_2026_05_20-0018_flat_0p3_late_bias_cal.fits,2461181.67544213,4.691166803240776,gaia_774288805679445888_src7,comparison,1855.2826778207798,1348.6669557959713,1854.9560948804117,1348.2740461360863,0.5109152745518267,5071.277938842773,93.58455193630323,633.9097423553467,11.698068992037904,ok,16
light_V_8s_2026_05_20-0018_flat_0p3_late_bias_cal.fits,2461181.67544213,4.691166803240776,gaia_774289041901756032_src4,comparison,1951.836702762688,1439.4990411282183,1951.613598111497,1439.0786840137212,0.4758947247989575,6559.9036865234375,105.38095289193507,819.9879608154297,13.172619111491883,ok,16
light_V_8s_2026_05_20-0018_flat_0p3_late_bias_cal.fits,2461181.67544213,4.691166803240776,gaia_774271076054448768_src2,comparison,1418.143845191659,317.70915559550446,1418.6868787379913,317.7611270660565,0.5455148634029352,10607.326644897461,136.80975597669058,1325.9158306121826,17.101219497086323,ok,16
light_V_8s_2026_05_20-0018_flat_0p3_late_bias_cal.fits,2461181.67544213,4.691166803240776,gaia_774272862760870784_src1,comparison,511.192606401311,253.21375324494298,512.461538306216,252.9608069368491,1.2938972192813512,16094.637733459473,175.86024742821232,2011.829716682434,21.98253092852654,ok,16
light_V_8s_2026_05_20-0018_flat_0p3_late_bias_cal.fits,2461181.67544213,4.691166803240776,gaia_774384016513181696_src3,comparison,300.63834353194477,1250.0721005630267,301.3431420742204,1249.0629040341455,1.230942167244101,7074.333236694336,113.69489383934061,884.291654586792,14.211861729917576,ok,16
light_V_8s_2026_05_20-0018_flat_0p3_late_bias_cal.fits,2461181.67544213,4.691166803240776,gaia_774289488578357504_src6,comparison,850.9604701892752,1096.2408126357823,851.4847469651487,1095.6386240946956,0.7984342031353878,5417.423824310303,98.05591707000633,677.1779780387878,12.256989633750791,ok,16
light_V_8s_2026_05_20-0018_flat_0p3_late_bias_cal.fits,2461181.67544213,4.691166803240776,gaia_774290626745586944_src8,comparison,980.2809765948178,1429.7115507400981,980.5117547336208,1428.6171023651789,1.1185149953007907,1834.803695678711,66.20968150821584,229.35046195983887,8.27621018852698,ok,16
light_V_8s_2026_05_20-0019_flat_0p3_late_bias_cal.fits,2461181.6756346063,4.968332871794701,target_V0399_direct,target,1840.4392982263391,629.3408666483862,1840.4392982263391,629.3408666483862,0.0,1759453.6474456787,4519.228457159763,219931.70593070984,564.9035571449704,ok,24
light_V_8s_2026_05_20-0019_flat_0p3_late_bias_cal.fits,2461181.6756346063,4.968332871794701,DN_UMa_direct,check,1765.645525338107,683.7874899601208,1765.645525338107,683.7874899601208,0.0,2582600.8295898438,7967.9700861313595,322825.10369873047,995.9962607664199,ok,24
light_V_8s_2026_05_20-0019_flat_0p3_late_bias_cal.fits,2461181.6756346063,4.968332871794701,gaia_774287774887292672_src5,comparison,1944.8585577245528,1077.7711461126357,1945.0539984983966,1077.7087632051441,0.20515536363388906,10840.679420471191,118.71294173214562,1355.084927558899,14.839117716518203,ok,24
light_V_8s_2026_05_20-0019_flat_0p3_late_bias_cal.fits,2461181.6756346063,4.968332871794701,gaia_774288805679445888_src7,comparison,1855.653313296366,1348.4005578191768,1855.859668466936,1348.3428595235773,0.21426980593656283,9077.804489135742,109.2904608187407,1134.7255611419678,13.661307602342587,ok,24
light_V_8s_2026_05_20-0019_flat_0p3_late_bias_cal.fits,2461181.6756346063,4.968332871794701,gaia_774289041901756032_src4,comparison,1952.285863166019,1439.3109070689368,1952.6050120584016,1439.1132884265069,0.3753786666086438,11327.656356811523,122.29977617871182,1415.9570446014404,15.287472022338978,ok,24
light_V_8s_2026_05_20-0019_flat_0p3_late_bias_cal.fits,2461181.6756346063,4.968332871794701,gaia_774271076054448768_src2,comparison,1418.6450140285324,317.71037916141563,1418.795823511699,317.79434754147877,0.1726099332697485,18406.540725708008,151.34454036370752,2300.817590713501,18.91806754546344,ok,24
light_V_8s_2026_05_20-0019_flat_0p3_late_bias_cal.fits,2461181.6756346063,4.968332871794701,gaia_774272862760870784_src1,comparison,511.70456460414084,253.21694432453913,512.2514992049926,253.55553758699034,0.6432595549124741,26802.52516937256,184.9727037140436,3350.31564617157,23.12158796425545,ok,24
light_V_8s_2026_05_20-0019_flat_0p3_late_bias_cal.fits,2461181.6756346063,4.968332871794701,gaia_774384016513181696_src3,comparison,301.24681351693675,1249.9500162678053,301.70747844238963,1250.0979952681478,0.4838491067314984,11720.482780456543,132.0099422480091,1465.0603475570679,16.50124278100114,ok,24
light_V_8s_2026_05_20-0019_flat_0p3_late_bias_cal.fits,2461181.6756346063,4.968332871794701,gaia_774289488578357504_src6,comparison,851.5075240829527,1095.9569469439975,851.9190707637912,1096.2738311368337,0.5194095322369069,9539.982406616211,111.11991502907085,1192.4978008270264,13.889989378633857,ok,24
light_V_8s_2026_05_20-0019_flat_0p3_late_bias_cal.fits,2461181.6756346063,4.968332871794701,gaia_774290626745586944_src8,comparison,980.933266613926,1428.9128912250803,981.1991832730087,1429.271469674185,0.44641928020642563,2936.209617614746,71.96628569002945,367.02620220184326,8.995785711253681,ok,24
light_V_8s_2026_05_20-0020_flat_0p3_late_bias_cal.fits,2461181.6758256946,5.2435000240802765,target_V0399_direct,target,1842.1933139951414,628.6851398069822,1842.1933139951414,628.6851398069822,0.0,1572454.6843261719,5460.146231488236,196556.83554077148,682.5182789360294,ok,23
light_V_8s_2026_05_20-0020_flat_0p3_late_bias_cal.fits,2461181.6758256946,5.2435000240802765,DN_UMa_direct,check,1767.4243988014475,683.1189465481605,1767.4243988014475,683.1189465481605,0.0,2303241.231994629,9329.60036815447,287905.1539993286,1166.2000460193087,ok,23
light_V_8s_2026_05_20-0020_flat_0p3_late_bias_cal.fits,2461181.6758256946,5.2435000240802765,gaia_774287774887292672_src5,comparison,1946.652726840009,1077.1570223050753,1946.7974425849663,1076.9142523109301,0.2826303538118033,9642.898445129395,114.36862252120196,1205.3623056411743,14.296077815150245,ok,23
light_V_8s_2026_05_20-0020_flat_0p3_late_bias_cal.fits,2461181.6758256946,5.2435000240802765,gaia_774288805679445888_src7,comparison,1857.2993892453626,1348.000685172616,1857.6422457131102,1347.4716064555118,0.6304560622033073,7574.162185668945,102.01061201773024,946.7702732086182,12.75132650221628,ok,23
light_V_8s_2026_05_20-0020_flat_0p3_late_bias_cal.fits,2461181.6758256946,5.2435000240802765,gaia_774289041901756032_src4,comparison,1954.066318382042,1438.883953740223,1954.362872251553,1438.210453048087,0.7358990282841981,9883.996482849121,113.7242067578116,1235.4995603561401,14.21552584472645,ok,23
light_V_8s_2026_05_20-0020_flat_0p3_late_bias_cal.fits,2461181.6758256946,5.2435000240802765,gaia_774271076054448768_src2,comparison,1420.5180625656005,316.88386270110004,1420.6614408150865,317.2511518808494,0.3942824672574646,16532.633056640625,148.89279239025964,2066.579132080078,18.611599048782455,ok,23
light_V_8s_2026_05_20-0020_flat_0p3_late_bias_cal.fits,2461181.6758256946,5.2435000240802765,gaia_774272862760870784_src1,comparison,513.8744178417601,252.50794559336452,514.3849996098829,253.07335462251643,0.7618274819051597,24742.958618164062,184.0558138819336,3092.869827270508,23.0069767352417,ok,23
light_V_8s_2026_05_20-0020_flat_0p3_late_bias_cal.fits,2461181.6758256946,5.2435000240802765,gaia_774384016513181696_src3,comparison,303.04269079659866,1248.948187423784,303.9498546168654,1249.327789899422,0.9833840736515186,10625.76549911499,125.18570810430855,1328.2206873893738,15.648213513038568,ok,23
light_V_8s_2026_05_20-0020_flat_0p3_late_bias_cal.fits,2461181.6758256946,5.2435000240802765,gaia_774289488578357504_src6,comparison,853.2068242460839,1095.2600399845037,853.9899651343908,1095.5242014729904,0.8264931596435723,8646.232238769531,108.80654909107773,1080.7790298461914,13.600818636384716,ok,23
light_V_8s_2026_05_20-0020_flat_0p3_late_bias_cal.fits,2461181.6758256946,5.2435000240802765,gaia_774290626745586944_src8,comparison,982.4257796618427,1428.5150412806747,983.2468145275901,1428.4163870600823,0.8269406907472301,2829.3386001586914,71.5588171510411,353.6673250198364,8.944852143880137,ok,23
light_V_8s_2026_05_20-0021_flat_0p3_late_bias_cal.fits,2461181.676017361,5.5195000022649765,target_V0399_direct,target,1843.5778912191363,628.1389658968611,1843.5778912191363,628.1389658968611,0.0,1630175.4043273926,4849.329797071825,203771.92554092407,606.1662246339781,ok,23
light_V_8s_2026_05_20-0021_flat_0p3_late_bias_cal.fits,2461181.676017361,5.5195000022649765,DN_UMa_direct,check,1768.7808633261131,682.5278470762104,1768.7808633261131,682.5278470762104,0.0,2364333.096069336,8433.130158094094,295541.637008667,1054.1412697617618,ok,23
light_V_8s_2026_05_20-0021_flat_0p3_late_bias_cal.fits,2461181.676017361,5.5195000022649765,gaia_774287774887292672_src5,comparison,1947.9898598435318,1076.4549040046902,1947.9216018214802,1076.4098709974573,0.08177486970233971,10103.958862304688,115.46326042620699,1262.994857788086,14.432907553275873,ok,23
light_V_8s_2026_05_20-0021_flat_0p3_late_bias_cal.fits,2461181.676017361,5.5195000022649765,gaia_774288805679445888_src7,comparison,1858.6039801684299,1347.2827774416812,1858.6153293447994,1346.9053963723509,0.3775516855917588,8205.930038452148,105.1452083084462,1025.7412548065186,13.143151038555775,ok,23
light_V_8s_2026_05_20-0021_flat_0p3_late_bias_cal.fits,2461181.676017361,5.5195000022649765,gaia_774289041901756032_src4,comparison,1955.2795332016838,1438.118484933754,1955.2802033035787,1437.6958863148755,0.42259915015836663,10244.80697631836,115.4139160428234,1280.600872039795,14.426739505352925,ok,23
light_V_8s_2026_05_20-0021_flat_0p3_late_bias_cal.fits,2461181.676017361,5.5195000022649765,gaia_774271076054448768_src2,comparison,1421.9157251109411,316.363748001944,1422.2409692144176,316.4765291340898,0.3442430981360818,16662.004425048828,147.89105528074566,2082.7505531311035,18.486381910093208,ok,23
light_V_8s_2026_05_20-0021_flat_0p3_late_bias_cal.fits,2461181.676017361,5.5195000022649765,gaia_774272862760870784_src1,comparison,515.1426368979364,251.85170512714095,516.0376102239527,251.78326303207575,0.8975865276715879,25436.485374450684,181.96795196720657,3179.5606718063354,22.74599399590082,ok,23
light_V_8s_2026_05_20-0021_flat_0p3_late_bias_cal.fits,2461181.676017361,5.5195000022649765,gaia_774384016513181696_src3,comparison,304.5551339732734,1248.350991789335,305.04143693704304,1247.8773987858713,0.6788084453665312,11243.837669372559,128.7508951467821,1405.4797086715698,16.093861893347764,ok,23
light_V_8s_2026_05_20-0021_flat_0p3_late_bias_cal.fits,2461181.676017361,5.5195000022649765,gaia_774289488578357504_src6,comparison,854.7675760133706,1094.6494854018858,855.1473746560629,1094.3944015042844,0.4575093483268864,8955.314834594727,109.60000255757078,1119.4143543243408,13.700000319696347,ok,23
light_V_8s_2026_05_20-0021_flat_0p3_late_bias_cal.fits,2461181.676017361,5.5195000022649765,gaia_774290626745586944_src8,comparison,983.8498640101905,1427.6972438437338,984.2087449497736,1427.3471037240772,0.5013916953731883,2832.8652420043945,71.16086928170004,354.1081552505493,8.895108660212506,ok,23
light_V_8s_2026_05_20-0022_flat_0p3_late_bias_cal.fits,2461181.676209028,5.7954999804496765,target_V0399_direct,target,1844.7863222394112,628.3283878238909,1844.7863222394112,628.3283878238909,0.0,1668423.7810058594,4870.530314175603,208552.97262573242,608.8162892719504,ok,23
light_V_8s_2026_05_20-0022_flat_0p3_late_bias_cal.fits,2461181.676209028,5.7954999804496765,DN_UMa_direct,check,1769.966921187382,682.7831219021357,1769.966921187382,682.7831219021357,0.0,2384089.7002563477,8598.377074001013,298011.21253204346,1074.7971342501266,ok,23
light_V_8s_2026_05_20-0022_flat_0p3_late_bias_cal.fits,2461181.676209028,5.7954999804496765,gaia_774287774887292672_src5,comparison,1949.1769977994218,1076.8673515475436,1949.3885302414747,1076.8294796746354,0.21489591154424978,10209.327499389648,115.2447766866462,1276.165937423706,14.405597085830776,ok,23
light_V_8s_2026_05_20-0022_flat_0p3_late_bias_cal.fits,2461181.676209028,5.7954999804496765,gaia_774288805679445888_src7,comparison,1859.9895484708732,1347.5793646414656,1860.144680511885,1347.529933241704,0.16281711651706765,8197.765045166016,104.1227700207755,1024.720630645752,13.015346252596938,ok,23
light_V_8s_2026_05_20-0022_flat_0p3_late_bias_cal.fits,2461181.676209028,5.7954999804496765,gaia_774289041901756032_src4,comparison,1956.6493714317758,1438.3548230575498,1956.9083185313286,1438.334291043496,0.25975981977193285,10723.004249572754,117.7802964625437,1340.3755311965942,14.722537057817963,ok,23
light_V_8s_2026_05_20-0022_flat_0p3_late_bias_cal.fits,2461181.676209028,5.7954999804496765,gaia_774271076054448768_src2,comparison,1422.943609053979,316.56254985846545,1423.055368823573,316.65716002828015,0.1464285844092155,17257.833965301514,149.12843161362915,2157.229245662689,18.641053951703643,ok,23
light_V_8s_2026_05_20-0022_flat_0p3_late_bias_cal.fits,2461181.676209028,5.7954999804496765,gaia_774272862760870784_src1,comparison,516.1157857278699,252.24410692534863,516.2671531348153,252.3171034684505,0.16804935938644244,25300.677139282227,184.10672483972846,3162.5846424102783,23.013340604966057,ok,23
light_V_8s_2026_05_20-0022_flat_0p3_late_bias_cal.fits,2461181.676209028,5.7954999804496765,gaia_774384016513181696_src3,comparison,305.50552338127505,1248.840068417842,305.5732752567858,1249.1147697328558,0.2829330823808307,11598.970230102539,131.71484775243638,1449.8712787628174,16.464355969054548,ok,23
light_V_8s_2026_05_20-0022_flat_0p3_late_bias_cal.fits,2461181.676209028,5.7954999804496765,gaia_774289488578357504_src6,comparison,855.79598014083,1095.0941285283004,855.9506623927148,1095.2989231279714,0.25664650222153557,8950.938491821289,108.75759830926089,1118.8673114776611,13.59469978865761,ok,23
light_V_8s_2026_05_20-0022_flat_0p3_late_bias_cal.fits,2461181.676209028,5.7954999804496765,gaia_774290626745586944_src8,comparison,985.0653639847852,1428.0835601446856,985.2357117548809,1428.4002381064342,0.3595876725275951,2777.7172203063965,69.84508135213056,347.21465253829956,8.73063516901632,ok,23
light_V_8s_2026_05_20-0023_flat_0p3_late_bias_cal.fits,2461181.6764001157,6.070666462182999,target_V0399_direct,target,1845.068551454848,626.8479722580109,1845.068551454848,626.8479722580109,0.0,1764666.2439727783,4560.709595379283,220583.2804965973,570.0886994224104,ok,23
light_V_8s_2026_05_20-0023_flat_0p3_late_bias_cal.fits,2461181.6764001157,6.070666462182999,DN_UMa_direct,check,1770.2809371614767,681.2585510432425,1770.2809371614767,681.2585510432425,0.0,2607236.6133728027,8098.3737537565585,325904.57667160034,1012.2967192195698,ok,23
light_V_8s_2026_05_20-0023_flat_0p3_late_bias_cal.fits,2461181.6764001157,6.070666462182999,gaia_774287774887292672_src5,comparison,1949.5773215996303,1075.213052108381,1949.5299653423126,1075.117779700604,0.1063928888166928,11204.92221069336,118.6643025932024,1400.61527633667,14.8330378241503,ok,23
light_V_8s_2026_05_20-0023_flat_0p3_late_bias_cal.fits,2461181.6764001157,6.070666462182999,gaia_774288805679445888_src7,comparison,1860.3469361588948,1345.9911085028307,1860.2862428732742,1345.6506517553266,0.34582433668042584,8748.658737182617,106.51369347546954,1093.5823421478271,13.314211684433692,ok,23
light_V_8s_2026_05_20-0023_flat_0p3_late_bias_cal.fits,2461181.6764001157,6.070666462182999,gaia_774289041901756032_src4,comparison,1956.9742243669423,1436.9036394037662,1956.9791595309557,1436.4220653965062,0.4815992943435931,11190.566497802734,118.06563186915045,1398.8208122253418,14.758203983643806,ok,23
light_V_8s_2026_05_20-0023_flat_0p3_late_bias_cal.fits,2461181.6764001157,6.070666462182999,gaia_774271076054448768_src2,comparison,1423.2936855023047,315.1870085092158,1423.6303838594192,315.2733629619924,0.3475958503750751,18756.49481201172,151.70380111001109,2344.561851501465,18.962975138751386,ok,23
light_V_8s_2026_05_20-0023_flat_0p3_late_bias_cal.fits,2461181.6764001157,6.070666462182999,gaia_774272862760870784_src1,comparison,516.5519339561063,250.88974974176995,517.3604419818389,250.8027002383875,0.8131806956102772,27181.657299041748,185.1271090181388,3397.7071623802185,23.14088862726735,ok,23
light_V_8s_2026_05_20-0023_flat_0p3_late_bias_cal.fits,2461181.6764001157,6.070666462182999,gaia_774384016513181696_src3,comparison,306.01880395484113,1247.5165517808439,306.60116792549775,1247.0049414173814,0.7751728570591172,12081.08065032959,131.6257782194142,1510.1350812911987,16.453222277426775,ok,23
light_V_8s_2026_05_20-0023_flat_0p3_late_bias_cal.fits,2461181.6764001157,6.070666462182999,gaia_774289488578357504_src6,comparison,856.1692574987783,1093.5317821335127,856.6994095634434,1093.376086260331,0.5525417781439641,9709.649787902832,111.71655661818122,1213.706223487854,13.964569577272652,ok,23
light_V_8s_2026_05_20-0023_flat_0p3_late_bias_cal.fits,2461181.6764001157,6.070666462182999,gaia_774290626745586944_src8,comparison,985.5085161027747,1426.5738029435959,985.8510733973364,1426.3151028887362,0.4292682360038522,3014.6257820129395,72.37444278086328,376.82822275161743,9.04680534760791,ok,23
light_V_8s_2026_05_20-0024_flat_0p3_late_bias_cal.fits,2461181.6765917824,6.346666440367699,target_V0399_direct,target,1845.6086172746243,626.6291765236346,1845.6086172746243,626.6291765236346,0.0,1271588.1105041504,6464.979755678222,158948.5138130188,808.1224694597778,ok,19
light_V_8s_2026_05_20-0024_flat_0p3_late_bias_cal.fits,2461181.6765917824,6.346666440367699,DN_UMa_direct,check,1770.8277414448764,681.0814745988902,1770.8277414448764,681.0814745988902,0.0,1823029.2006835938,10696.2314786884,227878.65008544922,1337.02893483605,ok,19
light_V_8s_2026_05_20-0024_flat_0p3_late_bias_cal.fits,2461181.6765917824,6.346666440367699,gaia_774287774887292672_src5,comparison,1950.0827622967363,1074.9754455380964,1950.2743259951524,1074.9489533940784,0.1933868771285044,7564.392112731934,106.29496631223809,945.5490140914917,13.286870789029761,ok,19
light_V_8s_2026_05_20-0024_flat_0p3_late_bias_cal.fits,2461181.6765917824,6.346666440367699,gaia_774288805679445888_src7,comparison,1861.0107876309035,1345.5750893823736,1861.1224549191647,1345.5740585858862,0.11167204578151094,6030.65926361084,97.62419840340128,753.832407951355,12.20302480042516,ok,19
light_V_8s_2026_05_20-0024_flat_0p3_late_bias_cal.fits,2461181.6765917824,6.346666440367699,gaia_774289041901756032_src4,comparison,1957.7437075863056,1436.480524600849,1957.8723360295187,1436.3247983377235,0.20198006196279922,8135.078308105469,109.7841135483018,1016.8847885131836,13.723014193537725,ok,19
light_V_8s_2026_05_20-0024_flat_0p3_late_bias_cal.fits,2461181.6765917824,6.346666440367699,gaia_774271076054448768_src2,comparison,1423.930557770051,315.0800776799309,1423.9564319014873,315.16202892742183,0.08593880173062425,12471.413719177246,138.7911409229996,1558.9267148971558,17.34889261537495,ok,19
light_V_8s_2026_05_20-0024_flat_0p3_late_bias_cal.fits,2461181.6765917824,6.346666440367699,gaia_774272862760870784_src1,comparison,517.2768759102463,250.61484790506398,517.47309928608,251.0474767504615,0.4750487670687779,18871.183471679688,176.52674025989305,2358.897933959961,22.06584253248663,ok,19
light_V_8s_2026_05_20-0024_flat_0p3_late_bias_cal.fits,2461181.6765917824,6.346666440367699,gaia_774384016513181696_src3,comparison,306.8008354136678,1247.077220075931,307.0763916325286,1247.5413076899495,0.5397300651604553,8313.697341918945,118.53155941718246,1039.2121677398682,14.816444927147808,ok,19
light_V_8s_2026_05_20-0024_flat_0p3_late_bias_cal.fits,2461181.6765917824,6.346666440367699,gaia_774289488578357504_src6,comparison,856.760610808652,1093.1858433578168,857.2255843987681,1093.6564983159708,0.6616014881636637,6646.515754699707,100.93514498341999,830.8144693374634,12.616893122927499,ok,19
light_V_8s_2026_05_20-0024_flat_0p3_late_bias_cal.fits,2461181.6765917824,6.346666440367699,gaia_774290626745586944_src8,comparison,986.398442870023,1426.6323520960973,986.5396285748902,1426.6116084545445,0.14270144331338624,2207.386787414551,66.26970889843766,275.92334842681885,8.283713612304707,ok,19
light_V_8s_2026_05_20-0025_flat_0p3_late_bias_cal.fits,2461181.676783449,6.622666418552399,target_V0399_direct,target,1845.9597307060703,627.0296645873835,1845.9597307060703,627.0296645873835,0.0,1769003.3500671387,4367.1658612542315,221125.41875839233,545.8957326567789,ok,23
light_V_8s_2026_05_20-0025_flat_0p3_late_bias_cal.fits,2461181.676783449,6.622666418552399,DN_UMa_direct,check,1771.1603637715546,681.5030477873689,1771.1603637715546,681.5030477873689,0.0,2682832.0888671875,7793.513077116203,335354.01110839844,974.1891346395254,ok,23
light_V_8s_2026_05_20-0025_flat_0p3_late_bias_cal.fits,2461181.676783449,6.622666418552399,gaia_774287774887292672_src5,comparison,1950.2475140969095,1075.5443829258631,1950.686252181176,1075.4750675965315,0.4441798300984006,11931.547527313232,122.04371665971206,1491.443440914154,15.255464582464008,ok,23
light_V_8s_2026_05_20-0025_flat_0p3_late_bias_cal.fits,2461181.676783449,6.622666418552399,gaia_774288805679445888_src7,comparison,1861.1723933470137,1346.2507912660312,1861.526035921653,1346.1861509345129,0.3595016593234095,9394.399723052979,109.01995106150162,1174.2999653816223,13.627493882687702,ok,23
light_V_8s_2026_05_20-0025_flat_0p3_late_bias_cal.fits,2461181.676783449,6.622666418552399,gaia_774289041901756032_src4,comparison,1957.7385440357525,1437.205625231276,1958.3105757615576,1436.9572882222335,0.6236117104318318,11836.540908813477,121.44381729254373,1479.5676136016846,15.180477161567966,ok,23
light_V_8s_2026_05_20-0025_flat_0p3_late_bias_cal.fits,2461181.676783449,6.622666418552399,gaia_774271076054448768_src2,comparison,1424.1829647309787,315.41693960957315,1424.1620935323278,315.49847698781696,0.0841662104647574,19140.481521606445,151.77647177601114,2392.5601902008057,18.972058972001392,ok,23
light_V_8s_2026_05_20-0025_flat_0p3_late_bias_cal.fits,2461181.676783449,6.622666418552399,gaia_774272862760870784_src1,comparison,517.4332250973206,251.00535030531717,517.4063866917579,251.42533062084834,0.42083698203320175,27662.38929748535,185.7615308406263,3457.798662185669,23.22019135507829,ok,23
light_V_8s_2026_05_20-0025_flat_0p3_late_bias_cal.fits,2461181.676783449,6.622666418552399,gaia_774384016513181696_src3,comparison,306.99864572756684,1247.5411301505246,307.0138143434824,1248.2278994464796,0.6869367895048613,12555.858474731445,132.56523138158877,1569.4823093414307,16.570653922698597,ok,23
light_V_8s_2026_05_20-0025_flat_0p3_late_bias_cal.fits,2461181.676783449,6.622666418552399,gaia_774289488578357504_src6,comparison,857.0896505600255,1093.7168981046143,857.3154728285681,1094.2609386448164,0.5890465230804242,9935.986846923828,112.72254002665053,1241.9983558654785,14.090317503331317,ok,23
light_V_8s_2026_05_20-0025_flat_0p3_late_bias_cal.fits,2461181.676783449,6.622666418552399,gaia_774290626745586944_src8,comparison,986.3342490100683,1426.724766698155,986.6899369575356,1427.305912806528,0.6813550581383074,3247.1239852905273,72.37942208075033,405.8904981613159,9.047427760093791,ok,23
light_V_8s_2026_05_20-0026_flat_0p3_late_bias_cal.fits,2461181.6769761574,6.900166422128677,target_V0399_direct,target,1846.6248831601135,626.432019296814,1846.6248831601135,626.432019296814,0.0,1816527.6856384277,4290.894268558806,227065.96070480347,536.3617835698508,ok,24
light_V_8s_2026_05_20-0026_flat_0p3_late_bias_cal.fits,2461181.6769761574,6.900166422128677,DN_UMa_direct,check,1771.8219265282423,680.832066235565,1771.8219265282423,680.832066235565,0.0,2636401.03704834,7707.539254346215,329550.1296310425,963.4424067932769,ok,24
light_V_8s_2026_05_20-0026_flat_0p3_late_bias_cal.fits,2461181.6769761574,6.900166422128677,gaia_774287774887292672_src5,comparison,1950.9932817732602,1074.9567046940624,1951.0082852026824,1074.7517415428365,0.2055115477409562,11083.968391418457,117.31571557500493,1385.4960489273071,14.664464446875616,ok,24
light_V_8s_2026_05_20-0026_flat_0p3_late_bias_cal.fits,2461181.6769761574,6.900166422128677,gaia_774288805679445888_src7,comparison,1861.7748859253813,1345.709716813566,1861.707256319395,1345.2858521789408,0.4292260384597921,9022.483673095703,107.68273398752993,1127.810459136963,13.460341748441241,ok,24
light_V_8s_2026_05_20-0026_flat_0p3_late_bias_cal.fits,2461181.6769761574,6.900166422128677,gaia_774289041901756032_src4,comparison,1958.3528562304712,1436.5458273069744,1958.3894485968099,1436.081701430055,0.46556614019962084,11638.259384155273,120.56919654184239,1454.7824230194092,15.071149567730298,ok,24
light_V_8s_2026_05_20-0026_flat_0p3_late_bias_cal.fits,2461181.6769761574,6.900166422128677,gaia_774271076054448768_src2,comparison,1424.819258468287,314.54825070203276,1425.2175148172896,314.75655105353667,0.4494409371180491,18852.396224975586,151.69517203881196,2356.5495281219482,18.961896504851495,ok,24
light_V_8s_2026_05_20-0026_flat_0p3_late_bias_cal.fits,2461181.6769761574,6.900166422128677,gaia_774272862760870784_src1,comparison,518.071299133421,249.95576793037205,518.898946322706,250.10966090071514,0.8418330691131163,27285.18953704834,183.9990565817648,3410.6486921310425,22.9998820727206,ok,24
light_V_8s_2026_05_20-0026_flat_0p3_late_bias_cal.fits,2461181.6769761574,6.900166422128677,gaia_774384016513181696_src3,comparison,307.4587288796685,1246.7856637874263,307.93656362961565,1246.3388200288514,0.6542135682133148,12717.857940673828,133.59080296883087,1589.7322425842285,16.69885037110386,ok,24
light_V_8s_2026_05_20-0026_flat_0p3_late_bias_cal.fits,2461181.6769761574,6.900166422128677,gaia_774289488578357504_src6,comparison,857.6269001408223,1093.0317884537137,858.1008836748807,1092.8039896482956,0.5258827685981702,9787.950256347656,111.76666999035133,1223.493782043457,13.970833748793916,ok,24
light_V_8s_2026_05_20-0026_flat_0p3_late_bias_cal.fits,2461181.6769761574,6.900166422128677,gaia_774290626745586944_src8,comparison,987.0087865967399,1426.3603710048833,987.1980691543043,1425.7898598877478,0.6010913585914911,3037.1560134887695,72.02596284902262,379.6445016860962,9.003245356127827,ok,24
light_V_8s_2026_05_20-0027_flat_0p3_late_bias_cal.fits,2461181.6771674766,7.1756661683321,target_V0399_direct,target,1848.6573164884296,625.8713059933059,1848.6573164884296,625.8713059933059,0.0,1578949.9385375977,5160.700043464173,197368.7423171997,645.0875054330216,ok,24
light_V_8s_2026_05_20-0027_flat_0p3_late_bias_cal.fits,2461181.6771674766,7.1756661683321,DN_UMa_direct,check,1773.8528906364513,680.2538079014926,1773.8528906364513,680.2538079014926,0.0,2316885.7244873047,8965.628265141628,289610.7155609131,1120.7035331427035,ok,24
light_V_8s_2026_05_20-0027_flat_0p3_late_bias_cal.fits,2461181.6771674766,7.1756661683321,gaia_774287774887292672_src5,comparison,1953.0691689857595,1074.3691062663415,1952.9574472706843,1074.1637583260517,0.2337723640651529,9827.107276916504,114.15662720852313,1228.388409614563,14.269578401065392,ok,24
light_V_8s_2026_05_20-0027_flat_0p3_late_bias_cal.fits,2461181.6771674766,7.1756661683321,gaia_774288805679445888_src7,comparison,1863.8060525990954,1345.0871050719675,1863.621203500392,1344.656627188153,0.468487350677574,7938.370758056641,104.1788071573362,992.2963447570801,13.022350894667024,ok,24
light_V_8s_2026_05_20-0027_flat_0p3_late_bias_cal.fits,2461181.6771674766,7.1756661683321,gaia_774289041901756032_src4,comparison,1960.4111175320813,1435.8245413242657,1960.2790736587076,1435.4592484534764,0.3884256247275904,10263.152252197266,115.6491167744825,1282.8940315246582,14.456139596810312,ok,24
light_V_8s_2026_05_20-0027_flat_0p3_late_bias_cal.fits,2461181.6771674766,7.1756661683321,gaia_774271076054448768_src2,comparison,1426.880014032605,314.09207304816454,1427.3422769671897,314.1580206245857,0.4669433622257563,16167.357650756836,144.64750187020863,2020.9197063446045,18.08093773377608,ok,24
light_V_8s_2026_05_20-0027_flat_0p3_late_bias_cal.fits,2461181.6771674766,7.1756661683321,gaia_774272862760870784_src1,comparison,520.0141688704878,249.8211423524758,521.1237033353177,249.370004468912,1.1977445965780467,24138.091762542725,180.09735488488852,3017.2614703178406,22.512169360611065,ok,24
light_V_8s_2026_05_20-0027_flat_0p3_late_bias_cal.fits,2461181.6771674766,7.1756661683321,gaia_774384016513181696_src3,comparison,309.44518330593,1246.3352020724387,310.02000572812085,1245.4664790087936,1.0416816108400406,11173.605876922607,129.99323634216728,1396.700734615326,16.24915454277091,ok,24
light_V_8s_2026_05_20-0027_flat_0p3_late_bias_cal.fits,2461181.6771674766,7.1756661683321,gaia_774289488578357504_src6,comparison,859.6823591146642,1092.5388974577158,860.1550012454276,1092.0363479343332,0.6898888368604293,8810.69206237793,108.29504886935739,1101.3365077972412,13.536881108669673,ok,24
light_V_8s_2026_05_20-0027_flat_0p3_late_bias_cal.fits,2461181.6771674766,7.1756661683321,gaia_774290626745586944_src8,comparison,989.1306559973475,1425.4770543309874,989.1852468623546,1425.0103565027907,0.469879798869531,2920.788703918457,72.54810417654788,365.09858798980713,9.068513022068485,ok,24
light_V_8s_2026_05_20-0028_flat_0p3_late_bias_cal.fits,2461181.677359375,7.452000081539154,target_V0399_direct,target,1849.781887293159,624.4128923573826,1849.781887293159,624.4128923573826,0.0,1383191.5888671875,6093.617297836885,172898.94860839844,761.7021622296106,ok,19
light_V_8s_2026_05_20-0028_flat_0p3_late_bias_cal.fits,2461181.677359375,7.452000081539154,DN_UMa_direct,check,1775.0381931257314,678.769992889042,1775.0381931257314,678.769992889042,0.0,1993179.838684082,10376.67545859514,249147.47983551025,1297.0844323243925,ok,19
light_V_8s_2026_05_20-0028_flat_0p3_late_bias_cal.fits,2461181.677359375,7.452000081539154,gaia_774287774887292672_src5,comparison,1954.344266173258,1072.937179543411,1954.0832881231108,1072.3777287735932,0.6173286859594217,8452.548034667969,110.8356581969326,1056.568504333496,13.854457274616575,ok,19
light_V_8s_2026_05_20-0028_flat_0p3_late_bias_cal.fits,2461181.677359375,7.452000081539154,gaia_774288805679445888_src7,comparison,1865.0822940599562,1343.6125016405263,1864.8532808344416,1342.6978893321577,0.9428482020345585,6608.772994995117,98.96976271585972,826.0966243743896,12.371220339482464,ok,19
light_V_8s_2026_05_20-0028_flat_0p3_late_bias_cal.fits,2461181.677359375,7.452000081539154,gaia_774289041901756032_src4,comparison,1961.6587773445503,1434.4910236172498,1961.4590908592938,1433.421765076248,1.0877446942639328,8430.853012084961,109.9112004835782,1053.8566265106201,13.738900060447275,ok,19
light_V_8s_2026_05_20-0028_flat_0p3_late_bias_cal.fits,2461181.677359375,7.452000081539154,gaia_774271076054448768_src2,comparison,1428.0468815715137,312.804325160825,1428.7075569144135,312.98460692175513,0.6848309441313748,14049.893478393555,143.27632319571177,1756.2366847991943,17.90954039946397,ok,19
light_V_8s_2026_05_20-0028_flat_0p3_late_bias_cal.fits,2461181.677359375,7.452000081539154,gaia_774272862760870784_src1,comparison,521.2115160550817,248.40291502621534,523.1060558426727,248.39007444928603,1.8945833017266336,21253.279541015625,180.39132045104265,2656.659942626953,22.54891505638033,ok,19
light_V_8s_2026_05_20-0028_flat_0p3_late_bias_cal.fits,2461181.677359375,7.452000081539154,gaia_774384016513181696_src3,comparison,310.7228379548864,1245.0503958582656,312.3119270199584,1243.831215888058,2.0028988632695484,8856.30602645874,120.79158677689833,1107.0382533073425,15.098948347112291,ok,19
light_V_8s_2026_05_20-0028_flat_0p3_late_bias_cal.fits,2461181.677359375,7.452000081539154,gaia_774289488578357504_src6,comparison,861.0123359828466,1091.2063657246151,862.0407081867388,1090.4171440744856,1.2963102262851063,7193.594020843506,102.9526646995982,899.1992526054382,12.869083087449775,ok,19
light_V_8s_2026_05_20-0028_flat_0p3_late_bias_cal.fits,2461181.677359375,7.452000081539154,gaia_774290626745586944_src8,comparison,990.7567126494265,1424.2953398909192,991.0361837018614,1423.1393572242519,1.1892854975927456,2338.059238433838,67.19450205261792,292.25740480422974,8.39931275657724,ok,19
light_V_8s_2026_05_20-0029_flat_0p3_late_bias_cal.fits,2461181.677550463,7.727166563272476,target_V0399_direct,target,1850.7519990538135,625.0266581551952,1850.7519990538135,625.0266581551952,0.0,1794580.44039917,4386.41263730933,224322.55504989624,548.3015796636663,ok,24
light_V_8s_2026_05_20-0029_flat_0p3_late_bias_cal.fits,2461181.677550463,7.727166563272476,DN_UMa_direct,check,1775.967223558715,679.453353718853,1775.967223558715,679.453353718853,0.0,2674900.884765625,8100.965890475647,334362.6105957031,1012.6207363094559,ok,24
light_V_8s_2026_05_20-0029_flat_0p3_late_bias_cal.fits,2461181.677550463,7.727166563272476,gaia_774287774887292672_src5,comparison,1955.2100086193022,1073.4167126527998,1955.2927917376132,1073.3146894340198,0.13138410043656581,11428.963104248047,120.57646915027276,1428.6203880310059,15.072058643784095,ok,24
light_V_8s_2026_05_20-0029_flat_0p3_late_bias_cal.fits,2461181.677550463,7.727166563272476,gaia_774288805679445888_src7,comparison,1865.9533295351243,1344.2616088838993,1866.0851421683942,1343.8827689282843,0.40111629518115316,8958.090545654297,106.74628372603111,1119.761318206787,13.343285465753889,ok,24
light_V_8s_2026_05_20-0029_flat_0p3_late_bias_cal.fits,2461181.677550463,7.727166563272476,gaia_774289041901756032_src4,comparison,1962.668688905905,1434.9639420714786,1962.800001884098,1434.6458640054345,0.34411735547674943,11565.624122619629,119.0765965232095,1445.7030153274536,14.884574565401188,ok,24
light_V_8s_2026_05_20-0029_flat_0p3_late_bias_cal.fits,2461181.677550463,7.727166563272476,gaia_774271076054448768_src2,comparison,1428.7440674776828,313.3737140741688,1429.2315544628023,313.4948364799623,0.5023088669792896,19017.72093963623,151.95088445832732,2377.215117454529,18.993860557290915,ok,24
light_V_8s_2026_05_20-0029_flat_0p3_late_bias_cal.fits,2461181.677550463,7.727166563272476,gaia_774272862760870784_src1,comparison,521.9789886286966,249.06027467128527,522.8809470421045,249.16323571551794,0.9078160365111274,27182.27241897583,181.3613505607347,3397.7840523719788,22.67016882009184,ok,24
light_V_8s_2026_05_20-0029_flat_0p3_late_bias_cal.fits,2461181.677550463,7.727166563272476,gaia_774384016513181696_src3,comparison,311.5855242583256,1245.7993337382534,312.26366511516767,1245.4763858644249,0.751112741822979,12775.831634521484,134.3299859525116,1596.9789543151855,16.79124824406395,ok,24
light_V_8s_2026_05_20-0029_flat_0p3_late_bias_cal.fits,2461181.677550463,7.727166563272476,gaia_774289488578357504_src6,comparison,861.5159199926034,1091.9821704745855,862.3802263541394,1091.748143795253,0.8954294909321319,9978.955924987793,112.71949931182533,1247.3694906234741,14.089937413978166,ok,24
light_V_8s_2026_05_20-0029_flat_0p3_late_bias_cal.fits,2461181.677550463,7.727166563272476,gaia_774290626745586944_src8,comparison,991.014103065573,1425.0486837274473,991.594853066045,1424.692498087972,0.6812773097767896,3102.5318565368652,70.75007806539647,387.81648206710815,8.843759758174558,ok,24
light_V_8s_2026_05_20-0030_flat_0p3_late_bias_cal.fits,2461181.677741667,8.002500012516975,target_V0399_direct,target,1851.7030141717933,624.6071553749035,1851.7030141717933,624.6071553749035,0.0,1546665.1293945312,5362.4851117142325,193333.1411743164,670.3106389642791,ok,23
light_V_8s_2026_05_20-0030_flat_0p3_late_bias_cal.fits,2461181.677741667,8.002500012516975,DN_UMa_direct,check,1776.8841876921053,678.9947481700123,1776.8841876921053,678.9947481700123,0.0,2206001.872619629,9130.623326288089,275750.2340774536,1141.327915786011,ok,23
light_V_8s_2026_05_20-0030_flat_0p3_late_bias_cal.fits,2461181.677741667,8.002500012516975,gaia_774287774887292672_src5,comparison,1956.1908651257252,1073.110712864629,1955.9985704725232,1072.975484779419,0.23508268477204472,9445.261932373047,112.42516958446431,1180.6577415466309,14.05314619805804,ok,23
light_V_8s_2026_05_20-0030_flat_0p3_late_bias_cal.fits,2461181.677741667,8.002500012516975,gaia_774288805679445888_src7,comparison,1866.999961943255,1343.7760943169806,1866.6354601382136,1343.5069743088916,0.4530862441436247,7431.043594360352,101.05644852306081,928.880449295044,12.632056065382601,ok,23
light_V_8s_2026_05_20-0030_flat_0p3_late_bias_cal.fits,2461181.677741667,8.002500012516975,gaia_774289041901756032_src4,comparison,1963.7146423015363,1434.6368501680658,1963.3043614525016,1434.3285174802575,0.5132245331780305,9833.186279296875,115.49082935208803,1229.1482849121094,14.436353669011003,ok,23
light_V_8s_2026_05_20-0030_flat_0p3_late_bias_cal.fits,2461181.677741667,8.002500012516975,gaia_774271076054448768_src2,comparison,1429.8196759741966,312.8550472519854,1430.3359368171475,312.8247036799194,0.5171518058850233,16242.948913574219,146.51861158318385,2030.3686141967773,18.314826447897982,ok,23
light_V_8s_2026_05_20-0030_flat_0p3_late_bias_cal.fits,2461181.677741667,8.002500012516975,gaia_774272862760870784_src1,comparison,523.1558896676688,248.37856753489277,523.9769434637799,247.98380418822939,0.9110254859098492,24424.67275619507,182.70777990878548,3053.0840945243835,22.838472488598185,ok,23
light_V_8s_2026_05_20-0030_flat_0p3_late_bias_cal.fits,2461181.677741667,8.002500012516975,gaia_774384016513181696_src3,comparison,312.704087263929,1244.8374540479726,312.7929710272467,1244.228045031516,0.6158568605772323,10550.513809204102,125.66193483968661,1318.8142261505127,15.707741854960826,ok,23
light_V_8s_2026_05_20-0030_flat_0p3_late_bias_cal.fits,2461181.677741667,8.002500012516975,gaia_774289488578357504_src6,comparison,862.9094605813635,1091.3100929902419,863.0222776941835,1090.7995009089273,0.5229072331171155,8321.610145568848,105.00306518959205,1040.201268196106,13.125383148699006,ok,23
light_V_8s_2026_05_20-0030_flat_0p3_late_bias_cal.fits,2461181.677741667,8.002500012516975,gaia_774290626745586944_src8,comparison,992.208886189273,1424.2286571845414,992.0572882756527,1423.832293259062,0.4243657488952717,2689.964557647705,68.72763408701381,336.24556970596313,8.590954260876726,ok,23
light_V_8s_2026_05_20-0031_flat_0p3_late_bias_cal.fits,2461181.6779328706,8.277833461761475,target_V0399_direct,target,1851.2453709518036,624.5238527037649,1851.2453709518036,624.5238527037649,0.0,1659232.3740234375,5057.510862785337,207404.0467529297,632.1888578481671,ok,26
light_V_8s_2026_05_20-0031_flat_0p3_late_bias_cal.fits,2461181.6779328706,8.277833461761475,DN_UMa_direct,check,1776.4853518730451,678.8980042210208,1776.4853518730451,678.8980042210208,0.0,2428525.2006835938,8701.238998898096,303565.6500854492,1087.654874862262,ok,26
light_V_8s_2026_05_20-0031_flat_0p3_late_bias_cal.fits,2461181.6779328706,8.277833461761475,gaia_774287774887292672_src5,comparison,1955.822505623378,1072.9087185652058,1955.5932910336664,1072.5965670659775,0.38726978530104933,10193.013320922852,114.28360490790396,1274.1266651153564,14.285450613487995,ok,26
light_V_8s_2026_05_20-0031_flat_0p3_late_bias_cal.fits,2461181.6779328706,8.277833461761475,gaia_774288805679445888_src7,comparison,1866.5105573450833,1343.6664721316904,1866.3531045188327,1342.988721644387,0.6957996231203202,8207.550186157227,102.98780150236726,1025.9437732696533,12.873475187795908,ok,26
light_V_8s_2026_05_20-0031_flat_0p3_late_bias_cal.fits,2461181.6779328706,8.277833461761475,gaia_774289041901756032_src4,comparison,1963.1621356321082,1434.500461528513,1962.9873097649074,1433.7310245864076,0.7890483456157418,10652.962585449219,116.99026878740762,1331.6203231811523,14.623783598425952,ok,26
light_V_8s_2026_05_20-0031_flat_0p3_late_bias_cal.fits,2461181.6779328706,8.277833461761475,gaia_774271076054448768_src2,comparison,1429.3078859819202,312.69271152984766,1430.0510818717812,313.03636610023136,0.8188031475586128,17378.17189025879,151.89787669064754,2172.2714862823486,18.987234586330942,ok,26
light_V_8s_2026_05_20-0031_flat_0p3_late_bias_cal.fits,2461181.6779328706,8.277833461761475,gaia_774272862760870784_src1,comparison,522.385029191651,248.25575794188626,524.2190128352272,248.4666369521603,1.8460677024093934,25548.820861816406,182.23268109793696,3193.602607727051,22.77908513724212,ok,26
light_V_8s_2026_05_20-0031_flat_0p3_late_bias_cal.fits,2461181.6779328706,8.277833461761475,gaia_774384016513181696_src3,comparison,311.9511651298755,1245.055537383121,313.4170085999042,1244.1675548395667,1.7138290685721282,10902.011615753174,125.44854101549559,1362.7514519691467,15.681067626936949,ok,26
light_V_8s_2026_05_20-0031_flat_0p3_late_bias_cal.fits,2461181.6779328706,8.277833461761475,gaia_774289488578357504_src6,comparison,862.2542553220867,1091.175602784901,863.277022361512,1090.6900065635082,1.132190843968336,9097.334587097168,109.16881096716105,1137.166823387146,13.646101370895131,ok,26
light_V_8s_2026_05_20-0031_flat_0p3_late_bias_cal.fits,2461181.6779328706,8.277833461761475,gaia_774290626745586944_src8,comparison,992.1029821427612,1424.257075084687,992.3200018541985,1423.4900100764796,0.7971739345766118,2891.754493713379,69.99507487633477,361.46931171417236,8.749384359541846,ok,26
light_V_8s_2026_05_20-0032_flat_0p3_late_bias_cal.fits,2461181.6781244213,8.553666472434998,target_V0399_direct,target,1851.9018065870985,623.9284744840153,1851.9018065870985,623.9284744840153,0.0,1229097.8540039062,6444.456780344142,153637.23175048828,805.5570975430178,ok,17
light_V_8s_2026_05_20-0032_flat_0p3_late_bias_cal.fits,2461181.6781244213,8.553666472434998,DN_UMa_direct,check,1777.1343558893618,678.3013967522112,1777.1343558893618,678.3013967522112,0.0,1857139.8718261719,11210.014377564097,232142.48397827148,1401.2517971955122,ok,17
light_V_8s_2026_05_20-0032_flat_0p3_late_bias_cal.fits,2461181.6781244213,8.553666472434998,gaia_774287774887292672_src5,comparison,1956.2867384012793,1072.388053019879,1956.2296885192343,1072.0328717953519,0.35973377836660203,7970.72038269043,108.05386474123206,996.3400478363037,13.506733092654008,ok,17
light_V_8s_2026_05_20-0032_flat_0p3_late_bias_cal.fits,2461181.6781244213,8.553666472434998,gaia_774288805679445888_src7,comparison,1867.1593530771074,1343.1395129196535,1866.9687045490123,1342.4353114040646,0.729552353037519,6189.975215911865,97.10488597739962,773.7469019889832,12.138110747174952,ok,17
light_V_8s_2026_05_20-0032_flat_0p3_late_bias_cal.fits,2461181.6781244213,8.553666472434998,gaia_774289041901756032_src4,comparison,1963.6885202648587,1433.884884712942,1963.6031699124235,1433.1884128102379,0.701682117427231,7942.399261474609,108.51819928530529,992.7999076843262,13.56477491066316,ok,17
light_V_8s_2026_05_20-0032_flat_0p3_late_bias_cal.fits,2461181.6781244213,8.553666472434998,gaia_774271076054448768_src2,comparison,1430.144876673072,312.12670043037195,1430.7015068783253,312.39872689823267,0.6195446590981234,12949.835403442383,139.281960309372,1618.7294254302979,17.4102450386715,ok,17
light_V_8s_2026_05_20-0032_flat_0p3_late_bias_cal.fits,2461181.6781244213,8.553666472434998,gaia_774272862760870784_src1,comparison,523.2534554551736,247.58871273653276,524.8213782543958,247.77273037380763,1.5786843874406709,19602.083465576172,179.27050272180156,2450.2604331970215,22.408812840225195,ok,17
light_V_8s_2026_05_20-0032_flat_0p3_late_bias_cal.fits,2461181.6781244213,8.553666472434998,gaia_774384016513181696_src3,comparison,312.685236986977,1244.2539299824946,313.94952720411106,1243.5183604003214,1.4627003669102554,8648.43325805664,118.65441227236771,1081.05415725708,14.831801534045963,ok,17
light_V_8s_2026_05_20-0032_flat_0p3_late_bias_cal.fits,2461181.6781244213,8.553666472434998,gaia_774289488578357504_src6,comparison,863.025219005033,1090.6164067101083,863.8498969119494,1090.0639481346711,0.9926248675758711,6694.145698547363,98.8919704432091,836.7682123184204,12.361496305401138,ok,17
light_V_8s_2026_05_20-0032_flat_0p3_late_bias_cal.fits,2461181.6781244213,8.553666472434998,gaia_774290626745586944_src8,comparison,991.9829434059874,1423.0634660696849,992.8809410600014,1422.8904751099176,0.9145084246609827,2024.1859588623047,64.66145971319912,253.0232448577881,8.08268246414989,ok,17
light_V_8s_2026_05_20-0033_flat_0p3_late_bias_cal.fits,2461181.678316204,8.829833418130875,target_V0399_direct,target,1852.8070034925852,625.9385217266729,1852.8070034925852,625.9385217266729,0.0,1734018.0264282227,4641.358761560823,216752.25330352783,580.1698451951029,ok,25
light_V_8s_2026_05_20-0033_flat_0p3_late_bias_cal.fits,2461181.678316204,8.829833418130875,DN_UMa_direct,check,1777.9956000209836,680.4019631902595,1777.9956000209836,680.4019631902595,0.0,2502420.1185302734,8062.891034395423,312802.5148162842,1007.8613792994279,ok,25
light_V_8s_2026_05_20-0033_flat_0p3_late_bias_cal.fits,2461181.678316204,8.829833418130875,gaia_774287774887292672_src5,comparison,1957.241691051354,1074.4363013311104,1957.4646251772772,1074.4198299662953,0.22354178660813354,11060.744842529297,118.19564990298987,1382.593105316162,14.774456237873734,ok,25
light_V_8s_2026_05_20-0033_flat_0p3_late_bias_cal.fits,2461181.678316204,8.829833418130875,gaia_774288805679445888_src7,comparison,1868.1532328707501,1345.3199719682882,1868.2564316662347,1345.1276851141201,0.21822975433087172,8648.68994140625,105.89328793987399,1081.0862426757812,13.236660992484248,ok,25
light_V_8s_2026_05_20-0033_flat_0p3_late_bias_cal.fits,2461181.678316204,8.829833418130875,gaia_774289041901756032_src4,comparison,1964.6829257983168,1436.1212576903426,1965.0301924211508,1435.9184429330812,0.40215411610171303,11245.34001159668,118.89083169435361,1405.667501449585,14.861353961794201,ok,25
light_V_8s_2026_05_20-0033_flat_0p3_late_bias_cal.fits,2461181.678316204,8.829833418130875,gaia_774271076054448768_src2,comparison,1430.977686819784,314.2325429051355,1431.0426052165099,314.3253478395626,0.11325702665831106,18056.4189453125,148.58655224908836,2257.0523681640625,18.573319031136045,ok,25
light_V_8s_2026_05_20-0033_flat_0p3_late_bias_cal.fits,2461181.678316204,8.829833418130875,gaia_774272862760870784_src1,comparison,524.2804906953128,249.86238765741984,524.2593760172406,250.10132879181526,0.23987224794932324,26728.2098236084,183.30912506589613,3341.02622795105,22.913640633237016,ok,25
light_V_8s_2026_05_20-0033_flat_0p3_late_bias_cal.fits,2461181.678316204,8.829833418130875,gaia_774384016513181696_src3,comparison,313.62914366220167,1246.6310275672595,313.6950840655977,1246.9112805119526,0.28790597390323863,12350.510612487793,133.0518099872102,1543.8138265609741,16.631476248401274,ok,25
light_V_8s_2026_05_20-0033_flat_0p3_late_bias_cal.fits,2461181.678316204,8.829833418130875,gaia_774289488578357504_src6,comparison,864.0208963906548,1092.9062304362355,864.0449628161831,1093.0278023151732,0.12393108805354315,9229.240867614746,108.58369764040579,1153.6551084518433,13.572962205050723,ok,25
light_V_8s_2026_05_20-0033_flat_0p3_late_bias_cal.fits,2461181.678316204,8.829833418130875,gaia_774290626745586944_src8,comparison,993.3946039080857,1426.1151643078156,993.3704194149994,1426.1078744882695,0.02525927898525143,3135.003173828125,72.67015894038337,391.8753967285156,9.083769867547922,ok,25
light_V_8s_2026_05_20-0034_flat_0p3_late_bias_cal.fits,2461181.6785078705,9.105833396315575,target_V0399_direct,target,1853.8798420264045,626.2283938106516,1853.8798420264045,626.2283938106516,0.0,1580868.876953125,5569.820315331881,197608.60961914062,696.2275394164851,ok,25
light_V_8s_2026_05_20-0034_flat_0p3_late_bias_cal.fits,2461181.6785078705,9.105833396315575,DN_UMa_direct,check,1779.141743994797,680.6316251301997,1779.141743994797,680.6316251301997,0.0,2333065.9577941895,9159.208561134536,291633.2447242737,1144.901070141817,ok,25
light_V_8s_2026_05_20-0034_flat_0p3_late_bias_cal.fits,2461181.6785078705,9.105833396315575,gaia_774287774887292672_src5,comparison,1958.418632898983,1074.7339835808787,1958.4035453335193,1074.256985976257,0.4772361568933869,10077.302734375,113.8460364033375,1259.662841796875,14.230754550417187,ok,25
light_V_8s_2026_05_20-0034_flat_0p3_late_bias_cal.fits,2461181.6785078705,9.105833396315575,gaia_774288805679445888_src7,comparison,1869.3712079968452,1345.4281107855456,1869.270462698677,1344.6824670631408,0.7524188832456863,8081.844757080078,104.58010629642982,1010.2305946350098,13.072513287053727,ok,25
light_V_8s_2026_05_20-0034_flat_0p3_late_bias_cal.fits,2461181.6785078705,9.105833396315575,gaia_774289041901756032_src4,comparison,1965.9300561038094,1436.344044685544,1965.9397578642904,1435.3860957870631,0.9579980251844307,10164.225982666016,115.49999831186611,1270.528247833252,14.437499788983263,ok,25
light_V_8s_2026_05_20-0034_flat_0p3_late_bias_cal.fits,2461181.6785078705,9.105833396315575,gaia_774271076054448768_src2,comparison,1432.16540930567,314.58619329002727,1432.5657046099989,314.9089077920165,0.5141799105973827,16710.098110198975,146.54258181675112,2088.762263774872,18.31782272709389,ok,25
light_V_8s_2026_05_20-0034_flat_0p3_late_bias_cal.fits,2461181.6785078705,9.105833396315575,gaia_774272862760870784_src1,comparison,525.3485165353627,250.3758013543194,526.7143114306978,250.69640326772338,1.402918844053921,25302.637954711914,183.34747995754597,3162.8297443389893,22.918434994693246,ok,25
light_V_8s_2026_05_20-0034_flat_0p3_late_bias_cal.fits,2461181.6785078705,9.105833396315575,gaia_774384016513181696_src3,comparison,314.8209826670572,1247.042837838954,316.305915501478,1246.4736372339853,1.5902876631093537,11184.969024658203,127.16037272613796,1398.1211280822754,15.895046590767246,ok,25
light_V_8s_2026_05_20-0034_flat_0p3_late_bias_cal.fits,2461181.6785078705,9.105833396315575,gaia_774289488578357504_src6,comparison,865.0103410702814,1093.2325512892353,866.1017694708187,1092.7805450565093,1.181323659257972,8660.549461364746,107.48184888601617,1082.5686826705933,13.43523111075202,ok,25
light_V_8s_2026_05_20-0034_flat_0p3_late_bias_cal.fits,2461181.6785078705,9.105833396315575,gaia_774290626745586944_src8,comparison,994.1630610253628,1426.423491977399,995.2749620323708,1425.527476836587,1.4279940412864083,2839.8607788085938,69.84301158199322,354.9825973510742,8.730376447749153,ok,25
light_V_8s_2026_05_20-0035_flat_0p3_late_bias_cal.fits,2461181.678699537,9.381833374500275,target_V0399_direct,target,1853.9799147628578,625.2421550896304,1853.9799147628578,625.2421550896304,0.0,1729347.0052490234,4611.712957024546,216168.37565612793,576.4641196280683,ok,27
light_V_8s_2026_05_20-0035_flat_0p3_late_bias_cal.fits,2461181.678699537,9.381833374500275,DN_UMa_direct,check,1779.105518413026,679.6964481157297,1779.105518413026,679.6964481157297,0.0,2528481.454650879,7963.234661268303,316060.18183135986,995.4043326585379,ok,27
light_V_8s_2026_05_20-0035_flat_0p3_late_bias_cal.fits,2461181.678699537,9.381833374500275,gaia_774287774887292672_src5,comparison,1958.3629819772725,1073.573872347623,1958.4735128822078,1073.994482095878,0.43489037845542644,11092.17886352539,116.31427099011816,1386.5223579406738,14.53928387376477,ok,27
light_V_8s_2026_05_20-0035_flat_0p3_late_bias_cal.fits,2461181.678699537,9.381833374500275,gaia_774288805679445888_src7,comparison,1869.3040509354278,1344.372023899337,1869.0913182027175,1344.7926957800698,0.4714022134077793,8757.77700805664,106.45397598325827,1094.72212600708,13.306746997907284,ok,27
light_V_8s_2026_05_20-0035_flat_0p3_late_bias_cal.fits,2461181.678699537,9.381833374500275,gaia_774289041901756032_src4,comparison,1965.9709742640737,1435.245704347301,1965.86907439406,1435.6746443099887,0.44087761918632584,11079.076629638672,117.8515377057998,1384.884578704834,14.731442213224975,ok,27
light_V_8s_2026_05_20-0035_flat_0p3_late_bias_cal.fits,2461181.678699537,9.381833374500275,gaia_774271076054448768_src2,comparison,1431.9764457358935,313.49964206149895,1432.157698187871,313.27292746937496,0.2902618776721172,18096.1626663208,148.4192640347716,2262.0203332901,18.55240800434645,ok,27
light_V_8s_2026_05_20-0035_flat_0p3_late_bias_cal.fits,2461181.678699537,9.381833374500275,gaia_774272862760870784_src1,comparison,525.3018700823505,249.08261424713686,524.9590558113803,248.58151795524958,0.6071401140791685,26789.96649169922,182.87864404206923,3348.7458114624023,22.859830505258653,ok,27
light_V_8s_2026_05_20-0035_flat_0p3_late_bias_cal.fits,2461181.678699537,9.381833374500275,gaia_774384016513181696_src3,comparison,314.8944898680691,1245.9240546141475,313.8120862002545,1245.7808616890939,1.0918341970665497,11836.126037597656,129.45797521609688,1479.515754699707,16.18224690201211,ok,27
light_V_8s_2026_05_20-0035_flat_0p3_late_bias_cal.fits,2461181.678699537,9.381833374500275,gaia_774289488578357504_src6,comparison,865.2304212269854,1092.109059891894,864.5067758373589,1092.0861363446452,0.7240083832016161,9422.284378051758,109.27258488193016,1177.7855472564697,13.65907311024127,ok,27
light_V_8s_2026_05_20-0035_flat_0p3_late_bias_cal.fits,2461181.678699537,9.381833374500275,gaia_774290626745586944_src8,comparison,994.8216321509187,1425.2181790806565,993.7358088488736,1425.392286857339,1.099693485097345,3108.262840270996,71.5125561065333,388.5328550338745,8.939069513316662,ok,27
light_V_8s_2026_05_20-0036_flat_0p3_late_bias_cal.fits,2461181.6788909724,9.657500088214874,target_V0399_direct,target,1855.595569539936,625.1926241943427,1855.595569539936,625.1926241943427,0.0,1707527.5709533691,4919.061640931871,213440.94636917114,614.8827051164839,ok,24
light_V_8s_2026_05_20-0036_flat_0p3_late_bias_cal.fits,2461181.6788909724,9.657500088214874,DN_UMa_direct,check,1780.824254444153,679.5504053730921,1780.824254444153,679.5504053730921,0.0,2469407.2585144043,8732.390946590614,308675.90731430054,1091.5488683238268,ok,24
light_V_8s_2026_05_20-0036_flat_0p3_late_bias_cal.fits,2461181.6788909724,9.657500088214874,gaia_774287774887292672_src5,comparison,1960.2895111620546,1073.6615070414266,1959.8465573355788,1073.285389875221,0.5810957021903499,10806.324409484863,116.96775299209348,1350.790551185608,14.620969124011685,ok,24
light_V_8s_2026_05_20-0036_flat_0p3_late_bias_cal.fits,2461181.6788909724,9.657500088214874,gaia_774288805679445888_src7,comparison,1871.1043214903004,1344.2822633398691,1870.5486892399233,1343.6569060868324,0.8365398326349219,8431.261863708496,104.4457070490534,1053.907732963562,13.055713381131675,ok,24
light_V_8s_2026_05_20-0036_flat_0p3_late_bias_cal.fits,2461181.6788909724,9.657500088214874,gaia_774289041901756032_src4,comparison,1967.6775223068182,1435.2035535704517,1967.1628608844835,1434.4195093335425,0.9378708573520254,10941.396202087402,117.33038757494758,1367.6745252609253,14.666298446868447,ok,24
light_V_8s_2026_05_20-0036_flat_0p3_late_bias_cal.fits,2461181.6788909724,9.657500088214874,gaia_774271076054448768_src2,comparison,1433.6878656902252,313.4503109375032,1434.470526831049,313.61620705752944,0.8000499884353729,17821.630111694336,149.5117348285961,2227.703763961792,18.688966853574513,ok,24
light_V_8s_2026_05_20-0036_flat_0p3_late_bias_cal.fits,2461181.6788909724,9.657500088214874,gaia_774272862760870784_src1,comparison,526.8923594115571,249.1721932358778,528.6571830358694,248.85198907134185,1.7936368450488733,26395.231559753418,184.61844967532053,3299.4039449691772,23.077306209415067,ok,24
light_V_8s_2026_05_20-0036_flat_0p3_late_bias_cal.fits,2461181.6788909724,9.657500088214874,gaia_774384016513181696_src3,comparison,316.49480249487584,1245.9635320939437,317.64214111660976,1244.502249013508,1.857884322042213,12095.5205078125,130.83263413873905,1511.9400634765625,16.35407926734238,ok,24
light_V_8s_2026_05_20-0036_flat_0p3_late_bias_cal.fits,2461181.6788909724,9.657500088214874,gaia_774289488578357504_src6,comparison,866.6150823535465,1091.9671027909994,867.5322298563605,1091.1437886013425,1.2324795320037671,9252.576530456543,108.70628861403007,1156.5720663070679,13.588286076753759,ok,24
light_V_8s_2026_05_20-0036_flat_0p3_late_bias_cal.fits,2461181.6788909724,9.657500088214874,gaia_774290626745586944_src8,comparison,995.9825845693537,1425.238705837057,996.5029389735781,1423.9697705910398,1.3714829071412515,2934.272834777832,70.35175796389414,366.784104347229,8.793969745486768,ok,24
light_V_8s_2026_05_20-0037_flat_0p3_late_bias_cal.fits,2461181.67908206,9.932666569948196,target_V0399_direct,target,1856.9468436787306,625.2413936189765,1856.9468436787306,625.2413936189765,0.0,1731838.5299682617,4577.59131097773,216479.81624603271,572.1989138722163,ok,28
light_V_8s_2026_05_20-0037_flat_0p3_late_bias_cal.fits,2461181.67908206,9.932666569948196,DN_UMa_direct,check,1782.1167922629247,679.6639602698052,1782.1167922629247,679.6639602698052,0.0,2539888.766723633,8007.335616473215,317486.0958404541,1000.9169520591519,ok,28
light_V_8s_2026_05_20-0037_flat_0p3_late_bias_cal.fits,2461181.67908206,9.932666569948196,gaia_774287774887292672_src5,comparison,1961.270298387571,1073.739794811012,1961.3809593340661,1073.7289603637792,0.11119006397165082,10887.021369934082,116.38913603521938,1360.8776712417603,14.548642004402423,ok,28
light_V_8s_2026_05_20-0037_flat_0p3_late_bias_cal.fits,2461181.67908206,9.932666569948196,gaia_774288805679445888_src7,comparison,1872.134747848213,1344.434552763396,1872.0526449929525,1344.3681038341542,0.10562357236568437,8741.011009216309,106.73397609496995,1092.6263761520386,13.341747011871243,ok,28
light_V_8s_2026_05_20-0037_flat_0p3_late_bias_cal.fits,2461181.67908206,9.932666569948196,gaia_774289041901756032_src4,comparison,1968.6549770446832,1435.3303039602984,1968.773822822863,1435.19608623586,0.17927274345125796,11447.80923461914,118.6840116334654,1430.9761543273926,14.835501454183175,ok,28
light_V_8s_2026_05_20-0037_flat_0p3_late_bias_cal.fits,2461181.67908206,9.932666569948196,gaia_774271076054448768_src2,comparison,1435.2658246277472,313.5457087087612,1435.3716191027338,313.457825452983,0.13753522306620572,18618.45185470581,150.1498143743886,2327.3064818382263,18.768726796798575,ok,28
light_V_8s_2026_05_20-0037_flat_0p3_late_bias_cal.fits,2461181.67908206,9.932666569948196,gaia_774272862760870784_src1,comparison,528.3742764030922,249.1097844022861,528.7069521420349,248.8086715780135,0.4487115779902566,27501.187591552734,183.84558018547494,3437.648448944092,22.980697523184368,ok,28
light_V_8s_2026_05_20-0037_flat_0p3_late_bias_cal.fits,2461181.67908206,9.932666569948196,gaia_774384016513181696_src3,comparison,317.75935939364336,1245.701733341153,317.6889019256564,1245.4217073782306,0.28875386526538355,12084.28727722168,129.08763681770552,1510.53590965271,16.13595460221319,ok,28
light_V_8s_2026_05_20-0037_flat_0p3_late_bias_cal.fits,2461181.67908206,9.932666569948196,gaia_774289488578357504_src6,comparison,867.9986687721458,1092.061670831205,868.0585694408252,1091.8149731134015,0.2538658190416504,9255.84786605835,106.67848569702677,1156.9809832572937,13.334810712128347,ok,28
light_V_8s_2026_05_20-0037_flat_0p3_late_bias_cal.fits,2461181.67908206,9.932666569948196,gaia_774290626745586944_src8,comparison,997.2615773043844,1425.0773414953717,997.2130236402955,1424.9242391413982,0.16061690162833822,2946.0651473999023,69.27610382610683,368.2581434249878,8.659512978263354,ok,28
light_V_8s_2026_05_20-0038_flat_0p3_late_bias_cal.fits,2461181.6792738424,10.20883284509182,target_V0399_direct,target,1857.7752812991523,624.7275166038282,1857.7752812991523,624.7275166038282,0.0,1431921.622619629,6073.3132074559635,178990.2028274536,759.1641509319954,ok,24
light_V_8s_2026_05_20-0038_flat_0p3_late_bias_cal.fits,2461181.6792738424,10.20883284509182,DN_UMa_direct,check,1782.9287918471503,679.2016787624956,1782.9287918471503,679.2016787624956,0.0,2084583.9979248047,10677.177318143325,260572.9997406006,1334.6471647679157,ok,24
light_V_8s_2026_05_20-0038_flat_0p3_late_bias_cal.fits,2461181.6792738424,10.20883284509182,gaia_774287774887292672_src5,comparison,1962.2223900494848,1073.1765765475013,1962.4140437237127,1073.390431698826,0.28716747133531545,8938.724472045898,111.11049987435788,1117.3405590057373,13.888812484294736,ok,24
light_V_8s_2026_05_20-0038_flat_0p3_late_bias_cal.fits,2461181.6792738424,10.20883284509182,gaia_774288805679445888_src7,comparison,1872.930737277547,1344.0443804333606,1873.137366777866,1344.1881739559226,0.2517386095394277,6832.463027954102,97.16696905168618,854.0578784942627,12.145871131460773,ok,24
light_V_8s_2026_05_20-0038_flat_0p3_late_bias_cal.fits,2461181.6792738424,10.20883284509182,gaia_774289041901756032_src4,comparison,1969.5732733029638,1434.7244190313556,1969.9356334210925,1435.0254845144445,0.47111068796809796,9360.465312957764,114.28472857082612,1170.0581641197205,14.285591071353265,ok,24
light_V_8s_2026_05_20-0038_flat_0p3_late_bias_cal.fits,2461181.6792738424,10.20883284509182,gaia_774271076054448768_src2,comparison,1436.077180859785,312.9321155170199,1435.8931927454473,312.9429589015075,0.184307366116074,14388.17106628418,142.82585306774286,1798.5213832855225,17.853231633467857,ok,24
light_V_8s_2026_05_20-0038_flat_0p3_late_bias_cal.fits,2461181.6792738424,10.20883284509182,gaia_774272862760870784_src1,comparison,529.1950716205206,248.64438669692188,528.7784920206498,248.57744944313794,0.4219231671438257,22107.144775390625,186.27911009038513,2763.393096923828,23.28488876129814,ok,24
light_V_8s_2026_05_20-0038_flat_0p3_late_bias_cal.fits,2461181.6792738424,10.20883284509182,gaia_774384016513181696_src3,comparison,318.54821793537917,1245.4765265937485,318.00621521193284,1245.7336569171753,0.599902454944783,9983.726131439209,124.39372543647004,1247.9657664299011,15.549215679558754,ok,24
light_V_8s_2026_05_20-0038_flat_0p3_late_bias_cal.fits,2461181.6792738424,10.20883284509182,gaia_774289488578357504_src6,comparison,868.8737018360006,1091.4165864351194,868.5822473690131,1091.863783690112,0.5337893696955581,7738.217384338379,102.84334961068501,967.2771730422974,12.855418701335626,ok,24
light_V_8s_2026_05_20-0038_flat_0p3_late_bias_cal.fits,2461181.6792738424,10.20883284509182,gaia_774290626745586944_src8,comparison,997.9367420238924,1424.423553684553,997.9130321561981,1425.08541414285,0.6622850021576429,2472.2937927246094,67.37706206008873,309.0367240905762,8.422132757511092,ok,24
light_V_8s_2026_05_20-0039_flat_0p3_late_bias_cal.fits,2461181.6794653935,10.484666526317596,target_V0399_direct,target,1857.918392345078,625.6809514288703,1857.918392345078,625.6809514288703,0.0,1816324.8464355469,4361.392725636006,227040.60580444336,545.1740907045007,ok,28
light_V_8s_2026_05_20-0039_flat_0p3_late_bias_cal.fits,2461181.6794653935,10.484666526317596,DN_UMa_direct,check,1783.098282324781,680.1604687697625,1783.098282324781,680.1604687697625,0.0,2624591.8919677734,7605.060152105376,328073.9864959717,950.632519013172,saturated,28
light_V_8s_2026_05_20-0039_flat_0p3_late_bias_cal.fits,2461181.6794653935,10.484666526317596,gaia_774287774887292672_src5,comparison,1962.4204611660284,1074.088891408134,1962.6328289308276,1074.2333263248477,0.25682973482810684,11473.2777633667,119.19057242558573,1434.1597204208374,14.898821553198216,ok,28
light_V_8s_2026_05_20-0039_flat_0p3_late_bias_cal.fits,2461181.6794653935,10.484666526317596,gaia_774288805679445888_src7,comparison,1873.1288595617968,1344.967853182213,1873.4317580233633,1344.9970413069454,0.3043015357251805,9043.200332641602,106.28347930639151,1130.4000415802002,13.285434913298939,ok,28
light_V_8s_2026_05_20-0039_flat_0p3_late_bias_cal.fits,2461181.6794653935,10.484666526317596,gaia_774289041901756032_src4,comparison,1969.8249554076187,1435.696697282539,1970.230498528308,1435.795755589435,0.41746589190443134,11834.1782913208,120.48164916811825,1479.2722864151,15.060206146014782,ok,28
light_V_8s_2026_05_20-0039_flat_0p3_late_bias_cal.fits,2461181.6794653935,10.484666526317596,gaia_774271076054448768_src2,comparison,1436.0851127808976,314.05937341379183,1436.0522785068663,314.04809308123566,0.03471794138108397,18305.517448425293,146.8215997376662,2288.1896810531616,18.352699967208274,ok,28
light_V_8s_2026_05_20-0039_flat_0p3_late_bias_cal.fits,2461181.6794653935,10.484666526317596,gaia_774272862760870784_src1,comparison,529.2034107907045,249.70805509300013,529.1018943918859,249.8897636769227,0.2081431927790312,27629.620628356934,183.7073978559278,3453.7025785446167,22.963424731990976,ok,28
light_V_8s_2026_05_20-0039_flat_0p3_late_bias_cal.fits,2461181.6794653935,10.484666526317596,gaia_774384016513181696_src3,comparison,318.88966967239975,1246.6088738434414,318.5848564354376,1246.8953726716077,0.4183212736258942,12595.956001281738,132.16454015934767,1574.4945001602173,16.52056751991846,ok,28
light_V_8s_2026_05_20-0039_flat_0p3_late_bias_cal.fits,2461181.6794653935,10.484666526317596,gaia_774289488578357504_src6,comparison,868.9897495807496,1092.5732163987877,869.0197786070065,1092.937635825961,0.36565456556597953,9909.83090209961,110.6977569830597,1238.7288627624512,13.837219622882463,ok,28
light_V_8s_2026_05_20-0039_flat_0p3_late_bias_cal.fits,2461181.6794653935,10.484666526317596,gaia_774290626745586944_src8,comparison,998.4629407307433,1425.5528057488182,998.3966313198898,1426.066098575588,0.5175581744897416,3202.231575012207,72.15812039361005,400.2789468765259,9.019765049201256,ok,28
light_V_8s_2026_05_20-0040_flat_0p3_late_bias_cal.fits,2461181.679657176,10.760833472013474,target_V0399_direct,target,1858.9749501716174,625.5002803037524,1858.9749501716174,625.5002803037524,0.0,1704307.9855957031,4698.483098687164,213038.4981994629,587.3103873358955,ok,24
light_V_8s_2026_05_20-0040_flat_0p3_late_bias_cal.fits,2461181.679657176,10.760833472013474,DN_UMa_direct,check,1784.1848445721164,679.9258488186899,1784.1848445721164,679.9258488186899,0.0,2458682.77734375,8068.031575295889,307335.34716796875,1008.5039469119861,ok,24
light_V_8s_2026_05_20-0040_flat_0p3_late_bias_cal.fits,2461181.679657176,10.760833472013474,gaia_774287774887292672_src5,comparison,1963.6170807514402,1073.923461297433,1963.500246189757,1073.8105595904178,0.16247187526045456,10484.077072143555,114.3951628059475,1310.5096340179443,14.299395350743438,ok,24
light_V_8s_2026_05_20-0040_flat_0p3_late_bias_cal.fits,2461181.679657176,10.760833472013474,gaia_774288805679445888_src7,comparison,1874.388520601213,1344.6279904505082,1874.2772391133226,1344.3854019100195,0.26689467870965866,8901.627098083496,107.02010794211913,1112.703387260437,13.37751349276489,ok,24
light_V_8s_2026_05_20-0040_flat_0p3_late_bias_cal.fits,2461181.679657176,10.760833472013474,gaia_774289041901756032_src4,comparison,1970.9527436525218,1435.5069491487577,1970.9919396827117,1435.1563076320458,0.35282545546583594,11093.571716308594,118.26797229846908,1386.6964645385742,14.783496537308634,ok,24
light_V_8s_2026_05_20-0040_flat_0p3_late_bias_cal.fits,2461181.679657176,10.760833472013474,gaia_774271076054448768_src2,comparison,1437.1739205505312,313.91058620532533,1437.4515210595027,313.9377303309726,0.2789244452148584,17658.75301361084,147.08418182322333,2207.344126701355,18.385522727902917,ok,24
light_V_8s_2026_05_20-0040_flat_0p3_late_bias_cal.fits,2461181.679657176,10.760833472013474,gaia_774272862760870784_src1,comparison,530.3993203695727,249.74743419015167,531.0679974138516,249.56392957629612,0.6933995477729946,26643.548248291016,182.76005804627178,3330.443531036377,22.845007255783973,ok,24
light_V_8s_2026_05_20-0040_flat_0p3_late_bias_cal.fits,2461181.679657176,10.760833472013474,gaia_774384016513181696_src3,comparison,319.91118258022937,1246.3257427312951,320.3988114528679,1245.9071408184575,0.64265813529594,11944.07740020752,129.24820300034,1493.00967502594,16.1560253750425,ok,24
light_V_8s_2026_05_20-0040_flat_0p3_late_bias_cal.fits,2461181.679657176,10.760833472013474,gaia_774289488578357504_src6,comparison,870.0801366261644,1092.3678827325343,870.543787683026,1092.1969125047913,0.4941691221671221,9329.377197265625,108.38621557159506,1166.1721496582031,13.548276946449382,ok,24
light_V_8s_2026_05_20-0040_flat_0p3_late_bias_cal.fits,2461181.679657176,10.760833472013474,gaia_774290626745586944_src8,comparison,999.75565131131,1425.3605401160648,999.7489381406107,1425.16004733312,0.20060514119482806,3044.673179626465,71.12427925024355,380.5841474533081,8.890534906280443,ok,24
light_V_8s_2026_05_20-0041_flat_0p3_late_bias_cal.fits,2461181.679848843,11.036833450198174,target_V0399_direct,target,1858.2795889060212,626.3976999128325,1858.2795889060212,626.3976999128325,0.0,1591310.78515625,5114.136281408766,198913.84814453125,639.2670351760958,ok,24
light_V_8s_2026_05_20-0041_flat_0p3_late_bias_cal.fits,2461181.679848843,11.036833450198174,DN_UMa_direct,check,1783.5457115539214,680.7944218389337,1783.5457115539214,680.7944218389337,0.0,2321375.7082214355,8782.775125607726,290171.96352767944,1097.8468907009658,ok,24
light_V_8s_2026_05_20-0041_flat_0p3_late_bias_cal.fits,2461181.679848843,11.036833450198174,gaia_774287774887292672_src5,comparison,1963.0118174879783,1074.709780998249,1962.7816343920003,1074.3943290675445,0.3905050297489197,9666.44026184082,114.03489441679554,1208.3050327301025,14.254361802099442,ok,24
light_V_8s_2026_05_20-0041_flat_0p3_late_bias_cal.fits,2461181.679848843,11.036833450198174,gaia_774288805679445888_src7,comparison,1873.856796000376,1345.5414709066672,1873.6474066303858,1344.7959417361244,0.7743756532815023,7806.565391540527,103.2943939271599,975.8206739425659,12.911799240894988,ok,24
light_V_8s_2026_05_20-0041_flat_0p3_late_bias_cal.fits,2461181.679848843,11.036833450198174,gaia_774289041901756032_src4,comparison,1970.4458011201548,1436.364242905962,1970.3064007377388,1435.495369345298,0.8799850743272422,10017.075317382812,113.19037696930793,1252.1344146728516,14.148797121163492,ok,24
light_V_8s_2026_05_20-0041_flat_0p3_late_bias_cal.fits,2461181.679848843,11.036833450198174,gaia_774271076054448768_src2,comparison,1436.464682526385,314.72161988615983,1437.0078217208415,315.08994228712237,0.6562481052205829,16579.710006713867,145.71538497900178,2072.4637508392334,18.214423122375223,ok,24
light_V_8s_2026_05_20-0041_flat_0p3_late_bias_cal.fits,2461181.679848843,11.036833450198174,gaia_774272862760870784_src1,comparison,529.6594254014456,250.2205791105461,531.2293362882683,250.85523883411423,1.693343780005752,25044.896484375,180.97350554547856,3130.612060546875,22.62168819318482,ok,24
light_V_8s_2026_05_20-0041_flat_0p3_late_bias_cal.fits,2461181.679848843,11.036833450198174,gaia_774384016513181696_src3,comparison,319.3307333076862,1247.1315909295383,320.8074933221037,1246.5481242548985,1.5878455531309004,10978.876373291016,125.16603291541085,1372.359546661377,15.645754114426357,ok,24
light_V_8s_2026_05_20-0041_flat_0p3_late_bias_cal.fits,2461181.679848843,11.036833450198174,gaia_774289488578357504_src6,comparison,869.4782658192851,1093.3252551107257,870.564888414187,1092.883601704884,1.1729477373876538,8691.549018859863,106.80281758771066,1086.443627357483,13.350352198463833,ok,24
light_V_8s_2026_05_20-0041_flat_0p3_late_bias_cal.fits,2461181.679848843,11.036833450198174,gaia_774290626745586944_src8,comparison,999.0436866041133,1426.5384950686296,999.7179571713081,1425.608344279534,1.1488347523643576,2665.692237854004,69.2831661789648,333.2115297317505,8.6603957723706,ok,24
light_V_8s_2026_05_20-0042_flat_0p3_late_bias_cal.fits,2461181.6800405094,11.312833428382874,target_V0399_direct,target,1858.7281285777538,624.4196237957163,1858.7281285777538,624.4196237957163,0.0,1575867.9125976562,5204.225807651051,196983.48907470703,650.5282259563813,ok,27
light_V_8s_2026_05_20-0042_flat_0p3_late_bias_cal.fits,2461181.6800405094,11.312833428382874,DN_UMa_direct,check,1783.8894684486988,678.8565529144935,1783.8894684486988,678.8565529144935,0.0,2227209.356689453,8980.859135926486,278401.16958618164,1122.6073919908108,ok,27
light_V_8s_2026_05_20-0042_flat_0p3_late_bias_cal.fits,2461181.6800405094,11.312833428382874,gaia_774287774887292672_src5,comparison,1963.1787257258484,1072.8496867943459,1963.2113947476566,1072.9744879200973,0.12900614704244487,9839.74127960205,112.2444989441688,1229.9676599502563,14.0305623680211,ok,27
light_V_8s_2026_05_20-0042_flat_0p3_late_bias_cal.fits,2461181.6800405094,11.312833428382874,gaia_774288805679445888_src7,comparison,1874.1249767752856,1343.7539466682542,1873.8873675719938,1343.6650298367708,0.25370127396220127,7774.434677124023,101.29081546269548,971.8043346405029,12.661351932836935,ok,27
light_V_8s_2026_05_20-0042_flat_0p3_late_bias_cal.fits,2461181.6800405094,11.312833428382874,gaia_774289041901756032_src4,comparison,1970.6658383888232,1434.4818513833252,1970.6310852308736,1434.5012900970592,0.03982016548307433,9949.349899291992,112.18792218594773,1243.668737411499,14.023490273243466,ok,27
light_V_8s_2026_05_20-0042_flat_0p3_late_bias_cal.fits,2461181.6800405094,11.312833428382874,gaia_774271076054448768_src2,comparison,1436.6853943781302,312.60131456061515,1437.0606159885817,312.6139823423187,0.37543538677527283,16291.482650756836,145.5710776701189,2036.4353313446045,18.196384708764864,ok,27
light_V_8s_2026_05_20-0042_flat_0p3_late_bias_cal.fits,2461181.6800405094,11.312833428382874,gaia_774272862760870784_src1,comparison,529.8903754063575,248.3252699026103,530.2403725689021,248.01826322929162,0.46556536732392667,24039.422477722168,178.64608911469085,3004.927809715271,22.330761139336357,ok,27
light_V_8s_2026_05_20-0042_flat_0p3_late_bias_cal.fits,2461181.6800405094,11.312833428382874,gaia_774384016513181696_src3,comparison,319.46589386635577,1245.137708722618,319.25774972076147,1244.812220248742,0.386350529922406,11191.300407409668,124.816192492708,1398.9125509262085,15.6020240615885,ok,27
light_V_8s_2026_05_20-0042_flat_0p3_late_bias_cal.fits,2461181.6800405094,11.312833428382874,gaia_774289488578357504_src6,comparison,869.6714522104102,1091.3588043553334,869.7082004095515,1091.1409317667787,0.22094998299080956,8804.49146270752,108.47009002373326,1100.56143283844,13.558761252966658,ok,27
light_V_8s_2026_05_20-0042_flat_0p3_late_bias_cal.fits,2461181.6800405094,11.312833428382874,gaia_774290626745586944_src8,comparison,999.2941040095196,1424.560261164584,998.9077520953363,1424.2965292663184,0.467784475753465,2792.35311126709,69.31349363117855,349.04413890838623,8.664186703897318,ok,27
light_V_8s_2026_05_20-0043_flat_0p3_late_bias_cal.fits,2461181.6802317128,11.588166207075119,target_V0399_direct,target,1860.093866244015,623.7423407401877,1860.093866244015,623.7423407401877,0.0,1541133.8371582031,5338.504238701068,192641.7296447754,667.3130298376335,ok,25
light_V_8s_2026_05_20-0043_flat_0p3_late_bias_cal.fits,2461181.6802317128,11.588166207075119,DN_UMa_direct,check,1785.3024766661133,678.1314484799984,1785.3024766661133,678.1314484799984,0.0,2255735.6875,9183.045444865826,281966.9609375,1147.8806806082282,ok,25
light_V_8s_2026_05_20-0043_flat_0p3_late_bias_cal.fits,2461181.6802317128,11.588166207075119,gaia_774287774887292672_src5,comparison,1964.5919007718078,1072.1137605480078,1964.4495431657383,1071.9878397770328,0.1900571718424877,9600.168899536133,112.41029526818292,1200.0211124420166,14.051286908522865,ok,25
light_V_8s_2026_05_20-0043_flat_0p3_late_bias_cal.fits,2461181.6802317128,11.588166207075119,gaia_774288805679445888_src7,comparison,1875.421481024637,1342.6569484336944,1875.1577803023745,1342.473796000234,0.3210652344995182,7547.064266204834,101.61633914543293,943.3830332756042,12.702042393179116,ok,25
light_V_8s_2026_05_20-0043_flat_0p3_late_bias_cal.fits,2461181.6802317128,11.588166207075119,gaia_774289041901756032_src4,comparison,1972.1464321450915,1433.4466989302343,1971.8214622744495,1433.2562824609245,0.3766481761664571,9846.041107177734,112.78294027287903,1230.7551383972168,14.097867534109879,ok,25
light_V_8s_2026_05_20-0043_flat_0p3_late_bias_cal.fits,2461181.6802317128,11.588166207075119,gaia_774271076054448768_src2,comparison,1438.1232692546682,311.7511043355035,1438.7653207135495,312.1107647809174,0.7359250721689655,16227.357864379883,146.14474706505257,2028.4197330474854,18.26809338313157,ok,25
light_V_8s_2026_05_20-0043_flat_0p3_late_bias_cal.fits,2461181.6802317128,11.588166207075119,gaia_774272862760870784_src1,comparison,531.5350576447938,247.1382864827897,532.6028925103083,247.45488319368064,1.1137795012277807,24421.622932434082,179.67606153749097,3052.7028665542603,22.45950769218637,ok,25
light_V_8s_2026_05_20-0043_flat_0p3_late_bias_cal.fits,2461181.6802317128,11.588166207075119,gaia_774384016513181696_src3,comparison,321.06481488521547,1243.9935224148578,321.6545082049133,1243.509320846042,0.7630133488608645,10565.73694229126,122.80968253665667,1320.7171177864075,15.351210317082083,ok,25
light_V_8s_2026_05_20-0043_flat_0p3_late_bias_cal.fits,2461181.6802317128,11.588166207075119,gaia_774289488578357504_src6,comparison,871.1728510583683,1090.1893642486696,871.7283059045255,1090.0128563656149,0.5828251186247626,8502.591186523438,105.61093947124564,1062.8238983154297,13.201367433905705,ok,25
light_V_8s_2026_05_20-0043_flat_0p3_late_bias_cal.fits,2461181.6802317128,11.588166207075119,gaia_774290626745586944_src8,comparison,1000.7580349908632,1423.7743329192938,1000.7960960605237,1422.944737392695,0.8304681708387857,2611.912178039551,66.8494038136533,326.48902225494385,8.356175476706662,ok,25
light_V_8s_2026_05_20-0044_flat_0p3_late_bias_cal.fits,2461181.6804236113,11.864500120282173,target_V0399_direct,target,1861.200366586603,623.6165231832829,1861.200366586603,623.6165231832829,0.0,1829504.2768554688,4293.134786489264,228688.0346069336,536.641848311158,ok,27
light_V_8s_2026_05_20-0044_flat_0p3_late_bias_cal.fits,2461181.6804236113,11.864500120282173,DN_UMa_direct,check,1786.3902139298957,678.076239156147,1786.3902139298957,678.076239156147,0.0,2622562.127807617,7562.151776452424,327820.26597595215,945.268972056553,ok,27
light_V_8s_2026_05_20-0044_flat_0p3_late_bias_cal.fits,2461181.6804236113,11.864500120282173,gaia_774287774887292672_src5,comparison,1965.6541413406846,1072.191194588404,1965.843335440598,1072.0848773859068,0.2170201718477208,11275.928497314453,117.62983567906248,1409.4910621643066,14.70372945988281,ok,27
light_V_8s_2026_05_20-0044_flat_0p3_late_bias_cal.fits,2461181.6804236113,11.864500120282173,gaia_774288805679445888_src7,comparison,1876.6402048647478,1342.7903946266342,1876.631573225186,1342.7811659329743,0.012636217321401846,9053.93734741211,107.61861839197711,1131.7421684265137,13.452327298997139,ok,27
light_V_8s_2026_05_20-0044_flat_0p3_late_bias_cal.fits,2461181.6804236113,11.864500120282173,gaia_774289041901756032_src4,comparison,1973.162962330734,1433.70493836804,1973.3997506022952,1433.571160196488,0.27196559475918863,11445.498031616211,118.76550754574025,1430.6872539520264,14.845688443217531,ok,27
light_V_8s_2026_05_20-0044_flat_0p3_late_bias_cal.fits,2461181.6804236113,11.864500120282173,gaia_774271076054448768_src2,comparison,1439.2995789611575,311.92334592435236,1439.4582344456376,312.00376609616666,0.1778734572392419,18649.67652130127,150.99758212235554,2331.2095651626587,18.874697765294442,ok,27
light_V_8s_2026_05_20-0044_flat_0p3_late_bias_cal.fits,2461181.6804236113,11.864500120282173,gaia_774272862760870784_src1,comparison,532.7708673308936,247.39639678845703,532.707980342843,247.75967065843395,0.3686769288605919,27949.352447509766,183.60955547678878,3493.6690559387207,22.951194434598598,ok,27
light_V_8s_2026_05_20-0044_flat_0p3_late_bias_cal.fits,2461181.6804236113,11.864500120282173,gaia_774384016513181696_src3,comparison,322.27854331657204,1244.0721856163264,322.1264647807693,1244.5299314088625,0.482347480180439,11834.841125488281,129.5706112938619,1479.3551406860352,16.196326411732738,ok,27
light_V_8s_2026_05_20-0044_flat_0p3_late_bias_cal.fits,2461181.6804236113,11.864500120282173,gaia_774289488578357504_src6,comparison,872.3561506859785,1090.3282056546711,872.4610730706784,1090.6653155941167,0.35306064363518896,10008.275188446045,111.69836751541646,1251.0343985557556,13.962295939427058,ok,27
light_V_8s_2026_05_20-0044_flat_0p3_late_bias_cal.fits,2461181.6804236113,11.864500120282173,gaia_774290626745586944_src8,comparison,1001.7551757914079,1423.4706796314,1001.7738607610114,1423.7370359244037,0.26701086665493057,3123.590461730957,71.46970384465855,390.44880771636963,8.93371298058232,ok,27
light_V_8s_2026_05_20-0045_flat_0p3_late_bias_cal.fits,2461181.680614699,12.139666602015495,target_V0399_direct,target,1861.0542568635947,623.3714545638487,1861.0542568635947,623.3714545638487,0.0,1286162.3424072266,6518.152560634025,160770.29280090332,814.7690700792531,ok,24
light_V_8s_2026_05_20-0045_flat_0p3_late_bias_cal.fits,2461181.680614699,12.139666602015495,DN_UMa_direct,check,1786.2018472722846,677.8486657992523,1786.2018472722846,677.8486657992523,0.0,1883934.4853515625,10519.744507807154,235491.8106689453,1314.9680634758943,ok,24
light_V_8s_2026_05_20-0045_flat_0p3_late_bias_cal.fits,2461181.680614699,12.139666602015495,gaia_774287774887292672_src5,comparison,1965.5316159097515,1071.812647033573,1965.6955217724862,1072.0674161797838,0.3029396799690614,8137.207412719727,106.96143923306089,1017.1509265899658,13.37017990413261,ok,24
light_V_8s_2026_05_20-0045_flat_0p3_late_bias_cal.fits,2461181.680614699,12.139666602015495,gaia_774288805679445888_src7,comparison,1876.420820185935,1342.5675296020272,1876.4095188322356,1342.8834271102114,0.31609959865908294,6461.897315979004,97.50605651138954,807.7371644973755,12.188257063923693,ok,24
light_V_8s_2026_05_20-0045_flat_0p3_late_bias_cal.fits,2461181.680614699,12.139666602015495,gaia_774289041901756032_src4,comparison,1972.9546532965082,1433.3181750988026,1973.2136674233652,1433.728260244314,0.4850341683640371,8288.143131256104,109.01235685167292,1036.017891407013,13.626544606459115,ok,24
light_V_8s_2026_05_20-0045_flat_0p3_late_bias_cal.fits,2461181.680614699,12.139666602015495,gaia_774271076054448768_src2,comparison,1439.3118478707827,311.4827421523257,1439.1456071681666,311.5600906197112,0.183354183516937,13504.075500488281,141.66556992182677,1688.0094375610352,17.708196240228347,ok,24
light_V_8s_2026_05_20-0045_flat_0p3_late_bias_cal.fits,2461181.680614699,12.139666602015495,gaia_774272862760870784_src1,comparison,532.3162749772202,247.1862687300815,531.9671281688561,247.1800252546115,0.3492026271046791,20436.517921447754,177.41036938201853,2554.5647401809692,22.176296172752316,ok,24
light_V_8s_2026_05_20-0045_flat_0p3_late_bias_cal.fits,2461181.680614699,12.139666602015495,gaia_774384016513181696_src3,comparison,321.87429341921603,1243.9334456970341,321.1688968054318,1244.4048012336202,0.8483869545252324,8993.610862731934,117.09656862926377,1124.2013578414917,14.637071078657971,ok,24
light_V_8s_2026_05_20-0045_flat_0p3_late_bias_cal.fits,2461181.680614699,12.139666602015495,gaia_774289488578357504_src6,comparison,872.0796907101079,1090.5608201793855,871.7857620941053,1090.530046962345,0.2955351454433773,7079.619956970215,100.85218324534925,884.9524946212769,12.606522905668657,ok,24
light_V_8s_2026_05_20-0045_flat_0p3_late_bias_cal.fits,2461181.680614699,12.139666602015495,gaia_774290626745586944_src8,comparison,1001.6362286541205,1423.8819957214062,1001.1220748111332,1423.7767889246004,0.524807244950692,2165.631416320801,64.69818764468823,270.7039270401001,8.087273455586029,ok,24
light_V_8s_2026_05_20-0046_flat_0p3_late_bias_cal.fits,2461181.6808056715,12.414666786789894,target_V0399_direct,target,1861.7111378801492,623.4293240615004,1861.7111378801492,623.4293240615004,0.0,1685064.765625,4729.703876704891,210633.095703125,591.2129845881113,ok,27
light_V_8s_2026_05_20-0046_flat_0p3_late_bias_cal.fits,2461181.6808056715,12.414666786789894,DN_UMa_direct,check,1787.0103373047198,677.8425508863282,1787.0103373047198,677.8425508863282,0.0,2387456.677520752,8529.3400486368,298432.084690094,1066.1675060796,ok,27
light_V_8s_2026_05_20-0046_flat_0p3_late_bias_cal.fits,2461181.6808056715,12.414666786789894,gaia_774287774887292672_src5,comparison,1966.2698465807564,1071.8430019430634,1966.35294645128,1071.3063230462365,0.5430744210331317,10155.019485473633,113.92367785994509,1269.377435684204,14.240459732493136,ok,27
light_V_8s_2026_05_20-0046_flat_0p3_late_bias_cal.fits,2461181.6808056715,12.414666786789894,gaia_774288805679445888_src7,comparison,1877.118027073667,1342.613191966034,1877.3311193479337,1341.689756074641,0.9477036260692837,8272.549995422363,103.60696151535532,1034.0687494277954,12.950870189419415,ok,27
light_V_8s_2026_05_20-0046_flat_0p3_late_bias_cal.fits,2461181.6808056715,12.414666786789894,gaia_774289041901756032_src4,comparison,1973.7758169068138,1433.4213206809193,1974.0044990737638,1432.338164503933,1.107033349644147,10684.638137817383,116.20662241090635,1335.5797672271729,14.525827801363294,ok,27
light_V_8s_2026_05_20-0046_flat_0p3_late_bias_cal.fits,2461181.6808056715,12.414666786789894,gaia_774271076054448768_src2,comparison,1439.832775993256,311.76611483130534,1440.4064857197882,312.3284507930041,0.8033458683140237,17164.00562286377,146.79024507990906,2145.500702857971,18.348780634988632,ok,27
light_V_8s_2026_05_20-0046_flat_0p3_late_bias_cal.fits,2461181.6808056715,12.414666786789894,gaia_774272862760870784_src1,comparison,532.9778482659154,247.50616549395173,534.7720774641455,248.42708726726198,2.016768536133503,25593.821128845215,180.13352487802524,3199.227641105652,22.516690609753155,ok,27
light_V_8s_2026_05_20-0046_flat_0p3_late_bias_cal.fits,2461181.6808056715,12.414666786789894,gaia_774384016513181696_src3,comparison,322.7898055816657,1244.1654853483822,324.74242246425797,1244.0112190606555,1.9587012987470418,11348.419342041016,126.19430177411678,1418.552417755127,15.774287721764598,ok,27
light_V_8s_2026_05_20-0046_flat_0p3_late_bias_cal.fits,2461181.6808056715,12.414666786789894,gaia_774289488578357504_src6,comparison,872.8511323518798,1090.4108790970113,874.3439891688506,1090.179871010079,1.5106244444614407,9080.450233459473,107.70637441326427,1135.056279182434,13.463296801658034,ok,27
light_V_8s_2026_05_20-0046_flat_0p3_late_bias_cal.fits,2461181.6808056715,12.414666786789894,gaia_774290626745586944_src8,comparison,1002.4079364124398,1423.3856111138825,1003.5913637071047,1422.7974708102024,1.3215177556775335,2891.1076278686523,68.61185558222284,361.38845348358154,8.576481947777856,ok,27
light_V_8s_2026_05_20-0047_flat_0p3_late_bias_cal.fits,2461181.6809974536,12.690833061933517,target_V0399_direct,target,1863.3556526006353,622.7031958101727,1863.3556526006353,622.7031958101727,0.0,1741694.3321228027,4667.460327807145,217711.79151535034,583.4325409758932,ok,29
light_V_8s_2026_05_20-0047_flat_0p3_late_bias_cal.fits,2461181.6809974536,12.690833061933517,DN_UMa_direct,check,1788.5406617607655,677.1746090660771,1788.5406617607655,677.1746090660771,0.0,2487700.605621338,8122.421196930641,310962.57570266724,1015.3026496163301,ok,29
light_V_8s_2026_05_20-0047_flat_0p3_late_bias_cal.fits,2461181.6809974536,12.690833061933517,gaia_774287774887292672_src5,comparison,1967.9342804754867,1071.1636870711102,1968.0428629586224,1071.21639838214,0.12070061289980369,10439.929809570312,114.5195459866595,1304.991226196289,14.314943248332437,ok,29
light_V_8s_2026_05_20-0047_flat_0p3_late_bias_cal.fits,2461181.6809974536,12.690833061933517,gaia_774288805679445888_src7,comparison,1878.732397551336,1342.0597073379702,1878.8400274945393,1341.9506411600123,0.15323066223279294,8302.813613891602,103.80697696012119,1037.8517017364502,12.975872120015149,ok,29
light_V_8s_2026_05_20-0047_flat_0p3_late_bias_cal.fits,2461181.6809974536,12.690833061933517,gaia_774289041901756032_src4,comparison,1975.300464092983,1432.890273867009,1975.6259796701147,1432.7443159979894,0.3567409290845759,10901.467163085938,115.99542911576904,1362.6833953857422,14.49942863947113,ok,29
light_V_8s_2026_05_20-0047_flat_0p3_late_bias_cal.fits,2461181.6809974536,12.690833061933517,gaia_774271076054448768_src2,comparison,1441.5287867405468,311.1090644034617,1441.542058262927,311.0842067688926,0.02817863202242746,18147.422729492188,149.2622730070769,2268.4278411865234,18.657784125884614,ok,29
light_V_8s_2026_05_20-0047_flat_0p3_late_bias_cal.fits,2461181.6809974536,12.690833061933517,gaia_774272862760870784_src1,comparison,534.7410906610897,246.90382549139747,534.6814249991371,246.89738259393567,0.06001251656070928,26414.5361328125,181.52759288322306,3301.8170166015625,22.690949110402883,ok,29
light_V_8s_2026_05_20-0047_flat_0p3_late_bias_cal.fits,2461181.6809974536,12.690833061933517,gaia_774384016513181696_src3,comparison,324.28951661828745,1243.7312897587037,324.14653741455936,1243.7989775917213,0.15819195756210022,11714.71159362793,127.90076328701389,1464.3389492034912,15.987595410876736,ok,29
light_V_8s_2026_05_20-0047_flat_0p3_late_bias_cal.fits,2461181.6809974536,12.690833061933517,gaia_774289488578357504_src6,comparison,874.5857353423235,1089.794983135046,874.5343630278676,1089.8771015735904,0.09686357747628783,9248.92041015625,107.52638216746584,1156.1150512695312,13.44079777093323,ok,29
light_V_8s_2026_05_20-0047_flat_0p3_late_bias_cal.fits,2461181.6809974536,12.690833061933517,gaia_774290626745586944_src8,comparison,1003.8564621513851,1422.843224852238,1003.8860279898182,1422.9784448735184,0.13841456916553938,3035.948799133301,70.6040700657817,379.4935998916626,8.825508758222712,ok,29
light_V_8s_2026_05_20-0048_flat_0p3_late_bias_cal.fits,2461181.6811891203,12.966833040118217,target_V0399_direct,target,1862.9140281749349,623.3984824692023,1862.9140281749349,623.3984824692023,0.0,1148561.6564331055,7085.595698449295,143570.20705413818,885.6994623061619,ok,17
light_V_8s_2026_05_20-0048_flat_0p3_late_bias_cal.fits,2461181.6811891203,12.966833040118217,DN_UMa_direct,check,1788.14497324273,677.8033109706673,1788.14497324273,677.8033109706673,0.0,1647572.4715576172,11240.917200398053,205946.55894470215,1405.1146500497566,ok,17
light_V_8s_2026_05_20-0048_flat_0p3_late_bias_cal.fits,2461181.6811891203,12.966833040118217,gaia_774287774887292672_src5,comparison,1967.4229640883782,1071.8054522043387,1967.3850541463587,1071.572071848146,0.23643932490303884,7158.601890563965,103.45339052512654,894.8252363204956,12.931673815640817,ok,17
light_V_8s_2026_05_20-0048_flat_0p3_late_bias_cal.fits,2461181.6811891203,12.966833040118217,gaia_774288805679445888_src7,comparison,1878.4128602653602,1342.9210657529795,1878.1774145262925,1342.057197957964,0.8953782794495673,5528.202056884766,93.04954262536448,691.0252571105957,11.63119282817056,ok,17
light_V_8s_2026_05_20-0048_flat_0p3_late_bias_cal.fits,2461181.6811891203,12.966833040118217,gaia_774289041901756032_src4,comparison,1974.8688155737348,1433.4974643870626,1974.857256530858,1432.8040079638868,0.6935527538089703,7261.850143432617,106.66948604560473,907.7312679290771,13.333685755700591,ok,17
light_V_8s_2026_05_20-0048_flat_0p3_late_bias_cal.fits,2461181.6811891203,12.966833040118217,gaia_774271076054448768_src2,comparison,1440.99196131497,311.48457730436326,1441.5385440138307,311.914394560398,0.6953384214028989,11766.71703338623,137.1122172705953,1470.8396291732788,17.139027158824412,ok,17
light_V_8s_2026_05_20-0048_flat_0p3_late_bias_cal.fits,2461181.6811891203,12.966833040118217,gaia_774272862760870784_src1,comparison,534.1774816407222,247.1467757605686,535.4444423209941,247.51797930754446,1.320220223539367,17635.923080444336,174.44096214913745,2204.490385055542,21.80512026864218,ok,17
light_V_8s_2026_05_20-0048_flat_0p3_late_bias_cal.fits,2461181.6811891203,12.966833040118217,gaia_774384016513181696_src3,comparison,323.8963012151191,1244.2077259526827,324.7946006203058,1243.5364129785432,1.1214289681503735,7886.751693725586,114.15077151236784,985.8439617156982,14.26884643904598,ok,17
light_V_8s_2026_05_20-0048_flat_0p3_late_bias_cal.fits,2461181.6811891203,12.966833040118217,gaia_774289488578357504_src6,comparison,874.0322533358808,1090.2954916577853,874.7730432014131,1089.9008205879563,0.8393657595085103,6078.1252517700195,96.29720345700802,759.7656564712524,12.037150432126003,ok,17
light_V_8s_2026_05_20-0048_flat_0p3_late_bias_cal.fits,2461181.6811891203,12.966833040118217,gaia_774290626745586944_src8,comparison,,,1003.9215923094937,1422.7648789384812,356.9413591303247,,,,,no_sep_match,17
light_V_8s_2026_05_20-0049_flat_0p3_late_bias_cal.fits,2461181.68138044,13.242333456873894,target_V0399_direct,target,1864.389319460398,622.9045335283035,1864.389319460398,622.9045335283035,0.0,1726703.807067871,4664.368705919787,215837.9758834839,583.0460882399734,ok,27
light_V_8s_2026_05_20-0049_flat_0p3_late_bias_cal.fits,2461181.68138044,13.242333456873894,DN_UMa_direct,check,1789.6179725902318,677.3133578241354,1789.6179725902318,677.3133578241354,0.0,2537917.3212890625,8108.27109073206,317239.6651611328,1013.5338863415075,ok,27
light_V_8s_2026_05_20-0049_flat_0p3_late_bias_cal.fits,2461181.68138044,13.242333456873894,gaia_774287774887292672_src5,comparison,1968.8503459323308,1071.277565267063,1968.8742194584524,1071.0963731762433,0.18275808880888567,10621.311317443848,114.32350705089887,1327.663914680481,14.290438381362359,ok,27
light_V_8s_2026_05_20-0049_flat_0p3_late_bias_cal.fits,2461181.68138044,13.242333456873894,gaia_774288805679445888_src7,comparison,1879.7247005628142,1342.1181163960546,1879.6680304425963,1341.5956135528068,0.5255670496973377,8588.749221801758,104.24167940968006,1073.5936527252197,13.030209926210008,ok,27
light_V_8s_2026_05_20-0049_flat_0p3_late_bias_cal.fits,2461181.68138044,13.242333456873894,gaia_774289041901756032_src4,comparison,1976.3533708501748,1432.884004664226,1976.35411564001,1432.3445813113854,0.5394238670116345,11082.723999023438,117.38684574525685,1385.3404998779297,14.673355718157106,ok,27
light_V_8s_2026_05_20-0049_flat_0p3_late_bias_cal.fits,2461181.68138044,13.242333456873894,gaia_774271076054448768_src2,comparison,1442.6501983959333,311.20706474523337,1442.9883353327073,311.414861842511,0.39688313348878507,18007.542938232422,148.3194660386603,2250.9428672790527,18.539933254832537,ok,27
light_V_8s_2026_05_20-0049_flat_0p3_late_bias_cal.fits,2461181.68138044,13.242333456873894,gaia_774272862760870784_src1,comparison,535.8034725052156,246.7860156788332,536.8517252392589,247.03396518721985,1.0771781436412926,26495.521713256836,182.5614110160333,3311.9402141571045,22.820176377004163,ok,27
light_V_8s_2026_05_20-0049_flat_0p3_late_bias_cal.fits,2461181.68138044,13.242333456873894,gaia_774384016513181696_src3,comparison,325.45219026606617,1243.601101885206,326.21258313238854,1243.1019733175872,0.9095749766605882,11945.369941711426,129.62842014079985,1493.1712427139282,16.20355251759998,ok,27
light_V_8s_2026_05_20-0049_flat_0p3_late_bias_cal.fits,2461181.68138044,13.242333456873894,gaia_774289488578357504_src6,comparison,875.7090167262268,1089.7858963956999,876.2129038403833,1089.4481989629624,0.6065820471218455,9418.405456542969,108.60177589772208,1177.300682067871,13.57522198721526,ok,27
light_V_8s_2026_05_20-0049_flat_0p3_late_bias_cal.fits,2461181.68138044,13.242333456873894,gaia_774290626745586944_src8,comparison,1005.020901365696,1422.6975670912336,1005.374101485714,1422.3247624097062,0.5135500514551216,2965.4955253601074,69.01141077835348,370.6869406700134,8.626426347294185,ok,27
light_V_8s_2026_05_20-0050_flat_0p3_late_bias_cal.fits,2461181.6815721067,13.518333435058594,target_V0399_direct,target,1866.3701661034547,623.6357837299842,1866.3701661034547,623.6357837299842,0.0,1865373.0415039062,4303.506108272947,233171.63018798828,537.9382635341184,ok,28
light_V_8s_2026_05_20-0050_flat_0p3_late_bias_cal.fits,2461181.6815721067,13.518333435058594,DN_UMa_direct,check,1791.5387133237289,678.0868450636775,1791.5387133237289,678.0868450636775,0.0,2675436.185546875,7718.784025596662,334429.5231933594,964.8480031995828,ok,28
light_V_8s_2026_05_20-0050_flat_0p3_late_bias_cal.fits,2461181.6815721067,13.518333435058594,gaia_774287774887292672_src5,comparison,1970.8632278645014,1072.008253082065,1970.9321809665626,1072.185000578736,0.18972139537570584,11379.104454040527,116.90622114415643,1422.388056755066,14.613277643019554,ok,28
light_V_8s_2026_05_20-0050_flat_0p3_late_bias_cal.fits,2461181.6815721067,13.518333435058594,gaia_774288805679445888_src7,comparison,1881.6030529826246,1342.890561707349,1881.65158555419,1342.8979330201782,0.04908917146963326,9132.809650421143,106.82602525492857,1141.6012063026428,13.35325315686607,ok,28
light_V_8s_2026_05_20-0050_flat_0p3_late_bias_cal.fits,2461181.6815721067,13.518333435058594,gaia_774289041901756032_src4,comparison,1978.2731125195228,1433.7663774693626,1978.4132797621774,1433.7202525773887,0.14756138239048872,11791.514766693115,118.91670971958806,1473.9393458366394,14.864588714948507,ok,28
light_V_8s_2026_05_20-0050_flat_0p3_late_bias_cal.fits,2461181.6815721067,13.518333435058594,gaia_774271076054448768_src2,comparison,1444.526744262219,311.9782283242912,1444.6385419077644,311.8931625004115,0.14048098783054583,18643.59764099121,150.047514007872,2330.4497051239014,18.755939250984,ok,28
light_V_8s_2026_05_20-0050_flat_0p3_late_bias_cal.fits,2461181.6815721067,13.518333435058594,gaia_774272862760870784_src1,comparison,537.8494924352701,247.68772891966805,537.78301626178,247.4492404186393,0.24757998054130137,27839.07374572754,184.0992604902207,3479.8842182159424,23.012407561277588,ok,28
light_V_8s_2026_05_20-0050_flat_0p3_late_bias_cal.fits,2461181.6815721067,13.518333435058594,gaia_774384016513181696_src3,comparison,327.3873373030673,1244.4831928239587,326.9634935506824,1244.3056795843993,0.4595154803209136,12505.90266418457,131.04369856897588,1563.2378330230713,16.380462321121986,ok,28
light_V_8s_2026_05_20-0050_flat_0p3_late_bias_cal.fits,2461181.6815721067,13.518333435058594,gaia_774289488578357504_src6,comparison,877.5377715213116,1090.5182700832258,877.4027046987804,1090.5370701792751,0.1363689486654569,10059.238372802734,110.96300349710015,1257.4047966003418,13.870375437137518,ok,28
light_V_8s_2026_05_20-0050_flat_0p3_late_bias_cal.fits,2461181.6815721067,13.518333435058594,gaia_774290626745586944_src8,comparison,1006.8771445358826,1423.4722883030238,1006.6621307100003,1423.679737594388,0.29877441960121875,3282.2487030029297,70.65414224511362,410.2810878753662,8.831767780639202,ok,28
light_V_8s_2026_05_20-0051_flat_0p3_late_bias_cal.fits,2461181.6817636574,13.794166445732117,target_V0399_direct,target,1865.8659634698906,624.3077118694418,1865.8659634698906,624.3077118694418,0.0,1741653.1437988281,4586.549298654642,217706.64297485352,573.3186623318303,ok,28
light_V_8s_2026_05_20-0051_flat_0p3_late_bias_cal.fits,2461181.6817636574,13.794166445732117,DN_UMa_direct,check,1791.0888223278016,678.7756655271379,1791.0888223278016,678.7756655271379,0.0,2531364.499267578,8063.760756327363,316420.56240844727,1007.9700945409204,ok,28
light_V_8s_2026_05_20-0051_flat_0p3_late_bias_cal.fits,2461181.6817636574,13.794166445732117,gaia_774287774887292672_src5,comparison,1970.4739469965082,1072.7927541142587,1970.6106732876344,1072.6407120983106,0.20447702388952985,10947.33861541748,115.92871100650562,1368.417326927185,14.491088875813203,ok,28
light_V_8s_2026_05_20-0051_flat_0p3_late_bias_cal.fits,2461181.6817636574,13.794166445732117,gaia_774288805679445888_src7,comparison,1881.43249261866,1343.6004123212797,1881.4962867978736,1343.298260693092,0.30881273244147406,8723.38362121582,105.82944357534083,1090.4229526519775,13.228680446917604,ok,28
light_V_8s_2026_05_20-0051_flat_0p3_late_bias_cal.fits,2461181.6817636574,13.794166445732117,gaia_774289041901756032_src4,comparison,1977.9238587974269,1434.5072494463996,1978.267221163532,1434.0395434378206,0.5802125687350692,11224.886138916016,117.22883325231928,1403.110767364502,14.65360415653991,ok,28
light_V_8s_2026_05_20-0051_flat_0p3_late_bias_cal.fits,2461181.6817636574,13.794166445732117,gaia_774271076054448768_src2,comparison,1443.981456853827,312.784633948461,1444.1355193963282,312.8874088299442,0.18519703903087062,18070.85768890381,147.99472851362634,2258.857211112976,18.499341064203293,ok,28
light_V_8s_2026_05_20-0051_flat_0p3_late_bias_cal.fits,2461181.6817636574,13.794166445732117,gaia_774272862760870784_src1,comparison,537.3036746464003,248.48514537368433,537.5811713669812,248.9141229829968,0.5109072510980507,27421.481231689453,183.36960720816268,3427.6851539611816,22.921200901020335,ok,28
light_V_8s_2026_05_20-0051_flat_0p3_late_bias_cal.fits,2461181.6817636574,13.794166445732117,gaia_774384016513181696_src3,comparison,327.05709193765955,1245.3309208800913,327.33038512943335,1245.5084882656006,0.3259130943465114,11994.025146484375,130.13434833632968,1499.2531433105469,16.26679354204121,ok,28
light_V_8s_2026_05_20-0051_flat_0p3_late_bias_cal.fits,2461181.6817636574,13.794166445732117,gaia_774289488578357504_src6,comparison,877.127748347963,1091.2982214848432,877.4917187255726,1091.525029361605,0.4288545776116171,9568.311874389648,109.83037597825307,1196.038984298706,13.728796997281634,ok,28
light_V_8s_2026_05_20-0051_flat_0p3_late_bias_cal.fits,2461181.6817636574,13.794166445732117,gaia_774290626745586944_src8,comparison,1006.9378854569713,1424.3032763958342,1006.867890056979,1424.4816772778088,0.1916408899723042,3084.1005477905273,69.36962114884246,385.5125684738159,8.671202643605307,ok,28
light_V_8s_2026_05_20-0052_flat_0p3_late_bias_cal.fits,2461181.681955324,14.070166423916817,target_V0399_direct,target,1865.0588553233822,623.997471819856,1865.0588553233822,623.997471819856,0.0,1641316.7218322754,4737.937614230548,205164.59022903442,592.2422017788185,ok,25
light_V_8s_2026_05_20-0052_flat_0p3_late_bias_cal.fits,2461181.681955324,14.070166423916817,DN_UMa_direct,check,1790.3060154983673,678.4287949701669,1790.3060154983673,678.4287949701669,0.0,2485103.4267578125,8324.86157619665,310637.92834472656,1040.6076970245813,ok,25
light_V_8s_2026_05_20-0052_flat_0p3_late_bias_cal.fits,2461181.681955324,14.070166423916817,gaia_774287774887292672_src5,comparison,1969.7364921328015,1072.4379102499477,1969.6827557078925,1072.148083782347,0.2947659829151147,10638.925651550293,114.54455204030617,1329.8657064437866,14.318069005038272,ok,25
light_V_8s_2026_05_20-0052_flat_0p3_late_bias_cal.fits,2461181.681955324,14.070166423916817,gaia_774288805679445888_src7,comparison,1880.6373932140043,1343.2519575191022,1880.563301247948,1342.670327898916,0.586329800122874,8414.640872955322,102.81430441122356,1051.8301091194153,12.851788051402945,ok,25
light_V_8s_2026_05_20-0052_flat_0p3_late_bias_cal.fits,2461181.681955324,14.070166423916817,gaia_774289041901756032_src4,comparison,1977.1605354176331,1434.01976230622,1977.276120705569,1433.3871945674523,0.6430411362555409,10537.97444152832,115.15637886839293,1317.24680519104,14.394547358549117,ok,25
light_V_8s_2026_05_20-0052_flat_0p3_late_bias_cal.fits,2461181.681955324,14.070166423916817,gaia_774271076054448768_src2,comparison,1443.1132220270563,312.42074195334624,1443.5677793598963,312.64614192414706,0.5073731523008365,17565.12924194336,146.64937399469764,2195.64115524292,18.331171749337205,ok,25
light_V_8s_2026_05_20-0052_flat_0p3_late_bias_cal.fits,2461181.681955324,14.070166423916817,gaia_774272862760870784_src1,comparison,536.2766197576349,248.28107053841953,537.427841035302,248.55141706650204,1.1825386570424454,26560.566108703613,181.22224790280129,3320.0707635879517,22.65278098785016,ok,25
light_V_8s_2026_05_20-0052_flat_0p3_late_bias_cal.fits,2461181.681955324,14.070166423916817,gaia_774384016513181696_src3,comparison,326.1146254831731,1244.9917076088439,327.10588397893525,1244.6670708477368,1.043063963562521,11418.398086547852,127.0571254636953,1427.2997608184814,15.882140682961913,ok,25
light_V_8s_2026_05_20-0052_flat_0p3_late_bias_cal.fits,2461181.681955324,14.070166423916817,gaia_774289488578357504_src6,comparison,876.2208871292087,1091.075338177272,877.0476130403699,1090.843196542065,0.8586998724711455,9123.11782836914,107.03147470374427,1140.3897285461426,13.378934337968033,ok,25
light_V_8s_2026_05_20-0052_flat_0p3_late_bias_cal.fits,2461181.681955324,14.070166423916817,gaia_774290626745586944_src8,comparison,1005.742266572883,1423.953875111154,1006.3110849810084,1423.6729249836517,0.6344189117341953,2851.943344116211,68.58158154409209,356.49291801452637,8.572697693011511,ok,25
light_V_8s_2026_05_20-0053_flat_0p3_late_bias_cal.fits,2461181.682147222,14.346499666571617,target_V0399_direct,target,1866.8377426253483,623.7426887724816,1866.8377426253483,623.7426887724816,0.0,1731439.4846343994,4667.029311633423,216429.93557929993,583.3786639541779,ok,26
light_V_8s_2026_05_20-0053_flat_0p3_late_bias_cal.fits,2461181.682147222,14.346499666571617,DN_UMa_direct,check,1792.0493215515808,678.222540825298,1792.0493215515808,678.222540825298,0.0,2484917.2373962402,8243.233063312668,310614.65467453003,1030.4041329140834,ok,26
light_V_8s_2026_05_20-0053_flat_0p3_late_bias_cal.fits,2461181.682147222,14.346499666571617,gaia_774287774887292672_src5,comparison,1971.4797901118288,1072.2471317247112,1971.6151308524704,1072.1504551353567,0.16632341689201352,10982.592987060547,116.3220000238669,1372.8241233825684,14.540250002983363,ok,26
light_V_8s_2026_05_20-0053_flat_0p3_late_bias_cal.fits,2461181.682147222,14.346499666571617,gaia_774288805679445888_src7,comparison,1882.39919660399,1342.8698212029813,1882.4939207976124,1342.8580410965462,0.09545388292274234,8560.448066711426,105.08074241680332,1070.0560083389282,13.135092802100415,ok,26
light_V_8s_2026_05_20-0053_flat_0p3_late_bias_cal.fits,2461181.682147222,14.346499666571617,gaia_774289041901756032_src4,comparison,1979.0308083765808,1433.6554006565302,1979.2846397468281,1433.6120250815516,0.2575107862330508,11082.647987365723,116.5778578691882,1385.3309984207153,14.572232233648524,ok,26
light_V_8s_2026_05_20-0053_flat_0p3_late_bias_cal.fits,2461181.682147222,14.346499666571617,gaia_774271076054448768_src2,comparison,1444.927713812358,312.1455314226017,1445.0237802151887,312.2816786783336,0.16662781579363986,17611.69686126709,145.9714539975045,2201.4621076583862,18.246431749688064,ok,26
light_V_8s_2026_05_20-0053_flat_0p3_late_bias_cal.fits,2461181.682147222,14.346499666571617,gaia_774272862760870784_src1,comparison,538.1053987117266,247.90552272811203,538.3093789484692,248.3264084334902,0.46771007469718817,26800.99196624756,182.6292174822037,3350.123995780945,22.828652185275462,ok,26
light_V_8s_2026_05_20-0053_flat_0p3_late_bias_cal.fits,2461181.682147222,14.346499666571617,gaia_774384016513181696_src3,comparison,327.9313694512106,1244.7426335248967,328.05401162713997,1245.1012251323332,0.3789842269020337,11975.64143371582,129.19201473179143,1496.9551792144775,16.14900184147393,ok,26
light_V_8s_2026_05_20-0053_flat_0p3_late_bias_cal.fits,2461181.682147222,14.346499666571617,gaia_774289488578357504_src6,comparison,877.9981341224596,1090.7778089642338,878.306274025787,1091.0732305056413,0.42687713355270457,9293.075927734375,107.3909116277672,1161.6344909667969,13.4238639534709,ok,26
light_V_8s_2026_05_20-0053_flat_0p3_late_bias_cal.fits,2461181.682147222,14.346499666571617,gaia_774290626745586944_src8,comparison,1007.4538247612772,1423.7495358214571,1007.7157047669566,1424.0837442338147,0.4245896845958652,3042.138870239258,69.24184578140344,380.2673587799072,8.65523072267543,ok,26
light_V_8s_2026_05_20-0054_flat_0p3_late_bias_cal.fits,2461181.6823388888,14.622499644756317,target_V0399_direct,target,1867.025827284963,623.7299455466127,1867.025827284963,623.7299455466127,0.0,1764228.5438995361,4500.247248037385,220528.56798744202,562.5309060046732,ok,27
light_V_8s_2026_05_20-0054_flat_0p3_late_bias_cal.fits,2461181.6823388888,14.622499644756317,DN_UMa_direct,check,1792.2715481912758,678.1937886813276,1792.2715481912758,678.1937886813276,0.0,2574050.2200927734,7789.521256110912,321756.2775115967,973.690157013864,ok,27
light_V_8s_2026_05_20-0054_flat_0p3_late_bias_cal.fits,2461181.6823388888,14.622499644756317,gaia_774287774887292672_src5,comparison,1971.4446993721947,1072.1354182578013,1971.7960047749646,1071.9501829298658,0.39714935821511366,11197.189044952393,116.66851368875834,1399.648630619049,14.583564211094792,ok,27
light_V_8s_2026_05_20-0054_flat_0p3_late_bias_cal.fits,2461181.6823388888,14.622499644756317,gaia_774288805679445888_src7,comparison,1882.3609094592725,1342.8144463101528,1882.731410591631,1342.5563520841897,0.4515348475525963,9012.76513671875,107.02035926546353,1126.5956420898438,13.37754490818294,ok,27
light_V_8s_2026_05_20-0054_flat_0p3_late_bias_cal.fits,2461181.6823388888,14.622499644756317,gaia_774289041901756032_src4,comparison,1979.0070854742225,1433.650694656604,1979.4904270757431,1433.266530469581,0.6174149547519996,11208.510208129883,117.58561885101234,1401.0637760162354,14.698202356376543,ok,27
light_V_8s_2026_05_20-0054_flat_0p3_late_bias_cal.fits,2461181.6823388888,14.622499644756317,gaia_774271076054448768_src2,comparison,1445.1335597056727,312.1562671523784,1445.3565304599965,312.4262120727451,0.3501231459294077,18311.417640686035,148.76620663820583,2288.9272050857544,18.59577582977573,ok,27
light_V_8s_2026_05_20-0054_flat_0p3_late_bias_cal.fits,2461181.6823388888,14.622499644756317,gaia_774272862760870784_src1,comparison,538.3419038408717,247.94996595572277,538.9999744308266,248.56672401541294,0.90191319180744,27564.245086669922,183.90529353734334,3445.5306358337402,22.988161692167917,ok,27
light_V_8s_2026_05_20-0054_flat_0p3_late_bias_cal.fits,2461181.6823388888,14.622499644756317,gaia_774384016513181696_src3,comparison,328.21403771403544,1244.6752167637158,328.90589909242317,1244.958985993697,0.7477948534115196,12331.530403137207,131.74302165643286,1541.4413003921509,16.467877707054107,ok,27
light_V_8s_2026_05_20-0054_flat_0p3_late_bias_cal.fits,2461181.6823388888,14.622499644756317,gaia_774289488578357504_src6,comparison,878.3443711111918,1090.6684404757914,878.9260696202331,1090.9500241707722,0.6462681585069038,10001.551727294922,111.53329859633016,1250.1939659118652,13.94166232454127,ok,27
light_V_8s_2026_05_20-0054_flat_0p3_late_bias_cal.fits,2461181.6823388888,14.622499644756317,gaia_774290626745586944_src8,comparison,1007.734366549887,1423.6211742993376,1008.3095004555914,1423.8172750219378,0.6076466924909375,3164.4992294311523,70.77063487060933,395.56240367889404,8.846329358826166,ok,27
light_V_8s_2026_05_20-0055_flat_0p3_late_bias_cal.fits,2461181.682530903,14.898999854922295,target_V0399_direct,target,1867.3121472607288,622.1887638699909,1867.3121472607288,622.1887638699909,0.0,1419595.0131225586,5835.173575874378,177449.37664031982,729.3966969842973,ok,24
light_V_8s_2026_05_20-0055_flat_0p3_late_bias_cal.fits,2461181.682530903,14.898999854922295,DN_UMa_direct,check,1792.526105005813,676.5770502657639,1792.526105005813,676.5770502657639,0.0,2094278.4671020508,9811.553908681162,261784.80838775635,1226.4442385851453,ok,24
light_V_8s_2026_05_20-0055_flat_0p3_late_bias_cal.fits,2461181.682530903,14.898999854922295,gaia_774287774887292672_src5,comparison,1971.7717225612935,1070.5976969888125,1971.6744230877587,1070.4081597285608,0.213052952511467,8831.588470458984,109.92072784959862,1103.948558807373,13.740090981199828,ok,24
light_V_8s_2026_05_20-0055_flat_0p3_late_bias_cal.fits,2461181.682530903,14.898999854922295,gaia_774288805679445888_src7,comparison,1882.6647850969962,1341.4293015918965,1882.3945582357194,1340.8824489294852,0.6099757297973817,7163.309024810791,97.67060497507514,895.4136281013489,12.208825621884392,ok,24
light_V_8s_2026_05_20-0055_flat_0p3_late_bias_cal.fits,2461181.682530903,14.898999854922295,gaia_774289041901756032_src4,comparison,1979.2959679033472,1432.274519088809,1979.0556500155956,1431.6576226850184,0.6620527623862225,9139.120567321777,110.59390583321326,1142.3900709152222,13.824238229151657,ok,24
light_V_8s_2026_05_20-0055_flat_0p3_late_bias_cal.fits,2461181.682530903,14.898999854922295,gaia_774271076054448768_src2,comparison,1445.462423915175,310.50816832752014,1445.9971466062973,310.5846915141974,0.5401704865136763,14831.106307983398,142.37341116157586,1853.8882884979248,17.796676395196982,ok,24
light_V_8s_2026_05_20-0055_flat_0p3_late_bias_cal.fits,2461181.682530903,14.898999854922295,gaia_774272862760870784_src1,comparison,538.5879758392884,246.07524681153478,539.8800944521424,245.95647925639042,1.297565505798713,22288.23829650879,180.48398985674214,2786.0297870635986,22.560498732092768,ok,24
light_V_8s_2026_05_20-0055_flat_0p3_late_bias_cal.fits,2461181.682530903,14.898999854922295,gaia_774384016513181696_src3,comparison,328.34523622639824,1242.7336151895606,328.9693964388857,1241.9647917838752,0.9902855143756251,10043.210266113281,122.43111529990878,1255.4012832641602,15.303889412488598,ok,24
light_V_8s_2026_05_20-0055_flat_0p3_late_bias_cal.fits,2461181.682530903,14.898999854922295,gaia_774289488578357504_src6,comparison,878.4248899674807,1088.9464893764487,879.0104788030891,1088.4615516184615,0.760315009394669,7843.522529602051,103.17869795566561,980.4403162002563,12.897337244458202,ok,24
light_V_8s_2026_05_20-0055_flat_0p3_late_bias_cal.fits,2461181.682530903,14.898999854922295,gaia_774290626745586944_src8,comparison,1007.9005766282703,1422.0644333977605,1008.0804898027652,1421.3726615976584,0.7147845645880178,2452.4719619750977,66.35591221231132,306.5589952468872,8.294489026538916,ok,24
light_V_8s_2026_05_20-0056_flat_0p3_late_bias_cal.fits,2461181.6827226854,15.175166800618172,target_V0399_direct,target,1868.8053440339786,623.3806248545446,1868.8053440339786,623.3806248545446,0.0,1966826.5634765625,3921.604802625259,245853.3204345703,490.20060032815735,ok,28
light_V_8s_2026_05_20-0056_flat_0p3_late_bias_cal.fits,2461181.6827226854,15.175166800618172,DN_UMa_direct,check,1793.9616926239453,677.8360380907939,1793.9616926239453,677.8360380907939,0.0,2801414.022644043,7256.712386962648,350176.7528305054,907.089048370331,saturated,28
light_V_8s_2026_05_20-0056_flat_0p3_late_bias_cal.fits,2461181.6827226854,15.175166800618172,gaia_774287774887292672_src5,comparison,1973.354563608694,1071.8474883892748,1973.3636647875437,1071.9941929086672,0.14698655539407096,12299.284782409668,121.92000139528119,1537.4105978012085,15.240000174410149,ok,28
light_V_8s_2026_05_20-0056_flat_0p3_late_bias_cal.fits,2461181.6827226854,15.175166800618172,gaia_774288805679445888_src7,comparison,1884.0758711939675,1342.7129397094548,1884.0603819126302,1342.7399392395655,0.031127037484264306,9687.017929077148,108.70760365627618,1210.8772411346436,13.588450457034522,ok,28
light_V_8s_2026_05_20-0056_flat_0p3_late_bias_cal.fits,2461181.6827226854,15.175166800618172,gaia_774289041901756032_src4,comparison,1980.8309789019145,1433.515845867276,1980.831476095428,1433.5782767811397,0.0624328936317912,12549.426288604736,122.20179423866925,1568.678286075592,15.275224279833656,ok,28
light_V_8s_2026_05_20-0056_flat_0p3_late_bias_cal.fits,2461181.6827226854,15.175166800618172,gaia_774271076054448768_src2,comparison,1446.9474159846473,311.6097375655103,1447.0294258078197,311.57948070631534,0.08741332063892929,20159.304733276367,168.21533195217137,2519.913091659546,21.02691649402142,ok,28
light_V_8s_2026_05_20-0056_flat_0p3_late_bias_cal.fits,2461181.6827226854,15.175166800618172,gaia_774272862760870784_src1,comparison,540.1577988883495,247.34764169704908,540.0547022570781,247.09105817720115,0.27652127953749833,30156.557876586914,186.11419542172337,3769.5697345733643,23.26427442771542,ok,28
light_V_8s_2026_05_20-0056_flat_0p3_late_bias_cal.fits,2461181.6827226854,15.175166800618172,gaia_774384016513181696_src3,comparison,329.73956378369263,1244.1921409759377,329.1674703414326,1244.0729915140905,0.5843693189545633,13468.981979370117,134.9704447801946,1683.6227474212646,16.871305597524326,ok,28
light_V_8s_2026_05_20-0056_flat_0p3_late_bias_cal.fits,2461181.6827226854,15.175166800618172,gaia_774289488578357504_src6,comparison,879.9584655080779,1090.2930057397834,879.6866566180935,1090.3054980354727,0.2720958105633892,10467.231346130371,111.78232501456361,1308.4039182662964,13.972790626820451,ok,28
light_V_8s_2026_05_20-0056_flat_0p3_late_bias_cal.fits,2461181.6827226854,15.175166800618172,gaia_774290626745586944_src8,comparison,1009.3907213183389,1423.3510612168245,1008.9502662779597,1423.4979996283748,0.46431835994755616,3461.937545776367,73.3773971120668,432.7421932220459,9.17217463900835,ok,28
light_V_8s_2026_05_20-0057_flat_0p3_late_bias_cal.fits,2461181.682914352,15.451166778802872,target_V0399_direct,target,1869.5549333550384,621.9913931135951,1869.5549333550384,621.9913931135951,0.0,1577682.2657470703,5230.431630465247,197210.2832183838,653.8039538081558,ok,25
light_V_8s_2026_05_20-0057_flat_0p3_late_bias_cal.fits,2461181.682914352,15.451166778802872,DN_UMa_direct,check,1794.7790141808116,676.4210827087501,1794.7790141808116,676.4210827087501,0.0,2356663.9638671875,8774.259343859874,294582.99548339844,1096.7824179824843,ok,25
light_V_8s_2026_05_20-0057_flat_0p3_late_bias_cal.fits,2461181.682914352,15.451166778802872,gaia_774287774887292672_src5,comparison,1974.1669680452671,1070.3810839797495,1974.1266149402643,1070.2446312112872,0.14229452239770474,10107.575756072998,113.94156432774062,1263.4469695091248,14.242695540967578,ok,25
light_V_8s_2026_05_20-0057_flat_0p3_late_bias_cal.fits,2461181.682914352,15.451166778802872,gaia_774288805679445888_src7,comparison,1884.9608753228283,1341.1731778682847,1884.9464987270367,1340.804278539667,0.3691793617758166,7897.881378173828,100.8474057155529,987.2351722717285,12.605925714444112,ok,25
light_V_8s_2026_05_20-0057_flat_0p3_late_bias_cal.fits,2461181.682914352,15.451166778802872,gaia_774289041901756032_src4,comparison,1981.6737819071398,1432.0328036407882,1981.6632025556237,1431.5540951727423,0.4788253544428355,10093.466911315918,113.3080564064207,1261.6833639144897,14.163507050802588,ok,25
light_V_8s_2026_05_20-0057_flat_0p3_late_bias_cal.fits,2461181.682914352,15.451166778802872,gaia_774271076054448768_src2,comparison,1447.7041182152227,310.34492891769224,1448.0333867786146,310.5125380189464,0.36947340589193534,16881.99248123169,166.26156217486485,2110.249060153961,20.782695271858106,ok,25
light_V_8s_2026_05_20-0057_flat_0p3_late_bias_cal.fits,2461181.682914352,15.451166778802872,gaia_774272862760870784_src1,comparison,541.003292004213,246.15955476196817,541.7303752540927,246.2594809270205,0.733917768362142,24285.81039428711,178.91195432862455,3035.7262992858887,22.36399429107807,ok,25
light_V_8s_2026_05_20-0057_flat_0p3_late_bias_cal.fits,2461181.682914352,15.451166778802872,gaia_774384016513181696_src3,comparison,330.57602755746115,1242.861268272982,331.20759915900044,1242.5318549418614,0.7123172260944286,11113.719799041748,125.5765494026755,1389.2149748802185,15.697068675334437,ok,25
light_V_8s_2026_05_20-0057_flat_0p3_late_bias_cal.fits,2461181.682914352,15.451166778802872,gaia_774289488578357504_src6,comparison,880.8590891553773,1088.9182745167031,881.2793646564382,1088.7671925740176,0.44660637052963553,8616.635528564453,105.47258164675847,1077.0794410705566,13.184072705844809,ok,25
light_V_8s_2026_05_20-0057_flat_0p3_late_bias_cal.fits,2461181.682914352,15.451166778802872,gaia_774290626745586944_src8,comparison,1010.3570593883054,1422.1949881531068,1010.5139223213833,1421.6814503829532,0.5369609121231345,2693.6369018554688,68.14116418222638,336.7046127319336,8.517645522778297,ok,25
light_V_8s_2026_05_20-0058_flat_0p3_late_bias_cal.fits,2461181.68310625,15.727500021457672,target_V0399_direct,target,1870.9673536289724,622.7667043623134,1870.9673536289724,622.7667043623134,0.0,1550877.4750671387,5477.21522691741,193859.68438339233,684.6519033646763,ok,24
light_V_8s_2026_05_20-0058_flat_0p3_late_bias_cal.fits,2461181.68310625,15.727500021457672,DN_UMa_direct,check,1796.1657757392,677.1418077978524,1796.1657757392,677.1418077978524,0.0,2284232.734741211,9121.978615152511,285529.09184265137,1140.247326894064,ok,24
light_V_8s_2026_05_20-0058_flat_0p3_late_bias_cal.fits,2461181.68310625,15.727500021457672,gaia_774287774887292672_src5,comparison,1975.5624660753554,1071.2287887081625,1975.239090680144,1071.0317628556156,0.37866982029188734,10036.358993530273,115.11373773102346,1254.5448741912842,14.389217216377933,ok,24
light_V_8s_2026_05_20-0058_flat_0p3_late_bias_cal.fits,2461181.68310625,15.727500021457672,gaia_774288805679445888_src7,comparison,1886.4883120061204,1341.8912666048263,1885.896670127548,1341.5010072586192,0.7087612219800112,8032.917175292969,102.77092164022963,1004.1146469116211,12.846365205028704,ok,24
light_V_8s_2026_05_20-0058_flat_0p3_late_bias_cal.fits,2461181.68310625,15.727500021457672,gaia_774289041901756032_src4,comparison,1983.1437798564775,1432.667957235079,1982.5433546782126,1432.3015994574444,0.7033693310970216,10140.259941101074,114.56630832169898,1267.5324926376343,14.320788540212373,ok,24
light_V_8s_2026_05_20-0058_flat_0p3_late_bias_cal.fits,2461181.68310625,15.727500021457672,gaia_774271076054448768_src2,comparison,1448.9222571308521,311.24719773919077,1449.6971523100906,311.05621392828783,0.7980835512864596,16003.632202148438,167.9486806496337,2000.4540252685547,20.993585081204213,ok,24
light_V_8s_2026_05_20-0058_flat_0p3_late_bias_cal.fits,2461181.68310625,15.727500021457672,gaia_774272862760870784_src1,comparison,542.0931738302895,247.0124546023766,543.5467988041878,246.2306313005011,1.6505372580151925,22936.495223999023,178.03128681232323,2867.061902999878,22.253910851540404,ok,24
light_V_8s_2026_05_20-0058_flat_0p3_late_bias_cal.fits,2461181.68310625,15.727500021457672,gaia_774384016513181696_src3,comparison,332.14800660600383,1243.7137054410482,332.4118738096006,1242.2456011241804,1.4916287025730446,10752.320251464844,124.73001440952329,1344.0400314331055,15.591251801190412,ok,24
light_V_8s_2026_05_20-0058_flat_0p3_late_bias_cal.fits,2461181.68310625,15.727500021457672,gaia_774289488578357504_src6,comparison,882.0953744222229,1089.7801826349973,882.5144374155537,1088.8521442627637,1.018267652789557,8542.427742004395,105.0397276839943,1067.8034677505493,13.129965960499288,ok,24
light_V_8s_2026_05_20-0058_flat_0p3_late_bias_cal.fits,2461181.68310625,15.727500021457672,gaia_774290626745586944_src8,comparison,1012.0716167495443,1422.6584288885988,1011.5198836014551,1421.808208361509,1.0135503990355526,2663.9131240844727,67.27205236802375,332.9891405105591,8.409006546002969,ok,24
light_V_8s_2026_05_20-0059_flat_0p3_late_bias_cal.fits,2461181.683298148,16.003833264112473,target_V0399_direct,target,1871.655361654679,622.4731518883931,1871.655361654679,622.4731518883931,0.0,1859687.2763061523,4238.443583251666,232460.90953826904,529.8054479064582,ok,29
light_V_8s_2026_05_20-0059_flat_0p3_late_bias_cal.fits,2461181.683298148,16.003833264112473,DN_UMa_direct,check,1796.8484158199353,676.9604800265274,1796.8484158199353,676.9604800265274,0.0,2682193.6141052246,8055.038875082999,335274.2017631531,1006.8798593853749,ok,29
light_V_8s_2026_05_20-0059_flat_0p3_late_bias_cal.fits,2461181.683298148,16.003833264112473,gaia_774287774887292672_src5,comparison,1976.2694616679237,1070.7496930784682,1976.4311156660385,1070.9803225448504,0.28164155565230586,11683.169441223145,119.85684634700083,1460.396180152893,14.982105793375103,ok,29
light_V_8s_2026_05_20-0059_flat_0p3_late_bias_cal.fits,2461181.683298148,16.003833264112473,gaia_774288805679445888_src7,comparison,1887.187268406437,1341.5184707507965,1887.277011720208,1341.7399087585509,0.23893232021820324,9307.593311309814,107.68106320242777,1163.4491639137268,13.46013290030347,ok,29
light_V_8s_2026_05_20-0059_flat_0p3_late_bias_cal.fits,2461181.683298148,16.003833264112473,gaia_774289041901756032_src4,comparison,1983.8378368920917,1432.3376405951724,1984.083227206078,1432.5179850988497,0.30453332527805643,11850.601806640625,120.38711126461679,1481.3252258300781,15.048388908077099,ok,29
light_V_8s_2026_05_20-0059_flat_0p3_late_bias_cal.fits,2461181.683298148,16.003833264112473,gaia_774271076054448768_src2,comparison,1449.707127539721,310.79635555839445,1449.7694467955246,310.9247461482841,0.1427159178793207,19374.924869537354,176.20908500476688,2421.865608692169,22.02613562559586,ok,29
light_V_8s_2026_05_20-0059_flat_0p3_late_bias_cal.fits,2461181.683298148,16.003833264112473,gaia_774272862760870784_src1,comparison,543.072312326041,246.62983934610978,542.8685435440275,246.90841454736187,0.3451461419108167,29078.18034362793,185.9985999273234,3634.772542953491,23.249824990915425,ok,29
light_V_8s_2026_05_20-0059_flat_0p3_late_bias_cal.fits,2461181.683298148,16.003833264112473,gaia_774384016513181696_src3,comparison,332.9589214258253,1243.280895991139,332.51674509273175,1243.8809001952868,0.7453354644340247,12801.471458435059,132.92261273654563,1600.1839323043823,16.615326592068204,ok,29
light_V_8s_2026_05_20-0059_flat_0p3_late_bias_cal.fits,2461181.683298148,16.003833264112473,gaia_774289488578357504_src6,comparison,882.9945148207211,1089.4387386175592,882.8923271184728,1089.8495811287773,0.42336024319103244,10099.012985229492,111.11740679124395,1262.3766231536865,13.889675848905494,ok,29
light_V_8s_2026_05_20-0059_flat_0p3_late_bias_cal.fits,2461181.683298148,16.003833264112473,gaia_774290626745586944_src8,comparison,1012.5764780018053,1422.3283992351855,1012.3113483975452,1422.9366301712157,0.6635047690855351,3203.6444244384766,70.56104494296643,400.45555305480957,8.820130617870804,ok,29
light_V_8s_2026_05_20-0060_flat_0p3_late_bias_cal.fits,2461181.683489236,16.278999745845795,target_V0399_direct,target,1871.6968439986038,622.5420705749257,1871.6968439986038,622.5420705749257,0.0,1613334.6723632812,5312.983406403294,201666.83404541016,664.1229258004117,ok,26
light_V_8s_2026_05_20-0060_flat_0p3_late_bias_cal.fits,2461181.683489236,16.278999745845795,DN_UMa_direct,check,1796.9238437090348,676.9691033340586,1796.9238437090348,676.9691033340586,0.0,2248786.54296875,8804.600935141803,281098.31787109375,1100.5751168927254,ok,26
light_V_8s_2026_05_20-0060_flat_0p3_late_bias_cal.fits,2461181.683489236,16.278999745845795,gaia_774287774887292672_src5,comparison,1976.2985576010828,1070.9743833024183,1976.262004241677,1070.7767796550756,0.20095608855417166,9755.645599365234,112.44471599859195,1219.4556999206543,14.055589499823993,ok,26
light_V_8s_2026_05_20-0060_flat_0p3_late_bias_cal.fits,2461181.683489236,16.278999745845795,gaia_774288805679445888_src7,comparison,1887.2452123324608,1341.7778067041288,1887.0844125206604,1341.324534625177,0.4809492250044416,8040.374004364014,102.44999657356688,1005.0467505455017,12.80624957169586,ok,26
light_V_8s_2026_05_20-0060_flat_0p3_late_bias_cal.fits,2461181.683489236,16.278999745845795,gaia_774289041901756032_src4,comparison,1983.8182205493717,1432.568246132784,1983.7965913324672,1432.0709514594082,0.4977648191584444,10268.703895568848,114.6317132103222,1283.587986946106,14.328964151290275,ok,26
light_V_8s_2026_05_20-0060_flat_0p3_late_bias_cal.fits,2461181.683489236,16.278999745845795,gaia_774271076054448768_src2,comparison,1449.7501253625865,310.81425879398245,1450.1946279149604,311.074467898882,0.5150643623272444,16522.972145080566,165.8822434945063,2065.371518135071,20.735280436813287,ok,26
light_V_8s_2026_05_20-0060_flat_0p3_late_bias_cal.fits,2461181.683489236,16.278999745845795,gaia_774272862760870784_src1,comparison,543.1235537109535,246.5778999219973,543.9303618482679,246.81992038084394,0.8423261084266004,25008.235500335693,181.9666791454114,3126.0294375419617,22.745834893176426,ok,26
light_V_8s_2026_05_20-0060_flat_0p3_late_bias_cal.fits,2461181.683489236,16.278999745845795,gaia_774384016513181696_src3,comparison,332.83791653158556,1243.3832629884848,333.4118817410231,1243.0490518733159,0.6641785386077524,11082.540203094482,126.08132622511147,1385.3175253868103,15.760165778138933,ok,26
light_V_8s_2026_05_20-0060_flat_0p3_late_bias_cal.fits,2461181.683489236,16.278999745845795,gaia_774289488578357504_src6,comparison,883.1719274022528,1089.5558737413785,883.4610277924651,1089.2934713379436,0.3904280432413825,8805.063636779785,106.65942859518668,1100.6329545974731,13.332428574398335,ok,26
light_V_8s_2026_05_20-0060_flat_0p3_late_bias_cal.fits,2461181.683489236,16.278999745845795,gaia_774290626745586944_src8,comparison,1012.5886044847686,1422.7770855793387,1012.6885544412658,1422.1942076906557,0.5913853455399121,2622.1354064941406,67.69784431407918,327.7669258117676,8.462230539259897,ok,26
light_V_8s_2026_05_20-0061_flat_0p3_late_bias_cal.fits,2461181.683680787,16.55483342707157,target_V0399_direct,target,1872.3136162139115,621.087904393853,1872.3136162139115,621.087904393853,0.0,1681687.3066711426,4760.357329886422,210210.91333389282,595.0446662358028,ok,27
light_V_8s_2026_05_20-0061_flat_0p3_late_bias_cal.fits,2461181.683680787,16.55483342707157,DN_UMa_direct,check,1797.539683334323,675.5134953076032,1797.539683334323,675.5134953076032,0.0,2503970.4116210938,8387.854865952952,312996.3014526367,1048.481858244119,ok,27
light_V_8s_2026_05_20-0061_flat_0p3_late_bias_cal.fits,2461181.683680787,16.55483342707157,gaia_774287774887292672_src5,comparison,1976.7962225851,1069.5553794646764,1976.8703597769531,1069.3240938357562,0.24287726398510887,10383.13525390625,113.43211798999943,1297.8919067382812,14.179014748749928,ok,27
light_V_8s_2026_05_20-0061_flat_0p3_late_bias_cal.fits,2461181.683680787,16.55483342707157,gaia_774288805679445888_src7,comparison,1887.5468055855874,1340.2987884543672,1887.687843539724,1339.869919005429,0.4514650692353292,8540.049591064453,105.47782793674808,1067.5061988830566,13.18472849209351,ok,27
light_V_8s_2026_05_20-0061_flat_0p3_late_bias_cal.fits,2461181.683680787,16.55483342707157,gaia_774289041901756032_src4,comparison,1984.2272255893922,1431.1094573680512,1984.3982411538518,1430.618036024302,0.5203280315144058,10805.768615722656,115.86812978724363,1350.721076965332,14.483516223405454,ok,27
light_V_8s_2026_05_20-0061_flat_0p3_late_bias_cal.fits,2461181.683680787,16.55483342707157,gaia_774271076054448768_src2,comparison,1450.4792655850542,309.4807910061879,1450.817605251766,309.61280588042763,0.3631826773005397,17853.433654785156,172.85776500740437,2231.6792068481445,21.607220625925546,ok,27
light_V_8s_2026_05_20-0061_flat_0p3_late_bias_cal.fits,2461181.683680787,16.55483342707157,gaia_774272862760870784_src1,comparison,543.7003401583263,245.25283057606003,544.5554567401507,245.3415228582253,0.8597038382063527,26279.644298553467,180.14151851372307,3284.9555373191833,22.517689814215384,ok,27
light_V_8s_2026_05_20-0061_flat_0p3_late_bias_cal.fits,2461181.683680787,16.55483342707157,gaia_774384016513181696_src3,comparison,333.4083612358042,1241.87314218398,334.01872277973644,1241.5657332586416,0.6834043178741933,11753.00138092041,128.11179268649295,1469.1251726150513,16.01397408581162,ok,27
light_V_8s_2026_05_20-0061_flat_0p3_late_bias_cal.fits,2461181.683680787,16.55483342707157,gaia_774289488578357504_src6,comparison,883.3689660034297,1087.9913161968457,884.0701570611147,1087.8205072157245,0.7216956473535767,9053.63786315918,106.96634757115577,1131.7047328948975,13.37079344639447,ok,27
light_V_8s_2026_05_20-0061_flat_0p3_late_bias_cal.fits,2461181.683680787,16.55483342707157,gaia_774290626745586944_src8,comparison,1012.682154374653,1421.1456997114797,1013.2913799911382,1420.72329903375,0.7413354060938212,2865.99649810791,69.16487131309202,358.24956226348877,8.645608914136503,ok,27
light_V_8s_2026_05_20-0062_flat_0p3_late_bias_cal.fits,2461181.683872454,16.83083340525627,target_V0399_direct,target,1872.95618806119,620.7696485594145,1872.95618806119,620.7696485594145,0.0,1750893.0454406738,4599.237726241668,218861.63068008423,574.9047157802084,ok,27
light_V_8s_2026_05_20-0062_flat_0p3_late_bias_cal.fits,2461181.683872454,16.83083340525627,DN_UMa_direct,check,1798.1643353996592,675.1953587468726,1798.1643353996592,675.1953587468726,0.0,2591132.226928711,8015.042211428344,323891.52836608887,1001.880276428543,ok,27
light_V_8s_2026_05_20-0062_flat_0p3_late_bias_cal.fits,2461181.683872454,16.83083340525627,gaia_774287774887292672_src5,comparison,1977.5780266147228,1069.2002957088614,1977.4787474468426,1069.088210689385,0.1497311082107105,11164.244003295898,117.30270717675347,1395.5305004119873,14.662838397094184,ok,27
light_V_8s_2026_05_20-0062_flat_0p3_late_bias_cal.fits,2461181.683872454,16.83083340525627,gaia_774288805679445888_src7,comparison,1888.4121476448972,1340.1033974630907,1888.2516253673743,1339.6665479913765,0.4654082750854975,8846.6318359375,105.03621355553223,1105.8289794921875,13.129526694441529,ok,27
light_V_8s_2026_05_20-0062_flat_0p3_late_bias_cal.fits,2461181.683872454,16.83083340525627,gaia_774289041901756032_src4,comparison,1985.0288674957312,1430.8373065394082,1984.96699374887,1430.439876849986,0.40221725296781313,11136.553981781006,117.0865361738359,1392.0692477226257,14.635817021729487,ok,27
light_V_8s_2026_05_20-0062_flat_0p3_late_bias_cal.fits,2461181.683872454,16.83083340525627,gaia_774271076054448768_src2,comparison,1451.092999579094,309.1005388147261,1451.4290182806712,309.1978969841862,0.3498387928320607,18294.77947998047,169.72075506874265,2286.8474349975586,21.21509438359283,ok,27
light_V_8s_2026_05_20-0062_flat_0p3_late_bias_cal.fits,2461181.683872454,16.83083340525627,gaia_774272862760870784_src1,comparison,544.3180454837321,244.84239999278202,545.0314711658593,244.8141043908809,0.7139865860123696,27295.960540771484,183.9707595338194,3411.9950675964355,22.996344941727425,ok,27
light_V_8s_2026_05_20-0062_flat_0p3_late_bias_cal.fits,2461181.683872454,16.83083340525627,gaia_774384016513181696_src3,comparison,334.10059740647154,1241.6018545235768,334.3490389250701,1241.171349349268,0.49704918596673975,11997.007690429688,128.5929047067275,1499.625961303711,16.074113088340937,ok,27
light_V_8s_2026_05_20-0062_flat_0p3_late_bias_cal.fits,2461181.683872454,16.83083340525627,gaia_774289488578357504_src6,comparison,884.0722222150312,1087.6511085555728,884.504430707399,1087.4640678240514,0.4709441751661855,9580.64682006836,108.89192978171013,1197.580852508545,13.611491222713767,ok,27
light_V_8s_2026_05_20-0062_flat_0p3_late_bias_cal.fits,2461181.683872454,16.83083340525627,gaia_774290626745586944_src8,comparison,1013.4378694450196,1420.8300231737537,1013.7083827604441,1420.4338636749649,0.4797080386053567,3112.8042907714844,70.28991223856407,389.10053634643555,8.786239029820509,ok,27
light_V_8s_2026_05_20-0063_flat_0p3_late_bias_cal.fits,2461181.6840641205,17.10683338344097,target_V0399_direct,target,1873.8607022340063,618.8600585746583,1873.8607022340063,618.8600585746583,0.0,1539918.9369506836,5866.316412572697,192489.86711883545,733.2895515715871,ok,22
light_V_8s_2026_05_20-0063_flat_0p3_late_bias_cal.fits,2461181.6840641205,17.10683338344097,DN_UMa_direct,check,1799.0683029938375,673.3051480115561,1799.0683029938375,673.3051480115561,0.0,2224299.187927246,9431.767931716397,278037.39849090576,1178.9709914645496,ok,22
light_V_8s_2026_05_20-0063_flat_0p3_late_bias_cal.fits,2461181.6840641205,17.10683338344097,gaia_774287774887292672_src5,comparison,1978.4273958434428,1067.3450587867349,1978.4710337719048,1067.2186856878147,0.13369528387764842,9704.915260314941,111.34961374215726,1213.1144075393677,13.918701717769657,ok,22
light_V_8s_2026_05_20-0063_flat_0p3_late_bias_cal.fits,2461181.6840641205,17.10683338344097,gaia_774288805679445888_src7,comparison,1889.348138747984,1337.9404766489715,1889.2773820582343,1337.8464761761068,0.11765457085526478,7786.51594543457,103.40825626804825,973.3144931793213,12.926032033506031,ok,22
light_V_8s_2026_05_20-0063_flat_0p3_late_bias_cal.fits,2461181.6840641205,17.10683338344097,gaia_774289041901756032_src4,comparison,1985.9705269255862,1429.0235861478066,1986.020196705902,1428.6153811042227,0.4112158127843658,9663.645721435547,112.48456188886333,1207.9557151794434,14.060570236107916,ok,22
light_V_8s_2026_05_20-0063_flat_0p3_late_bias_cal.fits,2461181.6840641205,17.10683338344097,gaia_774271076054448768_src2,comparison,1451.8879385040452,307.3633412418573,1452.2278571648326,307.3183521044901,0.3428829515046212,15973.811340332031,166.27332968445964,1996.726417541504,20.784166210557455,ok,22
light_V_8s_2026_05_20-0063_flat_0p3_late_bias_cal.fits,2461181.6840641205,17.10683338344097,gaia_774272862760870784_src1,comparison,545.0283888991232,243.28422304895648,545.7035611933989,243.07671024600324,0.706342119901482,23491.848907470703,180.45788132582973,2936.481113433838,22.557235165728716,ok,22
light_V_8s_2026_05_20-0063_flat_0p3_late_bias_cal.fits,2461181.6840641205,17.10683338344097,gaia_774384016513181696_src3,comparison,334.9181951149435,1239.8861537531725,335.1594725551365,1239.596498360867,0.37698149747406956,10555.682319641113,124.62174664034305,1319.4602899551392,15.577718330042881,ok,22
light_V_8s_2026_05_20-0063_flat_0p3_late_bias_cal.fits,2461181.6840641205,17.10683338344097,gaia_774289488578357504_src6,comparison,884.9982920327117,1085.909219243266,885.3598086766905,1085.7782490790305,0.38450938583289557,8301.646156311035,104.48682524230558,1037.7057695388794,13.060853155288198,ok,22
light_V_8s_2026_05_20-0063_flat_0p3_late_bias_cal.fits,2461181.6840641205,17.10683338344097,gaia_774290626745586944_src8,comparison,1014.8275070773249,1418.5460200158864,1014.6355539852134,1418.7692439967095,0.2944060719239509,2632.3871459960938,65.3863184109344,329.0483932495117,8.1732898013668,ok,22
light_V_8s_2026_05_20-0064_flat_0p3_late_bias_cal.fits,2461181.684255671,17.382666394114494,target_V0399_direct,target,1875.3894938920955,619.2592507228435,1875.3894938920955,619.2592507228435,0.0,1738653.3676757812,4655.967351641657,217331.67095947266,581.9959189552071,ok,25
light_V_8s_2026_05_20-0064_flat_0p3_late_bias_cal.fits,2461181.684255671,17.382666394114494,DN_UMa_direct,check,1800.6793532314061,673.7089480543215,1800.6793532314061,673.7089480543215,0.0,2555131.297515869,8296.50190960071,319391.41218948364,1037.0627387000889,ok,25
light_V_8s_2026_05_20-0064_flat_0p3_late_bias_cal.fits,2461181.684255671,17.382666394114494,gaia_774287774887292672_src5,comparison,1980.0358082189723,1067.6581666032068,1980.1803753256193,1067.249747889535,0.4332499209482054,10718.543449401855,116.07361647419998,1339.817931175232,14.509202059274998,ok,25
light_V_8s_2026_05_20-0064_flat_0p3_late_bias_cal.fits,2461181.684255671,17.382666394114494,gaia_774288805679445888_src7,comparison,1890.9181861191687,1338.3547119099449,1891.2007490113435,1337.7411898883988,0.6754635881793621,8516.914367675781,104.17485283876958,1064.6142959594727,13.021856604846198,ok,25
light_V_8s_2026_05_20-0064_flat_0p3_late_bias_cal.fits,2461181.684255671,17.382666394114494,gaia_774289041901756032_src4,comparison,1987.5218674530379,1429.2252681425784,1987.9280084368456,1428.3929812137612,0.9260950440469429,11163.032878875732,117.46869864509726,1395.3791098594666,14.683587330637158,ok,25
light_V_8s_2026_05_20-0064_flat_0p3_late_bias_cal.fits,2461181.684255671,17.382666394114494,gaia_774271076054448768_src2,comparison,1453.4762807019276,307.639449169439,1453.8718146935676,308.1699971007674,0.6617614721177408,17595.281280517578,170.79333639286216,2199.4101600646973,21.34916704910777,ok,25
light_V_8s_2026_05_20-0064_flat_0p3_late_bias_cal.fits,2461181.684255671,17.382666394114494,gaia_774272862760870784_src1,comparison,546.5593739362471,243.50435673034696,547.9364234348743,244.4835528929745,1.6897012891555756,26097.239196777344,182.9020660223726,3262.154899597168,22.862758252796574,ok,25
light_V_8s_2026_05_20-0064_flat_0p3_late_bias_cal.fits,2461181.684255671,17.382666394114494,gaia_774384016513181696_src3,comparison,336.59373562305717,1240.2279324456172,338.09913754043487,1240.4348313857527,1.5195532581234634,11988.422866821289,129.51205644494348,1498.5528583526611,16.189007055617935,ok,25
light_V_8s_2026_05_20-0064_flat_0p3_late_bias_cal.fits,2461181.684255671,17.382666394114494,gaia_774289488578357504_src6,comparison,886.6482850903551,1086.3813152962882,887.8333843656293,1086.4125684869741,1.1855113049580943,9381.3431930542,108.06250803490994,1172.667899131775,13.507813504363742,ok,25
light_V_8s_2026_05_20-0064_flat_0p3_late_bias_cal.fits,2461181.684255671,17.382666394114494,gaia_774290626745586944_src8,comparison,1016.539969844669,1419.3136101005205,1017.2076522395093,1419.1010863404738,0.7006897522898943,2953.955291748047,68.33622899949165,369.24441146850586,8.542028624936457,ok,25
light_V_8s_2026_05_20-0065_flat_0p3_late_bias_cal.fits,2461181.684446991,17.65816681087017,target_V0399_direct,target,1875.6300889271956,619.0690397917135,1875.6300889271956,619.0690397917135,0.0,1690369.702697754,4907.112989692108,211296.21283721924,613.3891237115135,ok,27
light_V_8s_2026_05_20-0065_flat_0p3_late_bias_cal.fits,2461181.684446991,17.65816681087017,DN_UMa_direct,check,1800.91829354639,673.5245441048202,1800.91829354639,673.5245441048202,0.0,2505260.162109375,8922.439818375236,313157.5202636719,1115.3049772969046,ok,27
light_V_8s_2026_05_20-0065_flat_0p3_late_bias_cal.fits,2461181.684446991,17.65816681087017,gaia_774287774887292672_src5,comparison,1980.3126909979644,1067.5018499883524,1980.4443816032801,1067.0783766396498,0.4434772740398503,10712.005111694336,115.16977980664001,1339.000638961792,14.396222475830001,ok,27
light_V_8s_2026_05_20-0065_flat_0p3_late_bias_cal.fits,2461181.684446991,17.65816681087017,gaia_774288805679445888_src7,comparison,1891.112756483915,1338.2718380844615,1891.4710555900053,1337.5873174700873,0.7726232723185681,8411.178024291992,104.00684353158006,1051.397253036499,13.000855441447507,ok,27
light_V_8s_2026_05_20-0065_flat_0p3_late_bias_cal.fits,2461181.684446991,17.65816681087017,gaia_774289041901756032_src4,comparison,1987.7779995554013,1429.11192739245,1988.2069388660225,1428.2398834690625,0.9718279356518484,10733.815856933594,116.02339511039564,1341.7269821166992,14.502924388799455,ok,27
light_V_8s_2026_05_20-0065_flat_0p3_late_bias_cal.fits,2461181.684446991,17.65816681087017,gaia_774271076054448768_src2,comparison,1453.6618758692794,307.4378740736616,1454.078205387686,307.98073067006067,0.6841224686784577,17463.53374862671,167.00857634945112,2182.9417185783386,20.87607204368139,ok,27
light_V_8s_2026_05_20-0065_flat_0p3_late_bias_cal.fits,2461181.684446991,17.65816681087017,gaia_774272862760870784_src1,comparison,546.8800858226525,243.2117353070801,548.0936314481764,244.32744641655427,1.6484854458054343,25832.5252532959,181.6267129669239,3229.0656566619873,22.703339120865486,ok,27
light_V_8s_2026_05_20-0065_flat_0p3_late_bias_cal.fits,2461181.684446991,17.65816681087017,gaia_774384016513181696_src3,comparison,336.7716157138153,1240.1329413143421,338.28560481099635,1240.3384182728032,1.5278690280391931,11454.348648071289,127.4658794400205,1431.7935810089111,15.933234930002563,ok,27
light_V_8s_2026_05_20-0065_flat_0p3_late_bias_cal.fits,2461181.684446991,17.65816681087017,gaia_774289488578357504_src6,comparison,886.9386981325804,1086.1367007242707,888.0419471231687,1086.2861183829207,1.113321145020884,9180.056968688965,107.66516977272228,1147.5071210861206,13.458146221590285,ok,27
light_V_8s_2026_05_20-0065_flat_0p3_late_bias_cal.fits,2461181.684446991,17.65816681087017,gaia_774290626745586944_src8,comparison,1016.8166124534079,1419.1634780504799,1017.4362538181626,1418.9865534958824,0.6444049339776056,2886.5950202941895,68.42516363790344,360.8243775367737,8.55314545473793,ok,27
light_V_8s_2026_05_20-0066_flat_0p3_late_bias_cal.fits,2461181.684639352,17.935166582465172,target_V0399_direct,target,1875.8593721661434,620.4191557793923,1875.8593721661434,620.4191557793923,0.0,1474280.1958007812,5762.759185039799,184285.02447509766,720.3448981299749,ok,23
light_V_8s_2026_05_20-0066_flat_0p3_late_bias_cal.fits,2461181.684639352,17.935166582465172,DN_UMa_direct,check,1801.0788362880623,674.8650061893453,1801.0788362880623,674.8650061893453,0.0,2136677.843017578,9638.796329324834,267084.73037719727,1204.8495411656043,ok,23
light_V_8s_2026_05_20-0066_flat_0p3_late_bias_cal.fits,2461181.684639352,17.935166582465172,gaia_774287774887292672_src5,comparison,1980.4955840530897,1068.9436713420155,1980.496184653539,1068.7248779348438,0.21879423151147273,9321.47866821289,113.09825419481228,1165.1848335266113,14.137281774351536,ok,23
light_V_8s_2026_05_20-0066_flat_0p3_late_bias_cal.fits,2461181.684639352,17.935166582465172,gaia_774288805679445888_src7,comparison,1891.43166811826,1339.8495966088146,1891.3335730929844,1339.3332453586777,0.5255865746970815,7259.403961181641,98.24806962479425,907.4254951477051,12.281008703099282,ok,23
light_V_8s_2026_05_20-0066_flat_0p3_late_bias_cal.fits,2461181.684639352,17.935166582465172,gaia_774289041901756032_src4,comparison,1987.9445965977084,1430.6294591892133,1988.07428019004,1430.0852342785481,0.559462766865334,9217.986190795898,111.76836702868339,1152.2482738494873,13.971045878585423,ok,23
light_V_8s_2026_05_20-0066_flat_0p3_late_bias_cal.fits,2461181.684639352,17.935166582465172,gaia_774271076054448768_src2,comparison,1453.9134698433036,308.7944661778352,1454.2426152072844,308.9428664098684,0.3610530424987157,15201.41975402832,164.85706139405968,1900.17746925354,20.60713267425746,ok,23
light_V_8s_2026_05_20-0066_flat_0p3_late_bias_cal.fits,2461181.684639352,17.935166582465172,gaia_774272862760870784_src1,comparison,546.8770093039237,244.69961969972135,547.8026410850637,244.782019834123,0.9292921910818513,22267.23455810547,178.31582104636144,2783.4043197631836,22.28947763079518,ok,23
light_V_8s_2026_05_20-0066_flat_0p3_late_bias_cal.fits,2461181.684639352,17.935166582465172,gaia_774384016513181696_src3,comparison,336.8650118909183,1241.65242442076,337.361198362717,1241.2206059727832,0.6577751795326315,9960.897285461426,122.71048467732744,1245.1121606826782,15.33881058466593,ok,23
light_V_8s_2026_05_20-0066_flat_0p3_late_bias_cal.fits,2461181.684639352,17.935166582465172,gaia_774289488578357504_src6,comparison,887.0152505074944,1087.7244194664197,887.4945227990269,1087.3723757936493,0.5946735885915891,7856.586109161377,102.84434168807182,982.0732636451721,12.855542711008978,ok,23
light_V_8s_2026_05_20-0066_flat_0p3_late_bias_cal.fits,2461181.684639352,17.935166582465172,gaia_774290626745586944_src8,comparison,1016.8240569072957,1420.9011299628307,1016.7848369611659,1420.319842684437,0.5826088775472791,2504.6997833251953,65.18513357615213,313.0874729156494,8.148141697019016,ok,23
light_V_8s_2026_05_20-0067_flat_0p3_late_bias_cal.fits,2461181.6848310186,18.211166560649872,target_V0399_direct,target,1877.2975541501999,621.2477774509027,1877.2975541501999,621.2477774509027,0.0,1818212.34324646,4543.619857287554,227276.5429058075,567.9524821609442,ok,28
light_V_8s_2026_05_20-0067_flat_0p3_late_bias_cal.fits,2461181.6848310186,18.211166560649872,DN_UMa_direct,check,1802.5260448584606,675.6724111478459,1802.5260448584606,675.6724111478459,0.0,2641315.155944824,7749.883079551368,330164.394493103,968.735384943921,ok,28
light_V_8s_2026_05_20-0067_flat_0p3_late_bias_cal.fits,2461181.6848310186,18.211166560649872,gaia_774287774887292672_src5,comparison,1981.9258434067303,1069.5776314293892,1981.8546072129554,1069.4710023265732,0.12823556788534324,11456.738250732422,118.1716128520822,1432.0922813415527,14.771451606510276,ok,28
light_V_8s_2026_05_20-0067_flat_0p3_late_bias_cal.fits,2461181.6848310186,18.211166560649872,gaia_774288805679445888_src7,comparison,1892.9161739617984,1340.3411490314438,1892.6764320011835,1340.0100765379525,0.4087605700481401,9085.525344848633,105.43484929372003,1135.690668106079,13.179356161715004,ok,28
light_V_8s_2026_05_20-0067_flat_0p3_late_bias_cal.fits,2461181.6848310186,18.211166560649872,gaia_774289041901756032_src4,comparison,1989.4393047889455,1431.2255416434257,1989.3848316183023,1430.7550359673487,0.4736485168778414,11862.960510253906,120.05696088943691,1482.8700637817383,15.007120111179614,ok,28
light_V_8s_2026_05_20-0067_flat_0p3_late_bias_cal.fits,2461181.6848310186,18.211166560649872,gaia_774271076054448768_src2,comparison,1455.3305612231504,309.642884267172,1455.8108438626218,309.78414842790716,0.5006265842779606,19307.301315307617,170.99417823230863,2413.412664413452,21.37427227903858,ok,28
light_V_8s_2026_05_20-0067_flat_0p3_late_bias_cal.fits,2461181.6848310186,18.211166560649872,gaia_774272862760870784_src1,comparison,548.5638902545843,245.44950221629492,549.5729632198738,245.5210109026758,1.0116035495717346,28262.53199005127,186.25343651426212,3532.8164987564087,23.281679564282765,ok,28
light_V_8s_2026_05_20-0067_flat_0p3_late_bias_cal.fits,2461181.6848310186,18.211166560649872,gaia_774384016513181696_src3,comparison,338.43770682485786,1242.2317906907238,339.04899915992814,1241.7195311094797,0.797551376083082,12519.552719116211,130.81548353575278,1564.9440898895264,16.351935441969097,ok,28
light_V_8s_2026_05_20-0067_flat_0p3_late_bias_cal.fits,2461181.6848310186,18.211166560649872,gaia_774289488578357504_src6,comparison,888.6006116863928,1088.2709478114555,889.0843445885636,1087.9746191896907,0.5672813876019726,9939.085723876953,109.90647669350084,1242.3857154846191,13.738309586687604,ok,28
light_V_8s_2026_05_20-0067_flat_0p3_late_bias_cal.fits,2461181.6848310186,18.211166560649872,gaia_774290626745586944_src8,comparison,1018.2402344663551,1421.304252078832,1018.3043907150675,1420.867418559372,0.4415195895683321,3202.006019592285,70.92035657218806,400.25075244903564,8.865044571523507,ok,28
light_V_8s_2026_05_20-0068_flat_0p3_late_bias_cal.fits,2461181.6850228007,18.487332835793495,target_V0399_direct,target,1878.9840481273407,620.6721690904582,1878.9840481273407,620.6721690904582,0.0,1810992.2539367676,4439.2801006138525,226374.03174209595,554.9100125767316,ok,27
light_V_8s_2026_05_20-0068_flat_0p3_late_bias_cal.fits,2461181.6850228007,18.487332835793495,DN_UMa_direct,check,1804.2232744904804,675.1291114053263,1804.2232744904804,675.1291114053263,0.0,2654103.596862793,7908.301866209069,331762.9496078491,988.5377332761336,ok,27
light_V_8s_2026_05_20-0068_flat_0p3_late_bias_cal.fits,2461181.6850228007,18.487332835793495,gaia_774287774887292672_src5,comparison,1983.5775097632536,1069.1555850157588,1983.7100060378136,1068.9088017566944,0.28010219514799584,11515.420356750488,118.93369329661851,1439.427544593811,14.866711662077314,ok,27
light_V_8s_2026_05_20-0068_flat_0p3_late_bias_cal.fits,2461181.6850228007,18.487332835793495,gaia_774288805679445888_src7,comparison,1894.450387752433,1339.9219263224895,1894.616762577919,1339.5093858798955,0.44482603265901827,9207.847858428955,106.4005593959678,1150.9809823036194,13.300069924495975,ok,27
light_V_8s_2026_05_20-0068_flat_0p3_late_bias_cal.fits,2461181.6850228007,18.487332835793495,gaia_774289041901756032_src4,comparison,1991.1205419777532,1430.7699609288097,1991.36779842212,1430.2305627178275,0.5933685021061247,11727.80990600586,118.93975085051686,1465.9762382507324,14.867468856314607,ok,27
light_V_8s_2026_05_20-0068_flat_0p3_late_bias_cal.fits,2461181.6850228007,18.487332835793495,gaia_774271076054448768_src2,comparison,1457.1844954132516,308.9997700334666,1457.340991102566,309.3215818569102,0.3578459870979399,18728.89390563965,173.2998526929571,2341.111738204956,21.662481586619638,ok,27
light_V_8s_2026_05_20-0068_flat_0p3_late_bias_cal.fits,2461181.6850228007,18.487332835793495,gaia_774272862760870784_src1,comparison,550.2734811052565,244.7868202382466,550.9793090556677,245.369142275973,0.9150366392683914,28211.28678894043,183.54476035936707,3526.4108486175537,22.943095044920884,ok,27
light_V_8s_2026_05_20-0068_flat_0p3_late_bias_cal.fits,2461181.6850228007,18.487332835793495,gaia_774384016513181696_src3,comparison,340.0961505258514,1241.6209752251366,340.78125548053276,1241.752819285146,0.6976758954476843,12538.6499710083,132.2047266027258,1567.3312463760376,16.525590825340725,ok,27
light_V_8s_2026_05_20-0068_flat_0p3_late_bias_cal.fits,2461181.6850228007,18.487332835793495,gaia_774289488578357504_src6,comparison,890.1356486961805,1087.7016658120428,890.8241313614578,1087.7977940809214,0.6951611499968614,9964.099517822266,109.62080531724243,1245.5124397277832,13.702600664655304,ok,27
light_V_8s_2026_05_20-0068_flat_0p3_late_bias_cal.fits,2461181.6850228007,18.487332835793495,gaia_774290626745586944_src8,comparison,1019.5357222899584,1420.6678526989135,1020.1753839699115,1420.6824636349652,0.6398285272264972,3299.8764877319336,72.36316228189433,412.4845609664917,9.045395285236792,ok,27
light_V_8s_2026_05_20-0069_flat_0p3_late_bias_cal.fits,2461181.685213773,18.762333020567894,target_V0399_direct,target,1879.8279548004898,620.526114159961,1879.8279548004898,620.526114159961,0.0,1797625.5372009277,4495.226493331678,224703.19215011597,561.9033116664598,ok,27
light_V_8s_2026_05_20-0069_flat_0p3_late_bias_cal.fits,2461181.685213773,18.762333020567894,DN_UMa_direct,check,1805.0723476813807,674.9595596229283,1805.0723476813807,674.9595596229283,0.0,2525700.623565674,7875.73751946232,315712.5779457092,984.46718993279,ok,27
light_V_8s_2026_05_20-0069_flat_0p3_late_bias_cal.fits,2461181.685213773,18.762333020567894,gaia_774287774887292672_src5,comparison,1984.499772031619,1068.910836422493,1984.456220156969,1068.6935242951577,0.22163331534891753,11384.071685791016,117.64875436476726,1423.008960723877,14.706094295595907,ok,27
light_V_8s_2026_05_20-0069_flat_0p3_late_bias_cal.fits,2461181.685213773,18.762333020567894,gaia_774288805679445888_src7,comparison,1895.441573472861,1339.7381643927354,1895.333659461912,1339.2260513316696,0.5233595523855534,9229.45133972168,107.25002702070884,1153.68141746521,13.406253377588605,ok,27
light_V_8s_2026_05_20-0069_flat_0p3_late_bias_cal.fits,2461181.685213773,18.762333020567894,gaia_774289041901756032_src4,comparison,1992.023633850505,1430.5696728018931,1992.050210318656,1429.9462475111739,0.6239915077689928,11633.384441375732,119.4814454718406,1454.1730551719666,14.935180683980075,ok,27
light_V_8s_2026_05_20-0069_flat_0p3_late_bias_cal.fits,2461181.685213773,18.762333020567894,gaia_774271076054448768_src2,comparison,1457.784726898384,308.96928527432823,1458.3206955666146,309.1634409939019,0.5700516264060022,18284.60276412964,168.27969140560222,2285.575345516205,21.034961425700278,ok,27
light_V_8s_2026_05_20-0069_flat_0p3_late_bias_cal.fits,2461181.685213773,18.762333020567894,gaia_774272862760870784_src1,comparison,551.0611804979102,244.718127309301,552.1465335330277,245.06714966121825,1.1400911423989506,27178.17742919922,183.70829545935433,3397.2721786499023,22.96353693241929,ok,27
light_V_8s_2026_05_20-0069_flat_0p3_late_bias_cal.fits,2461181.685213773,18.762333020567894,gaia_774384016513181696_src3,comparison,341.10095700568394,1241.6133889026378,341.81758130079356,1241.2205566200669,0.8172316578371376,12176.889923095703,130.92914762592903,1522.111240386963,16.36614345324113,ok,27
light_V_8s_2026_05_20-0069_flat_0p3_late_bias_cal.fits,2461181.685213773,18.762333020567894,gaia_774289488578357504_src6,comparison,891.1942474590388,1087.640403787559,891.7799001424355,1087.3903668993316,0.6367947165642972,9868.014556884766,110.03403125901073,1233.5018196105957,13.754253907376341,ok,27
light_V_8s_2026_05_20-0069_flat_0p3_late_bias_cal.fits,2461181.685213773,18.762333020567894,gaia_774290626745586944_src8,comparison,1020.7148060380407,1420.3314256810236,1021.0485578422569,1420.2325225339912,0.3480978300858035,3177.455146789551,70.87264208704325,397.18189334869385,8.859080260880406,ok,27
light_V_8s_2026_05_20-0070_flat_0p3_late_bias_cal.fits,2461181.685405671,19.038666263222694,target_V0399_direct,target,1879.793665837265,620.8442272874411,1879.793665837265,620.8442272874411,0.0,1642079.6026611328,5089.984433594098,205259.9503326416,636.2480541992622,ok,26
light_V_8s_2026_05_20-0070_flat_0p3_late_bias_cal.fits,2461181.685405671,19.038666263222694,DN_UMa_direct,check,1805.0217516286066,675.279807451863,1805.0217516286066,675.279807451863,0.0,2381806.910217285,8973.288181508346,297725.86377716064,1121.6610226885432,ok,26
light_V_8s_2026_05_20-0070_flat_0p3_late_bias_cal.fits,2461181.685405671,19.038666263222694,gaia_774287774887292672_src5,comparison,1984.3999752475136,1069.24717398918,1984.400111038016,1069.0905239429987,0.15665010503561025,10362.575012207031,114.51849897111249,1295.321876525879,14.314812371389062,ok,26
light_V_8s_2026_05_20-0070_flat_0p3_late_bias_cal.fits,2461181.685405671,19.038666263222694,gaia_774288805679445888_src7,comparison,1895.4044259182135,1340.0291112435164,1895.2406011727242,1339.6577049360676,0.405932497402427,8092.935440063477,102.53545713597232,1011.6169300079346,12.81693214199654,ok,26
light_V_8s_2026_05_20-0070_flat_0p3_late_bias_cal.fits,2461181.685405671,19.038666263222694,gaia_774289041901756032_src4,comparison,1992.0495374072782,1430.8739485237284,1991.9645297300303,1430.4003009746189,0.4812154465190337,10463.634284973145,114.65157323236541,1307.954285621643,14.331446654045676,ok,26
light_V_8s_2026_05_20-0070_flat_0p3_late_bias_cal.fits,2461181.685405671,19.038666263222694,gaia_774271076054448768_src2,comparison,1457.7712840755103,309.2382878697997,1458.2471005503644,309.39704954745906,0.5016040151711527,17046.27229309082,171.20325763304035,2130.7840366363525,21.400407204130044,ok,26
light_V_8s_2026_05_20-0070_flat_0p3_late_bias_cal.fits,2461181.685405671,19.038666263222694,gaia_774272862760870784_src1,comparison,550.9262784678203,245.22959009882146,551.9369025109856,245.21359791451147,1.0107505659571991,24558.7433013916,182.55715826066074,3069.84291267395,22.819644782582593,ok,26
light_V_8s_2026_05_20-0070_flat_0p3_late_bias_cal.fits,2461181.685405671,19.038666263222694,gaia_774384016513181696_src3,comparison,340.9934383195311,1242.0967939308753,341.490295826942,1241.5046402366852,0.7729898965791884,10855.727333068848,125.00680143922928,1356.965916633606,15.62585017990366,ok,26
light_V_8s_2026_05_20-0070_flat_0p3_late_bias_cal.fits,2461181.685405671,19.038666263222694,gaia_774289488578357504_src6,comparison,891.0949622043954,1088.0344129237271,891.5515848752297,1087.6972549766506,0.5676087955596382,8745.637680053711,104.45261581798606,1093.2047100067139,13.056576977248257,ok,26
light_V_8s_2026_05_20-0070_flat_0p3_late_bias_cal.fits,2461181.685405671,19.038666263222694,gaia_774290626745586944_src8,comparison,1020.7940633698014,1421.1247672877716,1020.8120887009158,1420.6023877385715,0.5226904494864831,2774.87654876709,67.13701932294094,346.85956859588623,8.392127415367618,ok,26
light_V_8s_2026_05_20-0071_flat_0p3_late_bias_cal.fits,2461181.6855980325,19.31566670536995,target_V0399_direct,target,1881.1954526343075,620.8515212792871,1881.1954526343075,620.8515212792871,0.0,1873113.6905517578,4205.193066614982,234139.21131896973,525.6491333268727,ok,28
light_V_8s_2026_05_20-0071_flat_0p3_late_bias_cal.fits,2461181.6855980325,19.31566670536995,DN_UMa_direct,check,1806.4483492054321,675.2867533586623,1806.4483492054321,675.2867533586623,0.0,2750836.0927734375,7487.352560191873,343854.5115966797,935.9190700239841,ok,28
light_V_8s_2026_05_20-0071_flat_0p3_late_bias_cal.fits,2461181.6855980325,19.31566670536995,gaia_774287774887292672_src5,comparison,1985.9047669464699,1069.2036390589087,1985.8483888425906,1068.983414507587,0.22732651319607272,11838.762817382812,119.84732663090955,1479.8453521728516,14.980915828863694,ok,28
light_V_8s_2026_05_20-0071_flat_0p3_late_bias_cal.fits,2461181.6855980325,19.31566670536995,gaia_774288805679445888_src7,comparison,1896.7115259709158,1339.9512819286626,1896.7503089867214,1339.5051233515223,0.4478410412979495,9327.391578674316,106.5533668570373,1165.9239473342896,13.319170857129663,ok,28
light_V_8s_2026_05_20-0071_flat_0p3_late_bias_cal.fits,2461181.6855980325,19.31566670536995,gaia_774289041901756032_src4,comparison,1993.535018764781,1430.7718204950368,1993.4670975663737,1430.212861445515,0.563070606793943,12337.237075805664,121.49964491244825,1542.154634475708,15.18745561405603,ok,28
light_V_8s_2026_05_20-0071_flat_0p3_late_bias_cal.fits,2461181.6855980325,19.31566670536995,gaia_774271076054448768_src2,comparison,1459.3127880440302,309.2107712835606,1459.6930170100286,309.53785272090136,0.5015539185741975,19369.59945678711,170.77181146918264,2421.1999320983887,21.34647643364783,ok,28
light_V_8s_2026_05_20-0071_flat_0p3_late_bias_cal.fits,2461181.6855980325,19.31566670536995,gaia_774272862760870784_src1,comparison,552.5978080866948,245.34778614780234,553.5714424680536,245.50880128076028,0.9868585418414382,29464.021766662598,187.10691533763801,3683.0027208328247,23.388364417204752,ok,28
light_V_8s_2026_05_20-0071_flat_0p3_late_bias_cal.fits,2461181.6855980325,19.31566670536995,gaia_774384016513181696_src3,comparison,342.5785740742432,1242.1123211831925,343.3252136925139,1241.614154585697,0.8975748873669269,13090.085960388184,133.36930001029637,1636.260745048523,16.671162501287046,ok,28
light_V_8s_2026_05_20-0071_flat_0p3_late_bias_cal.fits,2461181.6855980325,19.31566670536995,gaia_774289488578357504_src6,comparison,892.6849642658007,1087.9905919105518,893.2421742715987,1087.7552920467695,0.6048545415696819,10267.527313232422,111.81582819998472,1283.4409141540527,13.97697852499809,ok,28
light_V_8s_2026_05_20-0071_flat_0p3_late_bias_cal.fits,2461181.6855980325,19.31566670536995,gaia_774290626745586944_src8,comparison,1022.337817294568,1421.0449824645523,1022.5259075900688,1420.5674737127333,0.5132178556181107,3214.3336791992188,70.32645896000722,401.79170989990234,8.790807370000902,ok,28
light_V_8s_2026_05_20-0072_flat_0p3_late_bias_cal.fits,2461181.6857905095,19.592833444476128,target_V0399_direct,target,1881.7911595751034,620.4401051169779,1881.7911595751034,620.4401051169779,0.0,1772004.1285858154,4449.049498257995,221500.51607322693,556.1311872822494,ok,24
light_V_8s_2026_05_20-0072_flat_0p3_late_bias_cal.fits,2461181.6857905095,19.592833444476128,DN_UMa_direct,check,1807.078032597203,674.9119087132818,1807.078032597203,674.9119087132818,0.0,2521546.4404296875,7787.448450352484,315193.30505371094,973.4310562940605,ok,24
light_V_8s_2026_05_20-0072_flat_0p3_late_bias_cal.fits,2461181.6857905095,19.592833444476128,gaia_774287774887292672_src5,comparison,1986.4520255620864,1068.9479428233653,1986.6775848429634,1068.4871359694566,0.5130496523719392,11025.02377319336,116.25012025026838,1378.12797164917,14.531265031283548,ok,24
light_V_8s_2026_05_20-0072_flat_0p3_late_bias_cal.fits,2461181.6857905095,19.592833444476128,gaia_774288805679445888_src7,comparison,1897.439021570863,1339.6165608285783,1897.7302289828572,1339.0392376974323,0.6466094296842101,8773.229858398438,104.3463381188482,1096.6537322998047,13.043292264856024,ok,24
light_V_8s_2026_05_20-0072_flat_0p3_late_bias_cal.fits,2461181.6857905095,19.592833444476128,gaia_774289041901756032_src4,comparison,1994.045109908506,1430.4723398123756,1994.4894301361414,1429.68931110342,0.9003079604971443,11483.11735534668,119.23216537053868,1435.389669418335,14.904020671317335,ok,24
light_V_8s_2026_05_20-0072_flat_0p3_late_bias_cal.fits,2461181.6857905095,19.592833444476128,gaia_774271076054448768_src2,comparison,1459.9637428040649,308.91905064911873,1460.1489111757587,309.3723534618025,0.4896639315518109,17888.1220703125,166.37632219892242,2236.0152587890625,20.797040274865303,ok,24
light_V_8s_2026_05_20-0072_flat_0p3_late_bias_cal.fits,2461181.6857905095,19.592833444476128,gaia_774272862760870784_src1,comparison,553.0538519736721,245.02037932774954,554.0511816284359,245.83311000843906,1.2865448300021833,26419.315883636475,181.38379522280403,3302.4144854545593,22.672974402850503,ok,24
light_V_8s_2026_05_20-0072_flat_0p3_late_bias_cal.fits,2461181.6857905095,19.592833444476128,gaia_774384016513181696_src3,comparison,343.06888509778275,1241.7643233122737,344.35237977173847,1241.9872171783277,1.3027049756553317,11889.585922241211,128.31629353439203,1486.1982402801514,16.039536691799004,ok,24
light_V_8s_2026_05_20-0072_flat_0p3_late_bias_cal.fits,2461181.6857905095,19.592833444476128,gaia_774289488578357504_src6,comparison,893.1432219508202,1087.668514139968,894.1515689074918,1087.843465537263,1.0234117335873079,9526.013671875,109.15037023633167,1190.751708984375,13.643796279541458,ok,24
light_V_8s_2026_05_20-0072_flat_0p3_late_bias_cal.fits,2461181.6857905095,19.592833444476128,gaia_774290626745586944_src8,comparison,1022.861205540336,1420.6735140951664,1023.6053966986881,1420.5649848684106,0.7520632109269,3049.186325073242,70.04366766135774,381.1482906341553,8.755458457669718,ok,24
light_V_8s_2026_05_20-0073_flat_0p3_late_bias_cal.fits,2461181.68598206,19.86866645514965,target_V0399_direct,target,1882.575141211286,620.6188571794829,1882.575141211286,620.6188571794829,0.0,1557821.3096313477,5163.766862311724,194727.66370391846,645.4708577889655,ok,24
light_V_8s_2026_05_20-0073_flat_0p3_late_bias_cal.fits,2461181.68598206,19.86866645514965,DN_UMa_direct,check,1807.742139756407,675.0917724826077,1807.742139756407,675.0917724826077,0.0,2243604.0915527344,9025.105504220272,280450.5114440918,1128.138188027534,ok,24
light_V_8s_2026_05_20-0073_flat_0p3_late_bias_cal.fits,2461181.68598206,19.86866645514965,gaia_774287774887292672_src5,comparison,1987.1888706893085,1069.1254027515022,1987.2343297661362,1069.2175288024278,0.10273138237737393,9642.509155273438,111.52734627194528,1205.3136444091797,13.94091828399316,ok,24
light_V_8s_2026_05_20-0073_flat_0p3_late_bias_cal.fits,2461181.68598206,19.86866645514965,gaia_774288805679445888_src7,comparison,1898.0009579078446,1339.8769827307303,1897.9891470387065,1339.98790553922,0.11154983672350792,7473.456985473633,99.69818867051647,934.1821231842041,12.462273583814559,ok,24
light_V_8s_2026_05_20-0073_flat_0p3_late_bias_cal.fits,2461181.68598206,19.86866645514965,gaia_774289041901756032_src4,comparison,1994.7110751013736,1430.666818811902,1994.7820422553891,1430.8065495724452,0.1567195660760013,10035.854286193848,113.95577300318018,1254.481785774231,14.244471625397523,ok,24
light_V_8s_2026_05_20-0073_flat_0p3_late_bias_cal.fits,2461181.68598206,19.86866645514965,gaia_774271076054448768_src2,comparison,1460.6094143649466,309.0152019759615,1460.722759512007,308.9050787380309,0.15803243304612585,15720.161193847656,143.88997884291706,1965.020149230957,17.986247355364632,ok,24
light_V_8s_2026_05_20-0073_flat_0p3_late_bias_cal.fits,2461181.68598206,19.86866645514965,gaia_774272862760870784_src1,comparison,553.7039790288236,244.845390548951,553.7172942386767,244.61555989127663,0.23021604205716245,23338.24641418457,177.19478855672037,2917.2808017730713,22.149348569590046,ok,24
light_V_8s_2026_05_20-0073_flat_0p3_late_bias_cal.fits,2461181.68598206,19.86866645514965,gaia_774384016513181696_src3,comparison,343.66825696227875,1241.5040119796345,343.0461556731534,1241.662169418384,0.6418907923963822,10669.128799438477,123.147709754198,1333.6410999298096,15.39346371927475,ok,24
light_V_8s_2026_05_20-0073_flat_0p3_late_bias_cal.fits,2461181.68598206,19.86866645514965,gaia_774289488578357504_src6,comparison,893.8249842649992,1087.6963023224932,893.5414456673049,1087.7704317524713,0.29306877822680394,8399.03913116455,103.78550072470266,1049.8798913955688,12.973187590587832,ok,24
light_V_8s_2026_05_20-0073_flat_0p3_late_bias_cal.fits,2461181.68598206,19.86866645514965,gaia_774290626745586944_src8,comparison,1023.4834148254869,1420.704928312317,1022.8809111947558,1420.9404851765155,0.6469139520177578,2693.859405517578,67.7050459439127,336.73242568969727,8.463130742989087,ok,24
light_V_8s_2026_05_20-0074_flat_0p3_late_bias_cal.fits,2461181.686173727,20.14466643333435,target_V0399_direct,target,1884.7546431150581,620.4729121662314,1884.7546431150581,620.4729121662314,0.0,1864179.8813476562,4311.80997866624,233022.48516845703,538.97624733328,ok,28
light_V_8s_2026_05_20-0074_flat_0p3_late_bias_cal.fits,2461181.686173727,20.14466643333435,DN_UMa_direct,check,1809.9412110495525,674.9288362547159,1809.9412110495525,674.9288362547159,0.0,2595751.1867370605,7417.550160472743,324468.89834213257,927.1937700590929,saturated,28
light_V_8s_2026_05_20-0074_flat_0p3_late_bias_cal.fits,2461181.686173727,20.14466643333435,gaia_774287774887292672_src5,comparison,1989.3277048991242,1068.889305010426,1989.3738746268157,1068.9489494996733,0.07542618148019206,11459.028579711914,117.55394482373944,1432.3785724639893,14.69424310296743,ok,28
light_V_8s_2026_05_20-0074_flat_0p3_late_bias_cal.fits,2461181.686173727,20.14466643333435,gaia_774288805679445888_src7,comparison,1900.1771861491097,1339.7490345812869,1900.1470935352559,1339.6416492206656,0.11152211029350688,8999.669410705566,105.67250252585035,1124.9586763381958,13.209062815731293,ok,28
light_V_8s_2026_05_20-0074_flat_0p3_late_bias_cal.fits,2461181.686173727,20.14466643333435,gaia_774289041901756032_src4,comparison,1996.8427855937566,1430.462718481422,1996.9108081665527,1430.4372795023116,0.07262377068128219,11597.58901977539,118.1927808137551,1449.6986274719238,14.774097601719388,ok,28
light_V_8s_2026_05_20-0074_flat_0p3_late_bias_cal.fits,2461181.686173727,20.14466643333435,gaia_774271076054448768_src2,comparison,1462.7588768394103,308.74979811468273,1463.0274218148516,308.83597302890524,0.2820328343934638,19238.576305389404,152.19468011356378,2404.8220381736755,19.024335014195472,ok,28
light_V_8s_2026_05_20-0074_flat_0p3_late_bias_cal.fits,2461181.686173727,20.14466643333435,gaia_774272862760870784_src1,comparison,555.9756150833226,244.64192361729428,556.2765242630328,244.54263271334696,0.3168675086538949,27739.863357543945,183.36510480053795,3467.482919692993,22.920638100067244,ok,28
light_V_8s_2026_05_20-0074_flat_0p3_late_bias_cal.fits,2461181.686173727,20.14466643333435,gaia_774384016513181696_src3,comparison,345.7927345688635,1241.4468390758566,345.64024023291563,1241.3060446766494,0.20755140410098813,12578.726745605469,133.7572015593775,1572.3408432006836,16.71965019492219,ok,28
light_V_8s_2026_05_20-0074_flat_0p3_late_bias_cal.fits,2461181.686173727,20.14466643333435,gaia_774289488578357504_src6,comparison,895.972304045396,1087.4656089958482,895.9856509617434,1087.4704425439797,0.014195188041233292,9916.18787765503,110.31355105667902,1239.5234847068787,13.789193882084877,ok,28
light_V_8s_2026_05_20-0074_flat_0p3_late_bias_cal.fits,2461181.686173727,20.14466643333435,gaia_774290626745586944_src8,comparison,1025.4615433811784,1420.509822904396,1025.2810432032602,1420.5506545862277,0.18506091016126683,3198.521141052246,71.1176819541184,399.81514263153076,8.8897102442648,ok,28
light_V_8s_2026_05_20-0075_flat_0p3_late_bias_cal.fits,2461181.686365625,20.42099967598915,target_V0399_direct,target,1884.8729106122773,620.5027674703161,1884.8729106122773,620.5027674703161,0.0,1810291.5444335938,4658.698759129897,226286.44305419922,582.3373448912371,ok,29
light_V_8s_2026_05_20-0075_flat_0p3_late_bias_cal.fits,2461181.686365625,20.42099967598915,DN_UMa_direct,check,1810.0385727493708,674.9646973461669,1810.0385727493708,674.9646973461669,0.0,2521463.261444092,7872.357845144479,315182.9076805115,984.0447306430599,ok,29
light_V_8s_2026_05_20-0075_flat_0p3_late_bias_cal.fits,2461181.686365625,20.42099967598915,gaia_774287774887292672_src5,comparison,1989.6309145015825,1068.8660231196209,1989.4791535251632,1069.086273769432,0.2674728821880198,11205.799537658691,117.30680911389668,1400.7249422073364,14.663351139237085,ok,29
light_V_8s_2026_05_20-0075_flat_0p3_late_bias_cal.fits,2461181.686365625,20.42099967598915,gaia_774288805679445888_src7,comparison,1900.4976691196248,1339.7660484793628,1900.210880080744,1339.8315766030832,0.29418002620938416,9105.975799560547,105.04597784697641,1138.2469749450684,13.130747230872052,ok,29
light_V_8s_2026_05_20-0075_flat_0p3_late_bias_cal.fits,2461181.686365625,20.42099967598915,gaia_774289041901756032_src4,comparison,1997.1100901430148,1430.658237330058,1996.9886581728704,1430.6550474937558,0.1214738590346991,11383.554214477539,118.75878408743901,1422.9442768096924,14.844848010929876,ok,29
light_V_8s_2026_05_20-0075_flat_0p3_late_bias_cal.fits,2461181.686365625,20.42099967598915,gaia_774271076054448768_src2,comparison,1462.916959572802,308.9447776214711,1463.0776293281974,308.7630595681097,0.24256178845044907,17753.2841796875,146.07249918290816,2219.1605224609375,18.25906239786352,ok,29
light_V_8s_2026_05_20-0075_flat_0p3_late_bias_cal.fits,2461181.686365625,20.42099967598915,gaia_774272862760870784_src1,comparison,556.120616573103,244.87787422594488,556.1316442248487,244.38254208157178,0.4954548842753224,27165.309394836426,183.15472090294233,3395.663674354553,22.89434011286779,ok,29
light_V_8s_2026_05_20-0075_flat_0p3_late_bias_cal.fits,2461181.686365625,20.42099967598915,gaia_774384016513181696_src3,comparison,345.92583959742944,1241.6850159333537,345.36861776998353,1241.3491434241087,0.650620094562672,12219.858306884766,130.63473803059287,1527.4822883605957,16.32934225382411,ok,29
light_V_8s_2026_05_20-0075_flat_0p3_late_bias_cal.fits,2461181.686365625,20.42099967598915,gaia_774289488578357504_src6,comparison,896.0203751751233,1087.6635979045084,895.8479570564091,1087.5238588226423,0.22193471711679452,9838.948650360107,109.7278511360226,1229.8685812950134,13.715981392002824,ok,29
light_V_8s_2026_05_20-0075_flat_0p3_late_bias_cal.fits,2461181.686365625,20.42099967598915,gaia_774290626745586944_src8,comparison,1025.5853788576799,1420.523980038346,1025.1450979365513,1420.6880398843136,0.46985415031549677,3029.938247680664,68.864270138386,378.742280960083,8.60803376729825,ok,29
light_V_8s_2026_05_20-0076_flat_0p3_late_bias_cal.fits,2461181.686557176,20.696833357214928,target_V0399_direct,target,1884.9663668626827,621.7914382446785,1884.9663668626827,621.7914382446785,0.0,1447382.0387878418,5660.4883510540385,180922.75484848022,707.5610438817548,ok,26
light_V_8s_2026_05_20-0076_flat_0p3_late_bias_cal.fits,2461181.686557176,20.696833357214928,DN_UMa_direct,check,1810.2017781405,676.216119439702,1810.2017781405,676.216119439702,0.0,2163954.7798461914,9678.586395457756,270494.3474807739,1209.8232994322195,ok,26
light_V_8s_2026_05_20-0076_flat_0p3_late_bias_cal.fits,2461181.686557176,20.696833357214928,gaia_774287774887292672_src5,comparison,1989.6126105241603,1070.253091337191,1989.537050629293,1069.9830323532024,0.2804302989076046,9399.603729248047,110.97113683239036,1174.9504661560059,13.871392104048795,ok,26
light_V_8s_2026_05_20-0076_flat_0p3_late_bias_cal.fits,2461181.686557176,20.696833357214928,gaia_774288805679445888_src7,comparison,1900.6151534185146,1341.0384894306428,1900.3762702607842,1340.5097844819516,0.5801672912340929,7265.300094604492,98.78949895300828,908.1625118255615,12.348687369126035,ok,26
light_V_8s_2026_05_20-0076_flat_0p3_late_bias_cal.fits,2461181.686557176,20.696833357214928,gaia_774289041901756032_src4,comparison,1997.2363337271615,1431.775023546634,1997.0828819823103,1431.2449820938236,0.5518073755353365,9523.946659088135,111.5612678424421,1190.4933323860168,13.945158480305263,ok,26
light_V_8s_2026_05_20-0076_flat_0p3_late_bias_cal.fits,2461181.686557176,20.696833357214928,gaia_774271076054448768_src2,comparison,1463.003977545413,310.15637820199936,1463.491184326202,310.3652956811108,0.5301103284460928,14991.787620544434,141.45575092535654,1873.9734525680542,17.681968865669567,ok,26
light_V_8s_2026_05_20-0076_flat_0p3_late_bias_cal.fits,2461181.686557176,20.696833357214928,gaia_774272862760870784_src1,comparison,556.032663804896,246.1613557224022,557.3050021399201,246.14631202758784,1.2724272676761486,22916.458587646484,178.372262295652,2864.5573234558105,22.2965327869565,ok,26
light_V_8s_2026_05_20-0076_flat_0p3_late_bias_cal.fits,2461181.686557176,20.696833357214928,gaia_774384016513181696_src3,comparison,346.1504356261204,1242.8954121810816,346.83799584245776,1242.2942199578233,0.9133296997230234,10439.077545166016,121.03321727419231,1304.884693145752,15.129152159274039,ok,26
light_V_8s_2026_05_20-0076_flat_0p3_late_bias_cal.fits,2461181.686557176,20.696833357214928,gaia_774289488578357504_src6,comparison,896.3633059107838,1088.9034891104664,896.8333948920899,1088.5341125401546,0.597848393023441,8019.706161499023,102.22059955377445,1002.4632701873779,12.777574944221806,ok,26
light_V_8s_2026_05_20-0076_flat_0p3_late_bias_cal.fits,2461181.686557176,20.696833357214928,gaia_774290626745586944_src8,comparison,1025.798800142628,1421.937600706579,1026.060460203007,1421.401127637795,0.5968830209747896,2473.113697052002,65.73575152530456,309.13921213150024,8.21696894066307,ok,26
light_V_8s_2026_05_20-0077_flat_0p3_late_bias_cal.fits,2461181.6867488427,20.972833335399628,target_V0399_direct,target,1886.4029213463627,621.4655623738091,1886.4029213463627,621.4655623738091,0.0,1829925.1960449219,4192.987578725304,228740.64950561523,524.123447340663,ok,28
light_V_8s_2026_05_20-0077_flat_0p3_late_bias_cal.fits,2461181.6867488427,20.972833335399628,DN_UMa_direct,check,1811.6921751045804,675.9080909883397,1811.6921751045804,675.9080909883397,0.0,2639449.3999023438,7575.8415336567205,329931.17498779297,946.9801917070901,ok,28
light_V_8s_2026_05_20-0077_flat_0p3_late_bias_cal.fits,2461181.6867488427,20.972833335399628,gaia_774287774887292672_src5,comparison,1991.0724646344497,1069.9190737630338,1991.159768789433,1069.4449415084737,0.4821031116800649,11162.58748626709,115.3165044160046,1395.3234357833862,14.414563052000576,ok,28
light_V_8s_2026_05_20-0077_flat_0p3_late_bias_cal.fits,2461181.6867488427,20.972833335399628,gaia_774288805679445888_src7,comparison,1902.1015162101892,1340.6251857343507,1902.1657408499793,1339.919542026744,0.7085604042289272,9115.704360961914,105.70510030731471,1139.4630451202393,13.213137538414339,ok,28
light_V_8s_2026_05_20-0077_flat_0p3_late_bias_cal.fits,2461181.6867488427,20.972833335399628,gaia_774289041901756032_src4,comparison,1998.7082464699295,1431.3793649350253,1998.8830639239156,1430.574107754853,0.8240147258618441,11750.617218017578,119.1820440646565,1468.8271522521973,14.897755508082062,ok,28
light_V_8s_2026_05_20-0077_flat_0p3_late_bias_cal.fits,2461181.6867488427,20.972833335399628,gaia_774271076054448768_src2,comparison,1464.3972289071587,309.8567893310545,1464.9229577646922,310.36082856700966,0.728317501523748,19015.82349395752,149.5803164817324,2376.97793674469,18.69753956021655,ok,28
light_V_8s_2026_05_20-0077_flat_0p3_late_bias_cal.fits,2461181.6867488427,20.972833335399628,gaia_774272862760870784_src1,comparison,557.5881167507132,245.93429950001334,559.0283837465022,246.61668837217155,1.593745146503793,28345.504470825195,185.38379249619467,3543.1880588531494,23.172974062024334,ok,28
light_V_8s_2026_05_20-0077_flat_0p3_late_bias_cal.fits,2461181.6867488427,20.972833335399628,gaia_774384016513181696_src3,comparison,347.75726490670075,1242.7147969907235,349.13331491685676,1242.5137921820894,1.390653286604662,12668.313850402832,132.02007126822957,1583.539231300354,16.502508908528696,ok,28
light_V_8s_2026_05_20-0077_flat_0p3_late_bias_cal.fits,2461181.6867488427,20.972833335399628,gaia_774289488578357504_src6,comparison,897.7700401791691,1088.5230798235034,898.8556105597046,1088.5343196990652,1.0856285671898271,9979.17317199707,110.25305601628838,1247.3966464996338,13.781632002036048,ok,28
light_V_8s_2026_05_20-0077_flat_0p3_late_bias_cal.fits,2461181.6867488427,20.972833335399628,gaia_774290626745586944_src8,comparison,1027.3626156946684,1421.6911553167656,1028.202522289122,1421.2180106789965,0.9640067093419762,3185.7454528808594,70.29669164146657,398.2181816101074,8.78708645518332,ok,28
light_V_8s_2026_05_20-0078_flat_0p3_late_bias_cal.fits,2461181.6869399305,21.24799981713295,target_V0399_direct,target,1887.2944745918408,620.618104960081,1887.2944745918408,620.618104960081,0.0,1971739.3706054688,3990.13771653192,246467.4213256836,498.76721456649,ok,29
light_V_8s_2026_05_20-0078_flat_0p3_late_bias_cal.fits,2461181.6869399305,21.24799981713295,DN_UMa_direct,check,1812.556669485252,675.0768316261235,1812.556669485252,675.0768316261235,0.0,2835101.1873779297,7120.697183375496,354387.6484222412,890.087147921937,saturated,29
light_V_8s_2026_05_20-0078_flat_0p3_late_bias_cal.fits,2461181.6869399305,21.24799981713295,gaia_774287774887292672_src5,comparison,1991.9882811067268,1068.9869045622177,1992.0731277455388,1068.7529117307133,0.24890077804842398,11799.344715118408,118.75118389773016,1474.918089389801,14.84389798721627,ok,29
light_V_8s_2026_05_20-0078_flat_0p3_late_bias_cal.fits,2461181.6869399305,21.24799981713295,gaia_774288805679445888_src7,comparison,1902.8300891698802,1339.8284169947233,1903.0405399440351,1339.3166690228059,0.5533312887448082,9806.854278564453,109.53846787064946,1225.8567848205566,13.692308483831182,ok,29
light_V_8s_2026_05_20-0078_flat_0p3_late_bias_cal.fits,2461181.6869399305,21.24799981713295,gaia_774289041901756032_src4,comparison,1999.6087285353303,1430.5297610749715,1999.7879335463695,1430.005011592756,0.5545055951627975,12553.331573486328,122.02379578524061,1569.166446685791,15.252974473155076,ok,29
light_V_8s_2026_05_20-0078_flat_0p3_late_bias_cal.fits,2461181.6869399305,21.24799981713295,gaia_774271076054448768_src2,comparison,1465.2934475560749,309.0896901416706,1465.6808844250954,309.3947007290259,0.49309105231720696,20287.270080566406,153.77123818490452,2535.908760070801,19.221404773113065,ok,29
light_V_8s_2026_05_20-0078_flat_0p3_late_bias_cal.fits,2461181.6869399305,21.24799981713295,gaia_774272862760870784_src1,comparison,558.4131814893474,245.0033124310583,559.4804886022878,245.60102509742046,1.2232762994773199,29435.323272705078,185.68208134639855,3679.4154090881348,23.21026016829982,ok,29
light_V_8s_2026_05_20-0078_flat_0p3_late_bias_cal.fits,2461181.6869399305,21.24799981713295,gaia_774384016513181696_src3,comparison,348.52067879131454,1241.8305348098438,349.48345889124334,1241.830032003938,0.9627802312224231,13420.924133300781,135.36338537544873,1677.6155166625977,16.92042317193109,ok,29
light_V_8s_2026_05_20-0078_flat_0p3_late_bias_cal.fits,2461181.6869399305,21.24799981713295,gaia_774289488578357504_src6,comparison,898.532800458397,1087.7682363002932,899.397264750186,1087.8151611411054,0.8657369418382603,10834.414199829102,114.61900098833519,1354.3017749786377,14.327375123541898,ok,29
light_V_8s_2026_05_20-0078_flat_0p3_late_bias_cal.fits,2461181.6869399305,21.24799981713295,gaia_774290626745586944_src8,comparison,1028.2722736837304,1420.445657212998,1028.7778849257743,1420.6158640445333,0.5334914184712239,3381.850616455078,71.33137288624675,422.73132705688477,8.916421610780844,ok,29
light_V_8s_2026_05_20-0079_flat_0p3_late_bias_cal.fits,2461181.6871314817,21.523833498358727,target_V0399_direct,target,1886.608028448659,620.2006128525936,1886.608028448659,620.2006128525936,0.0,1735430.2514648438,4773.310585541744,216928.78143310547,596.663823192718,ok,27
light_V_8s_2026_05_20-0079_flat_0p3_late_bias_cal.fits,2461181.6871314817,21.523833498358727,DN_UMa_direct,check,1811.9012081708324,674.6438866327265,1811.9012081708324,674.6438866327265,0.0,2476636.180908203,8299.623698078232,309579.5226135254,1037.452962259779,ok,27
light_V_8s_2026_05_20-0079_flat_0p3_late_bias_cal.fits,2461181.6871314817,21.523833498358727,gaia_774287774887292672_src5,comparison,1991.3242594850144,1068.5817865786235,1991.3759006539353,1068.1634402028762,0.421521648825231,10897.610000610352,115.46618168234653,1362.201250076294,14.433272710293316,ok,27
light_V_8s_2026_05_20-0079_flat_0p3_late_bias_cal.fits,2461181.6871314817,21.523833498358727,gaia_774288805679445888_src7,comparison,1902.3120803201286,1339.3379176014976,1902.3930317417394,1338.6328469223577,0.7097026104246834,8683.70174407959,104.76696841245096,1085.4627180099487,13.09587105155637,ok,27
light_V_8s_2026_05_20-0079_flat_0p3_late_bias_cal.fits,2461181.6871314817,21.523833498358727,gaia_774289041901756032_src4,comparison,1998.9959936922307,1430.2121134429615,1999.1103523274917,1429.28168238455,0.9374325852642833,10822.307754516602,115.68240562254681,1352.7884693145752,14.460300702818351,ok,27
light_V_8s_2026_05_20-0079_flat_0p3_late_bias_cal.fits,2461181.6871314817,21.523833498358727,gaia_774271076054448768_src2,comparison,1464.6198895386349,308.7012154556475,1465.1307224637726,309.11836770660636,0.6595197327486075,17836.2244720459,147.9691122814629,2229.5280590057373,18.496139035182864,ok,27
light_V_8s_2026_05_20-0079_flat_0p3_late_bias_cal.fits,2461181.6871314817,21.523833498358727,gaia_774272862760870784_src1,comparison,558.0291678060117,244.6613665774175,559.2609311436277,245.40467201318938,1.4386604501211244,25925.251953125,181.81513757361938,3240.656494140625,22.726892196702423,ok,27
light_V_8s_2026_05_20-0079_flat_0p3_late_bias_cal.fits,2461181.6871314817,21.523833498358727,gaia_774384016513181696_src3,comparison,348.0407122543255,1241.5053758866052,349.403466724081,1241.2789388088797,1.3814389219243097,11686.382705688477,129.46553524330713,1460.7978382110596,16.18319190541339,ok,27
light_V_8s_2026_05_20-0079_flat_0p3_late_bias_cal.fits,2461181.6871314817,21.523833498358727,gaia_774289488578357504_src6,comparison,898.1141582086565,1087.2651004545069,899.1046496910088,1087.286689800421,0.9907267415738646,9189.909172058105,108.39846720448841,1148.7386465072632,13.549808400561052,ok,27
light_V_8s_2026_05_20-0079_flat_0p3_late_bias_cal.fits,2461181.6871314817,21.523833498358727,gaia_774290626745586944_src8,comparison,1027.7849768784722,1420.1200995250254,1028.4582241065773,1419.9564636985447,0.6928481174537425,2967.0693359375,69.73855200214912,370.8836669921875,8.71731900026864,ok,27
light_V_8s_2026_05_20-0080_flat_0p3_late_bias_cal.fits,2461181.687323264,21.79999977350235,target_V0399_direct,target,1887.8329018761542,619.2377637512242,1887.8329018761542,619.2377637512242,0.0,1870722.5084838867,4249.138000940102,233840.31356048584,531.1422501175127,ok,31
light_V_8s_2026_05_20-0080_flat_0p3_late_bias_cal.fits,2461181.687323264,21.79999977350235,DN_UMa_direct,check,1813.0117647964673,673.6738187540806,1813.0117647964673,673.6738187540806,0.0,2653952.5158081055,7573.032348473371,331744.0644760132,946.6290435591714,ok,31
light_V_8s_2026_05_20-0080_flat_0p3_late_bias_cal.fits,2461181.687323264,21.79999977350235,gaia_774287774887292672_src5,comparison,1992.399603206132,1067.6612494431204,1992.3461232227783,1067.7106107644033,0.07277807814390433,11709.136562347412,119.18091873530564,1463.6420702934265,14.897614841913205,ok,31
light_V_8s_2026_05_20-0080_flat_0p3_late_bias_cal.fits,2461181.687323264,21.79999977350235,gaia_774288805679445888_src7,comparison,1903.3454910316818,1338.4845898326134,1903.0643526420658,1338.3674657602357,0.3045600801914242,9271.049453735352,106.81732211439036,1158.881181716919,13.352165264298796,ok,31
light_V_8s_2026_05_20-0080_flat_0p3_late_bias_cal.fits,2461181.687323264,21.79999977350235,gaia_774289041901756032_src4,comparison,1999.85720682466,1429.302790922352,1999.802142508233,1429.1792753705836,0.1352337623236789,11763.448425292969,119.23879206085286,1470.431053161621,14.904849007606607,ok,31
light_V_8s_2026_05_20-0080_flat_0p3_late_bias_cal.fits,2461181.687323264,21.79999977350235,gaia_774271076054448768_src2,comparison,1466.0317122779848,307.60221171852004,1466.1999524528685,307.52534566609444,0.18496796063213136,19130.19557952881,151.1114651331026,2391.274447441101,18.888933141637825,ok,31
light_V_8s_2026_05_20-0080_flat_0p3_late_bias_cal.fits,2461181.687323264,21.79999977350235,gaia_774272862760870784_src1,comparison,559.092713165089,243.4530757077266,559.5169037453327,243.03395373864134,0.596322792904482,28906.606254577637,185.16293753419572,3613.3257818222046,23.145367191774465,ok,31
light_V_8s_2026_05_20-0080_flat_0p3_late_bias_cal.fits,2461181.687323264,21.79999977350235,gaia_774384016513181696_src3,comparison,348.99935999126,1240.4016608014772,348.6711712780343,1239.6916255679012,0.7822134391635808,12513.160064697266,130.8908412053896,1564.1450080871582,16.3613551506737,ok,31
light_V_8s_2026_05_20-0080_flat_0p3_late_bias_cal.fits,2461181.687323264,21.79999977350235,gaia_774289488578357504_src6,comparison,899.061323932918,1086.299289770906,899.018332898664,1085.9876161286024,0.3146246785186435,10097.232360839844,110.65883169979973,1262.1540451049805,13.832353962474967,ok,31
light_V_8s_2026_05_20-0080_flat_0p3_late_bias_cal.fits,2461181.687323264,21.79999977350235,gaia_774290626745586944_src8,comparison,1028.5280795265223,1419.3922644679317,1028.2319457680721,1419.076944150143,0.43257612706231846,3209.724952697754,68.8975391607091,401.21561908721924,8.612192395088638,ok,31
light_V_8s_2026_05_20-0081_flat_0p3_late_bias_cal.fits,2461181.6875149305,22.07599975168705,target_V0399_direct,target,1887.8955833708237,619.7323880510914,1887.8955833708237,619.7323880510914,0.0,1714416.9924926758,4753.400561679065,214302.12406158447,594.1750702098831,ok,27
light_V_8s_2026_05_20-0081_flat_0p3_late_bias_cal.fits,2461181.6875149305,22.07599975168705,DN_UMa_direct,check,1813.0700960705062,674.2333347333986,1813.0700960705062,674.2333347333986,0.0,2486449.8068847656,8448.356881107518,310806.2258605957,1056.0446101384398,ok,27
light_V_8s_2026_05_20-0081_flat_0p3_late_bias_cal.fits,2461181.6875149305,22.07599975168705,gaia_774287774887292672_src5,comparison,1992.4814280761725,1068.2179480720529,1992.6978268758264,1068.3509444708557,0.25400094997099154,10650.149444580078,114.91931722431774,1331.2686805725098,14.364914653039717,ok,27
light_V_8s_2026_05_20-0081_flat_0p3_late_bias_cal.fits,2461181.6875149305,22.07599975168705,gaia_774288805679445888_src7,comparison,1903.35039791118,1339.022738994124,1903.5218293567868,1339.177924243878,0.23123841005347795,8508.848712921143,103.05368374068381,1063.6060891151428,12.881710467585476,ok,27
light_V_8s_2026_05_20-0081_flat_0p3_late_bias_cal.fits,2461181.6875149305,22.07599975168705,gaia_774289041901756032_src4,comparison,2000.0136866878313,1429.8579677151936,2000.3521988101036,1429.978470208981,0.35932061996810494,10837.609008789062,115.81211106870522,1354.7011260986328,14.476513883588153,ok,27
light_V_8s_2026_05_20-0081_flat_0p3_late_bias_cal.fits,2461181.6875149305,22.07599975168705,gaia_774271076054448768_src2,comparison,1465.9849048351723,308.13695393151426,1465.9044877161125,308.1069558727382,0.0858300446709146,17595.43611907959,147.03404757936258,2199.4295148849487,18.379255947420322,ok,27
light_V_8s_2026_05_20-0081_flat_0p3_late_bias_cal.fits,2461181.6875149305,22.07599975168705,gaia_774272862760870784_src1,comparison,559.0255848570279,244.02815556002543,558.778084272665,244.0756097629524,0.25200881063053676,25681.064826965332,179.23927848703045,3210.1331033706665,22.404909810878806,ok,27
light_V_8s_2026_05_20-0081_flat_0p3_late_bias_cal.fits,2461181.6875149305,22.07599975168705,gaia_774384016513181696_src3,comparison,348.86592471300116,1240.8707571608138,348.37498459924063,1241.2961305304607,0.6495880994168081,11650.132064819336,128.38203684762877,1456.266508102417,16.047754605953596,ok,27
light_V_8s_2026_05_20-0081_flat_0p3_late_bias_cal.fits,2461181.6875149305,22.07599975168705,gaia_774289488578357504_src6,comparison,898.8434814841991,1086.8984615598781,898.8872259570863,1087.2259771194758,0.33042400137821404,9386.476516723633,107.95399843286295,1173.309564590454,13.494249804107868,ok,27
light_V_8s_2026_05_20-0081_flat_0p3_late_bias_cal.fits,2461181.6875149305,22.07599975168705,gaia_774290626745586944_src8,comparison,1028.2667147417988,1419.8658720185933,1028.3387481683608,1420.3956964578806,0.5346987479023443,2919.5332565307617,68.72252331103245,364.9416570663452,8.590315413879056,ok,27
light_V_8s_2026_05_20-0082_flat_0p3_late_bias_cal.fits,2461181.687706597,22.35199972987175,target_V0399_direct,target,1888.186227677052,618.4769071611915,1888.186227677052,618.4769071611915,0.0,1646498.1710510254,5036.571196850347,205812.27138137817,629.5713996062934,ok,27
light_V_8s_2026_05_20-0082_flat_0p3_late_bias_cal.fits,2461181.687706597,22.35199972987175,DN_UMa_direct,check,1813.3983050713846,672.9619816187593,1813.3983050713846,672.9619816187593,0.0,2396747.685546875,9126.649633186766,299593.4606933594,1140.8312041483457,ok,27
light_V_8s_2026_05_20-0082_flat_0p3_late_bias_cal.fits,2461181.687706597,22.35199972987175,gaia_774287774887292672_src5,comparison,1992.7980899863849,1067.0372457717726,1992.9885207001955,1066.8925103348565,0.2391907261198321,10030.13952255249,112.69988241569946,1253.7674403190613,14.087485301962433,ok,27
light_V_8s_2026_05_20-0082_flat_0p3_late_bias_cal.fits,2461181.687706597,22.35199972987175,gaia_774288805679445888_src7,comparison,1903.6978652242462,1337.8747009672095,1903.877945541515,1337.612262290355,0.3182812903341402,8059.709121704102,102.13215816880158,1007.4636402130127,12.766519771100198,ok,27
light_V_8s_2026_05_20-0082_flat_0p3_late_bias_cal.fits,2461181.687706597,22.35199972987175,gaia_774289041901756032_src4,comparison,2000.3691834548188,1428.6437720947486,2000.6758877572472,1428.3641444020614,0.4150411734342568,10637.242115020752,114.60757319714688,1329.655264377594,14.32594664964336,ok,27
light_V_8s_2026_05_20-0082_flat_0p3_late_bias_cal.fits,2461181.687706597,22.35199972987175,gaia_774271076054448768_src2,comparison,1466.220380131008,306.90554164950277,1466.3448870453833,307.0274840901373,0.17427544449861201,16888.362045288086,146.3303177937556,2111.0452556610107,18.29128972421945,ok,27
light_V_8s_2026_05_20-0082_flat_0p3_late_bias_cal.fits,2461181.687706597,22.35199972987175,gaia_774272862760870784_src1,comparison,559.3101198506685,242.97741048398757,559.6011810058576,243.11460796896876,0.32177592505530905,25039.566425323486,181.68147224799282,3129.945803165436,22.710184030999102,ok,27
light_V_8s_2026_05_20-0082_flat_0p3_late_bias_cal.fits,2461181.687706597,22.35199972987175,gaia_774384016513181696_src3,comparison,349.3813368465514,1239.8465190681889,349.38837722360495,1239.9284685926618,0.08225139190556587,10990.607536315918,127.31942822207056,1373.8259420394897,15.91492852775882,ok,27
light_V_8s_2026_05_20-0082_flat_0p3_late_bias_cal.fits,2461181.687706597,22.35199972987175,gaia_774289488578357504_src6,comparison,899.3498338745867,1085.8256882888243,899.6490144429492,1085.8691776374524,0.30232488473466995,8875.089164733887,106.54227143954722,1109.3861455917358,13.317783929943403,ok,27
light_V_8s_2026_05_20-0082_flat_0p3_late_bias_cal.fits,2461181.687706597,22.35199972987175,gaia_774290626745586944_src8,comparison,1029.0924520363506,1418.5273151136555,1029.0784307655244,1418.8829938551103,0.35595500159209176,2925.0867919921875,68.09461850250784,365.63584899902344,8.51182731281348,ok,27
light_V_8s_2026_05_20-0083_flat_0p3_late_bias_cal.fits,2461181.6878975695,22.62699991464615,target_V0399_direct,target,1888.7071274270452,619.4325309613733,1888.7071274270452,619.4325309613733,0.0,1964928.5629882812,4010.5814604629622,245616.07037353516,501.3226825578703,ok,30
light_V_8s_2026_05_20-0083_flat_0p3_late_bias_cal.fits,2461181.6878975695,22.62699991464615,DN_UMa_direct,check,1813.941331484725,673.9649178301011,1813.941331484725,673.9649178301011,0.0,2748668.061340332,7214.399688806349,343583.5076675415,901.7999611007937,saturated,30
light_V_8s_2026_05_20-0083_flat_0p3_late_bias_cal.fits,2461181.6878975695,22.62699991464615,gaia_774287774887292672_src5,comparison,1993.3489541361323,1067.9635565576443,1993.769177657115,1067.838406635149,0.43846357965935195,12160.841926574707,120.09189240744743,1520.1052408218384,15.011486550930929,ok,30
light_V_8s_2026_05_20-0083_flat_0p3_late_bias_cal.fits,2461181.6878975695,22.62699991464615,gaia_774288805679445888_src7,comparison,1904.3345986869983,1338.7509171117997,1904.7989968259913,1338.6367181567284,0.47823324104401294,9932.996170043945,109.52439744351152,1241.6245212554932,13.69054968043894,ok,30
light_V_8s_2026_05_20-0083_flat_0p3_late_bias_cal.fits,2461181.6878975695,22.62699991464615,gaia_774289041901756032_src4,comparison,2000.9384451712328,1429.5191088932577,2001.6576583429924,1429.3447498094265,0.7400464016173829,12748.459442138672,122.00695798765557,1593.557430267334,15.250869748456946,ok,30
light_V_8s_2026_05_20-0083_flat_0p3_late_bias_cal.fits,2461181.6878975695,22.62699991464615,gaia_774271076054448768_src2,comparison,1466.6559983929594,307.88934098624884,1466.6477415977954,308.18326666113904,0.29404162464869216,20286.010192871094,152.8654402493222,2535.7512741088867,19.108180031165276,ok,30
light_V_8s_2026_05_20-0083_flat_0p3_late_bias_cal.fits,2461181.6878975695,22.62699991464615,gaia_774272862760870784_src1,comparison,559.9113887935113,244.02775967876676,559.7708708630632,244.76591067351274,0.751406800489505,29326.801177978516,185.58204798123163,3665.8501472473145,23.197755997653953,ok,30
light_V_8s_2026_05_20-0083_flat_0p3_late_bias_cal.fits,2461181.6878975695,22.62699991464615,gaia_774384016513181696_src3,comparison,349.83704022450894,1240.7300810219554,350.08772155734414,1241.8037081695898,1.1025045953507875,13410.956344604492,134.81012273606567,1676.3695430755615,16.851265342008208,ok,30
light_V_8s_2026_05_20-0083_flat_0p3_late_bias_cal.fits,2461181.6878975695,22.62699991464615,gaia_774289488578357504_src6,comparison,899.9251857558348,1086.8465808770084,900.3223182945592,1087.4229193546084,0.699914490545823,10542.843444824219,112.90328771891686,1317.8554306030273,14.112910964864607,ok,30
light_V_8s_2026_05_20-0083_flat_0p3_late_bias_cal.fits,2461181.6878975695,22.62699991464615,gaia_774290626745586944_src8,comparison,1029.5318400334315,1419.7527829534702,1029.9502047155675,1420.400921711169,0.7714355815556998,3431.537742614746,73.07306797865941,428.94221782684326,9.134133497332426,ok,30
