period_min,frequency_cpd,power,window
90.0,16.0,0.028042977524651493,residual_5_to_90min
86.49961321980956,16.6474732822299,0.03085754487475866,residual_5_to_90min
83.2613153578123,17.294946564459803,0.03365717074076996,residual_5_to_90min
80.25673305519454,17.942419846689702,0.036462623329529494,residual_5_to_90min
77.46144585198533,18.589893128919602,0.03927841797152183,residual_5_to_90min
74.8543209721998,19.2373664111495,0.04206323158965243,residual_5_to_90min
72.41697806995363,19.884839693379405,0.044715850253395854,residual_5_to_90min
70.13335524889969,20.532312975609305,0.04708483147146047,residual_5_to_90min
67.98935468326634,21.179786257839204,0.049001608851330765,residual_5_to_90min
65.97255131165407,21.827259540069107,0.05032658759721863,residual_5_to_90min
64.07195188417364,22.474732822299007,0.05099055948720163,residual_5_to_90min
62.27779449288577,23.122206104528907,0.05101552807220462,residual_5_to_90min
60.58138086633889,23.76967938675881,0.05050989634634851,residual_5_to_90min
58.97493534653159,24.417152668988706,0.04964507991957926,residual_5_to_90min
57.451485723447995,25.06462595121861,0.048625675263493116,residual_5_to_90min
56.004762074297076,25.71209923344851,0.04766219605006482,residual_5_to_90min
54.62911051169371,26.35957251567841,0.04694910885043717,residual_5_to_90min
53.31941933876855,27.00704579790831,0.04664669632203336,residual_5_to_90min
52.07105557782866,27.65451908013821,0.04686506953943775,residual_5_to_90min
50.879810211337045,28.30199236236811,0.04765121861451105,residual_5_to_90min
49.741850771214665,28.949465644598014,0.04898256309957486,residual_5_to_90min
48.653680151183586,29.596938926827914,0.05077051849212604,residual_5_to_90min
47.612100709589534,30.244412209057813,0.05287460758391472,residual_5_to_90min
46.61418288650966,30.891885491287717,0.05512364680505848,residual_5_to_90min
45.6572376864273,31.539358773517616,0.05733841045813239,residual_5_to_90min
44.73879248215306,32.186832055747516,0.059351045903185545,residual_5_to_90min
43.856569681541,32.83430533797741,0.06101900613926752,residual_5_to_90min
43.00846786947316,33.48177862020732,0.06223321598629378,residual_5_to_90min
42.19254509640065,34.12925190243722,0.06292066980936976,residual_5_to_90min
41.40700403368885,34.776725184667114,0.06304143106744496,residual_5_to_90min
40.650178756920695,35.42419846689702,0.06258039815730765,residual_5_to_90min
39.92052295260903,36.07167174912692,0.06153571487551663,residual_5_to_90min
39.21659937262407,36.71914503135682,0.059907515475717384,residual_5_to_90min
38.53707038499675,37.36661831358672,0.05769143192373452,residual_5_to_90min
37.88068949038018,38.01409159581662,0.05488021556178768,residual_5_to_90min
37.246293690964535,38.66156487804652,0.05147425533329474,residual_5_to_90min
36.63279661355809,39.30903816027642,0.04749859420335822,residual_5_to_90min
36.03918230128836,39.956511442506326,0.04302116395956121,residual_5_to_90min
35.46449959929037,40.60398472473622,0.038165303317923296,residual_5_to_90min
34.9078570691205,41.251458006966125,0.033110230649516084,residual_5_to_90min
34.36841837470244,41.89893128919603,0.028076610815883637,residual_5_to_90min
33.84539808957443,42.546404571425924,0.023299834616580632,residual_5_to_90min
33.33805788123101,43.19387785365583,0.018998579002969626,residual_5_to_90min
32.845703033575255,43.84135113588573,0.015347863355702044,residual_5_to_90min
32.36767927303647,44.48882441811563,0.012463308977411448,residual_5_to_90min
31.903369867860842,45.13629770034553,0.010398388004543197,residual_5_to_90min
31.452192973532934,45.78377098257543,0.009151936334156889,residual_5_to_90min
31.01359920030214,46.43124426480533,0.008680938426976183,residual_5_to_90min
30.587069381431856,47.07871754703523,0.008913669932616667,residual_5_to_90min
30.172112523109824,47.726190829265136,0.00975976131960394,residual_5_to_90min
29.768263918999118,48.37366411149503,0.011115630696660722,residual_5_to_90min
29.37508341420757,49.021137393724935,0.01286545513993517,residual_5_to_90min
28.99215380504132,49.66861067595483,0.014879189737632068,residual_5_to_90min
28.61907936231115,50.316083958184734,0.017010030709888924,residual_5_to_90min
28.255484467204045,50.96355724041464,0.019094107617233954,residual_5_to_90min
27.901012349834687,51.61103052264453,0.020955008780025545,residual_5_to_90min
27.55532392157166,52.25850380487444,0.02241486660943923,residual_5_to_90min
27.21809669310493,52.90597708710434,0.023312036861723097,residual_5_to_90min
26.889023770998193,53.553450369334236,0.023523030405410438,residual_5_to_90min
26.567812926163004,54.20092365156414,0.02298397359721009,residual_5_to_90min
26.254185728311874,54.848396933794035,0.021705670667368834,residual_5_to_90min
25.947876741001405,55.49587021602394,0.019777384189766448,residual_5_to_90min
25.648632772374636,56.14334349825384,0.017357750829605736,residual_5_to_90min
25.356212177157108,56.79081678048374,0.014655404012949765,residual_5_to_90min
25.070384205862407,57.43829006271364,0.011904836588035815,residual_5_to_90min
24.79092839752366,58.085763344943544,0.009343501581544084,residual_5_to_90min
24.51763401259197,58.73323662717344,0.007194329014882852,residual_5_to_90min
24.250299502936155,59.38070990940334,0.005655034212571543,residual_5_to_90min
23.988732016142507,60.02818319163325,0.004893166963769251,residual_5_to_90min
23.732746931552352,60.67565647386314,0.005044501635280516,residual_5_to_90min
23.482167425691802,61.323129756093046,0.006212097768172515,residual_5_to_90min
23.236824064944095,61.97060303832294,0.008463830174499008,residual_5_to_90min
22.996554423492494,62.618076320552845,0.011827068545161334,residual_5_to_90min
22.761202724723685,63.26554960278275,0.01628030945326046,residual_5_to_90min
22.530619504427705,63.913022885012644,0.021742874294847704,residual_5_to_90min
22.3046612942644,64.56049616724255,0.02806519561786012,residual_5_to_90min
22.08319032408776,65.20796944947244,0.03502343135580017,residual_5_to_90min
21.866074241830194,65.85544273170234,0.042322613521435244,residual_5_to_90min
21.653185849750145,66.50291601393225,0.0496115883920993,residual_5_to_90min
21.44440285593847,67.15038929616216,0.056510303877747955,residual_5_to_90min
21.239607640063632,67.79786257839206,0.06264606949289919,residual_5_to_90min
21.038687032412714,68.44533586062195,0.06769177943317299,residual_5_to_90min
20.84153210535627,69.09280914285185,0.07139763135556251,residual_5_to_90min
20.648037976429407,69.74028242508174,0.07360962298911967,residual_5_to_90min
20.458103622281243,70.38775570731165,0.07427239585971446,residual_5_to_90min
20.271631702799322,71.03522898954155,0.07341877875416775,residual_5_to_90min
20.088528394765465,71.68270227177146,0.0711515526383466,residual_5_to_90min
19.908703234446087,72.33017555400136,0.06762353942567377,residual_5_to_90min
19.732068968561816,72.97764883623125,0.06302053159867874,residual_5_to_90min
19.55854141312082,73.62512211846115,0.057549042374547485,residual_5_to_90min
19.38803931963581,74.27259540069106,0.05142856334596781,residual_5_to_90min
19.220484248278158,74.92006868292096,0.044886652152019445,residual_5_to_90min
19.055800447552972,75.56754196515087,0.03815482923758056,residual_5_to_90min
18.89391474010743,76.21501524738076,0.03146363706762849,residual_5_to_90min
18.734756414310624,76.86248852961066,0.0250359011110081,residual_5_to_90min
18.578257121267516,77.50996181184055,0.019077956660471768,residual_5_to_90min
18.424350776951837,78.15743509407046,0.01376930028795578,residual_5_to_90min
18.27297346916354,78.80490837630036,0.009251815353667155,residual_5_to_90min
18.12406336903554,79.45238165853027,0.005620345405808672,residual_5_to_90min
17.97756064683248,80.09985494076017,0.002916706357430313,residual_5_to_90min
17.83340739180035,80.74732822299006,0.0011289247028939604,residual_5_to_90min
17.69154753584172,81.39480150521996,0.00019643738131629147,residual_5_to_90min
17.551926780804948,82.04227478744987,2.0458788465880916e-05,residual_5_to_90min
17.4144925291895,82.68974806967977,0.0004773308269799317,residual_5_to_90min
17.279193818081417,83.33722135190966,0.0014320601267506271,residual_5_to_90min
17.14598125614478,83.98469463413957,0.00274967923364706,residual_5_to_90min
17.014806963505382,84.63216791636947,0.004303284862880824,residual_5_to_90min
16.885624514372964,85.27964119859936,0.005978991197164941,residual_5_to_90min
16.758388882257538,85.92711448082927,0.007678968833924133,residual_5_to_90min
16.633056387644032,86.57458776305917,0.009323885631928883,residual_5_to_90min
16.509584647997443,87.22206104528907,0.01085548174964175,residual_5_to_90min
16.38793252997838,87.86953432751898,0.012239067828799138,residual_5_to_90min
16.26806010375575,88.51700760974887,0.013464919064314013,residual_5_to_90min
16.149928599310023,89.16448089197877,0.01454723102145241,residual_5_to_90min
16.033500364626576,89.81195417420868,0.015519637931882393,residual_5_to_90min
15.918738825684507,90.45942745643858,0.01642714231774855,residual_5_to_90min
15.805608448151517,91.10690073866847,0.017315373996879633,residual_5_to_90min
15.694074700700586,91.75437402089837,0.018219050224519886,residual_5_to_90min
15.584104019868967,92.40184730312828,0.019152045340443454,residual_5_to_90min
15.475663776384325,93.04932058535817,0.020101383382815266,residual_5_to_90min
15.36872224288701,93.69679386758807,0.021026680724621643,residual_5_to_90min
15.26324856298148,94.34426714981798,0.021865254928905273,residual_5_to_90min
15.159212721553414,94.99174043204788,0.02254167574522674,residual_5_to_90min
15.056585516292525,95.63921371427777,0.0229794561060461,residual_5_to_90min
14.955338530364315,96.28668699650768,0.023112235530745276,residual_5_to_90min
14.855444106177114,96.93416027873758,0.022892276514530564,residual_5_to_90min
14.756875320193432,97.58163356096748,0.02229515513356465,residual_5_to_90min
14.659605958737512,98.22910684319739,0.021320783320722667,residual_5_to_90min
14.56361049475342,98.87658012542728,0.01999194182986417,residual_5_to_90min
14.468864065470319,99.52405340765718,0.01835202265978952,residual_5_to_90min
14.375342450933978,100.17152668988709,0.01646353506718815,residual_5_to_90min
14.283022053365475,100.81899997211698,0.014408172366194884,residual_5_to_90min
14.191879877310209,101.46647325434688,0.012288111694967657,residual_5_to_90min
14.101893510542148,102.11394653657679,0.010227104367443065,residual_5_to_90min
14.01304110568995,102.76141981880669,0.008369213284146517,residual_5_to_90min
13.925301362553366,103.40889310103658,0.006873073470846667,residual_5_to_90min
13.83865351107983,104.0563663832665,0.005900412952407393,residual_5_to_90min
13.753077294972696,104.70383966549639,0.005599149621186783,residual_5_to_90min
13.668552955903891,105.35131294772629,0.00608327697693063,residual_5_to_90min
13.585061218305189,105.9987862299562,0.007413337825496,residual_5_to_90min
13.502583274713507,106.64625951218609,0.009581885313754222,residual_5_to_90min
13.421100771646781,107.29373279441599,0.012507544102659739,residual_5_to_90min
13.340595795988218,107.94120607664588,0.01603926677632879,residual_5_to_90min
13.261050861857616,108.5886793588758,0.019969853919704388,residual_5_to_90min
13.18244889794962,109.23615264110569,0.024055719594583257,residual_5_to_90min
13.104773235319609,109.88362592333559,0.028038929125256396,residual_5_to_90min
13.028007595598874,110.5310992055655,0.031667850517370665,residual_5_to_90min
12.9521360796216,111.17857248779539,0.03471398084723624,residual_5_to_90min
12.877143156446909,111.82604577002529,0.036984058943149344,residual_5_to_90min
12.80301365276013,112.4735190522552,0.03832794889703071,residual_5_to_90min
12.729732742638026,113.1209923344851,0.03864366122723668,residual_5_to_90min
12.657285937663499,113.76846561671499,0.03788113440682746,residual_5_to_90min
12.585659077375968,114.4159388989449,0.036046023319764975,residual_5_to_90min
12.51483832004414,115.0634121811748,0.03320384272779802,residual_5_to_90min
12.444810133748579,115.7108854634047,0.029483632941868215,residual_5_to_90min
12.375561287762011,116.3583587456346,0.025079218619864986,residual_5_to_90min
12.30707884421581,117.0058320278645,0.02024555215799003,residual_5_to_90min
12.23935015004165,117.6533053100944,0.015287935722106594,residual_5_to_90min
12.172362829177791,118.3007785923243,0.010543222552842646,residual_5_to_90min
12.106104775029902,118.9482518745542,0.006354141747475727,residual_5_to_90min
12.04056414317678,119.5957251567841,0.003040013225354119,residual_5_to_90min
11.975729344311743,120.24319843901401,0.0008684938935033492,residual_5_to_90min
11.911589037410826,120.8906717212439,3.301370084616792e-05,residual_5_to_90min
11.84813212311939,121.5381450034738,0.0006391672535933066,residual_5_to_90min
11.785347737348943,122.18561828570371,0.002701071301719902,residual_5_to_90min
11.72322524507656,122.83309156793361,0.006146442853370124,residual_5_to_90min
11.661754234339279,123.4805648501635,0.010827642454812752,residual_5_to_90min
11.600924510416528,124.1280381323934,0.016535493607271468,residual_5_to_90min
11.540726090193658,124.77551141462331,0.02301322152635092,residual_5_to_90min
11.48114919670006,125.4229846968532,0.02996897405216053,residual_5_to_90min
11.422184253815566,126.0704579790831,0.03708666272979517,residual_5_to_90min
11.363821881139183,126.71793126131301,0.04403594333909176,residual_5_to_90min
11.306052889014312,127.36540454354291,0.05048281148010368,residual_5_to_90min
11.24886827370492,128.01287782577282,0.05610238924353397,residual_5_to_90min
11.19225921271741,128.66035110800271,0.060594973152374144,residual_5_to_90min
11.136217060262997,129.3078243902326,0.06370534404140925,residual_5_to_90min
11.080733342855753,129.9552976724625,0.06524388674746334,residual_5_to_90min
11.025799755041586,130.6027709546924,0.06510659174558078,residual_5_to_90min
10.971408155253629,131.2502442369223,0.06329002670325366,residual_5_to_90min
10.917550561789707,131.8977175191522,0.059897391184833226,residual_5_to_90min
10.864219148907697,132.54519080138212,0.055133065251883454,residual_5_to_90min
10.8114062430348,133.19266408361202,0.049285407872669246,residual_5_to_90min
10.759104319086797,133.8401373658419,0.042700224642245696,residual_5_to_90min
10.707305996893666,134.48761064807184,0.03574935881328533,residual_5_to_90min
10.656004037727945,135.13508393030173,0.02879955668221858,residual_5_to_90min
10.60519134093241,135.78255721253163,0.022185990153032614,residual_5_to_90min
10.554860940643794,136.43003049476152,0.016193047745900697,residual_5_to_90min
10.505006002609345,137.07750377699142,0.011042985776789605,residual_5_to_90min
10.455619821093196,137.72497705922132,0.006891433869179267,residual_5_to_90min
10.406695815869568,138.3724503414512,0.003827919125860359,residual_5_to_90min
10.35822752930002,139.0199236236811,0.0018795081709976117,residual_5_to_90min
10.310208623491976,139.667396905911,0.0010161350860556065,residual_5_to_90min
10.262632877535921,140.31487018814093,0.0011568802937421026,residual_5_to_90min
10.215494184818773,140.96234347037083,0.0021771185969350574,residual_5_to_90min
10.168786550410912,141.60981675260072,0.003916872777379245,residual_5_to_90min
10.122504088524579,142.25729003483062,0.006190790453713201,residual_5_to_90min
10.076641020041402,142.90476331706054,0.008799892429926681,residual_5_to_90min
10.03119167010678,143.55223659929044,0.011544699617969074,residual_5_to_90min
9.986150465789118,144.19970988152033,0.014238705764597554,residual_5_to_90min
9.941511933801813,144.84718316375023,0.016720662581595238,residual_5_to_90min
9.897270698286087,145.49465644598013,0.018864010344269305,residual_5_to_90min
9.853421478652743,146.14212972821002,0.020582137079528762,residual_5_to_90min
9.809959087481044,146.78960301043992,0.02182891610556797,residual_5_to_90min
9.766878428472964,147.43707629266984,0.022594915739670075,residual_5_to_90min
9.7241744944611,148.08454957489974,0.022900485765987414,residual_5_to_90min
9.681842365468588,148.73202285712964,0.022787356063483748,residual_5_to_90min
9.639877206819543,149.37949613935953,0.02231034567846421,residual_5_to_90min
9.598274267298363,150.02696942158943,0.021530357828115913,residual_5_to_90min
9.55702887735651,150.67444270381932,0.02050922049756478,residual_5_to_90min
9.516136447365348,151.32191598604922,0.01930633939611558,residual_5_to_90min
9.47559246591362,151.96938926827914,0.01797672531812397,residual_5_to_90min
9.43539249814828,152.61686255050904,0.01656981513717177,residual_5_to_90min
9.395532184157355,153.26433583273894,0.0151286025579585,residual_5_to_90min
9.35600723739366,153.91180911496883,0.013688839187839728,residual_5_to_90min
9.316813443138106,154.55928239719873,0.012278339491392957,residual_5_to_90min
9.277946657001479,155.20675567942862,0.01091662162031324,residual_5_to_90min
9.239402803463562,155.85422896165855,0.009615179943470033,residual_5_to_90min
9.201177874448542,156.50170224388845,0.008378604955789314,residual_5_to_90min
9.163267927935586,157.14917552611834,0.007206576596702962,residual_5_to_90min
9.125669086603674,157.79664880834824,0.00609652222778606,residual_5_to_90min
9.088377536509633,158.44412209057813,0.005046526481982576,residual_5_to_90min
9.051389525798452,159.09159537280803,0.004057972169726418,residual_5_to_90min
9.014701363444967,159.73906865503795,0.003137412987394862,residual_5_to_90min
8.978309418026038,160.38654193726785,0.0022973213145203344,residual_5_to_90min
8.942210116522308,161.03401521949775,0.0015555739633921332,residual_5_to_90min
8.906399943148797,161.68148850172764,0.0009337764995400067,residual_5_to_90min
8.870875438213458,162.32896178395754,0.0004547302899860934,residual_5_to_90min
8.835633197002942,162.97643506618743,0.00013948104763485502,residual_5_to_90min
8.800669868694824,163.62390834841736,4.436359573108897e-06,residual_5_to_90min
8.765982155295557,164.27138163064726,5.899972182468013e-05,residual_5_to_90min
8.731566810603427,164.91885491287715,0.00030405091284124106,residual_5_to_90min
8.697420639195864,165.56632819510705,0.0007314336180755678,residual_5_to_90min
8.6635404954404,166.21380147733694,0.0013244304619989614,residual_5_to_90min
8.629923282528672,166.86127475956684,0.00205905432162251,residual_5_to_90min
8.59656595153282,167.50874804179674,0.002905891317325821,residual_5_to_90min
8.563465500483677,168.15622132402666,0.0038322014390950285,residual_5_to_90min
8.530618973470192,168.80369460625656,0.0048040044351444315,residual_5_to_90min
8.498023459759478,169.45116788848645,0.00578793140841751,residual_5_to_90min
8.465676092936985,170.09864117071635,0.006752691537196778,residual_5_to_90min
8.433574050066197,170.74611445294624,0.007670081994893378,residual_5_to_90min
8.401714550867412,171.39358773517614,0.008515553743900362,residual_5_to_90min
8.370094856915056,172.04106101740607,0.009268426571841671,residual_5_to_90min
8.338712270853037,172.68853429963596,0.009911904241829458,residual_5_to_90min
8.3075641356277,173.33600758186586,0.01043305251730554,residual_5_to_90min
8.276647833737915,173.98348086409575,0.010822856394635266,residual_5_to_90min
8.245960786501827,174.63095414632565,0.011076376690547575,residual_5_to_90min
8.215500453339883,175.27842742855555,0.011192912727843946,residual_5_to_90min
8.185264331073668,175.92590071078547,0.011175994610846316,residual_5_to_90min
8.155249953240183,176.57337399301537,0.011033019095851982,residual_5_to_90min
8.125454889421148,177.22084727524526,0.01077442633369788,residual_5_to_90min
8.09587674458695,177.86832055747516,0.010412471831138014,residual_5_to_90min
8.066513158454883,178.51579383970505,0.009959824527108996,residual_5_to_90min
8.037361804861288,179.16326712193495,0.009428348101535311,residual_5_to_90min
8.008420391147258,179.81074040416487,0.00882844188754102,residual_5_to_90min
7.979686657557584,180.45821368639477,0.008169209962984586,residual_5_to_90min
7.95115837665258,181.10568696862467,0.007459516265873869,residual_5_to_90min
7.92283335273247,181.75316025085456,0.006709729122603176,residual_5_to_90min
7.894709421274065,182.40063353308446,0.005933735318470952,residual_5_to_90min
7.866784448379366,183.04810681531436,0.005150680006690971,residual_5_to_90min
7.839056330235845,183.69558009754425,0.004385905407773401,residual_5_to_90min
7.811522992588093,184.34305337977418,0.003670718273807966,residual_5_to_90min
7.784182390220566,184.99052666200407,0.0030408705014233184,residual_5_to_90min
7.757032506451153,185.63799994423397,0.002533917628511657,residual_5_to_90min
7.730071352635308,186.28547322646386,0.002185852484193563,residual_5_to_90min
7.70329696768049,186.93294650869376,0.002027545164124974,residual_5_to_90min
7.67670741757065,187.58041979092366,0.0020815395231067384,residual_5_to_90min
7.650300794900538,188.22789307315358,0.0023596737343175734,residual_5_to_90min
7.624075218419588,188.87536635538348,0.0028618372369626356,residual_5_to_90min
7.59802883258516,189.52283963761337,0.003575982628772413,residual_5_to_90min
7.572159807124889,190.17031291984327,0.004479314082502373,residual_5_to_90min
7.546466336607961,190.81778620207317,0.005540409231857716,residual_5_to_90min
7.520946640025084,191.46525948430306,0.006721929645139601,residual_5_to_90min
7.495598960376953,192.112732766533,0.007983550953590768,residual_5_to_90min
7.470421564271003,192.76020604876288,0.009284788558771871,residual_5_to_90min
7.445412741526267,193.40767933099278,0.010587478191983747,residual_5_to_90min
7.420570804786145,194.05515261322267,0.01185775497004003,residual_5_to_90min
7.395894089138898,194.70262589545257,0.013067434437509415,residual_5_to_90min
7.37138095174569,195.35009917768247,0.014194732638970583,residual_5_to_90min
7.347029771475996,195.9975724599124,0.015224288984996875,residual_5_to_90min
7.322838948550224,196.6450457421423,0.01614650088124614,residual_5_to_90min
7.298806904189368,197.29251902437218,0.016956255122339777,residual_5_to_90min
7.274932080271533,197.93999230660208,0.017651236449016068,residual_5_to_90min
7.251212938995187,198.58746558883198,0.018230077068146232,residual_5_to_90min
7.227647962548977,199.23493887106187,0.018690647397946136,residual_5_to_90min
7.204235652787949,199.88241215329177,0.019028758174971926,residual_5_to_90min
7.180974530916076,200.5298854355217,0.019237453683934872,residual_5_to_90min
7.157863137174871,201.1773587177516,0.019306955164861927,residual_5_to_90min
7.134900030538026,201.82483199998148,0.01922520298879561,residual_5_to_90min
7.112083788411897,202.47230528221138,0.018978880497885216,residual_5_to_90min
7.08941300634172,203.11977856444128,0.018554796111432407,residual_5_to_90min
7.066886297723432,203.76725184667117,0.01794154183003676,residual_5_to_90min
7.044502293520957,204.4147251289011,0.017131401564173438,residual_5_to_90min
7.022259641988874,205.062198411131,0.01612250876968164,residual_5_to_90min
7.000157008400275,205.7096716933609,0.014921217052552088,residual_5_to_90min
6.978193074779806,206.35714497559078,0.01354454491074925,residual_5_to_90min
6.956366539641666,207.00461825782068,0.012022416942159978,residual_5_to_90min
6.934676117732541,207.65209154005058,0.010399305974723402,residual_5_to_90min
6.913120539779315,208.2995648222805,0.008734845241328813,residual_5_to_90min
6.891698552241482,208.9470381045104,0.0071030635855682525,residual_5_to_90min
6.870408917068137,209.5945113867403,0.005590089499228706,residual_5_to_90min
6.849250411459471,210.2419846689702,0.004290413180718219,residual_5_to_90min
6.828221827632638,210.8894579512001,0.0033020074895017994,residual_5_to_90min
6.807321972591949,211.53693123342998,0.002720721881240968,residual_5_to_90min
6.786549667903247,212.1844045156599,0.002634359747901671,residual_5_to_90min
6.765903749472426,212.8318777978898,0.0031167658582940444,residual_5_to_90min
6.745383067327959,213.4793510801197,0.004222155815595405,residual_5_to_90min
6.724986485407377,214.1268243623496,0.005979876622563819,residual_5_to_90min
6.7047128813476204,214.7742976445795,0.008389822494642936,residual_5_to_90min
6.684561146279162,215.4217709268094,0.011418823743848708,residual_5_to_90min
6.664530184623829,216.06924420903928,0.014998430083704946,residual_5_to_90min
6.644618913896261,216.7167174912692,0.019024571108924963,residual_5_to_90min
6.624826264508901,217.3641907734991,0.02335956057186237,residual_5_to_90min
6.6051511795804725,218.011664055729,0.027836801593935045,residual_5_to_90min
6.58559261474786,218.6591373379589,0.03226834156577164,residual_5_to_90min
6.56614953798131,219.3066106201888,0.0364551165624514,residual_5_to_90min
6.546820929402917,219.9540839024187,0.04019932760865806,residual_5_to_90min
6.527605781108275,220.6015571846486,0.043317953780275954,residual_5_to_90min
6.508503096991294,221.2490304668785,0.04565603118307595,residual_5_to_90min
6.489511892572062,221.8965037491084,0.047098149653391104,residual_5_to_90min
6.470631194827715,222.5439770313383,0.047576757824764684,residual_5_to_90min
6.45186004202626,223.1914503135682,0.0470763470533955,residual_5_to_90min
6.433197483563273,223.8389235957981,0.04563329654862875,residual_5_to_90min
6.414642579801424,224.48639687802802,0.04333188835493967,residual_5_to_90min
6.396194401912779,225.1338701602579,0.04029750581825227,residual_5_to_90min
6.3778520317238,225.7813434424878,0.03668816700854708,residual_5_to_90min
6.359614561563024,226.4288167247177,0.0326853244863879,residual_5_to_90min
6.34148109411133,227.0762900069476,0.028484437191158157,residual_5_to_90min
6.323450742254774,227.7237632891775,0.02428540754094577,residual_5_to_90min
6.305522628939913,228.37123657140742,0.02028276348535674,residual_5_to_90min
6.287695887031606,229.01870985363732,0.016655533851913987,residual_5_to_90min
6.269969659173186,229.66618313586721,0.013557075560140094,residual_5_to_90min
6.252343097649031,230.3136564180971,0.01110553104869709,residual_5_to_90min
6.234815364249412,230.961129700327,0.009375957022359944,residual_5_to_90min
6.217385630137627,231.6086029825569,0.008395324765270596,residual_5_to_90min
6.200053075719353,232.2560762647868,0.008141455644957,residual_5_to_90min
6.182816890514174,232.90354954701672,0.008546502041407278,residual_5_to_90min
6.165676273029256,233.55102282924662,0.009504873644591672,residual_5_to_90min
6.148630430635097,234.19849611147652,0.010884687191607725,residual_5_to_90min
6.131678579443357,234.8459693937064,0.012541099218377564,residual_5_to_90min
6.114819944186689,235.4934426759363,0.014329496665440864,residual_5_to_90min
6.098053758100544,236.1409159581662,0.016116627510368648,residual_5_to_90min
6.081379262806927,236.78838924039613,0.017788357407473986,residual_5_to_90min
6.064795708200053,237.43586252262602,0.019253664253865165,residual_5_to_90min
6.048302352333851,238.08333580485592,0.02044543386494461,residual_5_to_90min
6.031898461311323,238.73080908708582,0.02131929044317809,residual_5_to_90min
6.015583309175685,239.3782823693157,0.02185188437498555,residual_5_to_90min
5.999356177803277,240.0257556515456,0.022039738261674578,residual_5_to_90min
5.983216356798186,240.67322893377553,0.021899064192925796,residual_5_to_90min
5.967163143388587,241.32070221600543,0.021466172583005445,residual_5_to_90min
5.951195842324736,241.96817549823533,0.02079748339043594,residual_5_to_90min
5.935313765778595,242.61564878046522,0.019967940629667152,residual_5_to_90min
5.9195162332450675,243.26312206269512,0.01906689304487938,residual_5_to_90min
5.903802571444798,243.910595344925,0.01819114782063357,residual_5_to_90min
5.888172114228526,244.55806862715494,0.017435721417480746,residual_5_to_90min
5.872624202482948,245.20554190938483,0.01688355389234864,residual_5_to_90min
5.857158184038061,245.85301519161473,0.016595909444704134,residual_5_to_90min
5.841773413575989,246.50048847384463,0.01660522978097573,residual_5_to_90min
5.826469252541214,247.14796175607452,0.016911814193273554,residual_5_to_90min
5.811245069052235,247.79543503830442,0.017484952693904668,residual_5_to_90min
5.796100237814602,248.44290832053431,0.018268214690896536,residual_5_to_90min
5.781034140035296,249.09038160276424,0.019187737804693218,residual_5_to_90min
5.766046163338469,249.73785488499414,0.02016180893933819,residual_5_to_90min
5.751135701682456,250.38532816722403,0.021109935417527755,residual_5_to_90min
5.736302155278093,251.03280144945393,0.021959972938336816,residual_5_to_90min
5.721544930508293,251.68027473168382,0.022652564311382184,residual_5_to_90min
5.706863439848861,252.32774801391372,0.023142913090138904,residual_5_to_90min
5.692257101790512,252.97522129614364,0.023400534305004918,residual_5_to_90min
5.677725340762107,253.62269457837354,0.0234079339685293,residual_5_to_90min
5.663267587055041,254.27016786060344,0.02315913031287504,residual_5_to_90min
5.648883276748788,254.91764114283333,0.022658614352274235,residual_5_to_90min
5.634571851637586,255.56511442506323,0.02192089958234358,residual_5_to_90min
5.620332759158228,256.2125877072931,0.020970393715473,residual_5_to_90min
5.60616545231894,256.86006098952305,0.019841070348651003,residual_5_to_90min
5.592069389629349,257.50753427175295,0.018575390201250503,residual_5_to_90min
5.5780440350314775,258.15500755398284,0.017222109669930607,residual_5_to_90min
5.564088857831804,258.80248083621274,0.01583294672698279,residual_5_to_90min
5.550203332634313,259.44995411844263,0.01445844282147475,residual_5_to_90min
5.536386939274574,260.09742740067253,0.013143650946364648,residual_5_to_90min
5.52263916275477,260.7449006829024,0.011924404521252038,residual_5_to_90min
5.508959493179722,261.3923739651324,0.01082483854902131,residual_5_to_90min
5.4953474256938435,262.0398472473622,0.009856567385366668,residual_5_to_90min
5.481802460419027,262.68732052959217,0.00901955563892224,residual_5_to_90min
5.468324102393466,263.334793811822,0.008304364125299472,residual_5_to_90min
5.454911861511345,263.98226709405196,0.007695213328517263,residual_5_to_90min
5.441565252463452,264.62974037628186,0.007173235826167919,residual_5_to_90min
5.428283794678631,265.27721365851176,0.006719378403762407,residual_5_to_90min
5.415067012266101,265.92468694074165,0.006316607879195401,residual_5_to_90min
5.401914433958621,266.57216022297155,0.005951296582348237,residual_5_to_90min
5.388825593056471,267.21963350520144,0.005613848037938145,residual_5_to_90min
5.375800027372254,267.86710678743134,0.005298732077090234,residual_5_to_90min
5.36283727917649,268.51458006966124,0.00500412482347266,residual_5_to_90min
5.349936895143999,269.16205335189113,0.004731312540461698,residual_5_to_90min
5.337098426301054,269.8095266341211,0.004483953293905814,residual_5_to_90min
5.324321427973299,270.4569999163509,0.004267231413306247,residual_5_to_90min
5.311605459734398,271.1044731985809,0.0040869105124689015,residual_5_to_90min
5.298950085355443,271.7519464808107,0.003948298167625483,residual_5_to_90min
5.286354872755056,272.39941976304067,0.003855169913759842,residual_5_to_90min
5.273819393950222,273.04689304527056,0.003808742729946027,residual_5_to_90min
5.261343225007809,273.69436632750046,0.003806818231401577,residual_5_to_90min
5.248925945996777,274.34183960973036,0.0038432199131969444,residual_5_to_90min
5.236567140941064,274.98931289196025,0.003907624919481375,residual_5_to_90min
5.2242663977731345,275.63678617419015,0.003985847366582236,residual_5_to_90min
5.212023308288179,276.28425945642005,0.004060580577314107,residual_5_to_90min
5.199837468098963,276.93173273864994,0.004112560737010465,residual_5_to_90min
5.187708476591296,277.57920602087984,0.004122078493900883,residual_5_to_90min
5.175635936880138,278.22667930310973,0.0040707354191029214,residual_5_to_90min
5.1636194557663,278.8741525853397,0.003943315065165123,residual_5_to_90min
5.151658643693766,279.5216258675696,0.0037296140159549865,residual_5_to_90min
5.139753114707585,280.1690991497995,0.0034260638016606194,residual_5_to_90min
5.12790248641236,280.8165724320294,0.0030369801895065262,residual_5_to_90min
5.116106379931311,281.46404571425927,0.0025753089140438746,residual_5_to_90min
5.104364419865892,282.11151899648917,0.002062793568456005,residual_5_to_90min
5.09267623425597,282.75899227871906,0.0015295587636286645,residual_5_to_90min
5.081041454540548,283.40646556094896,0.0010131607508648333,residual_5_to_90min
5.0694597155190255,284.05393884317886,0.0005571918606371958,residual_5_to_90min
5.0579306553129815,284.70141212540875,0.00020952691393690307,residual_5_to_90min
5.046453915328495,285.34888540763865,2.0273691196202166e-05,residual_5_to_90min
5.035029140218953,285.99635868986854,3.9450288911272256e-05,residual_5_to_90min
5.023655977848383,286.64383197209844,0.0003143802720817221,residual_5_to_90min
5.0123340792552735,287.2913052543284,0.0008867928708171411,residual_5_to_90min
5.001063098616881,287.9387785365583,0.001789655712144734,residual_5_to_90min
2.05,702.439024390244,0.014762961904335266,residual_115_to_120s
2.0481121522985215,703.0864976724739,0.0146891187463872,residual_115_to_120s
2.0462277784408482,703.7339709547038,0.014606572242938716,residual_115_to_120s
2.0443468688474216,704.3814442369337,0.014497138975963218,residual_115_to_120s
2.042469413973873,705.0289175191635,0.014342352078148156,residual_115_to_120s
2.040595404310863,705.6763908013935,0.014126193757605671,residual_115_to_120s
2.0387248303839196,706.3238640836233,0.013837406465498062,residual_115_to_120s
2.036857682753281,706.9713373658533,0.013471096196700538,residual_115_to_120s
2.034993952013733,707.6188106480831,0.013029527717620917,residual_115_to_120s
2.0331336287944533,708.2662839303131,0.012522187379004587,residual_115_to_120s
2.031276703758856,708.9137572125429,0.011965305560345597,residual_115_to_120s
2.029423167604431,709.5612304947729,0.011381066603656991,residual_115_to_120s
2.027573011062595,710.2087037770027,0.010796695940361084,residual_115_to_120s
2.0257262248985297,710.8561770592327,0.010243526007774565,residual_115_to_120s
2.023882799911033,711.5036503414626,0.009756034705951488,residual_115_to_120s
2.022042726932366,712.1511236236925,0.009370752289230741,residual_115_to_120s
2.0202059968281003,712.7985969059224,0.009124871384892614,residual_115_to_120s
2.0183726004969635,713.4460701881522,0.009054392044907511,residual_115_to_120s
2.016542528870695,714.0935434703822,0.009191702337641383,residual_115_to_120s
2.0147157729138927,714.741016752612,0.009562632851686757,residual_115_to_120s
2.0128923236238636,715.388490034842,0.010183206976883985,residual_115_to_120s
2.0110721720304787,716.0359633170718,0.011056491002522189,residual_115_to_120s
2.0092553091960252,716.6834365993018,0.012170067205912764,residual_115_to_120s
2.007441726215058,717.3309098815316,0.013494653982278842,residual_115_to_120s
2.005631414214256,717.9783831637616,0.014984258645402102,residual_115_to_120s
2.0038243643522775,718.6258564459915,0.01657800201231173,residual_115_to_120s
2.002020567819617,719.2733297282214,0.0182034750467295,residual_115_to_120s
2.0002200158384573,719.9208030104513,0.01978126214471903,residual_115_to_120s
1.9984226996625363,720.5682762926812,0.021230145832521613,residual_115_to_120s
1.996628610576994,721.2157495749111,0.02247249204162134,residual_115_to_120s
1.994837739898242,721.863222857141,0.023439361243285554,residual_115_to_120s
1.9930500789738161,722.5106961393709,0.02407495238960573,residual_115_to_120s
1.9912656191822413,723.1581694216007,0.02434004620992085,residual_115_to_120s
1.9894843519328906,723.8056427038307,0.024214187452094988,residual_115_to_120s
1.987706268665849,724.4531159860605,0.02369645699922056,residual_115_to_120s
1.985931360851775,725.1005892682905,0.02280483747486037,residual_115_to_120s
1.984159619991765,725.7480625505203,0.021574338420208516,residual_115_to_120s
1.982391037617217,726.3955358327503,0.02005416965279007,residual_115_to_120s
1.9806256052896962,727.0430091149802,0.01830429903630736,residual_115_to_120s
1.9788633146008023,727.6904823972101,0.016391707108152968,residual_115_to_120s
1.9771041571720318,728.33795567944,0.014386593976195525,residual_115_to_120s
1.9753481246546498,728.9854289616699,0.01235874808934384,residual_115_to_120s
1.9735952087295545,729.6329022438998,0.01037427088683796,residual_115_to_120s
1.9718454011071485,730.2803755261297,0.00849284720840489,residual_115_to_120s
1.9700986935272051,730.9278488083596,0.006765718742992063,residual_115_to_120s
1.9683550777587435,731.5753220905895,0.005234429364793519,residual_115_to_120s
1.9666145455998922,732.2227953728194,0.00393027912401573,residual_115_to_120s
1.9648770888777667,732.8702686550492,0.002874299484783025,residual_115_to_120s
1.9631426994483385,733.5177419372792,0.002077508800079806,residual_115_to_120s
1.9614113691963089,734.165215219509,0.0015412594515934938,residual_115_to_120s
1.9596830900349813,734.812688501739,0.001257630047909277,residual_115_to_120s
1.9579578539061369,735.4601617839689,0.0012099818403704036,residual_115_to_120s
1.9562356527799083,736.1076350661988,0.0013739024867939118,residual_115_to_120s
1.9545164786546554,736.7551083484287,0.001718739553513036,residual_115_to_120s
1.952800323556841,737.4025816306586,0.0022097753334633366,residual_115_to_120s
1.951087179540908,738.0500549128885,0.0028108725955973616,residual_115_to_120s
1.9493770386891571,738.6975281951184,0.0034872224250406653,residual_115_to_120s
1.9476698931116234,739.3450014773483,0.004207732503812837,residual_115_to_120s
1.9459657349459567,739.9924747595782,0.004946639086698849,residual_115_to_120s
1.9442645563573002,740.6399480418081,0.005684085368481641,residual_115_to_120s
1.9425663495381704,741.287421324038,0.006405627638552623,residual_115_to_120s
1.9408711067083362,741.9348946062679,0.007100849926962661,residual_115_to_120s
1.9391788201147038,742.5823678884979,0.007761441275383126,residual_115_to_120s
1.9374894820311943,743.2298411707277,0.008379184784739369,residual_115_to_120s
1.935803084758629,743.8773144529576,0.0089443053901516,residual_115_to_120s
1.9341196206246112,744.5247877351875,0.009444524169513115,residual_115_to_120s
1.93243908198341,745.1722610174174,0.009864996087964649,residual_115_to_120s
1.9307614612158444,745.8197342996473,0.010189111175735035,residual_115_to_120s
1.9290867507291694,746.4672075818772,0.010399965938287188,residual_115_to_120s
1.9274149429569596,747.1146808641071,0.010482197659642109,residual_115_to_120s
1.925746030358996,747.762154146337,0.010423832987464217,residual_115_to_120s
1.924080005421153,748.4096274285669,0.010217831658585705,residual_115_to_120s
1.9224168606552852,749.0571007107968,0.009863096628600191,residual_115_to_120s
1.9207565885991167,749.7045739930267,0.00936485637115937,residual_115_to_120s
1.919099181816126,750.3520472752566,0.00873447400250698,residual_115_to_120s
1.9174446328954389,750.9995205574864,0.007988857642548005,residual_115_to_120s
1.9157929344517144,751.6469938397164,0.007149693038125576,residual_115_to_120s
1.9141440791250388,752.2944671219464,0.006242672043140232,residual_115_to_120s
1.9124980595808143,752.9419404041762,0.005296769113035859,residual_115_to_120s
1.9108548685096476,753.5894136864061,0.0043434807417432565,residual_115_to_120s
1.9092144986272472,754.236886968636,0.0034158610399014607,residual_115_to_120s
1.9075769426743108,754.8843602508659,0.002547209453524928,residual_115_to_120s
1.9059421934164225,755.5318335330958,0.001769393059806029,residual_115_to_120s
1.9043102436439419,756.1793068153257,0.001110960576565906,residual_115_to_120s
1.9026810861719017,756.8267800975556,0.000595342971663558,residual_115_to_120s
1.9010547138399,757.4742533797855,0.00023946567467245995,residual_115_to_120s
1.8994311195119968,758.1217266620154,5.3002947966079866e-05,residual_115_to_120s
1.8978102960766092,758.7691999442453,3.8331025570830476e-05,residual_115_to_120s
1.8961922364464066,759.4166732264753,0.00019106162373395743,residual_115_to_120s
1.8945769335582094,760.0641465087051,0.0005009284964273945,residual_115_to_120s
1.8929643803728835,760.7116197909351,0.0009527818888772328,residual_115_to_120s
1.891354569875242,761.3590930731649,0.0015275007042331009,residual_115_to_120s
1.8897474950739381,762.0065663553949,0.0022027197875876974,residual_115_to_120s
1.8881431490013694,762.6540396376247,0.0029533541051454085,residual_115_to_120s
1.8865415247135735,763.3015129198546,0.0037519666514478447,residual_115_to_120s
1.8849426152901292,763.9489862020845,0.004569075446611178,residual_115_to_120s
1.8833464138340563,764.5964594843144,0.005373535457891123,residual_115_to_120s
1.8817529134717177,765.2439327665443,0.006133162152526534,residual_115_to_120s
1.8801621073527184,765.8914060487742,0.006815765699053015,residual_115_to_120s
1.8785739886498098,766.5388793310042,0.007390709233332236,residual_115_to_120s
1.8769885505587913,767.186352613234,0.007830971449209386,residual_115_to_120s
1.8754057862984115,767.8338258954639,0.00811549735657804,residual_115_to_120s
1.873825689110273,768.4812991776938,0.008231422841983287,residual_115_to_120s
1.872248252258737,769.1287724599238,0.008175653001440254,residual_115_to_120s
1.870673469030826,769.7762457421536,0.007955341536928118,residual_115_to_120s
1.8691013327361286,770.4237190243836,0.007587067971171129,residual_115_to_120s
1.8675318367067066,771.0711923066134,0.007094854492824641,residual_115_to_120s
1.8659649742969984,771.7186655888434,0.00650746131200523,residual_115_to_120s
1.8644007388837267,772.3661388710732,0.005855529856975734,residual_115_to_120s
1.8628391238658046,773.0136121533031,0.005169078562656739,residual_115_to_120s
1.8612801226642428,773.661085435533,0.004475660425906771,residual_115_to_120s
1.8597237287220572,774.3085587177629,0.0037992685025260583,residual_115_to_120s
1.8581699355041774,774.9560319999928,0.0031599068035776047,residual_115_to_120s
1.856618736497355,775.6035052822227,0.002573659108053385,residual_115_to_120s
1.8550701252100719,776.2509785644527,0.0020530715569455666,residual_115_to_120s
1.8535240951724505,776.8984518466825,0.001607682880383952,residual_115_to_120s
1.8519806399361638,777.5459251289125,0.0012445619010488555,residual_115_to_120s
1.8504397530743457,778.1933984111423,0.0009687367280975396,residual_115_to_120s
0.5,2880.0,0.019504898945758326,residual_26p3s
0.499887616709744,2880.64747328223,0.020099930948369118,residual_26p3s
0.4997752839281512,2881.2949465644597,0.020237253590414648,residual_26p3s
0.4996630016211786,2881.9424198466895,0.01987024688478792,residual_26p3s
0.49955076975481433,2882.58989312892,0.018981332082511262,residual_26p3s
0.4994385882950769,2883.2373664111497,0.017588242399252906,residual_26p3s
0.49932645720801516,2883.8848396933795,0.015748364294459805,residual_26p3s
0.49921437645970856,2884.5323129756093,0.013560156667871049,residual_26p3s
0.49910234601626724,2885.179786257839,0.011160778846995508,residual_26p3s
0.4989903658438312,2885.827259540069,0.008719446712105965,residual_26p3s
0.4988784359085714,2886.474732822299,0.006426687397352052,residual_26p3s
0.4987665561766888,2887.1222061045287,0.004480449649845644,residual_26p3s
0.4986547266144147,2887.769679386759,0.0030707143939255692,residual_26p3s
0.49854294718801073,2888.417152668989,0.002364588425577178,residual_26p3s
0.4984312178637689,2889.0646259512187,0.002493712962217623,residual_26p3s
0.4983195386080113,2889.7120992334485,0.003545226453255765,residual_26p3s
0.49820790938709025,2890.3595725156783,0.005556705191037753,residual_26p3s
0.4980963301673881,2891.007045797908,0.008514746161401797,residual_26p3s
0.49798480091531716,2891.654519080138,0.012356373528029803,residual_26p3s
0.49787332159732034,2892.3019923623683,0.01697233027191991,residual_26p3s
0.4977618921798704,2892.949465644598,0.022211518599923086,residual_26p3s
0.4976505126294696,2893.596938926828,0.027886257808928484,residual_26p3s
0.49753918291265087,2894.244412209058,0.033778491694909894,residual_26p3s
0.4974279029959766,2894.8918854912877,0.03964745649123692,residual_26p3s
0.4973166728460394,2895.5393587735175,0.04523948166200347,residual_26p3s
0.49720549242946155,2896.1868320557473,0.05030042926571669,residual_26p3s
0.4970943617128951,2896.8343053379776,0.054590733012088576,residual_26p3s
0.49698328066302244,2897.4817786202075,0.05790214321782413,residual_26p3s
0.496872249246555,2898.1292519024373,0.06007434375912792,residual_26p3s
0.4967612674302346,2898.776725184667,0.06100893421690031,residual_26p3s
0.4966503351808322,2899.424198466897,0.06067821669748494,residual_26p3s
0.49653945246514875,2900.071671749127,0.059126958709698266,residual_26p3s
0.4964286192500149,2900.7191450313567,0.05646666776009065,residual_26p3s
0.4963178355022907,2901.3666183135865,0.0528634634815947,residual_26p3s
0.49620710118886574,2902.014091595817,0.04852182994923622,residual_26p3s
0.4960964162766598,2902.6615648780466,0.04366700299515555,residual_26p3s
0.4959857807326212,2903.3090381602765,0.038528449086886074,residual_26p3s
0.4958751945237282,2903.9565114425063,0.03332607386126979,residual_26p3s
0.49576465761698874,2904.603984724736,0.02825983588756121,residual_26p3s
0.4956541699794398,2905.251458006966,0.023502649989694247,residual_26p3s
0.4955437315781479,2905.898931289196,0.0191959961564651,residual_26p3s
0.4954333423802087,2906.546404571426,0.015447498594428311,residual_26p3s
0.4953230023527477,2907.193877853656,0.012329814920248799,residual_26p3s
0.495212711462919,2907.841351135886,0.009880383269664065,residual_26p3s
0.4951024696779065,2908.4888244181157,0.008101853784829454,residual_26p3s
0.49499227696492293,2909.1362977003455,0.006963338891776726,residual_26p3s
0.49488213329121056,2909.7837709825753,0.006402893180975096,residual_26p3s
0.49477203862404034,2910.431244264805,0.006331775836538486,residual_26p3s
0.49466199293071283,2911.078717547035,0.0066409370874821625,residual_26p3s
0.4945519961785572,2911.7261908292653,0.0072097423483467185,residual_26p3s
0.49444204833493244,2912.373664111495,0.007916278208531536,residual_26p3s
0.49433214936722547,2913.021137393725,0.008647907506484804,residual_26p3s
0.49422229924285316,2913.668610675955,0.009310367198036873,residual_26p3s
0.4941124979292608,2914.3160839581847,0.009833856466962537,residual_26p3s
0.49400274539392275,2914.9635572404145,0.010175239442489763,residual_26p3s
0.4938930416043424,2915.6110305226443,0.010316442892827262,residual_26p3s
0.4937833865280516,2916.2585038048746,0.010260010578766514,residual_26p3s
0.49367378013261176,2916.9059770871045,0.010023296144347472,residual_26p3s
0.49356422238561215,2917.5534503693343,0.009632823553671035,residual_26p3s
0.4934547132546714,2918.200923651564,0.00911997735065489,residual_26p3s
0.493345252707437,2918.848396933794,0.008518565795493425,residual_26p3s
0.4932358407115846,2919.495870216024,0.007864121654293604,residual_26p3s
0.49312647723481906,2920.1433434982537,0.0071942487108051815,residual_26p3s
0.4930171622448734,2920.7908167804835,0.0065490244344343015,residual_26p3s
0.49290789570950955,2921.438290062714,0.005970497732805135,residual_26p3s
0.49279867759651796,2922.0857633449436,0.005500655474724797,residual_26p3s
0.4926895078737177,2922.7332366271735,0.005177773540858151,residual_26p3s
0.492580386508956,2923.3807099094033,0.005031669018631217,residual_26p3s
0.492471313470109,2924.028183191633,0.005078866264275697,residual_26p3s
0.49236228872508103,2924.675656473863,0.005318932935403594,residual_26p3s
0.4922533122418049,2925.323129756093,0.005733134208620147,residual_26p3s
0.49214438398824184,2925.970603038323,0.006286086649970951,residual_26p3s
0.4920355039323814,2926.618076320553,0.006930379485131709,residual_26p3s
0.4919266720422415,2927.265549602783,0.007613381563572149,residual_26p3s
0.49181788828586825,2927.9130228850127,0.008284898874270688,residual_26p3s
0.49170915263133613,2928.5604961672425,0.008904145164419718,residual_26p3s
0.4916004650467476,2929.2079694494723,0.009444663147975626,residual_26p3s
0.49149182550023374,2929.855442731702,0.009896303292275302,residual_26p3s
0.4913832339599534,2930.5029160139325,0.010264000661612696,residual_26p3s
0.49127469039409394,2931.1503892961623,0.010563755572059455,residual_26p3s
0.49116619477087037,2931.797862578392,0.010816796131151746,residual_26p3s
0.4910577470585261,2932.445335860622,0.011043260427036017,residual_26p3s
0.49094934722533246,2933.092809142852,0.011256790576815986,residual_26p3s
0.490840995239589,2933.7402824250817,0.011461159490213254,residual_26p3s
0.49073269106962286,2934.3877557073115,0.011649532037224228,residual_26p3s
0.49062443468378936,2935.0352289895413,0.011806344545361516,residual_26p3s
0.4905162260504717,2935.6827022717716,0.011911223929989447,residual_26p3s
0.4904080651380812,2936.3301755540015,0.011943964797630921,residual_26p3s
0.4902999519150565,2936.9776488362313,0.011889390110834137,residual_26p3s
0.4901918863498646,2937.625122118461,0.011740963051861123,residual_26p3s
0.49008386841100016,2938.272595400691,0.011502306180362552,residual_26p3s
0.48997589806698527,2938.920068682921,0.011186290360567593,residual_26p3s
0.48986797528637,2939.5675419651507,0.010811973414877964,residual_26p3s
0.4897601000377324,2940.215015247381,0.010400218917577964,residual_26p3s
0.4896522722896776,2940.862488529611,0.0099691323858005,residual_26p3s
0.489544492010839,2941.5099618118406,0.009530431323168422,residual_26p3s
0.48943675916987717,2942.1574350940705,0.009087561374990578,residual_26p3s
0.4893290737354803,2942.8049083763003,0.008635911713345875,residual_26p3s
0.4892214356763642,2943.45238165853,0.008165003652791776,residual_26p3s
0.4891138449612725,2944.09985494076,0.007662121605505689,residual_26p3s
0.48900630155897584,2944.7473282229903,0.007116580887880583,residual_26p3s
0.4888988054382726,2945.39480150522,0.006523721372595872,residual_26p3s
0.48879135656798833,2946.04227478745,0.005887801551590863,residual_26p3s
0.48868395491697647,2946.68974806968,0.005223226880438274,residual_26p3s
0.4885766004541172,2947.3372213519096,0.004553909086352852,residual_26p3s
0.4884692931483186,2947.9846946341395,0.00391091935820389,residual_26p3s
0.4883620329685157,2948.6321679163693,0.0033288858522523366,residual_26p3s
0.4882548198836711,2949.279641198599,0.002841762214894796,residual_26p3s
0.48814765386277414,2949.9271144808295,0.0024786652825416846,residual_26p3s
0.48804053487484206,2950.5745877630593,0.002260455841418901,residual_26p3s
0.4879334628889188,2951.222061045289,0.002197607748671346,residual_26p3s
0.4878264378740756,2951.869534327519,0.0022896705583313397,residual_26p3s
0.4877194597994109,2952.517007609749,0.0025263110254560733,residual_26p3s
0.48761252863405025,2953.1644808919787,0.0028896033123109047,residual_26p3s
0.48750564434714605,2953.8119541742085,0.0033570268160355364,residual_26p3s
0.4873988069078778,2954.459427456439,0.0039045829807961233,residual_26p3s
0.4872920162854524,2955.1069007386686,0.004509542812118222,residual_26p3s
0.4871852724491032,2955.7543740208985,0.00515251398439238,residual_26p3s
0.4870785753680909,2956.4018473031283,0.0058186934486924875,residual_26p3s
0.4869719250117029,2957.049320585358,0.006498305890309156,residual_26p3s
0.4868653213492535,2957.696793867588,0.007186318676207632,residual_26p3s
0.48675876435008403,2958.344267149818,0.007881587438311586,residual_26p3s
0.4866522539835624,2958.9917404320477,0.008585634203430684,residual_26p3s
0.48654579021908334,2959.639213714278,0.00930128858602994,residual_26p3s
0.486439373026069,2960.286686996508,0.010031423569049028,residual_26p3s
0.48633300237396726,2960.9341602787376,0.010777988262524936,residual_26p3s
0.48622667823225335,2961.5816335609675,0.01154148278116371,residual_26p3s
0.4861204005704292,2962.2291068431973,0.012320932143964795,residual_26p3s
0.4860141693580232,2962.876580125427,0.01311428865540122,residual_26p3s
0.4859079845645904,2963.524053407657,0.013919031036033756,residual_26p3s
0.48580184615971234,2964.1715266898873,0.014732577761724522,residual_26p3s
0.48569575411299726,2964.818999972117,0.015552073024383781,residual_26p3s
0.4855897083940803,2965.466473254347,0.016373209250546625,residual_26p3s
0.4854837089726225,2966.113946536577,0.01718802524104697,residual_26p3s
0.4853777558183115,2966.7614198188066,0.017981989666251162,residual_26p3s
0.48527184890086184,2967.4088931010365,0.018731046297898596,residual_26p3s
0.4851659881900141,2968.0563663832663,0.019399590063949042,residual_26p3s
0.48506017365553533,2968.703839665496,0.01994050544576458,residual_26p3s
0.4849544052672189,2969.3513129477265,0.020298317225817507,residual_26p3s
0.48484868299488454,2969.9987862299563,0.020415991345910676,residual_26p3s
0.4847430068083785,2970.646259512186,0.020244862932098474,residual_26p3s
0.4846373766775731,2971.293732794416,0.019755769321346345,residual_26p3s
0.48453179257236717,2971.941206076646,0.01894838552609385,residual_26p3s
0.48442625446268517,2972.5886793588757,0.01785578570507345,residual_26p3s
0.4843207623184784,2973.2361526411055,0.016542635025506146,residual_26p3s
0.48421531610972396,2973.883625923336,0.015097471153514097,residual_26p3s
0.48410991580642526,2974.5310992055656,0.013621101462529296,residual_26p3s
0.4840045613786119,2975.1785724877955,0.012213526386903754,residual_26p3s
0.48389925279633916,2975.8260457700253,0.010961267196501194,residual_26p3s
0.4837939900296889,2976.473519052255,0.00992635082487298,residual_26p3s
0.4836887730487687,2977.120992334485,0.009138065361999518,residual_26p3s
0.4835836018237123,2977.768465616715,0.008588832010420414,residual_26p3s
0.48347847632467894,2978.415938898945,0.008235519139846078,residual_26p3s
0.48337339652185446,2979.063412181175,0.008006730013156285,residual_26p3s
0.48326836238545035,2979.710885463405,0.00781514060292719,residual_26p3s
0.4831633738857039,2980.3583587456346,0.007572573482789056,residual_26p3s
0.4830584309928783,2981.0058320278645,0.007204907579630655,residual_26p3s
0.4829535336772627,2981.6533053100943,0.006664281370774137,residual_26p3s
0.4828486819091716,2982.300778592324,0.005936865338410847,residual_26p3s
0.48274387565894605,2982.948251874554,0.005045195928654242,residual_26p3s
0.482639114896952,2983.5957251567843,0.004044572662276768,residual_26p3s
0.4825343995935818,2984.243198439014,0.0030137015831406735,residual_26p3s
0.4824297297192532,2984.890671721244,0.0020409915626891035,residual_26p3s
0.4823251052444097,2985.538145003474,0.0012094509778938045,residual_26p3s
0.48222052613952004,2986.1856182857036,0.0005840888953029436,residual_26p3s
0.48211599237507924,2986.8330915679335,0.00020518484818376166,residual_26p3s
0.4820115039216072,2987.4805648501633,8.872327651690307e-05,residual_26p3s
0.48190706074965,2988.1280381323936,0.0002327164440453406,residual_26p3s
0.4818026628297789,2988.7755114146235,0.0006263516173436657,residual_26p3s
0.4816983101325908,2989.4229846968533,0.0012585178875801056,residual_26p3s
0.4815940026287078,2990.070457979083,0.002123059921413764,residual_26p3s
0.48148974028877767,2990.717931261313,0.003219463829639609,residual_26p3s
0.4813855230834736,2991.365404543543,0.0045491212808260965,residual_26p3s
0.4812813509834941,2992.0128778257726,0.006108571656224449,residual_26p3s
0.48117722395956297,2992.660351108003,0.007881962137198684,residual_26p3s
0.4810731419824297,2993.307824390233,0.009835141001072216,residual_26p3s
0.4809691050228685,2993.9552976724626,0.011913203085337314,residual_26p3s
0.4808651130516792,2994.6027709546925,0.014042175118471237,residual_26p3s
0.480761166039687,2995.2502442369223,0.016134378102691183,residual_26p3s
0.4806572639577421,2995.897717519152,0.01809629098000109,residual_26p3s
0.48055340677671976,2996.545190801382,0.019837566667954942,residual_26p3s
0.480449594467521,2997.192664083612,0.02127998630859941,residual_26p3s
0.4803458270010711,2997.840137365842,0.02236529116971662,residual_26p3s
0.4802421043483214,2998.487610648072,0.023060912792982273,residual_26p3s
0.4801384264802475,2999.135083930302,0.023362768425408617,residual_26p3s
0.4800347933678506,2999.7825572125316,0.023294687969293564,residual_26p3s
0.4799312049821568,3000.4300304947615,0.022904706993160207,residual_26p3s
0.4798276612942169,3001.0775037769913,0.022259168136641014,residual_26p3s
0.47972416227510706,3001.724977059221,0.021435984483347208,residual_26p3s
0.4796207078959283,3002.3724503414514,0.020518332370229896,residual_26p3s
0.4795172981278067,3003.0199236236813,0.019589535288090567,residual_26p3s
0.4794139329418928,3003.667396905911,0.018729269154234302,residual_26p3s
0.4793106123093622,3004.314870188141,0.018010775956147487,residual_26p3s
0.4792073362014157,3004.962343470371,0.01749867415515966,residual_26p3s
0.4791041045892785,3005.6098167526006,0.017247146024495025,residual_26p3s
0.47900091744420065,3006.2572900348305,0.017298568774450244,residual_26p3s
0.478897774737457,3006.9047633170603,0.01768283049921338,residual_26p3s
0.4787946764403472,3007.5522365992906,0.018417526195184265,residual_26p3s
0.4786916225241957,3008.1997098815204,0.019508994966465486,residual_26p3s
0.4785886129603515,3008.8471831637503,0.020953866228594853,residual_26p3s
0.47848564772018815,3009.49465644598,0.022740575213873897,residual_26p3s
0.478382726775104,3010.14212972821,0.024850280246402498,residual_26p3s
0.47827985009652196,3010.78960301044,0.027256784784847676,residual_26p3s
0.4781770176558895,3011.4370762926696,0.029925389648294224,residual_26p3s
0.47807422942467853,3012.0845495749,0.03281098708887509,residual_26p3s
0.47797148537438566,3012.73202285713,0.03585605595390611,residual_26p3s
0.4778687854765321,3013.3794961393596,0.038989436471317314,residual_26p3s
0.47776612970266313,3014.0269694215895,0.042126795109814076,residual_26p3s
0.477663518024349,3014.6744427038193,0.0451735032983953,residual_26p3s
0.4775609504131838,3015.321915986049,0.048030231754990056,residual_26p3s
0.4774584268407865,3015.969389268279,0.050600910154257404,residual_26p3s
0.4773559472788001,3016.616862550509,0.05280189739452477,residual_26p3s
0.4772535116988921,3017.264335832739,0.054570462198473446,residual_26p3s
0.4771511200727544,3017.911809114969,0.05587032528721719,residual_26p3s
0.47704877237210297,3018.559282397199,0.0566923874888001,residual_26p3s
0.4769464685686784,3019.2067556794286,0.0570499441818636,residual_26p3s
0.4768442086342449,3019.8542289616585,0.056969350873112355,residual_26p3s
0.4767419925405916,3020.5017022438883,0.05647863487563648,residual_26p3s
0.4766398202595312,3021.149175526118,0.055597324094812876,residual_26p3s
0.476537691762901,3021.7966488083484,0.05433048488663329,residual_26p3s
0.47643560702256227,3022.4441220905783,0.05266874896571548,residual_26p3s
0.47633356601040033,3023.091595372808,0.050594384823852645,residual_26p3s
0.4762315686983247,3023.739068655038,0.048091752783526426,residual_26p3s
0.4761296150582688,3024.386541937268,0.04515925558460358,residual_26p3s
0.47602770506219017,3025.0340152194976,0.041819510368469086,residual_26p3s
0.4759258386820705,3025.6814885017275,0.03812504570965156,residual_26p3s
0.47582401588991513,3026.3289617839573,0.03415817135847407,residual_26p3s
0.47572223665775354,3026.9764350661876,0.03002529004513468,residual_26p3s
0.4756205009576393,3027.6239083484174,0.025847246341590312,residual_26p3s
0.47551880876164954,3028.2713816306473,0.021747954377873698,residual_26p3s
0.47541716004188556,3028.918854912877,0.01784347524268613,residual_26p3s
0.4753155547704723,3029.566328195107,0.01423316462863675,residual_26p3s
0.47521399291955857,3030.213801477337,0.010993795038130883,residual_26p3s
0.4751124744613172,3030.8612747595666,0.00817689149204077,residual_26p3s
0.47501099936794444,3031.508748041797,0.005808985585399644,residual_26p3s
0.47490956761166053,3032.156221324027,0.0038941002245834726,residual_26p3s
0.47480817916470935,3032.8036946062566,0.0024175442887304833,residual_26p3s
0.47470683399935854,3033.4511678884865,0.0013500645776731027,residual_26p3s
0.47460553208789924,3034.0986411707163,0.0006515936438076084,residual_26p3s
0.47450427340264656,3034.746114452946,0.0002741991261306289,residual_26p3s
0.47440305791593873,3035.393587735176,0.00016426164249196674,residual_26p3s
0.47430188560013814,3036.0410610174063,0.00026423413350605524,residual_26p3s
0.47420075642763054,3036.688534299636,0.0005144523130756921,residual_26p3s
0.4740996703708249,3037.336007581866,0.0008553467886174373,residual_26p3s
0.47399862740215415,3037.983480864096,0.00123012579323013,residual_26p3s
0.47389762749407455,3038.6309541463256,0.0015876951219051297,residual_26p3s
0.47379667061906594,3039.2784274285555,0.0018854007459935948,residual_26p3s
0.47369575674963127,3039.9259007107853,0.002091188949031227,residual_26p3s
0.4735948858582973,3040.5733739930156,0.002184942634486613,residual_26p3s
0.47349405791761395,3041.2208472752454,0.0021589605829526403,residual_26p3s
0.47339327290015454,3041.8683205574753,0.0020176879945761044,residual_26p3s
0.473292530778516,3042.515793839705,0.0017768344302832215,residual_26p3s
0.47319183152531835,3043.163267121935,0.0014619622314255537,residual_26p3s
0.4730911751132047,3043.810740404165,0.0011065740902504902,residual_26p3s
0.4729905615148418,3044.4582136863946,0.0007497421356620938,residual_26p3s
0.4728899907029195,3045.1056869686245,0.0004334182433509911,residual_26p3s
0.47278946265015076,3045.7531602508548,0.00019970053342151174,residual_26p3s
0.472688977329272,3046.4006335330846,8.842781455554205e-05,residual_26p3s
0.4725885347130427,3047.0481068153144,0.00013547134006575246,residual_26p3s
0.47248813477424517,3047.6955800975443,0.000371976899249518,residual_26p3s
0.47238777748568556,3048.343053379774,0.0008246094134407479,residual_26p3s
0.4722874628201924,3048.990526662004,0.001516617317720769,residual_26p3s
0.47218719075061766,3049.637999944234,0.002469315922898053,residual_26p3s
0.4720869612498362,3050.285473226464,0.0037034333669330633,residual_26p3s
0.47198677429074615,3050.932946508694,0.0052397122732294405,residual_26p3s
0.4718866298462684,3051.5804197909238,0.0070982486906977,residual_26p3s
0.4717865278893469,3052.2278930731536,0.009296285371677065,residual_26p3s
0.47168646839294864,3052.8753663553834,0.011844525441232661,residual_26p3s
0.4715864513300633,3053.5228396376133,0.01474242092890539,residual_26p3s
0.47148647667370375,3054.170312919843,0.017973223381244064,residual_26p3s
0.4713865443969054,3054.817786202073,0.021499770376533577,residual_26p3s
0.471286654472727,3055.4652594843033,0.02526195671525698,residual_26p3s
0.4711868068742497,3056.112732766533,0.029176578613468385,residual_26p3s
0.4710870015745777,3056.760206048763,0.033139780847586814,residual_26p3s
0.4709872385468378,3057.407679330993,0.037031793420761225,residual_26p3s
0.47088751776417964,3058.0551526132226,0.040723188854058116,residual_26p3s
0.4707878391997758,3058.7026258954525,0.044081694441549295,residual_26p3s
0.4706882028268211,3059.3500991776823,0.04697873582183972,residual_26p3s
0.4705886086185334,3059.9975724599126,0.04929529872861261,residual_26p3s
0.4704890565481533,3060.6450457421424,0.05092717315140884,residual_26p3s
0.47038954658894383,3061.2925190243723,0.05178995227540705,residual_26p3s
0.4702900787141906,3061.939992306602,0.051824146852387135,residual_26p3s
0.470190652897202,3062.587465588832,0.051000452784474994,residual_26p3s
0.47009126911130883,3063.234938871062,0.04932473346368859,residual_26p3s
0.4699919273298646,3063.8824121532916,0.046841871690445576,residual_26p3s
0.4698926275262451,3064.5298854355215,0.04363748666633864,residual_26p3s
0.46979336967384877,3065.1773587177518,0.039836655705447324,residual_26p3s
0.46969415374609647,3065.8248319999816,0.0355991589103063,residual_26p3s
0.4695949797164318,3066.4723052822114,0.031111248718272776,residual_26p3s
0.46949584755832036,3067.1197785644413,0.02657442685555004,residual_26p3s
0.46939675724525015,3067.767251846671,0.022192139836730077,residual_26p3s
0.46929770875073185,3068.414725128901,0.018155662784155053,residual_26p3s
0.4691987020482985,3069.062198411131,0.014630685670952416,residual_26p3s
0.469099737111505,3069.709671693361,0.011746152771468937,residual_26p3s
0.4690008139139291,3070.357144975591,0.009586640612452964,residual_26p3s
0.4689019324291708,3071.0046182578208,0.008188985094425574,residual_26p3s
0.46880309263085174,3071.6520915400506,0.007543119350364841,residual_26p3s
0.46870429449261664,3072.2995648222804,0.007596398194315499,residual_26p3s
0.46860553798813176,3072.9470381045103,0.008260286994510072,residual_26p3s
0.4685068230910859,3073.59451138674,0.009418276133555989,residual_26p3s
0.46840814977518996,3074.24198466897,0.010934170505197698,residual_26p3s
0.46830951801417675,3074.8894579512003,0.012660307737591556,residual_26p3s
0.46821092778180184,3075.53693123343,0.01444558665260332,residual_26p3s
0.4681123790518422,3076.18440451566,0.016143335443649254,residual_26p3s
0.46801387179809717,3076.83187779789,0.017619029749974084,residual_26p3s
0.4679154059943881,3077.4793510801196,0.01875776901835068,residual_26p3s
0.4678169816145583,3078.1268243623495,0.01947131378064913,residual_26p3s
0.4677185986324734,3078.7742976445793,0.019704391934269407,residual_26p3s
0.4676202570220204,3079.4217709268096,0.01943985585074802,residual_26p3s
0.467521956757109,3080.0692442090394,0.018702075973120826,residual_26p3s
0.4674236978116703,3080.7167174912693,0.01755772928170421,residual_26p3s
0.46732548015965747,3081.364190773499,0.016113021023518165,residual_26p3s
0.4672273037750456,3082.011664055729,0.014506547488870434,residual_26p3s
0.4671291686318316,3082.659137337959,0.012897579560595578,residual_26p3s
0.4670310747040342,3083.3066106201886,0.011450462381949718,residual_26p3s
0.46693302196569414,3083.9540839024185,0.01031683582512255,residual_26p3s
0.4668350103908735,3084.6015571846488,0.009618138349565614,residual_26p3s
0.46673703995365673,3085.2490304668786,0.009431085430260399,residual_26p3s
0.4666391106281495,3085.8965037491084,0.009778428319863119,residual_26p3s
0.4665412223884796,3086.5439770313383,0.010626419868089562,residual_26p3s
0.4664433752087964,3087.191450313568,0.011889277494067704,residual_26p3s
0.46634556906327085,3087.838923595798,0.01343978491462432,residual_26p3s
0.46624780392609544,3088.4863968780282,0.015124219285528344,residual_26p3s
0.46615007977148487,3089.133870160258,0.016779197752247905,residual_26p3s
0.4660523965736747,3089.781343442488,0.01824793813736556,residual_26p3s
0.4659547543069228,3090.4288167247178,0.01939386980195171,residual_26p3s
0.46585715294550795,3091.0762900069476,0.020110410450280978,residual_26p3s
0.46575959246373094,3091.7237632891774,0.02032677658338728,residual_26p3s
0.465662072835914,3092.3712365714073,0.020010568617784972,residual_26p3s
0.46556459403640055,3093.018709853637,0.01916827559065314,residual_26p3s
0.46546715603955585,3093.6661831358674,0.01784467734251107,residual_26p3s
0.4653697588197666,3094.3136564180973,0.016121514317032407,residual_26p3s
0.4652724023514407,3094.961129700327,0.014115046291952187,residual_26p3s
0.4651750866090076,3095.608602982557,0.01197156908138707,residual_26p3s
0.4650778115669182,3096.2560762647868,0.009859841626680917,residual_26p3s
0.4649805771996446,3096.9035495470166,0.007959756377322118,residual_26p3s
0.4648833834816804,3097.5510228292464,0.006447356290467505,residual_26p3s
0.4647862303875404,3098.1984961114767,0.005477261435759033,residual_26p3s
0.46468911789176087,3098.8459693937066,0.005164500647976501,residual_26p3s
0.4645920459688991,3099.4934426759364,0.005568443726163274,residual_26p3s
0.46449501459353393,3100.1409159581663,0.006681787548935001,residual_26p3s
0.4643980237402651,3100.788389240396,0.008427160086941759,residual_26p3s
0.46430107338371396,3101.435862522626,0.01066276309341806,residual_26p3s
0.4642041634985227,3102.083335804856,0.01319671754818159,residual_26p3s
0.4641072940593548,3102.7308090870856,0.015807867078517054,residual_26p3s
0.46401046504089494,3103.378282369316,0.01826938960586311,residual_26p3s
0.4639136764178489,3104.0257556515458,0.02037120605497194,residual_26p3s
0.4638169281649434,3104.6732289337756,0.021937975770646073,residual_26p3s
0.46372022025692666,3105.3207022160054,0.022841052669943282,residual_26p3s
0.4636235526685673,3105.9681754982353,0.023004477748826926,residual_26p3s
0.46352692537465556,3106.615648780465,0.022406290368708788,residual_26p3s
0.4634303383500026,3107.263122062695,0.021076849837485135,residual_26p3s
0.46333379156944005,3107.9105953449252,0.01909552972592212,residual_26p3s
0.46323728500782135,3108.558068627155,0.016586389303073584,residual_26p3s
0.46314081864002016,3109.205541909385,0.013712624724955037,residual_26p3s
0.4630443924409315,3109.8530151916148,0.010669073136680179,residual_26p3s
0.462948006385471,3110.5004884738446,0.007671955662966729,residual_26p3s
0.4628516604485754,3111.1479617560744,0.004945417256354795,residual_26p3s
0.4627553546052022,3111.7954350383043,0.002705151970916286,residual_26p3s
0.4626590888303298,3112.442908320534,0.0011403134184516414,residual_26p3s
0.4625628630989572,3113.0903816027644,0.00039576787028344236,residual_26p3s
0.4624666773861046,3113.7378548849942,0.000557279572748033,residual_26p3s
0.46237053166681263,3114.385328167224,0.0016421699966566341,residual_26p3s
0.4622744259161427,3115.032801449454,0.0035972389955591377,residual_26p3s
0.4621783601091772,3115.6802747316838,0.006304394343720834,residual_26p3s
0.46208233422101874,3116.3277480139136,0.009592892327748716,residual_26p3s
0.46198634822679135,3116.9752212961434,0.013255867362600506,residual_26p3s
0.4618904021016389,3117.6226945783737,0.017068341908114144,residual_26p3s
0.4617944958207266,3118.2701678606036,0.02080427106798972,residual_26p3s
0.46169862935924,3118.9176411428334,0.024251150657929973,residual_26p3s
0.4616028026923851,3119.5651144250633,0.027221849958989686,residual_26p3s
0.46150701579538855,3120.212587707293,0.02956417285838587,residual_26p3s
0.46141126864349796,3120.860060989523,0.031168941404392112,residual_26p3s
0.4613155612119808,3121.507534271753,0.03197712342203847,residual_26p3s
0.4612198934761257,3122.1550075539826,0.03198588188866602,residual_26p3s
0.46112426541124113,3122.802480836213,0.03125268726682969,residual_26p3s
0.4610286769926567,3123.4499541184427,0.029896064934143533,residual_26p3s
0.4609331281957222,3124.0974274006726,0.028091339792845345,residual_26p3s
0.46083761899580755,3124.7449006829024,0.02606001825619048,residual_26p3s
0.46074214936830354,3125.3923739651323,0.024052287919861352,residual_26p3s
0.4606467192886213,3126.039847247362,0.022323485592449545,residual_26p3s
0.4605513287321918,3126.687320529592,0.021107047448102947,residual_26p3s
0.46045597767446694,3127.3347938118222,0.02058791600421481,residual_26p3s
0.46036066609091875,3127.982267094052,0.020881006081003527,residual_26p3s
0.46026539395703964,3128.629740376282,0.022018667773329576,residual_26p3s
0.46017016124834204,3129.2772136585118,0.023949171558635907,residual_26p3s
0.460074967940359,3129.9246869407416,0.026545705677382393,residual_26p3s
0.45997981400864363,3130.5721602229714,0.02962314774630724,residual_26p3s
0.4598846994287691,3131.2196335052013,0.0329587032376777,residual_26p3s
0.45978962417632907,3131.867106787431,0.03631262053601955,residual_26p3s
0.45969458822693715,3132.5145800696614,0.0394462886359593,residual_26p3s
0.4595995915562274,3133.1620533518912,0.042136519171126006,residual_26p3s
0.45950463413985376,3133.809526634121,0.04418616383896281,residual_26p3s
0.4594097159534902,3134.456999916351,0.04543208561288064,residual_26p3s
0.45931483697283126,3135.1044731985808,0.045751776963432696,residual_26p3s
0.45921999717359085,3135.7519464808106,0.04506964722480704,residual_26p3s
0.4591251965315036,3136.399419763041,0.04336331912838863,residual_26p3s
0.4590304350223238,3137.0468930452707,0.04066937299386217,residual_26p3s
0.4589357126218259,3137.6943663275006,0.037087101448255985,residual_26p3s
0.4588410293058043,3138.3418396097304,0.03277827906441387,residual_26p3s
0.4587463850500732,3138.9893128919603,0.02796099695024985,residual_26p3s
0.4586517798304672,3139.63678617419,0.022896434244708722,residual_26p3s
0.4585572136228402,3140.28425945642,0.017868954748016908,residual_26p3s
0.45846268640306653,3140.9317327386498,0.01316171610812184,residual_26p3s
0.4583681981470403,3141.5792060208796,0.00903141385754563,residual_26p3s
0.4582737488306752,3142.22667930311,0.0056862485571864555,residual_26p3s
0.45817933842990527,3142.8741525853397,0.003270464277246891,residual_26p3s
0.45808496692068384,3143.5216258675696,0.0018571422135280724,residual_26p3s
0.45799063427898457,3144.1690991497994,0.0014490008843245864,residual_26p3s
0.45789634048080036,3144.8165724320293,0.0019854405730934076,residual_26p3s
0.4578020855021443,3145.464045714259,0.003353376674129327,residual_26p3s
0.457707869319049,3146.1115189964894,0.005399545197681688,residual_26p3s
0.457613691907567,3146.7589922787192,0.007942658255345722,residual_26p3s
0.4575195532437704,3147.406465560949,0.010784669851541594,residual_26p3s
0.457425453303751,3148.053938843179,0.013721177375540664,residual_26p3s
0.4573313920636203,3148.7014121254088,0.016551450451523442,residual_26p3s
0.4572373694995092,3149.3488854076386,0.019088675723381396,residual_26p3s
0.45714338558756873,3149.9963586898684,0.02117073774989375,residual_26p3s
0.45704944030396916,3150.6438319720983,0.022671285099318733,residual_26p3s
0.4569555336249002,3151.2913052543286,0.02351009410638814,residual_26p3s
0.4568616655265717,3151.9387785365584,0.02366107307290805,residual_26p3s
0.4567678359852125,3152.5862518187882,0.02315594934592929,residual_26p3s
0.45667404497707115,3153.233725101018,0.0220820147068352,residual_26p3s
0.4565802924784158,3153.881198383248,0.020573332214665025,residual_26p3s
0.45648657846553403,3154.5286716654778,0.018796273337733725,residual_26p3s
0.4563929029147328,3155.1761449477076,0.016931635947024178,residual_26p3s
0.45629926580233854,3155.823618229938,0.015156344751725562,residual_26p3s
0.45620566710469707,3156.4710915121677,0.013627575707311159,residual_26p3s
0.45611210679817393,3157.1185647943976,0.012471203050833395,residual_26p3s
0.4560185848591537,3157.7660380766274,0.011775178688308382,residual_26p3s
0.4559251012640403,3158.4135113588572,0.01158731199480327,residual_26p3s
0.4558316559892572,3159.060984641087,0.011916248987793523,residual_26p3s
0.4557382490112471,3159.708457923317,0.01273432966276159,residual_26p3s
0.45564488030647193,3160.3559312055468,0.013981312316640088,residual_26p3s
0.45555154985141305,3161.003404487777,0.015568486986784468,residual_26p3s
0.45545825762257114,3161.650877770007,0.017383248582410128,residual_26p3s
0.4553650035964659,3162.2983510522367,0.0192945963857743,residual_26p3s
0.4552717877496364,3162.9458243344666,0.02116015319510813,residual_26p3s
0.4551786100586409,3163.5932976166964,0.022835092187027863,residual_26p3s
0.4550854705000567,3164.2407708989263,0.024182834264456356,residual_26p3s
0.45499236905048057,3164.888244181156,0.02508665005611539,residual_26p3s
0.4548993056865281,3165.5357174633864,0.025460603326429444,residual_26p3s
0.4548062803848343,3166.1831907456162,0.025257908362073256,residual_26p3s
0.4547132931220531,3166.830664027846,0.02447498478398534,residual_26p3s
0.45462034387485756,3167.478137310076,0.023150309571015455,residual_26p3s
0.45452743261993983,3168.1256105923057,0.021358339985585405,residual_26p3s
0.4544345593340111,3168.7730838745356,0.01919988120070182,residual_26p3s
0.45434172399380157,3169.4205571567654,0.016790900828174155,residual_26p3s
0.4542489265760606,3170.0680304389953,0.01425178193723433,residual_26p3s
0.45415616705755607,3170.7155037212256,0.011698469694899703,residual_26p3s
0.45406344541507554,3171.3629770034554,0.009236190990072208,residual_26p3s
0.45397076162542505,3172.0104502856852,0.006955704757228089,residual_26p3s
0.4538781156654297,3172.657923567915,0.004931556218108806,residual_26p3s
0.45378550751193336,3173.305396850145,0.0032216081264024436,residual_26p3s
0.45369293714179904,3173.9528701323748,0.0018671591229831234,residual_26p3s
0.45360040453190836,3174.6003434146046,0.0008931506990414653,residual_26p3s
0.45350790965916216,3175.247816696835,0.00030823213349486016,residual_26p3s
0.45341545250047977,3175.8952899790647,0.00010473541123575046,residual_26p3s
0.45332303303279947,3176.5427632612946,0.0002588546699056144,residual_26p3s
0.4532306512330785,3177.1902365435244,0.0007314676730474122,residual_26p3s
0.45313830707829234,3177.8377098257542,0.0014700211468683848,residual_26p3s
0.453046000545436,3178.485183107984,0.002411698010683823,residual_26p3s
0.45295373161152264,3179.132656390214,0.0034877312131735357,residual_26p3s
0.45286150025358435,3179.7801296724438,0.004628347395677439,residual_26p3s
0.45276930644867197,3180.427602954674,0.0057675786748936945,residual_26p3s
0.4526771501738549,3181.075076236904,0.006847195391141662,residual_26p3s
0.4525850314062214,3181.7225495191337,0.007819290101124764,residual_26p3s
0.45249295012287816,3182.3700228013636,0.008647457032018637,residual_26p3s
0.4524009063009506,3183.0174960835934,0.009306874875190517,residual_26p3s
0.45230889991758266,3183.6649693658233,0.009783768264158041,residual_26p3s
0.452216930949937,3184.3124426480535,0.010074658021962397,residual_26p3s
0.45212499937519485,3184.9599159302834,0.010185588420415564,residual_26p3s
0.4520331051705559,3185.607389212513,0.010131278260844472,residual_26p3s
0.4519412483132384,3186.254862494743,0.009934005332894002,residual_26p3s
0.4518494287804791,3186.902335776973,0.009622051721717729,residual_26p3s
0.4517576465495334,3187.5498090592027,0.009227673187462591,residual_26p3s
0.45166590159767495,3188.1972823414326,0.008784719739846052,residual_26p3s
0.45157419390219583,3188.8447556236624,0.008326146278360008,residual_26p3s
0.45148252344040685,3189.4922289058923,0.007881684161129845,residual_26p3s
0.45139089018963696,3190.1397021881226,0.0074759193742109115,residual_26p3s
0.4512992941272338,3190.7871754703524,0.007126976160934272,residual_26p3s
0.451207735230563,3191.4346487525822,0.006845949210868907,residual_26p3s
0.45111621347700903,3192.082122034812,0.006637147195037807,residual_26p3s
0.45102472884397404,3192.729595317042,0.006499088191419825,residual_26p3s
0.4509332813088794,3193.3770685992718,0.006426037262760764,residual_26p3s
0.45084187084916394,3194.024541881502,0.006409750703142426,residual_26p3s
0.4507504974422853,3194.672015163732,0.006441052094561311,residual_26p3s
0.4506591610657191,3195.3194884459617,0.006510939874119506,residual_26p3s
0.45056786169695956,3195.9669617281916,0.006611087346431611,residual_26p3s
0.4504765993135188,3196.6144350104214,0.006733779637686818,residual_26p3s
0.4503853738929273,3197.2619082926512,0.006871473765860067,residual_26p3s
0.45029418541273364,3197.909381574881,0.007016231150403255,residual_26p3s
0.4502030338505048,3198.556854857111,0.0071592533447533135,residual_26p3s
0.45011191918382554,3199.2043281393408,0.007290674104523785,residual_26p3s
0.4500208413902992,3199.851801421571,0.007399661120652764,residual_26p3s
0.449929800447547,3200.499274703801,0.007474797543338675,residual_26p3s
0.4498387963332082,3201.1467479860307,0.007504672143306054,residual_26p3s
0.4497478290249404,3201.7942212682606,0.007478607811229425,residual_26p3s
0.4496568985004191,3202.4416945504904,0.007387477130116047,residual_26p3s
0.44956600473733777,3203.0891678327202,0.007224559334222197,residual_26p3s
0.449475147713408,3203.7366411149505,0.00698636834748811,residual_26p3s
0.44938432740635953,3204.3841143971804,0.006673338289016314,residual_26p3s
0.44929354379393993,3205.03158767941,0.006290224566437041,residual_26p3s
0.4492027968539148,3205.67906096164,0.005846097944614599,residual_26p3s
0.4491120865640677,3206.32653424387,0.005353881123909109,residual_26p3s
0.44902141290220005,3206.9740075260997,0.004829472286108781,residual_26p3s
0.4489307758461313,3207.6214808083296,0.004290571282790845,residual_26p3s
0.4488401753736988,3208.2689540905594,0.0037553428563721616,residual_26p3s
0.4487496114627577,3208.9164273727897,0.0032410283260219993,residual_26p3s
0.44865908409118127,3209.5639006550196,0.002762593966375951,residual_26p3s
0.4485685932368602,3210.2113739372494,0.002331518481217034,residual_26p3s
0.4484781388777033,3210.8588472194792,0.001954872635042441,residual_26p3s
0.4483877209916373,3211.506320501709,0.0016348841231105472,residual_26p3s
0.4482973395566064,3212.153793783939,0.0013691478243046697,residual_26p3s
0.44820699455057283,3212.8012670661687,0.0011515108147294906,residual_26p3s
0.44811668595151655,3213.448740348399,0.000973476881136859,residual_26p3s
0.4480264137374352,3214.096213630629,0.0008258257896323653,residual_26p3s
0.4479361778863441,3214.7436869128587,0.0007000989121969104,residual_26p3s
0.44784597837627643,3215.3911601950886,0.0005896711312105693,residual_26p3s
0.4477558151852829,3216.0386334773184,0.0004902605797519986,residual_26p3s
0.44766568829143205,3216.6861067595482,0.0003998661027876278,residual_26p3s
0.4475755976728099,3217.333580041778,0.00031823771465587703,residual_26p3s
0.4474855433075203,3217.981053324008,0.000246072290789734,residual_26p3s
0.44739552517368436,3218.628526606238,0.00018417859632048627,residual_26p3s
0.44730554324944144,3219.275999888468,0.000132851487130437,residual_26p3s
0.4472155975129478,3219.923473170698,9.161686457938534e-05,residual_26p3s
0.4471256879423777,3220.5709464529277,5.9372559751578876e-05,residual_26p3s
0.44703581451592284,3221.2184197351576,3.481072807948252e-05,residual_26p3s
0.44694597721179236,3221.8658930173874,1.6925369126030497e-05,residual_26p3s
0.4468561760082128,3222.5133662996172,5.410246445534039e-06,residual_26p3s
0.44676641088342844,3223.1608395818475,8.200341193477491e-07,residual_26p3s
0.44667668181570114,3223.8083128640774,4.4632098944137896e-06,residual_26p3s
0.44658698878331,3224.455786146307,1.8086547852751076e-05,residual_26p3s
0.44649733176455153,3225.103259428537,4.3476456316957685e-05,residual_26p3s
0.44640771073773966,3225.750732710767,8.212538291892705e-05,residual_26p3s
0.446318125681206,3226.3982059929967,0.0001350820939509618,residual_26p3s
0.4462285765732993,3227.0456792752266,0.00020303081451843782,residual_26p3s
0.4461390633923856,3227.6931525574564,0.00028655692434294375,residual_26p3s
0.44604958611684853,3228.3406258396867,0.0003864951941552655,residual_26p3s
0.44596014472508905,3228.9880991219165,0.0005042429860022145,residual_26p3s
0.4458707391955252,3229.6355724041464,0.000641950168927457,residual_26p3s
0.4457813695065927,3230.283045686376,0.0008025468005755751,residual_26p3s
0.4456920356367441,3230.930518968606,0.0009896161711009416,residual_26p3s
0.44560273756444957,3231.577992250836,0.0012071511856860662,residual_26p3s
0.44551347526819635,3232.225465533066,0.0014592406708397742,residual_26p3s
0.44542424872648906,3232.872938815296,0.0017497184334221727,residual_26p3s
0.44533505791784944,3233.520412097526,0.0020817785093986216,residual_26p3s
0.44524590282081633,3234.1678853797557,0.002457532346515268,residual_26p3s
0.44515678341394616,3234.8153586619856,0.002877481315833144,residual_26p3s
0.4450676996758119,3235.4628319442154,0.003339917983537582,residual_26p3s
0.4449786515850042,3236.1103052264452,0.003840349388338165,residual_26p3s
0.4448896391201306,3236.757778508675,0.004371127380687991,residual_26p3s
0.4448006622598157,3237.405251790905,0.004921524897652608,residual_26p3s
0.4447117209827014,3238.052725073135,0.00547845387903447,residual_26p3s
0.4446228152674465,3238.700198355365,0.006027842879585122,residual_26p3s
0.44453394509272715,3239.347671637595,0.006556408881679439,residual_26p3s
0.444445110437236,3239.9951449198247,0.007053287953555725,residual_26p3s
0.44435631127968334,3240.6426182020546,0.007510900831515213,residual_26p3s
0.44426754759879594,3241.2900914842844,0.007924626533867269,residual_26p3s
0.44417881937331793,3241.9375647665147,0.008291285823777354,residual_26p3s
0.4440901265820104,3242.5850380487445,0.008606904402404442,residual_26p3s
0.4440014692036512,3243.2325113309744,0.008864528463166732,residual_26p3s
0.44391284721703517,3243.879984613204,0.009052901067216554,residual_26p3s
0.44382426060097435,3244.527457895434,0.009156593585223317,residual_26p3s
0.4437357093342973,3245.174931177664,0.009157801338604147,residual_26p3s
0.44364719339584957,3245.8224044598937,0.009039553105375842,residual_26p3s
0.4435587127644938,3246.4698777421236,0.008789660918407341,residual_26p3s
0.44347026741910933,3247.1173510243534,0.008404473143567705,residual_26p3s
0.44338185733859226,3247.7648243065837,0.007891487656716953,residual_26p3s
0.4432934825018558,3248.4122975888135,0.007270144927260325,residual_26p3s
0.4432051428878297,3249.0597708710434,0.0065705587085849405,residual_26p3s
0.4431168384754605,3249.707244153273,0.005830404074653242,residual_26p3s
0.4430285692437117,3250.354717435503,0.0050905433896090676,residual_26p3s
0.4429403351715636,3251.002190717733,0.004390176315637477,residual_26p3s
0.44285213623801273,3251.649663999963,0.003762350140124791,residual_26p3s
0.44276397242207305,3252.297137282193,0.0032305724855057473,residual_26p3s
0.4426758437027748,3252.944610564423,0.0028070359728985163,residual_26p3s
0.44258775005916495,3253.5920838466527,0.0024926195072808538,residual_26p3s
0.4424996914703073,3254.2395571288826,0.002278447890875353,residual_26p3s
0.4424116679152822,3254.8870304111124,0.0021484831959070454,residual_26p3s
0.44232367937318656,3255.5345036933422,0.00208248686653479,residual_26p3s
0.4422357258231342,3256.181976975572,0.002058762440481438,residual_26p3s
0.44214780724425506,3256.8294502578024,0.0020563150594049007,residual_26p3s
0.4420599236156963,3257.476923540032,0.0020563452637690034,residual_26p3s
0.44197207491662116,3258.124396822262,0.0020432289582027925,residual_26p3s
0.4418842611262097,3258.771870104492,0.002005255329275117,residual_26p3s
0.4417964822236584,3259.4193433867217,0.001935380171479572,residual_26p3s
0.4417087381881802,3260.0668166689516,0.0018321274321023474,residual_26p3s
0.4416210289990048,3260.7142899511814,0.0017005897129353214,residual_26p3s
0.44153335463537813,3261.3617632334117,0.0015533012015882665,residual_26p3s
0.44144571507656283,3262.0092365156415,0.0014106380946035007,residual_26p3s
0.44135811030183775,3262.6567097978714,0.0013003793774941728,residual_26p3s
0.4412705402904985,3263.304183080101,0.001256154916897655,residual_26p3s
0.44118300502185676,3263.951656362331,0.0013147179524271128,residual_26p3s
0.44109550447524093,3264.599129644561,0.0015122719221595294,residual_26p3s
0.44100803862999566,3265.2466029267907,0.001880378092647227,residual_26p3s
0.44092060746548184,3265.8940762090206,0.002442157520689448,residual_26p3s
0.440833210961077,3266.541549491251,0.003209480099537763,residual_26p3s
0.44074584909617504,3267.1890227734807,0.004181585316661464,residual_26p3s
0.4406585218501858,3267.8364960557105,0.00534519208502729,residual_26p3s
0.4405712292025359,3268.4839693379404,0.0066757852455110005,residual_26p3s
0.4404839711326679,3269.13144262017,0.008139553671439669,residual_26p3s
0.4403967476200409,3269.7789159024,0.009695451915902275,residual_26p3s
0.44030955864413,3270.42638918463,0.011297020432486244,residual_26p3s
0.4402224041844267,3271.07386246686,0.012893833789896262,residual_26p3s
0.4401352842204389,3271.72133574909,0.014432663232875585,residual_26p3s
0.44004819873169065,3272.36880903132,0.015858589492740698,residual_26p3s
0.43996114769772177,3273.0162823135497,0.01711637209817448,residual_26p3s
0.4398741310980889,3273.6637555957795,0.018152377655285955,residual_26p3s
0.43978714891236437,3274.3112288780094,0.01891729193190409,residual_26p3s
0.439700201120137,3274.958702160239,0.019369678103005272,residual_26p3s
0.4396132877010115,3275.606175442469,0.019480188573530337,residual_26p3s
0.4395264086346087,3276.2536487246994,0.019235915214037915,residual_26p3s
0.4394395639005659,3276.901122006929,0.018644054345091792,residual_26p3s
0.4393527534785361,3277.548595289159,0.017733901776373677,residual_26p3s
0.43926597734818834,3278.196068571389,0.016556313942994852,residual_26p3s
0.4391792354892083,3278.8435418536187,0.015180226065176253,residual_26p3s
0.4390925278812968,3279.4910151358486,0.013686512521121493,residual_26p3s
0.4390058545041715,3280.1384884180784,0.012160177432751272,residual_26p3s
0.4389192153375656,3280.7859617003087,0.010682310078364711,residual_26p3s
0.4388326103612285,3281.4334349825385,0.009323266661236337,residual_26p3s
0.4387460395549255,3282.0809082647684,0.008138161041013258,residual_26p3s
0.43865950289843797,3282.728381546998,0.007165123890641956,residual_26p3s
0.438573000371563,3283.375854829228,0.006426132962720965,residual_26p3s
0.4384865319541138,3284.023328111458,0.005929696213471029,residual_26p3s
0.4384000976259195,3284.6708013936877,0.005674378814797494,residual_26p3s
0.4383136973668251,3285.3182746759176,0.005652135064211994,residual_26p3s
0.4382273311566913,3285.965747958148,0.005850621512580505,residual_26p3s
0.438140998975395,3286.6132212403777,0.00625407085559963,residual_26p3s
0.4380547008028288,3287.2606945226075,0.006842797100407112,residual_26p3s
0.43796843661890106,3287.9081678048374,0.007591852420824698,residual_26p3s
0.43788220640353603,3288.555641087067,0.008469639992393738,residual_26p3s
0.4377960101366739,3289.203114369297,0.009437320197126226,residual_26p3s
0.43770984779827027,3289.8505876515273,0.010449610869606047,residual_26p3s
0.437623719368297,3290.498060933757,0.01145713347640715,residual_26p3s
0.4375376248267414,3291.145534215987,0.012409927320589804,residual_26p3s
0.43745156415360664,3291.793007498217,0.01326132137577266,residual_26p3s
0.43736553732891154,3292.4404807804467,0.013971187060714792,residual_26p3s
0.43727954433269073,3293.0879540626765,0.01450778012606218,residual_26p3s
0.43719358514499446,3293.7354273449064,0.014847864984201202,residual_26p3s
0.4371076597458887,3294.382900627136,0.014975423956725463,residual_26p3s
0.437021768115455,3295.030373909366,0.01487975908588796,residual_26p3s
0.43693591023379064,3295.6778471915964,0.014554010823248672,residual_26p3s
0.43685008608100884,3296.325320473826,0.01399497134431018,residual_26p3s
0.43676429563723784,3296.972793756056,0.013204612239616657,residual_26p3s
0.43667853888262187,3297.620267038286,0.012193131156050316,residual_26p3s
0.4365928157973206,3298.2677403205157,0.0109827559875032,residual_26p3s
0.43650712636150957,3298.9152136027456,0.009611218657262326,residual_26p3s
0.4364214705553794,3299.562686884976,0.008133826240710615,residual_26p3s
0.43633584835913664,3300.2101601672057,0.00662338867895404,residual_26p3s
0.43625025975300324,3300.8576334494355,0.005167771419983251,residual_26p3s
0.43616470471721674,3301.5051067316654,0.0038653499336954627,residual_26p3s
0.43607918323203004,3302.152580013895,0.002819013500095016,residual_26p3s
0.4359936952777115,3302.800053296125,0.002129539213129051,residual_26p3s
0.4359082408345451,3303.447526578355,0.0018891392526426058,residual_26p3s
0.43582281988283034,3304.0949998605847,0.002175808367331615,residual_26p3s
0.4357374324028819,3304.742473142815,0.0030488067368833905,residual_26p3s
0.43565207837503006,3305.389946425045,0.004545268602801268,residual_26p3s
0.43556675777962045,3306.0374197072747,0.006677627407385694,residual_26p3s
0.4354814705970142,3306.6848929895045,0.009431413447389245,residual_26p3s
0.43539621680758767,3307.3323662717344,0.0127631000924181,residual_26p3s
0.4353109963917326,3307.979839553964,0.016598047935804227,residual_26p3s
0.4352258093298562,3308.627312836194,0.020829101645997182,residual_26p3s
0.4351406556023809,3309.2747861184243,0.025316820786279986,residual_26p3s
0.43505553518974444,3309.922259400654,0.02989245302893709,residual_26p3s
0.43497044807240015,3310.569732682884,0.03436445455281963,residual_26p3s
0.4348853942308161,3311.217205965114,0.03852866039455152,residual_26p3s
0.43480037364547613,3311.8646792473437,0.04218131567325736,residual_26p3s
0.43471538629687906,3312.5121525295735,0.04513341081244658,residual_26p3s
0.4346304321655391,3313.1596258118034,0.047224405098264755,residual_26p3s
0.43454551123198565,3313.807099094033,0.04833359619958001,residual_26p3s
0.4344606234767632,3314.4545723762635,0.04838800479141681,residual_26p3s
0.43437576888043167,3315.1020456584934,0.04736643863879506,residual_26p3s
0.43429094742356605,3315.749518940723,0.045300093549417324,residual_26p3s
0.43420615908675636,3316.396992222953,0.042270444715805926,residual_26p3s
0.43412140385060816,3317.044465505183,0.038405230904508494,residual_26p3s
0.43403668169574156,3317.6919387874127,0.0338731076923325,residual_26p3s
0.43395199260279244,3318.3394120696425,0.028877178479555735,residual_26p3s
0.43386733655241116,3318.986885351873,0.023647245711811524,residual_26p3s
0.4337827135252639,3319.6343586341027,0.018430384067845883,residual_26p3s
0.4336981235020312,3320.2818319163325,0.013479421388268896,residual_26p3s
0.43361356646340915,3320.9293051985624,0.009039184939855716,residual_26p3s
0.4335290423901087,3321.576778480792,0.005330929612054646,residual_26p3s
0.43344455126285586,3322.224251763022,0.0025361101272935796,residual_26p3s
0.4333600930623916,3322.871725045252,0.0007813765768919624,residual_26p3s
0.433275667769472,3323.5191983274817,0.0001270762463723299,residual_26p3s
0.4331912753648682,3324.166671609712,0.0005613881668937776,residual_26p3s
0.43310691582936606,3324.814144891942,0.002001426025723983,residual_26p3s
0.43302258914376673,3325.4616181741717,0.00430139620225358,residual_26p3s
0.432938295288886,3326.1090914564015,0.007266572118558911,residual_26p3s
0.43285403424555485,3326.7565647386314,0.010670868159420492,residual_26p3s
0.432769805994619,3327.404038020861,0.0142754430602219,residual_26p3s
0.43268561051693916,3328.051511303091,0.017846055713607884,residual_26p3s
0.4326014477933909,3328.6989845853213,0.021167629813737494,residual_26p3s
0.43251731780486463,3329.346457867551,0.024055349269881364,residual_26p3s
0.4324332205322658,3329.993931149781,0.02636233153005995,residual_26p3s
0.43234915595651446,3330.641404432011,0.027984357666606688,residual_26p3s
0.4322651240585458,3331.2888777142407,0.028862253446708168,residual_26p3s
0.4321811248193094,3331.9363509964705,0.028982385929731774,residual_26p3s
0.43209715821977,3332.5838242787004,0.02837548211822518,residual_26p3s
0.4320132242409071,3333.23129756093,0.027113713164921623,residual_26p3s
0.4319293228637147,3333.8787708431605,0.025305825078196557,residual_26p3s
0.431845454069202,3334.5262441253903,0.02309010611833021,residual_26p3s
0.4317616178383925,3335.17371740762,0.02062518489874351,residual_26p3s
0.43167781415232487,3335.82119068985,0.01807901408549849,residual_26p3s
0.431594042992052,3336.46866397208,0.01561681479765628,residual_26p3s
0.4315103043386419,3337.1161372543097,0.0133891005805037,residual_26p3s
0.43142659817317697,3337.76361053654,0.011521038566014712,residual_26p3s
0.4313429244767546,3338.41108381877,0.01010427079728161,residual_26p3s
0.4312592832304866,3339.0585571009997,0.00919193693547315,residual_26p3s
0.43117567441549964,3339.7060303832295,0.008797125657945737,residual_26p3s
0.4310920980129347,3340.3535036654594,0.008894492902047602,residual_26p3s
0.43100855400394766,3341.000976947689,0.009424454831572709,residual_26p3s
0.4309250423697089,3341.648450229919,0.010299252896862052,residual_26p3s
0.4308415630914034,3342.295923512149,0.01141027098311765,residual_26p3s
0.43075811615023074,3342.9433967943787,0.01263616884755719,residual_26p3s
0.430674701527405,3343.590870076609,0.013851568671816148,residual_26p3s
0.4305913192041549,3344.238343358839,0.014936100792764747,residual_26p3s
0.43050796916172357,3344.8858166410687,0.015783538233511415,residual_26p3s
0.43042465138136893,3345.5332899232985,0.01631054427061924,residual_26p3s
0.430341365844363,3346.1807632055284,0.016464293199591275,residual_26p3s
0.43025811253199253,3346.828236487758,0.01622800944180161,residual_26p3s
0.4301748914255587,3347.4757097699885,0.015623423368595821,residual_26p3s
0.4300917025063773,3348.1231830522183,0.014709356851576929,residual_26p3s
0.4300085457557785,3348.770656334448,0.013576150505170075,residual_26p3s
0.4299254211551067,3349.418129616678,0.012336347564237498,residual_26p3s
0.42984232868572086,3350.065602898908,0.011112776765157588,residual_26p3s
0.4297592683289945,3350.7130761811377,0.010025705045169973,residual_26p3s
0.4296762400663152,3351.3605494633675,0.00918088362960828,residual_26p3s
0.4295932438790853,3352.0080227455974,0.008660038218976512,residual_26p3s
0.42951027974872125,3352.655496027827,0.008514755309190061,residual_26p3s
0.42942734765665397,3353.3029693100575,0.00876399415472755,residual_26p3s
0.4293444475843286,3353.9504425922873,0.009394823427310513,residual_26p3s
0.42926157951320476,3354.597915874517,0.010365593286603065,residual_26p3s
0.4291787434247562,3355.245389156747,0.011610654501003886,residual_26p3s
0.4290959393004713,3355.892862438977,0.013045879398383838,residual_26p3s
0.4290131671218522,3356.5403357212067,0.01457451917276033,residual_26p3s
0.4289304268704157,3357.187809003437,0.016093225145291948,residual_26p3s
0.42884771852769293,3357.835282285667,0.017498261104978714,residual_26p3s
0.42876504207522886,3358.4827555678967,0.01869197346541857,residual_26p3s
0.4286823974945832,3359.1302288501265,0.01958945390740846,residual_26p3s
0.42859978476732924,3359.7777021323564,0.020125071470506583,residual_26p3s
0.4285172038750551,3360.425175414586,0.02025826176722769,residual_26p3s
0.4284346547993627,3361.072648696816,0.01997775813316556,residual_26p3s
0.4283521375218683,3361.720121979046,0.01930343872956182,residual_26p3s
0.4282696520242021,3362.367595261276,0.01828519776973093,residual_26p3s
0.4281871982880089,3363.015068543506,0.016998699100626603,residual_26p3s
0.42810477629494714,3363.662541825736,0.015538424380073726,residual_26p3s
0.4280223860266897,3364.3100151079657,0.014008926129522174,residual_26p3s
0.42794002746492343,3364.9574883901955,0.012515489933154477,residual_26p3s
0.42785770059134925,3365.6049616724254,0.011155421040240305,residual_26p3s
0.4277754053876823,3366.252434954655,0.010010915626117464,residual_26p3s
0.42769314183565144,3366.8999082368855,0.009144054670564635,residual_26p3s
0.42761090991700007,3367.5473815191153,0.008594005408954546,residual_26p3s
0.4275287096134855,3368.194854801345,0.008376156429037945,residual_26p3s
0.42744654090687856,3368.842328083575,0.008482725077524038,residual_26p3s
0.4273644037789649,3369.489801365805,0.008884375619438173,residual_26p3s
0.4272822982115435,3370.1372746480347,0.009532532497083945,residual_26p3s
0.42720022418642767,3370.7847479302645,0.010362285024304262,residual_26p3s
0.4271181816854445,3371.4322212124944,0.011295964097604716,residual_26p3s
0.42703617069043526,3372.0796944947247,0.012247548073679995,residual_26p3s
0.42695419118325506,3372.7271677769545,0.01312798243942159,residual_26p3s
0.42687224314577277,3373.3746410591843,0.013851288564493908,residual_26p3s
0.4267903265598714,3374.022114341414,0.0143410563722353,residual_26p3s
0.42670844140744785,3374.669587623644,0.014536664403866124,residual_26p3s
0.4266265876704128,3375.317060905874,0.014398448534958284,residual_26p3s
0.4265447653306909,3375.9645341881037,0.013911108061068267,residual_26p3s
0.4264629743702205,3376.612007470334,0.013084889103343161,residual_26p3s
0.42638121477095414,3377.259480752564,0.011954448266272824,residual_26p3s
0.4262994865148578,3377.9069540347937,0.010575665572541245,residual_26p3s
0.42621778958391154,3378.5544273170235,0.009020944171918394,residual_26p3s
0.4261361239601092,3379.2019005992533,0.007373649321487884,residual_26p3s
0.42605448962545833,3379.849373881483,0.005722302531448788,residual_26p3s
0.4259728865619802,3380.496847163713,0.004155005470670554,residual_26p3s
0.4258913147517101,3381.144320445943,0.002754387789332915,residual_26p3s
0.42580977417669685,3381.791793728173,0.0015932126406582986,residual_26p3s
0.42572826481900317,3382.439267010403,0.0007306716881640785,residual_26p3s
0.4256467866607056,3383.086740292633,0.0002093716771450257,residual_26p3s
0.42556533968389393,3383.7342135748627,5.304942406986874e-05,residual_26p3s
0.42548392387067213,3384.3816868570925,0.0002651260561891539,residual_26p3s
0.4254025392031577,3385.0291601393224,0.0008282863268929117,residual_26p3s
0.42532118566348176,3385.6766334215527,0.0017053007529315809,residual_26p3s
0.4252398632337892,3386.3241067037825,0.002841259128528379,residual_26p3s
0.4251585718962386,3386.9715799860123,0.0041672376290849645,residual_26p3s
0.4250773116330021,3387.619053268242,0.005605197858414703,residual_26p3s
0.4249960824262653,3388.266526550472,0.007073672053048087,residual_26p3s
0.4249148842582277,3388.913999832702,0.008493602869604952,residual_26p3s
0.42483371711110224,3389.5614731149317,0.009793647875819973,residual_26p3s
0.4247525809671156,3390.2089463971615,0.010914356331376333,residual_26p3s
0.4246714758085078,3390.8564196793914,0.011810852204793965,residual_26p3s
0.42459040161753253,3391.5038929616217,0.012453941984085615,residual_26p3s
0.4245093583764572,3392.1513662438515,0.012829824927041631,residual_26p3s
0.42442834606756247,3392.7988395260813,0.012938752924789094,residual_26p3s
0.42434736467314277,3393.446312808311,0.012793042129116928,residual_26p3s
0.4242664141755058,3394.093786090541,0.012414793154247457,residual_26p3s
0.42418549455697296,3394.741259372771,0.011833570575544761,residual_26p3s
0.4241046057998791,3395.388732655001,0.011084172196812134,residual_26p3s
0.4240237478865723,3396.036205937231,0.010204522849117603,residual_26p3s
0.4239429207994146,3396.683679219461,0.009233678958701993,residual_26p3s
0.423862124520781,3397.3311525016907,0.008209933404075468,residual_26p3s
0.42378135903306013,3397.9786257839205,0.007169054042649704,residual_26p3s
0.42370062431865413,3398.6260990661503,0.006142751023352122,residual_26p3s
0.4236199203599784,3399.27357234838,0.005157519228341802,residual_26p3s
0.4235392471394617,3399.92104563061,0.004234016001095602,residual_26p3s
0.4234586046395464,3400.56851891284,0.003387093437781971,residual_26p3s
0.42337799284268784,3401.21599219507,0.0026265084859405357,residual_26p3s
0.4232974117313553,3401.8634654773,0.001958202292213696,residual_26p3s
0.42321686128803093,3402.51093875953,0.0013859080237444094,residual_26p3s
0.4231363414952104,3403.1584120417597,0.0009127545093098678,residual_26p3s
0.4230558523354026,3403.8058853239895,0.0005425140887756973,residual_26p3s
0.4229753937911298,3404.4533586062194,0.0002802101468142589,residual_26p3s
0.42289496584492753,3405.1008318884496,0.00013194150496004457,residual_26p3s
0.4228145684793445,3405.7483051706795,0.00010396334633310058,residual_26p3s
0.42273420167694314,3406.3957784529093,0.00020123999326167552,residual_26p3s
0.4226538654202986,3407.043251735139,0.0004258052793841553,residual_26p3s
0.42257355969199945,3407.690725017369,0.0007752974179306218,residual_26p3s
0.4224932844746475,3408.338198299599,0.001241969839256682,residual_26p3s
0.4224130397508579,3408.9856715818287,0.0018123408483312238,residual_26p3s
0.42233282550325885,3409.6331448640585,0.0024674795372862813,residual_26p3s
0.4222526417144917,3410.2806181462884,0.0031837855070117336,residual_26p3s
0.4221724883672111,3410.9280914285187,0.003934045121785116,residual_26p3s
0.422092365444085,3411.5755647107485,0.0046885518940529254,residual_26p3s
0.4220122729277942,3412.2230379929783,0.005416151479580517,residual_26p3s
0.42193221080103294,3412.870511275208,0.006085181850903892,residual_26p3s
0.4218521790465081,3413.517984557438,0.006664387734064161,residual_26p3s
0.4217721776469403,3414.1654578396683,0.007123959493793327,residual_26p3s
0.421692206585063,3414.812931121898,0.007436855968994624,residual_26p3s
0.42161226584362266,3415.460404404128,0.0075805107651772735,residual_26p3s
0.4215323554053788,3416.107877686358,0.007538903138118366,residual_26p3s
0.42145247525310425,3416.7553509685877,0.00730482498538607,residual_26p3s
0.4213726253695846,3417.4028242508175,0.006882032438162938,residual_26p3s
0.42129280573761874,3418.0502975330473,0.006286875067042682,residual_26p3s
0.42121301634001845,3418.697770815277,0.005548982850532862,residual_26p3s
0.42113325715960853,3419.345244097507,0.00471067996463026,residual_26p3s
0.421053528179227,3419.992717379737,0.003824978987913459,residual_26p3s
0.42097382938172434,3420.640190661967,0.0029522532773615363,residual_26p3s
0.4208941607499647,3421.287663944197,0.0021559288114925156,residual_26p3s
0.4208145222668247,3421.935137226427,0.0014977128996397258,residual_26p3s
0.42073491391519413,3422.5826105086567,0.0010329368014690098,residual_26p3s
0.42065533567797564,3423.2300837908865,0.0008065209909440794,residual_26p3s
0.42057578753808483,3423.877557073117,0.00084990598929727,residual_26p3s
0.4204962694784503,3424.5250303553466,0.0011790874121639212,residual_26p3s
0.42041678148201345,3425.1725036375765,0.001793714829290358,residual_26p3s
0.42033732353172876,3425.8199769198063,0.002677106046526663,residual_26p3s
0.4202578956105632,3426.467450202036,0.003797007171117626,residual_26p3s
0.4201784977014971,3427.114923484266,0.005106979858201338,residual_26p3s
0.42009912978752334,3427.762396766496,0.006548384557751356,residual_26p3s
0.4200197918516476,3428.4098700487257,0.008053007313828502,residual_26p3s
0.4199404838768887,3429.0573433309555,0.009546405864415372,residual_26p3s
0.4198612058462781,3429.7048166131854,0.010952001042289739,residual_26p3s
0.41978195774285987,3430.3522898954157,0.01219580818802431,residual_26p3s
0.41970273954969134,3430.9997631776455,0.01321151629790461,residual_26p3s
0.41962355124984224,3431.6472364598753,0.013945433416813618,residual_26p3s
0.4195443928263952,3432.294709742105,0.014360693614840103,residual_26p3s
0.4194652642624457,3432.942183024335,0.014440123363952064,residual_26p3s
0.41938616554110175,3433.5896563065653,0.014187317733463451,residual_26p3s
0.41930709664548443,3434.237129588795,0.013625752603012542,residual_26p3s
0.4192280575587272,3434.884602871025,0.01279608491287417,residual_26p3s
0.4191490482639765,3435.532076153255,0.011752076825528562,residual_26p3s
0.4190700687443913,3436.1795494354847,0.010555747263850753,residual_26p3s
0.41899111898314323,3436.8270227177145,0.009272376099316791,residual_26p3s
0.41891219896341697,3437.4744959999443,0.007965882534359639,residual_26p3s
0.4188333086684093,3438.121969282174,0.006694923828113822,residual_26p3s
0.41875444808133,3438.769442564404,0.0055098753244150435,residual_26p3s
0.4186756171854016,3439.4169158466343,0.004450705817222745,residual_26p3s
0.41859681596385895,3440.064389128864,0.0035456772893236936,residual_26p3s
0.4185180443999498,3440.711862411094,0.002810774690996739,residual_26p3s
0.4184393024769341,3441.359335693324,0.0022497923807515553,residual_26p3s
0.4183605901780851,3442.0068089755537,0.001855043418268261,residual_26p3s
0.41828190748668787,3442.6542822577835,0.0016086895155507628,residual_26p3s
0.41820325438604045,3443.301755540014,0.0014846917068683403,residual_26p3s
0.41812463085945345,3443.9492288222436,0.0014513433579235583,residual_26p3s
0.41804603689024994,3444.5967021044735,0.0014742704994565963,residual_26p3s
0.4179674724617655,3445.2441753867033,0.0015196872206259917,residual_26p3s
0.41788893755734835,3445.891648668933,0.001557605376304079,residual_26p3s
0.41781043216035907,3446.539121951163,0.0015646506410475715,residual_26p3s
0.417731956254171,3447.186595233393,0.00152615450781481,residual_26p3s
0.4176535098221694,3447.8340685156227,0.001437278339913631,residual_26p3s
0.4175750928477528,3448.4815417978525,0.0013030626552154008,residual_26p3s
0.4174967053143316,3449.129015080083,0.0011374479495054337,residual_26p3s
0.41741834720532883,3449.7764883623126,0.0009614451080979037,residual_26p3s
0.41734001850418023,3450.4239616445425,0.0008007168550448065,residual_26p3s
0.41726171919433336,3451.0714349267723,0.0006828578796581144,residual_26p3s
0.41718344925924883,3451.718908209002,0.0006346390333107876,residual_26p3s
0.4171052086823993,3452.366381491232,0.0006794302147474687,residual_26p3s
0.4170269974472698,3453.0138547734623,0.0008349596995744776,residual_26p3s
0.4169488155373581,3453.661328055692,0.001111522290479534,residual_26p3s
0.416870662936174,3454.308801337922,0.0015107228447386052,residual_26p3s
0.4167925396272396,3454.956274620152,0.002024832536399456,residual_26p3s
0.4167144455940899,3455.6037479023817,0.0026368303070031423,residual_26p3s
0.41663638082027143,3456.2512211846115,0.0033211844094849334,residual_26p3s
0.41655834528934366,3456.8986944668413,0.004045384464388498,residual_26p3s
0.41648033898487835,3457.546167749071,0.0047721590769230875,residual_26p3s
0.41640236189045904,3458.193641031301,0.005462218876117263,residual_26p3s
0.41632441398968206,3458.8411143135313,0.006077274251459704,residual_26p3s
0.4162464952661561,3459.488587595761,0.006583020023036599,residual_26p3s
0.41616860570350167,3460.136060877991,0.0069517766093735636,residual_26p3s
0.4160907452853518,3460.783534160221,0.007164531633006661,residual_26p3s
0.41601291399535173,3461.4310074424507,0.0072122203244128,residual_26p3s
0.41593511181715903,3462.0784807246805,0.007096188952208761,residual_26p3s
0.4158573387344432,3462.725954006911,0.006827875733457455,residual_26p3s
0.4157795947308863,3463.3734272891406,0.006427803438416452,residual_26p3s
0.41570187979018264,3464.0209005713705,0.005924007719391564,residual_26p3s
0.41562419389603816,3464.6683738536003,0.005350036065422718,residual_26p3s
0.41554653703217154,3465.31584713583,0.00474265705896911,residual_26p3s
0.41546890918231333,3465.96332041806,0.00413942594880332,residual_26p3s
0.41539131033020626,3466.61079370029,0.0035762607678334578,residual_26p3s
0.4153137404596056,3467.2582669825197,0.0030851886580825585,residual_26p3s
0.4152361995542781,3467.9057402647495,0.0026924191136614853,residual_26p3s
0.415158687598003,3468.55321354698,0.0024168856400306198,residual_26p3s
0.41508120457457176,3469.2006868292096,0.0022693680500047017,residual_26p3s
0.4150037504677877,3469.8481601114395,0.0022522638639546093,residual_26p3s
0.4149263252614662,3470.4956333936693,0.002360020305726348,residual_26p3s
0.41484892893943515,3471.143106675899,0.002580172851664007,residual_26p3s
0.4147715614855337,3471.7905799581295,0.0028948718563698156,residual_26p3s
0.4146942228836139,3472.4380532403593,0.003282728981366044,residual_26p3s
0.41461691311753934,3473.085526522589,0.003720792599525185,residual_26p3s
0.41453963217118595,3473.732999804819,0.0041864712567707615,residual_26p3s
0.41446238002844127,3474.380473087049,0.004659260464660234,residual_26p3s
0.41438515667320514,3475.0279463692787,0.005122174733870987,residual_26p3s
0.41430796208938947,3475.6754196515085,0.005562825660745022,residual_26p3s
0.41423079626091786,3476.3228929337383,0.005974106652264777,residual_26p3s
0.41415365917172614,3476.970366215968,0.006354446776000983,residual_26p3s
0.414076550805762,3477.617839498198,0.006707593497630239,residual_26p3s
0.4139994711469851,3478.2653127804283,0.007041895024676211,residual_26p3s
0.4139224201793671,3478.912786062658,0.007369091240996086,residual_26p3s
0.4138453978868914,3479.560259344888,0.007702688989890391,residual_26p3s
0.41376840425355343,3480.207732627118,0.008056079385129348,residual_26p3s
0.41369143926336077,3480.8552059093477,0.008440628250444119,residual_26p3s
0.4136145029003324,3481.502679191578,0.008864010174490242,residual_26p3s
0.4135375951484997,3482.150152473808,0.009329043449974121,residual_26p3s
0.41346071599190554,3482.7976257560376,0.009833212040515436,residual_26p3s
0.4133838654146048,3483.4450990382675,0.010368942125268834,residual_26p3s
0.4133070434006644,3484.0925723204973,0.010924559421747863,residual_26p3s
0.4132302499341625,3484.740045602727,0.01148572307430963,residual_26p3s
0.41315348499919,3485.387518884957,0.012037046357381096,residual_26p3s
0.4130767485798488,3486.034992167187,0.012563597505065298,residual_26p3s
0.41300004066025287,3486.6824654494167,0.013052030536000028,residual_26p3s
0.41292336122452833,3487.329938731647,0.013491209310647817,residual_26p3s
0.4128467102568126,3487.977412013877,0.013872325043338627,residual_26p3s
0.4127700877412551,3488.6248852961066,0.014188629479654012,residual_26p3s
0.412693493662017,3489.2723585783365,0.01443498139372441,residual_26p3s
0.4126169280032713,3489.9198318605663,0.014607417541116633,residual_26p3s
0.4125403907492025,3490.567305142796,0.014702914359167858,residual_26p3s
0.412463881884007,3491.2147784250265,0.014719422985670786,residual_26p3s
0.41238740139189317,3491.8622517072563,0.014656165263501844,residual_26p3s
0.41231094925708045,3492.509724989486,0.014514099156178111,residual_26p3s
0.4122345254638006,3493.157198271716,0.014296416755964861,residual_26p3s
0.4121581299962967,3493.804671553946,0.014008932843525963,residual_26p3s
0.4120817628388237,3494.4521448361756,0.01366025133157723,residual_26p3s
0.4120054239756482,3495.0996181184055,0.013261648374131465,residual_26p3s
0.4119291133910484,3495.7470914006353,0.012826670076480392,residual_26p3s
0.4118528310693141,3496.394564682865,0.012370497138916714,residual_26p3s
0.4117765769947467,3497.0420379650955,0.011909169321304714,residual_26p3s
0.4117003511516594,3497.6895112473253,0.011458783607762573,residual_26p3s
0.4116241535243771,3498.336984529555,0.011034778939261991,residual_26p3s
0.41154798409723586,3498.984457811785,0.01065139861408486,residual_26p3s
0.4114718428545838,3499.631931094015,0.010321384205255605,residual_26p3s
0.41139572978078026,3500.2794043762447,0.010055910662185974,residual_26p3s
0.41131964486019634,3500.926877658475,0.00986473082602381,residual_26p3s
0.4112435880772148,3501.574350940705,0.009756466926776975,residual_26p3s
0.41116755941622973,3502.2218242229346,0.009738971069168496,residual_26p3s
0.4110915588616469,3502.8692975051645,0.009819676335853691,residual_26p3s
0.41101558639788344,3503.5167707873943,0.010005871649510124,residual_26p3s
0.41093964200936833,3504.164244069624,0.010304851784666856,residual_26p3s
0.4108637256805416,3504.811717351854,0.010723913348231744,residual_26p3s
0.41078783739585506,3505.459190634084,0.01127018337099118,residual_26p3s
0.41071197713977226,3506.1066639163137,0.01195027636718995,residual_26p3s
0.4106361448967675,3506.754137198544,0.012769778007945199,residual_26p3s
0.4105603406513272,3507.401610480774,0.013732551872115533,residual_26p3s
0.410484564387949,3508.0490837630036,0.01483986613459102,residual_26p3s
0.4104088160911418,3508.6965570452335,0.016089347337161868,residual_26p3s
0.4103330957454265,3509.3440303274633,0.017473795611324793,residual_26p3s
0.4102574033353348,3509.991503609693,0.018979942921118566,residual_26p3s
0.41018173884540987,3510.6389768919234,0.020587299002701974,residual_26p3s
0.4101061022602069,3511.2864501741533,0.02226729578350621,residual_26p3s
0.4100304935642916,3511.933923456383,0.02398298917015507,residual_26p3s
0.4099549127422419,3512.581396738613,0.025689582233445078,residual_26p3s
0.40987935977864626,3513.228870020843,0.027335974581722124,residual_26p3s
0.40980383465810527,3513.8763433030726,0.028867410897714506,residual_26p3s
0.4097283373652304,3514.5238165853025,0.0302291108504165,residual_26p3s
0.40965286788464456,3515.1712898675323,0.03137055130069226,residual_26p3s
0.40957742620098214,3515.818763149762,0.03224989607500589,residual_26p3s
0.40950201229888855,3516.4662364319925,0.03283798488439949,residual_26p3s
0.4094266261630207,3517.1137097142223,0.03312133499967573,residual_26p3s
0.4093512677780469,3517.761182996452,0.033103771470374556,residual_26p3s
0.4092759371286467,3518.408656278682,0.03280653806903664,residual_26p3s
0.40920063419951047,3519.056129560912,0.03226698275422077,residual_26p3s
0.4091253589753405,3519.703602843142,0.031536093597627185,residual_26p3s
0.40905011144085013,3520.351076125372,0.03067524715560647,residual_26p3s
0.4089748915807636,3520.998549407602,0.02975252169451662,residual_26p3s
0.40889969937981685,3521.6460226898316,0.028838852878554627,residual_26p3s
0.4088245348227568,3522.2934959720615,0.028004212487787904,residual_26p3s
0.40874939789434167,3522.9409692542913,0.02731390942146282,residual_26p3s
0.40867428857934074,3523.588442536521,0.026825068709973778,residual_26p3s
0.40859920686253465,3524.235915818751,0.026583342676175386,residual_26p3s
0.4085241527287151,3524.883389100981,0.026619939811493572,residual_26p3s
0.40844912616268503,3525.5308623832107,0.026949106495377864,residual_26p3s
0.40837412714925864,3526.178335665441,0.02756624916191604,residual_26p3s
0.4082991556732611,3526.825808947671,0.028446926423687596,residual_26p3s
0.4082242117195287,3527.4732822299006,0.029546959712088157,residual_26p3s
0.40814929527290916,3528.1207555121305,0.03080389531317548,residual_26p3s
0.408074406318261,3528.7682287943603,0.032139989897236175,residual_26p3s
0.40799954484045386,3529.4157020765906,0.03346678009827467,residual_26p3s
0.4079247108243688,3530.0631753588204,0.034691137215647205,residual_26p3s
0.40784990425489764,3530.7106486410503,0.03572251423154915,residual_26p3s
0.40777512511694347,3531.35812192328,0.036480887937748216,residual_26p3s
0.40770037339542026,3532.00559520551,0.036904715428962336,residual_26p3s
0.4076256490752532,3532.65306848774,0.03695809605698962,residual_26p3s
0.4075509521413786,3533.3005417699696,0.03663628922141137,residual_26p3s
0.4074762825787436,3533.9480150521995,0.03596880803511745,residual_26p3s
0.4074016403723064,3534.5954883344293,0.035019495758940145,residual_26p3s
0.40732702550703637,3535.2429616166596,0.033883282037148736,residual_26p3s
0.4072524379679139,3535.8904348988895,0.03267967599762347,residual_26p3s
0.40717787773993014,3536.5379081811193,0.03154343866884485,residual_26p3s
0.40710334480808746,3537.185381463349,0.030613243942293134,residual_26p3s
0.40702883915739896,3537.832854745579,0.030019449498466,residual_26p3s
0.40695436077288916,3538.480328027809,0.029872325331329736,residual_26p3s
0.406879909639593,3539.127801310039,0.03025218795860838,residual_26p3s
0.40680548574255665,3539.775274592269,0.031202804193799134,residual_26p3s
0.4067310890668374,3540.422747874499,0.03272909058719706,residual_26p3s
0.40665671959750305,3541.0702211567286,0.034799503654902926,residual_26p3s
0.40658237731963265,3541.7176944389585,0.03735263928656098,residual_26p3s
0.406508062218316,3542.3651677211883,0.040306611747693975,residual_26p3s
0.4064337742786538,3543.012641003418,0.043569043180926435,residual_26p3s
0.4063595134857576,3543.660114285648,0.04704525027019445,residual_26p3s
0.40628527982475005,3544.307587567878,0.050642625204241336,residual_26p3s
0.40621107328076445,3544.955060850108,0.054270212965571024,residual_26p3s
0.4061368938389451,3545.602534132338,0.05783381692475442,residual_26p3s
0.40606274148444704,3546.250007414568,0.061228249304586264,residual_26p3s
0.4059886162024362,3546.8974806967976,0.06432924902786073,residual_26p3s
0.4059145179780893,3547.5449539790275,0.06698791594196758,residual_26p3s
0.405840446796594,3548.1924272612573,0.06903021305835086,residual_26p3s
0.40576640264314856,3548.8399005434876,0.07026325309624933,residual_26p3s
0.4056923855029622,3549.4873738257174,0.07048888733004863,residual_26p3s
0.405618395361255,3550.1348471079473,0.06952377962369348,residual_26p3s
0.40554443220325764,3550.782320390177,0.06722391451775964,residual_26p3s
0.40547049601421153,3551.429793672407,0.06351055837053508,residual_26p3s
0.4053965867793692,3552.077266954637,0.058394189365363294,residual_26p3s
0.4053227044839935,3552.7247402368666,0.051992854220451454,residual_26p3s
0.4052488491133582,3553.3722135190965,0.044541726949281116,residual_26p3s
0.4051750206527479,3554.0196868013263,0.036391233212365696,residual_26p3s
0.4051012190874577,3554.6671600835566,0.02799189356134101,residual_26p3s
0.4050274444027937,3555.3146333657864,0.019865057284051156,residual_26p3s
0.4049536965840725,3555.9621066480163,0.012560087851182334,residual_26p3s
0.40487997561662137,3556.609579930246,0.006600517361019856,residual_26p3s
0.4048062814857784,3557.257053212476,0.0024242835674446353,residual_26p3s
0.4047326141768921,3557.904526494706,0.0003260732095409082,residual_26p3s
0.4046589736753221,3558.551999776936,0.00041207583338115816,residual_26p3s
0.40458535996643824,3559.199473059166,0.002577667646827599,residual_26p3s
0.4045117730356212,3559.846946341396,0.0065154565297153725,residual_26p3s
0.4044382128682623,3560.4944196236256,0.011754720142574521,residual_26p3s
0.4043646794497634,3561.1418929058555,0.01772539450626838,residual_26p3s
0.40429117276553705,3561.7893661880853,0.023833500550438973,residual_26p3s
0.40421769280100645,3562.436839470315,0.029532855734680546,residual_26p3s
0.4041442395416051,3563.084312752545,0.03438067805625712,residual_26p3s
0.4040708129727776,3563.731786034775,0.0380705445891225,residual_26p3s
0.4039974130799785,3564.379259317005,0.04044238026142153,residual_26p3s
0.40392403984867364,3565.026732599235,0.04147357631547731,residual_26p3s
0.40385069326433876,3565.674205881465,0.0412572492460048,residual_26p3s
0.40377737331246044,3566.3216791636946,0.03997354943099165,residual_26p3s
0.4037040799785359,3566.9691524459245,0.03785880257118822,residual_26p3s
0.4036308132480727,3567.6166257281548,0.03517595101237708,residual_26p3s
0.4035575731065889,3568.2640990103846,0.032188666988752404,residual_26p3s
0.40348435953961326,3568.9115722926144,0.02914067726669081,residual_26p3s
0.40341117253268505,3569.5590455748443,0.0262411386409388,residual_26p3s
0.4033380120713536,3570.206518857074,0.02365622026639625,residual_26p3s
0.4032648781411793,3570.853992139304,0.021506372663234664,residual_26p3s
0.4031917707277326,3571.501465421534,0.01986818420338301,residual_26p3s
0.4031186898165946,3572.1489387037636,0.01877936405714967,residual_26p3s
0.4030456353933568,3572.7964119859935,0.018245321475948345,residual_26p3s
0.4029726074436211,3573.4438852682233,0.01824602562615434,residual_26p3s
0.4028996059529999,3574.0913585504536,0.018742239596598032,residual_26p3s
0.4028266309071162,3574.7388318326834,0.019680697130791347,residual_26p3s
0.40275368229160297,3575.3863051149133,0.02099820688293744,residual_26p3s
0.4026807600921039,3576.033778397143,0.0226249432165534,residual_26p3s
0.40260786429427314,3576.681251679373,0.024487287066756954,residual_26p3s
0.4025349948837749,3577.3287249616033,0.02651053729062914,residual_26p3s
0.4024621518462841,3577.976198243833,0.02862167477178786,residual_26p3s
0.4023893351674859,3578.623671526063,0.030752188677753697,residual_26p3s
0.4023165448330758,3579.271144808293,0.03284081791026863,residual_26p3s
0.40224378082875956,3579.9186180905226,0.03483595542570209,residual_26p3s
0.4021710431402534,3580.5660913727525,0.03669742631836975,residual_26p3s
0.402098331753284,3581.2135646549823,0.038397385719248785,residual_26p3s
0.4020256466535881,3581.861037937212,0.039920180988139244,residual_26p3s
0.4019529878269128,3582.508511219442,0.04126116497870391,residual_26p3s
0.40188035525901566,3583.155984501672,0.042424605411647845,residual_26p3s
0.4018077489356644,3583.803457783902,0.04342097758988345,residual_26p3s
0.40173516884263705,3584.450931066132,0.04426402409238584,residual_26p3s
0.40166261496572186,3585.098404348362,0.044967994730840496,residual_26p3s
0.40159008729071755,3585.7458776305916,0.045545435519615915,residual_26p3s
0.40151758580343294,3586.3933509128215,0.04600578476846217,residual_26p3s
0.40144511048968684,3587.0408241950518,0.04635488014836812,residual_26p3s
0.4013726613353089,3587.6882974772816,0.04659531545816488,residual_26p3s
0.40130023832613854,3588.3357707595114,0.04672744576903632,residual_26p3s
0.4012278414480255,3588.9832440417413,0.046750754695385706,residual_26p3s
0.4011554706868298,3589.630717323971,0.04666528314695442,residual_26p3s
0.4010831260284215,3590.278190606201,0.04647287061631858,residual_26p3s
0.40101080745868106,3590.925663888431,0.04617805445228443,residual_26p3s
0.400938514963499,3591.5731371706606,0.0457885747780552,residual_26p3s
0.40086624852877606,3592.2206104528905,0.04531550819447339,residual_26p3s
0.400794008140423,3592.8680837351208,0.0447730801606774,residual_26p3s
0.400721793784361,3593.5155570173506,0.04417818266402535,residual_26p3s
0.40064960544652123,3594.1630302995804,0.04354957078458494,residual_26p3s
0.40057744311284493,3594.8105035818103,0.042906663804187964,residual_26p3s
0.40050530676928353,3595.45797686404,0.04226786992959036,residual_26p3s
0.4004331964017987,3596.10545014627,0.04164841231687737,residual_26p3s
0.4003611119963619,3596.7529234285003,0.04105775908893382,residual_26p3s
0.40028905353895516,3597.40039671073,0.04049692694996199,residual_26p3s
0.40021702101557016,3598.04786999296,0.03995609129155847,residual_26p3s
0.4001450144122089,3598.6953432751898,0.039413039878578436,residual_26p3s
0.40007303371488345,3599.3428165574196,0.03883300261180617,residual_26p3s
0.40000107890961567,3599.9902898396494,0.03817025002158068,residual_26p3s
0.399929149982438,3600.6377631218793,0.03737158874438638,residual_26p3s
0.39985724691939234,3601.285236404109,0.03638154461288391,residual_26p3s
0.39978536970653095,3601.932709686339,0.0351486932033765,residual_26p3s
0.3997135183299162,3602.5801829685693,0.03363235702859835,residual_26p3s
0.3996416927756202,3603.227656250799,0.031808795646858415,residual_26p3s
0.3995698930297254,3603.875129533029,0.029676082769631025,residual_26p3s
0.39949811907832383,3604.522602815259,0.02725706099706643,residual_26p3s
0.39942637090751787,3605.1700760974886,0.02460002987454378,residual_26p3s
0.3993546485034198,3605.8175493797185,0.021777092332434904,residual_26p3s
0.3992829518521517,3606.4650226619488,0.018880310730831986,residual_26p3s
0.3992112809398458,3607.1124959441786,0.016015986387883797,residual_26p3s
0.39913963575264433,3607.7599692264084,0.013297481964789835,residual_26p3s
0.39906801627669924,3608.4074425086383,0.010837078100403514,residual_26p3s
0.39899642249817263,3609.054915790868,0.008737420768888653,residual_26p3s
0.39892485440323633,3609.702389073098,0.007083187846425433,residual_26p3s
0.3988533119780723,3610.349862355328,0.005933672497291899,residual_26p3s
0.3987817952088723,3610.9973356375576,0.005317013068139414,residual_26p3s
0.39871030408183794,3611.6448089197875,0.005226748542322293,residual_26p3s
0.39863883858318083,3612.2922822020178,0.005621210979114608,residual_26p3s
0.3985673986991224,3612.9397554842476,0.006425981393864348,residual_26p3s
0.39849598441589407,3613.5872287664774,0.007539276063789387,residual_26p3s
0.3984245957197369,3614.2347020487073,0.008839771052704773,residual_26p3s
0.3983532325969021,3614.882175330937,0.010196093018454712,residual_26p3s
0.3982818950336503,3615.529648613167,0.011477057987317083,residual_26p3s
0.39821058301625245,3616.1771218953972,0.012561738785709275,residual_26p3s
0.3981392965309891,3616.824595177627,0.013348559618265072,residual_26p3s
0.3980680355641507,3617.472068459857,0.013762805260054412,residual_26p3s
0.39799680010203725,3618.1195417420868,0.013762143544332864,residual_26p3s
0.3979255901309589,3618.7670150243166,0.013339954740023637,residual_26p3s
0.39785440563723556,3619.4144883065464,0.012526414122638548,residual_26p3s
0.39778324660719655,3620.0619615887763,0.01138736990952315,residual_26p3s
0.3977121130271815,3620.709434871006,0.010021096192215835,residual_26p3s
0.3976410048835394,3621.356908153236,0.008552996903431438,residual_26p3s
0.3975699221626291,3622.0043814354663,0.007128331803488373,residual_26p3s
0.3974988648508195,3622.651854717696,0.005903083011159455,residual_26p3s
0.3974278329344888,3623.299327999926,0.005033227386671694,residual_26p3s
0.3973568264000251,3623.946801282156,0.0046629367566515915,residual_26p3s
0.3972858452338265,3624.5942745643856,0.004912549079678992,residual_26p3s
0.39721488942230027,3625.241747846616,0.005867440937242911,residual_26p3s
0.3971439589518639,3625.8892211288457,0.007569066247222198,residual_26p3s
0.3970730538089443,3626.5366944110756,0.010009318478273452,residual_26p3s
0.39700217397997817,3627.1841676933054,0.013129008921040916,residual_26p3s
0.3969313194514119,3627.8316409755353,0.016820705628825747,residual_26p3s
0.3968604902097015,3628.479114257765,0.02093558325181201,residual_26p3s
0.3967896862413125,3629.126587539995,0.02529343909805696,residual_26p3s
0.3967189075327206,3629.774060822225,0.029694737097133946,residual_26p3s
0.3966481540704106,3630.4215341044546,0.03393347868331708,residual_26p3s
0.3965774258408771,3631.0690073866845,0.037809830904551825,residual_26p3s
0.39650672283062444,3631.7164806689148,0.04114169014251979,residual_26p3s
0.3964360450261665,3632.3639539511446,0.04377463764667484,residual_26p3s
0.3963653924140268,3633.0114272333744,0.045589975945531436,residual_26p3s
0.3962947649807385,3633.6589005156043,0.04651067436904835,residual_26p3s
0.3962241627128443,3634.306373797834,0.0465050840716543,residual_26p3s
0.3961535855968963,3634.9538470800644,0.045588236592647484,residual_26p3s
0.39608303361945674,3635.6013203622942,0.043820483277793976,residual_26p3s
0.39601250676709693,3636.248793644524,0.041303254946266826,residual_26p3s
0.3959420050263977,3636.896266926754,0.03817189578910282,residual_26p3s
0.39587152838394984,3637.5437402089838,0.034585868855380425,residual_26p3s
0.39580107682635346,3638.1912134912136,0.03071707601748183,residual_26p3s
0.3957306503402181,3638.8386867734434,0.026737446203215914,residual_26p3s
0.395660248912163,3639.4861600556733,0.02280716821183101,residual_26p3s
0.39558987252881683,3640.133633337903,0.019064878483583597,residual_26p3s
0.39551952117681777,3640.7811066201334,0.01562076253547235,residual_26p3s
0.3954491948428137,3641.4285799023633,0.012552996436703772,residual_26p3s
0.3953788935134617,3642.076053184593,0.00990740003670971,residual_26p3s
0.3953086171754284,3642.723526466823,0.007699740925738019,residual_26p3s
0.39523836581539024,3643.3709997490528,0.005919897554556002,residual_26p3s
0.39516813942003254,3644.0184730312826,0.004537064850783263,residual_26p3s
0.3950979379760506,3644.665946313513,0.0035053119515652664,residual_26p3s
0.3950277614701489,3645.3134195957427,0.0027690015462188237,residual_26p3s
0.3949576098890416,3645.9608928779726,0.0022677821366690306,residual_26p3s
0.39488748321945194,3646.6083661602024,0.0019410197288561807,residual_26p3s
0.3948173814481129,3647.2558394424323,0.0017316229011851854,residual_26p3s
0.3947473045617667,3647.903312724662,0.0015892374382140925,residual_26p3s
0.3946772525471651,3648.550786006892,0.001472763389726569,residual_26p3s
0.3946072253910693,3649.198259289122,0.0013521079678217335,residual_26p3s
0.39453722308024947,3649.8457325713516,0.0012090638893319733,residual_26p3s
0.39446724560148577,3650.493205853582,0.001037220230086758,residual_26p3s
0.39439729294156733,3651.1406791358118,0.0008408823676492501,residual_26p3s
0.39432736508729294,3651.7881524180416,0.0006330892687733122,residual_26p3s
0.39425746202547035,3652.4356257002714,0.00043294097030971456,residual_26p3s
0.3941875837429172,3653.0830989825013,0.00026254833733359534,residual_26p3s
0.3941177302264598,3653.730572264731,0.0001439597951357514,residual_26p3s
0.39404790146293445,3654.3780455469614,9.63950569013397e-05,residual_26p3s
0.39397809743918644,3655.0255188291912,0.00013403724686468596,residual_26p3s
0.3939083181420704,3655.672992111421,0.00026453104102496715,residual_26p3s
0.39383856355845026,3656.320465393651,0.0004882348979016167,residual_26p3s
0.39376883367519955,3656.9679386758808,0.0007981979158025394,residual_26p3s
0.3936991284792005,3657.6154119581106,0.0011807791043023537,residual_26p3s
0.3936294479573452,3658.2628852403404,0.0016167918592287923,residual_26p3s
0.3935597920965347,3658.9103585225703,0.002083031025487172,residual_26p3s
0.39349016088367944,3659.5578318048,0.0025540211358039003,residual_26p3s
0.3934205543056991,3660.2053050870304,0.0030038154018523955,residual_26p3s
0.3933509723495226,3660.8527783692602,0.003407681872514374,residual_26p3s
0.3932814150020882,3661.50025165149,0.0037435404441258143,residual_26p3s
0.3932118822503431,3662.14772493372,0.003993062260496313,residual_26p3s
0.3931423740812442,3662.7951982159498,0.004142406166946474,residual_26p3s
0.39307289048175725,3663.4426714981796,0.004182634614889755,residual_26p3s
0.39300343143885713,3664.09014478041,0.004109908616218659,residual_26p3s
0.3929339969395284,3664.7376180626397,0.003925590920258188,residual_26p3s
0.3928645869707645,3665.3850913448696,0.0036363744681097787,residual_26p3s
0.39279520151956787,3666.0325646270994,0.003254495003410528,residual_26p3s
0.3927258405729507,3666.6800379093293,0.0027979931098389386,residual_26p3s
0.39265650411793374,3667.327511191559,0.002290887946612841,residual_26p3s
0.39258719214154725,3667.974984473789,0.0017630480154761934,residual_26p3s
0.3925179046308305,3668.622457756019,0.0012495272231105444,residual_26p3s
0.3924486415728321,3669.2699310382486,0.0007891967876735793,residual_26p3s
0.3923794029546096,3669.917404320479,0.00042264014519835036,residual_26p3s
0.39231018876322976,3670.5648776027087,0.0001894558706795818,residual_26p3s
0.39224099898576853,3671.2123508849386,0.0001252784198758569,residual_26p3s
0.3921718336093108,3671.8598241671684,0.00025892049897847935,residual_26p3s
0.39210269262095077,3672.5072974493983,0.0006100267011797441,residual_26p3s
0.39203357600779154,3673.1547707316286,0.0011875072945491843,residual_26p3s
0.3919644837569456,3673.8022440138584,0.001988836525706134,residual_26p3s
0.39189541585553406,3674.4497172960882,0.0030001182886222996,residual_26p3s
0.39182637229068756,3675.097190578318,0.004196705666969774,residual_26p3s
0.3917573530495456,3675.744663860548,0.0055441422445872135,residual_26p3s
0.39168835811925673,3676.3921371427778,0.006999265273986289,residual_26p3s
0.39161938748697867,3677.0396104250076,0.008511434848923052,residual_26p3s
0.3915504411398779,3677.6870837072374,0.010023976468395071,residual_26p3s
0.39148151906513035,3678.3345569894673,0.01147600008065124,residual_26p3s
0.39141262124992066,3678.982030271697,0.012804759697746056,residual_26p3s
0.39134374768144253,3679.6295035539274,0.013948640874177508,residual_26p3s
0.391274898346899,3680.2769768361572,0.01485072633986253,residual_26p3s
0.3912060732335015,3680.924450118387,0.015462723941532822,residual_26p3s
0.39113727232847106,3681.571923400617,0.01574888336094556,residual_26p3s
0.3910684956190373,3682.2193966828468,0.015689417641535402,residual_26p3s
0.39099974309243896,3682.866869965077,0.015282916874166852,residual_26p3s
0.39093101473592384,3683.514343247307,0.014547316325126387,residual_26p3s
0.3908623105367487,3684.1618165295367,0.013519158560525468,residual_26p3s
0.39079363048217897,3684.8092898117666,0.0122511375143375,residual_26p3s
0.3907249745594894,3685.4567630939964,0.010808175118716517,residual_26p3s
0.39065634275596345,3686.1042363762263,0.009262493394365589,residual_26p3s
0.39058773505889366,3686.751709658456,0.00768825864961814,residual_26p3s
0.3905191514555812,3687.399182940686,0.006156375921245879,residual_26p3s
0.39045059193333653,3688.0466562229158,0.004729922830313693,residual_26p3s
0.3903820564794789,3688.694129505146,0.003460574675914314,residual_26p3s
0.3903135450813363,3689.341602787376,0.002386227605179396,residual_26p3s
0.3902450577262459,3689.9890760696057,0.001529898514726653,residual_26p3s
0.3901765944015535,3690.6365493518356,0.0008998750874547994,residual_26p3s
0.39010815509461383,3691.2840226340654,0.000491003191814073,residual_26p3s
0.3900397397927906,3691.9314959162953,0.00028692810514466396,residual_26p3s
0.3899713484834563,3692.5789691985256,0.00026305185016800385,residual_26p3s
0.3899029811539923,3693.2264424807554,0.00038993493029680556,residual_26p3s
0.3898346377917888,3693.8739157629852,0.0006368574973908888,residual_26p3s
0.38976631838424486,3694.521389045215,0.0009752574633064866,residual_26p3s
0.3896980229187684,3695.168862327445,0.0013817734342045998,residual_26p3s
0.38962975138277606,3695.8163356096748,0.0018406340216472476,residual_26p3s
0.38956150376369336,3696.4638088919046,0.0023451554056579237,residual_26p3s
0.38949328004895467,3697.1112821741344,0.002898146933714662,residual_26p3s
0.38942508022600303,3697.7587554563643,0.0035110932415977976,residual_26p3s
0.38935690428229053,3698.4062287385946,0.004202089060853878,residual_26p3s
0.38928875220527775,3699.0537020208244,0.004992647137292501,residual_26p3s
0.38922062398243423,3699.7011753030542,0.0059036655579602915,residual_26p3s
0.38915251960123814,3700.348648585284,0.0069510019009767325,residual_26p3s
0.38908443904917667,3700.996121867514,0.008141223613219709,residual_26p3s
0.3890163823137455,3701.6435951497438,0.009468150515115518,residual_26p3s
0.38894834938244904,3702.291068431974,0.010910747768319469,residual_26p3s
0.3888803402428007,3702.938541714204,0.012432758063223543,residual_26p3s
0.3888123548823225,3703.5860149964337,0.013984203404363163,residual_26p3s
0.38874439328854504,3704.2334882786636,0.015504594484432808,residual_26p3s
0.38867645544900786,3704.8809615608934,0.01692743106459569,residual_26p3s
0.388608541351259,3705.5284348431233,0.018185423296650762,residual_26p3s
0.3885406509828554,3706.175908125353,0.019215841745453162,residual_26p3s
0.3884727843313625,3706.823381407583,0.019965499500816636,residual_26p3s
0.3884049413843546,3707.4708546898128,0.020395034079027482,residual_26p3s
0.3883371221294146,3708.118327972043,0.02048232613651148,residual_26p3s
0.38826932655413404,3708.765801254273,0.02022501101266548,residual_26p3s
0.3882015546461132,3709.4132745365027,0.01964207642917054,residual_26p3s
0.38813380639296097,3710.0607478187326,0.01877449376309855,residual_26p3s
0.38806608178229485,3710.7082211009624,0.017684727880564948,residual_26p3s
0.3879983808017411,3711.3556943831923,0.01645486069523291,residual_26p3s
0.3879307034389344,3712.0031676654226,0.015183008829835705,residual_26p3s
0.3878630496815183,3712.6506409476524,0.013977777828613546,residual_26p3s
0.3877954195171448,3713.2981142298822,0.012950715592596026,residual_26p3s
0.3877278129334747,3713.945587512112,0.012207103557830916,residual_26p3s
0.3876602299181771,3714.593060794342,0.011835891359502545,residual_26p3s
0.3875926704589301,3715.2405340765717,0.011900014275544305,residual_26p3s
0.38752513454341986,3715.8880073588016,0.012428577101799159,residual_26p3s
0.38745762215934165,3716.5354806410314,0.013412314114823477,residual_26p3s
0.387390133294399,3717.1829539232613,0.01480330091368324,residual_26p3s
0.38732266793630404,3717.8304272054916,0.016519179080702443,residual_26p3s
0.38725522607277757,3718.4779004877214,0.018451339288321923,residual_26p3s
0.3871878076915489,3719.1253737699512,0.020475810275601684,residual_26p3s
0.3871204127803559,3719.772847052181,0.022465197014548424,residual_26p3s
0.38705304132694485,3720.420320334411,0.024299984441741692,residual_26p3s
0.3869856933190705,3721.067793616641,0.025877850514780924,residual_26p3s
0.38691836874449664,3721.715266898871,0.027120206166569977,residual_26p3s
0.38685106759099486,3722.362740181101,0.027975841364605545,residual_26p3s
0.3867837898463458,3723.0102134633307,0.028422132789558997,residual_26p3s
0.38671653549833834,3723.6576867455606,0.02846460951531796,residual_26p3s
0.38664930453476987,3724.3051600277904,0.028135690874164378,residual_26p3s
0.38658209694344636,3724.9526333100202,0.027493112735553195,residual_26p3s
0.38651491271218213,3725.60010659225,0.02661805624585755,residual_26p3s
0.38644775182880003,3726.24757987448,0.0256124769716073,residual_26p3s
0.3863806142811316,3726.8950531567098,0.024594813912607958,residual_26p3s
0.38631350005701626,3727.54252643894,0.023693296965156402,residual_26p3s
0.3862464091443025,3728.18999972117,0.02303651259609453,residual_26p3s
0.38617934153084693,3728.8374730033997,0.02274162973542895,residual_26p3s
0.38611229720451457,3729.4849462856296,0.022901506929346897,residual_26p3s
0.38604527615317896,3730.1324195678594,0.02357252518535131,residual_26p3s
0.3859782783647221,3730.7798928500897,0.02476520024978468,residual_26p3s
0.3859113038270343,3731.4273661323195,0.026439341591760875,residual_26p3s
0.3858443525280143,3732.0748394145494,0.02850482063963188,residual_26p3s
0.3857774244555694,3732.722312696779,0.030828079989815516,residual_26p3s
0.38571051959761493,3733.369785979009,0.03324358582263535,residual_26p3s
0.3856436379420749,3734.017259261239,0.03556869137528467,residual_26p3s
0.38557677947688157,3734.6647325434687,0.03761996625183137,residual_26p3s
0.3855099441899757,3735.3122058256986,0.0392290072921481,residual_26p3s
0.38544313206930614,3735.9596791079284,0.040256061614664926,residual_26p3s
0.3853763431028305,3736.6071523901583,0.040600367108575695,residual_26p3s
0.3853095772785143,3737.2546256723886,0.04020679040111545,residual_26p3s
0.3852428345843316,3737.9020989546184,0.03906892791267286,residual_26p3s
0.38517611500826493,3738.5495722368482,0.03722917574308614,residual_26p3s
0.38510941853830494,3739.197045519078,0.034776308558219386,residual_26p3s
0.38504274516245063,3739.844518801308,0.03184090024101928,residual_26p3s
0.3849760948687093,3740.491992083538,0.028588631010916892,residual_26p3s
0.3849094676450969,3741.139465365768,0.02521134371029717,residual_26p3s
0.3848428634796369,3741.786938647998,0.021915765774660312,residual_26p3s
0.3847762823603618,3742.4344119302277,0.018910122112769875,residual_26p3s
0.3847097242753121,3743.0818852124576,0.016389335022307352,residual_26p3s
0.38464318921253654,3743.7293584946874,0.014519983700740965,residual_26p3s
0.3845766771600921,3744.3768317769172,0.013426525005256248,residual_26p3s
0.38451018810604415,3745.024305059147,0.013180361119506217,residual_26p3s
0.3844437220384662,3745.671778341377,0.01379315061989156,residual_26p3s
0.3843772789454402,3746.319251623607,0.015215323538303991,residual_26p3s
0.384310858815056,3746.966724905837,0.017340139093373633,residual_26p3s
0.3842444616354119,3747.614198188067,0.02001290496293871,residual_26p3s
0.3841780873946146,3748.2616714702967,0.02304427757073289,residual_26p3s
0.38411173608077864,3748.9091447525266,0.026226023498591187,residual_26p3s
0.3840454076820269,3749.5566180347564,0.029347368689177224,residual_26p3s
0.3839791021864905,3750.2040913169867,0.03221015538398451,residual_26p3s
0.3839128195823089,3750.8515645992165,0.03464142690835526,residual_26p3s
0.3838465598576295,3751.4990378814464,0.0365026358443946,residual_26p3s
0.38378032300060794,3752.146511163676,0.03769525250069808,residual_26p3s
0.3837141089994083,3752.793984445906,0.038163000506153705,residual_26p3s
0.3836479178422023,3753.441457728136,0.037891205795327086,residual_26p3s
0.3835817495171704,3754.0889310103657,0.036903835348879505,residual_26p3s
0.38351560401250073,3754.7364042925956,0.03525878847765886,residual_26p3s
0.38344948131639,3755.3838775748254,0.03304195038518216,residual_26p3s
0.38338338141704253,3756.0313508570557,0.030360459124113746,residual_26p3s
0.38331730430267136,3756.6788241392856,0.027335576865987147,residual_26p3s
0.38325124996149723,3757.3262974215154,0.024095489759147347,residual_26p3s
0.3831852183817492,3757.9737707037452,0.02076829510550464,residual_26p3s
0.38311920955166434,3758.621243985975,0.017475394114507353,residual_26p3s
0.3830532234594879,3759.268717268205,0.014325517436214722,residual_26p3s
0.3829872600934731,3759.916190550435,0.011409670230818054,residual_26p3s
0.3829213194418814,3760.563663832665,0.008797359060232084,residual_26p3s
0.3828554014929824,3761.211137114895,0.006534493428854846,residual_26p3s
0.38278950623505353,3761.8586103971247,0.004643281804446896,residual_26p3s
0.38272363365638046,3762.5060836793546,0.0031242416194934976,residual_26p3s
0.38265778374525683,3763.1535569615844,0.0019601434537071987,residual_26p3s
0.3825919564899844,3763.8010302438142,0.0011213844753924583,residual_26p3s
0.3825261518788731,3764.448503526044,0.0005720257123710844,residual_26p3s
0.38246036990024057,3765.095976808274,0.00027560691204429205,residual_26p3s
0.38239461054241275,3765.743450090504,0.00019990801443257026,residual_26p3s
0.3823288737937236,3766.390923372734,0.0003200471796878215,residual_26p3s
0.3822631596425149,3767.038396654964,0.0006196396152496189,residual_26p3s
0.3821974680771368,3767.6858699371937,0.0010901088047035074,residual_26p3s
0.382131799085947,3768.3333432194236,0.001728554012633397,residual_26p3s
0.3820661526573117,3768.9808165016534,0.002534763538727681,residual_26p3s
0.38200052877960455,3769.6282897838837,0.003507989288600443,residual_26p3s
0.3819349274412077,3770.2757630661135,0.004643981438768016,residual_26p3s
0.3818693486305109,3770.9232363483434,0.005932581189876375,residual_26p3s
0.3818037923359121,3771.570709630573,0.00735596317966024,residual_26p3s
0.3817382585458171,3772.218182912803,0.008887476557580517,residual_26p3s
0.3816727472486397,3772.865656195033,0.010490993364876673,residual_26p3s
0.38160725843280163,3773.5131294772627,0.012120732616187846,residual_26p3s
0.3815417920867327,3774.1606027594926,0.01372165002818563,residual_26p3s
0.3814763481988704,3774.8080760417224,0.015230606394959292,residual_26p3s
0.38141092675766025,3775.4555493239527,0.01657858886797167,residual_26p3s
0.3813455277515559,3776.1030226061825,0.017694210965790994,residual_26p3s
0.38128015116901864,3776.7504958884124,0.01850854046194245,residual_26p3s
0.38121479699851785,3777.397969170642,0.018961018040192196,residual_26p3s
0.3811494652285307,3778.045442452872,0.019005891305532766,residual_26p3s
0.3810841558475424,3778.6929157351024,0.01861828868520662,residual_26p3s
0.38101886884404584,3779.340389017332,0.017798900807395147,residual_26p3s
0.380953604206542,3779.987862299562,0.016576309622302353,residual_26p3s
0.3808883619235396,3780.635335581792,0.015006335314443774,residual_26p3s
0.3808231419835553,3781.2828088640217,0.013168297812377135,residual_26p3s
0.3807579443751136,3781.9302821462516,0.011158672370929637,residual_26p3s
0.3806927690867468,3782.5777554284814,0.009083084602876325,residual_26p3s
0.38062761610699525,3783.2252287107112,0.007047806561107956,residual_26p3s
0.380562485424407,3783.872701992941,0.005151843582731317,residual_26p3s
0.3804973770275378,3784.520175275171,0.0034804055514477566,residual_26p3s
0.38043229090495134,3785.167648557401,0.0021001631702974003,residual_26p3s
0.3803672270452194,3785.815121839631,0.00105633082418119,residual_26p3s
0.38030218543692124,3786.462595121861,0.00037138055867725456,residual_26p3s
0.38023716606864405,3787.1100684040907,4.510367329615085e-05,residual_26p3s
0.3801721689289827,3787.7575416863206,5.57723848942816e-05,residual_26p3s
0.38010719400654,3788.405014968551,0.0003622582449740189,residual_26p3s
0.3800422412899266,3789.0524882507807,0.0009070716708665848,residual_26p3s
0.3799773107677608,3789.6999615330105,0.0016203406496609729,residual_26p3s
