period_min,frequency_cpd,power,window
12.0,120.0,0.0032361300756523987,short_5_to_12min
11.935600148304946,120.6474732822299,0.0016988602640132064,short_5_to_12min
11.871887830337107,121.2949465644598,0.0006564253825944515,short_5_to_12min
11.808852094377155,121.9424198466897,0.0002533299025208402,short_5_to_12min
11.746482220077052,122.5898931289196,0.0006073572481511058,short_5_to_12min
11.684767712382085,123.23736641114951,0.0018021773805131272,short_5_to_12min
11.62369829564348,123.8848396933794,0.0038820753043428643,short_5_to_12min
11.563263907914697,124.5323129756093,0.006847941467042649,short_5_to_12min
11.503454695424693,125.17978625783921,0.010653839548268842,short_5_to_12min
11.444261007221877,125.82725954006911,0.015203997453517887,short_5_to_12min
11.38567338998253,126.474732822299,0.020350733944846357,short_5_to_12min
11.327682582977909,127.12220610452891,0.02589442620346006,short_5_to_12min
11.270279513194364,127.76967938675881,0.031586987791286304,short_5_to_12min
11.213455290601095,128.4171526689887,0.037140356116736016,short_5_to_12min
11.15720120356033,129.0646259512186,0.042241099366545215,short_5_to_12min
11.101508714374974,129.7120992334485,0.04657138412767713,short_5_to_12min
11.04636945496895,130.35957251567842,0.04983522266092098,short_5_to_12min
10.991775222695628,131.00704579790832,0.05178735473778945,short_5_to_12min
10.937717976269928,131.65451908013821,0.052260755670460374,short_5_to_12min
10.884189831819892,132.3019923623681,0.051188168102632346,short_5_to_12min
10.831183059053611,132.949465644598,0.04861365951475569,short_5_to_12min
10.778690077537625,133.5969389268279,0.04469200862732408,short_5_to_12min
10.726703453083013,134.24441220905783,0.03967618694765222,short_5_to_12min
10.675215894235576,134.89188549128772,0.03389546971223976,short_5_to_12min
10.624220248866594,135.53935877351762,0.027728028789547454,short_5_to_12min
10.573709500860861,136.18683205574752,0.021571939906503138,short_5_to_12min
10.523676766898731,136.8343053379774,0.015817630960891407,short_5_to_12min
10.474115293329108,137.4817786202073,0.01082348349161247,short_5_to_12min
10.425018453130361,138.1292519024372,0.006895146340561639,short_5_to_12min
10.376379742956347,138.77672518466713,0.004268462359135804,short_5_to_12min
10.32819278026471,139.42419846689702,0.0030957944310898845,short_5_to_12min
10.280451300524838,140.07167174912692,0.003435822212923458,short_5_to_12min
10.2331491545029,140.71914503135682,0.005247353570545045,short_5_to_12min
10.186280305621501,141.3666183135867,0.008388148984786323,short_5_to_12min
10.13983882739154,142.01409159581664,0.012620005998693668,short_5_to_12min
10.093818900914037,142.66156487804653,0.01762122001394646,short_5_to_12min
10.048214812449638,143.30903816027643,0.02300690038408797,short_5_to_12min
10.003020951053752,143.95651144250633,0.028356482787405234,short_5_to_12min
9.95823180627519,144.60398472473622,0.03324636272212952,short_5_to_12min
9.913841965916369,145.25145800696612,0.03728431046581626,short_5_to_12min
9.869846113853157,145.898931289196,0.040141700533632085,short_5_to_12min
9.826239027912498,146.54640457142594,0.04157989915384598,short_5_to_12min
9.783015577806077,147.19387785365583,0.04146833221778182,short_5_to_12min
9.740170723118256,147.84135113588573,0.039793370609308855,short_5_to_12min
9.697699511346661,148.48882441811563,0.03665863459951867,short_5_to_12min
9.65559707599382,149.13629770034552,0.03227818473337481,short_5_to_12min
9.613858634708278,149.78377098257542,0.026964209602799726,short_5_to_12min
9.572479487473734,150.43124426480534,0.021110439190793525,short_5_to_12min
9.531455014844733,151.07871754703524,0.015171964285212279,short_5_to_12min
9.490780676227528,151.72619082926514,0.009641747148975572,short_5_to_12min
9.450452008204786,152.37366411149503,0.00502402657150064,short_5_to_12min
9.410464622902818,153.02113739372493,0.0018050551799463268,short_5_to_12min
9.370814206400077,153.66861067595482,0.00042208661346256125,short_5_to_12min
9.33149651717574,154.31608395818472,0.0012321793282264594,short_5_to_12min
9.292507384597174,154.96355724041464,0.004483120078572895,short_5_to_12min
9.253842707445157,155.61103052264454,0.010289437667032017,short_5_to_12min
9.215498452475773,156.25850380487444,0.018616799422668237,short_5_to_12min
9.177470653017906,156.90597708710433,0.02927772232548367,short_5_to_12min
9.139755407605326,157.55345036933423,0.04194027645464824,short_5_to_12min
9.102348878642356,158.20092365156415,0.05614943529017503,short_5_to_12min
9.065247291102176,158.84839693379405,0.0713584681302273,short_5_to_12min
9.028446931256836,159.49587021602395,0.08696604022273792,short_5_to_12min
8.991944145438062,160.14334349825384,0.10235412050124153,short_5_to_12min
8.955735338828022,160.79081678048374,0.11692255883322163,short_5_to_12min
8.919816974279188,161.43829006271363,0.1301178857262336,short_5_to_12min
8.884185571162458,162.08576334494353,0.14145576186812442,short_5_to_12min
8.848837704242815,162.73323662717343,0.15053785103648673,short_5_to_12min
8.813770002581688,163.38070990940335,0.1570643475570964,short_5_to_12min
8.778979148465334,164.02818319163325,0.16084304607218983,short_5_to_12min
8.74446187635847,164.67565647386314,0.1617950975092305,short_5_to_12min
8.710214971882532,165.32312975609304,0.1599569109211499,short_5_to_12min
8.676235270817816,165.97060303832293,0.15547733484366094,short_5_to_12min
8.642519658128904,166.61807632055286,0.1486093408989541,short_5_to_12min
8.609065067012716,167.26554960278276,0.13969582440107534,short_5_to_12min
8.5758684779686,167.91302288501265,0.12914969248908686,short_5_to_12min
8.54292691788982,168.56049616724255,0.1174290592099301,short_5_to_12min
8.510237459175949,169.20796944947244,0.1050090913591196,short_5_to_12min
8.477797218865534,169.85544273170234,0.0923527885325219,short_5_to_12min
8.445603357788519,170.50291601393224,0.07988355656210028,short_5_to_12min
8.413653079737927,171.15038929616216,0.06796257793926212,short_5_to_12min
8.38194363066026,171.79786257839206,0.056873482158538026,short_5_to_12min
8.350472297864133,172.44533586062195,0.04681567419470815,short_5_to_12min
8.319236409246681,173.09280914285185,0.03790616582460363,short_5_to_12min
8.28823333253726,173.74028242508174,0.030188322714470132,short_5_to_12min
8.257460474557988,174.38775570731167,0.023645013862984707,short_5_to_12min
8.226915280500707,175.03522898954157,0.01821344421209993,short_5_to_12min
8.196595233219941,175.68270227177146,0.01379940810368137,short_5_to_12min
8.166497852541399,176.33017555400136,0.0102895553602542,short_5_to_12min
8.136620694585698,176.97764883623125,0.00756117635370363,short_5_to_12min
8.106961351106856,177.62512211846115,0.005489710815201112,short_5_to_12min
8.077517448845185,178.27259540069105,0.003954528587080044,short_5_to_12min
8.04828664889428,178.92006868292094,0.002843529767141478,short_5_to_12min
8.019266646081643,179.56754196515087,0.002056885528599431,short_5_to_12min
7.99045516836272,180.21501524738076,0.0015099489746030629,short_5_to_12min
7.961849976227904,180.86248852961066,0.0011351454849580893,short_5_to_12min
7.933448862122253,181.50996181184055,0.0008825826269870424,short_5_to_12min
7.905249649877586,182.15743509407048,0.0007192121998954794,short_5_to_12min
7.8772501941566455,182.80490837630038,0.0006265880926863041,short_5_to_12min
7.84944837990901,183.45238165853027,0.0005975167507763712,short_5_to_12min
7.8218421218385235,184.09985494076017,0.0006321066097274776,short_5_to_12min
7.7944293638818944,184.74732822299006,0.000733820099451857,short_5_to_12min
7.767208078698234,185.39480150521996,0.0009060871911441793,short_5_to_12min
7.740176267169253,186.04227478744986,0.001149872408401074,short_5_to_12min
7.713331957909854,186.68974806967975,0.0014623564052695412,short_5_to_12min
7.686673206788871,187.33722135190965,0.001836670423395035,short_5_to_12min
7.660198096459732,187.98469463413957,0.002262463347647068,short_5_to_12min
7.633904735900759,188.63216791636947,0.0027270100892336454,short_5_to_12min
7.607791259964918,189.27964119859936,0.0032165774342919305,short_5_to_12min
7.581855828938789,189.9271144808293,0.0037178201948292167,short_5_to_12min
7.556096628110501,190.57458776305918,0.0042190532614694255,short_5_to_12min
7.530511867346467,191.22206104528908,0.004711308171075908,short_5_to_12min
7.505099780676684,191.86953432751898,0.005189122596928063,short_5_to_12min
7.479858625888385,192.51700760974887,0.005651026374729727,short_5_to_12min
7.4547866841278925,193.16448089197877,0.006099686106544594,short_5_to_12min
7.429882259510423,193.81195417420867,0.0065416651360398195,short_5_to_12min
7.405143678737708,194.45942745643856,0.00698676082969608,short_5_to_12min
7.380569290723221,195.10690073866846,0.007446907060061859,short_5_to_12min
7.3561574662248335,195.75437402089835,0.007934679171585583,short_5_to_12min
7.331906597484757,196.40184730312828,0.008461504166798901,short_5_to_12min
7.307815097876565,197.04932058535817,0.009035744786788114,short_5_to_12min
7.283881401559162,197.69679386758807,0.009660874450799039,short_5_to_12min
7.260103963137517,198.344267149818,0.010333977169509487,short_5_to_12min
7.2364812573300465,198.9917404320479,0.011044788136036592,short_5_to_12min
7.213011778642435,199.6392137142778,0.011775440537553571,short_5_to_12min
7.189694041047814,200.28668699650768,0.01250100959776591,short_5_to_12min
7.166526577673102,200.93416027873758,0.013190853064339383,short_5_to_12min
7.143507940491405,201.58163356096748,0.013810645793446227,short_5_to_12min
7.120636700020312,202.22910684319737,0.01432490690746732,short_5_to_12min
7.097911445025977,202.87658012542727,0.014699740728884424,short_5_to_12min
7.075330782232854,203.52405340765716,0.014905480359266567,short_5_to_12min
7.052893336038934,204.1715266898871,0.014918951551508125,short_5_to_12min
7.030597748236415,204.81899997211698,0.014725162887049526,short_5_to_12min
7.008442677737621,205.46647325434688,0.014318353550129802,short_5_to_12min
6.986426800306106,206.1139465365768,0.013702455782273928,short_5_to_12min
6.964548808292812,206.7614198188067,0.012891119609195366,short_5_to_12min
6.942807410377155,207.4088931010366,0.011907480590703014,short_5_to_12min
6.921201331312955,208.0563663832665,0.010783824234316588,short_5_to_12min
6.8997293116790965,208.7038396654964,0.009561226503947659,short_5_to_12min
6.878390107634811,209.35131294772629,0.008289150291090864,short_5_to_12min
6.857182490679487,209.99878622995618,0.007024876301035296,short_5_to_12min
6.8361052474169135,210.64625951218608,0.005832565548286802,short_5_to_12min
6.815157179323854,211.29373279441597,0.004781709857074685,short_5_to_12min
6.794337102522867,211.94120607664587,0.003944744909975818,short_5_to_12min
6.773643847559272,212.5886793588758,0.0033936908190016677,short_5_to_12min
6.753076259182187,213.2361526411057,0.0031958483267236037,short_5_to_12min
6.732633196129532,213.8836259233356,0.003408792682684507,short_5_to_12min
6.712313530916933,214.5310992055655,0.004075123710700847,short_5_to_12min
6.692116149630441,215.1785724877954,0.0052175839243244985,short_5_to_12min
6.672039951722974,215.8260457700253,0.006835187728012345,short_5_to_12min
6.6520838498144155,216.4735190522552,0.008900891304540574,short_5_to_12min
6.632246769495287,217.1209923344851,0.011361106629198665,short_5_to_12min
6.612527649133933,217.768465616715,0.014137100603452106,short_5_to_12min
6.592925439687114,218.4159388989449,0.01712810619698998,short_5_to_12min
6.573439104513987,219.06341218117478,0.020215857097778445,short_5_to_12min
6.5540676191933525,219.71088546340468,0.02327023487289291,short_5_to_12min
6.5348099713441306,220.3583587456346,0.026155738097833784,short_5_to_12min
6.515665160448998,221.0058320278645,0.028738489134600156,short_5_to_12min
6.496632197681108,221.6533053100944,0.030893458813263365,short_5_to_12min
6.477710105733839,222.30077859232432,0.03251152853132631,short_5_to_12min
6.458897918653525,222.94825187455422,0.033505967035943905,short_5_to_12min
6.440194681675062,223.5957251567841,0.033817912654912886,short_5_to_12min
6.421599451060397,224.243198439014,0.03342052386659858,short_5_to_12min
6.403111293939778,224.8906717212439,0.03232155820472855,short_5_to_12min
6.38472928815576,225.5381450034738,0.03056421651459405,short_5_to_12min
6.366452522109876,226.1856182857037,0.028226124366997368,short_5_to_12min
6.348280094611938,226.8330915679336,0.025416334575701197,short_5_to_12min
6.330211114731918,227.4805648501635,0.022270274865458784,short_5_to_12min
6.312244701654342,228.12803813239339,0.018942680839242176,short_5_to_12min
6.29437998453516,228.7755114146233,0.015598757842657667,short_5_to_12min
6.276616102361043,229.4229846968532,0.012404068957774631,short_5_to_12min
6.258952203811051,230.0704579790831,0.009513882467153068,short_5_to_12min
6.241387447120632,230.71793126131303,0.007062866992140563,short_5_to_12min
6.223920999947909,231.36540454354292,0.005156063219631901,short_5_to_12min
6.206552039242193,232.01287782577282,0.0038619878504045717,short_5_to_12min
6.18927975111471,232.66035110800271,0.003208552839628548,short_5_to_12min
6.172103330711463,233.3078243902326,0.003182221931885618,short_5_to_12min
6.155021982088221,233.9552976724625,0.003730484975161233,short_5_to_12min
6.13803491808756,234.6027709546924,0.004767335283951821,short_5_to_12min
6.121141360217951,235.2502442369223,0.0061810524723172056,short_5_to_12min
6.104340538534835,235.8977175191522,0.007843321965604742,short_5_to_12min
6.08763169152364,236.54519080138212,0.009618654955282803,short_5_to_12min
6.071014065984731,237.19266408361202,0.011373240308058542,short_5_to_12min
6.054486916920229,237.8401373658419,0.012982703035144628,short_5_to_12min
6.038049507422672,238.48761064807184,0.014338627901032526,short_5_to_12min
6.021701108565493,239.13508393030173,0.015353980412309742,short_5_to_12min
6.005440999295265,239.78255721253163,0.015967621105119935,short_5_to_12min
5.989268466325694,240.43003049476152,0.016147958354876955,short_5_to_12min
5.973182804033307,241.07750377699142,0.01589551033247775,short_5_to_12min
5.9571833143548405,241.72497705922132,0.015243891224920859,short_5_to_12min
5.9412693066862445,242.3724503414512,0.014258632649640939,short_5_to_12min
5.925440097783321,243.0199236236811,0.013033365726395286,short_5_to_12min
5.909695011663941,243.667396905911,0.01168320552328365,short_5_to_12min
5.8940333795118205,244.31487018814093,0.010335616371205303,short_5_to_12min
5.87845453958181,244.96234347037083,0.009119489882420046,short_5_to_12min
5.862957837106697,245.60981675260072,0.008153544568672894,short_5_to_12min
5.847542624205467,246.25729003483062,0.0075353853053341385,short_5_to_12min
5.832208259793015,246.90476331706054,0.00733258756205837,short_5_to_12min
5.816954109491279,247.55223659929044,0.007576958593035599,short_5_to_12min
5.801779545541745,248.19970988152033,0.00826267783822724,short_5_to_12min
5.786683946719337,248.84718316375023,0.009348399769511843,short_5_to_12min
5.771666698247643,249.49465644598013,0.010762753031427886,short_5_to_12min
5.756727191715449,250.14212972821002,0.012412162185113948,short_5_to_12min
5.741864824994581,250.78960301043992,0.01418969074746016,short_5_to_12min
5.727079002159,251.43707629266984,0.015983699715933566,short_5_to_12min
5.71236913340516,252.08454957489974,0.017685465325066624,short_5_to_12min
5.697734634973573,252.73202285712964,0.019195357069036825,short_5_to_12min
5.6831749290715905,253.37949613935953,0.02042758323814013,short_5_to_12min
5.668689443797365,254.02696942158943,0.021313754553467755,short_5_to_12min
5.654277613064959,254.67444270381932,0.021805561561797825,short_5_to_12min
5.639938876530605,255.32191598604922,0.021876744268986604,short_5_to_12min
5.625672679520086,255.96938926827914,0.021524332612243777,short_5_to_12min
5.611478472957207,256.61686255050904,0.02076894355964156,short_5_to_12min
5.597355713293349,257.26433583273894,0.019653809288793546,short_5_to_12min
5.583303862438087,257.91180911496883,0.018242227003086205,short_5_to_12min
5.5693223876908515,258.55928239719873,0.016613277632661246,short_5_to_12min
5.55541076167361,259.2067556794286,0.014855936115681884,short_5_to_12min
5.541568462264555,259.8542289616586,0.013062031826690648,short_5_to_12min
5.527794972532789,260.5017022438884,0.011318824422313875,short_5_to_12min
5.514089780673961,261.14917552611837,0.009702137719585176,short_5_to_12min
5.500452379946894,261.7966488083482,0.008270967416395715,short_5_to_12min
5.4868822686111,262.44412209057816,0.007064234507156548,short_5_to_12min
5.4733789498652765,263.091595372808,0.006099957959438386,short_5_to_12min
5.45994193178665,263.73906865503795,0.0053766846263976625,short_5_to_12min
5.446570727271266,264.38654193726785,0.004876664386105838,short_5_to_12min
5.433264853975104,265.03401521949775,0.004570074339685152,short_5_to_12min
5.420023834256093,265.68148850172764,0.004419591427075653,short_5_to_12min
5.40684719511695,266.32896178395754,0.004384744229995906,short_5_to_12min
5.393734468148855,266.97643506618743,0.004425670094894479,short_5_to_12min
5.380685189475957,267.62390834841733,0.004506094583316957,short_5_to_12min
5.367698899700654,268.2713816306473,0.0045954919912078954,short_5_to_12min
5.354775143849707,268.9188549128771,0.0046704630838325795,short_5_to_12min
5.341913471321073,269.5663281951071,0.004715388508000073,short_5_to_12min
5.329113435831568,270.2138014773369,0.004722407350197728,short_5_to_12min
5.31637459536522,270.86127475956687,0.004690757932005899,short_5_to_12min
5.303696512122412,271.5087480417967,0.0046255253524908274,short_5_to_12min
5.291078752469706,272.15622132402666,0.004535879247481748,short_5_to_12min
5.278520886890418,272.80369460625656,0.004432952214898923,short_5_to_12min
5.266022489935873,273.45116788848645,0.004327585849837839,short_5_to_12min
5.253583140177362,274.09864117071635,0.004228229455679851,short_5_to_12min
5.241202420158769,274.74611445294624,0.004139289266949457,short_5_to_12min
5.228879916349876,275.39358773517614,0.00406017874706568,short_5_to_12min
5.216615219100319,276.04106101740604,0.003985217844138512,short_5_to_12min
5.20440792259419,276.688534299636,0.0039043937012931845,short_5_to_12min
5.192257624805288,277.33600758186583,0.003804859091155549,short_5_to_12min
5.180163927452963,277.9834808640958,0.003672937293224631,short_5_to_12min
5.168126435958621,278.6309541463256,0.003496342082249189,short_5_to_12min
5.156144759402793,279.2784274285556,0.0032663145508331935,short_5_to_12min
5.144218510482825,279.92590071078547,0.002979418937637464,short_5_to_12min
5.132347305471144,280.57337399301537,0.002638813781427438,short_5_to_12min
5.120530764174102,281.22084727524526,0.0022549040422987017,short_5_to_12min
5.108768509891386,281.86832055747516,0.0018453643632293057,short_5_to_12min
5.097060169375992,282.51579383970505,0.0014345864988095113,short_5_to_12min
5.08540537279474,283.16326712193495,0.0010526361717994787,short_5_to_12min
5.07380375368933,283.8107404041649,0.0007338081011873431,short_5_to_12min
5.062254948937947,284.45821368639474,0.0005148540781336386,short_5_to_12min
5.050758598717357,285.1056869686247,0.0004329433701300007,short_5_to_12min
5.039314346465548,285.75316025085453,0.0005234105351921817,short_5_to_12min
5.027921838844864,286.4006335330845,0.0008173589085267645,short_5_to_12min
5.016580725705642,287.0481068153143,0.00133921688803941,short_5_to_12min
5.0052906600503295,287.6955800975443,0.002104382247576443,short_5_to_12min
10.0,144.0,0.02870372948452435,focused_7_to_10min
9.955237843597407,144.6474732822299,0.033548068244452625,focused_7_to_10min
9.910874631562956,145.2949465644598,0.037516075295179696,focused_7_to_10min
9.866905054148742,145.9424198466897,0.040284430237370106,focused_7_to_10min
9.823323895417408,146.5898931289196,0.04162129768169001,focused_7_to_10min
9.780126031179519,147.2373664111495,0.04140378668988832,focused_7_to_10min
9.73730642698507,147.8848396933794,0.03962622691416125,focused_7_to_10min
9.694860136167572,148.5323129756093,0.036399943383224005,focused_7_to_10min
9.65278229793904,149.1797862578392,0.03194602889273182,focused_7_to_10min
9.611068135534396,149.8272595400691,0.026582711598037927,focused_7_to_10min
9.569712954403762,150.47473282229902,0.020708510752009402,focused_7_to_10min
9.528712140451246,151.1222061045289,0.014781827037817302,focused_7_to_10min
9.488061158318775,151.7696793867588,0.009297236707162,focused_7_to_10min
9.44775554971371,152.4171526689887,0.004758699227128319,focused_7_to_10min
9.407790931778877,153.0646259512186,0.0016501419042065867,focused_7_to_10min
9.368162995503798,153.7120992334485,0.0004043782610106516,focused_7_to_10min
9.328867504175927,154.35957251567842,0.0013719748656244781,focused_7_to_10min
9.289900291870678,155.00704579790832,0.00479241902725377,focused_7_to_10min
9.251257261979145,155.65451908013821,0.010770593989319777,focused_7_to_10min
9.212934385772424,156.3019923623681,0.01926185456326002,focused_7_to_10min
9.174927701001463,156.949465644598,0.03006857941966636,focused_7_to_10min
9.137233310531434,157.5969389268279,0.04284976182833354,focused_7_to_10min
9.09984738100961,158.24441220905783,0.057143140915110295,focused_7_to_10min
9.062766141565847,158.89188549128772,0.07239712723165134,focused_7_to_10min
9.025985882544676,159.53935877351762,0.08800810898121926,focused_7_to_10min
8.989502954268161,160.18683205574752,0.10335825015553073,focused_7_to_10min
8.953313765828643,160.8343053379774,0.11784973435385225,focused_7_to_10min
8.917414783910505,161.4817786202073,0.1309331364344568,focused_7_to_10min
8.88180253164021,162.1292519024372,0.14212946263913556,focused_7_to_10min
8.84647358746373,162.77672518466713,0.15104669241220745,focused_7_to_10min
8.811424584050718,163.42419846689702,0.15739205154455246,focused_7_to_10min
8.77665220722457,164.07167174912692,0.16098086136212697,focused_7_to_10min
8.742153194917773,164.71914503135682,0.16174205543195525,focused_7_to_10min
8.707924336151754,165.3666183135867,0.15971978863452113,focused_7_to_10min
8.673962470040625,166.01409159581664,0.1550702663165647,focused_7_to_10min
8.640264484818141,166.66156487804653,0.14805303542357603,focused_7_to_10min
8.606827316887259,167.30903816027643,0.13901638646225392,focused_7_to_10min
8.573647949891663,167.95651144250633,0.12837707834989667,focused_7_to_10min
8.540723413808704,168.60398472473622,0.11659525238725392,focused_7_to_10min
8.508050784063153,169.25145800696612,0.10414612966754759,focused_7_to_10min
8.475627180661204,169.898931289196,0.0914908215816182,focused_7_to_10min
8.443449767344223,170.54640457142594,0.07904913824317343,focused_7_to_10min
8.411515750761698,171.19387785365583,0.06717738563464146,focused_7_to_10min
8.379822379662865,171.84135113588573,0.05615359522210472,focused_7_to_10min
8.348366944106578,172.48882441811563,0.046171449037085324,focused_7_to_10min
8.317146774688865,173.13629770034552,0.037342640549119926,focused_7_to_10min
8.28615924178779,173.78377098257542,0.029706002466971696,focused_7_to_10min
8.255401754825101,174.43124426480534,0.023240851280206982,focused_7_to_10min
8.224871761544296,175.07871754703524,0.017881841981154636,focused_7_to_10min
8.194566747304608,175.72619082926514,0.013533119849523621,focused_7_to_10min
8.164484234390576,176.37366411149503,0.010080424673196427,focused_7_to_10min
8.134621781336747,177.02113739372493,0.007400709979062428,focused_7_to_10min
8.104976982267164,177.66861067595482,0.005369516737674399,focused_7_to_10min
8.075547466249212,178.31608395818472,0.003866659307087557,focused_7_to_10min
8.046330896661516,178.96355724041464,0.002780760893001668,focused_7_to_10min
8.017324970575519,179.61103052264454,0.002012940257431717,focused_7_to_10min
7.988527418150358,180.25850380487444,0.0014796607133662355,focused_7_to_10min
7.959936002040745,180.90597708710433,0.0011145411515539768,focused_7_to_10min
7.931548516817541,181.55345036933423,0.0008688708244302312,focused_7_to_10min
7.903362788400649,182.20092365156415,0.0007106719710019727,focused_7_to_10min
7.875376673503988,182.84839693379405,0.0006223708688064392,focused_7_to_10min
7.847588059092192,183.49587021602395,0.0005973905724535044,focused_7_to_10min
7.81999486184878,184.14334349825384,0.000636182258272522,focused_7_to_10min
7.792595027655521,184.79081678048374,0.0007423000506427505,focused_7_to_10min
7.765386531082682,185.43829006271363,0.0009190701286552614,focused_7_to_10min
7.738367374889933,186.08576334494353,0.0011672314418439912,focused_7_to_10min
7.711535589537632,186.73323662717343,0.0014836929520744137,focused_7_to_10min
7.68488923270824,187.38070990940335,0.001861332510422738,focused_7_to_10min
7.65842638883763,188.02818319163325,0.0022896095490255518,focused_7_to_10min
7.6321451686560335,188.67565647386314,0.0027556987146414936,focused_7_to_10min
7.606043708738425,189.32312975609304,0.0032458633578135326,focused_7_to_10min
7.5801201710640855,189.97060303832293,0.003746846562909742,focused_7_to_10min
7.554372742585148,190.61807632055286,0.004247130158640047,focused_7_to_10min
7.52879963480391,191.26554960278276,0.004737973837716093,focused_7_to_10min
7.503399083358694,191.91302288501265,0.005214184548019717,focused_7_to_10min
7.478169347618071,192.56049616724255,0.005674580061634358,focused_7_to_10min
7.453108710283233,193.20796944947244,0.006122108378752271,focused_7_to_10min
7.428215476998357,193.85544273170234,0.0065635796768257135,focused_7_to_10min
7.403487975968713,194.50291601393224,0.007008973825835159,focused_7_to_10min
7.378924557586416,195.15038929616216,0.007470314065760663,focused_7_to_10min
7.354523594063565,195.79786257839206,0.007960148237662914,focused_7_to_10min
7.3302834790726745,196.44533586062195,0.008489744967635833,focused_7_to_10min
7.30620262739416,197.09280914285185,0.00906717745521817,focused_7_to_10min
7.282279474570769,197.74028242508174,0.00969551400205831,focused_7_to_10min
7.258512476568775,198.38775570731167,0.010371349175849991,focused_7_to_10min
7.234900109445779,199.03522898954157,0.011083888766263962,focused_7_to_10min
7.2114408690249805,199.68270227177146,0.011814749662597721,focused_7_to_10min
7.188133270575761,200.33017555400136,0.012538559897726486,focused_7_to_10min
7.164975848500443,200.97764883623125,0.013224351403521663,focused_7_to_10min
7.1419671560270865,201.62512211846115,0.013837636164261138,focused_7_to_10min
7.119105764908183,202.27259540069105,0.014342958053815826,focused_7_to_10min
7.096390265125116,202.92006868292094,0.014706637668716462,focused_7_to_10min
7.073819264598265,203.56754196515087,0.014899398877459493,focused_7_to_10min
7.05139138890263,204.21501524738076,0.014898598879656057,focused_7_to_10min
7.029105280988831,204.86248852961066,0.014689875344305886,focused_7_to_10min
7.006959600909398,205.50996181184055,0.014268150733101764,focused_7_to_10min
22.0,65.45454545454545,0.013664199675137632,long_14_to_22min
21.784508665827886,66.10201873677535,0.018235270170712897,long_14_to_22min
21.573197884262484,66.74949201900526,0.02383265034235306,long_14_to_22min
21.36594716933953,67.39696530123516,0.030398478913940256,long_14_to_22min
21.162640621006215,68.04443858346505,0.03781768435754899,long_14_to_22min
20.96316670899274,68.69191186569496,0.045927438994113674,long_14_to_22min
20.767418068792832,69.33938514792486,0.05453355916289696,long_14_to_22min
20.5752913089689,69.98685843015475,0.06342998000019513,long_14_to_22min
20.386686829055364,70.63433171238466,0.07241688458828757,long_14_to_22min
20.20150864738616,71.28180499461456,0.08131405121874975,long_14_to_22min
20.019664238221146,71.92927827684446,0.0899677862589262,long_14_to_22min
19.841064377590694,72.57675155907435,0.09825152396882263,long_14_to_22min
19.66562299731886,73.22422484130426,0.10606126242579647,long_14_to_22min
19.49325704672332,73.87169812353416,0.1133074723448298,long_14_to_22min
19.32388636152516,74.51917140576407,0.11990528701301365,long_14_to_22min
19.15743353953386,75.16664468799397,0.12576495218513584,long_14_to_22min
18.993823822702293,75.81411797022386,0.13078473438289775,long_14_to_22min
18.83298498517435,76.46159125245376,0.1348485577492034,long_14_to_22min
18.674847226972744,77.10906453468367,0.13783026685543182,long_14_to_22min
18.519343072998446,77.75653781691356,0.1396053737538103,long_14_to_22min
18.366407277034472,78.40401109914346,0.14006942828468513,long_14_to_22min
18.215976730467347,79.05148438137337,0.1391600365309617,long_14_to_22min
18.067990375457768,79.69895766360327,0.1368776601987515,long_14_to_22min
17.922389122309607,80.34643094583316,0.1332994885554584,long_14_to_22min
17.779115770802207,80.99390422806307,0.12858157173517903,long_14_to_22min
17.638114935266145,81.64137751029297,0.12294710922166699,long_14_to_22min
17.499332973195987,82.28885079252287,0.11666249983204573,long_14_to_22min
17.362717917207046,82.93632407475278,0.11000609352746564,long_14_to_22min
17.22821941015463,83.58379735698267,0.10323629525384258,long_14_to_22min
17.095788643245637,84.23127063921257,0.09656530629606147,long_14_to_22min
16.96537829698279,84.87874392144246,0.09014280207155302,long_14_to_22min
16.8369424847913,85.52621720367237,0.08405116229970981,long_14_to_22min
16.710436699186964,86.17369048590227,0.07831134339511552,long_14_to_22min
16.585817760352967,86.82116376813218,0.07289662290324037,long_14_to_22min
16.46304376700059,87.46863705036208,0.06775045525165967,long_14_to_22min
16.342074049396388,88.11611033259197,0.06280458705997348,long_14_to_22min
16.222869124445157,88.76358361482187,0.05799429141240609,long_14_to_22min
16.105390652724545,89.41105689705178,0.05326884184127181,long_14_to_22min
15.989601397372992,90.05853017928168,0.04859677230115202,long_14_to_22min
15.875465184738534,90.70600346151159,0.043966662388432984,long_14_to_22min
15.762946866700975,91.35347674374148,0.039384891330466305,long_14_to_22min
15.652012284585057,92.00095002597138,0.03487197274589936,long_14_to_22min
15.542628234586813,92.64842330820127,0.0304588302238394,long_14_to_22min
15.434762434639515,93.29589659043118,0.026183877981559696,long_14_to_22min
15.32838349264988,93.94336987266108,0.02209119241000238,long_14_to_22min
15.223460876038741,94.59084315489099,0.018229523723481404,long_14_to_22min
15.119964882524252,95.23831643712089,0.014651502293888265,long_14_to_22min
15.017866612088742,95.88578971935078,0.011412226248580848,long_14_to_22min
14.917137940073783,96.53326300158068,0.008566532692505574,long_14_to_22min
14.817751491350768,97.18073628381059,0.006164656368621186,long_14_to_22min
14.719680615517195,97.82820956604048,0.004246585760151761,long_14_to_22min
14.622899363071458,98.4756828482704,0.002836064651458882,long_14_to_22min
14.527382462521393,99.12315613050029,0.0019356223503131885,long_14_to_22min
14.433105298384174,99.77062941273019,0.0015240343647567429,long_14_to_22min
14.340043890037297,100.41810269496008,0.001557137360457151,long_14_to_22min
14.248174871382528,101.06557597718998,0.00197207678829429,long_14_to_22min
14.157475471286572,101.71304925941989,0.002694157067196922,long_14_to_22min
14.067923494764047,102.3605225416498,0.003644827947614828,long_14_to_22min
13.979497304870131,103.0079958238797,0.004749177791331297,long_14_to_22min
180.0,8.0,0.002889784853653474,wide_3_to_180min
166.5226307156246,8.647473282229901,0.003382298712273537,wide_3_to_180min
154.92289170397066,9.294946564459801,0.003979862392570017,wide_3_to_180min
144.83395613990726,9.942419846689702,0.00470108564291942,wide_3_to_180min
135.97870936653268,10.589893128919602,0.005565060547973306,wide_3_to_180min
128.1439037683473,11.237366411149504,0.006589102590218369,wide_3_to_180min
121.16276173267778,11.884839693379405,0.0077851569503912125,wide_3_to_180min
114.90297144689599,12.532312975609305,0.009154994457852077,wide_3_to_180min
109.25822102338742,13.179786257839204,0.01068524336057936,wide_3_to_180min
104.14211115565732,13.827259540069106,0.01234466560305943,wide_3_to_180min
99.48370154242933,14.474732822299007,0.014087044059677723,wide_3_to_180min
95.22420141917907,15.122206104528907,0.01586190560577382,wide_3_to_180min
91.3144753728546,15.769679386758808,0.01763094181638013,wide_3_to_180min
87.713139363082,16.417152668988706,0.019382426051643212,wide_3_to_180min
84.3850901928013,17.06462595121861,0.021134284428479047,wide_3_to_180min
81.30035751384139,17.71209923344851,0.022921727673570265,wide_3_to_180min
78.43319874524813,18.35957251567841,0.02477387357274538,wide_3_to_180min
75.76137898076036,19.00704579790831,0.0266892466455585,wide_3_to_180min
73.26559322711618,19.65451908013821,0.028620243386514064,wide_3_to_180min
70.92899919858074,20.30199236236811,0.03047354884154801,wide_3_to_180min
68.73683674940489,20.949465644598014,0.03212854659500781,wide_3_to_180min
66.67611576246202,21.596938926827914,0.03346905245127738,wide_3_to_180min
64.73535854607294,22.244412209057813,0.03441713146676734,wide_3_to_180min
62.90438594706587,22.891885491287717,0.03495588631818919,wide_3_to_180min
61.17413876286371,23.539358773517616,0.03513354134985304,wide_3_to_180min
59.536527837998236,24.186832055747516,0.035050397450847794,wide_3_to_180min
57.98430761008264,24.834305337977415,0.034836615186662805,wide_3_to_180min
56.51096893440809,25.48177862020732,0.03462903872022274,wide_3_to_180min
55.11064784314332,26.12925190243722,0.03455157455163613,wide_3_to_180min
53.778047541996386,26.776725184667118,0.03470003839511211,wide_3_to_180min
52.50837145662375,27.424198466897018,0.03513112210375518,wide_3_to_180min
51.29726554474927,28.07167174912692,0.035855882458755116,wide_3_to_180min
50.140768411724814,28.71914503135682,0.036839170369175646,wide_3_to_180min
49.03526802518394,29.36661831358672,0.038006079335905066,wide_3_to_180min
47.97746403228501,30.014091595816623,0.03925453447006536,wide_3_to_180min
46.964334851383605,30.661564878046523,0.04047091463291863,wide_3_to_180min
45.99310884698499,31.309038160276423,0.04154484966063307,wide_3_to_180min
45.06123900885541,31.956511442506322,0.04238054423773054,wide_3_to_180min
44.16638064817552,32.60398472473622,0.04290399680020784,wide_3_to_180min
43.30637169950029,33.251458006966125,0.043066756411975333,wide_3_to_180min
42.479215280127264,33.89893128919603,0.042846825048428266,wide_3_to_180min
41.68306421071254,34.546404571425924,0.04224663296156963,wide_3_to_180min
40.916207244562486,35.19387785365583,0.04128779976792786,wide_3_to_180min
40.17705678953093,35.84135113588573,0.040003189260464936,wide_3_to_180min
39.46413793712363,36.48882441811563,0.03842810824075025,wide_3_to_180min
38.77607863927162,37.13629770034553,0.03659335423700072,wide_3_to_180min
38.111600895105944,37.78377098257543,0.03452247995062795,wide_3_to_180min
37.46951282862125,38.43124426480533,0.032234236249940665,wide_3_to_180min
36.84870155390367,39.07871754703523,0.029749346554184673,wide_3_to_180min
36.24812673807108,39.726190829265136,0.027099205370792894,wide_3_to_180min
35.6668147836007,40.37366411149503,0.024333210056727766,wide_3_to_180min
35.103853561609895,41.021137393724935,0.021521551310677133,wide_3_to_180min
34.558387636162834,41.66861067595483,0.01875161496468157,wide_3_to_180min
34.029613927010764,42.316083958184734,0.01611845125828913,wide_3_to_180min
33.516777764515076,42.96355724041464,0.013712124662511666,wide_3_to_180min
33.019169295994885,43.61103052264453,0.011605942487550988,wide_3_to_180min
32.5361202075115,44.25850380487444,0.009848937326506818,wide_3_to_180min
32.06700072925315,44.90597708710434,0.008464026006862031,wide_3_to_180min
31.611216896303034,45.553450369334236,0.007451160966466046,wide_3_to_180min
31.168208039737934,46.20092365156414,0.00679348625617055,wide_3_to_180min
30.73744448577402,46.848396933794035,0.0064642360909641,wide_3_to_180min
30.31842544310683,47.49587021602394,0.006432541681278594,wide_3_to_180min
29.91067706072863,48.14334349825384,0.006667016192382955,wide_3_to_180min
29.513750640386863,48.79081678048374,0.007136711460020669,wide_3_to_180min
29.12722098950684,49.43829006271364,0.007809685474360406,wide_3_to_180min
28.750684901867956,50.085763344943544,0.008649939459081298,wide_3_to_180min
28.383759754620417,50.73323662717344,0.009613836126260102,wide_3_to_180min
28.0260822113799,51.38070990940334,0.010647275134528835,wide_3_to_180min
27.67730702215966,52.02818319163325,0.011684868158587818,wide_3_to_180min
27.337105911807782,52.67565647386314,0.012652079803952731,wide_3_to_180min
27.005166549427013,53.323129756093046,0.013470701182189659,wide_3_to_180min
26.681191591976436,53.97060303832294,0.014067092841430748,wide_3_to_180min
26.36489779589924,54.618076320552845,0.014381593891474413,wide_3_to_180min
26.056015191197748,55.26554960278275,0.014376811394911204,wide_3_to_180min
25.754286312893818,55.913022885012644,0.014042643153036166,wide_3_to_180min
25.459465485276052,56.56049616724255,0.013396930207397108,wide_3_to_180min
25.171318154751937,57.20796944947245,0.012482123764134302,wide_3_to_180min
24.889620267497158,57.85544273170235,0.011359558636624544,wide_3_to_180min
24.61415768843162,58.50291601393225,0.0101033479202609,wide_3_to_180min
24.344725658355582,59.15038929616215,0.00879554270690151,wide_3_to_180min
24.08112828635356,59.79786257839205,0.0075233980467782876,wide_3_to_180min
23.82317807482165,60.44533586062195,0.00637876417204176,wide_3_to_180min
23.570695474697885,61.092809142851856,0.005459016753341992,wide_3_to_180min
23.323508468678558,61.74028242508175,0.004868586324829651,wide_3_to_180min
23.081452180387316,62.387755707311655,0.004719975040333319,wide_3_to_180min
22.84436850763113,63.03522898954155,0.005133094830317296,wide_3_to_180min
22.612105778028624,63.682702271771454,0.0062318341789027905,wide_3_to_180min
22.38451842543482,64.33017555400136,0.00813705461166012,wide_3_to_180min
22.161466685711506,64.97764883623125,0.01095586201199704,wide_3_to_180min
21.942816310507258,65.62512211846115,0.014768047835433595,wide_3_to_180min
21.728438297815394,66.27259540069106,0.01961188981950547,wide_3_to_180min
21.518208638173594,66.92006868292096,0.02547257907130193,wide_3_to_180min
21.31200807545589,67.56754196515087,0.03227675377985604,wide_3_to_180min
21.109721881287587,68.21501524738076,0.03989550689904789,wide_3_to_180min
20.91123964218639,68.86248852961066,0.04815595201275568,wide_3_to_180min
20.71645505860004,69.50996181184055,0.05685886200138255,wide_3_to_180min
20.525265755071842,70.15743509407046,0.06579820205747873,wide_3_to_180min
20.337573100821825,70.80490837630036,0.07477826610078005,wide_3_to_180min
20.153282040082804,71.45238165853027,0.0836254150974332,wide_3_to_180min
19.972300931578236,72.09985494076017,0.09219327658919242,wide_3_to_180min
19.794541396572175,72.74732822299006,0.10036184272271632,wide_3_to_180min
19.619918174962088,73.39480150521996,0.10803180884976563,wide_3_to_180min
19.4483489889222,74.04227478744987,0.11511584831381035,wide_3_to_180min
19.279754413639086,74.68974806967977,0.12152866952854725,wide_3_to_180min
19.11405775471302,75.33722135190966,0.1271778918585353,wide_3_to_180min
18.95118493182724,75.98469463413957,0.13195798390552832,wide_3_to_180min
18.79106436831471,76.63216791636947,0.1357494910617578,wide_3_to_180min
18.63362688627621,77.27964119859936,0.13842524592412409,wide_3_to_180min
18.478805606927125,77.92711448082927,0.13986402730782946,wide_3_to_180min
18.32653585587117,78.57458776305917,0.13997026880897334,wide_3_to_180min
18.176755073019265,79.22206104528907,0.1386962896876802,wide_3_to_180min
18.029402726889934,79.86953432751898,0.13606182261755978,wide_3_to_180min
17.884420233044615,80.51700760974887,0.1321651798520027,wide_3_to_180min
17.741750876426917,81.16448089197877,0.12718180068508844,wide_3_to_180min
17.601339737389647,81.81195417420868,0.12134900505827624,wide_3_to_180min
17.463133621206854,82.45942745643858,0.11493953456916539,wide_3_to_180min
17.3270809908808,83.10690073866847,0.10822946529266958,wide_3_to_180min
17.19313190306564,83.75437402089837,0.10146724374912165,wide_3_to_180min
17.061237946940384,84.40184730312828,0.09484973174904111,wide_3_to_180min
16.93135218587397,85.04932058535817,0.08850888051256997,wide_3_to_180min
16.803429101734825,85.69679386758807,0.08250994209949664,wide_3_to_180min
16.677424541706074,86.34426714981798,0.07685974087577045,wide_3_to_180min
16.55329566747583,86.99174043204788,0.07152188596429634,wide_3_to_180min
16.431000906679767,87.63921371427777,0.0664350540604228,wide_3_to_180min
16.310499906480366,88.28668699650768,0.061530607421758185,wide_3_to_180min
16.1917534891739,88.93416027873758,0.05674669909400299,wide_3_to_180min
16.074723609722575,89.58163356096748,0.05203736284812464,wide_3_to_180min
15.959373315115169,90.22910684319739,0.047376484787064146,wide_3_to_180min
15.84566670546494,90.87658012542728,0.04275763444827764,wide_3_to_180min
15.733568896758731,91.52405340765718,0.03819129277100199,wide_3_to_180min
15.623045985176185,92.17152668988709,0.03370105652216795,wide_3_to_180min
15.514065012902305,92.81899997211698,0.029320065164945768,wide_3_to_180min
15.40659393536098,93.46647325434688,0.025088364457739206,wide_3_to_180min
15.300601589801076,94.11394653657679,0.02105134283279194,wide_3_to_180min
15.19605766517032,94.76141981880669,0.01725886828334519,wide_3_to_180min
15.092932673215921,95.40889310103658,0.013764411023768264,wide_3_to_180min
14.991197920753907,96.0563663832665,0.010623340064478924,wide_3_to_180min
14.890825483052534,96.70383966549639,0.007889775660998922,wide_3_to_180min
14.791788178277796,97.35131294772629,0.005611846709407303,wide_3_to_180min
14.694059542951992,97.9987862299562,0.003825837069597976,wide_3_to_180min
14.597613808378735,98.64625951218609,0.0025503132913834007,wide_3_to_180min
14.502425877990374,99.29373279441599,0.0017816690500385834,wide_3_to_180min
14.408471305575898,99.94120607664588,0.0014924092829998277,wide_3_to_180min
14.315726274349743,100.5886793588758,0.0016329008262616531,wide_3_to_180min
14.224167576823794,101.23615264110569,0.002136420150594725,wide_3_to_180min
14.133772595446864,101.88362592333559,0.002926462218067525,wide_3_to_180min
14.044519283977747,102.5310992055655,0.003924751547669429,wide_3_to_180min
13.956386149559613,103.17857248779539,0.005058365242299416,wide_3_to_180min
13.869352235465081,103.82604577002529,0.006264778443024522,wide_3_to_180min
13.783397104482964,104.4735190522552,0.00749428261262483,wide_3_to_180min
13.698500822918943,105.1209923344851,0.008709892809608535,wide_3_to_180min
13.614643945183898,105.76846561671499,0.009885389805616016,wide_3_to_180min
13.531807498944852,106.4159388989449,0.01100243961137265,wide_3_to_180min
13.449972970814754,107.0634121811748,0.01204775420308958,wide_3_to_180min
13.369122292558323,107.7108854634047,0.0130110150097912,wide_3_to_180min
13.289237827792522,108.3583587456346,0.01388385151079807,wide_3_to_180min
13.210302359160945,109.0058320278645,0.014659685942936597,wide_3_to_180min
13.13229907596262,109.6533053100944,0.015333878364530776,wide_3_to_180min
13.05521156221655,110.3007785923243,0.015903460991019334,wide_3_to_180min
12.979023785144124,110.9482518745542,0.016365893533000525,wide_3_to_180min
12.90372008405252,111.5957251567841,0.016716672866020677,wide_3_to_180min
12.829285159602849,112.24319843901401,0.016946179312778763,wide_3_to_180min
12.7557040634476,112.8906717212439,0.017036665721901916,wide_3_to_180min
12.68296218822266,113.5381450034738,0.016960604694600916,wide_3_to_180min
12.611045257879827,114.18561828570371,0.016681560939922586,wide_3_to_180min
12.539939318346372,114.83309156793361,0.016158313271795396,wide_3_to_180min
12.469630728498824,115.4805648501635,0.01535220343370834,wide_3_to_180min
12.400106151438706,116.1280381323934,0.014236820557412157,wide_3_to_180min
12.331352546058511,116.77551141462331,0.01280836256877058,wide_3_to_180min
12.263357158886715,117.4229846968532,0.011094560980882583,wide_3_to_180min
12.196107516201089,118.0704579790831,0.009160078487643112,wide_3_to_180min
12.129591416400107,118.71793126131301,0.007106861438284204,wide_3_to_180min
12.063796922622647,119.36540454354291,0.005068967841034384,wide_3_to_180min
11.998712355606553,120.0128778257728,0.0032026238886000468,wide_3_to_180min
11.934326286777175,120.66035110800271,0.0016732890987043655,wide_3_to_180min
11.87062753155719,121.30782439023261,0.0006419707562894811,wide_3_to_180min
11.807605142889596,121.9552976724625,0.0002527816256121712,wide_3_to_180min
11.745248404965896,122.60277095469242,0.0006229374343083914,wide_3_to_180min
11.683546827151979,123.25024423692231,0.0018354111434286783,wide_3_to_180min
11.62249013810447,123.89771751915221,0.003933692791756128,wide_3_to_180min
11.562068280070593,124.54519080138212,0.006917794388791876,wide_3_to_180min
11.502271403364912,125.19266408361202,0.01074082282866176,wide_3_to_180min
11.443089861016587,125.84013736584191,0.015305979322306228,wide_3_to_180min
11.384514203581023,126.48761064807182,0.02046451120686449,wide_3_to_180min
11.326535174110083,127.13508393030172,0.026015731861956114,wide_3_to_180min
11.269143703275171,127.78255721253161,0.03171058304393906,wide_3_to_180min
11.21233090463788,128.43003049476152,0.03726023608415783,wide_3_to_180min
11.156088070062955,129.07750377699142,0.04235083010956073,wide_3_to_180min
11.100406665268626,129.72497705922132,0.04666456678063204,wide_3_to_180min
11.04527832550954,130.3724503414512,0.049906050725700854,wide_3_to_180min
10.990694851387687,131.0199236236811,0.05183119909878613,wide_3_to_180min
10.936648204786932,131.667396905911,0.05227468929305526,wide_3_to_180min
10.883130504926903,132.31487018814093,0.05117133975638252,wide_3_to_180min
10.830134024532201,132.96234347037083,0.04856744866702485,wide_3_to_180min
10.777651186112942,133.60981675260072,0.04461993697292846,wide_3_to_180min
10.72567455835298,134.25729003483062,0.03958361134847315,wide_3_to_180min
10.674196852602108,134.90476331706054,0.03378911926208001,wide_3_to_180min
10.623210919468796,135.55223659929044,0.027615463842954616,wide_3_to_180min
10.572709745510112,136.19970988152033,0.021461002639903987,wide_3_to_180min
10.522686450015618,136.84718316375023,0.015715934162686452,wide_3_to_180min
10.473134281882128,137.49465644598013,0.010737958987489159,wide_3_to_180min
10.424046616576359,138.14212972821002,0.006831656259487732,wide_3_to_180min
10.375416953182592,138.78960301043992,0.0042314692317717935,wide_3_to_180min
10.3272389115326,139.43707629266984,0.0030880887461899784,wide_3_to_180min
10.27950622941517,140.08454957489974,0.0034583147425287426,wide_3_to_180min
10.232212759862621,140.73202285712964,0.005298950199717116,wide_3_to_180min
10.18535246851194,141.37949613935953,0.00846573398270391,wide_3_to_180min
10.138919431038051,142.02696942158943,0.012718561959564228,wide_3_to_180min
10.09290783065699,142.67444270381932,0.017734105815582924,wide_3_to_180min
10.047311955696767,143.32191598604922,0.023126290829979395,wide_3_to_180min
10.002126197233762,143.96938926827914,0.028473947041076766,wide_3_to_180min
9.957345046792618,144.61686255050904,0.033353529759726844,wide_3_to_180min
9.912963094107647,145.26433583273894,0.037373548285656054,wide_3_to_180min
9.868975024943838,145.91180911496883,0.04020673052796576,wide_3_to_180min
9.825375618975626,146.55928239719873,0.04161628090356778,wide_3_to_180min
9.782159747721636,147.20675567942862,0.04147378210217062,wide_3_to_180min
9.739322372533692,147.85422896165855,0.039767909306308795,wide_3_to_180min
9.696858542638441,148.50170224388845,0.03660458262319554,wide_3_to_180min
9.65476339322998,149.14917552611834,0.032200035282261334,wide_3_to_180min
9.613032143611933,149.79664880834824,0.026868404823409228,wide_3_to_180min
9.571660095387555,150.44412209057813,0.02100506542613884,wide_3_to_180min
9.530642630696299,151.09159537280803,0.015066371316675228,wide_3_to_180min
9.489975210495597,151.73906865503795,0.00954609109277735,wide_3_to_180min
9.449653372886413,152.38654193726785,0.004948737747352971,wide_3_to_180min
9.409672731481287,153.03401521949775,0.00176024015011863,wide_3_to_180min
9.370028973813668,153.68148850172764,0.0004168860931125987,wide_3_to_180min
9.330717859787272,154.32896178395754,0.0012741192403464966,wide_3_to_180min
9.291735220164302,154.97643506618743,0.004577509441850021,wide_3_to_180min
9.253076955091421,155.62390834841736,0.010438879949055055,wide_3_to_180min
9.214739032662354,156.27138163064726,0.018820886887631165,wide_3_to_180min
9.17671748751609,156.91885491287715,0.029532969319069104,wide_3_to_180min
9.13900841946964,157.56632819510705,0.042240315539386196,wide_3_to_180min
9.101607992184363,158.21380147733694,0.056485455685172804,wide_3_to_180min
9.064512431864905,158.86127475956684,0.07171983247824018,wide_3_to_180min
9.02771802598984,159.50874804179674,0.08734098870804992,wide_3_to_180min
8.991221122073084,160.15622132402666,0.10273047035648313,wide_3_to_180min
8.955018126455238,160.80369460625656,0.11728833088779697,wide_3_to_180min
8.919105503124023,161.45116788848645,0.13046182625928845,wide_3_to_180min
8.883479772562959,162.09864117071635,0.14176776201208197,wide_3_to_180min
8.848137510627561,162.74611445294624,0.15080928528926096,wide_3_to_180min
8.813075347448228,163.39358773517614,0.15728835391985538,wide_3_to_180min
8.778289966359122,164.04106101740607,0.16101475762733997,wide_3_to_180min
8.74377810285232,164.68853429963596,0.16191181809101193,wide_3_to_180min
8.70953654355653,165.33600758186586,0.1600182145246787,wide_3_to_180min
8.675562125239715,165.98348086409575,0.15548506406517554,wide_3_to_180min
8.641851733834972,166.63095414632565,0.1485674839055627,wide_3_to_180min
8.60840230348903,167.27842742855555,0.13961026009236246,wide_3_to_180min
8.575210815632758,167.92590071078547,0.12902780716204137,wide_3_to_180min
8.542274298073103,168.57337399301537,0.11727925395239353,wide_3_to_180min
8.509589824105866,169.22084727524526,0.10484021663804678,wide_3_to_180min
8.47715451164877,169.86832055747516,0.09217355852060354,wide_3_to_180min
8.444965522394279,170.51579383970505,0.07970200592960763,wide_3_to_180min
8.413020060981651,171.16326712193495,0.06778562278662627,wide_3_to_180min
8.381315374187706,171.81074040416487,0.05670663172615141,wide_3_to_180min
8.349848750135823,172.45821368639477,0.04666291333067166,wide_3_to_180min
8.318617517522688,173.10568696862467,0.037769997256050354,wide_3_to_180min
8.287619044862337,173.75316025085456,0.030069932222263007,wide_3_to_180min
8.256850739747035,174.40063353308446,0.02354450761735719,wide_3_to_180min
8.226310048124551,175.04810681531436,0.01813010799999557,wide_3_to_180min
8.195994453591421,175.69558009754425,0.013731950105691492,wide_3_to_180min
8.165901476701787,176.34305337977418,0.010236311546530737,wide_3_to_180min
8.136028674291392,176.99052666200407,0.00752027410732146,wide_3_to_180min
8.106373638816358,177.63799994423397,0.005459197518996722,wide_3_to_180min
8.0769339977064,178.28547322646386,0.003932475949206789,wide_3_to_180min
8.047707412732038,178.93294650869376,0.002828122637300244,wide_3_to_180min
8.018691579385543,179.58041979092366,0.0020464985840673387,wide_3_to_180min
7.989884226275183,180.22789307315358,0.0015032090151471762,wide_3_to_180min
7.96128311453253,180.87536635538348,0.0011309735428049912,wide_3_to_180min
7.932886037232405,181.52283963761337,0.0008802098030147679,wide_3_to_180min
7.904690818825206,182.17031291984327,0.0007181659501913376,wide_3_to_180min
7.876695314581323,182.81778620207317,0.0006266505118986449,wide_3_to_180min
7.848897410047289,183.46525948430306,0.0005986615888025125,wide_3_to_180min
7.821295020513407,184.112732766533,0.0006344256312460298,wide_3_to_180min
7.793886090492601,184.76020604876288,0.0007374507488430562,wide_3_to_180min
7.766668593210148,185.40767933099278,0.0009111520422179588,wide_3_to_180min
7.73964053010409,186.05515261322267,0.001156437209804489,wide_3_to_180min
7.712799930336027,186.70262589545257,0.0014704089733335464,wide_3_to_180min
7.686144850312071,187.35009917768247,0.0018461185537432102,wide_3_to_180min
7.659673373213678,187.9975724599124,0.0022731472440546832,wide_3_to_180min
7.633383608538157,188.6450457421423,0.002738723807571096,wide_3_to_180min
7.607273691648606,189.29251902437218,0.0032290942087040185,wide_3_to_180min
7.5813417833330465,189.93999230660208,0.003730917662361353,wide_3_to_180min
7.555586069372555,190.58746558883198,0.004232535934226774,wide_3_to_180min
7.530004760118153,191.23493887106187,0.0047250255985472455,wide_3_to_180min
7.504596090076287,191.88241215329177,0.00520298232386566,wide_3_to_180min
7.479358317502642,192.5298854355217,0.005665001048725238,wide_3_to_180min
7.454289724004155,193.1773587177516,0.006113814087048442,wide_3_to_180min
7.429388614148974,193.82483199998148,0.006556043937211889,wide_3_to_180min
7.404653315084236,194.47230528221138,0.007001532920002564,wide_3_to_180min
7.38008217616144,195.11977856444128,0.007462238084692413,wide_3_to_180min
7.355673568569256,195.76725184667117,0.007950729559685853,wide_3_to_180min
7.3314258849736,196.4147251289011,0.008478396179134035,wide_3_to_180min
7.307337539164803,197.062198411131,0.009053528093326501,wide_3_to_180min
7.283406965711711,197.7096716933609,0.009679494044635825,wide_3_to_180min
7.25963261962256,198.35714497559078,0.010353247663194542,wide_3_to_180min
7.236012976012477,199.00461825782068,0.011064378214779482,wide_3_to_180min
7.212546529777442,199.65209154005058,0.011794870603213404,wide_3_to_180min
7.189231795274576,200.2995648222805,0.012519664472509715,wide_3_to_180min
7.166067306008618,200.9470381045104,0.013208010063373932,wide_3_to_180min
7.14305161432443,201.5945113867403,0.013825516609083766,wide_3_to_180min
7.120183291105421,202.2419846689702,0.014336689816503418,wide_3_to_180min
7.097460925477733,202.8894579512001,0.01470767806592499,wide_3_to_180min
7.074883124520091,203.53693123342998,0.014908915468663653,wide_3_to_180min
7.052448512979155,204.1844045156599,0.014917379843722942,wide_3_to_180min
7.030155732990282,204.8318777978898,0.014718273116597673,wide_3_to_180min
7.008003443803562,205.4793510801197,0.014306057544471723,wide_3_to_180min
6.9859903215150165,206.1268243623496,0.013684906909944368,wide_3_to_180min
6.964115058802856,206.7742976445795,0.012868721665482289,wide_3_to_180min
6.942376364668667,207.4217709268094,0.011880889167917668,wide_3_to_180min
6.920772964183436,208.06924420903928,0.01075394205768526,wide_3_to_180min
6.899303598238299,208.7167174912692,0.009529192966532828,wide_3_to_180min
6.877967023299919,209.3641907734991,0.0082563239640405,wide_3_to_180min
6.856762011170387,210.011664055729,0.006992807980239801,wide_3_to_180min
6.835687348751546,210.6591373379589,0.005802958791253006,wide_3_to_180min
6.814741837813656,211.3066106201888,0.0047563662145951755,wide_3_to_180min
6.793924294768296,211.9540839024187,0.003925492287312511,wide_3_to_180min
6.773233550445409,212.6015571846486,0.0033822955679429887,wide_3_to_180min
6.752668449874423,213.2490304668785,0.0031939144993482532,wide_3_to_180min
6.732227852069332,213.8965037491084,0.00341765481584097,wide_3_to_180min
6.71191062981768,214.5439770313383,0.0040957417803900095,wide_3_to_180min
6.691715669473349,215.1914503135682,0.005250449944816502,wide_3_to_180min
6.671641870753073,215.8389235957981,0.006880252478962666,wide_3_to_180min
6.651688146536614,216.48639687802802,0.008957517138592854,wide_3_to_180min
6.631853422670507,217.1338701602579,0.011428049220229419,wide_3_to_180min
6.612136637775303,217.7813434424878,0.01421252011120164,wide_3_to_180min
6.592536743056246,218.4288167247177,0.017209607560191846,wide_3_to_180min
6.573052702117299,219.0762900069476,0.020300560043035477,wide_3_to_180min
6.553683490778474,219.7237632891775,0.023354875766888043,wide_3_to_180min
6.534428096896364,220.37123657140742,0.026236806435008402,wide_3_to_180min
6.515285520187836,221.01870985363732,0.02881239986329495,wide_3_to_180min
6.496254772056827,221.66618313586721,0.030956757318467157,wide_3_to_180min
6.477334875424139,222.3136564180971,0.032561118509818826,wide_3_to_180min
6.4585248645602285,222.961129700327,0.03353934428069542,wide_3_to_180min
6.43982378492088,223.6086029825569,0.03383338189125217,wide_3_to_180min
6.42123069298574,224.2560762647868,0.03341737301469497,wide_3_to_180min
6.40274465609963,224.90354954701672,0.03230016585072434,wide_3_to_180min
6.384364752316604,225.55102282924662,0.030526074140061383,wide_3_to_180min
6.366090070246667,226.19849611147652,0.028173764333935435,wide_3_to_180min
6.347919708905135,226.8459693937064,0.02535316656131438,wide_3_to_180min
6.329852777564562,227.4934426759363,0.02220034537257588,wide_3_to_180min
6.311888395609187,228.1409159581662,0.018870380291966984,wide_3_to_180min
6.294025692391848,228.78838924039613,0.015528505610853926,wide_3_to_180min
6.276263807093336,229.43586252262602,0.012340007380839017,wide_3_to_180min
6.258601888584096,230.08333580485592,0.009459606894092096,wide_3_to_180min
6.241039095288284,230.73080908708582,0.0070212116101348605,wide_3_to_180min
6.223574595050093,231.3782823693157,0.0051289541442496025,wide_3_to_180min
6.20620756500231,232.0257556515456,0.0038503673615977612,wide_3_to_180min
6.18893719143709,232.67322893377553,0.0032123725887700074,wide_3_to_180min
6.171762669678859,233.32070221600543,0.0032004983929011356,wide_3_to_180min
6.1546832039593395,233.96817549823533,0.003761407104271406,wide_3_to_180min
6.137698007294638,234.61564878046522,0.004808412355643869,wide_3_to_180min
6.120806301364373,235.26312206269512,0.006229289815654974,wide_3_to_180min
6.104007316392785,235.910595344925,0.007895414112717837,wide_3_to_180min
6.087300291031797,236.55806862715494,0.009671188981318463,wide_3_to_180min
6.070684472245998,237.20554190938483,0.011422905323806659,wide_3_to_180min
6.054159115199502,237.85301519161473,0.013026502886330615,wide_3_to_180min
6.037723483144643,238.50048847384463,0.014374091752079182,wide_3_to_180min
6.0213768473124905,239.14796175607452,0.015379360221479045,wide_3_to_180min
6.005118486805127,239.79543503830442,0.015982058004659905,wide_3_to_180min
5.98894768848968,240.44290832053431,0.016151594766159297,wide_3_to_180min
5.972863746894038,241.09038160276424,0.015889524275247868,wide_3_to_180min
5.956865964104276,241.73785488499414,0.015230435227612004,wide_3_to_180min
5.940953649663686,242.38532816722403,0.0142406711872711,wide_3_to_180min
5.925126120473462,243.03280144945393,0.013014419510954178,wide_3_to_180min
5.909382700694929,243.68027473168382,0.01166702483251864,wide_3_to_180min
5.8937227216533605,244.32774801391372,0.010325816176565266,wide_3_to_180min
5.8781455217432965,244.97522129614364,0.009119185455135587,wide_3_to_180min
5.862650446335379,245.62269457837354,0.008165027252466366,wide_3_to_180min
5.847236847684632,246.27016786060344,0.007559874368464068,wide_3_to_180min
5.8319040848402155,246.91764114283333,0.007370085573322692,wide_3_to_180min
5.816651523556567,247.56511442506323,0.00762622502188728,wide_3_to_180min
5.801478536205958,248.21258770729312,0.008321320052348261,wide_3_to_180min
5.786384501692393,248.86006098952305,0.00941306518280962,wide_3_to_180min
5.77136880536687,249.50753427175295,0.01082939441648108,wide_3_to_180min
5.756430838943935,250.15500755398284,0.012476342867446104,wide_3_to_180min
5.741570000419557,250.80248083621274,0.01424689813750249,wide_3_to_180min
5.726785693990243,251.44995411844263,0.016029642545451243,wide_3_to_180min
5.712077329973414,252.09742740067253,0.017716338689486882,wide_3_to_180min
5.69744432472901,252.74490068290245,0.019208066695454454,wide_3_to_180min
5.682886100582289,253.39237396513235,0.020419924463018515,wide_3_to_180min
5.668402085747798,254.03984724736225,0.02128454227764845,wide_3_to_180min
5.6539917142545235,254.68732052959214,0.02175470628195644,wide_3_to_180min
5.63965442587217,255.33479381182204,0.02180526797759672,wide_3_to_180min
5.625389666038551,255.98226709405193,0.021434318446451415,wide_3_to_180min
5.611196885788095,256.62974037628186,0.02066341545276819,wide_3_to_180min
5.597075541681415,257.27721365851176,0.01953654277943472,wide_3_to_180min
5.5830250957359535,257.92468694074165,0.01811749948537928,wide_3_to_180min
5.569045015357653,258.57216022297155,0.016485574821384477,wide_3_to_180min
5.555134773273665,259.21963350520144,0.014729639794858043,wide_3_to_180min
5.541293847466065,259.86710678743134,0.012941119859713714,wide_3_to_180min
5.527521721106535,260.51458006966124,0.011206615237766277,wide_3_to_180min
5.51381788249205,261.16205335189113,0.009601106647968725,wide_3_to_180min
5.50018182498149,261.8095266341211,0.008182651754750195,wide_3_to_180min
5.486613046933213,262.4569999163509,0.006989230473765165,wide_3_to_180min
5.473111051643523,263.1044731985809,0.006037999411644656,wide_3_to_180min
5.459675347286081,263.7519464808107,0.005326783897673754,wide_3_to_180min
5.446305446852165,264.39941976304067,0.004837291580363054,wide_3_to_180min
5.43300086809184,265.04689304527056,0.004539352557202018,wide_3_to_180min
5.419761133455971,265.69436632750046,0.0043954898056973194,wide_3_to_180min
5.406585770039084,266.34183960973036,0.004365256010841108,wide_3_to_180min
5.393474309523054,266.98931289196025,0.004408967310669501,wide_3_to_180min
5.38042628812163,267.63678617419015,0.004490653579005581,wide_3_to_180min
5.367441246525732,268.28425945642005,0.0045801849910224275,wide_3_to_180min
5.354518729849571,268.93173273864994,0.0046546112625400655,wide_3_to_180min
5.341658287577518,269.57920602087984,0.004698772596621388,wide_3_to_180min
5.328859473511757,270.22667930310973,0.004705233638101445,wide_3_to_180min
5.316121845720676,270.8741525853397,0.004673581099644578,wide_3_to_180min
5.3034449664880015,271.5216258675696,0.004609134715921957,wide_3_to_180min
5.290828402262656,272.1690991497995,0.004521160841536994,wide_3_to_180min
5.27827172360934,272.8165724320294,0.004420744231094754,wide_3_to_180min
5.265774505159798,273.46404571425927,0.004318547626994689,wide_3_to_180min
5.253336325564792,274.11151899648917,0.004222743232315867,wide_3_to_180min
5.240956767446742,274.75899227871906,0.004137408932034397,wide_3_to_180min
5.228635417353047,275.40646556094896,0.00406163175415128,wide_3_to_180min
5.216371865710046,276.05393884317886,0.00398945712086703,wide_3_to_180min
5.204165706777644,276.70141212540875,0.003910687947909735,wide_3_to_180min
5.192016538604557,277.34888540763865,0.0038124040917201364,wide_3_to_180min
5.179923962984196,277.99635868986854,0.0036809687066619873,wide_3_to_180min
5.167887585411158,278.64383197209844,0.003504231668903247,wide_3_to_180min
5.155907015038318,279.2913052543284,0.0032736362072952915,wide_3_to_180min
5.143981864634537,279.9387785365583,0.0029859770400400315,wide_3_to_180min
5.132111750542928,280.5862518187882,0.0026446327176330555,wide_3_to_180min
5.120296292639717,281.2337251010181,0.0022601830645529435,wide_3_to_180min
5.1085351142936615,281.881198383248,0.0018504050839474545,wide_3_to_180min
5.096827842326041,282.5286716654779,0.0014397013188374662,wide_3_to_180min
5.085174106971175,283.17614494770777,0.0010580453322110422,wide_3_to_180min
5.0735735418375025,283.82361822993767,0.0007395320574453018,wide_3_to_180min
5.062025783869176,284.47109151216756,0.0005206076118485236,wide_3_to_180min
5.05053047330819,285.11856479439746,0.0004380387522618391,wide_3_to_180min
5.039087253657022,285.76603807662735,0.0005266787435851834,wide_3_to_180min
5.027695771641774,286.41351135885725,0.0008170993504442806,wide_3_to_180min
5.016355677175825,287.0609846410872,0.001333186179534461,wide_3_to_180min
5.005066623323959,287.7084579233171,0.0020898307615915194,wide_3_to_180min
4.9938282662669895,288.355931205547,0.0030908907097847043,wide_3_to_180min
4.982640265266852,289.0034044877769,0.004327622059266312,wide_3_to_180min
4.971502282632168,289.6508777700068,0.00577780642952347,wide_3_to_180min
4.96041398368427,290.2983510522367,0.007405786716685868,wide_3_to_180min
4.949375036723674,290.9458243344666,0.009163572906754616,wide_3_to_180min
4.938385112997008,291.5932976166965,0.010993073601595713,wide_3_to_180min
4.927443886664379,292.24077089892637,0.01282935385762323,wide_3_to_180min
4.916551034767159,292.88824418115627,0.014604643329724146,wide_3_to_180min
4.905706237196217,293.53571746338616,0.01625266669023214,wide_3_to_180min
4.89490917666056,294.18319074561606,0.01771279013964431,wide_3_to_180min
4.884159538656386,294.83066402784596,0.01893350465315217,wide_3_to_180min
4.873457011436546,295.4781373100759,0.01987489609563985,wide_3_to_180min
4.862801285980414,296.1256105923058,0.02050994844569691,wide_3_to_180min
4.852192055964135,296.7730838745357,0.020824734096968122,wide_3_to_180min
4.841629017731276,297.4205571567656,0.020817711816335523,wide_3_to_180min
4.831111870263858,298.0680304389955,0.020498444706338916,wide_3_to_180min
4.820640315153753,298.7155037212254,0.019886058789975087,wide_3_to_180min
4.810214056574469,299.3629770034553,0.019007700301114656,wide_3_to_180min
4.799832801253286,300.0104502856852,0.017897142093787264,wide_3_to_180min
4.789496258443762,300.6579235679151,0.01659356731005153,wide_3_to_180min
4.779204139898589,301.305396850145,0.015140451160469614,wide_3_to_180min
4.7689561598427925,301.95287013237487,0.01358439408213401,wide_3_to_180min
4.7587520349472925,302.60034341460477,0.011973748099411317,wide_3_to_180min
4.74859148430278,303.2478166968347,0.01035692763967983,wide_3_to_180min
4.738474229393953,303.8952899790646,0.008780396336923322,wide_3_to_180min
4.72839999407405,304.5427632612945,0.007286447087333219,wide_3_to_180min
4.718368504539744,305.1902365435244,0.005911007083326142,wide_3_to_180min
4.708379489306321,305.8377098257543,0.0046817647050263434,wide_3_to_180min
4.698432679183201,306.4851831079842,0.003616905424990268,wide_3_to_180min
4.688527807249745,307.1326563902141,0.002724657832321635,wide_3_to_180min
4.678664608831392,307.780129672444,0.002003713679169353,wide_3_to_180min
4.668842821476067,308.4276029546739,0.0014444396603018072,wide_3_to_180min
4.659062184930921,309.0750762369038,0.0010306849906263381,wide_3_to_180min
4.649322441119327,309.7225495191337,0.0007419323315472588,wide_3_to_180min
4.639623334118186,310.3700228013636,0.0005555411507927285,wide_3_to_180min
4.629964610135519,311.01749608359347,0.0004488743426172384,wide_3_to_180min
4.620346017488315,311.6649693658234,0.0004011561767182225,wide_3_to_180min
4.610767306580687,312.3124426480533,0.00039496232306000155,wide_3_to_180min
4.601228229882267,312.9599159302832,0.00041728131135672846,wide_3_to_180min
4.591728541906892,313.6073892125131,0.00046011180817184447,wide_3_to_180min
4.5822679991915445,314.254862494743,0.0005205775737591731,wide_3_to_180min
4.572846360275552,314.9023357769729,0.0006005587998764316,wide_3_to_180min
4.563463385680041,315.5498090592028,0.000705859714929275,wide_3_to_180min
4.554118837887654,316.1972823414327,0.0008449601308387272,wide_3_to_180min
4.544812481322502,316.8447556236626,0.0010274325062493734,wide_3_to_180min
4.53554408233037,317.4922289058925,0.0012621428122727048,wide_3_to_180min
4.52631340915916,318.1397021881224,0.0015553871398419994,wide_3_to_180min
4.517120231939576,318.7871754703523,0.0019091396147294748,wide_3_to_180min
4.5079643226660435,319.43464875258223,0.00231959548770186,wide_3_to_180min
4.498845455177861,320.08212203481213,0.0027761850653503896,wide_3_to_180min
4.489763405140571,320.729595317042,0.0032612122175166643,wide_3_to_180min
4.480717950027572,321.3770685992719,0.0037502386877882937,wide_3_to_180min
4.471708869101938,322.0245418815018,0.004213291124787862,wide_3_to_180min
4.462735943398465,322.6720151637317,0.004616904481500203,wide_3_to_180min
4.453798955705932,323.3194884459616,0.004926924824891072,wide_3_to_180min
4.444897690549572,323.9669617281915,0.0051118769033367635,wide_3_to_180min
4.436031934173754,324.6144350104214,0.005146574759741947,wide_3_to_180min
4.427201474524873,325.2619082926513,0.00501555266002607,wide_3_to_180min
4.418406101234445,325.9093815748812,0.0047158594489878514,wide_3_to_180min
4.409645605602398,326.5568548571111,0.004258818013159181,wide_3_to_180min
4.400919780580566,327.204328139341,0.0036704968876844547,wide_3_to_180min
4.3922284207563775,327.85180142157094,0.0029908337957653118,wide_3_to_180min
4.383571322336739,328.49927470380084,0.0022715345267271306,wide_3_to_180min
4.3749482831321025,329.14674798603073,0.001572996631193216,wide_3_to_180min
4.366359102540725,329.7942212682606,0.0009605551520858448,wide_3_to_180min
4.357803581533117,330.4416945504905,0.0005003278356848297,wide_3_to_180min
4.349281522636663,331.0891678327204,0.0002548817709673695,wide_3_to_180min
4.340792729920433,331.7366411149503,0.0002788885426465586,wide_3_to_180min
4.332337008980163,332.3841143971802,0.0006149086317194756,wide_3_to_180min
4.3239141669234185,333.0315876794101,0.0012894615211338017,wide_3_to_180min
4.315524012354925,333.67906096164,0.002309594504730885,wide_3_to_180min
4.307166355362066,334.3265342438699,0.0036602453846076807,wide_3_to_180min
4.298841007500563,334.9740075260998,0.005302773542801989,wide_3_to_180min
4.290547781780305,335.62148080832975,0.007175070608059386,wide_3_to_180min
4.282286492651349,336.26895409055965,0.009193613200700732,wide_3_to_180min
4.274056955990087,336.91642737278954,0.011257655448179589,wide_3_to_180min
4.265858989085562,337.56390065501944,0.013255479168447735,wide_3_to_180min
4.257692410625944,338.21137393724933,0.015072270602840231,wide_3_to_180min
4.2495570406851755,338.85884721947923,0.016598860581196584,wide_3_to_180min
4.241452700709738,339.5063205017091,0.017740350606460443,wide_3_to_180min
4.233379213505607,340.153793783939,0.018423625880607235,wide_3_to_180min
4.225336403225326,340.8012670661689,0.018602943672019763,wide_3_to_180min
4.217324095355249,341.4487403483988,0.018263128276046443,wide_3_to_180min
4.2093421167029055,342.0962136306287,0.01742030005009204,wide_3_to_180min
4.201390295384536,342.7436869128586,0.01612040495005465,wide_3_to_180min
4.193468460812744,343.3911601950885,0.0144360129394351,wide_3_to_180min
4.1855764436842975,344.03863347731846,0.012461892052779071,wide_3_to_180min
4.177714075968075,344.68610675954835,0.01030976663663195,wide_3_to_180min
4.169881190893135,345.33358004177825,0.008102497742207254,wide_3_to_180min
4.162077622936921,345.98105332400814,0.005967760252904967,wide_3_to_180min
4.15430320781361,346.62852660623804,0.004031207647618602,wide_3_to_180min
4.146557782462578,347.27599988846794,0.0024091584499934576,wide_3_to_180min
4.138841185037,347.92347317069783,0.0012010159671118556,wide_3_to_180min
4.131153254892581,348.5709464529277,0.0004819050188949677,wide_3_to_180min
4.123493832576403,349.2184197351576,0.0002962910970140674,wide_3_to_180min
4.1158627598159025,349.8658930173875,0.0006535263755025801,wide_3_to_180min
4.108259879507973,350.5133662996174,0.0015262376110171838,wide_3_to_180min
4.100685035708174,351.1608395818473,0.0028521781951087754,wide_3_to_180min
4.093138073620081,351.80831286407727,0.004539641606994385,wide_3_to_180min
4.085618839584733,352.45578614630716,0.006475899160814874,wide_3_to_180min
4.078127181070202,353.10325942853706,0.008537559847493943,wide_3_to_180min
4.070662946661287,353.75073271076695,0.010601421755847473,wide_3_to_180min
4.063225986049306,354.39820599299685,0.01255438324065916,wide_3_to_180min
4.055816150022011,355.04567927522675,0.014301288393064599,wide_3_to_180min
4.0484332904536044,355.69315255745664,0.015770082395540595,wide_3_to_180min
4.041077260294871,356.34062583968654,0.0169141919682101,wide_3_to_180min
4.033747913563415,356.98809912191643,0.017712483005323045,wide_3_to_180min
4.026445105334005,357.63557240414633,0.018167395325123802,wide_3_to_180min
4.019168691729016,358.2830456863762,0.01830189556373232,wide_3_to_180min
4.011918529908987,358.9305189686061,0.018155765973640044,wide_3_to_180min
4.00469447806327,359.577992250836,0.017781539703004366,wide_3_to_180min
3.997496395400782,360.225465533066,0.017240193571772068,wide_3_to_180min
3.9903241421408704,360.87293881529587,0.016596593506194492,wide_3_to_180min
3.983177579504246,361.52041209752576,0.015914695221562993,wide_3_to_180min
3.9760565697040477,362.16788537975566,0.015252625845490015,wide_3_to_180min
3.9689609759369806,362.81535866198556,0.014657959355633552,wide_3_to_180min
3.9618906623745564,363.46283194421545,0.014163671630610651,wide_3_to_180min
3.9548454941544255,364.11030522644535,0.01378534138365526,wide_3_to_180min
3.9478253373718024,364.75777850867524,0.013520101103525323,wide_3_to_180min
3.9408300590709824,365.40525179090514,0.013347633831892473,wide_3_to_180min
3.9338595272369496,366.05272507313504,0.013233201868619322,wide_3_to_180min
3.926913610787067,366.70019835536493,0.013132359150818935,wide_3_to_180min
3.9199921795628674,367.34767163759483,0.012996722444919739,wide_3_to_180min
3.913095104321915,367.9951449198248,0.012780019844430253,wide_3_to_180min
3.9062222567297673,368.6426182020547,0.012443625208629846,wide_3_to_180min
3.899373509352011,369.2900914842846,0.01196091358561965,wide_3_to_180min
3.892548735646389,369.93756476651447,0.011319995768096803,wide_3_to_180min
3.885747809955003,370.58503804874437,0.010524654760396799,wide_3_to_180min
3.878970607496606,371.23251133097426,0.009593556994587084,wide_3_to_180min
3.872217004358967,371.87998461320416,0.008558003120922218,wide_3_to_180min
3.8654868774913185,372.52745789543405,0.00745859606353547,wide_3_to_180min
3.8587801046968875,373.17493117766395,0.0063412421620312465,wide_3_to_180min
3.852096564625497,373.82240445989385,0.0052528884568724885,wide_3_to_180min
3.845436136766244,374.46987774212374,0.004237365443902714,wide_3_to_180min
3.8387987014402625,375.11735102435364,0.0033316709190374053,wide_3_to_180min
3.8321841397935517,375.76482430658353,0.0025629997086488495,wide_3_to_180min
3.8255923337898805,376.4122975888135,0.0019467822580091611,wide_3_to_180min
3.8190231662037695,377.0597708710434,0.0014859229091861467,wide_3_to_180min
3.8124765206135396,377.7072441532733,0.0011713162265607608,wide_3_to_180min
3.8059522813944344,378.3547174355032,0.0009835758380630807,wide_3_to_180min
3.7994503337118157,379.0021907177331,0.0008957615905255286,wide_3_to_180min
3.7929705635144213,379.64966399996297,0.0008767704764774168,wide_3_to_180min
3.7865128575277,380.29713728219286,0.0008949898465465165,wide_3_to_180min
3.780077103247211,380.94461056442276,0.000921805405554826,wide_3_to_180min
3.773663188932088,381.59208384665266,0.0009346013725104219,wide_3_to_180min
3.7672710035985744,382.23955712888255,0.0009189662995915943,wide_3_to_180min
3.7609004370136203,382.88703041111245,0.0008699063896723413,wide_3_to_180min
3.7545513796885457,383.53450369334234,0.0007919575477203226,wide_3_to_180min
3.7482237228727695,384.1819769755723,0.0006981760107021971,wide_3_to_180min
3.7419173585475995,384.8294502578022,0.0006080793789707211,wide_3_to_180min
3.7356321794200866,385.4769235400321,0.0005447096360401199,wide_3_to_180min
3.7293680789169366,386.124396822262,0.0005310963059979947,wide_3_to_180min
3.723124951178491,386.7718701044919,0.0005865010511059927,wide_3_to_180min
3.7169026910527614,387.4193433867218,0.000722904751158517,wide_3_to_180min
3.7107011940895256,388.0668166689517,0.0009422284658083493,wide_3_to_180min
3.7045203565344837,388.71428995118157,0.0012347372034779527,wide_3_to_180min
3.6983600753234738,389.36176323341147,0.0015789501835657255,wide_3_to_180min
3.6922202480767368,390.00923651564136,0.001943185735335413,wide_3_to_180min
3.6861007730932536,390.65670979787126,0.0022886390180675243,wide_3_to_180min
3.680001549345123,391.30418308010115,0.0025736761987178733,wide_3_to_180min
3.6739224764720064,391.95165636233105,0.0027588761389535916,wide_3_to_180min
3.6678634547756177,392.599129644561,0.002812286226519574,wide_3_to_180min
3.6618243852142793,393.2466029267909,0.0027143800391537247,wide_3_to_180min
3.6558051693975226,393.8940762090208,0.0024622832959076686,wide_3_to_180min
3.649805709580743,394.5415494912507,0.00207293179954847,wide_3_to_180min
3.6438259086599105,395.1890227734806,0.0015849065671844733,wide_3_to_180min
3.6378656701663323,395.8364960557105,0.0010587404485553618,wide_3_to_180min
3.6319248982614623,396.4839693379404,0.0005755133737568352,wide_3_to_180min
3.6260034977317672,397.1314426201703,0.0002335763574190324,wide_3_to_180min
3.6201013739836356,397.7789159024002,0.00014330549492451607,wide_3_to_180min
3.6142184330383462,398.42638918463007,0.00041992269787737973,wide_3_to_180min
3.608354581527075,399.07386246685996,0.001174648325835083,wide_3_to_180min
3.602509726685959,399.72133574908986,0.0025047573382533097,wide_3_to_180min
3.5966837763512007,400.3688090313198,0.004483438050476039,wide_3_to_180min
3.5908766389542297,401.0162823135497,0.007150607406833781,wide_3_to_180min
3.5850882235169004,401.6637555957796,0.010505914085356647,wide_3_to_180min
3.579318439646741,402.3112288780095,0.014504986049928498,wide_3_to_180min
3.5735671975322516,402.9587021602394,0.019059549096067028,wide_3_to_180min
3.56783440793824,403.6061754424693,0.024041444066196786,wide_3_to_180min
3.562119982201211,404.2536487246992,0.029289958590759363,wide_3_to_180min
3.5564238322247896,404.9011220069291,0.03462143381661162,wide_3_to_180min
3.5507458704752013,405.548595289159,0.03983992474435924,wide_3_to_180min
3.5450860099767807,406.1960685713889,0.044747806042543525,wide_3_to_180min
3.539444164307536,406.8435418536188,0.04915554812372525,wide_3_to_180min
3.533820247594748,407.49101513584867,0.05289030531813291,wide_3_to_180min
3.528214174510612,408.13848841807857,0.05580331690371186,wide_3_to_180min
3.522625860267924,408.7859617003085,0.05777631940595963,wide_3_to_180min
3.5170552206158083,409.4334349825384,0.05872716503137607,wide_3_to_180min
3.5115021718354793,410.0809082647683,0.058614660658459626,wide_3_to_180min
3.50596663073605,410.7283815469982,0.057442358132160275,wide_3_to_180min
3.5004485146503757,411.3758548292281,0.05526074074395984,wide_3_to_180min
3.494947741430942,412.023328111458,0.05216706831965253,wide_3_to_180min
3.489464229445786,412.6708013936879,0.048302152384881336,wide_3_to_180min
3.4839978975744583,413.3182746759178,0.04384358212881689,wide_3_to_180min
3.478548665204024,413.9657479581477,0.03899539992067696,wide_3_to_180min
3.4731164522250983,414.6132212403776,0.03397484792455665,wide_3_to_180min
3.4677011790279226,415.2606945226075,0.02899742587902019,wide_3_to_180min
3.462302766498474,415.9081678048374,0.02426193680896889,wide_3_to_180min
3.4569211360146124,416.55564108706733,0.019937306318687113,wide_3_to_180min
3.4515562094422667,417.2031143692972,0.016152688147727624,wide_3_to_180min
3.4462079091316484,417.8505876515271,0.012991781347284894,wide_3_to_180min
3.440876157913511,418.498060933757,0.01049155101566268,wide_3_to_180min
3.435560879095431,419.1455342159869,0.008644870099964215,wide_3_to_180min
3.43026199645814,419.7930074982168,0.007406149770917113,wide_3_to_180min
3.424979434251873,420.4404807804467,0.006698872485844886,wide_3_to_180min
3.4197131171927664,421.0879540626766,0.00642405304159195,wide_3_to_180min
3.414462970459272,421.7354273449065,0.006468921153066421,wide_3_to_180min
3.409228919688625,422.3829006271364,0.006715410831429975,wide_3_to_180min
3.404010890973323,423.0303739093663,0.007048246014372041,wide_3_to_180min
3.398808810857654,423.6778471915962,0.007362472152151155,wide_3_to_180min
3.393622606334246,424.3253204738261,0.0075702081677988114,wide_3_to_180min
3.3884522048406525,424.97279375605603,0.007606245149523729,wide_3_to_180min
3.3832975342559695,425.62026703828593,0.0074319895545096205,wide_3_to_180min
3.37815852289748,426.2677403205158,0.007037229378563043,wide_3_to_180min
3.373035099517331,426.9152136027457,0.00643934748204175,wide_3_to_180min
3.367927193299245,427.5626868849756,0.005679915946847649,wide_3_to_180min
3.3628347338552533,428.2101601672055,0.004819014773458775,wide_3_to_180min
3.357757651222462,428.8576334494354,0.003928016404690619,wide_3_to_180min
3.3526958758598524,429.5051067316653,0.0030818434628202456,wide_3_to_180min
3.3476493386451005,430.1525800138952,0.0023517545450538135,wide_3_to_180min
3.342617970871436,430.8000532961251,0.0017995244654854896,wide_3_to_180min
3.337601704244519,431.447526578355,0.001473519221993034,wide_3_to_180min
3.332600470879355,432.0949998605849,0.0014067335401468217,wide_3_to_180min
3.327614203297228,432.74247314281484,0.0016164834869301303,wide_3_to_180min
3.3226428344226706,433.38994642504474,0.0021052225728534863,wide_3_to_180min
3.31768629758045,434.03741970727464,0.0028619156379034796,wide_3_to_180min
3.312744526492594,434.68489298950453,0.0038635384683221416,wide_3_to_180min
3.30781745527543,435.33236627173443,0.005076503305767352,wide_3_to_180min
3.3029050184366633,435.9798395539643,0.00645805090181173,wide_3_to_180min
3.298007150872471,436.6273128361942,0.007957816344174713,wide_3_to_180min
3.2931237878646282,437.2747861184241,0.009519818045377014,wide_3_to_180min
3.2882548650776564,437.922259400654,0.011085030076408703,wide_3_to_180min
3.2834003185559983,438.5697326828839,0.012594512275640962,wide_3_to_180min
3.2785600847212173,439.2172059651138,0.01399285417660224,wide_3_to_180min
3.2737341003692237,439.8646792473437,0.015231511720058885,wide_3_to_180min
3.268922302667521,440.5121525295736,0.01627154288378847,wide_3_to_180min
3.2641246291524797,441.15962581180355,0.017085312591290345,wide_3_to_180min
3.259341017726636,441.80709909403345,0.017656928850971403,wide_3_to_180min
3.2545714066560127,442.45457237626334,0.017981438759419835,wide_3_to_180min
3.249815734567459,443.10204565849324,0.01806307529050102,wide_3_to_180min
3.2450739404460243,443.74951894072314,0.017913024240387473,wide_3_to_180min
3.2403459636323437,444.39699222295303,0.017547224479899193,wide_3_to_180min
3.235631743820057,445.0444655051829,0.01698461895225966,wide_3_to_180min
3.2309312210532366,445.6919387874128,0.01624607878466524,wide_3_to_180min
3.226244335723854,446.3394120696427,0.015353995970997862,wide_3_to_180min
3.2215710285692554,446.9868853518726,0.014332350911349687,wide_3_to_180min
3.216911240669664,447.6343586341025,0.013206958629904392,wide_3_to_180min
3.212264913445706,448.2818319163324,0.012005597389530187,wide_3_to_180min
3.2076319886559532,448.92930519856236,0.010757807934806471,wide_3_to_180min
3.2030124083944935,449.57677848079226,0.00949428039812595,wide_3_to_180min
3.1984061150885124,450.22425176302215,0.008245872813811516,wide_3_to_180min
3.1938130514959076,450.87172504525205,0.007042394243399791,wide_3_to_180min
3.1892331607029116,451.51919832748194,0.005911320697400654,wide_3_to_180min
3.184666386121748,452.16667160971184,0.004876598078456375,wide_3_to_180min
3.180112671488293,452.81414489194174,0.003957642164040835,wide_3_to_180min
3.1755719608597737,453.46161817417163,0.003168594394888849,wide_3_to_180min
3.1710441986124667,454.10909145640153,0.0025178526941626337,wide_3_to_180min
3.1665293294394363,454.7565647386314,0.002007878017158189,wide_3_to_180min
3.162027298348277,455.4040380208613,0.0016352788373621549,wide_3_to_180min
3.157538050658882,456.0515113030912,0.0013911883023706982,wide_3_to_180min
3.153061532001233,456.6989845853211,0.001261959220661918,wide_3_to_180min
3.1485976883131968,457.34645786755107,0.0012301975586004397,wide_3_to_180min
3.1441464658383578,457.99393114978096,0.0012761274657220713,wide_3_to_180min
3.1397078111238566,458.64140443201086,0.0013792296485002594,wide_3_to_180min
3.1352816710182467,459.28887771424075,0.0015200293086973565,wide_3_to_180min
3.1308679926693808,459.93635099647065,0.0016818471126469419,wide_3_to_180min
3.1264667235223014,460.58382427870055,0.001852287369607926,wide_3_to_180min
3.1220778113171526,461.23129756093044,0.002024238623459358,wide_3_to_180min
3.11770120408712,461.87877084316034,0.002196209724123113,wide_3_to_180min
3.1133368501563727,462.52624412539024,0.002371912503389995,wide_3_to_180min
3.1089846981380322,463.17371740762013,0.0025591130114162816,wide_3_to_180min
3.104644696932154,463.82119068985,0.002767884779558389,wide_3_to_180min
3.100316795723729,464.4686639720799,0.0030084894247659434,wide_3_to_180min
3.0960009439807,465.1161372543099,0.003289167424807068,wide_3_to_180min
3.0916970914519957,465.7636105365398,0.0036141370237991258,wide_3_to_180min
3.087405188165578,466.41108381876967,0.0039820702650491,wide_3_to_180min
3.083125184426512,467.05855710099956,0.004385246890913032,wide_3_to_180min
3.0788570308150427,467.70603038322946,0.004809491136759453,wide_3_to_180min
3.074600678184696,468.35350366545936,0.005234891295515975,wide_3_to_180min
3.070356077660394,469.00097694768925,0.005637207740385474,wide_3_to_180min
3.066123180636579,469.64845022991915,0.005989808537177922,wide_3_to_180min
3.0619019387753657,470.29592351214905,0.006265940214758703,wide_3_to_180min
3.0576923040046906,470.94339679437894,0.006441140820616076,wide_3_to_180min
3.0534942285165005,471.59087007660884,0.006495620811841265,wide_3_to_180min
3.0493076647649304,472.23834335883873,0.006416459938947298,wide_3_to_180min
3.045132565464516,472.88581664106863,0.006199483918141133,wide_3_to_180min
3.0409688835884094,473.5332899232986,0.0058506891921609565,wide_3_to_180min
3.0368165723666185,474.1807632055285,0.005387080647934717,wide_3_to_180min
3.0326755852842484,474.8282364877584,0.004836784636721168,wide_3_to_180min
3.0285458760797703,475.47570976998827,0.0042383100175410575,wide_3_to_180min
3.0244273987433,476.12318305221817,0.0036388655306379904,wide_3_to_180min
3.0203201075148796,476.77065633444806,0.0030917117191747168,wide_3_to_180min
3.016223956882796,477.41812961667796,0.0026526313088771555,wide_3_to_180min
3.0121389015818893,478.06560289890785,0.002375732964326781,wide_3_to_180min
3.008064896591891,478.71307618113775,0.0023089359348754954,wide_3_to_180min
3.0040018971357667,479.36054946336765,0.0024895845661742533,wide_3_to_180min
2.9999498586780797,480.00802274559754,0.0029406804785268113,wide_3_to_180min
9.200000000000001,156.52173913043478,0.022684246005949194,literature_525s_harmonic
9.162099738841505,157.16921241266468,0.03420595212364387,literature_525s_harmonic
9.124510463893138,157.81668569489457,0.0475573892570348,literature_525s_harmonic
9.087228363152297,158.46415897712447,0.06224202867749264,literature_525s_harmonic
9.050249686665133,159.1116322593544,0.0776863196128008,literature_525s_harmonic
9.013570745269208,159.7591055415843,0.09327769364915316,literature_525s_harmonic
8.977187909366567,160.4065788238142,0.10840153535411577,literature_525s_harmonic
8.941097607726439,161.05405210604408,0.12247359483277408,literature_525s_harmonic
8.905296326316684,161.70152538827398,0.13496618036171076,literature_525s_harmonic
8.869780607163204,162.34899867050387,0.1454281998925665,literature_525s_harmonic
8.834547047236553,162.9964719527338,0.15350012253027986,literature_525s_harmonic
8.799592297364962,163.6439452349637,0.15892502975401532,literature_525s_harmonic
8.764913061173063,164.2914185171936,0.16155636229570458,literature_525s_harmonic
8.730506094045632,164.9388917994235,0.16136219905009674,literature_525s_harmonic
8.696368202115629,165.58636508165338,0.15842534374966685,literature_525s_harmonic
8.662496241275873,166.23383836388328,0.15293834373271506,literature_525s_harmonic
8.628887116213765,166.8813116461132,0.14519279576266128,literature_525s_harmonic
8.595537779468343,167.5287849283431,0.13556276640120027,literature_525s_harmonic
8.562445230509173,168.176258210573,0.12448275186498164,literature_525s_harmonic
8.529606514836384,168.8237314928029,0.11242128368913658,literature_525s_harmonic
8.497018723101371,169.4712047750328,0.09985202994656528,literature_525s_harmonic
8.46467899024756,170.11867805726268,0.08722494315985398,literature_525s_harmonic
8.432584494670728,170.76615133949258,0.07494043936597877,literature_525s_harmonic
8.400732457398343,171.4136246217225,0.06332949149866703,literature_525s_harmonic
8.369120141287452,172.0610979039524,0.05264174179380736,literature_525s_harmonic
8.33774485024058,172.7085711861823,0.04304239655507035,literature_525s_harmonic
8.30660392843924,173.3560444684122,0.034617128926951964,literature_525s_harmonic
17.500000000000004,82.28571428571428,0.11669406165379874,literature_1028p7s_orbital
17.363374569683096,82.93318756794417,0.11003880554124246,literature_1028p7s_orbital
17.228865928463172,83.58066085017408,0.10326899937253543,literature_1028p7s_orbital
17.096425260191154,84.22813413240398,0.09659711671396945,literature_1028p7s_orbital
16.966005238293253,84.87560741463388,0.09017315669523213,literature_1028p7s_orbital
16.83755996938504,85.52308069686379,0.08407981858650708,literature_1028p7s_orbital
17.9,80.44692737430168,0.1326369803528623,literature_1051s_superhump
17.757082959389482,81.09440065653158,0.12776074958263664,literature_1051s_superhump
17.61642999619514,81.74187393876149,0.12200722499628038,literature_1051s_superhump
17.477987732291595,82.38934722099138,0.11564680586794605,literature_1051s_superhump
17.341704454400894,83.03682050322128,0.1089567614299734,literature_1051s_superhump
17.207530049687165,83.68429378545119,0.10218983308474278,literature_1051s_superhump
17.07541594431808,84.33176706768108,0.09554930074995702,literature_1051s_superhump
2.05,702.439024390244,0.009562769098087917,fast_115_to_120s
2.0481121522985215,703.0864976724739,0.00937086083828298,fast_115_to_120s
2.0462277784408482,703.7339709547038,0.00919198195708538,fast_115_to_120s
2.0443468688474216,704.3814442369337,0.009012562728648386,fast_115_to_120s
2.042469413973873,705.0289175191635,0.008818891599972,fast_115_to_120s
2.040595404310863,705.6763908013935,0.008599448505126518,fast_115_to_120s
2.0387248303839196,706.3238640836233,0.008346835977671187,fast_115_to_120s
2.036857682753281,706.9713373658533,0.008059082487224737,fast_115_to_120s
2.034993952013733,707.6188106480831,0.0077402347593371916,fast_115_to_120s
2.0331336287944533,708.2662839303131,0.007400288055232759,fast_115_to_120s
2.031276703758856,708.9137572125429,0.007054594613662112,fast_115_to_120s
2.029423167604431,709.5612304947729,0.006722929285134329,fast_115_to_120s
2.027573011062595,710.2087037770027,0.006428382690582376,fast_115_to_120s
2.0257262248985297,710.8561770592327,0.00619620838486937,fast_115_to_120s
2.023882799911033,711.5036503414626,0.006052684969374779,fast_115_to_120s
2.022042726932366,712.1511236236925,0.006023980914882585,fast_115_to_120s
2.0202059968281003,712.7985969059224,0.0061349463551121555,fast_115_to_120s
2.0183726004969635,713.4460701881522,0.006407723425400962,fast_115_to_120s
2.016542528870695,714.0935434703822,0.006860084662878268,fast_115_to_120s
2.0147157729138927,714.741016752612,0.007503486483348039,fast_115_to_120s
2.0128923236238636,715.388490034842,0.008340950754061644,fast_115_to_120s
2.0110721720304787,716.0359633170718,0.009365028158551789,fast_115_to_120s
2.0092553091960252,716.6834365993018,0.010556203367412089,fast_115_to_120s
2.007441726215058,717.3309098815316,0.011882127616945041,fast_115_to_120s
2.005631414214256,717.9783831637616,0.013297987194312723,fast_115_to_120s
2.0038243643522775,718.6258564459915,0.014748152658938281,fast_115_to_120s
2.002020567819617,719.2733297282214,0.016169052336298267,fast_115_to_120s
2.0002200158384573,719.9208030104513,0.017493032244003906,fast_115_to_120s
1.9984226996625363,720.5682762926812,0.018652840687660877,fast_115_to_120s
1.996628610576994,721.2157495749111,0.019586313643239733,fast_115_to_120s
1.994837739898242,721.863222857141,0.02024081902083971,fast_115_to_120s
1.9930500789738161,722.5106961393709,0.020577029311211983,fast_115_to_120s
1.9912656191822413,723.1581694216007,0.02057163863761313,fast_115_to_120s
1.9894843519328906,723.8056427038307,0.02021874217332596,fast_115_to_120s
1.987706268665849,724.4531159860605,0.01952976327161331,fast_115_to_120s
1.985931360851775,725.1005892682905,0.018532023038943184,fast_115_to_120s
1.984159619991765,725.7480625505203,0.017266241438598888,fast_115_to_120s
1.982391037617217,726.3955358327503,0.015783374895117,fast_115_to_120s
1.9806256052896962,727.0430091149802,0.014141199505530081,fast_115_to_120s
1.9788633146008023,727.6904823972101,0.012400958176731681,fast_115_to_120s
1.9771041571720318,728.33795567944,0.010624260525819343,fast_115_to_120s
1.9753481246546498,728.9854289616699,0.008870318359126541,fast_115_to_120s
1.9735952087295545,729.6329022438998,0.007193551106758913,fast_115_to_120s
1.9718454011071485,730.2803755261297,0.005641597010187456,fast_115_to_120s
1.9700986935272051,730.9278488083596,0.004253780514323663,fast_115_to_120s
1.9683550777587435,731.5753220905895,0.003060078108435797,fast_115_to_120s
1.9666145455998922,732.2227953728194,0.0020805840364150475,fast_115_to_120s
1.9648770888777667,732.8702686550492,0.001325425639041219,fast_115_to_120s
1.9631426994483385,733.5177419372792,0.0007950510755376592,fast_115_to_120s
1.9614113691963089,734.165215219509,0.00048083142831436675,fast_115_to_120s
1.9596830900349813,734.812688501739,0.00036597437241503786,fast_115_to_120s
1.9579578539061369,735.4601617839689,0.00042679858263241686,fast_115_to_120s
1.9562356527799083,736.1076350661988,0.000634421860048781,fast_115_to_120s
1.9545164786546554,736.7551083484287,0.0009568496926467834,fast_115_to_120s
1.952800323556841,737.4025816306586,0.001361332935996945,fast_115_to_120s
1.951087179540908,738.0500549128885,0.0018167449893957835,fast_115_to_120s
1.9493770386891571,738.6975281951184,0.0022956665487483515,fast_115_to_120s
1.9476698931116234,739.3450014773483,0.0027758896173013504,fast_115_to_120s
1.9459657349459567,739.9924747595782,0.0032411523357670346,fast_115_to_120s
1.9442645563573002,740.6399480418081,0.0036810549887853344,fast_115_to_120s
1.9425663495381704,741.287421324038,0.004090244239886353,fast_115_to_120s
1.9408711067083362,741.9348946062679,0.004467060065550438,fast_115_to_120s
1.9391788201147038,742.5823678884979,0.0048119065215460975,fast_115_to_120s
1.9374894820311943,743.2298411707277,0.005125629650797836,fast_115_to_120s
1.935803084758629,743.8773144529576,0.005408161701760542,fast_115_to_120s
1.9341196206246112,744.5247877351875,0.005657622661311747,fast_115_to_120s
1.93243908198341,745.1722610174174,0.005869970230816792,fast_115_to_120s
1.9307614612158444,745.8197342996473,0.0060391809446101175,fast_115_to_120s
1.9290867507291694,746.4672075818772,0.006157854436104679,fast_115_to_120s
1.9274149429569596,747.1146808641071,0.0062180784837080096,fast_115_to_120s
1.925746030358996,747.762154146337,0.0062123796670382585,fast_115_to_120s
1.924080005421153,748.4096274285669,0.006134607573030391,fast_115_to_120s
1.9224168606552852,749.0571007107968,0.005980648910429801,fast_115_to_120s
1.9207565885991167,749.7045739930267,0.0057489294223820354,fast_115_to_120s
1.919099181816126,750.3520472752566,0.005440721655740026,fast_115_to_120s
1.9174446328954389,750.9995205574864,0.005060318110039674,fast_115_to_120s
1.9157929344517144,751.6469938397164,0.004615135993563616,fast_115_to_120s
1.9141440791250388,752.2944671219464,0.0041157856970317494,fast_115_to_120s
1.9124980595808143,752.9419404041762,0.0035760717208890933,fast_115_to_120s
1.9108548685096476,753.5894136864061,0.003012831277764576,fast_115_to_120s
1.9092144986272472,754.236886968636,0.0024454884325902084,fast_115_to_120s
1.9075769426743108,754.8843602508659,0.0018952364421899598,fast_115_to_120s
1.9059421934164225,755.5318335330958,0.0013838569522617613,fast_115_to_120s
1.9043102436439419,756.1793068153257,0.0009323080671403943,fast_115_to_120s
1.9026810861719017,756.8267800975556,0.0005593093294658506,fast_115_to_120s
1.9010547138399,757.4742533797855,0.00028017211302790634,fast_115_to_120s
1.8994311195119968,758.1217266620154,0.00010605473981512873,fast_115_to_120s
1.8978102960766092,758.7691999442453,4.369193872617129e-05,fast_115_to_120s
1.8961922364464066,759.4166732264753,9.551408098737796e-05,fast_115_to_120s
1.8945769335582094,760.0641465087051,0.0002599854417003687,fast_115_to_120s
1.8929643803728835,760.7116197909351,0.0005319772973504466,fast_115_to_120s
1.891354569875242,761.3590930731649,0.0009030423451128199,fast_115_to_120s
1.8897474950739381,762.0065663553949,0.0013615408695706159,fast_115_to_120s
1.8881431490013694,762.6540396376247,0.0018926513553624157,fast_115_to_120s
1.8865415247135735,763.3015129198546,0.0024783554314023685,fast_115_to_120s
1.8849426152901292,763.9489862020845,0.0030975141062563423,fast_115_to_120s
1.8833464138340563,764.5964594843144,0.00372615818847377,fast_115_to_120s
1.8817529134717177,765.2439327665443,0.004338110463796202,fast_115_to_120s
1.8801621073527184,765.8914060487742,0.004906038233563093,fast_115_to_120s
1.8785739886498098,766.5388793310042,0.005402984922839302,fast_115_to_120s
1.8769885505587913,767.186352613234,0.0058043295552250756,fast_115_to_120s
1.8754057862984115,767.8338258954639,0.00608997524305682,fast_115_to_120s
1.873825689110273,768.4812991776938,0.0062464137149437285,fast_115_to_120s
1.872248252258737,769.1287724599238,0.006268226349978918,fast_115_to_120s
1.870673469030826,769.7762457421536,0.006158633047361131,fast_115_to_120s
1.8691013327361286,770.4237190243836,0.005928903842036879,fast_115_to_120s
1.8675318367067066,771.0711923066134,0.005596739620356831,fast_115_to_120s
1.8659649742969984,771.7186655888434,0.00518398988916244,fast_115_to_120s
1.8644007388837267,772.3661388710732,0.0047142036542201305,fast_115_to_120s
1.8628391238658046,773.0136121533031,0.004210471508122647,fast_115_to_120s
1.8612801226642428,773.661085435533,0.0036938580423234372,fast_115_to_120s
1.8597237287220572,774.3085587177629,0.003182526090881094,fast_115_to_120s
1.8581699355041774,774.9560319999928,0.0026914885255837216,fast_115_to_120s
1.856618736497355,775.6035052822227,0.0022328222130723625,fast_115_to_120s
1.8550701252100719,776.2509785644527,0.0018161411013978043,fast_115_to_120s
1.8535240951724505,776.8984518466825,0.0014491337049614293,fast_115_to_120s
1.8519806399361638,777.5459251289125,0.0011380064456887496,fast_115_to_120s
1.8504397530743457,778.1933984111423,0.0008877266287853171,fast_115_to_120s
0.5,2880.0,0.015886577242878726,fast_26p3s
0.499887616709744,2880.64747328223,0.015946105101723895,fast_26p3s
0.4997752839281512,2881.2949465644597,0.015625829273321318,fast_26p3s
0.4996630016211786,2881.9424198466895,0.014919115487944777,fast_26p3s
0.49955076975481433,2882.58989312892,0.013843294671908762,fast_26p3s
0.4994385882950769,2883.2373664111497,0.012442502468506797,fast_26p3s
0.49932645720801516,2883.8848396933795,0.010788846055404762,fast_26p3s
0.49921437645970856,2884.5323129756093,0.008981180743084896,fast_26p3s
0.49910234601626724,2885.179786257839,0.007140969502313859,fast_26p3s
0.4989903658438312,2885.827259540069,0.005405114736757379,fast_26p3s
0.4988784359085714,2886.474732822299,0.003916235440687192,fast_26p3s
0.4987665561766888,2887.1222061045287,0.0028114627117925136,fast_26p3s
0.4986547266144147,2887.769679386759,0.0022112386286876943,fast_26p3s
0.49854294718801073,2888.417152668989,0.002209659578544834,fast_26p3s
0.4984312178637689,2889.0646259512187,0.002867561504338679,fast_26p3s
0.4983195386080113,2889.7120992334485,0.00420891431798541,fast_26p3s
0.49820790938709025,2890.3595725156783,0.006220396233734445,fast_26p3s
0.4980963301673881,2891.007045797908,0.008853481556275473,fast_26p3s
0.49798480091531716,2891.654519080138,0.012028135612828282,fast_26p3s
0.49787332159732034,2892.3019923623683,0.015637282691182745,fast_26p3s
0.4977618921798704,2892.949465644598,0.01955151228981716,fast_26p3s
0.4976505126294696,2893.596938926828,0.02362388461876501,fast_26p3s
0.49753918291265087,2894.244412209058,0.027695057473954978,fast_26p3s
0.4974279029959766,2894.8918854912877,0.031599177429647816,fast_26p3s
0.4973166728460394,2895.5393587735175,0.03517098511825382,fast_26p3s
0.49720549242946155,2896.1868320557473,0.03825434279528149,fast_26p3s
0.4970943617128951,2896.8343053379776,0.04071192468201714,fast_26p3s
0.49698328066302244,2897.4817786202075,0.04243521828796135,fast_26p3s
0.496872249246555,2898.1292519024373,0.04335345352783935,fast_26p3s
0.4967612674302346,2898.776725184667,0.04343983417906116,fast_26p3s
0.4966503351808322,2899.424198466897,0.042713670653178916,fast_26p3s
0.49653945246514875,2900.071671749127,0.04123772313300872,fast_26p3s
0.4964286192500149,2900.7191450313567,0.03911106904218121,fast_26p3s
0.4963178355022907,2901.3666183135865,0.03645876838158998,fast_26p3s
0.49620710118886574,2902.014091595817,0.03342017986999331,fast_26p3s
0.4960964162766598,2902.6615648780466,0.03013780930325445,fast_26p3s
0.4959857807326212,2903.3090381602765,0.026748107637647053,fast_26p3s
0.4958751945237282,2903.9565114425063,0.023374910339315182,fast_26p3s
0.49576465761698874,2904.603984724736,0.02012549583012111,fast_26p3s
0.4956541699794398,2905.251458006966,0.017088741554102022,fast_26p3s
0.4955437315781479,2905.898931289196,0.014334648412677864,fast_26p3s
0.4954333423802087,2906.546404571426,0.011914552783477701,fast_26p3s
0.4953230023527477,2907.193877853656,0.009861552559146117,fast_26p3s
0.495212711462919,2907.841351135886,0.00819093516246462,fast_26p3s
0.4951024696779065,2908.4888244181157,0.006900636318511213,fast_26p3s
0.49499227696492293,2909.1362977003455,0.0059719402186792095,fast_26p3s
0.49488213329121056,2909.7837709825753,0.005370736630550148,fast_26p3s
0.49477203862404034,2910.431244264805,0.005049659846039511,fast_26p3s
0.49466199293071283,2911.078717547035,0.00495132481301278,fast_26p3s
0.4945519961785572,2911.7261908292653,0.0050126407670928125,fast_26p3s
0.49444204833493244,2912.373664111495,0.005169864345487459,fast_26p3s
0.49433214936722547,2913.021137393725,0.005363754877582169,fast_26p3s
0.49422229924285316,2913.668610675955,0.005544043395587124,fast_26p3s
0.4941124979292608,2914.3160839581847,0.00567251108122768,fast_26p3s
0.49400274539392275,2914.9635572404145,0.005724279605602836,fast_26p3s
0.4938930416043424,2915.6110305226443,0.0056873318948079945,fast_26p3s
0.4937833865280516,2916.2585038048746,0.0055606546443040805,fast_26p3s
0.49367378013261176,2916.9059770871045,0.005351609478156496,fast_26p3s
0.49356422238561215,2917.5534503693343,0.005073165143038365,fast_26p3s
0.4934547132546714,2918.200923651564,0.004741496564086051,fast_26p3s
0.493345252707437,2918.848396933794,0.004374247377226434,fast_26p3s
0.4932358407115846,2919.495870216024,0.003989526276823403,fast_26p3s
0.49312647723481906,2920.1433434982537,0.0036055112615484717,fast_26p3s
0.4930171622448734,2920.7908167804835,0.003240399290771128,fast_26p3s
0.49290789570950955,2921.438290062714,0.002912379033754377,fast_26p3s
0.49279867759651796,2922.0857633449436,0.0026393275738207443,fast_26p3s
0.4926895078737177,2922.7332366271735,0.0024380328477856573,fast_26p3s
0.492580386508956,2923.3807099094033,0.002322904279228533,fast_26p3s
0.492471313470109,2924.028183191633,0.0023043228826262834,fast_26p3s
0.49236228872508103,2924.675656473863,0.0023869543985767794,fast_26p3s
0.4922533122418049,2925.323129756093,0.0025684534056919714,fast_26p3s
0.49214438398824184,2925.970603038323,0.00283898045588144,fast_26p3s
0.4920355039323814,2926.618076320553,0.003181825064089686,fast_26p3s
0.4919266720422415,2927.265549602783,0.003575202660093719,fast_26p3s
0.49181788828586825,2927.9130228850127,0.0039950329386484245,fast_26p3s
0.49170915263133613,2928.5604961672425,0.004418275838189002,fast_26p3s
0.4916004650467476,2929.2079694494723,0.004826247115677947,fast_26p3s
0.49149182550023374,2929.855442731702,0.005207282677298255,fast_26p3s
0.4913832339599534,2930.5029160139325,0.005558181992478749,fast_26p3s
0.49127469039409394,2931.1503892961623,0.005884044078549729,fast_26p3s
0.49116619477087037,2931.797862578392,0.00619640722951711,fast_26p3s
0.4910577470585261,2932.445335860622,0.006509971466030742,fast_26p3s
0.49094934722533246,2933.092809142852,0.006838533273048623,fast_26p3s
0.490840995239589,2933.7402824250817,0.007190992075152741,fast_26p3s
0.49073269106962286,2934.3877557073115,0.007568323399943006,fast_26p3s
0.49062443468378936,2935.0352289895413,0.007962241170731073,fast_26p3s
0.4905162260504717,2935.6827022717716,0.008355930764537915,fast_26p3s
0.4904080651380812,2936.3301755540015,0.008726790020839393,fast_26p3s
0.4902999519150565,2936.9776488362313,0.009050641001706251,fast_26p3s
0.4901918863498646,2937.625122118461,0.009306463535779628,fast_26p3s
0.49008386841100016,2938.272595400691,0.009480472957007524,fast_26p3s
0.48997589806698527,2938.920068682921,0.009568437081611572,fast_26p3s
0.48986797528637,2939.5675419651507,0.009575544840351825,fast_26p3s
0.4897601000377324,2940.215015247381,0.009513809196728295,fast_26p3s
0.4896522722896776,2940.862488529611,0.009397698000523034,fast_26p3s
0.489544492010839,2941.5099618118406,0.009239202625794342,fast_26p3s
0.48943675916987717,2942.1574350940705,0.009043724717096595,fast_26p3s
0.4893290737354803,2942.8049083763003,0.00880796294558936,fast_26p3s
0.4892214356763642,2943.45238165853,0.008520487362347083,fast_26p3s
0.4891138449612725,2944.09985494076,0.008165017105026188,fast_26p3s
0.48900630155897584,2944.7473282229903,0.007725710760614123,fast_26p3s
0.4888988054382726,2945.39480150522,0.007193205293391647,fast_26p3s
0.48879135656798833,2946.04227478745,0.006569867655427497,fast_26p3s
0.48868395491697647,2946.68974806968,0.005872857043951676,fast_26p3s
0.4885766004541172,2947.3372213519096,0.005134110764857964,fast_26p3s
0.4884692931483186,2947.9846946341395,0.004397108803717278,fast_26p3s
0.4883620329685157,2948.6321679163693,0.003711029877762255,fast_26p3s
0.4882548198836711,2949.279641198599,0.0031235026966340367,fast_26p3s
0.48814765386277414,2949.9271144808295,0.0026734663650266432,fast_26p3s
0.48804053487484206,2950.5745877630593,0.0023856263104647217,fast_26p3s
0.4879334628889188,2951.222061045289,0.0022676170950889497,fast_26p3s
0.4878264378740756,2951.869534327519,0.0023103242402680575,fast_26p3s
0.4877194597994109,2952.517007609749,0.0024910396415526283,fast_26p3s
0.48761252863405025,2953.1644808919787,0.002778468698339936,fast_26p3s
0.48750564434714605,2953.8119541742085,0.003138283671195442,fast_26p3s
0.4873988069078778,2954.459427456439,0.0035380037996793497,fast_26p3s
0.4872920162854524,2955.1069007386686,0.003950390421987756,fast_26p3s
0.4871852724491032,2955.7543740208985,0.004355086781156546,fast_26p3s
0.4870785753680909,2956.4018473031283,0.004738719502495106,fast_26p3s
0.4869719250117029,2957.049320585358,0.005093990734604736,fast_26p3s
0.4868653213492535,2957.696793867588,0.005418385802512594,fast_26p3s
0.48675876435008403,2958.344267149818,0.00571302489485976,fast_26p3s
0.4866522539835624,2958.9917404320477,0.005981967586802682,fast_26p3s
0.48654579021908334,2959.639213714278,0.0062320267257567,fast_26p3s
0.486439373026069,2960.286686996508,0.006472945574667423,fast_26p3s
0.48633300237396726,2960.9341602787376,0.006717683929293324,fast_26p3s
0.48622667823225335,2961.5816335609675,0.00698254486787281,fast_26p3s
0.4861204005704292,2962.2291068431973,0.007286925538858669,fast_26p3s
0.4860141693580232,2962.876580125427,0.007652560238710473,fast_26p3s
0.4859079845645904,2963.524053407657,0.00810221386862073,fast_26p3s
0.48580184615971234,2964.1715266898873,0.008657849294756527,fast_26p3s
0.48569575411299726,2964.818999972117,0.009338302855045114,fast_26p3s
0.4855897083940803,2965.466473254347,0.010156451065020293,fast_26p3s
0.4854837089726225,2966.113946536577,0.011115788818048637,fast_26p3s
0.4853777558183115,2966.7614198188066,0.012206378931216068,fast_26p3s
0.48527184890086184,2967.4088931010365,0.013400405224681363,fast_26p3s
0.4851659881900141,2968.0563663832663,0.014648127500621132,fast_26p3s
0.48506017365553533,2968.703839665496,0.01587579388675545,fast_26p3s
0.4849544052672189,2969.3513129477265,0.016987674485228307,fast_26p3s
0.48484868299488454,2969.9987862299563,0.017874283203358647,fast_26p3s
0.4847430068083785,2970.646259512186,0.018427517620712378,fast_26p3s
0.4846373766775731,2971.293732794416,0.01856085835495074,fast_26p3s
0.48453179257236717,2971.941206076646,0.018229885666975025,fast_26p3s
0.48442625446268517,2972.5886793588757,0.01744687190322294,fast_26p3s
0.4843207623184784,2973.2361526411055,0.01628433786018868,fast_26p3s
0.48421531610972396,2973.883625923336,0.014865846314972484,fast_26p3s
0.48410991580642526,2974.5310992055656,0.013346100768357355,fast_26p3s
0.4840045613786119,2975.1785724877955,0.011884827716843217,fast_26p3s
0.48389925279633916,2975.8260457700253,0.010619543874524733,fast_26p3s
0.4837939900296889,2976.473519052255,0.009641973247061182,fast_26p3s
0.4836887730487687,2977.120992334485,0.008982397635870545,fast_26p3s
0.4835836018237123,2977.768465616715,0.008605491844638699,fast_26p3s
0.48347847632467894,2978.415938898945,0.00841945591749114,fast_26p3s
0.48337339652185446,2979.063412181175,0.008297200702396047,fast_26p3s
0.48326836238545035,2979.710885463405,0.008104883091598724,fast_26p3s
0.4831633738857039,2980.3583587456346,0.007730913849468555,fast_26p3s
0.4830584309928783,2981.0058320278645,0.007108782659477915,fast_26p3s
0.4829535336772627,2981.6533053100943,0.006229286823806388,fast_26p3s
0.4828486819091716,2982.300778592324,0.005140627883388688,fast_26p3s
0.48274387565894605,2982.948251874554,0.003937225102097832,fast_26p3s
0.482639114896952,2983.5957251567843,0.0027398415763324408,fast_26p3s
0.4825343995935818,2984.243198439014,0.0016711663672954408,fast_26p3s
0.4824297297192532,2984.890671721244,0.0008323938375131448,fast_26p3s
0.4823251052444097,2985.538145003474,0.00028676614823710205,fast_26p3s
0.48222052613952004,2986.1856182857036,5.44372516799626e-05,fast_26p3s
0.48211599237507924,2986.8330915679335,0.00011934888465232368,fast_26p3s
0.4820115039216072,2987.4805648501633,0.00044461474766098534,fast_26p3s
0.48190706074965,2988.1280381323936,0.000990287225440976,fast_26p3s
0.4818026628297789,2988.7755114146235,0.0017274013270363584,fast_26p3s
0.4816983101325908,2989.4229846968533,0.002644322827071838,fast_26p3s
0.4815940026287078,2990.070457979083,0.003744343189381489,fast_26p3s
0.48148974028877767,2990.717931261313,0.005036103023949095,fast_26p3s
0.4813855230834736,2991.365404543543,0.006520324306902517,fast_26p3s
0.4812813509834941,2992.0128778257726,0.008177280753260971,fast_26p3s
0.48117722395956297,2992.660351108003,0.00995918151550898,fast_26p3s
0.4810731419824297,2993.307824390233,0.01179006000028078,fast_26p3s
0.4809691050228685,2993.9552976724626,0.013573260396933788,fast_26p3s
0.4808651130516792,2994.6027709546925,0.015204201178188544,fast_26p3s
0.480761166039687,2995.2502442369223,0.016584800960991034,fast_26p3s
0.4806572639577421,2995.897717519152,0.017636148119819096,fast_26p3s
0.48055340677671976,2996.545190801382,0.018307224231819918,fast_26p3s
0.480449594467521,2997.192664083612,0.018578936100303974,fast_26p3s
0.4803458270010711,2997.840137365842,0.018463787552599586,fast_26p3s
0.4802421043483214,2998.487610648072,0.01800210547141644,fast_26p3s
0.4801384264802475,2999.135083930302,0.017255985368677774,fast_26p3s
0.4800347933678506,2999.7825572125316,0.016302198770668023,fast_26p3s
0.4799312049821568,3000.4300304947615,0.01522522436890857,fast_26p3s
0.4798276612942169,3001.0775037769913,0.014111268385062103,fast_26p3s
0.47972416227510706,3001.724977059221,0.013043643336387235,fast_26p3s
0.4796207078959283,3002.3724503414514,0.012099341762682465,fast_26p3s
0.4795172981278067,3003.0199236236813,0.011346308217399466,fast_26p3s
0.4794139329418928,3003.667396905911,0.010840934656780795,fast_26p3s
0.4793106123093622,3004.314870188141,0.010625649181610783,fast_26p3s
0.4792073362014157,3004.962343470371,0.01072692437611107,fast_26p3s
0.4791041045892785,3005.6098167526006,0.011154321410886315,fast_26p3s
0.47900091744420065,3006.2572900348305,0.011901117642671351,fast_26p3s
0.478897774737457,3006.9047633170603,0.012946641054354583,fast_26p3s
0.4787946764403472,3007.5522365992906,0.01425985238376506,fast_26p3s
0.4786916225241957,3008.1997098815204,0.015803258446946418,fast_26p3s
0.4785886129603515,3008.8471831637503,0.01753612508669425,fast_26p3s
0.47848564772018815,3009.49465644598,0.019416236796632933,fast_26p3s
0.478382726775104,3010.14212972821,0.021400005236665815,fast_26p3s
0.47827985009652196,3010.78960301044,0.02344134407793475,fast_26p3s
0.4781770176558895,3011.4370762926696,0.025490178281391086,fast_26p3s
0.47807422942467853,3012.0845495749,0.027491590129834993,fast_26p3s
0.47797148537438566,3012.73202285713,0.02938639604410025,fast_26p3s
0.4778687854765321,3013.3794961393596,0.03111350084477085,fast_26p3s
0.47776612970266313,3014.0269694215895,0.03261386359296786,fast_26p3s
0.477663518024349,3014.6744427038193,0.033835482973123165,fast_26p3s
0.4775609504131838,3015.321915986049,0.034738537944712586,fast_26p3s
0.4774584268407865,3015.969389268279,0.03529969922717941,fast_26p3s
0.4773559472788001,3016.616862550509,0.035514654636200585,fast_26p3s
0.4772535116988921,3017.264335832739,0.03539810492203774,fast_26p3s
0.4771511200727544,3017.911809114969,0.03498093693006578,fast_26p3s
0.47704877237210297,3018.559282397199,0.03430493912534015,fast_26p3s
0.4769464685686784,3019.2067556794286,0.033416118738189136,fast_26p3s
0.4768442086342449,3019.8542289616585,0.032358138403402216,fast_26p3s
0.4767419925405916,3020.5017022438883,0.031167389476685015,fast_26p3s
0.4766398202595312,3021.149175526118,0.02987072691163242,fast_26p3s
0.476537691762901,3021.7966488083484,0.02848609012999414,fast_26p3s
0.47643560702256227,3022.4441220905783,0.027025418414252145,fast_26p3s
0.47633356601040033,3023.091595372808,0.02549869664865884,fast_26p3s
0.4762315686983247,3023.739068655038,0.02391777848947156,fast_26p3s
0.4761296150582688,3024.386541937268,0.022298843309267586,fast_26p3s
0.47602770506219017,3025.0340152194976,0.02066286047214612,fast_26p3s
0.4759258386820705,3025.6814885017275,0.01903408985145949,fast_26p3s
0.47582401588991513,3026.3289617839573,0.01743723050554542,fast_26p3s
0.47572223665775354,3026.9764350661876,0.015894158778591575,fast_26p3s
0.4756205009576393,3027.6239083484174,0.014421196236768775,fast_26p3s
0.47551880876164954,3028.2713816306473,0.013027572988020009,fast_26p3s
0.47541716004188556,3028.918854912877,0.011715348040398171,fast_26p3s
0.4753155547704723,3029.566328195107,0.01048066670058539,fast_26p3s
0.47521399291955857,3030.213801477337,0.009315970747508725,fast_26p3s
0.4751124744613172,3030.8612747595666,0.008212656997386002,fast_26p3s
0.47501099936794444,3031.508748041797,0.007163685717198864,fast_26p3s
0.47490956761166053,3032.156221324027,0.006165735988864856,fast_26p3s
0.47480817916470935,3032.8036946062566,0.005220649690760471,fast_26p3s
0.47470683399935854,3033.4511678884865,0.0043360580528457445,fast_26p3s
0.47460553208789924,3034.0986411707163,0.003525210176099546,fast_26p3s
0.47450427340264656,3034.746114452946,0.002806103953449292,fast_26p3s
0.47440305791593873,3035.393587735176,0.002200060361000301,fast_26p3s
0.47430188560013814,3036.0410610174063,0.001729898421038492,fast_26p3s
0.47420075642763054,3036.688534299636,0.001417871911184841,fast_26p3s
0.4740996703708249,3037.336007581866,0.0012835162835065095,fast_26p3s
0.47399862740215415,3037.983480864096,0.0013415128285083158,fast_26p3s
0.47389762749407455,3038.6309541463256,0.0015996073529684833,fast_26p3s
0.47379667061906594,3039.2784274285555,0.002056554413362274,fast_26p3s
0.47369575674963127,3039.9259007107853,0.0027000541904111525,fast_26p3s
0.4735948858582973,3040.5733739930156,0.0035047604917559294,fast_26p3s
0.47349405791761395,3041.2208472752454,0.004430668856475788,fast_26p3s
0.47339327290015454,3041.8683205574753,0.0054224704922856,fast_26p3s
0.473292530778516,3042.515793839705,0.006410642195812,fast_26p3s
0.47319183152531835,3043.163267121935,0.007314983677512176,fast_26p3s
0.4730911751132047,3043.810740404165,0.008050930024110985,fast_26p3s
0.4729905615148418,3044.4582136863946,0.008538316437821214,fast_26p3s
0.4728899907029195,3045.1056869686245,0.00871156163007126,fast_26p3s
0.47278946265015076,3045.7531602508548,0.008529737447482335,fast_26p3s
0.472688977329272,3046.4006335330846,0.007984901641684177,fast_26p3s
0.4725885347130427,3047.0481068153144,0.007107402235852714,fast_26p3s
0.47248813477424517,3047.6955800975443,0.005967456224917976,fast_26p3s
0.47238777748568556,3048.343053379774,0.004672941677532294,fast_26p3s
0.4722874628201924,3048.990526662004,0.0033638602411685853,fast_26p3s
0.47218719075061766,3049.637999944234,0.002204267559747839,fast_26p3s
0.4720869612498362,3050.285473226464,0.001372628848292073,fast_26p3s
0.47198677429074615,3050.932946508694,0.0010515255460318443,fast_26p3s
0.4718866298462684,3051.5804197909238,0.001417393726283008,fast_26p3s
0.4717865278893469,3052.2278930731536,0.002630541426018741,fast_26p3s
0.47168646839294864,3052.8753663553834,0.0048252099503269565,fast_26p3s
0.4715864513300633,3053.5228396376133,0.008099158286413876,fast_26p3s
0.47148647667370375,3054.170312919843,0.01250240211537353,fast_26p3s
0.4713865443969054,3054.817786202073,0.018025417059979548,fast_26p3s
0.471286654472727,3055.4652594843033,0.024588150847300802,fast_26p3s
0.4711868068742497,3056.112732766533,0.03203217484717055,fast_26p3s
0.4710870015745777,3056.760206048763,0.040118750197014746,fast_26p3s
0.4709872385468378,3057.407679330993,0.048535139821189434,fast_26p3s
0.47088751776417964,3058.0551526132226,0.05691016079290994,fast_26p3s
0.4707878391997758,3058.7026258954525,0.06483812636551961,fast_26p3s
0.4706882028268211,3059.3500991776823,0.07190858342295071,fast_26p3s
0.4705886086185334,3059.9975724599126,0.07773815025263835,fast_26p3s
0.4704890565481533,3060.6450457421424,0.08200053464377634,fast_26p3s
0.47038954658894383,3061.2925190243723,0.08445135326462107,fast_26p3s
0.4702900787141906,3061.939992306602,0.08494538523843477,fast_26p3s
0.470190652897202,3062.587465588832,0.08344509520723693,fast_26p3s
0.47009126911130883,3063.234938871062,0.08002047282506956,fast_26p3s
0.4699919273298646,3063.8824121532916,0.0748413214185036,fast_26p3s
0.4698926275262451,3064.5298854355215,0.06816391341723863,fast_26p3s
0.46979336967384877,3065.1773587177518,0.06031420626092563,fast_26p3s
0.46969415374609647,3065.8248319999816,0.051669464882998985,fast_26p3s
0.4695949797164318,3066.4723052822114,0.042639288898272724,fast_26p3s
0.46949584755832036,3067.1197785644413,0.03364608389915686,fast_26p3s
0.46939675724525015,3067.767251846671,0.025104453043867585,fast_26p3s
0.46929770875073185,3068.414725128901,0.01739917907331836,fast_26p3s
0.4691987020482985,3069.062198411131,0.010862411738463466,fast_26p3s
0.469099737111505,3069.709671693361,0.005751953411743159,fast_26p3s
0.4690008139139291,3070.357144975591,0.0022335028192233854,fast_26p3s
0.4689019324291708,3071.0046182578208,0.0003698350151255663,fast_26p3s
0.46880309263085174,3071.6520915400506,0.00011901778461248707,fast_26p3s
0.46870429449261664,3072.2995648222804,0.001342196598689899,fast_26p3s
0.46860553798813176,3072.9470381045103,0.0038197858347572026,fast_26p3s
0.4685068230910859,3073.59451138674,0.007273598607110188,fast_26p3s
0.46840814977518996,3074.24198466897,0.011391790289203764,fast_26p3s
0.46830951801417675,3074.8894579512003,0.015853479297288118,fast_26p3s
0.46821092778180184,3075.53693123343,0.020350412524668314,fast_26p3s
0.4681123790518422,3076.18440451566,0.02460392483605403,fast_26p3s
0.46801387179809717,3076.83187779789,0.02837657034519985,fast_26p3s
0.4679154059943881,3077.4793510801196,0.03147898223053132,fast_26p3s
0.4678169816145583,3078.1268243623495,0.03377344958367635,fast_26p3s
0.4677185986324734,3078.7742976445793,0.03517605695599347,fast_26p3s
0.4676202570220204,3079.4217709268096,0.03565881916503377,fast_26p3s
0.467521956757109,3080.0692442090394,0.03525213911450444,fast_26p3s
0.4674236978116703,3080.7167174912693,0.03404650085427086,fast_26p3s
0.46732548015965747,3081.364190773499,0.03219115679885134,fast_26p3s
0.4672273037750456,3082.011664055729,0.029887233032685145,fast_26p3s
0.4671291686318316,3082.659137337959,0.027373463047327524,fast_26p3s
0.4670310747040342,3083.3066106201886,0.024904545220730007,fast_26p3s
0.46693302196569414,3083.9540839024185,0.022724343521786903,fast_26p3s
0.4668350103908735,3084.6015571846488,0.021038020406413675,fast_26p3s
0.46673703995365673,3085.2490304668786,0.019988018475322514,fast_26p3s
0.4666391106281495,3085.8965037491084,0.019638307024221452,fast_26p3s
0.4665412223884796,3086.5439770313383,0.01996967401864458,fast_26p3s
0.4664433752087964,3087.191450313568,0.020886592956663484,fast_26p3s
0.46634556906327085,3087.838923595798,0.022233932334653293,fast_26p3s
0.46624780392609544,3088.4863968780282,0.02382001702661801,fast_26p3s
0.46615007977148487,3089.133870160258,0.025441650375633576,fast_26p3s
0.4660523965736747,3089.781343442488,0.02690683231471811,fast_26p3s
0.4659547543069228,3090.4288167247178,0.02805200367591847,fast_26p3s
0.46585715294550795,3091.0762900069476,0.028752389739943658,fast_26p3s
0.46575959246373094,3091.7237632891774,0.028925876666765427,fast_26p3s
0.465662072835914,3092.3712365714073,0.028532259232584366,fast_26p3s
0.46556459403640055,3093.018709853637,0.027570247275387545,fast_26p3s
0.46546715603955585,3093.6661831358674,0.026074236828627178,fast_26p3s
0.4653697588197666,3094.3136564180973,0.024111802464073257,fast_26p3s
0.4652724023514407,3094.961129700327,0.021781625415647536,fast_26p3s
0.4651750866090076,3095.608602982557,0.019210631587481673,fast_26p3s
0.4650778115669182,3096.2560762647868,0.016548803716612163,fast_26p3s
0.4649805771996446,3096.9035495470166,0.013960517103522899,fast_26p3s
0.4648833834816804,3097.5510228292464,0.011612147537163432,fast_26p3s
0.4647862303875404,3098.1984961114767,0.00965680296271557,fast_26p3s
0.46468911789176087,3098.8459693937066,0.0082180309886593,fast_26p3s
0.4645920459688991,3099.4934426759364,0.0073750228059212995,fast_26p3s
0.46449501459353393,3100.1409159581663,0.0071520123852177025,fast_26p3s
0.4643980237402651,3100.788389240396,0.007514150195136359,fast_26p3s
0.46430107338371396,3101.435862522626,0.008371090468710873,fast_26p3s
0.4642041634985227,3102.083335804856,0.009588022741190486,fast_26p3s
0.4641072940593548,3102.7308090870856,0.011002281757369326,fast_26p3s
0.46401046504089494,3103.378282369316,0.012442500499115284,fast_26p3s
0.4639136764178489,3104.0257556515458,0.013746947507244357,fast_26p3s
0.4638169281649434,3104.6732289337756,0.014778301950192856,fast_26p3s
0.46372022025692666,3105.3207022160054,0.015433373032052179,fast_26p3s
0.4636235526685673,3105.9681754982353,0.015647648521927626,fast_26p3s
0.46352692537465556,3106.615648780465,0.015395588957450903,fast_26p3s
0.4634303383500026,3107.263122062695,0.014688035198258054,fast_26p3s
0.46333379156944005,3107.9105953449252,0.013568003115304691,fast_26p3s
0.46323728500782135,3108.558068627155,0.01210571095880144,fast_26p3s
0.46314081864002016,3109.205541909385,0.010393175535038157,fast_26p3s
0.4630443924409315,3109.8530151916148,0.008538320026303562,fast_26p3s
0.462948006385471,3110.5004884738446,0.006658361229947661,fast_26p3s
0.4628516604485754,3111.1479617560744,0.004872302719176273,fast_26p3s
0.4627553546052022,3111.7954350383043,0.0032926108965953584,fast_26p3s
0.4626590888303298,3112.442908320534,0.002016516827510105,fast_26p3s
0.4625628630989572,3113.0903816027644,0.0011177651434118488,fast_26p3s
0.4624666773861046,3113.7378548849942,0.0006398963531872256,fast_26p3s
0.46237053166681263,3114.385328167224,0.0005921748634344559,fast_26p3s
0.4622744259161427,3115.032801449454,0.0009489876162656438,fast_26p3s
0.4621783601091772,3115.6802747316838,0.0016529709525334444,fast_26p3s
0.46208233422101874,3116.3277480139136,0.002621432755345575,fast_26p3s
0.46198634822679135,3116.9752212961434,0.003755048133069226,fast_26p3s
0.4618904021016389,3117.6226945783737,0.004947508925254874,fast_26p3s
0.4617944958207266,3118.2701678606036,0.006094863229984671,fast_26p3s
0.46169862935924,3118.9176411428334,0.0071036097767955535,fast_26p3s
0.4616028026923851,3119.5651144250633,0.00789704706223522,fast_26p3s
0.46150701579538855,3120.212587707293,0.008419757851545922,fast_26p3s
0.46141126864349796,3120.860060989523,0.008640344849621642,fast_26p3s
0.4613155612119808,3121.507534271753,0.008552612799134574,fast_26p3s
0.4612198934761257,3122.1550075539826,0.008175356735577255,fast_26p3s
0.46112426541124113,3122.802480836213,0.007550820163189028,fast_26p3s
0.4610286769926567,3123.4499541184427,0.006741780820781354,fast_26p3s
0.4609331281957222,3124.0974274006726,0.0058271557148417965,fast_26p3s
0.46083761899580755,3124.7449006829024,0.004896048957075356,fast_26p3s
0.46074214936830354,3125.3923739651323,0.004040348878396297,fast_26p3s
0.4606467192886213,3126.039847247362,0.00334632545365806,fast_26p3s
0.4605513287321918,3126.687320529592,0.0028861100316037044,fast_26p3s
0.46045597767446694,3127.3347938118222,0.002710288367674646,fast_26p3s
0.46036066609091875,3127.982267094052,0.0028429034091996173,fast_26p3s
0.46026539395703964,3128.629740376282,0.003279824562015507,fast_26p3s
0.46017016124834204,3129.2772136585118,0.003990750928437558,fast_26p3s
0.460074967940359,3129.9246869407416,0.004924310940905007,fast_26p3s
0.45997981400864363,3130.5721602229714,0.006015097537356837,fast_26p3s
0.4598846994287691,3131.2196335052013,0.007191242194641405,fast_26p3s
0.45978962417632907,3131.867106787431,0.008381305571804379,fast_26p3s
0.45969458822693715,3132.5145800696614,0.009519710495274593,fast_26p3s
0.4595995915562274,3133.1620533518912,0.01055046622516713,fast_26p3s
0.45950463413985376,3133.809526634121,0.011429366077471699,fast_26p3s
0.4594097159534902,3134.456999916351,0.012125094139369349,fast_26p3s
0.45931483697283126,3135.1044731985808,0.012619731855069491,fast_26p3s
0.45921999717359085,3135.7519464808106,0.012909038594117085,fast_26p3s
0.4591251965315036,3136.399419763041,0.013002645999958082,fast_26p3s
0.4590304350223238,3137.0468930452707,0.01292402641666752,fast_26p3s
0.4589357126218259,3137.6943663275006,0.012709856152319655,fast_26p3s
0.4588410293058043,3138.3418396097304,0.012408281381046308,fast_26p3s
0.4587463850500732,3138.9893128919603,0.012075675003291673,fast_26p3s
0.4586517798304672,3139.63678617419,0.011771764423176947,fast_26p3s
0.4585572136228402,3140.28425945642,0.01155345505445392,fast_26p3s
0.45846268640306653,3140.9317327386498,0.011468137188179905,fast_26p3s
0.4583681981470403,3141.5792060208796,0.011547572867666828,fast_26p3s
0.4582737488306752,3142.22667930311,0.011803481963237513,fast_26p3s
0.45817933842990527,3142.8741525853397,0.012225658272091303,fast_26p3s
0.45808496692068384,3143.5216258675696,0.012782944677345384,fast_26p3s
0.45799063427898457,3144.1690991497994,0.013426846524110074,fast_26p3s
0.45789634048080036,3144.8165724320293,0.014097115128854995,fast_26p3s
0.4578020855021443,3145.464045714259,0.01472837141841535,fast_26p3s
0.457707869319049,3146.1115189964894,0.015256778447823645,fast_26p3s
0.457613691907567,3146.7589922787192,0.01562589061301065,fast_26p3s
0.4575195532437704,3147.406465560949,0.015791072290750306,fast_26p3s
0.457425453303751,3148.053938843179,0.015722235538942197,fast_26p3s
0.4573313920636203,3148.7014121254088,0.015405009578592355,fast_26p3s
0.4572373694995092,3149.3488854076386,0.014840717581729387,fast_26p3s
0.45714338558756873,3149.9963586898684,0.014045614141435346,fast_26p3s
0.45704944030396916,3150.6438319720983,0.013049714920593506,fast_26p3s
0.4569555336249002,3151.2913052543286,0.011895301608679446,fast_26p3s
0.4568616655265717,3151.9387785365584,0.010634944071926337,fast_26p3s
0.4567678359852125,3152.5862518187882,0.009328780434062899,fast_26p3s
0.45667404497707115,3153.233725101018,0.008040901871117325,fast_26p3s
0.4565802924784158,3153.881198383248,0.006834965399775893,fast_26p3s
0.45648657846553403,3154.5286716654778,0.005769476631657827,fast_26p3s
0.4563929029147328,3155.1761449477076,0.0048933893509821675,fast_26p3s
0.45629926580233854,3155.823618229938,0.00424265988945444,fast_26p3s
0.45620566710469707,3156.4710915121677,0.003838179888157722,fast_26p3s
0.45611210679817393,3157.1185647943976,0.0036851939137073323,fast_26p3s
0.4560185848591537,3157.7660380766274,0.003774019324490921,fast_26p3s
0.4559251012640403,3158.4135113588572,0.004081713991557541,fast_26p3s
0.4558316559892572,3159.060984641087,0.004574301391969447,fast_26p3s
0.4557382490112471,3159.708457923317,0.005209227028618059,fast_26p3s
0.45564488030647193,3160.3559312055468,0.005937833899102095,fast_26p3s
0.45555154985141305,3161.003404487777,0.0067077680730667005,fast_26p3s
0.45545825762257114,3161.650877770007,0.007465334289931305,fast_26p3s
0.4553650035964659,3162.2983510522367,0.00815789645532104,fast_26p3s
0.4552717877496364,3162.9458243344666,0.008736435195393282,fast_26p3s
0.4551786100586409,3163.5932976166964,0.009158311440962304,fast_26p3s
0.4550854705000567,3164.2407708989263,0.009390138583237504,fast_26p3s
0.45499236905048057,3164.888244181156,0.009410472547874086,fast_26p3s
0.4548993056865281,3165.5357174633864,0.009211866571112969,fast_26p3s
0.4548062803848343,3166.1831907456162,0.008801796908893274,fast_26p3s
0.4547132931220531,3166.830664027846,0.008202103764664,fast_26p3s
0.45462034387485756,3167.478137310076,0.007446887238913307,fast_26p3s
0.45452743261993983,3168.1256105923057,0.006579148899167764,fast_26p3s
0.4544345593340111,3168.7730838745356,0.005646740476051864,fast_26p3s
0.45434172399380157,3169.4205571567654,0.004698275953055969,fast_26p3s
0.4542489265760606,3170.0680304389953,0.003779571415284197,fast_26p3s
0.45415616705755607,3170.7155037212256,0.002930965764083625,fast_26p3s
0.45406344541507554,3171.3629770034554,0.0021856402042219757,fast_26p3s
0.45397076162542505,3172.0104502856852,0.0015688669341369485,fast_26p3s
0.4538781156654297,3172.657923567915,0.0010980032855545398,fast_26p3s
0.45378550751193336,3173.305396850145,0.0007829968920362781,fast_26p3s
0.45369293714179904,3173.9528701323748,0.0006271606184458745,fast_26p3s
0.45360040453190836,3174.6003434146046,0.0006280017643899579,fast_26p3s
0.45350790965916216,3175.247816696835,0.0007779472003797144,fast_26p3s
0.45341545250047977,3175.8952899790647,0.0010648922974298312,fast_26p3s
0.45332303303279947,3176.5427632612946,0.001472602178321283,fast_26p3s
0.4532306512330785,3177.1902365435244,0.001981080297626049,fast_26p3s
0.45313830707829234,3177.8377098257542,0.002567058737765665,fast_26p3s
0.453046000545436,3178.485183107984,0.0032047364824205715,fast_26p3s
0.45295373161152264,3179.132656390214,0.003866803430693858,fast_26p3s
0.45286150025358435,3179.7801296724438,0.0045256769188331495,fast_26p3s
0.45276930644867197,3180.427602954674,0.005154797472105006,fast_26p3s
0.4526771501738549,3181.075076236904,0.005729821457776871,fast_26p3s
0.4525850314062214,3181.7225495191337,0.006229611330451351,fast_26p3s
0.45249295012287816,3182.3700228013636,0.006637018248378955,fast_26p3s
0.4524009063009506,3183.0174960835934,0.0069395177364452365,fast_26p3s
0.45230889991758266,3183.6649693658233,0.007129755329481739,fast_26p3s
0.452216930949937,3184.3124426480535,0.007205987861386331,fast_26p3s
0.45212499937519485,3184.9599159302834,0.0071723132463588244,fast_26p3s
0.4520331051705559,3185.607389212513,0.007038531165433937,fast_26p3s
0.4519412483132384,3186.254862494743,0.006819512086432576,fast_26p3s
0.4518494287804791,3186.902335776973,0.006534065834989124,fast_26p3s
0.4517576465495334,3187.5498090592027,0.006203439097652995,fast_26p3s
0.45166590159767495,3188.1972823414326,0.00584966600903003,fast_26p3s
0.45157419390219583,3188.8447556236624,0.005494008833190877,fast_26p3s
0.45148252344040685,3189.4922289058923,0.005155666800188087,fast_26p3s
0.45139089018963696,3190.1397021881226,0.004850843895319011,fast_26p3s
0.4512992941272338,3190.7871754703524,0.00459219420492052,fast_26p3s
0.451207735230563,3191.4346487525822,0.00438862405952221,fast_26p3s
0.45111621347700903,3192.082122034812,0.004245413065937222,fast_26p3s
0.45102472884397404,3192.729595317042,0.004164598981942878,fast_26p3s
0.4509332813088794,3193.3770685992718,0.00414554216522743,fast_26p3s
0.45084187084916394,3194.024541881502,0.0041855528453248305,fast_26p3s
0.4507504974422853,3194.672015163732,0.00428045125941394,fast_26p3s
0.4506591610657191,3195.3194884459617,0.0044249545019228636,fast_26p3s
0.45056786169695956,3195.9669617281916,0.004612843163534502,fast_26p3s
0.4504765993135188,3196.6144350104214,0.004836934405029457,fast_26p3s
0.4503853738929273,3197.2619082926512,0.005088947459535392,fast_26p3s
0.45029418541273364,3197.909381574881,0.005359370929564566,fast_26p3s
0.4502030338505048,3198.556854857111,0.0056374230684824375,fast_26p3s
0.45011191918382554,3199.2043281393408,0.005911149525273911,fast_26p3s
0.4500208413902992,3199.851801421571,0.006167654309388638,fast_26p3s
0.449929800447547,3200.499274703801,0.006393436294421944,fast_26p3s
0.4498387963332082,3201.1467479860307,0.006574817263473887,fast_26p3s
0.4497478290249404,3201.7942212682606,0.006698484766354124,fast_26p3s
0.4496568985004191,3202.4416945504904,0.006752200171674586,fast_26p3s
0.44956600473733777,3203.0891678327202,0.0067257049100564945,fast_26p3s
0.449475147713408,3203.7366411149505,0.006611784300419061,fast_26p3s
0.44938432740635953,3204.3841143971804,0.006407342443301282,fast_26p3s
0.44929354379393993,3205.03158767941,0.00611425602051387,fast_26p3s
0.4492027968539148,3205.67906096164,0.005739763250166225,fast_26p3s
0.4491120865640677,3206.32653424387,0.005296226969848832,fast_26p3s
0.44902141290220005,3206.9740075260997,0.004800256611745544,fast_26p3s
0.4489307758461313,3207.6214808083296,0.00427131681325314,fast_26p3s
0.4488401753736988,3208.2689540905594,0.003730033413003395,fast_26p3s
0.4487496114627577,3208.9164273727897,0.0031964187461868956,fast_26p3s
0.44865908409118127,3209.5639006550196,0.002688211096462967,fast_26p3s
0.4485685932368602,3210.2113739372494,0.002219501669906016,fast_26p3s
0.4484781388777033,3210.8588472194792,0.0017998193520206184,fast_26p3s
0.4483877209916373,3211.506320501709,0.0014338278824265296,fast_26p3s
0.4482973395566064,3212.153793783939,0.0011217158561799955,fast_26p3s
0.44820699455057283,3212.8012670661687,0.0008602148983489178,fast_26p3s
0.44811668595151655,3213.448740348399,0.0006440127274718688,fast_26p3s
0.4480264137374352,3214.096213630629,0.00046721603824655914,fast_26p3s
0.4479361778863441,3214.7436869128587,0.00032451897438448264,fast_26p3s
0.44784597837627643,3215.3911601950886,0.00021184172770250906,fast_26p3s
0.4477558151852829,3216.0386334773184,0.00012636990414875872,fast_26p3s
0.44766568829143205,3216.6861067595482,6.609281607501028e-05,fast_26p3s
0.4475755976728099,3217.333580041778,2.907006451263782e-05,fast_26p3s
0.4474855433075203,3217.981053324008,1.272502092134765e-05,fast_26p3s
0.44739552517368436,3218.628526606238,1.344649250631694e-05,fast_26p3s
0.44730554324944144,3219.275999888468,2.6664117016384545e-05,fast_26p3s
0.4472155975129478,3219.923473170698,4.737825021727362e-05,fast_26p3s
0.4471256879423777,3220.5709464529277,7.094802249316204e-05,fast_26p3s
0.44703581451592284,3221.2184197351576,9.385497837152491e-05,fast_26p3s
0.44694597721179236,3221.8658930173874,0.00011419602568193132,fast_26p3s
0.4468561760082128,3222.5133662996172,0.00013178130214268902,fast_26p3s
0.44676641088342844,3223.1608395818475,0.00014785159637624996,fast_26p3s
0.44667668181570114,3223.8083128640774,0.00016453523583332636,fast_26p3s
0.44658698878331,3224.455786146307,0.00018421893912612592,fast_26p3s
0.44649733176455153,3225.103259428537,0.000209012612493442,fast_26p3s
0.44640771073773966,3225.750732710767,0.00024044785437771213,fast_26p3s
0.446318125681206,3226.3982059929967,0.00027947121846489347,fast_26p3s
0.4462285765732993,3227.0456792752266,0.000326698481477294,fast_26p3s
0.4461390633923856,3227.6931525574564,0.00038282123696054053,fast_26p3s
0.44604958611684853,3228.3406258396867,0.0004490309330149555,fast_26p3s
0.44596014472508905,3228.9880991219165,0.0005273494651038655,fast_26p3s
0.4458707391955252,3229.6355724041464,0.0006208050906654055,fast_26p3s
0.4457813695065927,3230.283045686376,0.0007334376929036478,fast_26p3s
0.4456920356367441,3230.930518968606,0.0008701419618411547,fast_26p3s
0.44560273756444957,3231.577992250836,0.0010363622585610145,fast_26p3s
0.44551347526819635,3232.225465533066,0.0012376492680830791,fast_26p3s
0.44542424872648906,3232.872938815296,0.0014790854723548306,fast_26p3s
0.44533505791784944,3233.520412097526,0.0017645888153832573,fast_26p3s
0.44524590282081633,3234.1678853797557,0.0020961155022537576,fast_26p3s
0.44515678341394616,3234.8153586619856,0.002472811155591016,fast_26p3s
0.4450676996758119,3235.4628319442154,0.0028902135930222524,fast_26p3s
0.4449786515850042,3236.1103052264452,0.0033396893515228116,fast_26p3s
0.4448896391201306,3236.757778508675,0.003808363773056548,fast_26p3s
0.4448006622598157,3237.405251790905,0.004279823659788029,fast_26p3s
0.4447117209827014,3238.052725073135,0.004735760736578278,fast_26p3s
0.4446228152674465,3238.700198355365,0.0051584465126996255,fast_26p3s
0.44453394509272715,3239.347671637595,0.005533544762689549,fast_26p3s
0.444445110437236,3239.9951449198247,0.005852454237517759,fast_26p3s
0.44435631127968334,3240.6426182020546,0.0061133462977706636,fast_26p3s
0.44426754759879594,3241.2900914842844,0.006320415433755789,fast_26p3s
0.44417881937331793,3241.9375647665147,0.0064814680757639175,fast_26p3s
0.4440901265820104,3242.5850380487445,0.006604554841932081,fast_26p3s
0.4440014692036512,3243.2325113309744,0.006694656880459629,fast_26p3s
0.44391284721703517,3243.879984613204,0.0067513938952368955,fast_26p3s
0.44382426060097435,3244.527457895434,0.0067684093503577476,fast_26p3s
0.4437357093342973,3245.174931177664,0.006734635208440015,fast_26p3s
0.44364719339584957,3245.8224044598937,0.00663715253243754,fast_26p3s
0.4435587127644938,3246.4698777421236,0.006464940040598683,fast_26p3s
0.44347026741910933,3247.1173510243534,0.0062125441472006115,fast_26p3s
0.44338185733859226,3247.7648243065837,0.00588270218904576,fast_26p3s
0.4432934825018558,3248.4122975888135,0.005487224717817106,fast_26p3s
0.4432051428878297,3249.0597708710434,0.005045907360175128,fast_26p3s
0.4431168384754605,3249.707244153273,0.0045837428887096614,fast_26p3s
0.4430285692437117,3250.354717435503,0.004127093522632248,fast_26p3s
0.4429403351715636,3251.002190717733,0.0036996804953650523,fast_26p3s
0.44285213623801273,3251.649663999963,0.003319237210055709,fast_26p3s
0.44276397242207305,3252.297137282193,0.0029954766585972028,fast_26p3s
0.4426758437027748,3252.944610564423,0.0027296888289404554,fast_26p3s
0.44258775005916495,3253.5920838466527,0.002515884502772542,fast_26p3s
0.4424996914703073,3254.2395571288826,0.0023430432556329726,fast_26p3s
0.4424116679152822,3254.8870304111124,0.0021978115933361368,fast_26p3s
0.44232367937318656,3255.5345036933422,0.0020669910330988026,fast_26p3s
0.4422357258231342,3256.181976975572,0.0019393383750567436,fast_26p3s
0.44214780724425506,3256.8294502578024,0.0018064900771213623,fast_26p3s
0.4420599236156963,3257.476923540032,0.0016631150318035307,fast_26p3s
0.44197207491662116,3258.124396822262,0.0015066072682915416,fast_26p3s
0.4418842611262097,3258.771870104492,0.0013367021077178522,fast_26p3s
0.4417964822236584,3259.4193433867217,0.001155329367664831,fast_26p3s
0.4417087381881802,3260.0668166689516,0.0009668398788793803,fast_26p3s
0.4416210289990048,3260.7142899511814,0.0007785228831287708,fast_26p3s
0.44153335463537813,3261.3617632334117,0.0006011486744311129,fast_26p3s
0.44144571507656283,3262.0092365156415,0.0004491845444940953,fast_26p3s
0.44135811030183775,3262.6567097978714,0.00034037030817382494,fast_26p3s
0.4412705402904985,3263.304183080101,0.00029449324007045917,fast_26p3s
0.44118300502185676,3263.951656362331,0.00033143161105833656,fast_26p3s
0.44109550447524093,3264.599129644561,0.00046877764068189277,fast_26p3s
0.44100803862999566,3265.2466029267907,0.0007195250928043889,fast_26p3s
0.44092060746548184,3265.8940762090206,0.0010903396428962845,fast_26p3s
0.440833210961077,3266.541549491251,0.0015807887472035903,fast_26p3s
0.44074584909617504,3267.1890227734807,0.0021836311525506203,fast_26p3s
0.4406585218501858,3267.8364960557105,0.0028859593509130152,fast_26p3s
0.4405712292025359,3268.4839693379404,0.003670772363458699,fast_26p3s
0.4404839711326679,3269.13144262017,0.004518506105364457,fast_26p3s
0.4403967476200409,3269.7789159024,0.00540816074121241,fast_26p3s
0.44030955864413,3270.42638918463,0.006317872238686137,fast_26p3s
0.4402224041844267,3271.07386246686,0.0072249919203944395,fast_26p3s
0.4401352842204389,3271.72133574909,0.008105895288835008,fast_26p3s
0.44004819873169065,3272.36880903132,0.008935808809027694,fast_26p3s
0.43996114769772177,3273.0162823135497,0.009688924855502922,fast_26p3s
0.4398741310980889,3273.6637555957795,0.010338996726473653,fast_26p3s
0.43978714891236437,3274.3112288780094,0.010860498240161663,fast_26p3s
0.439700201120137,3274.958702160239,0.01123031700719419,fast_26p3s
0.4396132877010115,3275.606175442469,0.011429834030829084,fast_26p3s
0.4395264086346087,3276.2536487246994,0.011447126845437368,fast_26p3s
0.4394395639005659,3276.901122006929,0.011278932455822606,fast_26p3s
0.4393527534785361,3277.548595289159,0.010931954362148182,fast_26p3s
0.43926597734818834,3278.196068571389,0.010423139890042808,fast_26p3s
0.4391792354892083,3278.8435418536187,0.009778715390797462,fast_26p3s
0.4390925278812968,3279.4910151358486,0.009032023549587119,fast_26p3s
0.4390058545041715,3280.1384884180784,0.008220481587118147,fast_26p3s
0.4389192153375656,3280.7859617003087,0.007382174270381974,fast_26p3s
0.4388326103612285,3281.4334349825385,0.006552645813937839,fast_26p3s
0.4387460395549255,3282.0809082647684,0.005762358951241178,fast_26p3s
0.43865950289843797,3282.728381546998,0.0050351027142339164,fast_26p3s
0.438573000371563,3283.375854829228,0.004387424953589161,fast_26p3s
0.4384865319541138,3284.023328111458,0.0038289931611811844,fast_26p3s
0.4384000976259195,3284.6708013936877,0.0033636665952214203,fast_26p3s
0.4383136973668251,3285.3182746759176,0.002990991825885645,fast_26p3s
0.4382273311566913,3285.965747958148,0.002707807786338299,fast_26p3s
0.438140998975395,3286.6132212403777,0.0025096663307977037,fast_26p3s
0.4380547008028288,3287.2606945226075,0.002391842215039952,fast_26p3s
0.43796843661890106,3287.9081678048374,0.0023498153364626523,fast_26p3s
0.43788220640353603,3288.555641087067,0.0023792373982487627,fast_26p3s
0.4377960101366739,3289.203114369297,0.0024755149389713836,fast_26p3s
0.43770984779827027,3289.8505876515273,0.002633220769852308,fast_26p3s
0.437623719368297,3290.498060933757,0.0028455649460546197,fast_26p3s
0.4375376248267414,3291.145534215987,0.003104108645632668,fast_26p3s
0.43745156415360664,3291.793007498217,0.003398803580742901,fast_26p3s
0.43736553732891154,3292.4404807804467,0.0037183185699789572,fast_26p3s
0.43727954433269073,3293.0879540626765,0.004050516320709585,fast_26p3s
0.43719358514499446,3293.7354273449064,0.00438290348013048,fast_26p3s
0.4371076597458887,3294.382900627136,0.004702909217402601,fast_26p3s
0.437021768115455,3295.030373909366,0.004997937005379028,fast_26p3s
0.43693591023379064,3295.6778471915964,0.00525524486709182,fast_26p3s
0.43685008608100884,3296.325320473826,0.0054618000156391195,fast_26p3s
0.43676429563723784,3296.972793756056,0.005604293800005887,fast_26p3s
0.43667853888262187,3297.620267038286,0.005669481165415306,fast_26p3s
0.4365928157973206,3298.2677403205157,0.005644935981183555,fast_26p3s
0.43650712636150957,3298.9152136027456,0.005520216146900426,fast_26p3s
0.4364214705553794,3299.562686884976,0.005288341192944771,fast_26p3s
0.43633584835913664,3300.2101601672057,0.0049474213838895205,fast_26p3s
0.43625025975300324,3300.8576334494355,0.004502244431145536,fast_26p3s
0.43616470471721674,3301.5051067316654,0.00396561265082988,fast_26p3s
0.43607918323203004,3302.152580013895,0.00335921772779181,fast_26p3s
0.4359936952777115,3302.800053296125,0.002713843172681518,fast_26p3s
0.4359082408345451,3303.447526578355,0.0020687130009785417,fast_26p3s
0.43582281988283034,3304.0949998605847,0.0014698798646255841,fast_26p3s
0.4357374324028819,3304.742473142815,0.0009676717055716316,fast_26p3s
0.43565207837503006,3305.389946425045,0.0006133693656762656,fast_26p3s
0.43556675777962045,3306.0374197072747,0.0004554228133321239,fast_26p3s
0.4354814705970142,3306.6848929895045,0.0005355872955300575,fast_26p3s
0.43539621680758767,3307.3323662717344,0.0008853574003547002,fast_26p3s
0.4353109963917326,3307.979839553964,0.001523016763396013,fast_26p3s
0.4352258093298562,3308.627312836194,0.0024515419153798164,fast_26p3s
0.4351406556023809,3309.2747861184243,0.003657527525468133,fast_26p3s
0.43505553518974444,3309.922259400654,0.005111235657239423,fast_26p3s
0.43497044807240015,3310.569732682884,0.006767791327267097,fast_26p3s
0.4348853942308161,3311.217205965114,0.008569433669898024,fast_26p3s
0.43480037364547613,3311.8646792473437,0.010448599202794397,fast_26p3s
0.43471538629687906,3312.5121525295735,0.012331506372928604,fast_26p3s
0.4346304321655391,3313.1596258118034,0.014141882361656071,fast_26p3s
0.43454551123198565,3313.807099094033,0.01580454961040151,fast_26p3s
0.4344606234767632,3314.4545723762635,0.0172487447135732,fast_26p3s
0.43437576888043167,3315.1020456584934,0.01841120553537449,fast_26p3s
0.43429094742356605,3315.749518940723,0.019239152781605297,fast_26p3s
0.43420615908675636,3316.396992222953,0.01969326049033376,fast_26p3s
0.43412140385060816,3317.044465505183,0.019750563472074302,fast_26p3s
0.43403668169574156,3317.6919387874127,0.019407048898531915,fast_26p3s
0.43395199260279244,3318.3394120696425,0.0186795078339758,fast_26p3s
0.43386733655241116,3318.986885351873,0.01760615042643686,fast_26p3s
0.4337827135252639,3319.6343586341027,0.01624554619768077,fast_26p3s
0.4336981235020312,3320.2818319163325,0.014673627455685066,fast_26p3s
0.43361356646340915,3320.9293051985624,0.012978753948725599,fast_26p3s
0.4335290423901087,3321.576778480792,0.011255139591004763,fast_26p3s
0.43344455126285586,3322.224251763022,0.009595246220968091,fast_26p3s
0.4333600930623916,3322.871725045252,0.008082004838891507,fast_26p3s
0.433275667769472,3323.5191983274817,0.006781866355132072,fast_26p3s
0.4331912753648682,3324.166671609712,0.005739644961035892,fast_26p3s
0.43310691582936606,3324.814144891942,0.0049758649786674795,fast_26p3s
0.43302258914376673,3325.4616181741717,0.004486892076567408,fast_26p3s
0.432938295288886,3326.1090914564015,0.004247630637595586,fast_26p3s
0.43285403424555485,3326.7565647386314,0.004216144459761469,fast_26p3s
0.432769805994619,3327.404038020861,0.004339324920619237,fast_26p3s
0.43268561051693916,3328.051511303091,0.004558731217512997,fast_26p3s
0.4326014477933909,3328.6989845853213,0.004815919506528519,fast_26p3s
0.43251731780486463,3329.346457867551,0.005056865988472257,fast_26p3s
0.4324332205322658,3329.993931149781,0.0052353690623308516,fast_26p3s
0.43234915595651446,3330.641404432011,0.005315511441131516,fast_26p3s
0.4322651240585458,3331.2888777142407,0.0052733425243422175,fast_26p3s
0.4321811248193094,3331.9363509964705,0.005097914167047653,fast_26p3s
0.43209715821977,3332.5838242787004,0.0047917086411329935,fast_26p3s
0.4320132242409071,3333.23129756093,0.004370389270395424,fast_26p3s
0.4319293228637147,3333.8787708431605,0.0038617337295422075,fast_26p3s
0.431845454069202,3334.5262441253903,0.0033036144680385505,fast_26p3s
0.4317616178383925,3335.17371740762,0.0027409827663102027,fast_26p3s
0.43167781415232487,3335.82119068985,0.0022219758245983316,fast_26p3s
0.431594042992052,3336.46866397208,0.0017934565327494942,fast_26p3s
0.4315103043386419,3337.1161372543097,0.001496454625100307,fast_26p3s
0.43142659817317697,3337.76361053654,0.0013620516693056948,fast_26p3s
0.4313429244767546,3338.41108381877,0.0014082120386781811,fast_26p3s
0.4312592832304866,3339.0585571009997,0.0016379170873949266,fast_26p3s
0.43117567441549964,3339.7060303832295,0.0020387547835064856,fast_26p3s
0.4310920980129347,3340.3535036654594,0.002583913456012181,fast_26p3s
0.43100855400394766,3341.000976947689,0.0032343793726564217,fast_26p3s
0.4309250423697089,3341.648450229919,0.003942069413871477,fast_26p3s
0.4308415630914034,3342.295923512149,0.004653634640629349,fast_26p3s
0.43075811615023074,3342.9433967943787,0.005314714959791814,fast_26p3s
0.430674701527405,3343.590870076609,0.005874466167042636,fast_26p3s
0.4305913192041549,3344.238343358839,0.006290181418527979,fast_26p3s
0.43050796916172357,3344.8858166410687,0.006531771510041289,fast_26p3s
0.43042465138136893,3345.5332899232985,0.006585760277647126,fast_26p3s
0.430341365844363,3346.1807632055284,0.006458328824731002,fast_26p3s
0.43025811253199253,3346.828236487758,0.006176863182621343,fast_26p3s
0.4301748914255587,3347.4757097699885,0.0057894894840871715,fast_26p3s
0.4300917025063773,3348.1231830522183,0.005362265753717225,fast_26p3s
0.4300085457557785,3348.770656334448,0.004974040317146768,fast_26p3s
0.4299254211551067,3349.418129616678,0.004709419534553514,fast_26p3s
0.42984232868572086,3350.065602898908,0.0046506927996928455,fast_26p3s
0.4297592683289945,3350.7130761811377,0.004869807141350103,fast_26p3s
0.4296762400663152,3351.3605494633675,0.005421477412268272,fast_26p3s
0.4295932438790853,3352.0080227455974,0.006338257839768421,fast_26p3s
0.42951027974872125,3352.655496027827,0.007627973519440631,fast_26p3s
0.42942734765665397,3353.3029693100575,0.009273454366605632,fast_26p3s
0.4293444475843286,3353.9504425922873,0.01123416109124394,fast_26p3s
0.42926157951320476,3354.597915874517,0.013449123305086269,fast_26p3s
0.4291787434247562,3355.245389156747,0.015840636030915227,fast_26p3s
0.4290959393004713,3355.892862438977,0.01831833618458096,fast_26p3s
0.4290131671218522,3356.5403357212067,0.020783522731262757,fast_26p3s
0.4289304268704157,3357.187809003437,0.023133799715777684,fast_26p3s
0.42884771852769293,3357.835282285667,0.025268227972846648,fast_26p3s
0.42876504207522886,3358.4827555678967,0.027093117831781498,fast_26p3s
0.4286823974945832,3359.1302288501265,0.028528377535678894,fast_26p3s
0.42859978476732924,3359.7777021323564,0.0295140018929443,fast_26p3s
0.4285172038750551,3360.425175414586,0.030015944706332464,fast_26p3s
0.4284346547993627,3361.072648696816,0.030030396154289752,fast_26p3s
0.4283521375218683,3361.720121979046,0.029585499651490158,fast_26p3s
0.4282696520242021,3362.367595261276,0.02873984906366574,fast_26p3s
0.4281871982880089,3363.015068543506,0.02757766717068956,fast_26p3s
0.42810477629494714,3363.662541825736,0.026201239916051937,fast_26p3s
0.4280223860266897,3364.3100151079657,0.024721767267206835,fast_26p3s
0.42794002746492343,3364.9574883901955,0.02325010104145543,fast_26p3s
0.42785770059134925,3365.6049616724254,0.02188876861672816,fast_26p3s
0.4277754053876823,3366.252434954655,0.020726250377124677,fast_26p3s
0.42769314183565144,3366.8999082368855,0.019833825673274262,fast_26p3s
0.42761090991700007,3367.5473815191153,0.019264630817811032,fast_26p3s
0.4275287096134855,3368.194854801345,0.01905408586776824,fast_26p3s
0.42744654090687856,3368.842328083575,0.019220685075074944,fast_26p3s
0.4273644037789649,3369.489801365805,0.019766347180797353,fast_26p3s
0.4272822982115435,3370.1372746480347,0.020676011606643674,fast_26p3s
0.42720022418642767,3370.7847479302645,0.021916778753953686,fast_26p3s
0.4271181816854445,3371.4322212124944,0.023437417776829325,fast_26p3s
0.42703617069043526,3372.0796944947247,0.025169314431067923,fast_26p3s
0.42695419118325506,3372.7271677769545,0.027029795543748278,fast_26p3s
0.42687224314577277,3373.3746410591843,0.028928253200570315,fast_26p3s
0.4267903265598714,3374.022114341414,0.03077473137523352,fast_26p3s
0.42670844140744785,3374.669587623644,0.03248985235360005,fast_26p3s
0.4266265876704128,3375.317060905874,0.03401439937057421,fast_26p3s
0.4265447653306909,3375.9645341881037,0.035316730369348855,fast_26p3s
0.4264629743702205,3376.612007470334,0.036396544231084196,fast_26p3s
0.42638121477095414,3377.259480752564,0.03728426720961046,fast_26p3s
0.4262994865148578,3377.9069540347937,0.038036258316123825,fast_26p3s
0.42621778958391154,3378.5544273170235,0.03872688220051384,fast_26p3s
0.4261361239601092,3379.2019005992533,0.039439039630971284,fast_26p3s
0.42605448962545833,3379.849373881483,0.04025485612269643,fast_26p3s
0.4259728865619802,3380.496847163713,0.041247913916527754,fast_26p3s
0.4258913147517101,3381.144320445943,0.042477791233114584,fast_26p3s
0.42580977417669685,3381.791793728173,0.04398694142189241,fast_26p3s
0.42572826481900317,3382.439267010403,0.04579932190415233,fast_26p3s
0.4256467866607056,3383.086740292633,0.047919850023395646,fast_26p3s
0.42556533968389393,3383.7342135748627,0.0503338100053143,fast_26p3s
0.42548392387067213,3384.3816868570925,0.05300573030475784,fast_26p3s
0.4254025392031577,3385.0291601393224,0.055877847460218726,fast_26p3s
0.42532118566348176,3385.6766334215527,0.058868856514505574,fast_26p3s
0.4252398632337892,3386.3241067037825,0.06187400552957942,fast_26p3s
0.4251585718962386,3386.9715799860123,0.06476758106832207,fast_26p3s
0.4250773116330021,3387.619053268242,0.06740843280460376,fast_26p3s
0.4249960824262653,3388.266526550472,0.06964851165133164,fast_26p3s
0.4249148842582277,3388.913999832702,0.07134365683359044,fast_26p3s
0.42483371711110224,3389.5614731149317,0.07236529447391457,fast_26p3s
0.4247525809671156,3390.2089463971615,0.07261146987084027,fast_26p3s
0.4246714758085078,3390.8564196793914,0.07201577127867234,fast_26p3s
0.42459040161753253,3391.5038929616217,0.0705531331634649,fast_26p3s
0.4245093583764572,3392.1513662438515,0.06824207506636482,fast_26p3s
0.42442834606756247,3392.7988395260813,0.0651434768426111,fast_26p3s
0.42434736467314277,3393.446312808311,0.061356398811161665,fast_26p3s
0.4242664141755058,3394.093786090541,0.0570116786323859,fast_26p3s
0.42418549455697296,3394.741259372771,0.05226408231023472,fast_26p3s
0.4241046057998791,3395.388732655001,0.047283694922273106,fast_26p3s
0.4240237478865723,3396.036205937231,0.042247065748239054,fast_26p3s
0.4239429207994146,3396.683679219461,0.03732843944475853,fast_26p3s
0.423862124520781,3397.3311525016907,0.03269127554002589,fast_26p3s
0.42378135903306013,3397.9786257839205,0.028480230269282803,fast_26p3s
0.42370062431865413,3398.6260990661503,0.024813856628659234,fast_26p3s
0.4236199203599784,3399.27357234838,0.021778429323787277,fast_26p3s
0.4235392471394617,3399.92104563061,0.01942343834013776,fast_26p3s
0.4234586046395464,3400.56851891284,0.017759325230309306,fast_26p3s
0.42337799284268784,3401.21599219507,0.016757899205621818,fast_26p3s
0.4232974117313553,3401.8634654773,0.016355569929431792,fast_26p3s
0.42321686128803093,3402.51093875953,0.016459143453909156,fast_26p3s
0.4231363414952104,3403.1584120417597,0.016953559401373993,fast_26p3s
0.4230558523354026,3403.8058853239895,0.017710705555909628,fast_26p3s
0.4229753937911298,3404.4533586062194,0.018598386072196372,fast_26p3s
0.42289496584492753,3405.1008318884496,0.01948863413045757,fast_26p3s
0.4228145684793445,3405.7483051706795,0.020264793027613134,fast_26p3s
0.42273420167694314,3406.3957784529093,0.02082706603705994,fast_26p3s
0.4226538654202986,3407.043251735139,0.02109648693811273,fast_26p3s
0.42257355969199945,3407.690725017369,0.021017443423853657,fast_26p3s
0.4224932844746475,3408.338198299599,0.020558971987192226,fast_26p3s
0.4224130397508579,3408.9856715818287,0.0197150341991022,fast_26p3s
0.42233282550325885,3409.6331448640585,0.018503899349147864,fast_26p3s
0.4222526417144917,3410.2806181462884,0.016966635261921624,fast_26p3s
0.4221724883672111,3410.9280914285187,0.01516460068107986,fast_26p3s
0.422092365444085,3411.5755647107485,0.0131757947637028,fast_26p3s
0.4220122729277942,3412.2230379929783,0.01108999132584941,fast_26p3s
0.42193221080103294,3412.870511275208,0.009002770194895024,fast_26p3s
0.4218521790465081,3413.517984557438,0.007008810961047894,fast_26p3s
0.4217721776469403,3414.1654578396683,0.005195053312049105,fast_26p3s
0.421692206585063,3414.812931121898,0.0036344628289141693,fast_26p3s
0.42161226584362266,3415.460404404128,0.002381112745620198,fast_26p3s
0.4215323554053788,3416.107877686358,0.0014671010506551966,fast_26p3s
0.42145247525310425,3416.7553509685877,0.0009015278968351268,fast_26p3s
0.4213726253695846,3417.4028242508175,0.0006714506301438717,fast_26p3s
0.42129280573761874,3418.0502975330473,0.0007444932376941372,fast_26p3s
0.42121301634001845,3418.697770815277,0.0010726549734175717,fast_26p3s
0.42113325715960853,3419.345244097507,0.0015968360114516445,fast_26p3s
0.421053528179227,3419.992717379737,0.0022516434583880808,fast_26p3s
0.42097382938172434,3420.640190661967,0.002970119355840222,fast_26p3s
0.4208941607499647,3421.287663944197,0.0036881136229966836,fast_26p3s
0.4208145222668247,3421.935137226427,0.004348094294144054,fast_26p3s
0.42073491391519413,3422.5826105086567,0.0049022412869710865,fast_26p3s
0.42065533567797564,3423.2300837908865,0.005314710353227121,fast_26p3s
0.42057578753808483,3423.877557073117,0.005562985549609983,fast_26p3s
0.4204962694784503,3424.5250303553466,0.005638268837319966,fast_26p3s
0.42041678148201345,3425.1725036375765,0.005544893940799769,fast_26p3s
0.42033732353172876,3425.8199769198063,0.005298807297458116,fast_26p3s
0.4202578956105632,3426.467450202036,0.004925234431084131,fast_26p3s
0.4201784977014971,3427.114923484266,0.004455737173003129,fast_26p3s
0.42009912978752334,3427.762396766496,0.003924947216105752,fast_26p3s
0.4200197918516476,3428.4098700487257,0.003367311846043652,fast_26p3s
0.4199404838768887,3429.0573433309555,0.002814190894664692,fast_26p3s
0.4198612058462781,3429.7048166131854,0.0022915948509054005,fast_26p3s
0.41978195774285987,3430.3522898954157,0.0018187611672692303,fast_26p3s
0.41970273954969134,3430.9997631776455,0.0014076472394096036,fast_26p3s
0.41962355124984224,3431.6472364598753,0.001063295790014635,fast_26p3s
0.4195443928263952,3432.294709742105,0.0007849212337556669,fast_26p3s
0.4194652642624457,3432.942183024335,0.0005674893594716665,fast_26p3s
0.41938616554110175,3433.5896563065653,0.00040352670337591163,fast_26p3s
0.41930709664548443,3434.237129588795,0.00028490227006808635,fast_26p3s
0.4192280575587272,3434.884602871025,0.00020436633919341667,fast_26p3s
0.4191490482639765,3435.532076153255,0.0001566951363469438,fast_26p3s
0.4190700687443913,3436.1795494354847,0.00013935898115120145,fast_26p3s
0.41899111898314323,3436.8270227177145,0.00015269063958628666,fast_26p3s
0.41891219896341697,3437.4744959999443,0.0001995731763823915,fast_26p3s
0.4188333086684093,3438.121969282174,0.00028469490465731607,fast_26p3s
0.41875444808133,3438.769442564404,0.00041344154026595254,fast_26p3s
0.4186756171854016,3439.4169158466343,0.0005905214765982791,fast_26p3s
0.41859681596385895,3440.064389128864,0.0008184535248672203,fast_26p3s
0.4185180443999498,3440.711862411094,0.0010960843873345579,fast_26p3s
0.4184393024769341,3441.359335693324,0.0014173358386766562,fast_26p3s
0.4183605901780851,3442.0068089755537,0.0017703962684183137,fast_26p3s
0.41828190748668787,3442.6542822577835,0.002137556160424881,fast_26p3s
0.41820325438604045,3443.301755540014,0.0024958350964743668,fast_26p3s
0.41812463085945345,3443.9492288222436,0.0028184588305924917,fast_26p3s
0.41804603689024994,3444.5967021044735,0.0030771274851776028,fast_26p3s
0.4179674724617655,3445.2441753867033,0.0032448879419439895,fast_26p3s
0.41788893755734835,3445.891648668933,0.003299310504908696,fast_26p3s
0.41781043216035907,3446.539121951163,0.0032255990569074623,fast_26p3s
0.417731956254171,3447.186595233393,0.003019255067754087,fast_26p3s
0.4176535098221694,3447.8340685156227,0.0026879729556748993,fast_26p3s
0.4175750928477528,3448.4815417978525,0.0022525524595494533,fast_26p3s
0.4174967053143316,3449.129015080083,0.0017467437224891055,fast_26p3s
0.41741834720532883,3449.7764883623126,0.0012160605155567693,fast_26p3s
0.41734001850418023,3450.4239616445425,0.0007156828855285452,fast_26p3s
0.41726171919433336,3451.0714349267723,0.0003076144335755426,fast_26p3s
0.41718344925924883,3451.718908209002,5.72686826509221e-05,fast_26p3s
0.4171052086823993,3452.366381491232,2.965070995366257e-05,fast_26p3s
0.4170269974472698,3453.0138547734623,0.00028529429182597675,fast_26p3s
0.4169488155373581,3453.661328055692,0.0008761276439098836,fast_26p3s
0.416870662936174,3454.308801337922,0.0018414806312859844,fast_26p3s
0.4167925396272396,3454.956274620152,0.003204509284064461,fast_26p3s
0.4167144455940899,3455.6037479023817,0.00496938143130661,fast_26p3s
0.41663638082027143,3456.2512211846115,0.007119608904226465,fast_26p3s
0.41655834528934366,3456.8986944668413,0.009617889967658106,fast_26p3s
0.41648033898487835,3457.546167749071,0.01240771185631473,fast_26p3s
0.41640236189045904,3458.193641031301,0.015416754239355708,fast_26p3s
0.41632441398968206,3458.8411143135313,0.01856186264886957,fast_26p3s
0.4162464952661561,3459.488587595761,0.021755090501498157,fast_26p3s
0.41616860570350167,3460.136060877991,0.024910114145732232,fast_26p3s
0.4160907452853518,3460.783534160221,0.027948263750186306,fast_26p3s
0.41601291399535173,3461.4310074424507,0.030803499112414506,fast_26p3s
0.41593511181715903,3462.0784807246805,0.03342586377152589,fast_26p3s
0.4158573387344432,3462.725954006911,0.03578321359209282,fast_26p3s
0.4157795947308863,3463.3734272891406,0.03786127274295812,fast_26p3s
0.41570187979018264,3464.0209005713705,0.039662271831826315,fast_26p3s
0.41562419389603816,3464.6683738536003,0.04120254503163078,fast_26p3s
0.41554653703217154,3465.31584713583,0.042509501888376655,fast_26p3s
0.41546890918231333,3465.96332041806,0.04361835587761094,fast_26p3s
0.41539131033020626,3466.61079370029,0.044568904893985656,fast_26p3s
0.4153137404596056,3467.2582669825197,0.04540254368963245,fast_26p3s
0.4152361995542781,3467.9057402647495,0.04615957362157943,fast_26p3s
0.415158687598003,3468.55321354698,0.046876789584579116,fast_26p3s
0.41508120457457176,3469.2006868292096,0.047585289615799095,fast_26p3s
0.4150037504677877,3469.8481601114395,0.048308477439522414,fast_26p3s
0.4149263252614662,3470.4956333936693,0.04906030215130853,fast_26p3s
0.41484892893943515,3471.143106675899,0.04984387546047641,fast_26p3s
0.4147715614855337,3471.7905799581295,0.050650689030808216,fast_26p3s
0.4146942228836139,3472.4380532403593,0.051460687810950936,fast_26p3s
0.41461691311753934,3473.085526522589,0.0522434178247908,fast_26p3s
0.41453963217118595,3473.732999804819,0.0529603556646639,fast_26p3s
0.41446238002844127,3474.380473087049,0.053568357547208935,fast_26p3s
0.41438515667320514,3475.0279463692787,0.05402396747321925,fast_26p3s
0.41430796208938947,3475.6754196515085,0.05428813350196787,fast_26p3s
0.41423079626091786,3476.3228929337383,0.05433073808417309,fast_26p3s
0.41415365917172614,3476.970366215968,0.05413429119242898,fast_26p3s
0.414076550805762,3477.617839498198,0.05369619348676101,fast_26p3s
0.4139994711469851,3478.2653127804283,0.053029160844363786,fast_26p3s
0.4139224201793671,3478.912786062658,0.05215969005730276,fast_26p3s
0.4138453978868914,3479.560259344888,0.051124783359062335,fast_26p3s
0.41376840425355343,3480.207732627118,0.04996745945789226,fast_26p3s
0.41369143926336077,3480.8552059093477,0.04873178502055819,fast_26p3s
0.4136145029003324,3481.502679191578,0.04745821364741601,fast_26p3s
0.4135375951484997,3482.150152473808,0.04617991145438919,fast_26p3s
0.41346071599190554,3482.7976257560376,0.04492051252889584,fast_26p3s
0.4133838654146048,3483.4450990382675,0.04369344459809455,fast_26p3s
0.4133070434006644,3484.0925723204973,0.0425026657036139,fast_26p3s
0.4132302499341625,3484.740045602727,0.04134441996379166,fast_26p3s
0.41315348499919,3485.387518884957,0.0402094984520385,fast_26p3s
0.4130767485798488,3486.034992167187,0.039085495923996044,fast_26p3s
0.41300004066025287,3486.6824654494167,0.03795867125201143,fast_26p3s
0.41292336122452833,3487.329938731647,0.03681520853535546,fast_26p3s
0.4128467102568126,3487.977412013877,0.03564188186561946,fast_26p3s
0.4127700877412551,3488.6248852961066,0.034426295468354656,fast_26p3s
0.412693493662017,3489.2723585783365,0.03315696361360645,fast_26p3s
0.4126169280032713,3489.9198318605663,0.03182349659736599,fast_26p3s
0.4125403907492025,3490.567305142796,0.03041708072954616,fast_26p3s
0.412463881884007,3491.2147784250265,0.028931311517965966,fast_26p3s
0.41238740139189317,3491.8622517072563,0.027363299316997963,fast_26p3s
0.41231094925708045,3492.509724989486,0.025714852899821932,fast_26p3s
0.4122345254638006,3493.157198271716,0.023993485010537146,fast_26p3s
0.4121581299962967,3493.804671553946,0.02221298583889877,fast_26p3s
0.4120817628388237,3494.4521448361756,0.02039337174206563,fast_26p3s
0.4120054239756482,3495.0996181184055,0.018560122952259284,fast_26p3s
0.4119291133910484,3495.7470914006353,0.016742754574080424,fast_26p3s
0.4118528310693141,3496.394564682865,0.014972895249070145,fast_26p3s
0.4117765769947467,3497.0420379650955,0.013282150947226066,fast_26p3s
0.4117003511516594,3497.6895112473253,0.011700082691807044,fast_26p3s
0.4116241535243771,3498.336984529555,0.010252610252301703,fast_26p3s
0.41154798409723586,3498.984457811785,0.008961068374138544,fast_26p3s
0.4114718428545838,3499.631931094015,0.007842006703801665,fast_26p3s
0.41139572978078026,3500.2794043762447,0.00690767314723577,fast_26p3s
0.41131964486019634,3500.926877658475,0.006166990980783697,fast_26p3s
0.4112435880772148,3501.574350940705,0.005626761869471922,fast_26p3s
0.41116755941622973,3502.2218242229346,0.005292812112250166,fast_26p3s
0.4110915588616469,3502.8692975051645,0.005170841907497632,fast_26p3s
0.41101558639788344,3503.5167707873943,0.005266818396059413,fast_26p3s
0.41093964200936833,3504.164244069624,0.005586848865679769,fast_26p3s
0.4108637256805416,3504.811717351854,0.006136558897283624,fast_26p3s
0.41078783739585506,3505.459190634084,0.006920066016396539,fast_26p3s
0.41071197713977226,3506.1066639163137,0.00793867583340569,fast_26p3s
0.4106361448967675,3506.754137198544,0.009189436634636077,fast_26p3s
0.4105603406513272,3507.401610480774,0.010663678731866657,fast_26p3s
0.410484564387949,3508.0490837630036,0.012345649053203712,fast_26p3s
0.4104088160911418,3508.6965570452335,0.014211341580100855,fast_26p3s
0.4103330957454265,3509.3440303274633,0.016227628251084467,fast_26p3s
0.4102574033353348,3509.991503609693,0.01835181380458877,fast_26p3s
0.41018173884540987,3510.6389768919234,0.020531764301412292,fast_26p3s
0.4101061022602069,3511.2864501741533,0.0227067774217412,fast_26p3s
0.4100304935642916,3511.933923456383,0.024809352558582503,fast_26p3s
0.4099549127422419,3512.581396738613,0.02676796007349652,fast_26p3s
0.40987935977864626,3513.228870020843,0.028510790317465222,fast_26p3s
0.40980383465810527,3513.8763433030726,0.029970290461126984,fast_26p3s
0.4097283373652304,3514.5238165853025,0.031088101037269538,fast_26p3s
0.40965286788464456,3515.1712898675323,0.03181983617048426,fast_26p3s
0.40957742620098214,3515.818763149762,0.032139071187380436,fast_26p3s
0.40950201229888855,3516.4662364319925,0.03203995272989179,fast_26p3s
0.4094266261630207,3517.1137097142223,0.03153803588517345,fast_26p3s
0.4093512677780469,3517.761182996452,0.030669239411512242,fast_26p3s
0.4092759371286467,3518.408656278682,0.029487117663261102,fast_26p3s
0.40920063419951047,3519.056129560912,0.02805889326280879,fast_26p3s
0.4091253589753405,3519.703602843142,0.026460819593058856,fast_26p3s
0.40905011144085013,3520.351076125372,0.024773431974077744,fast_26p3s
0.4089748915807636,3520.998549407602,0.023077128434865722,fast_26p3s
0.40889969937981685,3521.6460226898316,0.021448347938054255,fast_26p3s
0.4088245348227568,3522.2934959720615,0.01995644138574545,fast_26p3s
0.40874939789434167,3522.9409692542913,0.01866120027664391,fast_26p3s
0.40867428857934074,3523.588442536521,0.01761093954287866,fast_26p3s
0.40859920686253465,3524.235915818751,0.016841024559059593,fast_26p3s
0.4085241527287151,3524.883389100981,0.016372772890373654,fast_26p3s
0.40844912616268503,3525.5308623832107,0.016212727106775623,fast_26p3s
0.40837412714925864,3526.178335665441,0.016352362925161984,fast_26p3s
0.4082991556732611,3526.825808947671,0.016768347312339164,fast_26p3s
0.4082242117195287,3527.4732822299006,0.01742348022602258,fast_26p3s
0.40814929527290916,3528.1207555121305,0.01826843503946882,fast_26p3s
0.408074406318261,3528.7682287943603,0.019244357796608668,fast_26p3s
0.40799954484045386,3529.4157020765906,0.020286302514379264,fast_26p3s
0.4079247108243688,3530.0631753588204,0.02132738144804958,fast_26p3s
0.40784990425489764,3530.7106486410503,0.022303409215076737,fast_26p3s
0.40777512511694347,3531.35812192328,0.023157729462270547,fast_26p3s
0.40770037339542026,3532.00559520551,0.023845840633383346,fast_26p3s
0.4076256490752532,3532.65306848774,0.024339389884309552,fast_26p3s
0.4075509521413786,3533.3005417699696,0.024629089015099397,fast_26p3s
0.4074762825787436,3533.9480150521995,0.024726134011225257,fast_26p3s
0.4074016403723064,3534.5954883344293,0.024661792135013044,fast_26p3s
0.40732702550703637,3535.2429616166596,0.024484965525155264,fast_26p3s
0.4072524379679139,3535.8904348988895,0.024257747006702447,fast_26p3s
0.40717787773993014,3536.5379081811193,0.024049239538768117,fast_26p3s
0.40710334480808746,3537.185381463349,0.023928191105152763,fast_26p3s
0.40702883915739896,3537.832854745579,0.023955266817610822,fast_26p3s
0.40695436077288916,3538.480328027809,0.024175992435444882,fast_26p3s
0.406879909639593,3539.127801310039,0.024615497010141464,fast_26p3s
0.40680548574255665,3539.775274592269,0.025276085479950913,fast_26p3s
0.4067310890668374,3540.422747874499,0.02613832371545879,fast_26p3s
0.40665671959750305,3541.0702211567286,0.02716570731408079,fast_26p3s
0.40658237731963265,3541.7176944389585,0.02831219263960868,fast_26p3s
0.406508062218316,3542.3651677211883,0.029531083576789498,fast_26p3s
0.4064337742786538,3543.012641003418,0.030783245534372644,fast_26p3s
0.4063595134857576,3543.660114285648,0.03204258203022281,fast_26p3s
0.40628527982475005,3544.307587567878,0.033297239428286045,fast_26p3s
0.40621107328076445,3544.955060850108,0.034545987647651745,fast_26p3s
0.4061368938389451,3545.602534132338,0.0357903899330915,fast_26p3s
0.40606274148444704,3546.250007414568,0.03702440969268989,fast_26p3s
0.4059886162024362,3546.8974806967976,0.03822376204287809,fast_26p3s
0.4059145179780893,3547.5449539790275,0.03933748429690319,fast_26p3s
0.405840446796594,3548.1924272612573,0.04028387832424935,fast_26p3s
0.40576640264314856,3548.8399005434876,0.04095226007489509,fast_26p3s
0.4056923855029622,3549.4873738257174,0.04121098110306746,fast_26p3s
0.405618395361255,3550.1348471079473,0.04092113674127928,fast_26p3s
0.40554443220325764,3550.782320390177,0.03995442678039657,fast_26p3s
0.40547049601421153,3551.429793672407,0.038212943355337294,fast_26p3s
0.4053965867793692,3552.077266954637,0.03564831916821206,fast_26p3s
0.4053227044839935,3552.7247402368666,0.032277679106736214,fast_26p3s
0.4052488491133582,3553.3722135190965,0.028194119194220612,fast_26p3s
0.4051750206527479,3554.0196868013263,0.02356987010843381,fast_26p3s
0.4051012190874577,3554.6671600835566,0.018650797758137636,fast_26p3s
0.4050274444027937,3555.3146333657864,0.013741450009421827,fast_26p3s
0.4049536965840725,3555.9621066480163,0.009180594358274763,fast_26p3s
0.40487997561662137,3556.609579930246,0.005308305568384849,fast_26p3s
0.4048062814857784,3557.257053212476,0.0024273061323321857,fast_26p3s
0.4047326141768921,3557.904526494706,0.0007633241818449094,fast_26p3s
0.4046589736753221,3558.551999776936,0.00043114108174575883,fast_26p3s
0.40458535996643824,3559.199473059166,0.001413747296034587,fast_26p3s
0.4045117730356212,3559.846946341396,0.0035605993544192424,fast_26p3s
0.4044382128682623,3560.4944196236256,0.006607098602554849,fast_26p3s
0.4043646794497634,3561.1418929058555,0.010212099822212519,fast_26p3s
0.40429117276553705,3561.7893661880853,0.014005540597422882,fast_26p3s
0.40421769280100645,3562.436839470315,0.017636133066984586,fast_26p3s
0.4041442395416051,3563.084312752545,0.02081020182756308,fast_26p3s
0.4040708129727776,3563.731786034775,0.023316312484348498,fast_26p3s
0.4039974130799785,3564.379259317005,0.025034549460684213,fast_26p3s
0.40392403984867364,3565.026732599235,0.02593260669762172,fast_26p3s
0.40385069326433876,3565.674205881465,0.026052563663992997,fast_26p3s
0.40377737331246044,3566.3216791636946,0.02549249469191614,fast_26p3s
0.4037040799785359,3566.9691524459245,0.024386476574195876,fast_26p3s
0.4036308132480727,3567.6166257281548,0.022885669296500467,fast_26p3s
0.4035575731065889,3568.2640990103846,0.021142267976012513,fast_26p3s
0.40348435953961326,3568.9115722926144,0.019297357870939395,fast_26p3s
0.40341117253268505,3569.5590455748443,0.017473034787660217,fast_26p3s
0.4033380120713536,3570.206518857074,0.015768562878088824,fast_26p3s
0.4032648781411793,3570.853992139304,0.014259859041441541,fast_26p3s
0.4031917707277326,3571.501465421534,0.013001280584566384,fast_26p3s
0.4031186898165946,3572.1489387037636,0.012028604057117498,fast_26p3s
0.4030456353933568,3572.7964119859935,0.011362223225864599,fast_26p3s
0.4029726074436211,3573.4438852682233,0.011009906414984831,fast_26p3s
0.4028996059529999,3574.0913585504536,0.01096883677219196,fast_26p3s
0.4028266309071162,3574.7388318326834,0.011227002865797583,fast_26p3s
0.40275368229160297,3575.3863051149133,0.011764227877865354,fast_26p3s
0.4026807600921039,3576.033778397143,0.01255319048740546,fast_26p3s
0.40260786429427314,3576.681251679373,0.013560719405119095,fast_26p3s
0.4025349948837749,3577.3287249616033,0.01474949268453461,fast_26p3s
0.4024621518462841,3577.976198243833,0.0160801076420798,fast_26p3s
0.4023893351674859,3578.623671526063,0.0175133573350148,fast_26p3s
0.4023165448330758,3579.271144808293,0.01901247790213218,fast_26p3s
0.40224378082875956,3579.9186180905226,0.02054511630796501,fast_26p3s
0.4021710431402534,3580.5660913727525,0.02208479606579188,fast_26p3s
0.402098331753284,3581.2135646549823,0.023611714174295386,fast_26p3s
0.4020256466535881,3581.861037937212,0.025112775571844798,fast_26p3s
0.4019529878269128,3582.508511219442,0.02658085628154899,fast_26p3s
0.40188035525901566,3583.155984501672,0.02801337813901956,fast_26p3s
0.4018077489356644,3583.803457783902,0.029410368417024105,fast_26p3s
0.40173516884263705,3584.450931066132,0.030772254138920607,fast_26p3s
0.40166261496572186,3585.098404348362,0.032097688118562354,fast_26p3s
0.40159008729071755,3585.7458776305916,0.03338170813478597,fast_26p3s
0.40151758580343294,3586.3933509128215,0.03461448537808139,fast_26p3s
0.40144511048968684,3587.0408241950518,0.035780827822096385,fast_26p3s
0.4013726613353089,3587.6882974772816,0.03686048544459028,fast_26p3s
0.40130023832613854,3588.3357707595114,0.03782918359907216,fast_26p3s
0.4012278414480255,3588.9832440417413,0.03866021637691831,fast_26p3s
0.4011554706868298,3589.630717323971,0.03932638347115842,fast_26p3s
0.4010831260284215,3590.278190606201,0.0398020559843382,fast_26p3s
0.40101080745868106,3590.925663888431,0.040065195357389304,fast_26p3s
0.400938514963499,3591.5731371706606,0.04009919984370885,fast_26p3s
0.40086624852877606,3592.2206104528905,0.03989448867745077,fast_26p3s
0.400794008140423,3592.8680837351208,0.03944974004081134,fast_26p3s
0.400721793784361,3593.5155570173506,0.03877267738139071,fast_26p3s
0.40064960544652123,3594.1630302995804,0.03788026823042285,fast_26p3s
0.40057744311284493,3594.8105035818103,0.036798187328865875,fast_26p3s
0.40050530676928353,3595.45797686404,0.035559425539274554,fast_26p3s
0.4004331964017987,3596.10545014627,0.03420200946310613,fast_26p3s
0.4003611119963619,3596.7529234285003,0.03276592915777883,fast_26p3s
0.40028905353895516,3597.40039671073,0.03128953220449882,fast_26p3s
0.40021702101557016,3598.04786999296,0.02980579861250903,fast_26p3s
0.4001450144122089,3598.6953432751898,0.028339022680918032,fast_26p3s
0.40007303371488345,3599.3428165574196,0.026902455917142718,fast_26p3s
0.40000107890961567,3599.9902898396494,0.025497382546907043,fast_26p3s
0.399929149982438,3600.6377631218793,0.024113903941858337,fast_26p3s
0.39985724691939234,3601.285236404109,0.0227334311236038,fast_26p3s
0.39978536970653095,3601.932709686339,0.021332585376653234,fast_26p3s
0.3997135183299162,3602.5801829685693,0.01988795802315477,fast_26p3s
0.3996416927756202,3603.227656250799,0.018381040776943386,fast_26p3s
0.3995698930297254,3603.875129533029,0.016802633047752508,fast_26p3s
0.39949811907832383,3604.522602815259,0.015156146779434212,fast_26p3s
0.39942637090751787,3605.1700760974886,0.013459417313182122,fast_26p3s
0.3993546485034198,3605.8175493797185,0.011744835494346954,fast_26p3s
0.3992829518521517,3606.4650226619488,0.010057798596342421,fast_26p3s
0.3992112809398458,3607.1124959441786,0.00845361658669017,fast_26p3s
0.39913963575264433,3607.7599692264084,0.0069931116026822416,fast_26p3s
0.39906801627669924,3608.4074425086383,0.005737233308650444,fast_26p3s
0.39899642249817263,3609.054915790868,0.0047411022374635615,fast_26p3s
0.39892485440323633,3609.702389073098,0.004047993616443275,fast_26p3s
0.3988533119780723,3610.349862355328,0.0036838685213676234,fast_26p3s
0.3987817952088723,3610.9973356375576,0.00365310968689029,fast_26p3s
0.39871030408183794,3611.6448089197875,0.003936081985058,fast_26p3s
0.39863883858318083,3612.2922822020178,0.004488984226970019,fast_26p3s
0.3985673986991224,3612.9397554842476,0.005246195963520564,fast_26p3s
0.39849598441589407,3613.5872287664774,0.006124996702746463,fast_26p3s
0.3984245957197369,3614.2347020487073,0.007032218388689472,fast_26p3s
0.3983532325969021,3614.882175330937,0.00787215799855053,fast_26p3s
0.3982818950336503,3615.529648613167,0.00855497155996362,fast_26p3s
0.39821058301625245,3616.1771218953972,0.009004798433157046,fast_26p3s
0.3981392965309891,3616.824595177627,0.009166992760431748,fast_26p3s
0.3980680355641507,3617.472068459857,0.009014014809779852,fast_26p3s
0.39799680010203725,3618.1195417420868,0.008549705476817339,fast_26p3s
0.3979255901309589,3618.7670150243166,0.007811793274113173,fast_26p3s
0.39785440563723556,3619.4144883065464,0.0068725457196124875,fast_26p3s
0.39778324660719655,3620.0619615887763,0.005837478701085587,fast_26p3s
0.3977121130271815,3620.709434871006,0.004842002163572845,fast_26p3s
0.3976410048835394,3621.356908153236,0.004045851998960524,fast_26p3s
0.3975699221626291,3622.0043814354663,0.003625192231369698,fast_26p3s
0.3974988648508195,3622.651854717696,0.0037624201086642675,fast_26p3s
0.3974278329344888,3623.299327999926,0.004633992534237398,fast_26p3s
0.3973568264000251,3623.946801282156,0.0063969865336930155,fast_26p3s
0.3972858452338265,3624.5942745643856,0.009175519913165113,fast_26p3s
0.39721488942230027,3625.241747846616,0.013048459262291966,fast_26p3s
0.3971439589518639,3625.8892211288457,0.018039901977022398,fast_26p3s
0.3970730538089443,3626.5366944110756,0.024113667388595977,fast_26p3s
0.39700217397997817,3627.1841676933054,0.031172499721234263,fast_26p3s
0.3969313194514119,3627.8316409755353,0.03906200218806999,fast_26p3s
0.3968604902097015,3628.479114257765,0.04757866954355817,fast_26p3s
0.3967896862413125,3629.126587539995,0.05648093006362625,fast_26p3s
0.3967189075327206,3629.774060822225,0.06550193391138823,fast_26p3s
0.3966481540704106,3630.4215341044546,0.07436292215256338,fast_26p3s
0.3965774258408771,3631.0690073866845,0.08278629222855564,fast_26p3s
0.39650672283062444,3631.7164806689148,0.09050782218221948,fast_26p3s
0.3964360450261665,3632.3639539511446,0.09728781678406671,fast_26p3s
0.3963653924140268,3633.0114272333744,0.10292111582787127,fast_26p3s
0.3962947649807385,3633.6589005156043,0.10724592075097916,fast_26p3s
0.3962241627128443,3634.306373797834,0.11015125580929908,fast_26p3s
0.3961535855968963,3634.9538470800644,0.11158263569284546,fast_26p3s
0.39608303361945674,3635.6013203622942,0.11154526000129171,fast_26p3s
0.39601250676709693,3636.248793644524,0.11010392487073403,fast_26p3s
0.3959420050263977,3636.896266926754,0.1073789547530873,fast_26p3s
0.39587152838394984,3637.5437402089838,0.10353787202955891,fast_26p3s
0.39580107682635346,3638.1912134912136,0.0987831878029437,fast_26p3s
0.3957306503402181,3638.8386867734434,0.09333744565725362,fast_26p3s
0.395660248912163,3639.4861600556733,0.0874272476530531,fast_26p3s
0.39558987252881683,3640.133633337903,0.08126823332823628,fast_26p3s
0.39551952117681777,3640.7811066201334,0.07505278120556777,fast_26p3s
0.3954491948428137,3641.4285799023633,0.0689416249426776,fast_26p3s
0.3953788935134617,3642.076053184593,0.06305980654092513,fast_26p3s
0.3953086171754284,3642.723526466823,0.05749664521004348,fast_26p3s
0.39523836581539024,3643.3709997490528,0.05230885393660334,fast_26p3s
0.39516813942003254,3644.0184730312826,0.04752566707686158,fast_26p3s
0.3950979379760506,3644.665946313513,0.043154841819499974,fast_26p3s
0.3950277614701489,3645.3134195957427,0.039188593711244446,fast_26p3s
0.3949576098890416,3645.9608928779726,0.03560882664037401,fast_26p3s
0.39488748321945194,3646.6083661602024,0.03239133085291193,fast_26p3s
0.3948173814481129,3647.2558394424323,0.029508882688983686,fast_26p3s
0.3947473045617667,3647.903312724662,0.026933352911664564,fast_26p3s
0.3946772525471651,3648.550786006892,0.024637014203914346,fast_26p3s
0.3946072253910693,3649.198259289122,0.02259325282815156,fast_26p3s
0.39453722308024947,3649.8457325713516,0.020776864538820137,fast_26p3s
0.39446724560148577,3650.493205853582,0.019164077723481488,fast_26p3s
0.39439729294156733,3651.1406791358118,0.017732413824015646,fast_26p3s
0.39432736508729294,3651.7881524180416,0.01646047082297638,fast_26p3s
0.39425746202547035,3652.4356257002714,0.015327696724479421,fast_26p3s
0.3941875837429172,3653.0830989825013,0.014314201915031743,fast_26p3s
0.3941177302264598,3653.730572264731,0.013400640941448144,fast_26p3s
0.39404790146293445,3654.3780455469614,0.012568178967075912,fast_26p3s
0.39397809743918644,3655.0255188291912,0.011798551047651547,fast_26p3s
0.3939083181420704,3655.672992111421,0.011074225738579663,fast_26p3s
0.39383856355845026,3656.320465393651,0.010378694760203805,fast_26p3s
0.39376883367519955,3656.9679386758808,0.009696917942564462,fast_26p3s
0.3936991284792005,3657.6154119581106,0.009015945575932709,fast_26p3s
0.3936294479573452,3658.2628852403404,0.008325710047588634,fast_26p3s
0.3935597920965347,3658.9103585225703,0.007619925091159488,fast_26p3s
0.39349016088367944,3659.5578318048,0.0068969646235648024,fast_26p3s
0.3934205543056991,3660.2053050870304,0.00616053357048125,fast_26p3s
0.3933509723495226,3660.8527783692602,0.005419913933336544,fast_26p3s
0.3932814150020882,3661.50025165149,0.004689591365857592,fast_26p3s
0.3932118822503431,3662.14772493372,0.003988150967133146,fast_26p3s
0.3931423740812442,3662.7951982159498,0.0033364689626828176,fast_26p3s
0.39307289048175725,3663.4426714981796,0.0027553919430268175,fast_26p3s
0.39300343143885713,3664.09014478041,0.0022632425758413407,fast_26p3s
0.3929339969395284,3664.7376180626397,0.0018735706146605657,fast_26p3s
0.3928645869707645,3665.3850913448696,0.0015935455806782405,fast_26p3s
0.39279520151956787,3666.0325646270994,0.0014232599633508397,fast_26p3s
0.3927258405729507,3666.6800379093293,0.0013560139967227053,fast_26p3s
0.39265650411793374,3667.327511191559,0.0013794451743244904,fast_26p3s
0.39258719214154725,3667.974984473789,0.0014772089668905575,fast_26p3s
0.3925179046308305,3668.622457756019,0.0016308509370999403,fast_26p3s
0.3924486415728321,3669.2699310382486,0.0018215406729211714,fast_26p3s
0.3923794029546096,3669.917404320479,0.0020314411612358274,fast_26p3s
0.39231018876322976,3670.5648776027087,0.0022446231139562566,fast_26p3s
0.39224099898576853,3671.2123508849386,0.0024475599030829307,fast_26p3s
0.3921718336093108,3671.8598241671684,0.0026293222034400035,fast_26p3s
0.39210269262095077,3672.5072974493983,0.0027816159379485082,fast_26p3s
0.39203357600779154,3673.1547707316286,0.002898775721447905,fast_26p3s
0.3919644837569456,3673.8022440138584,0.0029777586441386878,fast_26p3s
0.39189541585553406,3674.4497172960882,0.003018109589849359,fast_26p3s
0.39182637229068756,3675.097190578318,0.003021818736842388,fast_26p3s
0.3917573530495456,3675.744663860548,0.0029929839884861448,fast_26p3s
0.39168835811925673,3676.3921371427778,0.002937229508051534,fast_26p3s
0.39161938748697867,3677.0396104250076,0.0028609032817923418,fast_26p3s
0.3915504411398779,3677.6870837072374,0.0027701565038888583,fast_26p3s
0.39148151906513035,3678.3345569894673,0.002670066728903658,fast_26p3s
0.39141262124992066,3678.982030271697,0.002563982818252921,fast_26p3s
0.39134374768144253,3679.6295035539274,0.0024532348813587923,fast_26p3s
0.391274898346899,3680.2769768361572,0.002337275898836717,fast_26p3s
0.3912060732335015,3680.924450118387,0.0022142256873697542,fast_26p3s
0.39113727232847106,3681.571923400617,0.0020816988854115695,fast_26p3s
0.3910684956190373,3682.2193966828468,0.0019377388242186543,fast_26p3s
0.39099974309243896,3682.866869965077,0.0017816606048846645,fast_26p3s
0.39093101473592384,3683.514343247307,0.0016146302446740245,fast_26p3s
0.3908623105367487,3684.1618165295367,0.001439863819258514,fast_26p3s
0.39079363048217897,3684.8092898117666,0.001262406629952073,fast_26p3s
0.3907249745594894,3685.4567630939964,0.001088531159995616,fast_26p3s
0.39065634275596345,3686.1042363762263,0.0009248595106603537,fast_26p3s
0.39058773505889366,3686.751709658456,0.0007773615805482063,fast_26p3s
0.3905191514555812,3687.399182940686,0.0006504007601622615,fast_26p3s
0.39045059193333653,3688.0466562229158,0.0005459951548165573,fast_26p3s
0.3903820564794789,3688.694129505146,0.00046343713833118654,fast_26p3s
0.3903135450813363,3689.341602787376,0.00039937051454890963,fast_26p3s
0.3902450577262459,3689.9890760696057,0.0003483665062371044,fast_26p3s
0.3901765944015535,3690.6365493518356,0.0003039733494965849,fast_26p3s
0.39010815509461383,3691.2840226340654,0.00026014894387623014,fast_26p3s
0.3900397397927906,3691.9314959162953,0.0002129330270561599,fast_26p3s
0.3899713484834563,3692.5789691985256,0.00016218362738663604,fast_26p3s
0.3899029811539923,3693.2264424807554,0.00011319459366715762,fast_26p3s
0.3898346377917888,3693.8739157629852,7.802161670849451e-05,fast_26p3s
0.38976631838424486,3694.521389045215,7.636325551136833e-05,fast_26p3s
0.3896980229187684,3695.168862327445,0.0001358615576573242,fast_26p3s
0.38962975138277606,3695.8163356096748,0.00029170021558439153,fast_26p3s
0.38956150376369336,3696.4638088919046,0.0005853913711341,fast_26p3s
0.38949328004895467,3697.1112821741344,0.0010626668074971855,fast_26p3s
0.38942508022600303,3697.7587554563643,0.0017704400785899868,fast_26p3s
0.38935690428229053,3698.4062287385946,0.0027528953729888434,fast_26p3s
0.38928875220527775,3699.0537020208244,0.004046890243037077,fast_26p3s
0.38922062398243423,3699.7011753030542,0.0056770219784493675,fast_26p3s
0.38915251960123814,3700.348648585284,0.0076508723393009246,fast_26p3s
0.38908443904917667,3700.996121867514,0.009955066579669514,fast_26p3s
0.3890163823137455,3701.6435951497438,0.012552807100069898,fast_26p3s
0.38894834938244904,3702.291068431974,0.01538342866987407,fast_26p3s
0.3888803402428007,3702.938541714204,0.018364264955983804,fast_26p3s
0.3888123548823225,3703.5860149964337,0.02139475886823741,fast_26p3s
0.38874439328854504,3704.2334882786636,0.0243623801249668,fast_26p3s
0.38867645544900786,3704.8809615608934,0.02714963610772424,fast_26p3s
0.388608541351259,3705.5284348431233,0.029641354680368614,fast_26p3s
0.3885406509828554,3706.175908125353,0.031731500509177224,fast_26p3s
0.3884727843313625,3706.823381407583,0.033329015446180714,fast_26p3s
0.3884049413843546,3707.4708546898128,0.034362461647468506,fast_26p3s
0.3883371221294146,3708.118327972043,0.034783499327748324,fast_26p3s
0.38826932655413404,3708.765801254273,0.03456938076720191,fast_26p3s
0.3882015546461132,3709.4132745365027,0.0337246612255063,fast_26p3s
0.38813380639296097,3710.0607478187326,0.03228222919631183,fast_26p3s
0.38806608178229485,3710.7082211009624,0.030303585939034303,fast_26p3s
0.3879983808017411,3711.3556943831923,0.027878116991057952,fast_26p3s
0.3879307034389344,3712.0031676654226,0.025120961615154307,fast_26p3s
0.3878630496815183,3712.6506409476524,0.02216906104130355,fast_26p3s
0.3877954195171448,3713.2981142298822,0.019175097565835703,fast_26p3s
0.3877278129334747,3713.945587512112,0.016299334962757615,fast_26p3s
0.3876602299181771,3714.593060794342,0.013699795674164588,fast_26p3s
0.3875926704589301,3715.2405340765717,0.011521663333290662,fast_26p3s
0.38752513454341986,3715.8880073588016,0.009887141736039287,fast_26p3s
0.38745762215934165,3716.5354806410314,0.008887100727576158,fast_26p3s
0.387390133294399,3717.1829539232613,0.008575627610154351,fast_26p3s
0.38732266793630404,3717.8304272054916,0.008968117141619075,fast_26p3s
0.38725522607277757,3718.4779004877214,0.010042912140212471,fast_26p3s
0.3871878076915489,3719.1253737699512,0.011745934876044776,fast_26p3s
0.3871204127803559,3719.772847052181,0.013997381874619672,fast_26p3s
0.38705304132694485,3720.420320334411,0.01669945865292892,fast_26p3s
0.3869856933190705,3721.067793616641,0.019744272305991635,fast_26p3s
0.38691836874449664,3721.715266898871,0.0230212744187504,fast_26p3s
0.38685106759099486,3722.362740181101,0.02642393155950633,fast_26p3s
0.3867837898463458,3723.0102134633307,0.029855500228717375,fast_26p3s
0.38671653549833834,3723.6576867455606,0.03323385422423432,fast_26p3s
0.38664930453476987,3724.3051600277904,0.036495264871904874,fast_26p3s
0.38658209694344636,3724.9526333100202,0.039596917832438454,fast_26p3s
0.38651491271218213,3725.60010659225,0.04251783406232044,fast_26p3s
0.38644775182880003,3726.24757987448,0.04525781919037685,fast_26p3s
0.3863806142811316,3726.8950531567098,0.04783415293494771,fast_26p3s
0.38631350005701626,3727.54252643894,0.05027597443648339,fast_26p3s
0.3862464091443025,3728.18999972117,0.05261669875624481,fast_26p3s
0.38617934153084693,3728.8374730033997,0.054885237549970316,fast_26p3s
0.38611229720451457,3729.4849462856296,0.057097174537871186,fast_26p3s
0.38604527615317896,3730.1324195678594,0.05924724013062911,fast_26p3s
0.3859782783647221,3730.7798928500897,0.06130435793826333,fast_26p3s
0.3859113038270343,3731.4273661323195,0.06321019385828609,fast_26p3s
0.3858443525280143,3732.0748394145494,0.06488159923489968,fast_26p3s
0.3857774244555694,3732.722312696779,0.06621672466849662,fast_26p3s
0.38571051959761493,3733.369785979009,0.06710401828305951,fast_26p3s
0.3856436379420749,3734.017259261239,0.06743291456414803,fast_26p3s
0.38557677947688157,3734.6647325434687,0.06710483236204118,fast_26p3s
0.3855099441899757,3735.3122058256986,0.06604315756390694,fast_26p3s
0.38544313206930614,3735.9596791079284,0.06420116654609959,fast_26p3s
0.3853763431028305,3736.6071523901583,0.061567280433453206,fast_26p3s
0.3853095772785143,3737.2546256723886,0.058167514525082904,fast_26p3s
0.3852428345843316,3737.9020989546184,0.054065375894001025,fast_26p3s
0.38517611500826493,3738.5495722368482,0.04935967120533268,fast_26p3s
0.38510941853830494,3739.197045519078,0.044180693423520906,fast_26p3s
0.38504274516245063,3739.844518801308,0.03868511726479437,fast_26p3s
0.3849760948687093,3740.491992083538,0.033049756580410636,fast_26p3s
0.3849094676450969,3741.139465365768,0.027464228313448406,fast_26p3s
0.3848428634796369,3741.786938647998,0.022122584217481995,fast_26p3s
0.3847762823603618,3742.4344119302277,0.017214102658859837,fast_26p3s
0.3847097242753121,3743.0818852124576,0.012913618119826963,fast_26p3s
0.38464318921253654,3743.7293584946874,0.009371934926195478,fast_26p3s
0.3845766771600921,3744.3768317769172,0.006706979742566561,fast_26p3s
0.38451018810604415,3745.024305059147,0.004996386923535461,fast_26p3s
0.3844437220384662,3745.671778341377,0.004272193603085882,fast_26p3s
0.3843772789454402,3746.319251623607,0.004518249864619018,fast_26p3s
0.384310858815056,3746.966724905837,0.0056708022397913204,fast_26p3s
0.3842444616354119,3747.614198188067,0.007622455457349324,fast_26p3s
0.3841780873946146,3748.2616714702967,0.010229352157867447,fast_26p3s
0.38411173608077864,3748.9091447525266,0.01332098147320318,fast_26p3s
0.3840454076820269,3749.5566180347564,0.0167116352046095,fast_26p3s
0.3839791021864905,3750.2040913169867,0.020212289433357525,fast_26p3s
0.3839128195823089,3750.8515645992165,0.02364167614358349,fast_26p3s
0.3838465598576295,3751.4990378814464,0.026835526784448647,fast_26p3s
0.38378032300060794,3752.146511163676,0.029653349650366194,fast_26p3s
0.3837141089994083,3752.793984445906,0.03198254122486547,fast_26p3s
0.3836479178422023,3753.441457728136,0.033740029991568776,fast_26p3s
0.3835817495171704,3754.0889310103657,0.03487194386156679,fast_26p3s
0.38351560401250073,3754.7364042925956,0.03535194899756484,fast_26p3s
0.38344948131639,3755.3838775748254,0.03517892311419011,fast_26p3s
0.38338338141704253,3756.0313508570557,0.03437451084902289,fast_26p3s
0.38331730430267136,3756.6788241392856,0.03298088892107204,fast_26p3s
0.38325124996149723,3757.3262974215154,0.03105879196563346,fast_26p3s
0.3831852183817492,3757.9737707037452,0.028685584918321738,fast_26p3s
0.38311920955166434,3758.621243985975,0.02595299248180446,fast_26p3s
0.3830532234594879,3759.268717268205,0.022964073601262364,fast_26p3s
0.3829872600934731,3759.916190550435,0.019829180487579368,fast_26p3s
0.3829213194418814,3760.563663832665,0.016660930595032684,fast_26p3s
0.3828554014929824,3761.211137114895,0.01356855466249151,fast_26p3s
0.38278950623505353,3761.8586103971247,0.010652247057475433,fast_26p3s
0.38272363365638046,3762.5060836793546,0.007998237527309101,fast_26p3s
0.38265778374525683,3763.1535569615844,0.005675187839145618,fast_26p3s
0.3825919564899844,3763.8010302438142,0.0037322325627076164,fast_26p3s
0.3825261518788731,3764.448503526044,0.0021986317029071374,fast_26p3s
0.38246036990024057,3765.095976808274,0.0010847037996244576,fast_26p3s
0.38239461054241275,3765.743450090504,0.0003835521291348955,fast_26p3s
0.3823288737937236,3766.390923372734,7.311452342759472e-05,fast_26p3s
0.3822631596425149,3767.038396654964,0.0001182262583190237,fast_26p3s
0.3821974680771368,3767.6858699371937,0.0004726091163610592,fast_26p3s
0.382131799085947,3768.3333432194236,0.0010809001915604512,fast_26p3s
0.3820661526573117,3768.9808165016534,0.0018809421899322087,fast_26p3s
0.38200052877960455,3769.6282897838837,0.002806541621483318,fast_26p3s
0.3819349274412077,3770.2757630661135,0.003790772772511347,fast_26p3s
0.3818693486305109,3770.9232363483434,0.004769707296638717,fast_26p3s
0.3818037923359121,3771.570709630573,0.005686244005835466,fast_26p3s
0.3817382585458171,3772.218182912803,0.006493566594796369,fast_26p3s
0.3816727472486397,3772.865656195033,0.007157722120433144,fast_26p3s
0.38160725843280163,3773.5131294772627,0.007658915656104722,fast_26p3s
0.3815417920867327,3774.1606027594926,0.00799134085526039,fast_26p3s
0.3814763481988704,3774.8080760417224,0.008161652298120546,fast_26p3s
0.38141092675766025,3775.4555493239527,0.008186445229717957,fast_26p3s
0.3813455277515559,3776.1030226061825,0.008089257663664038,fast_26p3s
0.38128015116901864,3776.7504958884124,0.00789760433063485,fast_26p3s
0.38121479699851785,3777.397969170642,0.007640405641378731,fast_26p3s
0.3811494652285307,3778.045442452872,0.0073459530179487064,fast_26p3s
0.3810841558475424,3778.6929157351024,0.00704034241780441,fast_26p3s
0.38101886884404584,3779.340389017332,0.006746185714245801,fast_26p3s
0.380953604206542,3779.987862299562,0.006481410603750099,fast_26p3s
0.3808883619235396,3780.635335581792,0.006258070843563634,fast_26p3s
0.3808231419835553,3781.2828088640217,0.0060812564481025075,fast_26p3s
0.3807579443751136,3781.9302821462516,0.005948346087219522,fast_26p3s
0.3806927690867468,3782.5777554284814,0.005848917773890097,fast_26p3s
0.38062761610699525,3783.2252287107112,0.005765595254107647,fast_26p3s
0.380562485424407,3783.872701992941,0.005675960998137705,fast_26p3s
0.3804973770275378,3784.520175275171,0.005555450349248595,fast_26p3s
0.38043229090495134,3785.167648557401,0.005380912876936857,fast_26p3s
0.3803672270452194,3785.815121839631,0.00513434761950104,fast_26p3s
0.38030218543692124,3786.462595121861,0.004806238489510983,fast_26p3s
0.38023716606864405,3787.1100684040907,0.004397959503625243,fast_26p3s
0.3801721689289827,3787.7575416863206,0.0039228773090835166,fast_26p3s
0.38010719400654,3788.405014968551,0.003406007323230334,fast_26p3s
0.3800422412899266,3789.0524882507807,0.0028823158225270706,fast_26p3s
0.3799773107677608,3789.6999615330105,0.0023939426912231165,fast_26p3s
