file,jd,exptime,object_id,role,x,y,registered,dx,dy,matches,flux,flux_err,flux_rate,flux_rate_err,saturated,flag
light_V_8s_2026_05_20-0001_flat_0p3_late_bias_cal.fits,2461181.672184375,8.0,target,target,1846.1828551628541,714.9477537747637,True,0.0,0.0,3,1504062.3229370117,5544.916210311319,188007.79036712646,693.1145262889149,False,ok
light_V_8s_2026_05_20-0001_flat_0p3_late_bias_cal.fits,2461181.672184375,8.0,gaia_774272862760870784_src1,comparison,599.578460791499,258.08586022924334,True,0.0,0.0,3,-91.95905303955078,54.862771074742376,-11.494881629943848,6.857846384342797,False,nonpositive_flux
light_V_8s_2026_05_20-0001_flat_0p3_late_bias_cal.fits,2461181.672184375,8.0,gaia_774271076054448768_src2,comparison,1506.7178858234115,321.3162110314761,True,0.0,0.0,3,-40.68107604980469,55.549750489049586,-5.085134506225586,6.943718811131198,False,nonpositive_flux
light_V_8s_2026_05_20-0001_flat_0p3_late_bias_cal.fits,2461181.672184375,8.0,gaia_774384016513181696_src3,comparison,390.6121365600256,1254.514788035858,True,0.0,0.0,3,73.41600799560547,55.072796190006756,9.177000999450684,6.884099523750844,False,ok
light_V_8s_2026_05_20-0001_flat_0p3_late_bias_cal.fits,2461181.672184375,8.0,gaia_774289041901756032_src4,comparison,2041.387437507543,1442.3507498915358,True,0.0,0.0,3,-101.1490478515625,55.43740595712579,-12.643630981445312,6.929675744640724,False,nonpositive_flux
light_V_8s_2026_05_20-0001_flat_0p3_late_bias_cal.fits,2461181.672184375,8.0,gaia_774287774887292672_src5,comparison,2033.8085843345157,1080.733577355526,True,0.0,0.0,3,97.9901351928711,55.55938194725055,12.248766899108887,6.944922743406319,False,ok
light_V_8s_2026_05_20-0001_flat_0p3_late_bias_cal.fits,2461181.672184375,8.0,gaia_774289488578357504_src6,comparison,940.6541235197662,1100.4907732876518,True,0.0,0.0,3,-37.52989959716797,54.55044815387344,-4.691237449645996,6.81880601923418,False,nonpositive_flux
light_V_8s_2026_05_20-0001_flat_0p3_late_bias_cal.fits,2461181.672184375,8.0,gaia_774288805679445888_src7,comparison,1944.5979695251317,1351.7388630834228,True,0.0,0.0,3,-45.90178680419922,57.560874718571775,-5.737723350524902,7.195109339821472,False,nonpositive_flux
light_V_8s_2026_05_20-0001_flat_0p3_late_bias_cal.fits,2461181.672184375,8.0,gaia_774290626745586944_src8,comparison,1071.4610770076736,1433.9985575432859,True,0.0,0.0,3,134.0438995361328,56.27186160973065,16.7554874420166,7.033982701216331,False,ok
light_V_8s_2026_05_20-0001_flat_0p3_late_bias_cal.fits,2461181.672184375,8.0,DN_UMa,check,1764.9244620103386,759.2228666861361,True,0.0,0.0,3,2206656.2880859375,9496.15617281736,275832.0360107422,1187.01952160217,False,ok
light_V_8s_2026_05_20-0001_flat_0p3_late_bias_cal.fits,2461181.672184375,8.0,HD_103405,comparison,1143.8808522014215,136.68717974446741,True,0.0,0.0,3,107968.04513549805,507.10279573995354,13496.005641937256,63.38784946749419,False,ok
light_V_8s_2026_05_20-0001_flat_0p3_late_bias_cal.fits,2461181.672184375,8.0,TYC_3452_787_1,comparison,278.16533859175075,631.7186910244291,True,0.0,0.0,3,143998.95309448242,620.2454490902227,17999.869136810303,77.53068113627783,False,ok
light_V_8s_2026_05_20-0001_flat_0p3_late_bias_cal.fits,2461181.672184375,8.0,HD_103187,comparison,9.529958786186212,1373.7559985669102,True,0.0,0.0,3,,,,,False,edge
light_V_8s_2026_05_20-0002_flat_0p3_late_bias_cal.fits,2461181.672376852,8.0,target,target,1846.2800691734446,713.5418331515764,True,0.0,0.0,3,1359514.9892578125,6413.731445387102,169939.37365722656,801.7164306733878,False,ok
light_V_8s_2026_05_20-0002_flat_0p3_late_bias_cal.fits,2461181.672376852,8.0,gaia_774272862760870784_src1,comparison,599.578460791499,258.08586022924334,True,0.0,0.0,3,45.478416442871094,52.264114226848875,5.684802055358887,6.533014278356109,False,ok
light_V_8s_2026_05_20-0002_flat_0p3_late_bias_cal.fits,2461181.672376852,8.0,gaia_774271076054448768_src2,comparison,1506.7178858234115,321.3162110314761,True,0.0,0.0,3,2.9996566772460938,54.57954796241901,0.3749570846557617,6.822443495302376,False,ok
light_V_8s_2026_05_20-0002_flat_0p3_late_bias_cal.fits,2461181.672376852,8.0,gaia_774384016513181696_src3,comparison,390.6121365600256,1254.514788035858,True,0.0,0.0,3,41.676292419433594,57.14150204654972,5.209536552429199,7.142687755818715,False,ok
light_V_8s_2026_05_20-0002_flat_0p3_late_bias_cal.fits,2461181.672376852,8.0,gaia_774289041901756032_src4,comparison,2041.387437507543,1442.3507498915358,True,0.0,0.0,3,-0.46154022216796875,56.29255462590568,-0.057692527770996094,7.03656932823821,False,nonpositive_flux
light_V_8s_2026_05_20-0002_flat_0p3_late_bias_cal.fits,2461181.672376852,8.0,gaia_774287774887292672_src5,comparison,2033.8085843345157,1080.733577355526,True,0.0,0.0,3,151.62104034423828,55.83416511453383,18.952630043029785,6.979270639316729,False,ok
light_V_8s_2026_05_20-0002_flat_0p3_late_bias_cal.fits,2461181.672376852,8.0,gaia_774289488578357504_src6,comparison,940.6541235197662,1100.4907732876518,True,0.0,0.0,3,118.14888000488281,53.65399648341925,14.768610000610352,6.706749560427406,False,ok
light_V_8s_2026_05_20-0002_flat_0p3_late_bias_cal.fits,2461181.672376852,8.0,gaia_774288805679445888_src7,comparison,1944.5979695251317,1351.7388630834228,True,0.0,0.0,3,5.6227264404296875,54.51343733062308,0.7028408050537109,6.814179666327885,False,ok
light_V_8s_2026_05_20-0002_flat_0p3_late_bias_cal.fits,2461181.672376852,8.0,gaia_774290626745586944_src8,comparison,1071.4610770076736,1433.9985575432859,True,0.0,0.0,3,38.96680450439453,55.20638904542339,4.870850563049316,6.900798630677924,False,ok
light_V_8s_2026_05_20-0002_flat_0p3_late_bias_cal.fits,2461181.672376852,8.0,DN_UMa,check,1765.0654063988338,757.7875916385624,True,0.0,0.0,3,1954202.9777832031,10844.534663275186,244275.3722229004,1355.5668329093983,False,ok
light_V_8s_2026_05_20-0002_flat_0p3_late_bias_cal.fits,2461181.672376852,8.0,HD_103405,comparison,1143.786213011662,135.27631243695376,True,0.0,0.0,3,92729.92140197754,547.8586699500994,11591.240175247192,68.48233374376242,False,ok
light_V_8s_2026_05_20-0002_flat_0p3_late_bias_cal.fits,2461181.672376852,8.0,TYC_3452_787_1,comparison,278.1778538298873,630.1497726307958,True,0.0,0.0,3,121433.1778717041,713.3567415383978,15179.147233963013,89.16959269229973,False,ok
light_V_8s_2026_05_20-0002_flat_0p3_late_bias_cal.fits,2461181.672376852,8.0,HD_103187,comparison,144.9415080288376,1458.9952844775903,True,0.0,0.0,3,152.0259552001953,56.07759261043859,19.003244400024414,7.009699076304824,False,ok
light_V_8s_2026_05_20-0003_flat_0p3_late_bias_cal.fits,2461181.6725682872,8.0,target,target,1846.9915506363493,713.3496788357897,True,0.0,0.0,3,1586021.6779785156,4948.532559454115,198252.70974731445,618.5665699317643,False,ok
light_V_8s_2026_05_20-0003_flat_0p3_late_bias_cal.fits,2461181.6725682872,8.0,gaia_774272862760870784_src1,comparison,599.578460791499,258.08586022924334,True,0.0,0.0,3,38.96214294433594,54.48551702422179,4.870267868041992,6.810689628027724,False,ok
light_V_8s_2026_05_20-0003_flat_0p3_late_bias_cal.fits,2461181.6725682872,8.0,gaia_774271076054448768_src2,comparison,1506.7178858234115,321.3162110314761,True,0.0,0.0,3,35.43610382080078,53.05027389388864,4.429512977600098,6.63128423673608,False,ok
light_V_8s_2026_05_20-0003_flat_0p3_late_bias_cal.fits,2461181.6725682872,8.0,gaia_774384016513181696_src3,comparison,390.6121365600256,1254.514788035858,True,0.0,0.0,3,3.9441070556640625,54.88526926976352,0.4930133819580078,6.86065865872044,False,ok
light_V_8s_2026_05_20-0003_flat_0p3_late_bias_cal.fits,2461181.6725682872,8.0,gaia_774289041901756032_src4,comparison,2041.387437507543,1442.3507498915358,True,0.0,0.0,3,21.054840087890625,52.89189384093623,2.631855010986328,6.611486730117028,False,ok
light_V_8s_2026_05_20-0003_flat_0p3_late_bias_cal.fits,2461181.6725682872,8.0,gaia_774287774887292672_src5,comparison,2033.8085843345157,1080.733577355526,True,0.0,0.0,3,-35.32899475097656,52.83966705460417,-4.41612434387207,6.604958381825521,False,nonpositive_flux
light_V_8s_2026_05_20-0003_flat_0p3_late_bias_cal.fits,2461181.6725682872,8.0,gaia_774289488578357504_src6,comparison,940.6541235197662,1100.4907732876518,True,0.0,0.0,3,6.6930389404296875,52.89941989746778,0.8366298675537109,6.6124274871834725,False,ok
light_V_8s_2026_05_20-0003_flat_0p3_late_bias_cal.fits,2461181.6725682872,8.0,gaia_774288805679445888_src7,comparison,1944.5979695251317,1351.7388630834228,True,0.0,0.0,3,-41.368064880371094,53.79331516629269,-5.171008110046387,6.724164395786587,False,nonpositive_flux
light_V_8s_2026_05_20-0003_flat_0p3_late_bias_cal.fits,2461181.6725682872,8.0,gaia_774290626745586944_src8,comparison,1071.4610770076736,1433.9985575432859,True,0.0,0.0,3,-23.425216674804688,55.8294796370566,-2.928152084350586,6.978684954632075,False,nonpositive_flux
light_V_8s_2026_05_20-0003_flat_0p3_late_bias_cal.fits,2461181.6725682872,8.0,DN_UMa,check,1765.7921443821006,757.6010661151182,True,0.0,0.0,3,2391956.7163085938,8658.73687535451,298994.5895385742,1082.3421094193138,False,ok
light_V_8s_2026_05_20-0003_flat_0p3_late_bias_cal.fits,2461181.6725682872,8.0,HD_103405,comparison,1144.5113852448396,135.12231980938444,True,0.0,0.0,3,114825.6410522461,489.75497484764816,14353.205131530762,61.21937185595602,False,ok
light_V_8s_2026_05_20-0003_flat_0p3_late_bias_cal.fits,2461181.6725682872,8.0,TYC_3452_787_1,comparison,278.87833124223664,630.1940107265153,True,0.0,0.0,3,148277.94497680664,601.018361517557,18534.74312210083,75.12729518969462,False,ok
light_V_8s_2026_05_20-0003_flat_0p3_late_bias_cal.fits,2461181.6725682872,8.0,HD_103187,comparison,70.41700901901268,1432.9709136659142,True,0.0,0.0,3,90.3518295288086,56.72222143890505,11.293978691101074,7.0902776798631315,False,ok
light_V_8s_2026_05_20-0004_flat_0p3_late_bias_cal.fits,2461181.6727600694,8.0,target,target,1848.0788941053722,714.3136277952666,True,0.0,0.0,3,1361998.40625,6315.334693577036,170249.80078125,789.4168366971295,False,ok
light_V_8s_2026_05_20-0004_flat_0p3_late_bias_cal.fits,2461181.6727600694,8.0,gaia_774272862760870784_src1,comparison,599.578460791499,258.08586022924334,True,0.0,0.0,3,88.25650787353516,53.63223593162738,11.032063484191895,6.704029491453422,False,ok
light_V_8s_2026_05_20-0004_flat_0p3_late_bias_cal.fits,2461181.6727600694,8.0,gaia_774271076054448768_src2,comparison,1506.7178858234115,321.3162110314761,True,0.0,0.0,3,-121.65062713623047,55.24030266390846,-15.206328392028809,6.905037832988557,False,nonpositive_flux
light_V_8s_2026_05_20-0004_flat_0p3_late_bias_cal.fits,2461181.6727600694,8.0,gaia_774384016513181696_src3,comparison,390.6121365600256,1254.514788035858,True,0.0,0.0,3,-1.3130264282226562,53.21334876279044,-0.16412830352783203,6.651668595348805,False,nonpositive_flux
light_V_8s_2026_05_20-0004_flat_0p3_late_bias_cal.fits,2461181.6727600694,8.0,gaia_774289041901756032_src4,comparison,2041.387437507543,1442.3507498915358,True,0.0,0.0,3,-4.1398773193359375,53.5510242546767,-0.5174846649169922,6.693878031834587,False,nonpositive_flux
light_V_8s_2026_05_20-0004_flat_0p3_late_bias_cal.fits,2461181.6727600694,8.0,gaia_774287774887292672_src5,comparison,2033.8085843345157,1080.733577355526,True,0.0,0.0,3,6.669044494628906,49.48550145236917,0.8336305618286133,6.185687681546146,False,ok
light_V_8s_2026_05_20-0004_flat_0p3_late_bias_cal.fits,2461181.6727600694,8.0,gaia_774289488578357504_src6,comparison,940.6541235197662,1100.4907732876518,True,0.0,0.0,3,-28.06311798095703,52.758431922692104,-3.507889747619629,6.594803990336513,False,nonpositive_flux
light_V_8s_2026_05_20-0004_flat_0p3_late_bias_cal.fits,2461181.6727600694,8.0,gaia_774288805679445888_src7,comparison,1944.5979695251317,1351.7388630834228,True,0.0,0.0,3,-18.139328002929688,54.98950422818743,-2.267416000366211,6.8736880285234285,False,nonpositive_flux
light_V_8s_2026_05_20-0004_flat_0p3_late_bias_cal.fits,2461181.6727600694,8.0,gaia_774290626745586944_src8,comparison,1071.4610770076736,1433.9985575432859,True,0.0,0.0,3,-75.2204818725586,52.951433453055884,-9.402560234069824,6.6189291816319855,False,nonpositive_flux
light_V_8s_2026_05_20-0004_flat_0p3_late_bias_cal.fits,2461181.6727600694,8.0,DN_UMa,check,1766.8614295891623,758.5490143228166,True,0.0,0.0,3,2018953.2623291016,10430.965903470416,252369.1577911377,1303.870737933802,False,ok
light_V_8s_2026_05_20-0004_flat_0p3_late_bias_cal.fits,2461181.6727600694,8.0,HD_103405,comparison,1145.7064727164382,136.05594752563405,True,0.0,0.0,3,94880.943359375,557.1460823598776,11860.117919921875,69.6432602949847,False,ok
light_V_8s_2026_05_20-0004_flat_0p3_late_bias_cal.fits,2461181.6727600694,8.0,TYC_3452_787_1,comparison,280.0313223845649,630.944014486426,True,0.0,0.0,3,120753.56693267822,688.3649035951852,15094.195866584778,86.04561294939815,False,ok
light_V_8s_2026_05_20-0004_flat_0p3_late_bias_cal.fits,2461181.6727600694,8.0,HD_103187,comparison,50.33919200298858,1590.5941692150525,True,0.0,0.0,3,,,,,False,edge
light_V_8s_2026_05_20-0005_flat_0p3_late_bias_cal.fits,2461181.6729527777,8.0,target,target,1849.3380563283938,714.9581307711196,True,0.0,0.0,3,1561809.5745239258,5189.221516909476,195226.19681549072,648.6526896136845,False,ok
light_V_8s_2026_05_20-0005_flat_0p3_late_bias_cal.fits,2461181.6729527777,8.0,gaia_774272862760870784_src1,comparison,599.578460791499,258.08586022924334,True,0.0,0.0,3,-17.101661682128906,50.109194016644,-2.1377077102661133,6.2636492520805,False,nonpositive_flux
light_V_8s_2026_05_20-0005_flat_0p3_late_bias_cal.fits,2461181.6729527777,8.0,gaia_774271076054448768_src2,comparison,1506.7178858234115,321.3162110314761,True,0.0,0.0,3,34.14361572265625,50.40914230946855,4.267951965332031,6.301142788683569,False,ok
light_V_8s_2026_05_20-0005_flat_0p3_late_bias_cal.fits,2461181.6729527777,8.0,gaia_774384016513181696_src3,comparison,390.6121365600256,1254.514788035858,True,0.0,0.0,3,46.957664489746094,52.917988096813545,5.869708061218262,6.614748512101693,False,ok
light_V_8s_2026_05_20-0005_flat_0p3_late_bias_cal.fits,2461181.6729527777,8.0,gaia_774289041901756032_src4,comparison,2041.387437507543,1442.3507498915358,True,0.0,0.0,3,-39.043853759765625,53.97760433291567,-4.880481719970703,6.7472005416144585,False,nonpositive_flux
light_V_8s_2026_05_20-0005_flat_0p3_late_bias_cal.fits,2461181.6729527777,8.0,gaia_774287774887292672_src5,comparison,2033.8085843345157,1080.733577355526,True,0.0,0.0,3,-10.356742858886719,50.21360938951886,-1.2945928573608398,6.276701173689857,False,nonpositive_flux
light_V_8s_2026_05_20-0005_flat_0p3_late_bias_cal.fits,2461181.6729527777,8.0,gaia_774289488578357504_src6,comparison,940.6541235197662,1100.4907732876518,True,0.0,0.0,3,40.597938537597656,52.23343180128163,5.074742317199707,6.529178975160204,False,ok
light_V_8s_2026_05_20-0005_flat_0p3_late_bias_cal.fits,2461181.6729527777,8.0,gaia_774288805679445888_src7,comparison,1944.5979695251317,1351.7388630834228,True,0.0,0.0,3,2.6359024047851562,53.28575655568272,0.32948780059814453,6.66071956946034,False,ok
light_V_8s_2026_05_20-0005_flat_0p3_late_bias_cal.fits,2461181.6729527777,8.0,gaia_774290626745586944_src8,comparison,1071.4610770076736,1433.9985575432859,True,0.0,0.0,3,-3.0889511108398438,51.23332902868696,-0.38611888885498047,6.40416612858587,False,nonpositive_flux
light_V_8s_2026_05_20-0005_flat_0p3_late_bias_cal.fits,2461181.6729527777,8.0,DN_UMa,check,1768.0714147908902,759.2153640135182,True,0.0,0.0,3,2283602.7356567383,9099.321288992167,285450.3419570923,1137.4151611240209,False,ok
light_V_8s_2026_05_20-0005_flat_0p3_late_bias_cal.fits,2461181.6729527777,8.0,HD_103405,comparison,1147.0983721100315,136.4989209300458,True,0.0,0.0,3,111563.44506835938,496.67644790875767,13945.430633544922,62.08455598859471,False,ok
light_V_8s_2026_05_20-0005_flat_0p3_late_bias_cal.fits,2461181.6729527777,8.0,TYC_3452_787_1,comparison,281.35744236205267,631.3866338878736,True,0.0,0.0,3,150215.22884368896,612.4522819154331,18776.90360546112,76.55653523942914,False,ok
light_V_8s_2026_05_20-0005_flat_0p3_late_bias_cal.fits,2461181.6729527777,8.0,HD_103187,comparison,5.937409393438002,1463.5442400975915,True,0.0,0.0,3,,,,,False,edge
light_V_8s_2026_05_20-0006_flat_0p3_late_bias_cal.fits,2461181.6731434027,8.0,target,target,1836.0633166775551,633.2956601566749,True,0.0,0.0,3,1507636.3814086914,5670.661674610555,188454.54767608643,708.8327093263193,False,ok
light_V_8s_2026_05_20-0006_flat_0p3_late_bias_cal.fits,2461181.6731434027,8.0,gaia_774272862760870784_src1,comparison,599.578460791499,258.08586022924334,True,0.0,0.0,3,90.16490936279297,50.74612504978399,11.270613670349121,6.343265631222999,False,ok
light_V_8s_2026_05_20-0006_flat_0p3_late_bias_cal.fits,2461181.6731434027,8.0,gaia_774271076054448768_src2,comparison,1506.7178858234115,321.3162110314761,True,0.0,0.0,3,46.696807861328125,51.64661175710083,5.837100982666016,6.4558264696376035,False,ok
light_V_8s_2026_05_20-0006_flat_0p3_late_bias_cal.fits,2461181.6731434027,8.0,gaia_774384016513181696_src3,comparison,390.6121365600256,1254.514788035858,True,0.0,0.0,3,-27.855239868164062,52.802812820409926,-3.481904983520508,6.600351602551241,False,nonpositive_flux
light_V_8s_2026_05_20-0006_flat_0p3_late_bias_cal.fits,2461181.6731434027,8.0,gaia_774289041901756032_src4,comparison,2041.387437507543,1442.3507498915358,True,0.0,0.0,3,55.98773956298828,53.658106333649265,6.998467445373535,6.707263291706158,False,ok
light_V_8s_2026_05_20-0006_flat_0p3_late_bias_cal.fits,2461181.6731434027,8.0,gaia_774287774887292672_src5,comparison,2033.8085843345157,1080.733577355526,True,0.0,0.0,3,33.51618957519531,50.4007655265277,4.189523696899414,6.300095690815962,False,ok
light_V_8s_2026_05_20-0006_flat_0p3_late_bias_cal.fits,2461181.6731434027,8.0,gaia_774289488578357504_src6,comparison,940.6541235197662,1100.4907732876518,True,0.0,0.0,3,39.48267364501953,53.778447574583296,4.935334205627441,6.722305946822912,False,ok
light_V_8s_2026_05_20-0006_flat_0p3_late_bias_cal.fits,2461181.6731434027,8.0,gaia_774288805679445888_src7,comparison,1944.5979695251317,1351.7388630834228,True,0.0,0.0,3,-10.788429260253906,51.84063105210742,-1.3485536575317383,6.480078881513427,False,nonpositive_flux
light_V_8s_2026_05_20-0006_flat_0p3_late_bias_cal.fits,2461181.6731434027,8.0,gaia_774290626745586944_src8,comparison,1071.4610770076736,1433.9985575432859,True,0.0,0.0,3,23.549293518066406,52.58267626450365,2.943661689758301,6.572834533062956,False,ok
light_V_8s_2026_05_20-0006_flat_0p3_late_bias_cal.fits,2461181.6731434027,8.0,DN_UMa,check,1761.2578463992118,687.7107482578743,True,0.0,0.0,3,2215156.7098999023,9286.751659117144,276894.5887374878,1160.843957389643,False,ok
light_V_8s_2026_05_20-0006_flat_0p3_late_bias_cal.fits,2461181.6731434027,8.0,HD_103405,comparison,1064.810165602013,150.92996834816296,True,0.0,0.0,3,105638.00509643555,509.5760872631632,13204.750637054443,63.6970109078954,False,ok
light_V_8s_2026_05_20-0006_flat_0p3_late_bias_cal.fits,2461181.6731434027,8.0,TYC_3452_787_1,comparison,270.4533984922795,754.0275667606973,True,0.0,0.0,3,142140.29556274414,629.2521002559503,17767.536945343018,78.65651253199378,False,ok
light_V_8s_2026_05_20-0006_flat_0p3_late_bias_cal.fits,2461181.6731434027,8.0,HD_103187,comparison,75.3231164967444,1416.5224553145717,True,0.0,0.0,3,2136.8886947631836,69.81996962576797,267.11108684539795,8.727496203220996,False,ok
light_V_8s_2026_05_20-0007_flat_0p3_late_bias_cal.fits,2461181.6733350693,8.0,target,target,1835.8303733601165,633.542843628741,True,0.0,0.0,3,1607907.9735107422,4923.238332016448,200988.49668884277,615.404791502056,False,ok
light_V_8s_2026_05_20-0007_flat_0p3_late_bias_cal.fits,2461181.6733350693,8.0,gaia_774272862760870784_src1,comparison,599.578460791499,258.08586022924334,True,0.0,0.0,3,-6.4256439208984375,50.257599203083295,-0.8032054901123047,6.282199900385412,False,nonpositive_flux
light_V_8s_2026_05_20-0007_flat_0p3_late_bias_cal.fits,2461181.6733350693,8.0,gaia_774271076054448768_src2,comparison,1506.7178858234115,321.3162110314761,True,0.0,0.0,3,-37.95210266113281,53.786375317931984,-4.744012832641602,6.723296914741498,False,nonpositive_flux
light_V_8s_2026_05_20-0007_flat_0p3_late_bias_cal.fits,2461181.6733350693,8.0,gaia_774384016513181696_src3,comparison,390.6121365600256,1254.514788035858,True,0.0,0.0,3,-45.266448974609375,52.24151842671455,-5.658306121826172,6.530189803339319,False,nonpositive_flux
light_V_8s_2026_05_20-0007_flat_0p3_late_bias_cal.fits,2461181.6733350693,8.0,gaia_774289041901756032_src4,comparison,2041.387437507543,1442.3507498915358,True,0.0,0.0,3,0.5797271728515625,51.43081648464867,0.07246589660644531,6.428852060581084,False,ok
light_V_8s_2026_05_20-0007_flat_0p3_late_bias_cal.fits,2461181.6733350693,8.0,gaia_774287774887292672_src5,comparison,2033.8085843345157,1080.733577355526,True,0.0,0.0,3,-16.83989715576172,50.09908436897499,-2.104987144470215,6.262385546121874,False,nonpositive_flux
light_V_8s_2026_05_20-0007_flat_0p3_late_bias_cal.fits,2461181.6733350693,8.0,gaia_774289488578357504_src6,comparison,940.6541235197662,1100.4907732876518,True,0.0,0.0,3,-10.552200317382812,49.41274922034041,-1.3190250396728516,6.176593652542551,False,nonpositive_flux
light_V_8s_2026_05_20-0007_flat_0p3_late_bias_cal.fits,2461181.6733350693,8.0,gaia_774288805679445888_src7,comparison,1944.5979695251317,1351.7388630834228,True,0.0,0.0,3,-47.8218994140625,52.291619925454796,-5.9777374267578125,6.5364524906818495,False,nonpositive_flux
light_V_8s_2026_05_20-0007_flat_0p3_late_bias_cal.fits,2461181.6733350693,8.0,gaia_774290626745586944_src8,comparison,1071.4610770076736,1433.9985575432859,True,0.0,0.0,3,-61.704917907714844,51.792801739251175,-7.7131147384643555,6.474100217406397,False,nonpositive_flux
light_V_8s_2026_05_20-0007_flat_0p3_late_bias_cal.fits,2461181.6733350693,8.0,DN_UMa,check,1761.0708625258635,687.9040748639125,True,0.0,0.0,3,2267618.5166015625,8553.669442825158,283452.3145751953,1069.2086803531447,False,ok
light_V_8s_2026_05_20-0007_flat_0p3_late_bias_cal.fits,2461181.6733350693,8.0,HD_103405,comparison,1064.5368997424284,151.19786576911972,True,0.0,0.0,3,114447.80512237549,477.708781137644,14305.975640296936,59.7135976422055,False,ok
light_V_8s_2026_05_20-0007_flat_0p3_late_bias_cal.fits,2461181.6733350693,8.0,TYC_3452_787_1,comparison,270.1740933513131,754.3739056330444,True,0.0,0.0,3,151055.96742248535,594.1656771553114,18881.99592781067,74.27070964441393,False,ok
light_V_8s_2026_05_20-0007_flat_0p3_late_bias_cal.fits,2461181.6733350693,8.0,HD_103187,comparison,74.86484940043873,1417.0429544512638,True,0.0,0.0,3,2195.84468460083,69.99843634425116,274.48058557510376,8.749804543031395,False,ok
light_V_8s_2026_05_20-0008_flat_0p3_late_bias_cal.fits,2461181.6735259257,8.0,target,target,1835.188559018229,632.2938711344638,True,0.0,0.0,3,1249857.2888793945,6556.829849999127,156232.16110992432,819.6037312498909,False,ok
light_V_8s_2026_05_20-0008_flat_0p3_late_bias_cal.fits,2461181.6735259257,8.0,gaia_774272862760870784_src1,comparison,599.578460791499,258.08586022924334,True,0.0,0.0,3,-39.517311096191406,51.536674068432376,-4.939663887023926,6.442084258554047,False,nonpositive_flux
light_V_8s_2026_05_20-0008_flat_0p3_late_bias_cal.fits,2461181.6735259257,8.0,gaia_774271076054448768_src2,comparison,1506.7178858234115,321.3162110314761,True,0.0,0.0,3,64.37415313720703,51.89802223036499,8.046769142150879,6.487252778795623,False,ok
light_V_8s_2026_05_20-0008_flat_0p3_late_bias_cal.fits,2461181.6735259257,8.0,gaia_774384016513181696_src3,comparison,390.6121365600256,1254.514788035858,True,0.0,0.0,3,-24.64698028564453,52.480961011463265,-3.0808725357055664,6.560120126432908,False,nonpositive_flux
light_V_8s_2026_05_20-0008_flat_0p3_late_bias_cal.fits,2461181.6735259257,8.0,gaia_774289041901756032_src4,comparison,2041.387437507543,1442.3507498915358,True,0.0,0.0,3,-19.205570220947266,50.155430517190744,-2.400696277618408,6.269428814648843,False,nonpositive_flux
light_V_8s_2026_05_20-0008_flat_0p3_late_bias_cal.fits,2461181.6735259257,8.0,gaia_774287774887292672_src5,comparison,2033.8085843345157,1080.733577355526,True,0.0,0.0,3,72.7467269897461,53.556867184586665,9.093340873718262,6.694608398073333,False,ok
light_V_8s_2026_05_20-0008_flat_0p3_late_bias_cal.fits,2461181.6735259257,8.0,gaia_774289488578357504_src6,comparison,940.6541235197662,1100.4907732876518,True,0.0,0.0,3,90.1650161743164,50.50934854027423,11.27062702178955,6.313668567534279,False,ok
light_V_8s_2026_05_20-0008_flat_0p3_late_bias_cal.fits,2461181.6735259257,8.0,gaia_774288805679445888_src7,comparison,1944.5979695251317,1351.7388630834228,True,0.0,0.0,3,47.186729431152344,51.89826930677453,5.898341178894043,6.487283663346816,False,ok
light_V_8s_2026_05_20-0008_flat_0p3_late_bias_cal.fits,2461181.6735259257,8.0,gaia_774290626745586944_src8,comparison,1071.4610770076736,1433.9985575432859,True,0.0,0.0,3,-49.846214294433594,52.846416805684235,-6.230776786804199,6.605802100710529,False,nonpositive_flux
light_V_8s_2026_05_20-0008_flat_0p3_late_bias_cal.fits,2461181.6735259257,8.0,DN_UMa,check,1760.2879871709567,686.7601437175226,True,0.0,0.0,3,1830313.3677978516,10657.252487048989,228789.17097473145,1332.1565608811236,False,ok
light_V_8s_2026_05_20-0008_flat_0p3_late_bias_cal.fits,2461181.6735259257,8.0,HD_103405,comparison,1063.8773724319337,149.8889269789326,True,0.0,0.0,3,85663.10872650146,547.5998562426462,10707.888590812683,68.44998203033077,False,ok
light_V_8s_2026_05_20-0008_flat_0p3_late_bias_cal.fits,2461181.6735259257,8.0,TYC_3452_787_1,comparison,269.5578317720959,752.9602576584671,True,0.0,0.0,3,116267.73999023438,699.1766913373452,14533.467498779297,87.39708641716815,False,ok
light_V_8s_2026_05_20-0008_flat_0p3_late_bias_cal.fits,2461181.6735259257,8.0,HD_103187,comparison,74.1639818264907,1415.778702573587,True,0.0,0.0,3,1696.1213989257812,66.82126876692898,212.01517486572266,8.352658595866123,False,ok
light_V_8s_2026_05_20-0009_flat_0p3_late_bias_cal.fits,2461181.6737177083,8.0,target,target,1834.8841906583505,631.7515513319121,True,0.0,0.0,3,1604202.750427246,4950.105678473874,200525.34380340576,618.7632098092342,False,ok
light_V_8s_2026_05_20-0009_flat_0p3_late_bias_cal.fits,2461181.6737177083,8.0,gaia_774272862760870784_src1,comparison,599.578460791499,258.08586022924334,True,0.0,0.0,3,28.536949157714844,51.17693148584101,3.5671186447143555,6.397116435730126,False,ok
light_V_8s_2026_05_20-0009_flat_0p3_late_bias_cal.fits,2461181.6737177083,8.0,gaia_774271076054448768_src2,comparison,1506.7178858234115,321.3162110314761,True,0.0,0.0,3,-85.64356994628906,52.54986013662376,-10.705446243286133,6.56873251707797,False,nonpositive_flux
light_V_8s_2026_05_20-0009_flat_0p3_late_bias_cal.fits,2461181.6737177083,8.0,gaia_774384016513181696_src3,comparison,390.6121365600256,1254.514788035858,True,0.0,0.0,3,-17.829612731933594,52.09817867332582,-2.228701591491699,6.512272334165727,False,nonpositive_flux
light_V_8s_2026_05_20-0009_flat_0p3_late_bias_cal.fits,2461181.6737177083,8.0,gaia_774289041901756032_src4,comparison,2041.387437507543,1442.3507498915358,True,0.0,0.0,3,9.217880249023438,48.98318701564021,1.1522350311279297,6.1228983769550265,False,ok
light_V_8s_2026_05_20-0009_flat_0p3_late_bias_cal.fits,2461181.6737177083,8.0,gaia_774287774887292672_src5,comparison,2033.8085843345157,1080.733577355526,True,0.0,0.0,3,106.51000213623047,49.64075402469954,13.313750267028809,6.2050942530874424,False,ok
light_V_8s_2026_05_20-0009_flat_0p3_late_bias_cal.fits,2461181.6737177083,8.0,gaia_774289488578357504_src6,comparison,940.6541235197662,1100.4907732876518,True,0.0,0.0,3,8.292243957519531,51.20155324808092,1.0365304946899414,6.400194156010115,False,ok
light_V_8s_2026_05_20-0009_flat_0p3_late_bias_cal.fits,2461181.6737177083,8.0,gaia_774288805679445888_src7,comparison,1944.5979695251317,1351.7388630834228,True,0.0,0.0,3,45.64488983154297,51.689697744127734,5.705611228942871,6.461212218015967,False,ok
light_V_8s_2026_05_20-0009_flat_0p3_late_bias_cal.fits,2461181.6737177083,8.0,gaia_774290626745586944_src8,comparison,1071.4610770076736,1433.9985575432859,True,0.0,0.0,3,-8.002700805664062,51.68199462089034,-1.0003376007080078,6.460249327611293,False,nonpositive_flux
light_V_8s_2026_05_20-0009_flat_0p3_late_bias_cal.fits,2461181.6737177083,8.0,DN_UMa,check,1760.095423517192,686.1129312927242,True,0.0,0.0,3,2335640.3745117188,8664.155830950136,291955.04681396484,1083.019478868767,False,ok
light_V_8s_2026_05_20-0009_flat_0p3_late_bias_cal.fits,2461181.6737177083,8.0,HD_103405,comparison,1063.5122296672532,149.3218173795538,True,0.0,0.0,3,115041.18389892578,480.5418416449017,14380.147987365723,60.06773020561271,False,ok
light_V_8s_2026_05_20-0009_flat_0p3_late_bias_cal.fits,2461181.6737177083,8.0,TYC_3452_787_1,comparison,269.0312056803232,752.3543637896281,True,0.0,0.0,3,150305.9841003418,586.5731265847431,18788.248012542725,73.32164082309289,False,ok
light_V_8s_2026_05_20-0009_flat_0p3_late_bias_cal.fits,2461181.6737177083,8.0,HD_103187,comparison,73.7623673163052,1415.202331224481,True,0.0,0.0,3,2343.346939086914,70.66325537484862,292.91836738586426,8.832906921856077,False,ok
light_V_8s_2026_05_20-0010_flat_0p3_late_bias_cal.fits,2461181.6739096064,8.0,target,target,1835.7398028357868,629.6792331213811,True,0.0,0.0,3,1410314.056274414,5710.913722090481,176289.25703430176,713.8642152613102,False,ok
light_V_8s_2026_05_20-0010_flat_0p3_late_bias_cal.fits,2461181.6739096064,8.0,gaia_774272862760870784_src1,comparison,599.578460791499,258.08586022924334,True,0.0,0.0,3,-32.28681945800781,51.3168600682457,-4.035852432250977,6.414607508530713,False,nonpositive_flux
light_V_8s_2026_05_20-0010_flat_0p3_late_bias_cal.fits,2461181.6739096064,8.0,gaia_774271076054448768_src2,comparison,1506.7178858234115,321.3162110314761,True,0.0,0.0,3,76.77050018310547,50.6794280407637,9.596312522888184,6.334928505095463,False,ok
light_V_8s_2026_05_20-0010_flat_0p3_late_bias_cal.fits,2461181.6739096064,8.0,gaia_774384016513181696_src3,comparison,390.6121365600256,1254.514788035858,True,0.0,0.0,3,13.784194946289062,51.215623801291734,1.7230243682861328,6.401952975161467,False,ok
light_V_8s_2026_05_20-0010_flat_0p3_late_bias_cal.fits,2461181.6739096064,8.0,gaia_774289041901756032_src4,comparison,2041.387437507543,1442.3507498915358,True,0.0,0.0,3,-30.996444702148438,51.95295494350307,-3.8745555877685547,6.494119367937884,False,nonpositive_flux
light_V_8s_2026_05_20-0010_flat_0p3_late_bias_cal.fits,2461181.6739096064,8.0,gaia_774287774887292672_src5,comparison,2033.8085843345157,1080.733577355526,True,0.0,0.0,3,-14.328956604003906,48.24226826279024,-1.7911195755004883,6.03028353284878,False,nonpositive_flux
light_V_8s_2026_05_20-0010_flat_0p3_late_bias_cal.fits,2461181.6739096064,8.0,gaia_774289488578357504_src6,comparison,940.6541235197662,1100.4907732876518,True,0.0,0.0,3,-20.13935089111328,49.1625696104674,-2.51741886138916,6.145321201308425,False,nonpositive_flux
light_V_8s_2026_05_20-0010_flat_0p3_late_bias_cal.fits,2461181.6739096064,8.0,gaia_774288805679445888_src7,comparison,1944.5979695251317,1351.7388630834228,True,0.0,0.0,3,-113.25051879882812,50.33154038303307,-14.156314849853516,6.291442547879134,False,nonpositive_flux
light_V_8s_2026_05_20-0010_flat_0p3_late_bias_cal.fits,2461181.6739096064,8.0,gaia_774290626745586944_src8,comparison,1071.4610770076736,1433.9985575432859,True,0.0,0.0,3,-40.905426025390625,50.48481232088563,-5.113178253173828,6.310601540110704,False,nonpositive_flux
light_V_8s_2026_05_20-0010_flat_0p3_late_bias_cal.fits,2461181.6739096064,8.0,DN_UMa,check,1760.936766338571,684.0564134721895,True,0.0,0.0,3,2009539.1633300781,9629.40142120163,251192.39541625977,1203.6751776502038,False,ok
light_V_8s_2026_05_20-0010_flat_0p3_late_bias_cal.fits,2461181.6739096064,8.0,HD_103405,comparison,1064.4734446896343,147.27270548329156,True,0.0,0.0,3,100198.31726074219,510.76936761726813,12524.789657592773,63.846170952158516,False,ok
light_V_8s_2026_05_20-0010_flat_0p3_late_bias_cal.fits,2461181.6739096064,8.0,TYC_3452_787_1,comparison,270.1001348274158,750.2279159778234,True,0.0,0.0,3,131397.44555664062,640.6218201662806,16424.680694580078,80.07772752078507,False,ok
light_V_8s_2026_05_20-0010_flat_0p3_late_bias_cal.fits,2461181.6739096064,8.0,HD_103187,comparison,75.4323444616283,1413.6676328686453,True,0.0,0.0,3,1911.1342124938965,66.78064193700162,238.89177656173706,8.347580242125202,False,ok
light_V_8s_2026_05_20-0011_flat_0p3_late_bias_cal.fits,2461181.67410081,8.0,target,target,1836.7125334539894,629.8931269736328,True,0.0,0.0,3,1775394.0916137695,4298.66910947091,221924.2614517212,537.3336386838638,False,ok
light_V_8s_2026_05_20-0011_flat_0p3_late_bias_cal.fits,2461181.67410081,8.0,gaia_774272862760870784_src1,comparison,599.578460791499,258.08586022924334,True,0.0,0.0,3,60.55760955810547,50.89441173485817,7.569701194763184,6.361801466857271,False,ok
light_V_8s_2026_05_20-0011_flat_0p3_late_bias_cal.fits,2461181.67410081,8.0,gaia_774271076054448768_src2,comparison,1506.7178858234115,321.3162110314761,True,0.0,0.0,3,17.112464904785156,53.448389484761236,2.1390581130981445,6.6810486855951545,False,ok
light_V_8s_2026_05_20-0011_flat_0p3_late_bias_cal.fits,2461181.67410081,8.0,gaia_774384016513181696_src3,comparison,390.6121365600256,1254.514788035858,True,0.0,0.0,3,10.269989013671875,52.349062472575,1.2837486267089844,6.543632809071875,False,ok
light_V_8s_2026_05_20-0011_flat_0p3_late_bias_cal.fits,2461181.67410081,8.0,gaia_774289041901756032_src4,comparison,2041.387437507543,1442.3507498915358,True,0.0,0.0,3,-32.260013580322266,54.08729918177519,-4.032501697540283,6.760912397721898,False,nonpositive_flux
light_V_8s_2026_05_20-0011_flat_0p3_late_bias_cal.fits,2461181.67410081,8.0,gaia_774287774887292672_src5,comparison,2033.8085843345157,1080.733577355526,True,0.0,0.0,3,5.519920349121094,51.97371067724896,0.6899900436401367,6.49671383465612,False,ok
light_V_8s_2026_05_20-0011_flat_0p3_late_bias_cal.fits,2461181.67410081,8.0,gaia_774289488578357504_src6,comparison,940.6541235197662,1100.4907732876518,True,0.0,0.0,3,47.21479797363281,48.43249658529371,5.901849746704102,6.054062073161714,False,ok
light_V_8s_2026_05_20-0011_flat_0p3_late_bias_cal.fits,2461181.67410081,8.0,gaia_774288805679445888_src7,comparison,1944.5979695251317,1351.7388630834228,True,0.0,0.0,3,52.17821502685547,52.771853516650005,6.522276878356934,6.596481689581251,False,ok
light_V_8s_2026_05_20-0011_flat_0p3_late_bias_cal.fits,2461181.67410081,8.0,gaia_774290626745586944_src8,comparison,1071.4610770076736,1433.9985575432859,True,0.0,0.0,3,48.011451721191406,49.946057201976856,6.001431465148926,6.243257150247107,False,ok
light_V_8s_2026_05_20-0011_flat_0p3_late_bias_cal.fits,2461181.67410081,8.0,DN_UMa,check,1761.940793127059,684.3055819316277,True,0.0,0.0,3,2579054.831665039,7810.175833066707,322381.8539581299,976.2719791333384,False,ok
light_V_8s_2026_05_20-0011_flat_0p3_late_bias_cal.fits,2461181.67410081,8.0,HD_103405,comparison,1065.280160800287,147.50145734340575,True,0.0,0.0,3,126908.29187011719,463.9339555771325,15863.536483764648,57.99174444714156,False,ok
light_V_8s_2026_05_20-0011_flat_0p3_late_bias_cal.fits,2461181.67410081,8.0,TYC_3452_787_1,comparison,271.12359664690337,750.7476875758887,True,0.0,0.0,3,167691.4330444336,563.6343053747514,20961.4291305542,70.45428817184393,False,ok
light_V_8s_2026_05_20-0011_flat_0p3_late_bias_cal.fits,2461181.67410081,8.0,HD_103187,comparison,75.95697220910678,1413.0401550494182,True,0.0,0.0,3,2522.1904907226562,71.22107977505138,315.27381134033203,8.902634971881422,False,ok
light_V_8s_2026_05_20-0012_flat_0p3_late_bias_cal.fits,2461181.674292361,8.0,target,target,1836.839905278434,630.4152468959002,True,0.0,0.0,3,1396723.5654296875,5869.410321346118,174590.44567871094,733.6762901682647,False,ok
light_V_8s_2026_05_20-0012_flat_0p3_late_bias_cal.fits,2461181.674292361,8.0,gaia_774272862760870784_src1,comparison,599.578460791499,258.08586022924334,True,0.0,0.0,3,-80.06665802001953,52.634599177224715,-10.008332252502441,6.579324897153089,False,nonpositive_flux
light_V_8s_2026_05_20-0012_flat_0p3_late_bias_cal.fits,2461181.674292361,8.0,gaia_774271076054448768_src2,comparison,1506.7178858234115,321.3162110314761,True,0.0,0.0,3,12.172050476074219,50.37425126544687,1.5215063095092773,6.296781408180859,False,ok
light_V_8s_2026_05_20-0012_flat_0p3_late_bias_cal.fits,2461181.674292361,8.0,gaia_774384016513181696_src3,comparison,390.6121365600256,1254.514788035858,True,0.0,0.0,3,47.983978271484375,49.805019586802686,5.997997283935547,6.225627448350336,False,ok
light_V_8s_2026_05_20-0012_flat_0p3_late_bias_cal.fits,2461181.674292361,8.0,gaia_774289041901756032_src4,comparison,2041.387437507543,1442.3507498915358,True,0.0,0.0,3,-22.379283905029297,51.946059555641085,-2.797410488128662,6.493257444455136,False,nonpositive_flux
light_V_8s_2026_05_20-0012_flat_0p3_late_bias_cal.fits,2461181.674292361,8.0,gaia_774287774887292672_src5,comparison,2033.8085843345157,1080.733577355526,True,0.0,0.0,3,22.684341430664062,49.3115481475605,2.835542678833008,6.163943518445063,False,ok
light_V_8s_2026_05_20-0012_flat_0p3_late_bias_cal.fits,2461181.674292361,8.0,gaia_774289488578357504_src6,comparison,940.6541235197662,1100.4907732876518,True,0.0,0.0,3,66.62264251708984,48.28586643877387,8.32783031463623,6.035733304846734,False,ok
light_V_8s_2026_05_20-0012_flat_0p3_late_bias_cal.fits,2461181.674292361,8.0,gaia_774288805679445888_src7,comparison,1944.5979695251317,1351.7388630834228,True,0.0,0.0,3,4.8157958984375,49.614285790145324,0.6019744873046875,6.2017857237681655,False,ok
light_V_8s_2026_05_20-0012_flat_0p3_late_bias_cal.fits,2461181.674292361,8.0,gaia_774290626745586944_src8,comparison,1071.4610770076736,1433.9985575432859,True,0.0,0.0,3,66.94940948486328,50.650160190281525,8.36867618560791,6.331270023785191,False,ok
light_V_8s_2026_05_20-0012_flat_0p3_late_bias_cal.fits,2461181.674292361,8.0,DN_UMa,check,1762.0259165526522,684.839605419259,True,0.0,0.0,3,2011465.8581542969,10072.735733734642,251433.2322692871,1259.0919667168303,False,ok
light_V_8s_2026_05_20-0012_flat_0p3_late_bias_cal.fits,2461181.674292361,8.0,HD_103405,comparison,1065.20230172729,148.0302588533589,True,0.0,0.0,3,96006.90644836426,524.9550732111047,12000.863306045532,65.61938415138809,False,ok
light_V_8s_2026_05_20-0012_flat_0p3_late_bias_cal.fits,2461181.674292361,8.0,TYC_3452_787_1,comparison,271.15650846772655,751.2049876903625,True,0.0,0.0,3,129268.01095581055,669.1417728925163,16158.501369476318,83.64272161156454,False,ok
light_V_8s_2026_05_20-0012_flat_0p3_late_bias_cal.fits,2461181.674292361,8.0,HD_103187,comparison,75.72254897314542,1414.0854130766018,True,0.0,0.0,3,1946.721092224121,66.89403645426115,243.34013652801514,8.361754556782644,False,ok
light_V_8s_2026_05_20-0013_flat_0p3_late_bias_cal.fits,2461181.6744832178,8.0,target,target,1838.0423133443514,629.7115337947264,True,0.0,0.0,3,1496035.9492492676,5524.355379220652,187004.49365615845,690.5444224025815,False,ok
light_V_8s_2026_05_20-0013_flat_0p3_late_bias_cal.fits,2461181.6744832178,8.0,gaia_774272862760870784_src1,comparison,599.578460791499,258.08586022924334,True,0.0,0.0,3,-32.81781005859375,49.470246829603674,-4.102226257324219,6.183780853700459,False,nonpositive_flux
light_V_8s_2026_05_20-0013_flat_0p3_late_bias_cal.fits,2461181.6744832178,8.0,gaia_774271076054448768_src2,comparison,1506.7178858234115,321.3162110314761,True,0.0,0.0,3,-21.41583251953125,49.90303461487344,-2.6769790649414062,6.23787932685918,False,nonpositive_flux
light_V_8s_2026_05_20-0013_flat_0p3_late_bias_cal.fits,2461181.6744832178,8.0,gaia_774384016513181696_src3,comparison,390.6121365600256,1254.514788035858,True,0.0,0.0,3,-8.602157592773438,48.50511559781082,-1.0752696990966797,6.063139449726353,False,nonpositive_flux
light_V_8s_2026_05_20-0013_flat_0p3_late_bias_cal.fits,2461181.6744832178,8.0,gaia_774289041901756032_src4,comparison,2041.387437507543,1442.3507498915358,True,0.0,0.0,3,-2.41375732421875,51.530364494662976,-0.30171966552734375,6.441295561832872,False,nonpositive_flux
light_V_8s_2026_05_20-0013_flat_0p3_late_bias_cal.fits,2461181.6744832178,8.0,gaia_774287774887292672_src5,comparison,2033.8085843345157,1080.733577355526,True,0.0,0.0,3,-78.26007843017578,51.334096441623046,-9.782509803771973,6.416762055202881,False,nonpositive_flux
light_V_8s_2026_05_20-0013_flat_0p3_late_bias_cal.fits,2461181.6744832178,8.0,gaia_774289488578357504_src6,comparison,940.6541235197662,1100.4907732876518,True,0.0,0.0,3,32.56980895996094,49.83030992838553,4.071226119995117,6.2287887410481915,False,ok
light_V_8s_2026_05_20-0013_flat_0p3_late_bias_cal.fits,2461181.6744832178,8.0,gaia_774288805679445888_src7,comparison,1944.5979695251317,1351.7388630834228,True,0.0,0.0,3,-14.906684875488281,50.20472376572453,-1.8633356094360352,6.275590470715566,False,nonpositive_flux
light_V_8s_2026_05_20-0013_flat_0p3_late_bias_cal.fits,2461181.6744832178,8.0,gaia_774290626745586944_src8,comparison,1071.4610770076736,1433.9985575432859,True,0.0,0.0,3,48.19087219238281,47.163359141213206,6.023859024047852,5.895419892651651,False,ok
light_V_8s_2026_05_20-0013_flat_0p3_late_bias_cal.fits,2461181.6744832178,8.0,DN_UMa,check,1763.2272773323768,684.1462039042436,True,0.0,0.0,3,2217282.695739746,9478.708362546462,277160.33696746826,1184.8385453183078,False,ok
light_V_8s_2026_05_20-0013_flat_0p3_late_bias_cal.fits,2461181.6744832178,8.0,HD_103405,comparison,1066.5218586214444,147.46860313678968,True,0.0,0.0,3,107051.64929199219,506.88071282363376,13381.456161499023,63.36008910295422,False,ok
light_V_8s_2026_05_20-0013_flat_0p3_late_bias_cal.fits,2461181.6744832178,8.0,TYC_3452_787_1,comparison,272.2907607193978,750.6682347454607,True,0.0,0.0,3,141269.82559204102,637.9700285787709,17658.728199005127,79.74625357234636,False,ok
light_V_8s_2026_05_20-0013_flat_0p3_late_bias_cal.fits,2461181.6744832178,8.0,HD_103187,comparison,76.86213060140042,1413.511092789255,True,0.0,0.0,3,2095.782196044922,68.70048780395359,261.97277450561523,8.587560975494199,False,ok
light_V_8s_2026_05_20-0014_flat_0p3_late_bias_cal.fits,2461181.674675,8.0,target,target,1839.0915497993944,629.3492986607052,True,0.0,0.0,3,1251379.55859375,6405.912533486437,156422.44482421875,800.7390666858046,False,ok
light_V_8s_2026_05_20-0014_flat_0p3_late_bias_cal.fits,2461181.674675,8.0,gaia_774272862760870784_src1,comparison,599.578460791499,258.08586022924334,True,0.0,0.0,3,74.32814025878906,49.47326188463244,9.291017532348633,6.184157735579055,False,ok
light_V_8s_2026_05_20-0014_flat_0p3_late_bias_cal.fits,2461181.674675,8.0,gaia_774271076054448768_src2,comparison,1506.7178858234115,321.3162110314761,True,0.0,0.0,3,-133.17640686035156,51.31598188092898,-16.647050857543945,6.4144977351161225,False,nonpositive_flux
light_V_8s_2026_05_20-0014_flat_0p3_late_bias_cal.fits,2461181.674675,8.0,gaia_774384016513181696_src3,comparison,390.6121365600256,1254.514788035858,True,0.0,0.0,3,-73.13665771484375,53.789527424621205,-9.142082214355469,6.723690928077651,False,nonpositive_flux
light_V_8s_2026_05_20-0014_flat_0p3_late_bias_cal.fits,2461181.674675,8.0,gaia_774289041901756032_src4,comparison,2041.387437507543,1442.3507498915358,True,0.0,0.0,3,-53.3814697265625,49.58839403071953,-6.6726837158203125,6.198549253839941,False,nonpositive_flux
light_V_8s_2026_05_20-0014_flat_0p3_late_bias_cal.fits,2461181.674675,8.0,gaia_774287774887292672_src5,comparison,2033.8085843345157,1080.733577355526,True,0.0,0.0,3,104.59314727783203,48.677587047393594,13.074143409729004,6.084698380924199,False,ok
light_V_8s_2026_05_20-0014_flat_0p3_late_bias_cal.fits,2461181.674675,8.0,gaia_774289488578357504_src6,comparison,940.6541235197662,1100.4907732876518,True,0.0,0.0,3,16.708770751953125,48.27487845403684,2.0885963439941406,6.034359806754605,False,ok
light_V_8s_2026_05_20-0014_flat_0p3_late_bias_cal.fits,2461181.674675,8.0,gaia_774288805679445888_src7,comparison,1944.5979695251317,1351.7388630834228,True,0.0,0.0,3,18.07367706298828,48.472144275905386,2.259209632873535,6.059018034488173,False,ok
light_V_8s_2026_05_20-0014_flat_0p3_late_bias_cal.fits,2461181.674675,8.0,gaia_774290626745586944_src8,comparison,1071.4610770076736,1433.9985575432859,True,0.0,0.0,3,38.20927429199219,50.743307738415105,4.776159286499023,6.342913467301888,False,ok
light_V_8s_2026_05_20-0014_flat_0p3_late_bias_cal.fits,2461181.674675,8.0,DN_UMa,check,1764.202739112927,683.8186970376979,True,0.0,0.0,3,1865152.2537841797,10595.756601246876,233144.03172302246,1324.4695751558595,False,ok
light_V_8s_2026_05_20-0014_flat_0p3_late_bias_cal.fits,2461181.674675,8.0,HD_103405,comparison,1067.7246314559577,146.8818761114631,True,0.0,0.0,3,87711.39399719238,540.886541409746,10963.924249649048,67.61081767621825,False,ok
light_V_8s_2026_05_20-0014_flat_0p3_late_bias_cal.fits,2461181.674675,8.0,TYC_3452_787_1,comparison,273.50332658056163,750.0407659914755,True,0.0,0.0,3,118078.35876464844,693.5340051898858,14759.794845581055,86.69175064873572,False,ok
light_V_8s_2026_05_20-0014_flat_0p3_late_bias_cal.fits,2461181.674675,8.0,HD_103187,comparison,78.07185123020076,1412.541114302672,True,0.0,0.0,3,1766.308448791504,67.32650567346435,220.788556098938,8.415813209183044,False,ok
light_V_8s_2026_05_20-0015_flat_0p3_late_bias_cal.fits,2461181.6748667825,8.0,target,target,1839.5291409708257,629.2553703645111,True,0.0,0.0,3,1367345.0458984375,6214.943088492898,170918.1307373047,776.8678860616122,False,ok
light_V_8s_2026_05_20-0015_flat_0p3_late_bias_cal.fits,2461181.6748667825,8.0,gaia_774272862760870784_src1,comparison,599.578460791499,258.08586022924334,True,0.0,0.0,3,46.29719543457031,48.416705642387114,5.787149429321289,6.052088205298389,False,ok
light_V_8s_2026_05_20-0015_flat_0p3_late_bias_cal.fits,2461181.6748667825,8.0,gaia_774271076054448768_src2,comparison,1506.7178858234115,321.3162110314761,True,0.0,0.0,3,-8.395401000976562,48.53544941804119,-1.0494251251220703,6.066931177255149,False,nonpositive_flux
light_V_8s_2026_05_20-0015_flat_0p3_late_bias_cal.fits,2461181.6748667825,8.0,gaia_774384016513181696_src3,comparison,390.6121365600256,1254.514788035858,True,0.0,0.0,3,78.04046630859375,50.036892331507346,9.755058288574219,6.254611541438418,False,ok
light_V_8s_2026_05_20-0015_flat_0p3_late_bias_cal.fits,2461181.6748667825,8.0,gaia_774289041901756032_src4,comparison,2041.387437507543,1442.3507498915358,True,0.0,0.0,3,24.90019989013672,48.837253104799515,3.11252498626709,6.104656638099939,False,ok
light_V_8s_2026_05_20-0015_flat_0p3_late_bias_cal.fits,2461181.6748667825,8.0,gaia_774287774887292672_src5,comparison,2033.8085843345157,1080.733577355526,True,0.0,0.0,3,-0.991241455078125,47.74334023980558,-0.12390518188476562,5.967917529975698,False,nonpositive_flux
light_V_8s_2026_05_20-0015_flat_0p3_late_bias_cal.fits,2461181.6748667825,8.0,gaia_774289488578357504_src6,comparison,940.6541235197662,1100.4907732876518,True,0.0,0.0,3,-9.619331359863281,46.80436233080523,-1.2024164199829102,5.850545291350654,False,nonpositive_flux
light_V_8s_2026_05_20-0015_flat_0p3_late_bias_cal.fits,2461181.6748667825,8.0,gaia_774288805679445888_src7,comparison,1944.5979695251317,1351.7388630834228,True,0.0,0.0,3,-57.16194152832031,48.142218200089644,-7.145242691040039,6.0177772750112055,False,nonpositive_flux
light_V_8s_2026_05_20-0015_flat_0p3_late_bias_cal.fits,2461181.6748667825,8.0,gaia_774290626745586944_src8,comparison,1071.4610770076736,1433.9985575432859,True,0.0,0.0,3,90.48303985595703,50.53030250166945,11.310379981994629,6.316287812708682,False,ok
light_V_8s_2026_05_20-0015_flat_0p3_late_bias_cal.fits,2461181.6748667825,8.0,DN_UMa,check,1764.777296731731,683.6081593303329,True,0.0,0.0,3,2007391.845703125,10206.882041043269,250923.98071289062,1275.8602551304086,False,ok
light_V_8s_2026_05_20-0015_flat_0p3_late_bias_cal.fits,2461181.6748667825,8.0,HD_103405,comparison,1068.2149634065668,146.74547907752785,True,0.0,0.0,3,94254.69719696045,531.8572288314837,11781.837149620056,66.48215360393546,False,ok
light_V_8s_2026_05_20-0015_flat_0p3_late_bias_cal.fits,2461181.6748667825,8.0,TYC_3452_787_1,comparison,273.8182239501976,749.8841801981952,True,0.0,0.0,3,123473.49142456055,682.7587712220454,15434.186428070068,85.34484640275568,False,ok
light_V_8s_2026_05_20-0015_flat_0p3_late_bias_cal.fits,2461181.6748667825,8.0,HD_103187,comparison,77.78062238023267,1412.5846290791587,True,0.0,0.0,3,1804.121696472168,68.0699994975179,225.515212059021,8.508749937189737,False,ok
light_V_8s_2026_05_20-0016_flat_0p3_late_bias_cal.fits,2461181.675058449,8.0,target,target,1840.668310328686,628.9336290406833,True,0.0,0.0,3,1483766.3072509766,5540.357708360872,185470.78840637207,692.544713545109,False,ok
light_V_8s_2026_05_20-0016_flat_0p3_late_bias_cal.fits,2461181.675058449,8.0,gaia_774272862760870784_src1,comparison,599.578460791499,258.08586022924334,True,0.0,0.0,3,37.79640197753906,49.016562639302386,4.724550247192383,6.127070329912798,False,ok
light_V_8s_2026_05_20-0016_flat_0p3_late_bias_cal.fits,2461181.675058449,8.0,gaia_774271076054448768_src2,comparison,1506.7178858234115,321.3162110314761,True,0.0,0.0,3,-13.937973022460938,48.73303253145112,-1.7422466278076172,6.09162906643139,False,nonpositive_flux
light_V_8s_2026_05_20-0016_flat_0p3_late_bias_cal.fits,2461181.675058449,8.0,gaia_774384016513181696_src3,comparison,390.6121365600256,1254.514788035858,True,0.0,0.0,3,18.601638793945312,49.187712639004225,2.325204849243164,6.148464079875528,False,ok
light_V_8s_2026_05_20-0016_flat_0p3_late_bias_cal.fits,2461181.675058449,8.0,gaia_774289041901756032_src4,comparison,2041.387437507543,1442.3507498915358,True,0.0,0.0,3,0.05994415283203125,48.498481955315974,0.007493019104003906,6.062310244414497,False,ok
light_V_8s_2026_05_20-0016_flat_0p3_late_bias_cal.fits,2461181.675058449,8.0,gaia_774287774887292672_src5,comparison,2033.8085843345157,1080.733577355526,True,0.0,0.0,3,-44.375030517578125,47.62512812979982,-5.546878814697266,5.953141016224977,False,nonpositive_flux
light_V_8s_2026_05_20-0016_flat_0p3_late_bias_cal.fits,2461181.675058449,8.0,gaia_774289488578357504_src6,comparison,940.6541235197662,1100.4907732876518,True,0.0,0.0,3,-38.75175476074219,47.6402814817823,-4.843969345092773,5.955035185222788,False,nonpositive_flux
light_V_8s_2026_05_20-0016_flat_0p3_late_bias_cal.fits,2461181.675058449,8.0,gaia_774288805679445888_src7,comparison,1944.5979695251317,1351.7388630834228,True,0.0,0.0,3,-34.214744567871094,48.71783369221145,-4.276843070983887,6.089729211526431,False,nonpositive_flux
light_V_8s_2026_05_20-0016_flat_0p3_late_bias_cal.fits,2461181.675058449,8.0,gaia_774290626745586944_src8,comparison,1071.4610770076736,1433.9985575432859,True,0.0,0.0,3,-2.5703887939453125,48.031184448080985,-0.32129859924316406,6.003898056010123,False,nonpositive_flux
light_V_8s_2026_05_20-0016_flat_0p3_late_bias_cal.fits,2461181.675058449,8.0,DN_UMa,check,1765.8713668905884,683.363757217473,True,0.0,0.0,3,2197601.07611084,9636.123684616741,274700.134513855,1204.5154605770927,False,ok
light_V_8s_2026_05_20-0016_flat_0p3_late_bias_cal.fits,2461181.675058449,8.0,HD_103405,comparison,1069.1466555738045,146.68869032717183,True,0.0,0.0,3,103179.26174926758,506.8959437083102,12897.407718658447,63.361992963538775,False,ok
light_V_8s_2026_05_20-0016_flat_0p3_late_bias_cal.fits,2461181.675058449,8.0,TYC_3452_787_1,comparison,274.96292768114637,749.815060300505,True,0.0,0.0,3,135320.96824645996,641.7753108022854,16915.121030807495,80.22191385028567,False,ok
light_V_8s_2026_05_20-0016_flat_0p3_late_bias_cal.fits,2461181.675058449,8.0,HD_103187,comparison,79.50097400868759,1412.2133642145732,True,0.0,0.0,3,1963.5256729125977,64.85512678153474,245.4407091140747,8.106890847691842,False,ok
light_V_8s_2026_05_20-0017_flat_0p3_late_bias_cal.fits,2461181.6752502313,8.0,target,target,1840.7743473286616,629.4291321704884,True,0.0,0.0,3,1675443.1567382812,5049.768013777732,209430.39459228516,631.2210017222166,False,ok
light_V_8s_2026_05_20-0017_flat_0p3_late_bias_cal.fits,2461181.6752502313,8.0,gaia_774272862760870784_src1,comparison,599.578460791499,258.08586022924334,True,0.0,0.0,3,-26.818359375,49.86091370549993,-3.352294921875,6.2326142131874915,False,nonpositive_flux
light_V_8s_2026_05_20-0017_flat_0p3_late_bias_cal.fits,2461181.6752502313,8.0,gaia_774271076054448768_src2,comparison,1506.7178858234115,321.3162110314761,True,0.0,0.0,3,-17.503997802734375,50.030513093760675,-2.187999725341797,6.253814136720084,False,nonpositive_flux
light_V_8s_2026_05_20-0017_flat_0p3_late_bias_cal.fits,2461181.6752502313,8.0,gaia_774384016513181696_src3,comparison,390.6121365600256,1254.514788035858,True,0.0,0.0,3,-68.41865539550781,49.22119586200806,-8.552331924438477,6.152649482751007,False,nonpositive_flux
light_V_8s_2026_05_20-0017_flat_0p3_late_bias_cal.fits,2461181.6752502313,8.0,gaia_774289041901756032_src4,comparison,2041.387437507543,1442.3507498915358,True,0.0,0.0,3,-38.62739562988281,51.84387382189309,-4.828424453735352,6.480484227736636,False,nonpositive_flux
light_V_8s_2026_05_20-0017_flat_0p3_late_bias_cal.fits,2461181.6752502313,8.0,gaia_774287774887292672_src5,comparison,2033.8085843345157,1080.733577355526,True,0.0,0.0,3,-92.3058090209961,48.19500917465218,-11.538226127624512,6.024376146831522,False,nonpositive_flux
light_V_8s_2026_05_20-0017_flat_0p3_late_bias_cal.fits,2461181.6752502313,8.0,gaia_774289488578357504_src6,comparison,940.6541235197662,1100.4907732876518,True,0.0,0.0,3,-3.4274749755859375,47.982775075134064,-0.4284343719482422,5.997846884391758,False,nonpositive_flux
light_V_8s_2026_05_20-0017_flat_0p3_late_bias_cal.fits,2461181.6752502313,8.0,gaia_774288805679445888_src7,comparison,1944.5979695251317,1351.7388630834228,True,0.0,0.0,3,-13.224288940429688,49.88875325229399,-1.653036117553711,6.2360941565367485,False,nonpositive_flux
light_V_8s_2026_05_20-0017_flat_0p3_late_bias_cal.fits,2461181.6752502313,8.0,gaia_774290626745586944_src8,comparison,1071.4610770076736,1433.9985575432859,True,0.0,0.0,3,-32.55744171142578,49.39879359557673,-4.069680213928223,6.174849199447091,False,nonpositive_flux
light_V_8s_2026_05_20-0017_flat_0p3_late_bias_cal.fits,2461181.6752502313,8.0,DN_UMa,check,1765.9887190028867,683.8649909053743,True,0.0,0.0,3,2390265.462890625,8861.674744554468,298783.1828613281,1107.7093430693085,False,ok
light_V_8s_2026_05_20-0017_flat_0p3_late_bias_cal.fits,2461181.6752502313,8.0,HD_103405,comparison,1069.4210909728777,147.21220627301068,True,0.0,0.0,3,118886.72106933594,488.2767681274756,14860.840133666992,61.03459601593445,False,ok
light_V_8s_2026_05_20-0017_flat_0p3_late_bias_cal.fits,2461181.6752502313,8.0,TYC_3452_787_1,comparison,275.25138212938015,750.3384994351686,True,0.0,0.0,3,156834.17651367188,600.6149657104991,19604.272064208984,75.07687071381238,False,ok
light_V_8s_2026_05_20-0017_flat_0p3_late_bias_cal.fits,2461181.6752502313,8.0,HD_103187,comparison,80.13815624514606,1413.0665579509152,True,0.0,0.0,3,2251.733055114746,68.51666777223936,281.46663188934326,8.56458347152992,False,ok
light_V_8s_2026_05_20-0018_flat_0p3_late_bias_cal.fits,2461181.67544213,8.0,target,target,1840.001409997533,629.4824966652319,True,0.0,0.0,3,1023159.6691894531,7325.316701844649,127894.95864868164,915.6645877305812,False,ok
light_V_8s_2026_05_20-0018_flat_0p3_late_bias_cal.fits,2461181.67544213,8.0,gaia_774272862760870784_src1,comparison,599.578460791499,258.08586022924334,True,0.0,0.0,3,44.70860290527344,48.78656950275683,5.58857536315918,6.098321187844603,False,ok
light_V_8s_2026_05_20-0018_flat_0p3_late_bias_cal.fits,2461181.67544213,8.0,gaia_774271076054448768_src2,comparison,1506.7178858234115,321.3162110314761,True,0.0,0.0,3,15.042236328125,49.53490030906876,1.880279541015625,6.191862538633595,False,ok
light_V_8s_2026_05_20-0018_flat_0p3_late_bias_cal.fits,2461181.67544213,8.0,gaia_774384016513181696_src3,comparison,390.6121365600256,1254.514788035858,True,0.0,0.0,3,97.4648208618164,49.08521671260282,12.18310260772705,6.135652089075353,False,ok
light_V_8s_2026_05_20-0018_flat_0p3_late_bias_cal.fits,2461181.67544213,8.0,gaia_774289041901756032_src4,comparison,2041.387437507543,1442.3507498915358,True,0.0,0.0,3,72.43335342407227,50.0956407322142,9.054169178009033,6.261955091526775,False,ok
light_V_8s_2026_05_20-0018_flat_0p3_late_bias_cal.fits,2461181.67544213,8.0,gaia_774287774887292672_src5,comparison,2033.8085843345157,1080.733577355526,True,0.0,0.0,3,-43.546607971191406,47.58075191145312,-5.443325996398926,5.94759398893164,False,nonpositive_flux
light_V_8s_2026_05_20-0018_flat_0p3_late_bias_cal.fits,2461181.67544213,8.0,gaia_774289488578357504_src6,comparison,940.6541235197662,1100.4907732876518,True,0.0,0.0,3,37.50829315185547,49.450445708606324,4.688536643981934,6.1813057135757905,False,ok
light_V_8s_2026_05_20-0018_flat_0p3_late_bias_cal.fits,2461181.67544213,8.0,gaia_774288805679445888_src7,comparison,1944.5979695251317,1351.7388630834228,True,0.0,0.0,3,-4.146568298339844,46.225173266787046,-0.5183210372924805,5.778146658348381,False,nonpositive_flux
light_V_8s_2026_05_20-0018_flat_0p3_late_bias_cal.fits,2461181.67544213,8.0,gaia_774290626745586944_src8,comparison,1071.4610770076736,1433.9985575432859,True,0.0,0.0,3,60.42280578613281,48.880198776116664,7.552850723266602,6.110024847014583,False,ok
light_V_8s_2026_05_20-0018_flat_0p3_late_bias_cal.fits,2461181.67544213,8.0,DN_UMa,check,1765.195650447197,683.864484361384,True,0.0,0.0,3,1506954.7706298828,11730.903552673062,188369.34632873535,1466.3629440841328,False,ok
light_V_8s_2026_05_20-0018_flat_0p3_late_bias_cal.fits,2461181.67544213,8.0,HD_103405,comparison,1068.5064184138566,147.20513861838302,True,0.0,0.0,3,71836.78596496582,572.4618019936316,8979.598245620728,71.55772524920395,False,ok
light_V_8s_2026_05_20-0018_flat_0p3_late_bias_cal.fits,2461181.67544213,8.0,TYC_3452_787_1,comparison,274.21612083584773,750.4669673831622,True,0.0,0.0,3,94736.43746948242,732.7791814742169,11842.054683685303,91.59739768427711,False,ok
light_V_8s_2026_05_20-0018_flat_0p3_late_bias_cal.fits,2461181.67544213,8.0,HD_103187,comparison,79.63746722199276,1412.8540499068079,True,0.0,0.0,3,1476.5155296325684,62.34932457733638,184.56444120407104,7.793665572167048,False,ok
light_V_8s_2026_05_20-0019_flat_0p3_late_bias_cal.fits,2461181.6756346063,8.0,target,target,1840.4392982263391,629.3408666483862,True,0.0,0.0,3,1759453.6474456787,4519.228457159763,219931.70593070984,564.9035571449704,False,ok
light_V_8s_2026_05_20-0019_flat_0p3_late_bias_cal.fits,2461181.6756346063,8.0,gaia_774272862760870784_src1,comparison,599.578460791499,258.08586022924334,True,0.0,0.0,3,80.76162719726562,50.92123735429086,10.095203399658203,6.365154669286357,False,ok
light_V_8s_2026_05_20-0019_flat_0p3_late_bias_cal.fits,2461181.6756346063,8.0,gaia_774271076054448768_src2,comparison,1506.7178858234115,321.3162110314761,True,0.0,0.0,3,-44.64238739013672,48.86833428535523,-5.58029842376709,6.108541785669404,False,nonpositive_flux
light_V_8s_2026_05_20-0019_flat_0p3_late_bias_cal.fits,2461181.6756346063,8.0,gaia_774384016513181696_src3,comparison,390.6121365600256,1254.514788035858,True,0.0,0.0,3,80.94392395019531,48.334317173058,10.117990493774414,6.04178964663225,False,ok
light_V_8s_2026_05_20-0019_flat_0p3_late_bias_cal.fits,2461181.6756346063,8.0,gaia_774289041901756032_src4,comparison,2041.387437507543,1442.3507498915358,True,0.0,0.0,3,10.272392272949219,49.40039040086482,1.2840490341186523,6.175048800108103,False,ok
light_V_8s_2026_05_20-0019_flat_0p3_late_bias_cal.fits,2461181.6756346063,8.0,gaia_774287774887292672_src5,comparison,2033.8085843345157,1080.733577355526,True,0.0,0.0,3,109.81572723388672,48.53911168960303,13.72696590423584,6.067388961200379,False,ok
light_V_8s_2026_05_20-0019_flat_0p3_late_bias_cal.fits,2461181.6756346063,8.0,gaia_774289488578357504_src6,comparison,940.6541235197662,1100.4907732876518,True,0.0,0.0,3,7.8047943115234375,48.36612161550475,0.9755992889404297,6.045765201938094,False,ok
light_V_8s_2026_05_20-0019_flat_0p3_late_bias_cal.fits,2461181.6756346063,8.0,gaia_774288805679445888_src7,comparison,1944.5979695251317,1351.7388630834228,True,0.0,0.0,3,-40.765968322753906,50.639674686511995,-5.095746040344238,6.329959335813999,False,nonpositive_flux
light_V_8s_2026_05_20-0019_flat_0p3_late_bias_cal.fits,2461181.6756346063,8.0,gaia_774290626745586944_src8,comparison,1071.4610770076736,1433.9985575432859,True,0.0,0.0,3,14.160980224609375,46.97705767205059,1.7701225280761719,5.872132209006324,False,ok
light_V_8s_2026_05_20-0019_flat_0p3_late_bias_cal.fits,2461181.6756346063,8.0,DN_UMa,check,1765.645525338107,683.7874899601208,True,0.0,0.0,3,2582600.8295898438,7967.9700861313595,322825.10369873047,995.9962607664199,False,ok
light_V_8s_2026_05_20-0019_flat_0p3_late_bias_cal.fits,2461181.6756346063,8.0,HD_103405,comparison,1068.970574724656,147.1976244450446,True,0.0,0.0,3,120926.64195251465,473.8004387854868,15115.830244064331,59.22505484818585,False,ok
light_V_8s_2026_05_20-0019_flat_0p3_late_bias_cal.fits,2461181.6756346063,8.0,TYC_3452_787_1,comparison,274.74388944743504,750.2696428194487,True,0.0,0.0,3,160557.6081085205,574.1433166842457,20069.701013565063,71.76791458553072,False,ok
light_V_8s_2026_05_20-0019_flat_0p3_late_bias_cal.fits,2461181.6756346063,8.0,HD_103187,comparison,79.25466464365985,1412.994774905624,True,0.0,0.0,3,2314.3487701416016,68.01947044719235,289.2935962677002,8.502433805899043,False,ok
light_V_8s_2026_05_20-0020_flat_0p3_late_bias_cal.fits,2461181.6758256946,8.0,target,target,1842.1933139951414,628.6851398069822,True,0.0,0.0,3,1572454.6843261719,5460.146231488236,196556.83554077148,682.5182789360294,False,ok
light_V_8s_2026_05_20-0020_flat_0p3_late_bias_cal.fits,2461181.6758256946,8.0,gaia_774272862760870784_src1,comparison,599.578460791499,258.08586022924334,True,0.0,0.0,3,27.527847290039062,47.01168179997885,3.440980911254883,5.8764602249973565,False,ok
light_V_8s_2026_05_20-0020_flat_0p3_late_bias_cal.fits,2461181.6758256946,8.0,gaia_774271076054448768_src2,comparison,1506.7178858234115,321.3162110314761,True,0.0,0.0,3,8.122421264648438,48.80677785385222,1.0153026580810547,6.100847231731527,False,ok
light_V_8s_2026_05_20-0020_flat_0p3_late_bias_cal.fits,2461181.6758256946,8.0,gaia_774384016513181696_src3,comparison,390.6121365600256,1254.514788035858,True,0.0,0.0,3,-37.300453186035156,47.13678359501046,-4.6625566482543945,5.892097949376308,False,nonpositive_flux
light_V_8s_2026_05_20-0020_flat_0p3_late_bias_cal.fits,2461181.6758256946,8.0,gaia_774289041901756032_src4,comparison,2041.387437507543,1442.3507498915358,True,0.0,0.0,3,14.490058898925781,47.17313024654024,1.8112573623657227,5.89664128081753,False,ok
light_V_8s_2026_05_20-0020_flat_0p3_late_bias_cal.fits,2461181.6758256946,8.0,gaia_774287774887292672_src5,comparison,2033.8085843345157,1080.733577355526,True,0.0,0.0,3,5.2022857666015625,49.40962211625932,0.6502857208251953,6.176202764532415,False,ok
light_V_8s_2026_05_20-0020_flat_0p3_late_bias_cal.fits,2461181.6758256946,8.0,gaia_774289488578357504_src6,comparison,940.6541235197662,1100.4907732876518,True,0.0,0.0,3,82.10497283935547,48.7309005260909,10.263121604919434,6.091362565761362,False,ok
light_V_8s_2026_05_20-0020_flat_0p3_late_bias_cal.fits,2461181.6758256946,8.0,gaia_774288805679445888_src7,comparison,1944.5979695251317,1351.7388630834228,True,0.0,0.0,3,-8.980865478515625,46.36951244288895,-1.1226081848144531,5.796189055361118,False,nonpositive_flux
light_V_8s_2026_05_20-0020_flat_0p3_late_bias_cal.fits,2461181.6758256946,8.0,gaia_774290626745586944_src8,comparison,1071.4610770076736,1433.9985575432859,True,0.0,0.0,3,78.63945770263672,48.345706900791654,9.82993221282959,6.043213362598957,False,ok
light_V_8s_2026_05_20-0020_flat_0p3_late_bias_cal.fits,2461181.6758256946,8.0,DN_UMa,check,1767.4243988014475,683.1189465481605,True,0.0,0.0,3,2303241.231994629,9329.60036815447,287905.1539993286,1166.2000460193087,False,ok
light_V_8s_2026_05_20-0020_flat_0p3_late_bias_cal.fits,2461181.6758256946,8.0,HD_103405,comparison,1070.9395082092217,146.3699209997205,True,0.0,0.0,3,108425.13061523438,512.2532409885873,13553.141326904297,64.03165512357342,False,ok
light_V_8s_2026_05_20-0020_flat_0p3_late_bias_cal.fits,2461181.6758256946,8.0,TYC_3452_787_1,comparison,276.7510860162044,749.4796701408774,True,0.0,0.0,3,148129.04357910156,629.0701668600934,18516.130447387695,78.63377085751168,False,ok
light_V_8s_2026_05_20-0020_flat_0p3_late_bias_cal.fits,2461181.6758256946,8.0,HD_103187,comparison,81.19464989661873,1412.1883318022626,True,0.0,0.0,3,2147.1097106933594,67.91829386592951,268.3887138366699,8.48978673324119,False,ok
light_V_8s_2026_05_20-0021_flat_0p3_late_bias_cal.fits,2461181.676017361,8.0,target,target,1843.5778912191363,628.1389658968611,True,0.0,0.0,3,1630175.4043273926,4849.329797071825,203771.92554092407,606.1662246339781,False,ok
light_V_8s_2026_05_20-0021_flat_0p3_late_bias_cal.fits,2461181.676017361,8.0,gaia_774272862760870784_src1,comparison,599.578460791499,258.08586022924334,True,0.0,0.0,3,50.176856994628906,47.181548906105846,6.272107124328613,5.897693613263231,False,ok
light_V_8s_2026_05_20-0021_flat_0p3_late_bias_cal.fits,2461181.676017361,8.0,gaia_774271076054448768_src2,comparison,1506.7178858234115,321.3162110314761,True,0.0,0.0,3,-90.05787658691406,48.80209064951152,-11.257234573364258,6.10026133118894,False,nonpositive_flux
light_V_8s_2026_05_20-0021_flat_0p3_late_bias_cal.fits,2461181.676017361,8.0,gaia_774384016513181696_src3,comparison,390.6121365600256,1254.514788035858,True,0.0,0.0,3,8.138374328613281,45.97288676583422,1.0172967910766602,5.746610845729277,False,ok
light_V_8s_2026_05_20-0021_flat_0p3_late_bias_cal.fits,2461181.676017361,8.0,gaia_774289041901756032_src4,comparison,2041.387437507543,1442.3507498915358,True,0.0,0.0,3,-36.027435302734375,47.671079229840686,-4.503429412841797,5.958884903730086,False,nonpositive_flux
light_V_8s_2026_05_20-0021_flat_0p3_late_bias_cal.fits,2461181.676017361,8.0,gaia_774287774887292672_src5,comparison,2033.8085843345157,1080.733577355526,True,0.0,0.0,3,-55.73359680175781,48.18481811828457,-6.966699600219727,6.023102264785571,False,nonpositive_flux
light_V_8s_2026_05_20-0021_flat_0p3_late_bias_cal.fits,2461181.676017361,8.0,gaia_774289488578357504_src6,comparison,940.6541235197662,1100.4907732876518,True,0.0,0.0,3,31.56786346435547,48.64764154742341,3.9459829330444336,6.0809551934279265,False,ok
light_V_8s_2026_05_20-0021_flat_0p3_late_bias_cal.fits,2461181.676017361,8.0,gaia_774288805679445888_src7,comparison,1944.5979695251317,1351.7388630834228,True,0.0,0.0,3,-23.238067626953125,47.6648427644847,-2.9047584533691406,5.958105345560588,False,nonpositive_flux
light_V_8s_2026_05_20-0021_flat_0p3_late_bias_cal.fits,2461181.676017361,8.0,gaia_774290626745586944_src8,comparison,1071.4610770076736,1433.9985575432859,True,0.0,0.0,3,37.494781494140625,46.69564547638152,4.686847686767578,5.83695568454769,False,ok
light_V_8s_2026_05_20-0021_flat_0p3_late_bias_cal.fits,2461181.676017361,8.0,DN_UMa,check,1768.7808633261131,682.5278470762104,True,0.0,0.0,3,2364333.096069336,8433.130158094094,295541.637008667,1054.1412697617618,False,ok
light_V_8s_2026_05_20-0021_flat_0p3_late_bias_cal.fits,2461181.676017361,8.0,HD_103405,comparison,1072.2619430845286,145.7845763258475,True,0.0,0.0,3,114378.91314697266,477.1533111451417,14297.364143371582,59.64416389314271,False,ok
light_V_8s_2026_05_20-0021_flat_0p3_late_bias_cal.fits,2461181.676017361,8.0,TYC_3452_787_1,comparison,278.0539460425233,748.8410112819113,True,0.0,0.0,3,148653.7106781006,601.06806474954,18581.713834762573,75.1335080936925,False,ok
light_V_8s_2026_05_20-0021_flat_0p3_late_bias_cal.fits,2461181.676017361,8.0,HD_103187,comparison,83.04712449761014,1411.5790302052571,True,0.0,0.0,3,2206.4426651000977,67.0866231140161,275.8053331375122,8.385827889252013,False,ok
light_V_8s_2026_05_20-0022_flat_0p3_late_bias_cal.fits,2461181.676209028,8.0,target,target,1844.7863222394112,628.3283878238909,True,0.0,0.0,3,1668423.7810058594,4870.530314175603,208552.97262573242,608.8162892719504,False,ok
light_V_8s_2026_05_20-0022_flat_0p3_late_bias_cal.fits,2461181.676209028,8.0,gaia_774272862760870784_src1,comparison,599.578460791499,258.08586022924334,True,0.0,0.0,3,-28.75615692138672,49.26656489467396,-3.59451961517334,6.158320611834245,False,nonpositive_flux
light_V_8s_2026_05_20-0022_flat_0p3_late_bias_cal.fits,2461181.676209028,8.0,gaia_774271076054448768_src2,comparison,1506.7178858234115,321.3162110314761,True,0.0,0.0,3,73.70507049560547,47.85189535427972,9.213133811950684,5.981486919284965,False,ok
light_V_8s_2026_05_20-0022_flat_0p3_late_bias_cal.fits,2461181.676209028,8.0,gaia_774384016513181696_src3,comparison,390.6121365600256,1254.514788035858,True,0.0,0.0,3,41.00928497314453,49.07477087032544,5.126160621643066,6.13434635879068,False,ok
light_V_8s_2026_05_20-0022_flat_0p3_late_bias_cal.fits,2461181.676209028,8.0,gaia_774289041901756032_src4,comparison,2041.387437507543,1442.3507498915358,True,0.0,0.0,3,52.86006164550781,49.17883580982837,6.607507705688477,6.147354476228546,False,ok
light_V_8s_2026_05_20-0022_flat_0p3_late_bias_cal.fits,2461181.676209028,8.0,gaia_774287774887292672_src5,comparison,2033.8085843345157,1080.733577355526,True,0.0,0.0,3,116.1889877319336,48.654499164646,14.5236234664917,6.08181239558075,False,ok
light_V_8s_2026_05_20-0022_flat_0p3_late_bias_cal.fits,2461181.676209028,8.0,gaia_774289488578357504_src6,comparison,940.6541235197662,1100.4907732876518,True,0.0,0.0,3,31.39459228515625,46.4443320141753,3.9243240356445312,5.805541501771913,False,ok
light_V_8s_2026_05_20-0022_flat_0p3_late_bias_cal.fits,2461181.676209028,8.0,gaia_774288805679445888_src7,comparison,1944.5979695251317,1351.7388630834228,True,0.0,0.0,3,16.532005310058594,49.16099412434164,2.066500663757324,6.145124265542705,False,ok
light_V_8s_2026_05_20-0022_flat_0p3_late_bias_cal.fits,2461181.676209028,8.0,gaia_774290626745586944_src8,comparison,1071.4610770076736,1433.9985575432859,True,0.0,0.0,3,-0.7774581909179688,47.37235631032909,-0.0971822738647461,5.921544538791136,False,nonpositive_flux
light_V_8s_2026_05_20-0022_flat_0p3_late_bias_cal.fits,2461181.676209028,8.0,DN_UMa,check,1769.966921187382,682.7831219021357,True,0.0,0.0,3,2384089.7002563477,8598.377074001013,298011.21253204346,1074.7971342501266,False,ok
light_V_8s_2026_05_20-0022_flat_0p3_late_bias_cal.fits,2461181.676209028,8.0,HD_103405,comparison,1073.2378120068906,146.09743991769773,True,0.0,0.0,3,115096.7780456543,483.05289728268014,14387.097255706787,60.38161216033502,False,ok
light_V_8s_2026_05_20-0022_flat_0p3_late_bias_cal.fits,2461181.676209028,8.0,TYC_3452_787_1,comparison,279.0749097963381,749.3167855591042,True,0.0,0.0,3,150667.00454711914,598.9052290065089,18833.375568389893,74.86315362581361,False,ok
light_V_8s_2026_05_20-0022_flat_0p3_late_bias_cal.fits,2461181.676209028,8.0,HD_103187,comparison,3.2540120076835475,1507.9071453583301,True,0.0,0.0,3,,,,,False,edge
light_V_8s_2026_05_20-0023_flat_0p3_late_bias_cal.fits,2461181.6764001157,8.0,target,target,1845.068551454848,626.8479722580109,True,0.0,0.0,3,1764666.2439727783,4560.709595379283,220583.2804965973,570.0886994224104,False,ok
light_V_8s_2026_05_20-0023_flat_0p3_late_bias_cal.fits,2461181.6764001157,8.0,gaia_774272862760870784_src1,comparison,599.578460791499,258.08586022924334,True,0.0,0.0,3,-5.9722900390625,47.295866869875276,-0.7465362548828125,5.9119833587344095,False,nonpositive_flux
light_V_8s_2026_05_20-0023_flat_0p3_late_bias_cal.fits,2461181.6764001157,8.0,gaia_774271076054448768_src2,comparison,1506.7178858234115,321.3162110314761,True,0.0,0.0,3,32.875030517578125,48.867619700526724,4.109378814697266,6.1084524625658405,False,ok
light_V_8s_2026_05_20-0023_flat_0p3_late_bias_cal.fits,2461181.6764001157,8.0,gaia_774384016513181696_src3,comparison,390.6121365600256,1254.514788035858,True,0.0,0.0,3,-3.9071578979492188,46.46641874691292,-0.48839473724365234,5.808302343364115,False,nonpositive_flux
light_V_8s_2026_05_20-0023_flat_0p3_late_bias_cal.fits,2461181.6764001157,8.0,gaia_774289041901756032_src4,comparison,2041.387437507543,1442.3507498915358,True,0.0,0.0,3,-24.59874725341797,49.783914980487694,-3.074843406677246,6.222989372560962,False,nonpositive_flux
light_V_8s_2026_05_20-0023_flat_0p3_late_bias_cal.fits,2461181.6764001157,8.0,gaia_774287774887292672_src5,comparison,2033.8085843345157,1080.733577355526,True,0.0,0.0,3,-13.819007873535156,45.73810755978728,-1.7273759841918945,5.71726344497341,False,nonpositive_flux
light_V_8s_2026_05_20-0023_flat_0p3_late_bias_cal.fits,2461181.6764001157,8.0,gaia_774289488578357504_src6,comparison,940.6541235197662,1100.4907732876518,True,0.0,0.0,3,-115.29861450195312,47.57457255456496,-14.41232681274414,5.94682156932062,False,nonpositive_flux
light_V_8s_2026_05_20-0023_flat_0p3_late_bias_cal.fits,2461181.6764001157,8.0,gaia_774288805679445888_src7,comparison,1944.5979695251317,1351.7388630834228,True,0.0,0.0,3,-5.454132080078125,48.046494649912205,-0.6817665100097656,6.005811831239026,False,nonpositive_flux
light_V_8s_2026_05_20-0023_flat_0p3_late_bias_cal.fits,2461181.6764001157,8.0,gaia_774290626745586944_src8,comparison,1071.4610770076736,1433.9985575432859,True,0.0,0.0,3,-20.160385131835938,47.23976773053196,-2.520048141479492,5.904970966316495,False,nonpositive_flux
light_V_8s_2026_05_20-0023_flat_0p3_late_bias_cal.fits,2461181.6764001157,8.0,DN_UMa,check,1770.2809371614767,681.2585510432425,True,0.0,0.0,3,2607236.6133728027,8098.3737537565585,325904.57667160034,1012.2967192195698,False,ok
light_V_8s_2026_05_20-0023_flat_0p3_late_bias_cal.fits,2461181.6764001157,8.0,HD_103405,comparison,1073.5823080624336,144.76086506545272,True,0.0,0.0,3,126433.59637451172,473.8341432720339,15804.199546813965,59.229267909004236,False,ok
light_V_8s_2026_05_20-0023_flat_0p3_late_bias_cal.fits,2461181.6764001157,8.0,TYC_3452_787_1,comparison,279.5285423919345,748.012812070763,True,0.0,0.0,3,159218.4691772461,587.6142019067377,19902.30864715576,73.45177523834221,False,ok
light_V_8s_2026_05_20-0023_flat_0p3_late_bias_cal.fits,2461181.6764001157,8.0,HD_103187,comparison,2.816249075371306,1508.0094214212895,True,0.0,0.0,3,,,,,False,edge
light_V_8s_2026_05_20-0024_flat_0p3_late_bias_cal.fits,2461181.6765917824,8.0,target,target,1845.6086172746243,626.6291765236346,True,0.0,0.0,3,1271588.1105041504,6464.979755678222,158948.5138130188,808.1224694597778,False,ok
light_V_8s_2026_05_20-0024_flat_0p3_late_bias_cal.fits,2461181.6765917824,8.0,gaia_774272862760870784_src1,comparison,599.578460791499,258.08586022924334,True,0.0,0.0,3,10.937019348144531,48.13172830321607,1.3671274185180664,6.016466037902009,False,ok
light_V_8s_2026_05_20-0024_flat_0p3_late_bias_cal.fits,2461181.6765917824,8.0,gaia_774271076054448768_src2,comparison,1506.7178858234115,321.3162110314761,True,0.0,0.0,3,1.2380523681640625,45.536319213950186,0.1547565460205078,5.692039901743773,False,ok
light_V_8s_2026_05_20-0024_flat_0p3_late_bias_cal.fits,2461181.6765917824,8.0,gaia_774384016513181696_src3,comparison,390.6121365600256,1254.514788035858,True,0.0,0.0,3,6.100074768066406,46.931829530999806,0.7625093460083008,5.866478691374976,False,ok
light_V_8s_2026_05_20-0024_flat_0p3_late_bias_cal.fits,2461181.6765917824,8.0,gaia_774289041901756032_src4,comparison,2041.387437507543,1442.3507498915358,True,0.0,0.0,3,53.298526763916016,48.82443331284626,6.662315845489502,6.1030541641057825,False,ok
light_V_8s_2026_05_20-0024_flat_0p3_late_bias_cal.fits,2461181.6765917824,8.0,gaia_774287774887292672_src5,comparison,2033.8085843345157,1080.733577355526,True,0.0,0.0,3,-98.56608581542969,49.23412322064866,-12.320760726928711,6.154265402581083,False,nonpositive_flux
light_V_8s_2026_05_20-0024_flat_0p3_late_bias_cal.fits,2461181.6765917824,8.0,gaia_774289488578357504_src6,comparison,940.6541235197662,1100.4907732876518,True,0.0,0.0,3,-4.331565856933594,46.91220047169997,-0.5414457321166992,5.864025058962496,False,nonpositive_flux
light_V_8s_2026_05_20-0024_flat_0p3_late_bias_cal.fits,2461181.6765917824,8.0,gaia_774288805679445888_src7,comparison,1944.5979695251317,1351.7388630834228,True,0.0,0.0,3,-29.12700653076172,48.04742196232462,-3.640875816345215,6.0059277452905775,False,nonpositive_flux
light_V_8s_2026_05_20-0024_flat_0p3_late_bias_cal.fits,2461181.6765917824,8.0,gaia_774290626745586944_src8,comparison,1071.4610770076736,1433.9985575432859,True,0.0,0.0,3,12.271568298339844,46.95794999180971,1.5339460372924805,5.869743748976214,False,ok
light_V_8s_2026_05_20-0024_flat_0p3_late_bias_cal.fits,2461181.6765917824,8.0,DN_UMa,check,1770.8277414448764,681.0814745988902,True,0.0,0.0,3,1823029.2006835938,10696.2314786884,227878.65008544922,1337.02893483605,False,ok
light_V_8s_2026_05_20-0024_flat_0p3_late_bias_cal.fits,2461181.6765917824,8.0,HD_103405,comparison,1074.1621211029906,144.54814881586879,True,0.0,0.0,3,86091.53121948242,541.8051922799324,10761.441402435303,67.72564903499155,False,ok
light_V_8s_2026_05_20-0024_flat_0p3_late_bias_cal.fits,2461181.6765917824,8.0,TYC_3452_787_1,comparison,280.24774720057763,747.6131169436117,True,0.0,0.0,3,113064.52124023438,705.7081386412916,14133.065155029297,88.21351733016145,False,ok
light_V_8s_2026_05_20-0024_flat_0p3_late_bias_cal.fits,2461181.6765917824,8.0,HD_103187,comparison,2.308141330017974,1508.027053975188,True,0.0,0.0,3,,,,,False,edge
light_V_8s_2026_05_20-0025_flat_0p3_late_bias_cal.fits,2461181.676783449,8.0,target,target,1845.9597307060703,627.0296645873835,True,0.0,0.0,3,1769003.3500671387,4367.1658612542315,221125.41875839233,545.8957326567789,False,ok
light_V_8s_2026_05_20-0025_flat_0p3_late_bias_cal.fits,2461181.676783449,8.0,gaia_774272862760870784_src1,comparison,599.578460791499,258.08586022924334,True,0.0,0.0,3,-35.86962127685547,47.47601235041468,-4.483702659606934,5.934501543801835,False,nonpositive_flux
light_V_8s_2026_05_20-0025_flat_0p3_late_bias_cal.fits,2461181.676783449,8.0,gaia_774271076054448768_src2,comparison,1506.7178858234115,321.3162110314761,True,0.0,0.0,3,20.585037231445312,46.21231995515127,2.573129653930664,5.776539994393909,False,ok
light_V_8s_2026_05_20-0025_flat_0p3_late_bias_cal.fits,2461181.676783449,8.0,gaia_774384016513181696_src3,comparison,390.6121365600256,1254.514788035858,True,0.0,0.0,3,82.67887115478516,47.20166054973781,10.334858894348145,5.900207568717226,False,ok
light_V_8s_2026_05_20-0025_flat_0p3_late_bias_cal.fits,2461181.676783449,8.0,gaia_774289041901756032_src4,comparison,2041.387437507543,1442.3507498915358,True,0.0,0.0,3,90.04677200317383,50.9546263754133,11.255846500396729,6.369328296926662,False,ok
light_V_8s_2026_05_20-0025_flat_0p3_late_bias_cal.fits,2461181.676783449,8.0,gaia_774287774887292672_src5,comparison,2033.8085843345157,1080.733577355526,True,0.0,0.0,3,95.39215087890625,48.89068559728869,11.924018859863281,6.111335699661086,False,ok
light_V_8s_2026_05_20-0025_flat_0p3_late_bias_cal.fits,2461181.676783449,8.0,gaia_774289488578357504_src6,comparison,940.6541235197662,1100.4907732876518,True,0.0,0.0,3,-51.79981994628906,46.8278868350658,-6.474977493286133,5.853485854383225,False,nonpositive_flux
light_V_8s_2026_05_20-0025_flat_0p3_late_bias_cal.fits,2461181.676783449,8.0,gaia_774288805679445888_src7,comparison,1944.5979695251317,1351.7388630834228,True,0.0,0.0,3,-150.7538070678711,47.09743894553439,-18.844225883483887,5.887179868191799,False,nonpositive_flux
light_V_8s_2026_05_20-0025_flat_0p3_late_bias_cal.fits,2461181.676783449,8.0,gaia_774290626745586944_src8,comparison,1071.4610770076736,1433.9985575432859,True,0.0,0.0,3,-54.837921142578125,47.56122291285399,-6.854740142822266,5.945152864106749,False,nonpositive_flux
light_V_8s_2026_05_20-0025_flat_0p3_late_bias_cal.fits,2461181.676783449,8.0,DN_UMa,check,1771.1603637715546,681.5030477873689,True,0.0,0.0,3,2682832.0888671875,7793.513077116203,335354.01110839844,974.1891346395254,False,ok
light_V_8s_2026_05_20-0025_flat_0p3_late_bias_cal.fits,2461181.676783449,8.0,HD_103405,comparison,1074.544887500211,144.87207091459197,True,0.0,0.0,3,127855.26861190796,463.4242338167115,15981.908576488495,57.928029227088935,False,ok
light_V_8s_2026_05_20-0025_flat_0p3_late_bias_cal.fits,2461181.676783449,8.0,TYC_3452_787_1,comparison,280.43008844997433,748.0242207568652,True,0.0,0.0,3,167926.46725463867,570.9395492861282,20990.808406829834,71.36744366076603,False,ok
light_V_8s_2026_05_20-0025_flat_0p3_late_bias_cal.fits,2461181.676783449,8.0,HD_103187,comparison,2.787179550084904,1507.1234335412385,True,0.0,0.0,3,,,,,False,edge
light_V_8s_2026_05_20-0026_flat_0p3_late_bias_cal.fits,2461181.676976158,8.0,target,target,1846.6248831601135,626.432019296814,True,0.0,0.0,3,1816527.6856384277,4290.894268558806,227065.96070480347,536.3617835698508,False,ok
light_V_8s_2026_05_20-0026_flat_0p3_late_bias_cal.fits,2461181.676976158,8.0,gaia_774272862760870784_src1,comparison,599.578460791499,258.08586022924334,True,0.0,0.0,3,-0.506591796875,49.27042314979292,-0.063323974609375,6.158802893724115,False,nonpositive_flux
light_V_8s_2026_05_20-0026_flat_0p3_late_bias_cal.fits,2461181.676976158,8.0,gaia_774271076054448768_src2,comparison,1506.7178858234115,321.3162110314761,True,0.0,0.0,3,-22.53313446044922,47.317765733425574,-2.8166418075561523,5.914720716678197,False,nonpositive_flux
light_V_8s_2026_05_20-0026_flat_0p3_late_bias_cal.fits,2461181.676976158,8.0,gaia_774384016513181696_src3,comparison,390.6121365600256,1254.514788035858,True,0.0,0.0,3,-15.442901611328125,46.999168728112046,-1.9303627014160156,5.874896091014006,False,nonpositive_flux
light_V_8s_2026_05_20-0026_flat_0p3_late_bias_cal.fits,2461181.676976158,8.0,gaia_774289041901756032_src4,comparison,2041.387437507543,1442.3507498915358,True,0.0,0.0,3,-76.28789901733398,48.751405911161086,-9.535987377166748,6.093925738895136,False,nonpositive_flux
light_V_8s_2026_05_20-0026_flat_0p3_late_bias_cal.fits,2461181.676976158,8.0,gaia_774287774887292672_src5,comparison,2033.8085843345157,1080.733577355526,True,0.0,0.0,3,-38.41069030761719,45.233167637420756,-4.801336288452148,5.6541459546775945,False,nonpositive_flux
light_V_8s_2026_05_20-0026_flat_0p3_late_bias_cal.fits,2461181.676976158,8.0,gaia_774289488578357504_src6,comparison,940.6541235197662,1100.4907732876518,True,0.0,0.0,3,-49.73170471191406,44.704320870566605,-6.216463088989258,5.588040108820826,False,nonpositive_flux
light_V_8s_2026_05_20-0026_flat_0p3_late_bias_cal.fits,2461181.676976158,8.0,gaia_774288805679445888_src7,comparison,1944.5979695251317,1351.7388630834228,True,0.0,0.0,3,58.409332275390625,44.704660363211126,7.301166534423828,5.588082545401391,False,ok
light_V_8s_2026_05_20-0026_flat_0p3_late_bias_cal.fits,2461181.676976158,8.0,gaia_774290626745586944_src8,comparison,1071.4610770076736,1433.9985575432859,True,0.0,0.0,3,-3.753082275390625,45.29524941293801,-0.4691352844238281,5.661906176617252,False,nonpositive_flux
light_V_8s_2026_05_20-0026_flat_0p3_late_bias_cal.fits,2461181.676976158,8.0,DN_UMa,check,1771.8219265282423,680.832066235565,True,0.0,0.0,3,2636401.03704834,7707.539254346215,329550.1296310425,963.4424067932769,False,ok
light_V_8s_2026_05_20-0026_flat_0p3_late_bias_cal.fits,2461181.676976158,8.0,HD_103405,comparison,1075.2405859066876,143.95615616091467,True,0.0,0.0,3,126095.7081375122,458.33323886522123,15761.963517189026,57.291654858152654,False,ok
light_V_8s_2026_05_20-0026_flat_0p3_late_bias_cal.fits,2461181.676976158,8.0,TYC_3452_787_1,comparison,281.0115174889098,747.0506707846952,True,0.0,0.0,3,162668.90100860596,556.9381994384605,20333.612626075745,69.61727492980756,False,ok
light_V_8s_2026_05_20-0026_flat_0p3_late_bias_cal.fits,2461181.676976158,8.0,HD_103187,comparison,2.731861628561538,1505.901533742069,True,0.0,0.0,3,,,,,False,edge
light_V_8s_2026_05_20-0027_flat_0p3_late_bias_cal.fits,2461181.6771674766,8.0,target,target,1848.6573164884296,625.8713059933059,True,0.0,0.0,3,1578949.9385375977,5160.700043464173,197368.7423171997,645.0875054330216,False,ok
light_V_8s_2026_05_20-0027_flat_0p3_late_bias_cal.fits,2461181.6771674766,8.0,gaia_774272862760870784_src1,comparison,599.578460791499,258.08586022924334,True,0.0,0.0,3,67.87680053710938,46.60358457454907,8.484600067138672,5.8254480718186334,False,ok
light_V_8s_2026_05_20-0027_flat_0p3_late_bias_cal.fits,2461181.6771674766,8.0,gaia_774271076054448768_src2,comparison,1506.7178858234115,321.3162110314761,True,0.0,0.0,3,35.460174560546875,46.74641399092478,4.432521820068359,5.843301748865597,False,ok
light_V_8s_2026_05_20-0027_flat_0p3_late_bias_cal.fits,2461181.6771674766,8.0,gaia_774384016513181696_src3,comparison,390.6121365600256,1254.514788035858,True,0.0,0.0,3,-111.15055084228516,48.10477281562275,-13.893818855285645,6.013096601952844,False,nonpositive_flux
light_V_8s_2026_05_20-0027_flat_0p3_late_bias_cal.fits,2461181.6771674766,8.0,gaia_774289041901756032_src4,comparison,2041.387437507543,1442.3507498915358,True,0.0,0.0,3,-72.97055053710938,48.74126565731868,-9.121318817138672,6.092658207164835,False,nonpositive_flux
light_V_8s_2026_05_20-0027_flat_0p3_late_bias_cal.fits,2461181.6771674766,8.0,gaia_774287774887292672_src5,comparison,2033.8085843345157,1080.733577355526,True,0.0,0.0,3,-117.82781982421875,46.464966169201205,-14.728477478027344,5.808120771150151,False,nonpositive_flux
light_V_8s_2026_05_20-0027_flat_0p3_late_bias_cal.fits,2461181.6771674766,8.0,gaia_774289488578357504_src6,comparison,940.6541235197662,1100.4907732876518,True,0.0,0.0,3,16.30950164794922,44.9855232424371,2.0386877059936523,5.623190405304637,False,ok
light_V_8s_2026_05_20-0027_flat_0p3_late_bias_cal.fits,2461181.6771674766,8.0,gaia_774288805679445888_src7,comparison,1944.5979695251317,1351.7388630834228,True,0.0,0.0,3,-13.386604309082031,46.267756870781504,-1.673325538635254,5.783469608847688,False,nonpositive_flux
light_V_8s_2026_05_20-0027_flat_0p3_late_bias_cal.fits,2461181.6771674766,8.0,gaia_774290626745586944_src8,comparison,1071.4610770076736,1433.9985575432859,True,0.0,0.0,3,-73.59943389892578,46.91844689134914,-9.199929237365723,5.864805861418643,False,nonpositive_flux
light_V_8s_2026_05_20-0027_flat_0p3_late_bias_cal.fits,2461181.6771674766,8.0,DN_UMa,check,1773.8528906364513,680.2538079014926,True,0.0,0.0,3,2316885.7244873047,8965.628265141628,289610.7155609131,1120.7035331427035,False,ok
light_V_8s_2026_05_20-0027_flat_0p3_late_bias_cal.fits,2461181.6771674766,8.0,HD_103405,comparison,1077.2284874265958,143.64587716797493,True,0.0,0.0,3,113375.9839477539,493.18948903851606,14171.997993469238,61.64868612981451,False,ok
light_V_8s_2026_05_20-0027_flat_0p3_late_bias_cal.fits,2461181.6771674766,8.0,TYC_3452_787_1,comparison,283.0169224085434,746.6703542363263,True,0.0,0.0,3,145182.1092529297,614.3651000209302,18147.76365661621,76.79563750261627,False,ok
light_V_8s_2026_05_20-0027_flat_0p3_late_bias_cal.fits,2461181.6771674766,8.0,HD_103187,comparison,2.1650402127503146,1506.2670825870862,True,0.0,0.0,3,,,,,False,edge
light_V_8s_2026_05_20-0028_flat_0p3_late_bias_cal.fits,2461181.677359375,8.0,target,target,1849.781887293159,624.4128923573826,True,0.0,0.0,3,1383191.5888671875,6093.617297836885,172898.94860839844,761.7021622296106,False,ok
light_V_8s_2026_05_20-0028_flat_0p3_late_bias_cal.fits,2461181.677359375,8.0,gaia_774272862760870784_src1,comparison,599.578460791499,258.08586022924334,True,0.0,0.0,3,-50.5052490234375,43.89942438299578,-6.3131561279296875,5.487428047874473,False,nonpositive_flux
light_V_8s_2026_05_20-0028_flat_0p3_late_bias_cal.fits,2461181.677359375,8.0,gaia_774271076054448768_src2,comparison,1506.7178858234115,321.3162110314761,True,0.0,0.0,3,-20.423095703125,48.72463677038909,-2.552886962890625,6.090579596298636,False,nonpositive_flux
light_V_8s_2026_05_20-0028_flat_0p3_late_bias_cal.fits,2461181.677359375,8.0,gaia_774384016513181696_src3,comparison,390.6121365600256,1254.514788035858,True,0.0,0.0,3,55.289222717285156,48.272030507223896,6.9111528396606445,6.034003813402987,False,ok
light_V_8s_2026_05_20-0028_flat_0p3_late_bias_cal.fits,2461181.677359375,8.0,gaia_774289041901756032_src4,comparison,2041.387437507543,1442.3507498915358,True,0.0,0.0,3,-30.32925796508789,44.00419596600253,-3.7911572456359863,5.500524495750316,False,nonpositive_flux
light_V_8s_2026_05_20-0028_flat_0p3_late_bias_cal.fits,2461181.677359375,8.0,gaia_774287774887292672_src5,comparison,2033.8085843345157,1080.733577355526,True,0.0,0.0,3,61.76091003417969,45.568872078675795,7.720113754272461,5.696109009834474,False,ok
light_V_8s_2026_05_20-0028_flat_0p3_late_bias_cal.fits,2461181.677359375,8.0,gaia_774289488578357504_src6,comparison,940.6541235197662,1100.4907732876518,True,0.0,0.0,3,28.333389282226562,43.572751652192686,3.5416736602783203,5.446593956524086,False,ok
light_V_8s_2026_05_20-0028_flat_0p3_late_bias_cal.fits,2461181.677359375,8.0,gaia_774288805679445888_src7,comparison,1944.5979695251317,1351.7388630834228,True,0.0,0.0,3,13.664016723632812,44.07546379004358,1.7080020904541016,5.509432973755447,False,ok
light_V_8s_2026_05_20-0028_flat_0p3_late_bias_cal.fits,2461181.677359375,8.0,gaia_774290626745586944_src8,comparison,1071.4610770076736,1433.9985575432859,True,0.0,0.0,3,-14.200302124023438,45.15915133250227,-1.7750377655029297,5.644893916562784,False,nonpositive_flux
light_V_8s_2026_05_20-0028_flat_0p3_late_bias_cal.fits,2461181.677359375,8.0,DN_UMa,check,1775.0381931257314,678.769992889042,True,0.0,0.0,3,1993179.838684082,10376.67545859514,249147.47983551025,1297.0844323243925,False,ok
light_V_8s_2026_05_20-0028_flat_0p3_late_bias_cal.fits,2461181.677359375,8.0,HD_103405,comparison,1078.4027556768986,142.2303143265632,True,0.0,0.0,3,98092.42126464844,532.5029081502009,12261.552658081055,66.56286351877512,False,ok
light_V_8s_2026_05_20-0028_flat_0p3_late_bias_cal.fits,2461181.677359375,8.0,TYC_3452_787_1,comparison,284.20900742905314,745.4611703722903,True,0.0,0.0,3,124032.9030380249,674.9443929244733,15504.112879753113,84.36804911555916,False,ok
light_V_8s_2026_05_20-0028_flat_0p3_late_bias_cal.fits,2461181.677359375,8.0,HD_103187,comparison,2.005324475949028,1505.98471450047,True,0.0,0.0,3,,,,,False,edge
light_V_8s_2026_05_20-0029_flat_0p3_late_bias_cal.fits,2461181.677550463,8.0,target,target,1850.7519990538135,625.0266581551952,True,0.0,0.0,3,1794580.44039917,4386.41263730933,224322.55504989624,548.3015796636663,False,ok
light_V_8s_2026_05_20-0029_flat_0p3_late_bias_cal.fits,2461181.677550463,8.0,gaia_774272862760870784_src1,comparison,599.578460791499,258.08586022924334,True,0.0,0.0,3,-103.53015899658203,47.03771285276483,-12.941269874572754,5.879714106595603,False,nonpositive_flux
light_V_8s_2026_05_20-0029_flat_0p3_late_bias_cal.fits,2461181.677550463,8.0,gaia_774271076054448768_src2,comparison,1506.7178858234115,321.3162110314761,True,0.0,0.0,3,12.480499267578125,49.39567763530385,1.5600624084472656,6.174459704412981,False,ok
light_V_8s_2026_05_20-0029_flat_0p3_late_bias_cal.fits,2461181.677550463,8.0,gaia_774384016513181696_src3,comparison,390.6121365600256,1254.514788035858,True,0.0,0.0,3,71.85869598388672,45.72077960223011,8.98233699798584,5.715097450278764,False,ok
light_V_8s_2026_05_20-0029_flat_0p3_late_bias_cal.fits,2461181.677550463,8.0,gaia_774289041901756032_src4,comparison,2041.387437507543,1442.3507498915358,True,0.0,0.0,3,3.5791549682617188,46.41046322768272,0.44739437103271484,5.80130790346034,False,ok
light_V_8s_2026_05_20-0029_flat_0p3_late_bias_cal.fits,2461181.677550463,8.0,gaia_774287774887292672_src5,comparison,2033.8085843345157,1080.733577355526,True,0.0,0.0,3,33.05859375,46.82384417175963,4.13232421875,5.852980521469954,False,ok
light_V_8s_2026_05_20-0029_flat_0p3_late_bias_cal.fits,2461181.677550463,8.0,gaia_774289488578357504_src6,comparison,940.6541235197662,1100.4907732876518,True,0.0,0.0,3,-24.640464782714844,43.93592907349206,-3.0800580978393555,5.491991134186508,False,nonpositive_flux
light_V_8s_2026_05_20-0029_flat_0p3_late_bias_cal.fits,2461181.677550463,8.0,gaia_774288805679445888_src7,comparison,1944.5979695251317,1351.7388630834228,True,0.0,0.0,3,66.03120422363281,45.95902702429686,8.253900527954102,5.744878378037107,False,ok
light_V_8s_2026_05_20-0029_flat_0p3_late_bias_cal.fits,2461181.677550463,8.0,gaia_774290626745586944_src8,comparison,1071.4610770076736,1433.9985575432859,True,0.0,0.0,3,-10.007881164550781,45.30416332394906,-1.2509851455688477,5.663020415493633,False,nonpositive_flux
light_V_8s_2026_05_20-0029_flat_0p3_late_bias_cal.fits,2461181.677550463,8.0,DN_UMa,check,1775.967223558715,679.453353718853,True,0.0,0.0,3,2674900.884765625,8100.965890475647,334362.6105957031,1012.6207363094559,False,ok
light_V_8s_2026_05_20-0029_flat_0p3_late_bias_cal.fits,2461181.677550463,8.0,HD_103405,comparison,1079.1797518970293,142.92384367267178,True,0.0,0.0,3,127196.29991912842,468.22865490987556,15899.537489891052,58.528581863734445,False,ok
light_V_8s_2026_05_20-0029_flat_0p3_late_bias_cal.fits,2461181.677550463,8.0,TYC_3452_787_1,comparison,284.93948647545744,746.1586418516212,True,0.0,0.0,3,167192.53731536865,560.1449203169714,20899.06716442108,70.01811503962142,False,ok
light_V_8s_2026_05_20-0029_flat_0p3_late_bias_cal.fits,2461181.677550463,8.0,HD_103187,comparison,2.0731052438699944,1505.5394444540266,True,0.0,0.0,3,,,,,False,edge
light_V_8s_2026_05_20-0030_flat_0p3_late_bias_cal.fits,2461181.677741667,8.0,target,target,1851.7030141717933,624.6071553749035,True,0.0,0.0,3,1546665.1293945312,5362.4851117142325,193333.1411743164,670.3106389642791,False,ok
light_V_8s_2026_05_20-0030_flat_0p3_late_bias_cal.fits,2461181.677741667,8.0,gaia_774272862760870784_src1,comparison,599.578460791499,258.08586022924334,True,0.0,0.0,3,19.261093139648438,46.694884612063035,2.4076366424560547,5.836860576507879,False,ok
light_V_8s_2026_05_20-0030_flat_0p3_late_bias_cal.fits,2461181.677741667,8.0,gaia_774271076054448768_src2,comparison,1506.7178858234115,321.3162110314761,True,0.0,0.0,3,-16.714752197265625,46.67307098889954,-2.089344024658203,5.834133873612442,False,nonpositive_flux
light_V_8s_2026_05_20-0030_flat_0p3_late_bias_cal.fits,2461181.677741667,8.0,gaia_774384016513181696_src3,comparison,390.6121365600256,1254.514788035858,True,0.0,0.0,3,85.59373474121094,49.916884228433936,10.699216842651367,6.239610528554242,False,ok
light_V_8s_2026_05_20-0030_flat_0p3_late_bias_cal.fits,2461181.677741667,8.0,gaia_774289041901756032_src4,comparison,2041.387437507543,1442.3507498915358,True,0.0,0.0,3,-14.021980285644531,47.278918440189436,-1.7527475357055664,5.9098648050236795,False,nonpositive_flux
light_V_8s_2026_05_20-0030_flat_0p3_late_bias_cal.fits,2461181.677741667,8.0,gaia_774287774887292672_src5,comparison,2033.8085843345157,1080.733577355526,True,0.0,0.0,3,22.633148193359375,45.69126564355865,2.829143524169922,5.711408205444831,False,ok
light_V_8s_2026_05_20-0030_flat_0p3_late_bias_cal.fits,2461181.677741667,8.0,gaia_774289488578357504_src6,comparison,940.6541235197662,1100.4907732876518,True,0.0,0.0,3,-39.40122985839844,46.85090735955759,-4.925153732299805,5.856363419944699,False,nonpositive_flux
light_V_8s_2026_05_20-0030_flat_0p3_late_bias_cal.fits,2461181.677741667,8.0,gaia_774288805679445888_src7,comparison,1944.5979695251317,1351.7388630834228,True,0.0,0.0,3,7.7572784423828125,45.02426292927895,0.9696598052978516,5.628032866159868,False,ok
light_V_8s_2026_05_20-0030_flat_0p3_late_bias_cal.fits,2461181.677741667,8.0,gaia_774290626745586944_src8,comparison,1071.4610770076736,1433.9985575432859,True,0.0,0.0,3,60.65126037597656,45.09290781800199,7.58140754699707,5.636613477250249,False,ok
light_V_8s_2026_05_20-0030_flat_0p3_late_bias_cal.fits,2461181.677741667,8.0,DN_UMa,check,1776.8841876921053,678.9947481700123,True,0.0,0.0,3,2206001.872619629,9130.623326288089,275750.2340774536,1141.327915786011,False,ok
light_V_8s_2026_05_20-0030_flat_0p3_late_bias_cal.fits,2461181.677741667,8.0,HD_103405,comparison,1080.2216561656435,142.2943575591351,True,0.0,0.0,3,108609.9168548584,494.40006274845393,13576.2396068573,61.80000784355674,False,ok
light_V_8s_2026_05_20-0030_flat_0p3_late_bias_cal.fits,2461181.677741667,8.0,TYC_3452_787_1,comparison,286.14804418933556,745.61356707837,True,0.0,0.0,3,144614.34101867676,616.2452845530884,18076.792627334595,77.03066056913605,False,ok
light_V_8s_2026_05_20-0030_flat_0p3_late_bias_cal.fits,2461181.677741667,8.0,HD_103187,comparison,2.05192329267295,1503.2239344228853,True,0.0,0.0,3,,,,,False,edge
light_V_8s_2026_05_20-0031_flat_0p3_late_bias_cal.fits,2461181.6779328706,8.0,target,target,1851.2453709518036,624.5238527037649,True,0.0,0.0,3,1659232.3740234375,5057.510862785337,207404.0467529297,632.1888578481671,False,ok
light_V_8s_2026_05_20-0031_flat_0p3_late_bias_cal.fits,2461181.6779328706,8.0,gaia_774272862760870784_src1,comparison,599.578460791499,258.08586022924334,True,0.0,0.0,3,5.19512939453125,44.92673922110139,0.6493911743164062,5.615842402637674,False,ok
light_V_8s_2026_05_20-0031_flat_0p3_late_bias_cal.fits,2461181.6779328706,8.0,gaia_774271076054448768_src2,comparison,1506.7178858234115,321.3162110314761,True,0.0,0.0,3,-31.96746063232422,48.53148526732908,-3.9959325790405273,6.066435658416135,False,nonpositive_flux
light_V_8s_2026_05_20-0031_flat_0p3_late_bias_cal.fits,2461181.6779328706,8.0,gaia_774384016513181696_src3,comparison,390.6121365600256,1254.514788035858,True,0.0,0.0,3,-0.9996185302734375,46.06937407827023,-0.12495231628417969,5.758671759783779,False,nonpositive_flux
light_V_8s_2026_05_20-0031_flat_0p3_late_bias_cal.fits,2461181.6779328706,8.0,gaia_774289041901756032_src4,comparison,2041.387437507543,1442.3507498915358,True,0.0,0.0,3,40.39436340332031,44.943499829488076,5.049295425415039,5.6179374786860095,False,ok
light_V_8s_2026_05_20-0031_flat_0p3_late_bias_cal.fits,2461181.6779328706,8.0,gaia_774287774887292672_src5,comparison,2033.8085843345157,1080.733577355526,True,0.0,0.0,3,99.74495697021484,45.905685508011786,12.468119621276855,5.738210688501473,False,ok
light_V_8s_2026_05_20-0031_flat_0p3_late_bias_cal.fits,2461181.6779328706,8.0,gaia_774289488578357504_src6,comparison,940.6541235197662,1100.4907732876518,True,0.0,0.0,3,-14.674835205078125,45.287445657606675,-1.8343544006347656,5.660930707200834,False,nonpositive_flux
light_V_8s_2026_05_20-0031_flat_0p3_late_bias_cal.fits,2461181.6779328706,8.0,gaia_774288805679445888_src7,comparison,1944.5979695251317,1351.7388630834228,True,0.0,0.0,3,69.1046142578125,45.86115707610959,8.638076782226562,5.732644634513699,False,ok
light_V_8s_2026_05_20-0031_flat_0p3_late_bias_cal.fits,2461181.6779328706,8.0,gaia_774290626745586944_src8,comparison,1071.4610770076736,1433.9985575432859,True,0.0,0.0,3,-42.71977233886719,44.44977673204814,-5.339971542358398,5.556222091506018,False,nonpositive_flux
light_V_8s_2026_05_20-0031_flat_0p3_late_bias_cal.fits,2461181.6779328706,8.0,DN_UMa,check,1776.4853518730451,678.8980042210208,True,0.0,0.0,3,2428525.2006835938,8701.238998898096,303565.6500854492,1087.654874862262,False,ok
light_V_8s_2026_05_20-0031_flat_0p3_late_bias_cal.fits,2461181.6779328706,8.0,HD_103405,comparison,1079.6635665676324,142.23824219957268,True,0.0,0.0,3,115159.9188079834,481.17394820052834,14394.989850997925,60.14674352506604,False,ok
light_V_8s_2026_05_20-0031_flat_0p3_late_bias_cal.fits,2461181.6779328706,8.0,TYC_3452_787_1,comparison,285.41382716002715,745.4664236386745,True,0.0,0.0,3,151646.56869506836,600.1794426680586,18955.821086883545,75.02243033350733,False,ok
light_V_8s_2026_05_20-0031_flat_0p3_late_bias_cal.fits,2461181.6779328706,8.0,HD_103187,comparison,1.9463038042010317,1505.3461393626708,True,0.0,0.0,3,,,,,False,edge
light_V_8s_2026_05_20-0032_flat_0p3_late_bias_cal.fits,2461181.6781244213,8.0,target,target,1851.9018065870985,623.9284744840153,True,0.0,0.0,3,1229097.8540039062,6444.456780344142,153637.23175048828,805.5570975430178,False,ok
light_V_8s_2026_05_20-0032_flat_0p3_late_bias_cal.fits,2461181.6781244213,8.0,gaia_774272862760870784_src1,comparison,599.578460791499,258.08586022924334,True,0.0,0.0,3,-32.817413330078125,44.38724987140418,-4.102176666259766,5.5484062339255225,False,nonpositive_flux
light_V_8s_2026_05_20-0032_flat_0p3_late_bias_cal.fits,2461181.6781244213,8.0,gaia_774271076054448768_src2,comparison,1506.7178858234115,321.3162110314761,True,0.0,0.0,3,-7.274452209472656,45.611081180545646,-0.909306526184082,5.701385147568206,False,nonpositive_flux
light_V_8s_2026_05_20-0032_flat_0p3_late_bias_cal.fits,2461181.6781244213,8.0,gaia_774384016513181696_src3,comparison,390.6121365600256,1254.514788035858,True,0.0,0.0,3,39.834800720214844,45.799877145567805,4.9793500900268555,5.724984643195976,False,ok
light_V_8s_2026_05_20-0032_flat_0p3_late_bias_cal.fits,2461181.6781244213,8.0,gaia_774289041901756032_src4,comparison,2041.387437507543,1442.3507498915358,True,0.0,0.0,3,-44.969573974609375,49.31113481478265,-5.621196746826172,6.163891851847831,False,nonpositive_flux
light_V_8s_2026_05_20-0032_flat_0p3_late_bias_cal.fits,2461181.6781244213,8.0,gaia_774287774887292672_src5,comparison,2033.8085843345157,1080.733577355526,True,0.0,0.0,3,-2.235076904296875,44.67832866736838,-0.2793846130371094,5.584791083421048,False,nonpositive_flux
light_V_8s_2026_05_20-0032_flat_0p3_late_bias_cal.fits,2461181.6781244213,8.0,gaia_774289488578357504_src6,comparison,940.6541235197662,1100.4907732876518,True,0.0,0.0,3,-1.1751861572265625,43.46125251570026,-0.1468982696533203,5.432656564462532,False,nonpositive_flux
light_V_8s_2026_05_20-0032_flat_0p3_late_bias_cal.fits,2461181.6781244213,8.0,gaia_774288805679445888_src7,comparison,1944.5979695251317,1351.7388630834228,True,0.0,0.0,3,-7.852294921875,44.73792986391785,-0.981536865234375,5.592241232989731,False,nonpositive_flux
light_V_8s_2026_05_20-0032_flat_0p3_late_bias_cal.fits,2461181.6781244213,8.0,gaia_774290626745586944_src8,comparison,1071.4610770076736,1433.9985575432859,True,0.0,0.0,3,-11.279647827148438,44.09647857992743,-1.4099559783935547,5.5120598224909285,False,nonpositive_flux
light_V_8s_2026_05_20-0032_flat_0p3_late_bias_cal.fits,2461181.6781244213,8.0,DN_UMa,check,1777.1343558893618,678.3013967522112,True,0.0,0.0,3,1857139.8718261719,11210.014377564097,232142.48397827148,1401.2517971955122,False,ok
light_V_8s_2026_05_20-0032_flat_0p3_late_bias_cal.fits,2461181.6781244213,8.0,HD_103405,comparison,1080.5030292116394,141.52872509067055,True,0.0,0.0,3,89285.80157470703,550.6409397980078,11160.725196838379,68.83011747475098,False,ok
light_V_8s_2026_05_20-0032_flat_0p3_late_bias_cal.fits,2461181.6781244213,8.0,TYC_3452_787_1,comparison,286.2198984158885,744.6453000361612,True,0.0,0.0,3,115738.82580566406,723.0515997683839,14467.353225708008,90.38144997104799,False,ok
light_V_8s_2026_05_20-0032_flat_0p3_late_bias_cal.fits,2461181.6781244213,8.0,HD_103187,comparison,1.9252217066857527,1506.0180740046167,True,0.0,0.0,3,,,,,False,edge
light_V_8s_2026_05_20-0033_flat_0p3_late_bias_cal.fits,2461181.678316204,8.0,target,target,1852.8070034925852,625.9385217266729,True,0.0,0.0,3,1734018.0264282227,4641.358761560823,216752.25330352783,580.1698451951029,False,ok
light_V_8s_2026_05_20-0033_flat_0p3_late_bias_cal.fits,2461181.678316204,8.0,gaia_774272862760870784_src1,comparison,599.578460791499,258.08586022924334,True,0.0,0.0,3,-36.12586212158203,46.00895136984896,-4.515732765197754,5.75111892123112,False,nonpositive_flux
light_V_8s_2026_05_20-0033_flat_0p3_late_bias_cal.fits,2461181.678316204,8.0,gaia_774271076054448768_src2,comparison,1506.7178858234115,321.3162110314761,True,0.0,0.0,3,24.51557159423828,45.64944554922228,3.064446449279785,5.706180693652785,False,ok
light_V_8s_2026_05_20-0033_flat_0p3_late_bias_cal.fits,2461181.678316204,8.0,gaia_774384016513181696_src3,comparison,390.6121365600256,1254.514788035858,True,0.0,0.0,3,-94.3645248413086,45.22834438336555,-11.795565605163574,5.653543047920694,False,nonpositive_flux
light_V_8s_2026_05_20-0033_flat_0p3_late_bias_cal.fits,2461181.678316204,8.0,gaia_774289041901756032_src4,comparison,2041.387437507543,1442.3507498915358,True,0.0,0.0,3,-1.3369522094726562,44.02305359849944,-0.16711902618408203,5.50288169981243,False,nonpositive_flux
light_V_8s_2026_05_20-0033_flat_0p3_late_bias_cal.fits,2461181.678316204,8.0,gaia_774287774887292672_src5,comparison,2033.8085843345157,1080.733577355526,True,0.0,0.0,3,23.352920532226562,42.567005187463785,2.9191150665283203,5.320875648432973,False,ok
light_V_8s_2026_05_20-0033_flat_0p3_late_bias_cal.fits,2461181.678316204,8.0,gaia_774289488578357504_src6,comparison,940.6541235197662,1100.4907732876518,True,0.0,0.0,3,43.54302978515625,44.53319837224913,5.442878723144531,5.5666497965311414,False,ok
light_V_8s_2026_05_20-0033_flat_0p3_late_bias_cal.fits,2461181.678316204,8.0,gaia_774288805679445888_src7,comparison,1944.5979695251317,1351.7388630834228,True,0.0,0.0,3,-65.93773651123047,47.63071110026349,-8.242217063903809,5.953838887532936,False,nonpositive_flux
light_V_8s_2026_05_20-0033_flat_0p3_late_bias_cal.fits,2461181.678316204,8.0,gaia_774290626745586944_src8,comparison,1071.4610770076736,1433.9985575432859,True,0.0,0.0,3,9.737556457519531,44.82334491998506,1.2171945571899414,5.602918114998133,False,ok
light_V_8s_2026_05_20-0033_flat_0p3_late_bias_cal.fits,2461181.678316204,8.0,DN_UMa,check,1777.9956000209836,680.4019631902595,True,0.0,0.0,3,2502420.1185302734,8062.891034395423,312802.5148162842,1007.8613792994279,False,ok
light_V_8s_2026_05_20-0033_flat_0p3_late_bias_cal.fits,2461181.678316204,8.0,HD_103405,comparison,1081.3956229938506,143.78561787790915,True,0.0,0.0,3,123063.88024902344,474.37670051590476,15382.98503112793,59.297087564488095,False,ok
light_V_8s_2026_05_20-0033_flat_0p3_late_bias_cal.fits,2461181.678316204,8.0,TYC_3452_787_1,comparison,287.26599972692344,746.9727293703359,True,0.0,0.0,3,158568.53676605225,585.2060897329967,19821.06709575653,73.15076121662459,False,ok
light_V_8s_2026_05_20-0033_flat_0p3_late_bias_cal.fits,2461181.678316204,8.0,HD_103187,comparison,1.9364820197364496,1506.0170228245777,True,0.0,0.0,3,,,,,False,edge
light_V_8s_2026_05_20-0034_flat_0p3_late_bias_cal.fits,2461181.6785078705,8.0,target,target,1853.8798420264045,626.2283938106516,True,0.0,0.0,3,1580868.876953125,5569.820315331881,197608.60961914062,696.2275394164851,False,ok
light_V_8s_2026_05_20-0034_flat_0p3_late_bias_cal.fits,2461181.6785078705,8.0,gaia_774272862760870784_src1,comparison,599.578460791499,258.08586022924334,True,0.0,0.0,3,-37.61682891845703,44.145541537834745,-4.702103614807129,5.518192692229343,False,nonpositive_flux
light_V_8s_2026_05_20-0034_flat_0p3_late_bias_cal.fits,2461181.6785078705,8.0,gaia_774271076054448768_src2,comparison,1506.7178858234115,321.3162110314761,True,0.0,0.0,3,-65.8879623413086,47.4616076002493,-8.235995292663574,5.932700950031163,False,nonpositive_flux
light_V_8s_2026_05_20-0034_flat_0p3_late_bias_cal.fits,2461181.6785078705,8.0,gaia_774384016513181696_src3,comparison,390.6121365600256,1254.514788035858,True,0.0,0.0,3,72.22777557373047,44.71264881681076,9.028471946716309,5.589081102101345,False,ok
light_V_8s_2026_05_20-0034_flat_0p3_late_bias_cal.fits,2461181.6785078705,8.0,gaia_774289041901756032_src4,comparison,2041.387437507543,1442.3507498915358,True,0.0,0.0,3,22.365177154541016,45.19788768356075,2.795647144317627,5.649735960445094,False,ok
light_V_8s_2026_05_20-0034_flat_0p3_late_bias_cal.fits,2461181.6785078705,8.0,gaia_774287774887292672_src5,comparison,2033.8085843345157,1080.733577355526,True,0.0,0.0,3,62.29747009277344,47.30661378809556,7.78718376159668,5.913326723511945,False,ok
light_V_8s_2026_05_20-0034_flat_0p3_late_bias_cal.fits,2461181.6785078705,8.0,gaia_774289488578357504_src6,comparison,940.6541235197662,1100.4907732876518,True,0.0,0.0,3,37.916175842285156,44.07547804546093,4.7395219802856445,5.509434755682617,False,ok
light_V_8s_2026_05_20-0034_flat_0p3_late_bias_cal.fits,2461181.6785078705,8.0,gaia_774288805679445888_src7,comparison,1944.5979695251317,1351.7388630834228,True,0.0,0.0,3,-16.884681701660156,45.6816236061669,-2.1105852127075195,5.710202950770863,False,nonpositive_flux
light_V_8s_2026_05_20-0034_flat_0p3_late_bias_cal.fits,2461181.6785078705,8.0,gaia_774290626745586944_src8,comparison,1071.4610770076736,1433.9985575432859,True,0.0,0.0,3,86.00714874267578,46.281661717162564,10.750893592834473,5.7852077146453205,False,ok
light_V_8s_2026_05_20-0034_flat_0p3_late_bias_cal.fits,2461181.6785078705,8.0,DN_UMa,check,1779.141743994797,680.6316251301997,True,0.0,0.0,3,2333065.9577941895,9159.208561134536,291633.2447242737,1144.901070141817,False,ok
light_V_8s_2026_05_20-0034_flat_0p3_late_bias_cal.fits,2461181.6785078705,8.0,HD_103405,comparison,1082.4709480149963,144.0932667830592,True,0.0,0.0,3,114312.02252197266,510.07621156149725,14289.002815246582,63.759526445187156,False,ok
light_V_8s_2026_05_20-0034_flat_0p3_late_bias_cal.fits,2461181.6785078705,8.0,TYC_3452_787_1,comparison,288.35539285781374,747.5269221464285,True,0.0,0.0,3,149857.2872619629,603.7888965352289,18732.16090774536,75.47361206690361,False,ok
light_V_8s_2026_05_20-0034_flat_0p3_late_bias_cal.fits,2461181.6785078705,8.0,HD_103187,comparison,2.0008267059514346,1505.8328660861216,True,0.0,0.0,3,,,,,False,edge
light_V_8s_2026_05_20-0035_flat_0p3_late_bias_cal.fits,2461181.678699537,8.0,target,target,1853.9799147628578,625.2421550896304,True,0.0,0.0,3,1729347.0052490234,4611.712957024546,216168.37565612793,576.4641196280683,False,ok
light_V_8s_2026_05_20-0035_flat_0p3_late_bias_cal.fits,2461181.678699537,8.0,gaia_774272862760870784_src1,comparison,599.578460791499,258.08586022924334,True,0.0,0.0,3,40.46244812011719,45.083235292333725,5.057806015014648,5.635404411541716,False,ok
light_V_8s_2026_05_20-0035_flat_0p3_late_bias_cal.fits,2461181.678699537,8.0,gaia_774271076054448768_src2,comparison,1506.7178858234115,321.3162110314761,True,0.0,0.0,3,97.13762664794922,45.93974443456254,12.142203330993652,5.742468054320318,False,ok
light_V_8s_2026_05_20-0035_flat_0p3_late_bias_cal.fits,2461181.678699537,8.0,gaia_774384016513181696_src3,comparison,390.6121365600256,1254.514788035858,True,0.0,0.0,3,74.19645690917969,46.25976778357528,9.274557113647461,5.78247097294691,False,ok
light_V_8s_2026_05_20-0035_flat_0p3_late_bias_cal.fits,2461181.678699537,8.0,gaia_774289041901756032_src4,comparison,2041.387437507543,1442.3507498915358,True,0.0,0.0,3,-17.31631088256836,46.45506630755935,-2.164538860321045,5.806883288444919,False,nonpositive_flux
light_V_8s_2026_05_20-0035_flat_0p3_late_bias_cal.fits,2461181.678699537,8.0,gaia_774287774887292672_src5,comparison,2033.8085843345157,1080.733577355526,True,0.0,0.0,3,84.25457763671875,47.63721298404578,10.531822204589844,5.954651623005723,False,ok
light_V_8s_2026_05_20-0035_flat_0p3_late_bias_cal.fits,2461181.678699537,8.0,gaia_774289488578357504_src6,comparison,940.6541235197662,1100.4907732876518,True,0.0,0.0,3,81.60066986083984,44.2335650460206,10.20008373260498,5.529195630752575,False,ok
light_V_8s_2026_05_20-0035_flat_0p3_late_bias_cal.fits,2461181.678699537,8.0,gaia_774288805679445888_src7,comparison,1944.5979695251317,1351.7388630834228,True,0.0,0.0,3,-43.23316192626953,47.02362275720935,-5.404145240783691,5.877952844651169,False,nonpositive_flux
light_V_8s_2026_05_20-0035_flat_0p3_late_bias_cal.fits,2461181.678699537,8.0,gaia_774290626745586944_src8,comparison,1071.4610770076736,1433.9985575432859,True,0.0,0.0,3,49.81951141357422,44.58730588057763,6.227438926696777,5.573413235072204,False,ok
light_V_8s_2026_05_20-0035_flat_0p3_late_bias_cal.fits,2461181.678699537,8.0,DN_UMa,check,1779.105518413026,679.6964481157297,True,0.0,0.0,3,2528481.454650879,7963.234661268303,316060.18183135986,995.4043326585379,False,ok
light_V_8s_2026_05_20-0035_flat_0p3_late_bias_cal.fits,2461181.678699537,8.0,HD_103405,comparison,1082.3839519676426,143.01499514182598,True,0.0,0.0,3,121329.05027008057,466.17744205210914,15166.13128376007,58.27218025651364,False,ok
light_V_8s_2026_05_20-0035_flat_0p3_late_bias_cal.fits,2461181.678699537,8.0,TYC_3452_787_1,comparison,288.244920996906,746.2776309410298,True,0.0,0.0,3,161898.86625671387,575.0541229677108,20237.358282089233,71.88176537096385,False,ok
light_V_8s_2026_05_20-0035_flat_0p3_late_bias_cal.fits,2461181.678699537,8.0,HD_103187,comparison,1.901167059759487,1504.758573983729,True,0.0,0.0,3,,,,,False,edge
light_V_8s_2026_05_20-0036_flat_0p3_late_bias_cal.fits,2461181.6788909724,8.0,target,target,1855.595569539936,625.1926241943427,True,0.0,0.0,3,1707527.5709533691,4919.061640931871,213440.94636917114,614.8827051164839,False,ok
light_V_8s_2026_05_20-0036_flat_0p3_late_bias_cal.fits,2461181.6788909724,8.0,gaia_774272862760870784_src1,comparison,599.578460791499,258.08586022924334,True,0.0,0.0,3,51.24376678466797,44.34644998084422,6.405470848083496,5.5433062476055275,False,ok
light_V_8s_2026_05_20-0036_flat_0p3_late_bias_cal.fits,2461181.6788909724,8.0,gaia_774271076054448768_src2,comparison,1506.7178858234115,321.3162110314761,True,0.0,0.0,3,-69.72069549560547,44.244319409730124,-8.715086936950684,5.530539926216266,False,nonpositive_flux
light_V_8s_2026_05_20-0036_flat_0p3_late_bias_cal.fits,2461181.6788909724,8.0,gaia_774384016513181696_src3,comparison,390.6121365600256,1254.514788035858,True,0.0,0.0,3,33.17717742919922,46.44717766561672,4.147147178649902,5.80589720820209,False,ok
light_V_8s_2026_05_20-0036_flat_0p3_late_bias_cal.fits,2461181.6788909724,8.0,gaia_774289041901756032_src4,comparison,2041.387437507543,1442.3507498915358,True,0.0,0.0,3,25.702312469482422,44.47607528807355,3.2127890586853027,5.559509411009194,False,ok
light_V_8s_2026_05_20-0036_flat_0p3_late_bias_cal.fits,2461181.6788909724,8.0,gaia_774287774887292672_src5,comparison,2033.8085843345157,1080.733577355526,True,0.0,0.0,3,64.01119995117188,43.983624894760496,8.001399993896484,5.497953111845062,False,ok
light_V_8s_2026_05_20-0036_flat_0p3_late_bias_cal.fits,2461181.6788909724,8.0,gaia_774289488578357504_src6,comparison,940.6541235197662,1100.4907732876518,True,0.0,0.0,3,-17.178123474121094,42.1996023257331,-2.1472654342651367,5.274950290716638,False,nonpositive_flux
light_V_8s_2026_05_20-0036_flat_0p3_late_bias_cal.fits,2461181.6788909724,8.0,gaia_774288805679445888_src7,comparison,1944.5979695251317,1351.7388630834228,True,0.0,0.0,3,-14.239997863769531,44.47575989741236,-1.7799997329711914,5.559469987176545,False,nonpositive_flux
light_V_8s_2026_05_20-0036_flat_0p3_late_bias_cal.fits,2461181.6788909724,8.0,gaia_774290626745586944_src8,comparison,1071.4610770076736,1433.9985575432859,True,0.0,0.0,3,36.337791442871094,46.21406253825385,4.542223930358887,5.776757817281731,False,ok
light_V_8s_2026_05_20-0036_flat_0p3_late_bias_cal.fits,2461181.6788909724,8.0,DN_UMa,check,1780.824254444153,679.5504053730921,True,0.0,0.0,3,2469407.2585144043,8732.390946590614,308675.90731430054,1091.5488683238268,False,ok
light_V_8s_2026_05_20-0036_flat_0p3_late_bias_cal.fits,2461181.6788909724,8.0,HD_103405,comparison,1083.938074476366,142.94434564603876,True,0.0,0.0,3,115896.36264038086,488.2328403294159,14487.045330047607,61.02910504117699,False,ok
light_V_8s_2026_05_20-0036_flat_0p3_late_bias_cal.fits,2461181.6788909724,8.0,TYC_3452_787_1,comparison,289.9871641427451,746.3192464938807,True,0.0,0.0,3,156048.2187576294,599.9988565784224,19506.027344703674,74.9998570723028,False,ok
light_V_8s_2026_05_20-0036_flat_0p3_late_bias_cal.fits,2461181.6788909724,8.0,HD_103187,comparison,2.058592181956572,1504.695770896913,True,0.0,0.0,3,,,,,False,edge
light_V_8s_2026_05_20-0037_flat_0p3_late_bias_cal.fits,2461181.67908206,8.0,target,target,1856.9468436787306,625.2413936189765,True,0.0,0.0,3,1731838.5299682617,4577.59131097773,216479.81624603271,572.1989138722163,False,ok
light_V_8s_2026_05_20-0037_flat_0p3_late_bias_cal.fits,2461181.67908206,8.0,gaia_774272862760870784_src1,comparison,599.578460791499,258.08586022924334,True,0.0,0.0,3,11.846343994140625,45.62477919062575,1.4807929992675781,5.703097398828219,False,ok
light_V_8s_2026_05_20-0037_flat_0p3_late_bias_cal.fits,2461181.67908206,8.0,gaia_774271076054448768_src2,comparison,1506.7178858234115,321.3162110314761,True,0.0,0.0,3,-40.775238037109375,46.327172089919095,-5.096904754638672,5.790896511239887,False,nonpositive_flux
light_V_8s_2026_05_20-0037_flat_0p3_late_bias_cal.fits,2461181.67908206,8.0,gaia_774384016513181696_src3,comparison,390.6121365600256,1254.514788035858,True,0.0,0.0,3,30.004371643066406,45.32041622811264,3.750546455383301,5.66505202851408,False,ok
light_V_8s_2026_05_20-0037_flat_0p3_late_bias_cal.fits,2461181.67908206,8.0,gaia_774289041901756032_src4,comparison,2041.387437507543,1442.3507498915358,True,0.0,0.0,3,55.746395111083984,46.20923610095599,6.968299388885498,5.776154512619499,False,ok
light_V_8s_2026_05_20-0037_flat_0p3_late_bias_cal.fits,2461181.67908206,8.0,gaia_774287774887292672_src5,comparison,2033.8085843345157,1080.733577355526,True,0.0,0.0,3,22.73267364501953,44.686960455363035,2.8415842056274414,5.585870056920379,False,ok
light_V_8s_2026_05_20-0037_flat_0p3_late_bias_cal.fits,2461181.67908206,8.0,gaia_774289488578357504_src6,comparison,940.6541235197662,1100.4907732876518,True,0.0,0.0,3,18.437393188476562,44.1471123102346,2.3046741485595703,5.518389038779325,False,ok
light_V_8s_2026_05_20-0037_flat_0p3_late_bias_cal.fits,2461181.67908206,8.0,gaia_774288805679445888_src7,comparison,1944.5979695251317,1351.7388630834228,True,0.0,0.0,3,-19.048851013183594,43.365448488917025,-2.381106376647949,5.420681061114628,False,nonpositive_flux
light_V_8s_2026_05_20-0037_flat_0p3_late_bias_cal.fits,2461181.67908206,8.0,gaia_774290626745586944_src8,comparison,1071.4610770076736,1433.9985575432859,True,0.0,0.0,3,68.50019836425781,42.974494495384526,8.562524795532227,5.371811811923066,False,ok
light_V_8s_2026_05_20-0037_flat_0p3_late_bias_cal.fits,2461181.67908206,8.0,DN_UMa,check,1782.1167922629247,679.6639602698052,True,0.0,0.0,3,2539888.766723633,8007.335616473215,317486.0958404541,1000.9169520591519,False,ok
light_V_8s_2026_05_20-0037_flat_0p3_late_bias_cal.fits,2461181.67908206,8.0,HD_103405,comparison,1085.5433182428578,143.08077216134018,True,0.0,0.0,3,124781.92346191406,466.65072986421376,15597.740432739258,58.33134123302672,False,ok
light_V_8s_2026_05_20-0037_flat_0p3_late_bias_cal.fits,2461181.67908206,8.0,TYC_3452_787_1,comparison,291.2655657207551,746.2536513961787,True,0.0,0.0,3,164307.00423812866,559.116880724532,20538.375529766083,69.8896100905665,False,ok
light_V_8s_2026_05_20-0037_flat_0p3_late_bias_cal.fits,2461181.67908206,8.0,HD_103187,comparison,1.9270081775372343,1504.437453460019,True,0.0,0.0,3,,,,,False,edge
light_V_8s_2026_05_20-0038_flat_0p3_late_bias_cal.fits,2461181.6792738424,8.0,target,target,1857.7752812991523,624.7275166038282,True,0.0,0.0,3,1431921.622619629,6073.3132074559635,178990.2028274536,759.1641509319954,False,ok
light_V_8s_2026_05_20-0038_flat_0p3_late_bias_cal.fits,2461181.6792738424,8.0,gaia_774272862760870784_src1,comparison,599.578460791499,258.08586022924334,True,0.0,0.0,3,61.80225372314453,45.07355411770267,7.725281715393066,5.634194264712834,False,ok
light_V_8s_2026_05_20-0038_flat_0p3_late_bias_cal.fits,2461181.6792738424,8.0,gaia_774271076054448768_src2,comparison,1506.7178858234115,321.3162110314761,True,0.0,0.0,3,-84.8355941772461,45.48604598298481,-10.604449272155762,5.685755747873102,False,nonpositive_flux
light_V_8s_2026_05_20-0038_flat_0p3_late_bias_cal.fits,2461181.6792738424,8.0,gaia_774384016513181696_src3,comparison,390.6121365600256,1254.514788035858,True,0.0,0.0,3,-11.492568969726562,42.468307002412566,-1.4365711212158203,5.308538375301571,False,nonpositive_flux
light_V_8s_2026_05_20-0038_flat_0p3_late_bias_cal.fits,2461181.6792738424,8.0,gaia_774289041901756032_src4,comparison,2041.387437507543,1442.3507498915358,True,0.0,0.0,3,-18.831336975097656,41.85762207352149,-2.353917121887207,5.232202759190186,False,nonpositive_flux
light_V_8s_2026_05_20-0038_flat_0p3_late_bias_cal.fits,2461181.6792738424,8.0,gaia_774287774887292672_src5,comparison,2033.8085843345157,1080.733577355526,True,0.0,0.0,3,76.77439880371094,46.060484567736054,9.596799850463867,5.757560570967007,False,ok
light_V_8s_2026_05_20-0038_flat_0p3_late_bias_cal.fits,2461181.6792738424,8.0,gaia_774289488578357504_src6,comparison,940.6541235197662,1100.4907732876518,True,0.0,0.0,3,-20.460342407226562,42.15450034138186,-2.5575428009033203,5.269312542672733,False,nonpositive_flux
light_V_8s_2026_05_20-0038_flat_0p3_late_bias_cal.fits,2461181.6792738424,8.0,gaia_774288805679445888_src7,comparison,1944.5979695251317,1351.7388630834228,True,0.0,0.0,3,-48.307533264160156,44.971757442838694,-6.0384416580200195,5.621469680354837,False,nonpositive_flux
light_V_8s_2026_05_20-0038_flat_0p3_late_bias_cal.fits,2461181.6792738424,8.0,gaia_774290626745586944_src8,comparison,1071.4610770076736,1433.9985575432859,True,0.0,0.0,3,-43.13270568847656,41.79217647117943,-5.39158821105957,5.224022058897429,False,nonpositive_flux
light_V_8s_2026_05_20-0038_flat_0p3_late_bias_cal.fits,2461181.6792738424,8.0,DN_UMa,check,1782.9287918471503,679.2016787624956,True,0.0,0.0,3,2084583.9979248047,10677.177318143325,260572.9997406006,1334.6471647679157,False,ok
light_V_8s_2026_05_20-0038_flat_0p3_late_bias_cal.fits,2461181.6792738424,8.0,HD_103405,comparison,1086.428303878224,142.4428397045694,True,0.0,0.0,3,100555.98085021973,546.0279484032135,12569.497606277466,68.25349355040169,False,ok
light_V_8s_2026_05_20-0038_flat_0p3_late_bias_cal.fits,2461181.6792738424,8.0,TYC_3452_787_1,comparison,292.11567682335607,745.7686644266222,True,0.0,0.0,3,130663.42526245117,680.7023766739082,16332.928157806396,85.08779708423853,False,ok
light_V_8s_2026_05_20-0038_flat_0p3_late_bias_cal.fits,2461181.6792738424,8.0,HD_103187,comparison,2.108604642954853,1505.9366304780885,True,0.0,0.0,3,,,,,False,edge
light_V_8s_2026_05_20-0039_flat_0p3_late_bias_cal.fits,2461181.6794653935,8.0,target,target,1857.918392345078,625.6809514288703,True,0.0,0.0,3,1816324.8464355469,4361.392725636006,227040.60580444336,545.1740907045007,False,ok
light_V_8s_2026_05_20-0039_flat_0p3_late_bias_cal.fits,2461181.6794653935,8.0,gaia_774272862760870784_src1,comparison,599.578460791499,258.08586022924334,True,0.0,0.0,3,63.973297119140625,45.349163681675066,7.996662139892578,5.668645460209383,False,ok
light_V_8s_2026_05_20-0039_flat_0p3_late_bias_cal.fits,2461181.6794653935,8.0,gaia_774271076054448768_src2,comparison,1506.7178858234115,321.3162110314761,True,0.0,0.0,3,-58.33631134033203,46.35837671519312,-7.292038917541504,5.79479708939914,False,nonpositive_flux
light_V_8s_2026_05_20-0039_flat_0p3_late_bias_cal.fits,2461181.6794653935,8.0,gaia_774384016513181696_src3,comparison,390.6121365600256,1254.514788035858,True,0.0,0.0,3,11.962814331054688,44.05467459188069,1.495351791381836,5.506834323985086,False,ok
light_V_8s_2026_05_20-0039_flat_0p3_late_bias_cal.fits,2461181.6794653935,8.0,gaia_774289041901756032_src4,comparison,2041.387437507543,1442.3507498915358,True,0.0,0.0,3,30.257801055908203,44.95818643221425,3.7822251319885254,5.619773304026781,False,ok
light_V_8s_2026_05_20-0039_flat_0p3_late_bias_cal.fits,2461181.6794653935,8.0,gaia_774287774887292672_src5,comparison,2033.8085843345157,1080.733577355526,True,0.0,0.0,3,-12.620552062988281,43.24439510638371,-1.5775690078735352,5.405549388297964,False,nonpositive_flux
light_V_8s_2026_05_20-0039_flat_0p3_late_bias_cal.fits,2461181.6794653935,8.0,gaia_774289488578357504_src6,comparison,940.6541235197662,1100.4907732876518,True,0.0,0.0,3,40.56364440917969,42.5919926101164,5.070455551147461,5.32399907626455,False,ok
light_V_8s_2026_05_20-0039_flat_0p3_late_bias_cal.fits,2461181.6794653935,8.0,gaia_774288805679445888_src7,comparison,1944.5979695251317,1351.7388630834228,True,0.0,0.0,3,54.185401916503906,42.39884009655343,6.773175239562988,5.2998550120691785,False,ok
light_V_8s_2026_05_20-0039_flat_0p3_late_bias_cal.fits,2461181.6794653935,8.0,gaia_774290626745586944_src8,comparison,1071.4610770076736,1433.9985575432859,True,0.0,0.0,3,-35.48016357421875,45.09882591203464,-4.435020446777344,5.63735323900433,False,nonpositive_flux
light_V_8s_2026_05_20-0039_flat_0p3_late_bias_cal.fits,2461181.6794653935,8.0,DN_UMa,check,1783.098282324781,680.1604687697625,True,0.0,0.0,3,2624591.8919677734,7605.060152105376,328073.9864959717,950.632519013172,True,saturated
light_V_8s_2026_05_20-0039_flat_0p3_late_bias_cal.fits,2461181.6794653935,8.0,HD_103405,comparison,1086.3714004645894,143.48236701516663,True,0.0,0.0,3,126296.61210632324,467.3892739115656,15787.076513290405,58.4236592389457,False,ok
light_V_8s_2026_05_20-0039_flat_0p3_late_bias_cal.fits,2461181.6794653935,8.0,TYC_3452_787_1,comparison,292.2028853526647,746.8383737866199,True,0.0,0.0,3,168199.76859283447,575.878135874025,21024.97107410431,71.98476698425313,False,ok
light_V_8s_2026_05_20-0039_flat_0p3_late_bias_cal.fits,2461181.6794653935,8.0,HD_103187,comparison,1.987134387842994,1506.1475686799727,True,0.0,0.0,3,,,,,False,edge
light_V_8s_2026_05_20-0040_flat_0p3_late_bias_cal.fits,2461181.679657176,8.0,target,target,1858.9749501716174,625.5002803037524,True,0.0,0.0,3,1704307.9855957031,4698.483098687164,213038.4981994629,587.3103873358955,False,ok
light_V_8s_2026_05_20-0040_flat_0p3_late_bias_cal.fits,2461181.679657176,8.0,gaia_774272862760870784_src1,comparison,599.578460791499,258.08586022924334,True,0.0,0.0,3,-64.03524780273438,45.625910988273546,-8.004405975341797,5.703238873534193,False,nonpositive_flux
light_V_8s_2026_05_20-0040_flat_0p3_late_bias_cal.fits,2461181.679657176,8.0,gaia_774271076054448768_src2,comparison,1506.7178858234115,321.3162110314761,True,0.0,0.0,3,-7.1755218505859375,43.77104001276659,-0.8969402313232422,5.471380001595824,False,nonpositive_flux
light_V_8s_2026_05_20-0040_flat_0p3_late_bias_cal.fits,2461181.679657176,8.0,gaia_774384016513181696_src3,comparison,390.6121365600256,1254.514788035858,True,0.0,0.0,3,65.3326416015625,46.338601192660434,8.166580200195312,5.792325149082554,False,ok
light_V_8s_2026_05_20-0040_flat_0p3_late_bias_cal.fits,2461181.679657176,8.0,gaia_774289041901756032_src4,comparison,2041.387437507543,1442.3507498915358,True,0.0,0.0,3,34.86259841918945,45.14397081934868,4.357824802398682,5.642996352418585,False,ok
light_V_8s_2026_05_20-0040_flat_0p3_late_bias_cal.fits,2461181.679657176,8.0,gaia_774287774887292672_src5,comparison,2033.8085843345157,1080.733577355526,True,0.0,0.0,3,-17.574745178222656,41.737511341784675,-2.196843147277832,5.217188917723084,False,nonpositive_flux
light_V_8s_2026_05_20-0040_flat_0p3_late_bias_cal.fits,2461181.679657176,8.0,gaia_774289488578357504_src6,comparison,940.6541235197662,1100.4907732876518,True,0.0,0.0,3,-14.9947509765625,43.86399622626246,-1.8743438720703125,5.482999528282807,False,nonpositive_flux
light_V_8s_2026_05_20-0040_flat_0p3_late_bias_cal.fits,2461181.679657176,8.0,gaia_774288805679445888_src7,comparison,1944.5979695251317,1351.7388630834228,True,0.0,0.0,3,-45.10209655761719,44.047276122562046,-5.637762069702148,5.505909515320256,False,nonpositive_flux
light_V_8s_2026_05_20-0040_flat_0p3_late_bias_cal.fits,2461181.679657176,8.0,gaia_774290626745586944_src8,comparison,1071.4610770076736,1433.9985575432859,True,0.0,0.0,3,0.4299163818359375,43.15813291068001,0.05373954772949219,5.394766613835001,False,ok
light_V_8s_2026_05_20-0040_flat_0p3_late_bias_cal.fits,2461181.679657176,8.0,DN_UMa,check,1784.1848445721164,679.9258488186899,True,0.0,0.0,3,2458682.77734375,8068.031575295889,307335.34716796875,1008.5039469119861,False,ok
light_V_8s_2026_05_20-0040_flat_0p3_late_bias_cal.fits,2461181.679657176,8.0,HD_103405,comparison,1087.493882867169,143.44959573962618,True,0.0,0.0,3,120874.24676513672,465.0681770254432,15109.28084564209,58.1335221281804,False,ok
light_V_8s_2026_05_20-0040_flat_0p3_late_bias_cal.fits,2461181.679657176,8.0,TYC_3452_787_1,comparison,293.42530345778584,746.8196557734232,True,0.0,0.0,3,159820.77558898926,568.3951284346496,19977.596948623657,71.0493910543312,False,ok
light_V_8s_2026_05_20-0040_flat_0p3_late_bias_cal.fits,2461181.679657176,8.0,HD_103187,comparison,2.0689279993980256,1505.3347089210695,True,0.0,0.0,3,,,,,False,edge
light_V_8s_2026_05_20-0041_flat_0p3_late_bias_cal.fits,2461181.679848843,8.0,target,target,1858.2795889060212,626.3976999128325,True,0.0,0.0,3,1591310.78515625,5114.136281408766,198913.84814453125,639.2670351760958,False,ok
light_V_8s_2026_05_20-0041_flat_0p3_late_bias_cal.fits,2461181.679848843,8.0,gaia_774272862760870784_src1,comparison,599.578460791499,258.08586022924334,True,0.0,0.0,3,-20.988418579101562,43.765086692636345,-2.6235523223876953,5.470635836579543,False,nonpositive_flux
light_V_8s_2026_05_20-0041_flat_0p3_late_bias_cal.fits,2461181.679848843,8.0,gaia_774271076054448768_src2,comparison,1506.7178858234115,321.3162110314761,True,0.0,0.0,3,-97.0591049194336,46.13593814841195,-12.1323881149292,5.766992268551494,False,nonpositive_flux
light_V_8s_2026_05_20-0041_flat_0p3_late_bias_cal.fits,2461181.679848843,8.0,gaia_774384016513181696_src3,comparison,390.6121365600256,1254.514788035858,True,0.0,0.0,3,77.78215026855469,44.503969375904866,9.722768783569336,5.562996171988108,False,ok
light_V_8s_2026_05_20-0041_flat_0p3_late_bias_cal.fits,2461181.679848843,8.0,gaia_774289041901756032_src4,comparison,2041.387437507543,1442.3507498915358,True,0.0,0.0,3,50.4636116027832,45.03662885952011,6.3079514503479,5.629578607440013,False,ok
light_V_8s_2026_05_20-0041_flat_0p3_late_bias_cal.fits,2461181.679848843,8.0,gaia_774287774887292672_src5,comparison,2033.8085843345157,1080.733577355526,True,0.0,0.0,3,-24.684677124023438,43.572373762837245,-3.0855846405029297,5.446546720354656,False,nonpositive_flux
light_V_8s_2026_05_20-0041_flat_0p3_late_bias_cal.fits,2461181.679848843,8.0,gaia_774289488578357504_src6,comparison,940.6541235197662,1100.4907732876518,True,0.0,0.0,3,50.41090393066406,42.71450570839368,6.301362991333008,5.33931321354921,False,ok
light_V_8s_2026_05_20-0041_flat_0p3_late_bias_cal.fits,2461181.679848843,8.0,gaia_774288805679445888_src7,comparison,1944.5979695251317,1351.7388630834228,True,0.0,0.0,3,57.40971374511719,46.71999892588987,7.176214218139648,5.8399998657362335,False,ok
light_V_8s_2026_05_20-0041_flat_0p3_late_bias_cal.fits,2461181.679848843,8.0,gaia_774290626745586944_src8,comparison,1071.4610770076736,1433.9985575432859,True,0.0,0.0,3,-55.04066467285156,41.72573603307195,-6.880083084106445,5.215717004133993,False,nonpositive_flux
light_V_8s_2026_05_20-0041_flat_0p3_late_bias_cal.fits,2461181.679848843,8.0,DN_UMa,check,1783.5457115539214,680.7944218389337,True,0.0,0.0,3,2321375.7082214355,8782.775125607726,290171.96352767944,1097.8468907009658,False,ok
light_V_8s_2026_05_20-0041_flat_0p3_late_bias_cal.fits,2461181.679848843,8.0,HD_103405,comparison,1086.7816232701791,144.17445897777387,True,0.0,0.0,3,111923.14250183105,487.6326960457295,13990.392812728882,60.95408700571619,False,ok
light_V_8s_2026_05_20-0041_flat_0p3_late_bias_cal.fits,2461181.679848843,8.0,TYC_3452_787_1,comparison,292.70477305542636,747.4965260721322,True,0.0,0.0,3,149944.7042236328,600.96296238292,18743.0880279541,75.120370297865,False,ok
light_V_8s_2026_05_20-0041_flat_0p3_late_bias_cal.fits,2461181.679848843,8.0,HD_103187,comparison,2.110417901240878,1506.5832167950853,True,0.0,0.0,3,,,,,False,edge
light_V_8s_2026_05_20-0042_flat_0p3_late_bias_cal.fits,2461181.6800405094,8.0,target,target,1858.7281285777538,624.4196237957163,True,0.0,0.0,3,1575867.9125976562,5204.225807651051,196983.48907470703,650.5282259563813,False,ok
light_V_8s_2026_05_20-0042_flat_0p3_late_bias_cal.fits,2461181.6800405094,8.0,gaia_774272862760870784_src1,comparison,599.578460791499,258.08586022924334,True,0.0,0.0,3,51.19410705566406,43.544057266339,6.399263381958008,5.443007158292375,False,ok
light_V_8s_2026_05_20-0042_flat_0p3_late_bias_cal.fits,2461181.6800405094,8.0,gaia_774271076054448768_src2,comparison,1506.7178858234115,321.3162110314761,True,0.0,0.0,3,-42.97266387939453,42.9880392564371,-5.371582984924316,5.373504907054637,False,nonpositive_flux
light_V_8s_2026_05_20-0042_flat_0p3_late_bias_cal.fits,2461181.6800405094,8.0,gaia_774384016513181696_src3,comparison,390.6121365600256,1254.514788035858,True,0.0,0.0,3,44.07715606689453,45.90863945033781,5.509644508361816,5.738579931292226,False,ok
light_V_8s_2026_05_20-0042_flat_0p3_late_bias_cal.fits,2461181.6800405094,8.0,gaia_774289041901756032_src4,comparison,2041.387437507543,1442.3507498915358,True,0.0,0.0,3,-29.798995971679688,45.6846894833437,-3.724874496459961,5.710586185417963,False,nonpositive_flux
light_V_8s_2026_05_20-0042_flat_0p3_late_bias_cal.fits,2461181.6800405094,8.0,gaia_774287774887292672_src5,comparison,2033.8085843345157,1080.733577355526,True,0.0,0.0,3,1.1204299926757812,42.91976166843778,0.14005374908447266,5.364970208554722,False,ok
light_V_8s_2026_05_20-0042_flat_0p3_late_bias_cal.fits,2461181.6800405094,8.0,gaia_774289488578357504_src6,comparison,940.6541235197662,1100.4907732876518,True,0.0,0.0,3,32.112213134765625,42.98045308212457,4.014026641845703,5.372556635265571,False,ok
light_V_8s_2026_05_20-0042_flat_0p3_late_bias_cal.fits,2461181.6800405094,8.0,gaia_774288805679445888_src7,comparison,1944.5979695251317,1351.7388630834228,True,0.0,0.0,3,18.821128845214844,42.043053071106264,2.3526411056518555,5.255381633888283,False,ok
light_V_8s_2026_05_20-0042_flat_0p3_late_bias_cal.fits,2461181.6800405094,8.0,gaia_774290626745586944_src8,comparison,1071.4610770076736,1433.9985575432859,True,0.0,0.0,3,45.198486328125,43.8249610055249,5.649810791015625,5.478120125690612,False,ok
light_V_8s_2026_05_20-0042_flat_0p3_late_bias_cal.fits,2461181.6800405094,8.0,DN_UMa,check,1783.8894684486988,678.8565529144935,True,0.0,0.0,3,2227209.356689453,8980.859135926486,278401.16958618164,1122.6073919908108,False,ok
light_V_8s_2026_05_20-0042_flat_0p3_late_bias_cal.fits,2461181.6800405094,8.0,HD_103405,comparison,1087.0699249840648,142.13819981339847,True,0.0,0.0,3,106553.4073600769,479.24231946602544,13319.175920009613,59.90528993325318,False,ok
light_V_8s_2026_05_20-0042_flat_0p3_late_bias_cal.fits,2461181.6800405094,8.0,TYC_3452_787_1,comparison,292.9322365782382,745.4755293979165,True,0.0,0.0,3,148441.43725585938,597.1912527497916,18555.179656982422,74.64890659372395,False,ok
light_V_8s_2026_05_20-0042_flat_0p3_late_bias_cal.fits,2461181.6800405094,8.0,HD_103187,comparison,2.0735279510022675,1504.4068533375514,True,0.0,0.0,3,,,,,False,edge
light_V_8s_2026_05_20-0043_flat_0p3_late_bias_cal.fits,2461181.6802317128,8.0,target,target,1860.093866244015,623.7423407401877,True,0.0,0.0,3,1541133.8371582031,5338.504238701068,192641.7296447754,667.3130298376335,False,ok
light_V_8s_2026_05_20-0043_flat_0p3_late_bias_cal.fits,2461181.6802317128,8.0,gaia_774272862760870784_src1,comparison,599.578460791499,258.08586022924334,True,0.0,0.0,3,-56.62657165527344,45.66287095706994,-7.07832145690918,5.707858869633743,False,nonpositive_flux
light_V_8s_2026_05_20-0043_flat_0p3_late_bias_cal.fits,2461181.6802317128,8.0,gaia_774271076054448768_src2,comparison,1506.7178858234115,321.3162110314761,True,0.0,0.0,3,-13.755973815917969,43.233054510220434,-1.719496726989746,5.404131813777554,False,nonpositive_flux
light_V_8s_2026_05_20-0043_flat_0p3_late_bias_cal.fits,2461181.6802317128,8.0,gaia_774384016513181696_src3,comparison,390.6121365600256,1254.514788035858,True,0.0,0.0,3,25.73517608642578,42.303005495970375,3.2168970108032227,5.287875686996297,False,ok
light_V_8s_2026_05_20-0043_flat_0p3_late_bias_cal.fits,2461181.6802317128,8.0,gaia_774289041901756032_src4,comparison,2041.387437507543,1442.3507498915358,True,0.0,0.0,3,13.187381744384766,45.895339395038945,1.6484227180480957,5.736917424379868,False,ok
light_V_8s_2026_05_20-0043_flat_0p3_late_bias_cal.fits,2461181.6802317128,8.0,gaia_774287774887292672_src5,comparison,2033.8085843345157,1080.733577355526,True,0.0,0.0,3,3.3171157836914062,43.96825641639068,0.4146394729614258,5.496032052048835,False,ok
light_V_8s_2026_05_20-0043_flat_0p3_late_bias_cal.fits,2461181.6802317128,8.0,gaia_774289488578357504_src6,comparison,940.6541235197662,1100.4907732876518,True,0.0,0.0,3,-28.30585479736328,42.402332460405425,-3.53823184967041,5.300291557550678,False,nonpositive_flux
light_V_8s_2026_05_20-0043_flat_0p3_late_bias_cal.fits,2461181.6802317128,8.0,gaia_774288805679445888_src7,comparison,1944.5979695251317,1351.7388630834228,True,0.0,0.0,3,-23.1217041015625,43.63572180778458,-2.8902130126953125,5.454465225973072,False,nonpositive_flux
light_V_8s_2026_05_20-0043_flat_0p3_late_bias_cal.fits,2461181.6802317128,8.0,gaia_774290626745586944_src8,comparison,1071.4610770076736,1433.9985575432859,True,0.0,0.0,3,52.25072479248047,44.0684345007614,6.531340599060059,5.508554312595175,False,ok
light_V_8s_2026_05_20-0043_flat_0p3_late_bias_cal.fits,2461181.6802317128,8.0,DN_UMa,check,1785.3024766661133,678.1314484799984,True,0.0,0.0,3,2255735.6875,9183.045444865826,281966.9609375,1147.8806806082282,False,ok
light_V_8s_2026_05_20-0043_flat_0p3_late_bias_cal.fits,2461181.6802317128,8.0,HD_103405,comparison,1088.5269275970072,141.20422826002138,True,0.0,0.0,3,110935.36199188232,491.4596075952908,13866.92024898529,61.43245094941135,False,ok
light_V_8s_2026_05_20-0043_flat_0p3_late_bias_cal.fits,2461181.6802317128,8.0,TYC_3452_787_1,comparison,294.49220750997824,744.2900397441447,True,0.0,0.0,3,146811.01599121094,615.2053334976564,18351.376998901367,76.90066668720705,False,ok
light_V_8s_2026_05_20-0043_flat_0p3_late_bias_cal.fits,2461181.6802317128,8.0,HD_103187,comparison,2.1901197382685886,1503.2116284871697,True,0.0,0.0,3,,,,,False,edge
light_V_8s_2026_05_20-0044_flat_0p3_late_bias_cal.fits,2461181.6804236113,8.0,target,target,1861.200366586603,623.6165231832829,True,0.0,0.0,3,1829504.2768554688,4293.134786489264,228688.0346069336,536.641848311158,False,ok
light_V_8s_2026_05_20-0044_flat_0p3_late_bias_cal.fits,2461181.6804236113,8.0,gaia_774272862760870784_src1,comparison,599.578460791499,258.08586022924334,True,0.0,0.0,3,-33.295738220214844,43.84732857039365,-4.1619672775268555,5.480916071299206,False,nonpositive_flux
light_V_8s_2026_05_20-0044_flat_0p3_late_bias_cal.fits,2461181.6804236113,8.0,gaia_774271076054448768_src2,comparison,1506.7178858234115,321.3162110314761,True,0.0,0.0,3,-50.11293029785156,43.5959518965505,-6.264116287231445,5.449493987068813,False,nonpositive_flux
light_V_8s_2026_05_20-0044_flat_0p3_late_bias_cal.fits,2461181.6804236113,8.0,gaia_774384016513181696_src3,comparison,390.6121365600256,1254.514788035858,True,0.0,0.0,3,54.10143280029297,43.92196128438562,6.762679100036621,5.490245160548202,False,ok
light_V_8s_2026_05_20-0044_flat_0p3_late_bias_cal.fits,2461181.6804236113,8.0,gaia_774289041901756032_src4,comparison,2041.387437507543,1442.3507498915358,True,0.0,0.0,3,133.52589416503906,45.63384798361432,16.690736770629883,5.70423099795179,False,ok
light_V_8s_2026_05_20-0044_flat_0p3_late_bias_cal.fits,2461181.6804236113,8.0,gaia_774287774887292672_src5,comparison,2033.8085843345157,1080.733577355526,True,0.0,0.0,3,-31.00257110595703,43.28605289120494,-3.875321388244629,5.410756611400617,False,nonpositive_flux
light_V_8s_2026_05_20-0044_flat_0p3_late_bias_cal.fits,2461181.6804236113,8.0,gaia_774289488578357504_src6,comparison,940.6541235197662,1100.4907732876518,True,0.0,0.0,3,18.413490295410156,42.473747181562416,2.3016862869262695,5.309218397695302,False,ok
light_V_8s_2026_05_20-0044_flat_0p3_late_bias_cal.fits,2461181.6804236113,8.0,gaia_774288805679445888_src7,comparison,1944.5979695251317,1351.7388630834228,True,0.0,0.0,3,-16.016921997070312,42.989447344147415,-2.002115249633789,5.373680918018427,False,nonpositive_flux
light_V_8s_2026_05_20-0044_flat_0p3_late_bias_cal.fits,2461181.6804236113,8.0,gaia_774290626745586944_src8,comparison,1071.4610770076736,1433.9985575432859,True,0.0,0.0,3,18.579078674316406,42.03874474320727,2.322384834289551,5.2548430929009085,False,ok
light_V_8s_2026_05_20-0044_flat_0p3_late_bias_cal.fits,2461181.6804236113,8.0,DN_UMa,check,1786.3902139298957,678.076239156147,True,0.0,0.0,3,2622562.127807617,7562.151776452424,327820.26597595215,945.268972056553,False,ok
light_V_8s_2026_05_20-0044_flat_0p3_late_bias_cal.fits,2461181.6804236113,8.0,HD_103405,comparison,1089.704890997214,141.3945114353276,True,0.0,0.0,3,127539.1509399414,456.932075941894,15942.393867492676,57.11650949273675,False,ok
light_V_8s_2026_05_20-0044_flat_0p3_late_bias_cal.fits,2461181.6804236113,8.0,TYC_3452_787_1,comparison,295.7174377392835,744.5622371016733,True,0.0,0.0,3,167791.0816230774,562.7542050820236,20973.885202884674,70.34427563525296,False,ok
light_V_8s_2026_05_20-0044_flat_0p3_late_bias_cal.fits,2461181.6804236113,8.0,HD_103187,comparison,2.293065237545205,1503.3482151704966,True,0.0,0.0,3,,,,,False,edge
light_V_8s_2026_05_20-0045_flat_0p3_late_bias_cal.fits,2461181.680614699,8.0,target,target,1861.0542568635947,623.3714545638487,True,0.0,0.0,3,1286162.3424072266,6518.152560634025,160770.29280090332,814.7690700792531,False,ok
light_V_8s_2026_05_20-0045_flat_0p3_late_bias_cal.fits,2461181.680614699,8.0,gaia_774272862760870784_src1,comparison,599.578460791499,258.08586022924334,True,0.0,0.0,3,-28.896575927734375,43.24292899939919,-3.612071990966797,5.405366124924899,False,nonpositive_flux
light_V_8s_2026_05_20-0045_flat_0p3_late_bias_cal.fits,2461181.680614699,8.0,gaia_774271076054448768_src2,comparison,1506.7178858234115,321.3162110314761,True,0.0,0.0,3,-28.280258178710938,43.82387343521887,-3.535032272338867,5.477984179402359,False,nonpositive_flux
light_V_8s_2026_05_20-0045_flat_0p3_late_bias_cal.fits,2461181.680614699,8.0,gaia_774384016513181696_src3,comparison,390.6121365600256,1254.514788035858,True,0.0,0.0,3,47.140296936035156,43.12816536003779,5.8925371170043945,5.391020670004724,False,ok
light_V_8s_2026_05_20-0045_flat_0p3_late_bias_cal.fits,2461181.680614699,8.0,gaia_774289041901756032_src4,comparison,2041.387437507543,1442.3507498915358,True,0.0,0.0,3,-88.29175186157227,44.586867774143805,-11.036468982696533,5.573358471767976,False,nonpositive_flux
light_V_8s_2026_05_20-0045_flat_0p3_late_bias_cal.fits,2461181.680614699,8.0,gaia_774287774887292672_src5,comparison,2033.8085843345157,1080.733577355526,True,0.0,0.0,3,0.9762191772460938,42.0584552406538,0.12202739715576172,5.257306905081725,False,ok
light_V_8s_2026_05_20-0045_flat_0p3_late_bias_cal.fits,2461181.680614699,8.0,gaia_774289488578357504_src6,comparison,940.6541235197662,1100.4907732876518,True,0.0,0.0,3,44.97154998779297,45.17623103611414,5.621443748474121,5.647028879514267,False,ok
light_V_8s_2026_05_20-0045_flat_0p3_late_bias_cal.fits,2461181.680614699,8.0,gaia_774288805679445888_src7,comparison,1944.5979695251317,1351.7388630834228,True,0.0,0.0,3,-65.57666778564453,43.413273777122455,-8.197083473205566,5.426659222140307,False,nonpositive_flux
light_V_8s_2026_05_20-0045_flat_0p3_late_bias_cal.fits,2461181.680614699,8.0,gaia_774290626745586944_src8,comparison,1071.4610770076736,1433.9985575432859,True,0.0,0.0,3,-21.329147338867188,43.63690113099073,-2.6661434173583984,5.454612641373841,False,nonpositive_flux
light_V_8s_2026_05_20-0045_flat_0p3_late_bias_cal.fits,2461181.680614699,8.0,DN_UMa,check,1786.2018472722846,677.8486657992523,True,0.0,0.0,3,1883934.4853515625,10519.744507807154,235491.8106689453,1314.9680634758943,False,ok
light_V_8s_2026_05_20-0045_flat_0p3_late_bias_cal.fits,2461181.680614699,8.0,HD_103405,comparison,1089.5479250323854,141.12370841617135,True,0.0,0.0,3,91059.89589691162,548.0184243788045,11382.486987113953,68.50230304735057,False,ok
light_V_8s_2026_05_20-0045_flat_0p3_late_bias_cal.fits,2461181.680614699,8.0,TYC_3452_787_1,comparison,295.3616822145654,744.5054724993689,True,0.0,0.0,3,121528.29248046875,690.0780654370169,15191.036560058594,86.25975817962711,False,ok
light_V_8s_2026_05_20-0045_flat_0p3_late_bias_cal.fits,2461181.680614699,8.0,HD_103187,comparison,2.4775588907360984,1502.800852425081,True,0.0,0.0,3,,,,,False,edge
light_V_8s_2026_05_20-0046_flat_0p3_late_bias_cal.fits,2461181.6808056715,8.0,target,target,1861.7111378801492,623.4293240615004,True,0.0,0.0,3,1685064.765625,4729.703876704891,210633.095703125,591.2129845881113,False,ok
light_V_8s_2026_05_20-0046_flat_0p3_late_bias_cal.fits,2461181.6808056715,8.0,gaia_774272862760870784_src1,comparison,599.578460791499,258.08586022924334,True,0.0,0.0,3,-0.04955291748046875,42.92174105374694,-0.006194114685058594,5.365217631718368,False,nonpositive_flux
light_V_8s_2026_05_20-0046_flat_0p3_late_bias_cal.fits,2461181.6808056715,8.0,gaia_774271076054448768_src2,comparison,1506.7178858234115,321.3162110314761,True,0.0,0.0,3,79.58837890625,44.592423853420506,9.94854736328125,5.574052981677563,False,ok
light_V_8s_2026_05_20-0046_flat_0p3_late_bias_cal.fits,2461181.6808056715,8.0,gaia_774384016513181696_src3,comparison,390.6121365600256,1254.514788035858,True,0.0,0.0,3,-10.0667724609375,43.10387531499547,-1.2583465576171875,5.387984414374434,False,nonpositive_flux
light_V_8s_2026_05_20-0046_flat_0p3_late_bias_cal.fits,2461181.6808056715,8.0,gaia_774289041901756032_src4,comparison,2041.387437507543,1442.3507498915358,True,0.0,0.0,3,-7.636054992675781,43.75896161775844,-0.9545068740844727,5.469870202219805,False,nonpositive_flux
light_V_8s_2026_05_20-0046_flat_0p3_late_bias_cal.fits,2461181.6808056715,8.0,gaia_774287774887292672_src5,comparison,2033.8085843345157,1080.733577355526,True,0.0,0.0,3,-21.552902221679688,41.816957768117405,-2.694112777709961,5.227119721014676,False,nonpositive_flux
light_V_8s_2026_05_20-0046_flat_0p3_late_bias_cal.fits,2461181.6808056715,8.0,gaia_774289488578357504_src6,comparison,940.6541235197662,1100.4907732876518,True,0.0,0.0,3,-36.947486877441406,42.117650434587645,-4.618435859680176,5.264706304323456,False,nonpositive_flux
light_V_8s_2026_05_20-0046_flat_0p3_late_bias_cal.fits,2461181.6808056715,8.0,gaia_774288805679445888_src7,comparison,1944.5979695251317,1351.7388630834228,True,0.0,0.0,3,50.69911193847656,43.68229169199474,6.33738899230957,5.460286461499343,False,ok
light_V_8s_2026_05_20-0046_flat_0p3_late_bias_cal.fits,2461181.6808056715,8.0,gaia_774290626745586944_src8,comparison,1071.4610770076736,1433.9985575432859,True,0.0,0.0,3,-15.091743469238281,41.34271559465007,-1.8864679336547852,5.167839449331259,False,nonpositive_flux
light_V_8s_2026_05_20-0046_flat_0p3_late_bias_cal.fits,2461181.6808056715,8.0,DN_UMa,check,1787.0103373047198,677.8425508863282,True,0.0,0.0,3,2387456.677520752,8529.3400486368,298432.084690094,1066.1675060796,False,ok
light_V_8s_2026_05_20-0046_flat_0p3_late_bias_cal.fits,2461181.6808056715,8.0,HD_103405,comparison,1090.097501877779,141.2720738136935,True,0.0,0.0,3,115623.38706970215,471.72462629277555,14452.923383712769,58.965578286596944,False,ok
light_V_8s_2026_05_20-0046_flat_0p3_late_bias_cal.fits,2461181.6808056715,8.0,TYC_3452_787_1,comparison,296.0987123193161,744.7084987286722,True,0.0,0.0,3,151511.19297790527,586.5475386308968,18938.89912223816,73.3184423288621,False,ok
light_V_8s_2026_05_20-0046_flat_0p3_late_bias_cal.fits,2461181.6808056715,8.0,HD_103187,comparison,2.497646813991598,1503.5106686561016,True,0.0,0.0,3,,,,,False,edge
light_V_8s_2026_05_20-0047_flat_0p3_late_bias_cal.fits,2461181.6809974536,8.0,target,target,1863.3556526006353,622.7031958101727,True,0.0,0.0,3,1741694.3321228027,4667.460327807145,217711.79151535034,583.4325409758932,False,ok
light_V_8s_2026_05_20-0047_flat_0p3_late_bias_cal.fits,2461181.6809974536,8.0,gaia_774272862760870784_src1,comparison,599.578460791499,258.08586022924334,True,0.0,0.0,3,93.79060363769531,45.029263989586504,11.723825454711914,5.628657998698313,False,ok
light_V_8s_2026_05_20-0047_flat_0p3_late_bias_cal.fits,2461181.6809974536,8.0,gaia_774271076054448768_src2,comparison,1506.7178858234115,321.3162110314761,True,0.0,0.0,3,12.599983215332031,44.059668079893044,1.574997901916504,5.5074585099866304,False,ok
light_V_8s_2026_05_20-0047_flat_0p3_late_bias_cal.fits,2461181.6809974536,8.0,gaia_774384016513181696_src3,comparison,390.6121365600256,1254.514788035858,True,0.0,0.0,3,-25.869789123535156,44.71619602159639,-3.2337236404418945,5.589524502699549,False,nonpositive_flux
light_V_8s_2026_05_20-0047_flat_0p3_late_bias_cal.fits,2461181.6809974536,8.0,gaia_774289041901756032_src4,comparison,2041.387437507543,1442.3507498915358,True,0.0,0.0,3,-90.74230575561523,43.725969539389176,-11.342788219451904,5.465746192423647,False,nonpositive_flux
light_V_8s_2026_05_20-0047_flat_0p3_late_bias_cal.fits,2461181.6809974536,8.0,gaia_774287774887292672_src5,comparison,2033.8085843345157,1080.733577355526,True,0.0,0.0,3,4.063056945800781,40.7506319321401,0.5078821182250977,5.093828991517513,False,ok
light_V_8s_2026_05_20-0047_flat_0p3_late_bias_cal.fits,2461181.6809974536,8.0,gaia_774289488578357504_src6,comparison,940.6541235197662,1100.4907732876518,True,0.0,0.0,3,-17.27935791015625,43.23326116067513,-2.1599197387695312,5.404157645084391,False,nonpositive_flux
light_V_8s_2026_05_20-0047_flat_0p3_late_bias_cal.fits,2461181.6809974536,8.0,gaia_774288805679445888_src7,comparison,1944.5979695251317,1351.7388630834228,True,0.0,0.0,3,5.837554931640625,43.453497843514675,0.7296943664550781,5.431687230439334,False,ok
light_V_8s_2026_05_20-0047_flat_0p3_late_bias_cal.fits,2461181.6809974536,8.0,gaia_774290626745586944_src8,comparison,1071.4610770076736,1433.9985575432859,True,0.0,0.0,3,69.6765365600586,41.29214555240272,8.709567070007324,5.16151819405034,False,ok
light_V_8s_2026_05_20-0047_flat_0p3_late_bias_cal.fits,2461181.6809974536,8.0,DN_UMa,check,1788.5406617607655,677.1746090660771,True,0.0,0.0,3,2487700.605621338,8122.421196930641,310962.57570266724,1015.3026496163301,False,ok
light_V_8s_2026_05_20-0047_flat_0p3_late_bias_cal.fits,2461181.6809974536,8.0,HD_103405,comparison,1091.8081331553103,140.73973214293875,True,0.0,0.0,3,119660.36228942871,470.5730800825876,14957.545286178589,58.82163501032345,False,ok
light_V_8s_2026_05_20-0047_flat_0p3_late_bias_cal.fits,2461181.6809974536,8.0,TYC_3452_787_1,comparison,297.7647874640538,744.0814960790539,True,0.0,0.0,3,157753.29698181152,582.0790252257149,19719.16212272644,72.75987815321436,False,ok
light_V_8s_2026_05_20-0047_flat_0p3_late_bias_cal.fits,2461181.6809974536,8.0,HD_103187,comparison,2.8861692364913583,1502.898156775613,True,0.0,0.0,3,,,,,False,edge
light_V_8s_2026_05_20-0048_flat_0p3_late_bias_cal.fits,2461181.6811891203,8.0,target,target,1862.9140281749349,623.3984824692023,True,0.0,0.0,3,1148561.6564331055,7085.595698449295,143570.20705413818,885.6994623061619,False,ok
light_V_8s_2026_05_20-0048_flat_0p3_late_bias_cal.fits,2461181.6811891203,8.0,gaia_774272862760870784_src1,comparison,599.578460791499,258.08586022924334,True,0.0,0.0,3,71.95536041259766,43.535030021985,8.994420051574707,5.441878752748125,False,ok
light_V_8s_2026_05_20-0048_flat_0p3_late_bias_cal.fits,2461181.6811891203,8.0,gaia_774271076054448768_src2,comparison,1506.7178858234115,321.3162110314761,True,0.0,0.0,3,-2.2693634033203125,44.29825848181701,-0.28367042541503906,5.537282310227126,False,nonpositive_flux
light_V_8s_2026_05_20-0048_flat_0p3_late_bias_cal.fits,2461181.6811891203,8.0,gaia_774384016513181696_src3,comparison,390.6121365600256,1254.514788035858,True,0.0,0.0,3,54.11993408203125,43.844570392194306,6.764991760253906,5.480571299024288,False,ok
light_V_8s_2026_05_20-0048_flat_0p3_late_bias_cal.fits,2461181.6811891203,8.0,gaia_774289041901756032_src4,comparison,2041.387437507543,1442.3507498915358,True,0.0,0.0,3,14.74139404296875,43.05613727588244,1.8426742553710938,5.382017159485305,False,ok
light_V_8s_2026_05_20-0048_flat_0p3_late_bias_cal.fits,2461181.6811891203,8.0,gaia_774287774887292672_src5,comparison,2033.8085843345157,1080.733577355526,True,0.0,0.0,3,49.88697052001953,44.12927022459563,6.235871315002441,5.516158778074454,False,ok
light_V_8s_2026_05_20-0048_flat_0p3_late_bias_cal.fits,2461181.6811891203,8.0,gaia_774289488578357504_src6,comparison,940.6541235197662,1100.4907732876518,True,0.0,0.0,3,-23.465118408203125,41.32881688672714,-2.9331398010253906,5.166102110840892,False,nonpositive_flux
light_V_8s_2026_05_20-0048_flat_0p3_late_bias_cal.fits,2461181.6811891203,8.0,gaia_774288805679445888_src7,comparison,1944.5979695251317,1351.7388630834228,True,0.0,0.0,3,32.27632141113281,43.761577252343855,4.034540176391602,5.470197156542982,False,ok
light_V_8s_2026_05_20-0048_flat_0p3_late_bias_cal.fits,2461181.6811891203,8.0,gaia_774290626745586944_src8,comparison,1071.4610770076736,1433.9985575432859,True,0.0,0.0,3,19.78143310546875,41.55455930712844,2.4726791381835938,5.194319913391055,False,ok
light_V_8s_2026_05_20-0048_flat_0p3_late_bias_cal.fits,2461181.6811891203,8.0,DN_UMa,check,1788.14497324273,677.8033109706673,True,0.0,0.0,3,1647572.4715576172,11240.917200398053,205946.55894470215,1405.1146500497566,False,ok
light_V_8s_2026_05_20-0048_flat_0p3_late_bias_cal.fits,2461181.6811891203,8.0,HD_103405,comparison,1091.2992859014937,141.0624610033886,True,0.0,0.0,3,79699.0502319336,569.0385636282032,9962.3812789917,71.1298204535254,False,ok
light_V_8s_2026_05_20-0048_flat_0p3_late_bias_cal.fits,2461181.6811891203,8.0,TYC_3452_787_1,comparison,297.2962483876259,744.4881488060629,True,0.0,0.0,3,106572.12451171875,725.3969679086267,13321.515563964844,90.67462098857834,False,ok
light_V_8s_2026_05_20-0048_flat_0p3_late_bias_cal.fits,2461181.6811891203,8.0,HD_103187,comparison,3.1474829316043142,1503.6883565243274,True,0.0,0.0,3,,,,,False,edge
light_V_8s_2026_05_20-0049_flat_0p3_late_bias_cal.fits,2461181.68138044,8.0,target,target,1864.389319460398,622.9045335283035,True,0.0,0.0,3,1726703.807067871,4664.368705919787,215837.9758834839,583.0460882399734,False,ok
light_V_8s_2026_05_20-0049_flat_0p3_late_bias_cal.fits,2461181.68138044,8.0,gaia_774272862760870784_src1,comparison,599.578460791499,258.08586022924334,True,0.0,0.0,3,-42.2275390625,45.134726831599444,-5.2784423828125,5.6418408539499305,False,nonpositive_flux
light_V_8s_2026_05_20-0049_flat_0p3_late_bias_cal.fits,2461181.68138044,8.0,gaia_774271076054448768_src2,comparison,1506.7178858234115,321.3162110314761,True,0.0,0.0,3,-42.412872314453125,42.638813999595335,-5.301609039306641,5.329851749949417,False,nonpositive_flux
light_V_8s_2026_05_20-0049_flat_0p3_late_bias_cal.fits,2461181.68138044,8.0,gaia_774384016513181696_src3,comparison,390.6121365600256,1254.514788035858,True,0.0,0.0,3,-16.306137084960938,43.41256495258793,-2.038267135620117,5.426570619073491,False,nonpositive_flux
light_V_8s_2026_05_20-0049_flat_0p3_late_bias_cal.fits,2461181.68138044,8.0,gaia_774289041901756032_src4,comparison,2041.387437507543,1442.3507498915358,True,0.0,0.0,3,27.396221160888672,44.29560606528113,3.424527645111084,5.536950758160141,False,ok
light_V_8s_2026_05_20-0049_flat_0p3_late_bias_cal.fits,2461181.68138044,8.0,gaia_774287774887292672_src5,comparison,2033.8085843345157,1080.733577355526,True,0.0,0.0,3,31.152565002441406,40.86097240840591,3.894070625305176,5.107621551050738,False,ok
light_V_8s_2026_05_20-0049_flat_0p3_late_bias_cal.fits,2461181.68138044,8.0,gaia_774289488578357504_src6,comparison,940.6541235197662,1100.4907732876518,True,0.0,0.0,3,-10.227561950683594,42.78471682964129,-1.2784452438354492,5.348089603705161,False,nonpositive_flux
light_V_8s_2026_05_20-0049_flat_0p3_late_bias_cal.fits,2461181.68138044,8.0,gaia_774288805679445888_src7,comparison,1944.5979695251317,1351.7388630834228,True,0.0,0.0,3,-2.5836563110351562,43.023700984991656,-0.32295703887939453,5.377962623123957,False,nonpositive_flux
light_V_8s_2026_05_20-0049_flat_0p3_late_bias_cal.fits,2461181.68138044,8.0,gaia_774290626745586944_src8,comparison,1071.4610770076736,1433.9985575432859,True,0.0,0.0,3,-29.033050537109375,43.091444256114556,-3.629131317138672,5.3864305320143195,False,nonpositive_flux
light_V_8s_2026_05_20-0049_flat_0p3_late_bias_cal.fits,2461181.68138044,8.0,DN_UMa,check,1789.6179725902318,677.3133578241354,True,0.0,0.0,3,2537917.3212890625,8108.27109073206,317239.6651611328,1013.5338863415075,False,ok
light_V_8s_2026_05_20-0049_flat_0p3_late_bias_cal.fits,2461181.68138044,8.0,HD_103405,comparison,1092.920082539765,140.73399161497358,True,0.0,0.0,3,120520.0167312622,471.4424867635467,15065.002091407776,58.93031084544334,False,ok
light_V_8s_2026_05_20-0049_flat_0p3_late_bias_cal.fits,2461181.68138044,8.0,TYC_3452_787_1,comparison,298.8177220799348,743.9077776756911,True,0.0,0.0,3,158954.77738952637,579.2005349724898,19869.347173690796,72.40006687156122,False,ok
light_V_8s_2026_05_20-0049_flat_0p3_late_bias_cal.fits,2461181.68138044,8.0,HD_103187,comparison,3.322570368742803,1502.8898878048592,True,0.0,0.0,3,,,,,False,edge
light_V_8s_2026_05_20-0050_flat_0p3_late_bias_cal.fits,2461181.6815721067,8.0,target,target,1866.3701661034547,623.6357837299842,True,0.0,0.0,3,1865373.0415039062,4303.506108272947,233171.63018798828,537.9382635341184,False,ok
light_V_8s_2026_05_20-0050_flat_0p3_late_bias_cal.fits,2461181.6815721067,8.0,gaia_774272862760870784_src1,comparison,599.578460791499,258.08586022924334,True,0.0,0.0,3,-59.1551513671875,41.74787576627396,-7.3943939208984375,5.218484470784245,False,nonpositive_flux
light_V_8s_2026_05_20-0050_flat_0p3_late_bias_cal.fits,2461181.6815721067,8.0,gaia_774271076054448768_src2,comparison,1506.7178858234115,321.3162110314761,True,0.0,0.0,3,-14.570182800292969,43.127467764403825,-1.821272850036621,5.390933470550478,False,nonpositive_flux
light_V_8s_2026_05_20-0050_flat_0p3_late_bias_cal.fits,2461181.6815721067,8.0,gaia_774384016513181696_src3,comparison,390.6121365600256,1254.514788035858,True,0.0,0.0,3,48.11842346191406,46.08353633387184,6.014802932739258,5.76044204173398,False,ok
light_V_8s_2026_05_20-0050_flat_0p3_late_bias_cal.fits,2461181.6815721067,8.0,gaia_774289041901756032_src4,comparison,2041.387437507543,1442.3507498915358,True,0.0,0.0,3,35.86128234863281,43.57268841462731,4.482660293579102,5.4465860518284135,False,ok
light_V_8s_2026_05_20-0050_flat_0p3_late_bias_cal.fits,2461181.6815721067,8.0,gaia_774287774887292672_src5,comparison,2033.8085843345157,1080.733577355526,True,0.0,0.0,3,51.336204528808594,43.17504795168159,6.417025566101074,5.396880993960199,False,ok
light_V_8s_2026_05_20-0050_flat_0p3_late_bias_cal.fits,2461181.6815721067,8.0,gaia_774289488578357504_src6,comparison,940.6541235197662,1100.4907732876518,True,0.0,0.0,3,55.83233642578125,43.07872755114532,6.979042053222656,5.384840943893165,False,ok
light_V_8s_2026_05_20-0050_flat_0p3_late_bias_cal.fits,2461181.6815721067,8.0,gaia_774288805679445888_src7,comparison,1944.5979695251317,1351.7388630834228,True,0.0,0.0,3,-34.013916015625,44.23799442005588,-4.251739501953125,5.529749302506985,False,nonpositive_flux
light_V_8s_2026_05_20-0050_flat_0p3_late_bias_cal.fits,2461181.6815721067,8.0,gaia_774290626745586944_src8,comparison,1071.4610770076736,1433.9985575432859,True,0.0,0.0,3,18.358848571777344,42.3067940869858,2.294856071472168,5.288349260873225,False,ok
light_V_8s_2026_05_20-0050_flat_0p3_late_bias_cal.fits,2461181.6815721067,8.0,DN_UMa,check,1791.5387133237289,678.0868450636775,True,0.0,0.0,3,2675436.185546875,7718.784025596662,334429.5231933594,964.8480031995828,False,ok
light_V_8s_2026_05_20-0050_flat_0p3_late_bias_cal.fits,2461181.6815721067,8.0,HD_103405,comparison,1094.921949974856,141.54687021998447,True,0.0,0.0,3,128878.46807861328,465.8623430854421,16109.80850982666,58.23279288568026,False,ok
light_V_8s_2026_05_20-0050_flat_0p3_late_bias_cal.fits,2461181.6815721067,8.0,TYC_3452_787_1,comparison,300.890038339605,744.8822247606281,True,0.0,0.0,3,166150.04035186768,563.600274164436,20768.75504398346,70.4500342705545,False,ok
light_V_8s_2026_05_20-0050_flat_0p3_late_bias_cal.fits,2461181.6815721067,8.0,HD_103187,comparison,4.4687442111193745,1503.6473010641196,True,0.0,0.0,3,,,,,False,edge
light_V_8s_2026_05_20-0051_flat_0p3_late_bias_cal.fits,2461181.6817636574,8.0,target,target,1865.8659634698906,624.3077118694418,True,0.0,0.0,3,1741653.1437988281,4586.549298654642,217706.64297485352,573.3186623318303,False,ok
light_V_8s_2026_05_20-0051_flat_0p3_late_bias_cal.fits,2461181.6817636574,8.0,gaia_774272862760870784_src1,comparison,599.578460791499,258.08586022924334,True,0.0,0.0,3,-47.46842956542969,42.10434157464208,-5.933553695678711,5.26304269683026,False,nonpositive_flux
light_V_8s_2026_05_20-0051_flat_0p3_late_bias_cal.fits,2461181.6817636574,8.0,gaia_774271076054448768_src2,comparison,1506.7178858234115,321.3162110314761,True,0.0,0.0,3,-68.03206634521484,43.55033110161079,-8.504008293151855,5.443791387701348,False,nonpositive_flux
light_V_8s_2026_05_20-0051_flat_0p3_late_bias_cal.fits,2461181.6817636574,8.0,gaia_774384016513181696_src3,comparison,390.6121365600256,1254.514788035858,True,0.0,0.0,3,-58.75379180908203,44.8768982200764,-7.344223976135254,5.60961227750955,False,nonpositive_flux
light_V_8s_2026_05_20-0051_flat_0p3_late_bias_cal.fits,2461181.6817636574,8.0,gaia_774289041901756032_src4,comparison,2041.387437507543,1442.3507498915358,True,0.0,0.0,3,0.23215484619140625,45.269709286554175,0.02901935577392578,5.658713660819272,False,ok
light_V_8s_2026_05_20-0051_flat_0p3_late_bias_cal.fits,2461181.6817636574,8.0,gaia_774287774887292672_src5,comparison,2033.8085843345157,1080.733577355526,True,0.0,0.0,3,-72.23014831542969,44.06364829908995,-9.028768539428711,5.5079560373862435,False,nonpositive_flux
light_V_8s_2026_05_20-0051_flat_0p3_late_bias_cal.fits,2461181.6817636574,8.0,gaia_774289488578357504_src6,comparison,940.6541235197662,1100.4907732876518,True,0.0,0.0,3,33.82310485839844,43.15080552290015,4.227888107299805,5.393850690362519,False,ok
light_V_8s_2026_05_20-0051_flat_0p3_late_bias_cal.fits,2461181.6817636574,8.0,gaia_774288805679445888_src7,comparison,1944.5979695251317,1351.7388630834228,True,0.0,0.0,3,-38.141563415527344,42.33501492041876,-4.767695426940918,5.291876865052345,False,nonpositive_flux
light_V_8s_2026_05_20-0051_flat_0p3_late_bias_cal.fits,2461181.6817636574,8.0,gaia_774290626745586944_src8,comparison,1071.4610770076736,1433.9985575432859,True,0.0,0.0,3,58.013214111328125,42.68959873627779,7.251651763916016,5.336199842034723,False,ok
light_V_8s_2026_05_20-0051_flat_0p3_late_bias_cal.fits,2461181.6817636574,8.0,DN_UMa,check,1791.0888223278016,678.7756655271379,True,0.0,0.0,3,2531364.499267578,8063.760756327363,316420.56240844727,1007.9700945409204,False,ok
light_V_8s_2026_05_20-0051_flat_0p3_late_bias_cal.fits,2461181.6817636574,8.0,HD_103405,comparison,1094.375905262496,142.30725907928365,True,0.0,0.0,3,123525.05145263672,466.5424543889413,15440.63143157959,58.31780679861766,False,ok
light_V_8s_2026_05_20-0051_flat_0p3_late_bias_cal.fits,2461181.6817636574,8.0,TYC_3452_787_1,comparison,300.4388594776644,745.6606790978624,True,0.0,0.0,3,162007.02602386475,566.7603805388022,20250.878252983093,70.84504756735028,False,ok
light_V_8s_2026_05_20-0051_flat_0p3_late_bias_cal.fits,2461181.6817636574,8.0,HD_103187,comparison,4.293352907087942,1504.5211801270164,True,0.0,0.0,3,,,,,False,edge
light_V_8s_2026_05_20-0052_flat_0p3_late_bias_cal.fits,2461181.681955324,8.0,target,target,1865.0588553233822,623.997471819856,True,0.0,0.0,3,1641316.7218322754,4737.937614230548,205164.59022903442,592.2422017788185,False,ok
light_V_8s_2026_05_20-0052_flat_0p3_late_bias_cal.fits,2461181.681955324,8.0,gaia_774272862760870784_src1,comparison,599.578460791499,258.08586022924334,True,0.0,0.0,3,42.05183410644531,43.87190283661895,5.256479263305664,5.483987854577369,False,ok
light_V_8s_2026_05_20-0052_flat_0p3_late_bias_cal.fits,2461181.681955324,8.0,gaia_774271076054448768_src2,comparison,1506.7178858234115,321.3162110314761,True,0.0,0.0,3,-12.493324279785156,44.969632982091504,-1.5616655349731445,5.621204122761438,False,nonpositive_flux
light_V_8s_2026_05_20-0052_flat_0p3_late_bias_cal.fits,2461181.681955324,8.0,gaia_774384016513181696_src3,comparison,390.6121365600256,1254.514788035858,True,0.0,0.0,3,17.290542602539062,42.9281282896566,2.161317825317383,5.366016036207075,False,ok
light_V_8s_2026_05_20-0052_flat_0p3_late_bias_cal.fits,2461181.681955324,8.0,gaia_774289041901756032_src4,comparison,2041.387437507543,1442.3507498915358,True,0.0,0.0,3,81.40983963012695,45.590344649109205,10.17622995376587,5.698793081138651,False,ok
light_V_8s_2026_05_20-0052_flat_0p3_late_bias_cal.fits,2461181.681955324,8.0,gaia_774287774887292672_src5,comparison,2033.8085843345157,1080.733577355526,True,0.0,0.0,3,40.32722473144531,42.74801796110826,5.040903091430664,5.343502245138533,False,ok
light_V_8s_2026_05_20-0052_flat_0p3_late_bias_cal.fits,2461181.681955324,8.0,gaia_774289488578357504_src6,comparison,940.6541235197662,1100.4907732876518,True,0.0,0.0,3,103.40780639648438,42.47642095715627,12.925975799560547,5.309552619644534,False,ok
light_V_8s_2026_05_20-0052_flat_0p3_late_bias_cal.fits,2461181.681955324,8.0,gaia_774288805679445888_src7,comparison,1944.5979695251317,1351.7388630834228,True,0.0,0.0,3,-5.598869323730469,40.80763541978698,-0.6998586654663086,5.100954427473373,False,nonpositive_flux
light_V_8s_2026_05_20-0052_flat_0p3_late_bias_cal.fits,2461181.681955324,8.0,gaia_774290626745586944_src8,comparison,1071.4610770076736,1433.9985575432859,True,0.0,0.0,3,-135.86292266845703,45.48629745817759,-16.98286533355713,5.685787182272199,False,nonpositive_flux
light_V_8s_2026_05_20-0052_flat_0p3_late_bias_cal.fits,2461181.681955324,8.0,DN_UMa,check,1790.3060154983673,678.4287949701669,True,0.0,0.0,3,2485103.4267578125,8324.86157619665,310637.92834472656,1040.6076970245813,False,ok
light_V_8s_2026_05_20-0052_flat_0p3_late_bias_cal.fits,2461181.681955324,8.0,HD_103405,comparison,1093.3397452116164,142.0578814543028,True,0.0,0.0,3,119003.79864501953,471.7833152393325,14875.474830627441,58.972914404916565,False,ok
light_V_8s_2026_05_20-0052_flat_0p3_late_bias_cal.fits,2461181.681955324,8.0,TYC_3452_787_1,comparison,299.40090757055344,745.4521815507397,True,0.0,0.0,3,157460.06510925293,579.1801408025403,19682.508138656616,72.39751760031754,False,ok
light_V_8s_2026_05_20-0052_flat_0p3_late_bias_cal.fits,2461181.681955324,8.0,HD_103187,comparison,3.606251149815357,1504.42661430537,True,0.0,0.0,3,,,,,False,edge
light_V_8s_2026_05_20-0053_flat_0p3_late_bias_cal.fits,2461181.682147222,8.0,target,target,1866.8377426253483,623.7426887724816,True,0.0,0.0,3,1731439.4846343994,4667.029311633423,216429.93557929993,583.3786639541779,False,ok
light_V_8s_2026_05_20-0053_flat_0p3_late_bias_cal.fits,2461181.682147222,8.0,gaia_774272862760870784_src1,comparison,599.578460791499,258.08586022924334,True,0.0,0.0,3,-80.61173248291016,41.69277808873431,-10.07646656036377,5.2115972610917884,False,nonpositive_flux
light_V_8s_2026_05_20-0053_flat_0p3_late_bias_cal.fits,2461181.682147222,8.0,gaia_774271076054448768_src2,comparison,1506.7178858234115,321.3162110314761,True,0.0,0.0,3,-23.756362915039062,43.893000791780906,-2.969545364379883,5.486625098972613,False,nonpositive_flux
light_V_8s_2026_05_20-0053_flat_0p3_late_bias_cal.fits,2461181.682147222,8.0,gaia_774384016513181696_src3,comparison,390.6121365600256,1254.514788035858,True,0.0,0.0,3,-34.659912109375,42.45326031915529,-4.332489013671875,5.306657539894411,False,nonpositive_flux
light_V_8s_2026_05_20-0053_flat_0p3_late_bias_cal.fits,2461181.682147222,8.0,gaia_774289041901756032_src4,comparison,2041.387437507543,1442.3507498915358,True,0.0,0.0,3,23.676082611083984,42.58984069240759,2.959510326385498,5.323730086550949,False,ok
light_V_8s_2026_05_20-0053_flat_0p3_late_bias_cal.fits,2461181.682147222,8.0,gaia_774287774887292672_src5,comparison,2033.8085843345157,1080.733577355526,True,0.0,0.0,3,1.4067535400390625,41.72215052539127,0.1758441925048828,5.215268815673909,False,ok
light_V_8s_2026_05_20-0053_flat_0p3_late_bias_cal.fits,2461181.682147222,8.0,gaia_774289488578357504_src6,comparison,940.6541235197662,1100.4907732876518,True,0.0,0.0,3,14.477798461914062,41.56477534584305,1.8097248077392578,5.195596918230382,False,ok
light_V_8s_2026_05_20-0053_flat_0p3_late_bias_cal.fits,2461181.682147222,8.0,gaia_774288805679445888_src7,comparison,1944.5979695251317,1351.7388630834228,True,0.0,0.0,3,95.32075500488281,44.56082137721487,11.915094375610352,5.570102672151859,False,ok
light_V_8s_2026_05_20-0053_flat_0p3_late_bias_cal.fits,2461181.682147222,8.0,gaia_774290626745586944_src8,comparison,1071.4610770076736,1433.9985575432859,True,0.0,0.0,3,31.133628845214844,42.299882708223876,3.8917036056518555,5.2874853385279845,False,ok
light_V_8s_2026_05_20-0053_flat_0p3_late_bias_cal.fits,2461181.682147222,8.0,DN_UMa,check,1792.0493215515808,678.222540825298,True,0.0,0.0,3,2484917.2373962402,8243.233063312668,310614.65467453003,1030.4041329140834,False,ok
light_V_8s_2026_05_20-0053_flat_0p3_late_bias_cal.fits,2461181.682147222,8.0,HD_103405,comparison,1095.225052538036,141.7531190619279,True,0.0,0.0,3,122002.13180160522,464.3529295189855,15250.266475200653,58.044116189873186,False,ok
light_V_8s_2026_05_20-0053_flat_0p3_late_bias_cal.fits,2461181.682147222,8.0,TYC_3452_787_1,comparison,301.21373457857493,745.1828518887114,True,0.0,0.0,3,163780.1384048462,568.8751754313034,20472.517300605774,71.10939692891293,False,ok
light_V_8s_2026_05_20-0053_flat_0p3_late_bias_cal.fits,2461181.682147222,8.0,HD_103187,comparison,4.808973698112226,1504.0883944651684,True,0.0,0.0,3,,,,,False,edge
light_V_8s_2026_05_20-0054_flat_0p3_late_bias_cal.fits,2461181.6823388888,8.0,target,target,1867.025827284963,623.7299455466127,True,0.0,0.0,3,1764228.5438995361,4500.247248037385,220528.56798744202,562.5309060046732,False,ok
light_V_8s_2026_05_20-0054_flat_0p3_late_bias_cal.fits,2461181.6823388888,8.0,gaia_774272862760870784_src1,comparison,599.578460791499,258.08586022924334,True,0.0,0.0,3,-58.76567840576172,44.277766985302314,-7.345709800720215,5.534720873162789,False,nonpositive_flux
light_V_8s_2026_05_20-0054_flat_0p3_late_bias_cal.fits,2461181.6823388888,8.0,gaia_774271076054448768_src2,comparison,1506.7178858234115,321.3162110314761,True,0.0,0.0,3,-33.773353576660156,44.03153001041093,-4.2216691970825195,5.503941251301367,False,nonpositive_flux
light_V_8s_2026_05_20-0054_flat_0p3_late_bias_cal.fits,2461181.6823388888,8.0,gaia_774384016513181696_src3,comparison,390.6121365600256,1254.514788035858,True,0.0,0.0,3,10.744705200195312,42.15638066065754,1.343088150024414,5.2695475825821925,False,ok
light_V_8s_2026_05_20-0054_flat_0p3_late_bias_cal.fits,2461181.6823388888,8.0,gaia_774289041901756032_src4,comparison,2041.387437507543,1442.3507498915358,True,0.0,0.0,3,35.01775360107422,42.650291348044775,4.377219200134277,5.331286418505597,False,ok
light_V_8s_2026_05_20-0054_flat_0p3_late_bias_cal.fits,2461181.6823388888,8.0,gaia_774287774887292672_src5,comparison,2033.8085843345157,1080.733577355526,True,0.0,0.0,3,-33.50104522705078,43.36655691660678,-4.187630653381348,5.420819614575848,False,nonpositive_flux
light_V_8s_2026_05_20-0054_flat_0p3_late_bias_cal.fits,2461181.6823388888,8.0,gaia_774289488578357504_src6,comparison,940.6541235197662,1100.4907732876518,True,0.0,0.0,3,-9.676383972167969,39.79359108199148,-1.209547996520996,4.974198885248935,False,nonpositive_flux
light_V_8s_2026_05_20-0054_flat_0p3_late_bias_cal.fits,2461181.6823388888,8.0,gaia_774288805679445888_src7,comparison,1944.5979695251317,1351.7388630834228,True,0.0,0.0,3,45.03205108642578,44.37581349841311,5.629006385803223,5.546976687301639,False,ok
light_V_8s_2026_05_20-0054_flat_0p3_late_bias_cal.fits,2461181.6823388888,8.0,gaia_774290626745586944_src8,comparison,1071.4610770076736,1433.9985575432859,True,0.0,0.0,3,-30.136619567871094,41.388826095724234,-3.7670774459838867,5.173603261965529,False,nonpositive_flux
light_V_8s_2026_05_20-0054_flat_0p3_late_bias_cal.fits,2461181.6823388888,8.0,DN_UMa,check,1792.2715481912758,678.1937886813276,True,0.0,0.0,3,2574050.2200927734,7789.521256110912,321756.2775115967,973.690157013864,False,ok
light_V_8s_2026_05_20-0054_flat_0p3_late_bias_cal.fits,2461181.6823388888,8.0,HD_103405,comparison,1095.431185617947,141.81933468181927,True,0.0,0.0,3,126265.39326477051,464.3008996416142,15783.174158096313,58.037612455201774,False,ok
light_V_8s_2026_05_20-0054_flat_0p3_late_bias_cal.fits,2461181.6823388888,8.0,TYC_3452_787_1,comparison,301.5630019077307,745.0528199374447,True,0.0,0.0,3,165828.11137390137,569.557352535104,20728.51392173767,71.194669066888,False,ok
light_V_8s_2026_05_20-0054_flat_0p3_late_bias_cal.fits,2461181.6823388888,8.0,HD_103187,comparison,5.084078763897862,1503.794564599047,True,0.0,0.0,3,,,,,False,edge
light_V_8s_2026_05_20-0055_flat_0p3_late_bias_cal.fits,2461181.682530903,8.0,target,target,1867.3121472607288,622.1887638699909,True,0.0,0.0,3,1419595.0131225586,5835.173575874378,177449.37664031982,729.3966969842973,False,ok
light_V_8s_2026_05_20-0055_flat_0p3_late_bias_cal.fits,2461181.682530903,8.0,gaia_774272862760870784_src1,comparison,599.578460791499,258.08586022924334,True,0.0,0.0,3,-94.85741424560547,42.93940275918111,-11.857176780700684,5.367425344897638,False,nonpositive_flux
light_V_8s_2026_05_20-0055_flat_0p3_late_bias_cal.fits,2461181.682530903,8.0,gaia_774271076054448768_src2,comparison,1506.7178858234115,321.3162110314761,True,0.0,0.0,3,-72.6211166381836,43.63999952329575,-9.07763957977295,5.454999940411969,False,nonpositive_flux
light_V_8s_2026_05_20-0055_flat_0p3_late_bias_cal.fits,2461181.682530903,8.0,gaia_774384016513181696_src3,comparison,390.6121365600256,1254.514788035858,True,0.0,0.0,3,-3.1607894897460938,40.29202038092786,-0.3950986862182617,5.036502547615982,False,nonpositive_flux
light_V_8s_2026_05_20-0055_flat_0p3_late_bias_cal.fits,2461181.682530903,8.0,gaia_774289041901756032_src4,comparison,2041.387437507543,1442.3507498915358,True,0.0,0.0,3,53.445735931396484,42.83110880149633,6.6807169914245605,5.353888600187041,False,ok
light_V_8s_2026_05_20-0055_flat_0p3_late_bias_cal.fits,2461181.682530903,8.0,gaia_774287774887292672_src5,comparison,2033.8085843345157,1080.733577355526,True,0.0,0.0,3,-25.43256378173828,43.15367733926265,-3.179070472717285,5.394209667407831,False,nonpositive_flux
light_V_8s_2026_05_20-0055_flat_0p3_late_bias_cal.fits,2461181.682530903,8.0,gaia_774289488578357504_src6,comparison,940.6541235197662,1100.4907732876518,True,0.0,0.0,3,-20.628860473632812,41.27112596020857,-2.5786075592041016,5.1588907450260715,False,nonpositive_flux
light_V_8s_2026_05_20-0055_flat_0p3_late_bias_cal.fits,2461181.682530903,8.0,gaia_774288805679445888_src7,comparison,1944.5979695251317,1351.7388630834228,True,0.0,0.0,3,90.62591552734375,43.75291000163249,11.328239440917969,5.469113750204062,False,ok
light_V_8s_2026_05_20-0055_flat_0p3_late_bias_cal.fits,2461181.682530903,8.0,gaia_774290626745586944_src8,comparison,1071.4610770076736,1433.9985575432859,True,0.0,0.0,3,-34.68487548828125,41.21728243913063,-4.335609436035156,5.1521603048913285,False,nonpositive_flux
light_V_8s_2026_05_20-0055_flat_0p3_late_bias_cal.fits,2461181.682530903,8.0,DN_UMa,check,1792.526105005813,676.5770502657639,True,0.0,0.0,3,2094278.4671020508,9811.553908681162,261784.80838775635,1226.4442385851453,False,ok
light_V_8s_2026_05_20-0055_flat_0p3_late_bias_cal.fits,2461181.682530903,8.0,HD_103405,comparison,1095.7415884552242,139.9266488053835,True,0.0,0.0,3,99127.91262817383,519.3902056353397,12390.989078521729,64.92377570441747,False,ok
light_V_8s_2026_05_20-0055_flat_0p3_late_bias_cal.fits,2461181.682530903,8.0,TYC_3452_787_1,comparison,301.69438064140644,743.2104166172046,True,0.0,0.0,3,135178.93063354492,645.21589317285,16897.366329193115,80.65198664660625,False,ok
light_V_8s_2026_05_20-0055_flat_0p3_late_bias_cal.fits,2461181.682530903,8.0,HD_103187,comparison,5.1438527784390375,1501.9839329593565,True,0.0,0.0,3,,,,,False,edge
light_V_8s_2026_05_20-0056_flat_0p3_late_bias_cal.fits,2461181.6827226854,8.0,target,target,1868.8053440339786,623.3806248545446,True,0.0,0.0,3,1966826.5634765625,3921.604802625259,245853.3204345703,490.20060032815735,False,ok
light_V_8s_2026_05_20-0056_flat_0p3_late_bias_cal.fits,2461181.6827226854,8.0,gaia_774272862760870784_src1,comparison,599.578460791499,258.08586022924334,True,0.0,0.0,3,21.375892639160156,42.87004474568452,2.6719865798950195,5.358755593210565,False,ok
light_V_8s_2026_05_20-0056_flat_0p3_late_bias_cal.fits,2461181.6827226854,8.0,gaia_774271076054448768_src2,comparison,1506.7178858234115,321.3162110314761,True,0.0,0.0,3,71.64630126953125,43.966657866152566,8.955787658691406,5.495832233269071,False,ok
light_V_8s_2026_05_20-0056_flat_0p3_late_bias_cal.fits,2461181.6827226854,8.0,gaia_774384016513181696_src3,comparison,390.6121365600256,1254.514788035858,True,0.0,0.0,3,40.7532958984375,45.63354453147194,5.0941619873046875,5.704193066433993,False,ok
light_V_8s_2026_05_20-0056_flat_0p3_late_bias_cal.fits,2461181.6827226854,8.0,gaia_774289041901756032_src4,comparison,2041.387437507543,1442.3507498915358,True,0.0,0.0,3,13.00400161743164,42.14336273506719,1.625500202178955,5.267920341883399,False,ok
light_V_8s_2026_05_20-0056_flat_0p3_late_bias_cal.fits,2461181.6827226854,8.0,gaia_774287774887292672_src5,comparison,2033.8085843345157,1080.733577355526,True,0.0,0.0,3,7.668701171875,43.7930665042496,0.958587646484375,5.4741333130312,False,ok
light_V_8s_2026_05_20-0056_flat_0p3_late_bias_cal.fits,2461181.6827226854,8.0,gaia_774289488578357504_src6,comparison,940.6541235197662,1100.4907732876518,True,0.0,0.0,3,49.918701171875,44.09698693245104,6.239837646484375,5.51212336655638,False,ok
light_V_8s_2026_05_20-0056_flat_0p3_late_bias_cal.fits,2461181.6827226854,8.0,gaia_774288805679445888_src7,comparison,1944.5979695251317,1351.7388630834228,True,0.0,0.0,3,-41.71222686767578,43.14837991482115,-5.214028358459473,5.393547489352644,False,nonpositive_flux
light_V_8s_2026_05_20-0056_flat_0p3_late_bias_cal.fits,2461181.6827226854,8.0,gaia_774290626745586944_src8,comparison,1071.4610770076736,1433.9985575432859,True,0.0,0.0,3,37.595420837402344,40.56723330072911,4.699427604675293,5.070904162591138,False,ok
light_V_8s_2026_05_20-0056_flat_0p3_late_bias_cal.fits,2461181.6827226854,8.0,DN_UMa,check,1793.9616926239453,677.8360380907939,True,0.0,0.0,3,2801414.022644043,7256.712386962648,350176.7528305054,907.089048370331,True,saturated
light_V_8s_2026_05_20-0056_flat_0p3_late_bias_cal.fits,2461181.6827226854,8.0,HD_103405,comparison,1097.2701540717578,141.12608638379626,True,0.0,0.0,3,136418.76321411133,453.31755426457005,17052.345401763916,56.664694283071256,False,ok
light_V_8s_2026_05_20-0056_flat_0p3_late_bias_cal.fits,2461181.6827226854,8.0,TYC_3452_787_1,comparison,303.1940085661562,744.4420067408214,True,0.0,0.0,3,182603.7088623047,545.6553578528914,22825.463607788086,68.20691973161142,False,ok
light_V_8s_2026_05_20-0056_flat_0p3_late_bias_cal.fits,2461181.6827226854,8.0,HD_103187,comparison,6.156445631072408,1503.4250752380285,True,0.0,0.0,3,,,,,False,edge
light_V_8s_2026_05_20-0057_flat_0p3_late_bias_cal.fits,2461181.682914352,8.0,target,target,1869.5549333550384,621.9913931135951,True,0.0,0.0,3,1577682.2657470703,5230.431630465247,197210.2832183838,653.8039538081558,False,ok
light_V_8s_2026_05_20-0057_flat_0p3_late_bias_cal.fits,2461181.682914352,8.0,gaia_774272862760870784_src1,comparison,599.578460791499,258.08586022924334,True,0.0,0.0,3,-24.24334716796875,40.956825058844714,-3.0304183959960938,5.119603132355589,False,nonpositive_flux
light_V_8s_2026_05_20-0057_flat_0p3_late_bias_cal.fits,2461181.682914352,8.0,gaia_774271076054448768_src2,comparison,1506.7178858234115,321.3162110314761,True,0.0,0.0,3,-25.08545684814453,43.15110786655322,-3.1356821060180664,5.393888483319152,False,nonpositive_flux
light_V_8s_2026_05_20-0057_flat_0p3_late_bias_cal.fits,2461181.682914352,8.0,gaia_774384016513181696_src3,comparison,390.6121365600256,1254.514788035858,True,0.0,0.0,3,50.39630126953125,42.03585120332699,6.299537658691406,5.254481400415874,False,ok
light_V_8s_2026_05_20-0057_flat_0p3_late_bias_cal.fits,2461181.682914352,8.0,gaia_774289041901756032_src4,comparison,2041.387437507543,1442.3507498915358,True,0.0,0.0,3,-29.21517562866211,42.092134317357576,-3.6518969535827637,5.261516789669697,False,nonpositive_flux
light_V_8s_2026_05_20-0057_flat_0p3_late_bias_cal.fits,2461181.682914352,8.0,gaia_774287774887292672_src5,comparison,2033.8085843345157,1080.733577355526,True,0.0,0.0,3,30.287643432617188,43.9421087417493,3.7859554290771484,5.492763592718663,False,ok
light_V_8s_2026_05_20-0057_flat_0p3_late_bias_cal.fits,2461181.682914352,8.0,gaia_774289488578357504_src6,comparison,940.6541235197662,1100.4907732876518,True,0.0,0.0,3,5.9496917724609375,42.921674986638706,0.7437114715576172,5.365209373329838,False,ok
light_V_8s_2026_05_20-0057_flat_0p3_late_bias_cal.fits,2461181.682914352,8.0,gaia_774288805679445888_src7,comparison,1944.5979695251317,1351.7388630834228,True,0.0,0.0,3,-155.93419647216797,43.24143119278119,-19.491774559020996,5.405178899097649,False,nonpositive_flux
light_V_8s_2026_05_20-0057_flat_0p3_late_bias_cal.fits,2461181.682914352,8.0,gaia_774290626745586944_src8,comparison,1071.4610770076736,1433.9985575432859,True,0.0,0.0,3,61.493736267089844,43.40091993716204,7.6867170333862305,5.425114992145255,False,ok
light_V_8s_2026_05_20-0057_flat_0p3_late_bias_cal.fits,2461181.682914352,8.0,DN_UMa,check,1794.7790141808116,676.4210827087501,True,0.0,0.0,3,2356663.9638671875,8774.259343859874,294582.99548339844,1096.7824179824843,False,ok
light_V_8s_2026_05_20-0057_flat_0p3_late_bias_cal.fits,2461181.682914352,8.0,HD_103405,comparison,1098.0553979159715,139.9296829064445,True,0.0,0.0,3,106999.87419128418,472.3075498929215,13374.984273910522,59.038443736615186,False,ok
light_V_8s_2026_05_20-0057_flat_0p3_late_bias_cal.fits,2461181.682914352,8.0,TYC_3452_787_1,comparison,304.0155303655307,743.3371564484149,True,0.0,0.0,3,144596.81298065186,596.4530299379179,18074.601622581482,74.55662874223974,False,ok
light_V_8s_2026_05_20-0057_flat_0p3_late_bias_cal.fits,2461181.682914352,8.0,HD_103187,comparison,7.053565377030122,1502.2276037934005,True,0.0,0.0,3,,,,,False,edge
light_V_8s_2026_05_20-0058_flat_0p3_late_bias_cal.fits,2461181.68310625,8.0,target,target,1870.9673536289724,622.7667043623134,True,0.0,0.0,3,1550877.4750671387,5477.21522691741,193859.68438339233,684.6519033646763,False,ok
light_V_8s_2026_05_20-0058_flat_0p3_late_bias_cal.fits,2461181.68310625,8.0,gaia_774272862760870784_src1,comparison,599.578460791499,258.08586022924334,True,0.0,0.0,3,-6.549468994140625,43.39119044481135,-0.8186836242675781,5.423898805601419,False,nonpositive_flux
light_V_8s_2026_05_20-0058_flat_0p3_late_bias_cal.fits,2461181.68310625,8.0,gaia_774271076054448768_src2,comparison,1506.7178858234115,321.3162110314761,True,0.0,0.0,3,-4.590950012207031,42.032488991858266,-0.5738687515258789,5.254061123982283,False,nonpositive_flux
light_V_8s_2026_05_20-0058_flat_0p3_late_bias_cal.fits,2461181.68310625,8.0,gaia_774384016513181696_src3,comparison,390.6121365600256,1254.514788035858,True,0.0,0.0,3,-31.31890869140625,44.1076074509682,-3.9148635864257812,5.513450931371025,False,nonpositive_flux
light_V_8s_2026_05_20-0058_flat_0p3_late_bias_cal.fits,2461181.68310625,8.0,gaia_774289041901756032_src4,comparison,2041.387437507543,1442.3507498915358,True,0.0,0.0,3,85.7242431640625,43.38913506481745,10.715530395507812,5.4236418831021815,False,ok
light_V_8s_2026_05_20-0058_flat_0p3_late_bias_cal.fits,2461181.68310625,8.0,gaia_774287774887292672_src5,comparison,2033.8085843345157,1080.733577355526,True,0.0,0.0,3,6.53143310546875,43.024108681867794,0.8164291381835938,5.378013585233474,False,ok
light_V_8s_2026_05_20-0058_flat_0p3_late_bias_cal.fits,2461181.68310625,8.0,gaia_774289488578357504_src6,comparison,940.6541235197662,1100.4907732876518,True,0.0,0.0,3,77.83615112304688,42.699648140623324,9.72951889038086,5.3374560175779155,False,ok
light_V_8s_2026_05_20-0058_flat_0p3_late_bias_cal.fits,2461181.68310625,8.0,gaia_774288805679445888_src7,comparison,1944.5979695251317,1351.7388630834228,True,0.0,0.0,3,31.818443298339844,41.70635278995432,3.9773054122924805,5.21329409874429,False,ok
light_V_8s_2026_05_20-0058_flat_0p3_late_bias_cal.fits,2461181.68310625,8.0,gaia_774290626745586944_src8,comparison,1071.4610770076736,1433.9985575432859,True,0.0,0.0,3,9.369651794433594,39.723065480833,1.1712064743041992,4.965383185104125,False,ok
light_V_8s_2026_05_20-0058_flat_0p3_late_bias_cal.fits,2461181.68310625,8.0,DN_UMa,check,1796.1657757392,677.1418077978524,True,0.0,0.0,3,2284232.734741211,9121.978615152511,285529.09184265137,1140.247326894064,False,ok
light_V_8s_2026_05_20-0058_flat_0p3_late_bias_cal.fits,2461181.68310625,8.0,HD_103405,comparison,1099.2340023838765,140.76150270212491,True,0.0,0.0,3,109090.0481262207,501.95750451836955,13636.256015777588,62.74468806479619,False,ok
light_V_8s_2026_05_20-0058_flat_0p3_late_bias_cal.fits,2461181.68310625,8.0,TYC_3452_787_1,comparison,305.4082567093272,744.1877878761092,True,0.0,0.0,3,143392.0225982666,629.193613057429,17924.002824783325,78.64920163217863,False,ok
light_V_8s_2026_05_20-0058_flat_0p3_late_bias_cal.fits,2461181.68310625,8.0,HD_103187,comparison,8.509631792097093,1502.9893654338673,True,0.0,0.0,3,,,,,False,edge
light_V_8s_2026_05_20-0059_flat_0p3_late_bias_cal.fits,2461181.683298148,8.0,target,target,1871.655361654679,622.4731518883931,True,0.0,0.0,3,1859687.2763061523,4238.443583251666,232460.90953826904,529.8054479064582,False,ok
light_V_8s_2026_05_20-0059_flat_0p3_late_bias_cal.fits,2461181.683298148,8.0,gaia_774272862760870784_src1,comparison,599.578460791499,258.08586022924334,True,0.0,0.0,3,-92.23917388916016,43.081591438246186,-11.52989673614502,5.385198929780773,False,nonpositive_flux
light_V_8s_2026_05_20-0059_flat_0p3_late_bias_cal.fits,2461181.683298148,8.0,gaia_774271076054448768_src2,comparison,1506.7178858234115,321.3162110314761,True,0.0,0.0,3,-49.680973052978516,43.157676992062974,-6.2101216316223145,5.394709624007872,False,nonpositive_flux
light_V_8s_2026_05_20-0059_flat_0p3_late_bias_cal.fits,2461181.683298148,8.0,gaia_774384016513181696_src3,comparison,390.6121365600256,1254.514788035858,True,0.0,0.0,3,37.45018768310547,43.738755057102956,4.681273460388184,5.4673443821378696,False,ok
light_V_8s_2026_05_20-0059_flat_0p3_late_bias_cal.fits,2461181.683298148,8.0,gaia_774289041901756032_src4,comparison,2041.387437507543,1442.3507498915358,True,0.0,0.0,3,26.418437957763672,41.81444159473234,3.302304744720459,5.226805199341542,False,ok
light_V_8s_2026_05_20-0059_flat_0p3_late_bias_cal.fits,2461181.683298148,8.0,gaia_774287774887292672_src5,comparison,2033.8085843345157,1080.733577355526,True,0.0,0.0,3,-42.089141845703125,41.691171140512516,-5.261142730712891,5.2113963925640645,False,nonpositive_flux
light_V_8s_2026_05_20-0059_flat_0p3_late_bias_cal.fits,2461181.683298148,8.0,gaia_774289488578357504_src6,comparison,940.6541235197662,1100.4907732876518,True,0.0,0.0,3,57.57714080810547,40.02302902180365,7.197142601013184,5.002878627725456,False,ok
light_V_8s_2026_05_20-0059_flat_0p3_late_bias_cal.fits,2461181.683298148,8.0,gaia_774288805679445888_src7,comparison,1944.5979695251317,1351.7388630834228,True,0.0,0.0,3,-38.58415985107422,40.74389916506719,-4.823019981384277,5.092987395633399,False,nonpositive_flux
light_V_8s_2026_05_20-0059_flat_0p3_late_bias_cal.fits,2461181.683298148,8.0,gaia_774290626745586944_src8,comparison,1071.4610770076736,1433.9985575432859,True,0.0,0.0,3,67.80570983886719,42.73057123650732,8.475713729858398,5.341321404563415,False,ok
light_V_8s_2026_05_20-0059_flat_0p3_late_bias_cal.fits,2461181.683298148,8.0,DN_UMa,check,1796.8484158199353,676.9604800265274,True,0.0,0.0,3,2682193.6141052246,8055.038875082999,335274.2017631531,1006.8798593853749,False,ok
light_V_8s_2026_05_20-0059_flat_0p3_late_bias_cal.fits,2461181.683298148,8.0,HD_103405,comparison,1100.016577471922,140.47511839176713,True,0.0,0.0,3,129862.03483581543,463.3098840097278,16232.754354476929,57.913735501215974,False,ok
light_V_8s_2026_05_20-0059_flat_0p3_late_bias_cal.fits,2461181.683298148,8.0,TYC_3452_787_1,comparison,306.17367698326717,743.7639414643206,True,0.0,0.0,3,174227.5576324463,554.2672755976668,21778.444704055786,69.28340944970834,False,ok
light_V_8s_2026_05_20-0059_flat_0p3_late_bias_cal.fits,2461181.683298148,8.0,HD_103187,comparison,9.111569208018516,1502.5667699431622,True,0.0,0.0,3,,,,,False,edge
light_V_8s_2026_05_20-0060_flat_0p3_late_bias_cal.fits,2461181.683489236,8.0,target,target,1871.6968439986038,622.5420705749257,True,0.0,0.0,3,1613334.6723632812,5312.983406403294,201666.83404541016,664.1229258004117,False,ok
light_V_8s_2026_05_20-0060_flat_0p3_late_bias_cal.fits,2461181.683489236,8.0,gaia_774272862760870784_src1,comparison,599.578460791499,258.08586022924334,True,0.0,0.0,3,-85.06853866577148,44.26483171208666,-10.633567333221436,5.533103964010833,False,nonpositive_flux
light_V_8s_2026_05_20-0060_flat_0p3_late_bias_cal.fits,2461181.683489236,8.0,gaia_774271076054448768_src2,comparison,1506.7178858234115,321.3162110314761,True,0.0,0.0,3,-66.34447479248047,43.01322440026568,-8.293059349060059,5.37665305003321,False,nonpositive_flux
light_V_8s_2026_05_20-0060_flat_0p3_late_bias_cal.fits,2461181.683489236,8.0,gaia_774384016513181696_src3,comparison,390.6121365600256,1254.514788035858,True,0.0,0.0,3,-41.318695068359375,41.71708766349658,-5.164836883544922,5.214635957937072,False,nonpositive_flux
light_V_8s_2026_05_20-0060_flat_0p3_late_bias_cal.fits,2461181.683489236,8.0,gaia_774289041901756032_src4,comparison,2041.387437507543,1442.3507498915358,True,0.0,0.0,3,18.14236068725586,41.53054510078906,2.2677950859069824,5.191318137598633,False,ok
light_V_8s_2026_05_20-0060_flat_0p3_late_bias_cal.fits,2461181.683489236,8.0,gaia_774287774887292672_src5,comparison,2033.8085843345157,1080.733577355526,True,0.0,0.0,3,-52.54021453857422,43.01891333846717,-6.567526817321777,5.3773641673083965,False,nonpositive_flux
light_V_8s_2026_05_20-0060_flat_0p3_late_bias_cal.fits,2461181.683489236,8.0,gaia_774289488578357504_src6,comparison,940.6541235197662,1100.4907732876518,True,0.0,0.0,3,58.40257263183594,41.739770285756876,7.300321578979492,5.2174712857196095,False,ok
light_V_8s_2026_05_20-0060_flat_0p3_late_bias_cal.fits,2461181.683489236,8.0,gaia_774288805679445888_src7,comparison,1944.5979695251317,1351.7388630834228,True,0.0,0.0,3,-1.1427650451660156,41.45117949406631,-0.14284563064575195,5.181397436758289,False,nonpositive_flux
light_V_8s_2026_05_20-0060_flat_0p3_late_bias_cal.fits,2461181.683489236,8.0,gaia_774290626745586944_src8,comparison,1071.4610770076736,1433.9985575432859,True,0.0,0.0,3,-36.231788635253906,42.196703933419634,-4.528973579406738,5.274587991677454,False,nonpositive_flux
light_V_8s_2026_05_20-0060_flat_0p3_late_bias_cal.fits,2461181.683489236,8.0,DN_UMa,check,1796.9238437090348,676.9691033340586,True,0.0,0.0,3,2248786.54296875,8804.600935141803,281098.31787109375,1100.5751168927254,False,ok
light_V_8s_2026_05_20-0060_flat_0p3_late_bias_cal.fits,2461181.683489236,8.0,HD_103405,comparison,1100.069440511016,140.3782653471996,True,0.0,0.0,3,111588.09017944336,490.17983162700017,13948.51127243042,61.27247895337502,False,ok
light_V_8s_2026_05_20-0060_flat_0p3_late_bias_cal.fits,2461181.683489236,8.0,TYC_3452_787_1,comparison,306.2246802370782,743.7817999698036,True,0.0,0.0,3,147344.72451782227,603.7478706938127,18418.090564727783,75.46848383672659,False,ok
light_V_8s_2026_05_20-0060_flat_0p3_late_bias_cal.fits,2461181.683489236,8.0,HD_103187,comparison,9.063160288478898,1502.6241574866028,True,0.0,0.0,3,,,,,False,edge
light_V_8s_2026_05_20-0061_flat_0p3_late_bias_cal.fits,2461181.683680787,8.0,target,target,1872.3136162139115,621.087904393853,True,0.0,0.0,3,1681687.3066711426,4760.357329886422,210210.91333389282,595.0446662358028,False,ok
light_V_8s_2026_05_20-0061_flat_0p3_late_bias_cal.fits,2461181.683680787,8.0,gaia_774272862760870784_src1,comparison,599.578460791499,258.08586022924334,True,0.0,0.0,3,-43.763465881347656,42.21517029020937,-5.470433235168457,5.2768962862761715,False,nonpositive_flux
light_V_8s_2026_05_20-0061_flat_0p3_late_bias_cal.fits,2461181.683680787,8.0,gaia_774271076054448768_src2,comparison,1506.7178858234115,321.3162110314761,True,0.0,0.0,3,5.553993225097656,42.65609923232459,0.694249153137207,5.332012404040574,False,ok
light_V_8s_2026_05_20-0061_flat_0p3_late_bias_cal.fits,2461181.683680787,8.0,gaia_774384016513181696_src3,comparison,390.6121365600256,1254.514788035858,True,0.0,0.0,3,16.42156219482422,40.93682246118813,2.0526952743530273,5.117102807648516,False,ok
light_V_8s_2026_05_20-0061_flat_0p3_late_bias_cal.fits,2461181.683680787,8.0,gaia_774289041901756032_src4,comparison,2041.387437507543,1442.3507498915358,True,0.0,0.0,3,-44.80895233154297,43.474504881923146,-5.601119041442871,5.434313110240393,False,nonpositive_flux
light_V_8s_2026_05_20-0061_flat_0p3_late_bias_cal.fits,2461181.683680787,8.0,gaia_774287774887292672_src5,comparison,2033.8085843345157,1080.733577355526,True,0.0,0.0,3,5.7870330810546875,41.11448935706633,0.7233791351318359,5.139311169633292,False,ok
light_V_8s_2026_05_20-0061_flat_0p3_late_bias_cal.fits,2461181.683680787,8.0,gaia_774289488578357504_src6,comparison,940.6541235197662,1100.4907732876518,True,0.0,0.0,3,41.86427307128906,43.13258230183584,5.233034133911133,5.39157278772948,False,ok
light_V_8s_2026_05_20-0061_flat_0p3_late_bias_cal.fits,2461181.683680787,8.0,gaia_774288805679445888_src7,comparison,1944.5979695251317,1351.7388630834228,True,0.0,0.0,3,-26.487445831298828,43.533879223412946,-3.3109307289123535,5.441734902926618,False,nonpositive_flux
light_V_8s_2026_05_20-0061_flat_0p3_late_bias_cal.fits,2461181.683680787,8.0,gaia_774290626745586944_src8,comparison,1071.4610770076736,1433.9985575432859,True,0.0,0.0,3,-33.31651306152344,40.500766490233346,-4.16456413269043,5.062595811279168,False,nonpositive_flux
light_V_8s_2026_05_20-0061_flat_0p3_late_bias_cal.fits,2461181.683680787,8.0,DN_UMa,check,1797.539683334323,675.5134953076032,True,0.0,0.0,3,2503970.4116210938,8387.854865952952,312996.3014526367,1048.481858244119,False,ok
light_V_8s_2026_05_20-0061_flat_0p3_late_bias_cal.fits,2461181.683680787,8.0,HD_103405,comparison,1100.760299153154,139.00466496915737,True,0.0,0.0,3,116626.62966918945,474.7419378644172,14578.328708648682,59.34274223305215,False,ok
light_V_8s_2026_05_20-0061_flat_0p3_late_bias_cal.fits,2461181.683680787,8.0,TYC_3452_787_1,comparison,306.80194906775944,742.2083080783021,True,0.0,0.0,3,155987.74351501465,583.1845896244602,19498.46793937683,72.89807370305752,False,ok
light_V_8s_2026_05_20-0061_flat_0p3_late_bias_cal.fits,2461181.683680787,8.0,HD_103187,comparison,9.51833101997886,1501.1933570917183,True,0.0,0.0,3,,,,,False,edge
light_V_8s_2026_05_20-0062_flat_0p3_late_bias_cal.fits,2461181.683872454,8.0,target,target,1872.95618806119,620.7696485594145,True,0.0,0.0,3,1750893.0454406738,4599.237726241668,218861.63068008423,574.9047157802084,False,ok
light_V_8s_2026_05_20-0062_flat_0p3_late_bias_cal.fits,2461181.683872454,8.0,gaia_774272862760870784_src1,comparison,599.578460791499,258.08586022924334,True,0.0,0.0,3,-29.223777770996094,43.68242378239663,-3.6529722213745117,5.460302972799579,False,nonpositive_flux
light_V_8s_2026_05_20-0062_flat_0p3_late_bias_cal.fits,2461181.683872454,8.0,gaia_774271076054448768_src2,comparison,1506.7178858234115,321.3162110314761,True,0.0,0.0,3,11.822380065917969,41.635730067990515,1.477797508239746,5.204466258498814,False,ok
light_V_8s_2026_05_20-0062_flat_0p3_late_bias_cal.fits,2461181.683872454,8.0,gaia_774384016513181696_src3,comparison,390.6121365600256,1254.514788035858,True,0.0,0.0,3,98.92926025390625,42.97027728908229,12.366157531738281,5.371284661135286,False,ok
light_V_8s_2026_05_20-0062_flat_0p3_late_bias_cal.fits,2461181.683872454,8.0,gaia_774289041901756032_src4,comparison,2041.387437507543,1442.3507498915358,True,0.0,0.0,3,-64.78091430664062,41.88265932284075,-8.097614288330078,5.235332415355094,False,nonpositive_flux
light_V_8s_2026_05_20-0062_flat_0p3_late_bias_cal.fits,2461181.683872454,8.0,gaia_774287774887292672_src5,comparison,2033.8085843345157,1080.733577355526,True,0.0,0.0,3,-65.9232406616211,41.6258537744632,-8.240405082702637,5.2032317218079,False,nonpositive_flux
light_V_8s_2026_05_20-0062_flat_0p3_late_bias_cal.fits,2461181.683872454,8.0,gaia_774289488578357504_src6,comparison,940.6541235197662,1100.4907732876518,True,0.0,0.0,3,28.63780975341797,41.731135387253836,3.579726219177246,5.2163919234067295,False,ok
light_V_8s_2026_05_20-0062_flat_0p3_late_bias_cal.fits,2461181.683872454,8.0,gaia_774288805679445888_src7,comparison,1944.5979695251317,1351.7388630834228,True,0.0,0.0,3,-9.497451782226562,43.494500571539895,-1.1871814727783203,5.436812571442487,False,nonpositive_flux
light_V_8s_2026_05_20-0062_flat_0p3_late_bias_cal.fits,2461181.683872454,8.0,gaia_774290626745586944_src8,comparison,1071.4610770076736,1433.9985575432859,True,0.0,0.0,3,-10.84783935546875,43.049656946241036,-1.3559799194335938,5.3812071182801295,False,nonpositive_flux
light_V_8s_2026_05_20-0062_flat_0p3_late_bias_cal.fits,2461181.683872454,8.0,DN_UMa,check,1798.1643353996592,675.1953587468726,True,0.0,0.0,3,2591132.226928711,8015.042211428344,323891.52836608887,1001.880276428543,False,ok
light_V_8s_2026_05_20-0062_flat_0p3_late_bias_cal.fits,2461181.683872454,8.0,HD_103405,comparison,1101.4417617693045,138.64225139285674,True,0.0,0.0,3,125104.00422668457,464.7333309083089,15638.000528335571,58.091666363538614,False,ok
light_V_8s_2026_05_20-0062_flat_0p3_late_bias_cal.fits,2461181.683872454,8.0,TYC_3452_787_1,comparison,307.3788419102897,742.0078215764138,True,0.0,0.0,3,158946.69931030273,571.6433280961654,19868.33741378784,71.45541601202068,False,ok
light_V_8s_2026_05_20-0062_flat_0p3_late_bias_cal.fits,2461181.683872454,8.0,HD_103187,comparison,10.327235526281388,1500.823116786547,True,0.0,0.0,3,,,,,False,edge
light_V_8s_2026_05_20-0063_flat_0p3_late_bias_cal.fits,2461181.6840641205,8.0,target,target,1873.8607022340063,618.8600585746583,True,0.0,0.0,3,1539918.9369506836,5866.316412572697,192489.86711883545,733.2895515715871,False,ok
light_V_8s_2026_05_20-0063_flat_0p3_late_bias_cal.fits,2461181.6840641205,8.0,gaia_774272862760870784_src1,comparison,599.578460791499,258.08586022924334,True,0.0,0.0,3,-7.151573181152344,41.377196169456845,-0.893946647644043,5.172149521182106,False,nonpositive_flux
light_V_8s_2026_05_20-0063_flat_0p3_late_bias_cal.fits,2461181.6840641205,8.0,gaia_774271076054448768_src2,comparison,1506.7178858234115,321.3162110314761,True,0.0,0.0,3,8.013687133789062,43.7950508791266,1.0017108917236328,5.474381359890825,False,ok
light_V_8s_2026_05_20-0063_flat_0p3_late_bias_cal.fits,2461181.6840641205,8.0,gaia_774384016513181696_src3,comparison,390.6121365600256,1254.514788035858,True,0.0,0.0,3,12.355560302734375,42.90061206144734,1.5444450378417969,5.3625765076809175,False,ok
light_V_8s_2026_05_20-0063_flat_0p3_late_bias_cal.fits,2461181.6840641205,8.0,gaia_774289041901756032_src4,comparison,2041.387437507543,1442.3507498915358,True,0.0,0.0,3,25.629608154296875,41.10697179928037,3.2037010192871094,5.138371474910047,False,ok
light_V_8s_2026_05_20-0063_flat_0p3_late_bias_cal.fits,2461181.6840641205,8.0,gaia_774287774887292672_src5,comparison,2033.8085843345157,1080.733577355526,True,0.0,0.0,3,55.42433166503906,42.34432996495039,6.928041458129883,5.293041245618799,False,ok
light_V_8s_2026_05_20-0063_flat_0p3_late_bias_cal.fits,2461181.6840641205,8.0,gaia_774289488578357504_src6,comparison,940.6541235197662,1100.4907732876518,True,0.0,0.0,3,-17.976913452148438,40.38473908795473,-2.2471141815185547,5.048092385994341,False,nonpositive_flux
light_V_8s_2026_05_20-0063_flat_0p3_late_bias_cal.fits,2461181.6840641205,8.0,gaia_774288805679445888_src7,comparison,1944.5979695251317,1351.7388630834228,True,0.0,0.0,3,39.55131530761719,41.30978544297575,4.943914413452148,5.163723180371969,False,ok
light_V_8s_2026_05_20-0063_flat_0p3_late_bias_cal.fits,2461181.6840641205,8.0,gaia_774290626745586944_src8,comparison,1071.4610770076736,1433.9985575432859,True,0.0,0.0,3,-10.158348083496094,41.06701329462762,-1.2697935104370117,5.133376661828453,False,nonpositive_flux
light_V_8s_2026_05_20-0063_flat_0p3_late_bias_cal.fits,2461181.6840641205,8.0,DN_UMa,check,1799.0683029938375,673.3051480115561,True,0.0,0.0,3,2224299.187927246,9431.767931716397,278037.39849090576,1178.9709914645496,False,ok
light_V_8s_2026_05_20-0063_flat_0p3_late_bias_cal.fits,2461181.6840641205,8.0,HD_103405,comparison,1102.1576979375632,136.85726726721313,True,0.0,0.0,3,107587.85084533691,527.3456514621553,13448.481355667114,65.91820643276941,False,ok
light_V_8s_2026_05_20-0063_flat_0p3_late_bias_cal.fits,2461181.6840641205,8.0,TYC_3452_787_1,comparison,308.22172055151844,740.3132715550793,True,0.0,0.0,3,142827.20793151855,649.7575294328404,17853.40099143982,81.21969117910506,False,ok
light_V_8s_2026_05_20-0063_flat_0p3_late_bias_cal.fits,2461181.6840641205,8.0,HD_103187,comparison,11.075041799446463,1499.2124745449396,True,0.0,0.0,3,,,,,False,edge
light_V_8s_2026_05_20-0064_flat_0p3_late_bias_cal.fits,2461181.684255671,8.0,target,target,1875.3894938920955,619.2592507228435,True,0.0,0.0,3,1738653.3676757812,4655.967351641657,217331.67095947266,581.9959189552071,False,ok
light_V_8s_2026_05_20-0064_flat_0p3_late_bias_cal.fits,2461181.684255671,8.0,gaia_774272862760870784_src1,comparison,599.578460791499,258.08586022924334,True,0.0,0.0,3,-21.49311065673828,44.25117356891711,-2.686638832092285,5.531396696114639,False,nonpositive_flux
light_V_8s_2026_05_20-0064_flat_0p3_late_bias_cal.fits,2461181.684255671,8.0,gaia_774271076054448768_src2,comparison,1506.7178858234115,321.3162110314761,True,0.0,0.0,3,-18.958465576171875,41.61160563016135,-2.3698081970214844,5.201450703770169,False,nonpositive_flux
light_V_8s_2026_05_20-0064_flat_0p3_late_bias_cal.fits,2461181.684255671,8.0,gaia_774384016513181696_src3,comparison,390.6121365600256,1254.514788035858,True,0.0,0.0,3,-11.793861389160156,42.96156012370903,-1.4742326736450195,5.370195015463628,False,nonpositive_flux
light_V_8s_2026_05_20-0064_flat_0p3_late_bias_cal.fits,2461181.684255671,8.0,gaia_774289041901756032_src4,comparison,2041.387437507543,1442.3507498915358,True,0.0,0.0,3,0.9474983215332031,42.993997708775474,0.11843729019165039,5.374249713596934,False,ok
light_V_8s_2026_05_20-0064_flat_0p3_late_bias_cal.fits,2461181.684255671,8.0,gaia_774287774887292672_src5,comparison,2033.8085843345157,1080.733577355526,True,0.0,0.0,3,54.94763946533203,42.19430449137461,6.868454933166504,5.274288061421826,False,ok
light_V_8s_2026_05_20-0064_flat_0p3_late_bias_cal.fits,2461181.684255671,8.0,gaia_774289488578357504_src6,comparison,940.6541235197662,1100.4907732876518,True,0.0,0.0,3,43.45989227294922,39.931524805167285,5.432486534118652,4.991440600645911,False,ok
light_V_8s_2026_05_20-0064_flat_0p3_late_bias_cal.fits,2461181.684255671,8.0,gaia_774288805679445888_src7,comparison,1944.5979695251317,1351.7388630834228,True,0.0,0.0,3,-27.398231506347656,43.38106023961263,-3.424778938293457,5.422632529951579,False,nonpositive_flux
light_V_8s_2026_05_20-0064_flat_0p3_late_bias_cal.fits,2461181.684255671,8.0,gaia_774290626745586944_src8,comparison,1071.4610770076736,1433.9985575432859,True,0.0,0.0,3,32.80564880371094,39.671961547401985,4.100706100463867,4.958995193425248,False,ok
light_V_8s_2026_05_20-0064_flat_0p3_late_bias_cal.fits,2461181.684255671,8.0,DN_UMa,check,1800.6793532314061,673.7089480543215,True,0.0,0.0,3,2555131.297515869,8296.50190960071,319391.41218948364,1037.0627387000889,False,ok
light_V_8s_2026_05_20-0064_flat_0p3_late_bias_cal.fits,2461181.684255671,8.0,HD_103405,comparison,1103.6448697669548,137.2297381745068,True,0.0,0.0,3,120094.73748779297,477.1128265216409,15011.842185974121,59.63910331520511,False,ok
light_V_8s_2026_05_20-0064_flat_0p3_late_bias_cal.fits,2461181.684255671,8.0,TYC_3452_787_1,comparison,309.7656517098429,740.6448493852566,True,0.0,0.0,3,157080.3934326172,586.7985971896333,19635.04917907715,73.34982464870416,False,ok
light_V_8s_2026_05_20-0064_flat_0p3_late_bias_cal.fits,2461181.684255671,8.0,HD_103187,comparison,12.751273719216204,1499.612373094603,True,0.0,0.0,3,,,,,False,edge
light_V_8s_2026_05_20-0065_flat_0p3_late_bias_cal.fits,2461181.684446991,8.0,target,target,1875.6300889271956,619.0690397917135,True,0.0,0.0,3,1690369.702697754,4907.112989692108,211296.21283721924,613.3891237115135,False,ok
light_V_8s_2026_05_20-0065_flat_0p3_late_bias_cal.fits,2461181.684446991,8.0,gaia_774272862760870784_src1,comparison,599.578460791499,258.08586022924334,True,0.0,0.0,3,50.04219055175781,40.91360997399947,6.255273818969727,5.114201246749934,False,ok
light_V_8s_2026_05_20-0065_flat_0p3_late_bias_cal.fits,2461181.684446991,8.0,gaia_774271076054448768_src2,comparison,1506.7178858234115,321.3162110314761,True,0.0,0.0,3,-8.864517211914062,43.25082811377664,-1.1080646514892578,5.40635351422208,False,nonpositive_flux
light_V_8s_2026_05_20-0065_flat_0p3_late_bias_cal.fits,2461181.684446991,8.0,gaia_774384016513181696_src3,comparison,390.6121365600256,1254.514788035858,True,0.0,0.0,3,95.21761322021484,42.0570074112272,11.902201652526855,5.2571259264034,False,ok
light_V_8s_2026_05_20-0065_flat_0p3_late_bias_cal.fits,2461181.684446991,8.0,gaia_774289041901756032_src4,comparison,2041.387437507543,1442.3507498915358,True,0.0,0.0,3,-60.37640380859375,42.99016108774864,-7.547050476074219,5.37377013596858,False,nonpositive_flux
light_V_8s_2026_05_20-0065_flat_0p3_late_bias_cal.fits,2461181.684446991,8.0,gaia_774287774887292672_src5,comparison,2033.8085843345157,1080.733577355526,True,0.0,0.0,3,-35.90459442138672,39.45041206761939,-4.48807430267334,4.931301508452424,False,nonpositive_flux
light_V_8s_2026_05_20-0065_flat_0p3_late_bias_cal.fits,2461181.684446991,8.0,gaia_774289488578357504_src6,comparison,940.6541235197662,1100.4907732876518,True,0.0,0.0,3,74.89523315429688,40.658133998184844,9.36190414428711,5.0822667497731056,False,ok
light_V_8s_2026_05_20-0065_flat_0p3_late_bias_cal.fits,2461181.684446991,8.0,gaia_774288805679445888_src7,comparison,1944.5979695251317,1351.7388630834228,True,0.0,0.0,3,18.737884521484375,43.796357841869266,2.342235565185547,5.474544730233658,False,ok
light_V_8s_2026_05_20-0065_flat_0p3_late_bias_cal.fits,2461181.684446991,8.0,gaia_774290626745586944_src8,comparison,1071.4610770076736,1433.9985575432859,True,0.0,0.0,3,-17.62982940673828,41.570702198646906,-2.203728675842285,5.196337774830863,False,nonpositive_flux
light_V_8s_2026_05_20-0065_flat_0p3_late_bias_cal.fits,2461181.684446991,8.0,DN_UMa,check,1800.91829354639,673.5245441048202,True,0.0,0.0,3,2505260.162109375,8922.439818375236,313157.5202636719,1115.3049772969046,False,ok
light_V_8s_2026_05_20-0065_flat_0p3_late_bias_cal.fits,2461181.684446991,8.0,HD_103405,comparison,1104.003875609727,136.98356031809408,True,0.0,0.0,3,115417.41971588135,479.4239590417406,14427.177464485168,59.927994880217575,False,ok
light_V_8s_2026_05_20-0065_flat_0p3_late_bias_cal.fits,2461181.684446991,8.0,TYC_3452_787_1,comparison,310.0432911373247,740.5086650851523,True,0.0,0.0,3,156000.78259277344,602.3980574415691,19500.09782409668,75.29975718019614,False,ok
light_V_8s_2026_05_20-0065_flat_0p3_late_bias_cal.fits,2461181.684446991,8.0,HD_103187,comparison,12.984885297054356,1499.5072371485246,True,0.0,0.0,3,,,,,False,edge
light_V_8s_2026_05_20-0066_flat_0p3_late_bias_cal.fits,2461181.684639352,8.0,target,target,1875.8593721661434,620.4191557793923,True,0.0,0.0,3,1474280.1958007812,5762.759185039799,184285.02447509766,720.3448981299749,False,ok
light_V_8s_2026_05_20-0066_flat_0p3_late_bias_cal.fits,2461181.684639352,8.0,gaia_774272862760870784_src1,comparison,599.578460791499,258.08586022924334,True,0.0,0.0,3,0.7517623901367188,45.02256558872954,0.09397029876708984,5.627820698591193,False,ok
light_V_8s_2026_05_20-0066_flat_0p3_late_bias_cal.fits,2461181.684639352,8.0,gaia_774271076054448768_src2,comparison,1506.7178858234115,321.3162110314761,True,0.0,0.0,3,-5.130653381347656,41.05855894952753,-0.641331672668457,5.132319868690941,False,nonpositive_flux
light_V_8s_2026_05_20-0066_flat_0p3_late_bias_cal.fits,2461181.684639352,8.0,gaia_774384016513181696_src3,comparison,390.6121365600256,1254.514788035858,True,0.0,0.0,3,34.94538116455078,43.07416063731431,4.368172645568848,5.384270079664288,False,ok
light_V_8s_2026_05_20-0066_flat_0p3_late_bias_cal.fits,2461181.684639352,8.0,gaia_774289041901756032_src4,comparison,2041.387437507543,1442.3507498915358,True,0.0,0.0,3,-17.78679656982422,43.23795444622375,-2.2233495712280273,5.404744305777969,False,nonpositive_flux
light_V_8s_2026_05_20-0066_flat_0p3_late_bias_cal.fits,2461181.684639352,8.0,gaia_774287774887292672_src5,comparison,2033.8085843345157,1080.733577355526,True,0.0,0.0,3,104.96295928955078,42.19403211855749,13.120369911193848,5.274254014819686,False,ok
light_V_8s_2026_05_20-0066_flat_0p3_late_bias_cal.fits,2461181.684639352,8.0,gaia_774289488578357504_src6,comparison,940.6541235197662,1100.4907732876518,True,0.0,0.0,3,4.7552642822265625,41.950208722891574,0.5944080352783203,5.243776090361447,False,ok
light_V_8s_2026_05_20-0066_flat_0p3_late_bias_cal.fits,2461181.684639352,8.0,gaia_774288805679445888_src7,comparison,1944.5979695251317,1351.7388630834228,True,0.0,0.0,3,50.974143981933594,43.78754004404569,6.371767997741699,5.473442505505711,False,ok
light_V_8s_2026_05_20-0066_flat_0p3_late_bias_cal.fits,2461181.684639352,8.0,gaia_774290626745586944_src8,comparison,1071.4610770076736,1433.9985575432859,True,0.0,0.0,3,17.816490173339844,41.647150899321915,2.2270612716674805,5.205893862415239,False,ok
light_V_8s_2026_05_20-0066_flat_0p3_late_bias_cal.fits,2461181.684639352,8.0,DN_UMa,check,1801.0788362880623,674.8650061893453,True,0.0,0.0,3,2136677.843017578,9638.796329324834,267084.73037719727,1204.8495411656043,False,ok
light_V_8s_2026_05_20-0066_flat_0p3_late_bias_cal.fits,2461181.684639352,8.0,HD_103405,comparison,1104.0816016641581,138.46390586050083,True,0.0,0.0,3,103235.63403320312,515.4357846770832,12904.45425415039,64.4294730846354,False,ok
light_V_8s_2026_05_20-0066_flat_0p3_late_bias_cal.fits,2461181.684639352,8.0,TYC_3452_787_1,comparison,310.1203583649653,742.0574385520014,True,0.0,0.0,3,131985.50708007812,657.1490329702729,16498.188385009766,82.1436291212841,False,ok
light_V_8s_2026_05_20-0066_flat_0p3_late_bias_cal.fits,2461181.684639352,8.0,HD_103187,comparison,13.012848270774715,1500.9694794912962,True,0.0,0.0,3,,,,,False,edge
light_V_8s_2026_05_20-0067_flat_0p3_late_bias_cal.fits,2461181.6848310186,8.0,target,target,1877.2975541501999,621.2477774509027,True,0.0,0.0,3,1818212.34324646,4543.619857287554,227276.5429058075,567.9524821609442,False,ok
light_V_8s_2026_05_20-0067_flat_0p3_late_bias_cal.fits,2461181.6848310186,8.0,gaia_774272862760870784_src1,comparison,599.578460791499,258.08586022924334,True,0.0,0.0,3,27.190155029296875,43.50581238725329,3.3987693786621094,5.438226548406662,False,ok
light_V_8s_2026_05_20-0067_flat_0p3_late_bias_cal.fits,2461181.6848310186,8.0,gaia_774271076054448768_src2,comparison,1506.7178858234115,321.3162110314761,True,0.0,0.0,3,-60.525299072265625,41.8593770259382,-7.565662384033203,5.232422128242275,False,nonpositive_flux
light_V_8s_2026_05_20-0067_flat_0p3_late_bias_cal.fits,2461181.6848310186,8.0,gaia_774384016513181696_src3,comparison,390.6121365600256,1254.514788035858,True,0.0,0.0,3,13.806838989257812,41.801119349836284,1.7258548736572266,5.2251399187295355,False,ok
light_V_8s_2026_05_20-0067_flat_0p3_late_bias_cal.fits,2461181.6848310186,8.0,gaia_774289041901756032_src4,comparison,2041.387437507543,1442.3507498915358,True,0.0,0.0,3,58.12995147705078,42.73958430065067,7.266243934631348,5.342448037581334,False,ok
light_V_8s_2026_05_20-0067_flat_0p3_late_bias_cal.fits,2461181.6848310186,8.0,gaia_774287774887292672_src5,comparison,2033.8085843345157,1080.733577355526,True,0.0,0.0,3,9.969078063964844,41.12116800535479,1.2461347579956055,5.140146000669349,False,ok
light_V_8s_2026_05_20-0067_flat_0p3_late_bias_cal.fits,2461181.6848310186,8.0,gaia_774289488578357504_src6,comparison,940.6541235197662,1100.4907732876518,True,0.0,0.0,3,-74.22679901123047,41.635644770361516,-9.278349876403809,5.2044555962951895,False,nonpositive_flux
light_V_8s_2026_05_20-0067_flat_0p3_late_bias_cal.fits,2461181.6848310186,8.0,gaia_774288805679445888_src7,comparison,1944.5979695251317,1351.7388630834228,True,0.0,0.0,3,-55.57164001464844,41.52680344028699,-6.946455001831055,5.190850430035874,False,nonpositive_flux
light_V_8s_2026_05_20-0067_flat_0p3_late_bias_cal.fits,2461181.6848310186,8.0,gaia_774290626745586944_src8,comparison,1071.4610770076736,1433.9985575432859,True,0.0,0.0,3,51.166900634765625,40.37620200148197,6.395862579345703,5.047025250185246,False,ok
light_V_8s_2026_05_20-0067_flat_0p3_late_bias_cal.fits,2461181.6848310186,8.0,DN_UMa,check,1802.5260448584606,675.6724111478459,True,0.0,0.0,3,2641315.155944824,7749.883079551368,330164.394493103,968.735384943921,False,ok
light_V_8s_2026_05_20-0067_flat_0p3_late_bias_cal.fits,2461181.6848310186,8.0,HD_103405,comparison,1105.6697345267291,139.20163017374895,True,0.0,0.0,3,127308.39085388184,465.84340478956904,15913.54885673523,58.23042559869613,False,ok
light_V_8s_2026_05_20-0067_flat_0p3_late_bias_cal.fits,2461181.6848310186,8.0,TYC_3452_787_1,comparison,311.77609504656454,742.547469489573,True,0.0,0.0,3,168439.2748413086,570.2031973690812,21054.909355163574,71.27539967113515,False,ok
light_V_8s_2026_05_20-0067_flat_0p3_late_bias_cal.fits,2461181.6848310186,8.0,HD_103187,comparison,14.674466338536691,1501.4763950627566,True,0.0,0.0,3,,,,,False,edge
light_V_8s_2026_05_20-0068_flat_0p3_late_bias_cal.fits,2461181.6850228007,8.0,target,target,1878.9840481273407,620.6721690904582,True,0.0,0.0,3,1810992.2539367676,4439.2801006138525,226374.03174209595,554.9100125767316,False,ok
light_V_8s_2026_05_20-0068_flat_0p3_late_bias_cal.fits,2461181.6850228007,8.0,gaia_774272862760870784_src1,comparison,599.578460791499,258.08586022924334,True,0.0,0.0,3,0.471343994140625,42.697986207330665,0.058917999267578125,5.337248275916333,False,ok
light_V_8s_2026_05_20-0068_flat_0p3_late_bias_cal.fits,2461181.6850228007,8.0,gaia_774271076054448768_src2,comparison,1506.7178858234115,321.3162110314761,True,0.0,0.0,3,-25.861236572265625,43.33881953324249,-3.232654571533203,5.417352441655312,False,nonpositive_flux
light_V_8s_2026_05_20-0068_flat_0p3_late_bias_cal.fits,2461181.6850228007,8.0,gaia_774384016513181696_src3,comparison,390.6121365600256,1254.514788035858,True,0.0,0.0,3,-24.21509552001953,42.19359811840434,-3.0268869400024414,5.274199764800542,False,nonpositive_flux
light_V_8s_2026_05_20-0068_flat_0p3_late_bias_cal.fits,2461181.6850228007,8.0,gaia_774289041901756032_src4,comparison,2041.387437507543,1442.3507498915358,True,0.0,0.0,3,28.608497619628906,42.16144375639365,3.5760622024536133,5.2701804695492065,False,ok
light_V_8s_2026_05_20-0068_flat_0p3_late_bias_cal.fits,2461181.6850228007,8.0,gaia_774287774887292672_src5,comparison,2033.8085843345157,1080.733577355526,True,0.0,0.0,3,1.6926116943359375,42.10630232955862,0.2115764617919922,5.263287791194828,False,ok
light_V_8s_2026_05_20-0068_flat_0p3_late_bias_cal.fits,2461181.6850228007,8.0,gaia_774289488578357504_src6,comparison,940.6541235197662,1100.4907732876518,True,0.0,0.0,3,-59.293731689453125,43.041289470489076,-7.411716461181641,5.3801611838111345,False,nonpositive_flux
light_V_8s_2026_05_20-0068_flat_0p3_late_bias_cal.fits,2461181.6850228007,8.0,gaia_774288805679445888_src7,comparison,1944.5979695251317,1351.7388630834228,True,0.0,0.0,3,59.858123779296875,42.695827483846585,7.482265472412109,5.336978435480823,False,ok
light_V_8s_2026_05_20-0068_flat_0p3_late_bias_cal.fits,2461181.6850228007,8.0,gaia_774290626745586944_src8,comparison,1071.4610770076736,1433.9985575432859,True,0.0,0.0,3,75.85688781738281,42.965349704248894,9.482110977172852,5.370668713031112,False,ok
light_V_8s_2026_05_20-0068_flat_0p3_late_bias_cal.fits,2461181.6850228007,8.0,DN_UMa,check,1804.2232744904804,675.1291114053263,True,0.0,0.0,3,2654103.596862793,7908.301866209069,331762.9496078491,988.5377332761336,False,ok
light_V_8s_2026_05_20-0068_flat_0p3_late_bias_cal.fits,2461181.6850228007,8.0,HD_103405,comparison,1107.4163212779536,138.54323894563322,True,0.0,0.0,3,129529.44102096558,465.1730362395206,16191.180127620697,58.14662952994008,False,ok
light_V_8s_2026_05_20-0068_flat_0p3_late_bias_cal.fits,2461181.6850228007,8.0,TYC_3452_787_1,comparison,313.41023990332354,741.9712282048457,True,0.0,0.0,3,169227.89699554443,559.3521759338984,21153.487124443054,69.9190219917373,False,ok
light_V_8s_2026_05_20-0068_flat_0p3_late_bias_cal.fits,2461181.6850228007,8.0,HD_103187,comparison,16.24468388025113,1500.9067780848197,True,0.0,0.0,3,,,,,False,edge
light_V_8s_2026_05_20-0069_flat_0p3_late_bias_cal.fits,2461181.685213773,8.0,target,target,1879.8279548004898,620.526114159961,True,0.0,0.0,3,1797625.5372009277,4495.226493331678,224703.19215011597,561.9033116664598,False,ok
light_V_8s_2026_05_20-0069_flat_0p3_late_bias_cal.fits,2461181.685213773,8.0,gaia_774272862760870784_src1,comparison,599.578460791499,258.08586022924334,True,0.0,0.0,3,15.69927978515625,42.76637450045261,1.9624099731445312,5.345796812556577,False,ok
light_V_8s_2026_05_20-0069_flat_0p3_late_bias_cal.fits,2461181.685213773,8.0,gaia_774271076054448768_src2,comparison,1506.7178858234115,321.3162110314761,True,0.0,0.0,3,36.60460662841797,43.12603244441372,4.575575828552246,5.390754055551715,False,ok
light_V_8s_2026_05_20-0069_flat_0p3_late_bias_cal.fits,2461181.685213773,8.0,gaia_774384016513181696_src3,comparison,390.6121365600256,1254.514788035858,True,0.0,0.0,3,-46.592811584472656,41.03835286354101,-5.824101448059082,5.129794107942626,False,nonpositive_flux
light_V_8s_2026_05_20-0069_flat_0p3_late_bias_cal.fits,2461181.685213773,8.0,gaia_774289041901756032_src4,comparison,2041.387437507543,1442.3507498915358,True,0.0,0.0,3,118.9550666809082,43.82077438945388,14.869383335113525,5.477596798681735,False,ok
light_V_8s_2026_05_20-0069_flat_0p3_late_bias_cal.fits,2461181.685213773,8.0,gaia_774287774887292672_src5,comparison,2033.8085843345157,1080.733577355526,True,0.0,0.0,3,69.2319107055664,40.55021418835277,8.6539888381958,5.068776773544096,False,ok
light_V_8s_2026_05_20-0069_flat_0p3_late_bias_cal.fits,2461181.685213773,8.0,gaia_774289488578357504_src6,comparison,940.6541235197662,1100.4907732876518,True,0.0,0.0,3,-38.85997772216797,40.25220194283209,-4.857497215270996,5.031525242854011,False,nonpositive_flux
light_V_8s_2026_05_20-0069_flat_0p3_late_bias_cal.fits,2461181.685213773,8.0,gaia_774288805679445888_src7,comparison,1944.5979695251317,1351.7388630834228,True,0.0,0.0,3,-22.250625610351562,41.94063631259027,-2.7813282012939453,5.242579539073784,False,nonpositive_flux
light_V_8s_2026_05_20-0069_flat_0p3_late_bias_cal.fits,2461181.685213773,8.0,gaia_774290626745586944_src8,comparison,1071.4610770076736,1433.9985575432859,True,0.0,0.0,3,-38.900047302246094,42.34906071111485,-4.862505912780762,5.2936325888893565,False,nonpositive_flux
light_V_8s_2026_05_20-0069_flat_0p3_late_bias_cal.fits,2461181.685213773,8.0,DN_UMa,check,1805.0723476813807,674.9595596229283,True,0.0,0.0,3,2525700.623565674,7875.73751946232,315712.5779457092,984.46718993279,False,ok
light_V_8s_2026_05_20-0069_flat_0p3_late_bias_cal.fits,2461181.685213773,8.0,HD_103405,comparison,1108.1381624327516,138.53252180399173,True,0.0,0.0,3,125114.75972747803,470.364930590321,15639.344965934753,58.79561632379013,False,ok
light_V_8s_2026_05_20-0069_flat_0p3_late_bias_cal.fits,2461181.685213773,8.0,TYC_3452_787_1,comparison,314.3513388975814,741.9640521558961,True,0.0,0.0,3,162750.21249389648,578.4479890862915,20343.77656173706,72.30599863578644,False,ok
light_V_8s_2026_05_20-0069_flat_0p3_late_bias_cal.fits,2461181.685213773,8.0,HD_103187,comparison,17.39819131806265,1500.9806218618214,True,0.0,0.0,3,,,,,False,edge
light_V_8s_2026_05_20-0070_flat_0p3_late_bias_cal.fits,2461181.685405671,8.0,target,target,1879.793665837265,620.8442272874411,True,0.0,0.0,3,1642079.6026611328,5089.984433594098,205259.9503326416,636.2480541992622,False,ok
light_V_8s_2026_05_20-0070_flat_0p3_late_bias_cal.fits,2461181.685405671,8.0,gaia_774272862760870784_src1,comparison,599.578460791499,258.08586022924334,True,0.0,0.0,3,21.408245086669922,44.225325941508835,2.6760306358337402,5.528165742688604,False,ok
light_V_8s_2026_05_20-0070_flat_0p3_late_bias_cal.fits,2461181.685405671,8.0,gaia_774271076054448768_src2,comparison,1506.7178858234115,321.3162110314761,True,0.0,0.0,3,-41.74501037597656,42.57596160537062,-5.21812629699707,5.321995200671328,False,nonpositive_flux
light_V_8s_2026_05_20-0070_flat_0p3_late_bias_cal.fits,2461181.685405671,8.0,gaia_774384016513181696_src3,comparison,390.6121365600256,1254.514788035858,True,0.0,0.0,3,66.91956329345703,42.37125280966424,8.364945411682129,5.29640660120803,False,ok
light_V_8s_2026_05_20-0070_flat_0p3_late_bias_cal.fits,2461181.685405671,8.0,gaia_774289041901756032_src4,comparison,2041.387437507543,1442.3507498915358,True,0.0,0.0,3,13.617744445800781,40.66474104690489,1.7022180557250977,5.083092630863112,False,ok
light_V_8s_2026_05_20-0070_flat_0p3_late_bias_cal.fits,2461181.685405671,8.0,gaia_774287774887292672_src5,comparison,2033.8085843345157,1080.733577355526,True,0.0,0.0,3,56.363494873046875,41.83524215270534,7.045436859130859,5.229405269088168,False,ok
light_V_8s_2026_05_20-0070_flat_0p3_late_bias_cal.fits,2461181.685405671,8.0,gaia_774289488578357504_src6,comparison,940.6541235197662,1100.4907732876518,True,0.0,0.0,3,-0.7078704833984375,39.20481608692398,-0.08848381042480469,4.900602010865497,False,nonpositive_flux
light_V_8s_2026_05_20-0070_flat_0p3_late_bias_cal.fits,2461181.685405671,8.0,gaia_774288805679445888_src7,comparison,1944.5979695251317,1351.7388630834228,True,0.0,0.0,3,13.465011596679688,42.38070443097543,1.683126449584961,5.297588053871928,False,ok
light_V_8s_2026_05_20-0070_flat_0p3_late_bias_cal.fits,2461181.685405671,8.0,gaia_774290626745586944_src8,comparison,1071.4610770076736,1433.9985575432859,True,0.0,0.0,3,56.539794921875,40.86006694258498,7.067474365234375,5.107508367823122,False,ok
light_V_8s_2026_05_20-0070_flat_0p3_late_bias_cal.fits,2461181.685405671,8.0,DN_UMa,check,1805.0217516286066,675.279807451863,True,0.0,0.0,3,2381806.910217285,8973.288181508346,297725.86377716064,1121.6610226885432,False,ok
light_V_8s_2026_05_20-0070_flat_0p3_late_bias_cal.fits,2461181.685405671,8.0,HD_103405,comparison,1108.0196321038286,138.92228016349287,True,0.0,0.0,3,109889.43366241455,477.9086171865577,13736.179207801819,59.73857714831971,False,ok
light_V_8s_2026_05_20-0070_flat_0p3_late_bias_cal.fits,2461181.685405671,8.0,TYC_3452_787_1,comparison,314.1390432461425,742.4294889288734,True,0.0,0.0,3,148869.59661102295,598.329861070585,18608.69957637787,74.79123263382313,False,ok
light_V_8s_2026_05_20-0070_flat_0p3_late_bias_cal.fits,2461181.685405671,8.0,HD_103187,comparison,17.242336689695517,1501.4576681960118,True,0.0,0.0,3,,,,,False,edge
light_V_8s_2026_05_20-0071_flat_0p3_late_bias_cal.fits,2461181.6855980325,8.0,target,target,1881.1954526343075,620.8515212792871,True,0.0,0.0,3,1873113.6905517578,4205.193066614982,234139.21131896973,525.6491333268727,False,ok
light_V_8s_2026_05_20-0071_flat_0p3_late_bias_cal.fits,2461181.6855980325,8.0,gaia_774272862760870784_src1,comparison,599.578460791499,258.08586022924334,True,0.0,0.0,3,26.637222290039062,42.04980914043346,3.329652786254883,5.2562261425541825,False,ok
light_V_8s_2026_05_20-0071_flat_0p3_late_bias_cal.fits,2461181.6855980325,8.0,gaia_774271076054448768_src2,comparison,1506.7178858234115,321.3162110314761,True,0.0,0.0,3,-31.850051879882812,41.971647949182206,-3.9812564849853516,5.246455993647776,False,nonpositive_flux
light_V_8s_2026_05_20-0071_flat_0p3_late_bias_cal.fits,2461181.6855980325,8.0,gaia_774384016513181696_src3,comparison,390.6121365600256,1254.514788035858,True,0.0,0.0,3,69.07097625732422,43.67269643508547,8.633872032165527,5.459087054385684,False,ok
light_V_8s_2026_05_20-0071_flat_0p3_late_bias_cal.fits,2461181.6855980325,8.0,gaia_774289041901756032_src4,comparison,2041.387437507543,1442.3507498915358,True,0.0,0.0,3,-0.4499626159667969,43.48573863083374,-0.05624532699584961,5.435717328854217,False,nonpositive_flux
light_V_8s_2026_05_20-0071_flat_0p3_late_bias_cal.fits,2461181.6855980325,8.0,gaia_774287774887292672_src5,comparison,2033.8085843345157,1080.733577355526,True,0.0,0.0,3,13.152690887451172,39.10765820618654,1.6440863609313965,4.888457275773318,False,ok
light_V_8s_2026_05_20-0071_flat_0p3_late_bias_cal.fits,2461181.6855980325,8.0,gaia_774289488578357504_src6,comparison,940.6541235197662,1100.4907732876518,True,0.0,0.0,3,-44.86180877685547,39.951462360795844,-5.607726097106934,4.9939327950994805,False,nonpositive_flux
light_V_8s_2026_05_20-0071_flat_0p3_late_bias_cal.fits,2461181.6855980325,8.0,gaia_774288805679445888_src7,comparison,1944.5979695251317,1351.7388630834228,True,0.0,0.0,3,-67.82013702392578,40.532552028410414,-8.477517127990723,5.066569003551302,False,nonpositive_flux
light_V_8s_2026_05_20-0071_flat_0p3_late_bias_cal.fits,2461181.6855980325,8.0,gaia_774290626745586944_src8,comparison,1071.4610770076736,1433.9985575432859,True,0.0,0.0,3,37.68987274169922,39.4945103639704,4.711234092712402,4.9368137954963,False,ok
light_V_8s_2026_05_20-0071_flat_0p3_late_bias_cal.fits,2461181.6855980325,8.0,DN_UMa,check,1806.4483492054321,675.2867533586623,True,0.0,0.0,3,2750836.0927734375,7487.352560191873,343854.5115966797,935.9190700239841,False,ok
light_V_8s_2026_05_20-0071_flat_0p3_late_bias_cal.fits,2461181.6855980325,8.0,HD_103405,comparison,1109.6565806550045,139.04272308106778,True,0.0,0.0,3,130649.93647766113,456.29554156868704,16331.242059707642,57.03694269608588,False,ok
light_V_8s_2026_05_20-0071_flat_0p3_late_bias_cal.fits,2461181.6855980325,8.0,TYC_3452_787_1,comparison,315.897832370268,742.5167079192411,True,0.0,0.0,3,177209.66204833984,559.893924413089,22151.20775604248,69.98674055163613,False,ok
light_V_8s_2026_05_20-0071_flat_0p3_late_bias_cal.fits,2461181.6855980325,8.0,HD_103187,comparison,18.863265943201178,1501.5331058309976,True,0.0,0.0,3,671649.1978759766,1594.2073385095407,83956.14973449707,199.2759173136926,False,ok
light_V_8s_2026_05_20-0072_flat_0p3_late_bias_cal.fits,2461181.6857905095,8.0,target,target,1881.7911595751034,620.4401051169779,True,0.0,0.0,3,1772004.1285858154,4449.049498257995,221500.51607322693,556.1311872822494,False,ok
light_V_8s_2026_05_20-0072_flat_0p3_late_bias_cal.fits,2461181.6857905095,8.0,gaia_774272862760870784_src1,comparison,599.578460791499,258.08586022924334,True,0.0,0.0,3,70.2264289855957,42.528978494788895,8.778303623199463,5.316122311848612,False,ok
light_V_8s_2026_05_20-0072_flat_0p3_late_bias_cal.fits,2461181.6857905095,8.0,gaia_774271076054448768_src2,comparison,1506.7178858234115,321.3162110314761,True,0.0,0.0,3,3.4726333618164062,42.97096548357032,0.4340791702270508,5.37137068544629,False,ok
light_V_8s_2026_05_20-0072_flat_0p3_late_bias_cal.fits,2461181.6857905095,8.0,gaia_774384016513181696_src3,comparison,390.6121365600256,1254.514788035858,True,0.0,0.0,3,-24.575775146484375,41.46921625328789,-3.071971893310547,5.183652031660986,False,nonpositive_flux
light_V_8s_2026_05_20-0072_flat_0p3_late_bias_cal.fits,2461181.6857905095,8.0,gaia_774289041901756032_src4,comparison,2041.387437507543,1442.3507498915358,True,0.0,0.0,3,33.93412780761719,40.94263833872315,4.241765975952148,5.117829792340394,False,ok
light_V_8s_2026_05_20-0072_flat_0p3_late_bias_cal.fits,2461181.6857905095,8.0,gaia_774287774887292672_src5,comparison,2033.8085843345157,1080.733577355526,True,0.0,0.0,3,-28.889446258544922,41.13062077292724,-3.6111807823181152,5.141327596615905,False,nonpositive_flux
light_V_8s_2026_05_20-0072_flat_0p3_late_bias_cal.fits,2461181.6857905095,8.0,gaia_774289488578357504_src6,comparison,940.6541235197662,1100.4907732876518,True,0.0,0.0,3,27.49132537841797,40.36561180068216,3.436415672302246,5.04570147508527,False,ok
light_V_8s_2026_05_20-0072_flat_0p3_late_bias_cal.fits,2461181.6857905095,8.0,gaia_774288805679445888_src7,comparison,1944.5979695251317,1351.7388630834228,True,0.0,0.0,3,54.52637481689453,40.27028079831343,6.815796852111816,5.033785099789179,False,ok
light_V_8s_2026_05_20-0072_flat_0p3_late_bias_cal.fits,2461181.6857905095,8.0,gaia_774290626745586944_src8,comparison,1071.4610770076736,1433.9985575432859,True,0.0,0.0,3,52.25542449951172,41.72705602191184,6.531928062438965,5.21588200273898,False,ok
light_V_8s_2026_05_20-0072_flat_0p3_late_bias_cal.fits,2461181.6857905095,8.0,DN_UMa,check,1807.078032597203,674.9119087132818,True,0.0,0.0,3,2521546.4404296875,7787.448450352484,315193.30505371094,973.4310562940605,False,ok
light_V_8s_2026_05_20-0072_flat_0p3_late_bias_cal.fits,2461181.6857905095,8.0,HD_103405,comparison,1110.2145236489562,138.57743602569957,True,0.0,0.0,3,125093.53491210938,466.66135720084344,15636.691864013672,58.33266965010543,False,ok
light_V_8s_2026_05_20-0072_flat_0p3_late_bias_cal.fits,2461181.6857905095,8.0,TYC_3452_787_1,comparison,316.2841982819999,742.214655027385,True,0.0,0.0,3,160325.76782989502,571.5451166320602,20040.720978736877,71.44313957900752,False,ok
light_V_8s_2026_05_20-0072_flat_0p3_late_bias_cal.fits,2461181.6857905095,8.0,HD_103187,comparison,19.302655083251427,1501.1672232635358,True,0.0,0.0,3,617112.8755493164,1760.3824004371334,77139.10944366455,220.04780005464167,False,ok
light_V_8s_2026_05_20-0073_flat_0p3_late_bias_cal.fits,2461181.68598206,8.0,target,target,1882.575141211286,620.6188571794829,True,0.0,0.0,3,1557821.3096313477,5163.766862311724,194727.66370391846,645.4708577889655,False,ok
light_V_8s_2026_05_20-0073_flat_0p3_late_bias_cal.fits,2461181.68598206,8.0,gaia_774272862760870784_src1,comparison,599.578460791499,258.08586022924334,True,0.0,0.0,3,64.04695892333984,44.52297218607951,8.00586986541748,5.565371523259938,False,ok
light_V_8s_2026_05_20-0073_flat_0p3_late_bias_cal.fits,2461181.68598206,8.0,gaia_774271076054448768_src2,comparison,1506.7178858234115,321.3162110314761,True,0.0,0.0,3,69.07520294189453,44.22470117406791,8.634400367736816,5.528087646758489,False,ok
light_V_8s_2026_05_20-0073_flat_0p3_late_bias_cal.fits,2461181.68598206,8.0,gaia_774384016513181696_src3,comparison,390.6121365600256,1254.514788035858,True,0.0,0.0,3,29.058013916015625,44.83011692350966,3.632251739501953,5.603764615438707,False,ok
light_V_8s_2026_05_20-0073_flat_0p3_late_bias_cal.fits,2461181.68598206,8.0,gaia_774289041901756032_src4,comparison,2041.387437507543,1442.3507498915358,True,0.0,0.0,3,-14.612480163574219,42.34744907068945,-1.8265600204467773,5.293431133836181,False,nonpositive_flux
light_V_8s_2026_05_20-0073_flat_0p3_late_bias_cal.fits,2461181.68598206,8.0,gaia_774287774887292672_src5,comparison,2033.8085843345157,1080.733577355526,True,0.0,0.0,3,-32.46526336669922,40.78871378389831,-4.058157920837402,5.098589222987289,False,nonpositive_flux
light_V_8s_2026_05_20-0073_flat_0p3_late_bias_cal.fits,2461181.68598206,8.0,gaia_774289488578357504_src6,comparison,940.6541235197662,1100.4907732876518,True,0.0,0.0,3,-8.005691528320312,40.786647452051156,-1.000711441040039,5.0983309315063945,False,nonpositive_flux
light_V_8s_2026_05_20-0073_flat_0p3_late_bias_cal.fits,2461181.68598206,8.0,gaia_774288805679445888_src7,comparison,1944.5979695251317,1351.7388630834228,True,0.0,0.0,3,-27.972457885742188,42.404739625879714,-3.4965572357177734,5.300592453234964,False,nonpositive_flux
light_V_8s_2026_05_20-0073_flat_0p3_late_bias_cal.fits,2461181.68598206,8.0,gaia_774290626745586944_src8,comparison,1071.4610770076736,1433.9985575432859,True,0.0,0.0,3,64.64690017700195,41.02207011585704,8.080862522125244,5.12775876448213,False,ok
light_V_8s_2026_05_20-0073_flat_0p3_late_bias_cal.fits,2461181.68598206,8.0,DN_UMa,check,1807.742139756407,675.0917724826077,True,0.0,0.0,3,2243604.0915527344,9025.105504220272,280450.5114440918,1128.138188027534,False,ok
light_V_8s_2026_05_20-0073_flat_0p3_late_bias_cal.fits,2461181.68598206,8.0,HD_103405,comparison,1110.8421196447518,138.613272511061,True,0.0,0.0,3,108538.05165863037,488.941054290333,13567.256457328796,61.117631786291625,False,ok
light_V_8s_2026_05_20-0073_flat_0p3_late_bias_cal.fits,2461181.68598206,8.0,TYC_3452_787_1,comparison,316.98965241890943,742.0129107332515,True,0.0,0.0,3,137520.44205474854,607.5463982281866,17190.055256843567,75.94329977852333,False,ok
light_V_8s_2026_05_20-0073_flat_0p3_late_bias_cal.fits,2461181.68598206,8.0,HD_103187,comparison,19.81877499140613,1500.9430566031522,True,0.0,0.0,3,532289.7285461426,2012.311319890185,66536.21606826782,251.5389149862731,False,ok
light_V_8s_2026_05_20-0074_flat_0p3_late_bias_cal.fits,2461181.686173727,8.0,target,target,1884.7546431150581,620.4729121662314,True,0.0,0.0,3,1864179.8813476562,4311.80997866624,233022.48516845703,538.97624733328,False,ok
light_V_8s_2026_05_20-0074_flat_0p3_late_bias_cal.fits,2461181.686173727,8.0,gaia_774272862760870784_src1,comparison,599.578460791499,258.08586022924334,True,0.0,0.0,3,16.769668579101562,40.78827360228583,2.0962085723876953,5.098534200285728,False,ok
light_V_8s_2026_05_20-0074_flat_0p3_late_bias_cal.fits,2461181.686173727,8.0,gaia_774271076054448768_src2,comparison,1506.7178858234115,321.3162110314761,True,0.0,0.0,3,-33.70039367675781,42.89781719839825,-4.212549209594727,5.362227149799781,False,nonpositive_flux
light_V_8s_2026_05_20-0074_flat_0p3_late_bias_cal.fits,2461181.686173727,8.0,gaia_774384016513181696_src3,comparison,390.6121365600256,1254.514788035858,True,0.0,0.0,3,-55.21781921386719,43.64444343832236,-6.902227401733398,5.455555429790295,False,nonpositive_flux
light_V_8s_2026_05_20-0074_flat_0p3_late_bias_cal.fits,2461181.686173727,8.0,gaia_774289041901756032_src4,comparison,2041.387437507543,1442.3507498915358,True,0.0,0.0,3,-47.840999603271484,43.4098589099131,-5.9801249504089355,5.426232363739137,False,nonpositive_flux
light_V_8s_2026_05_20-0074_flat_0p3_late_bias_cal.fits,2461181.686173727,8.0,gaia_774287774887292672_src5,comparison,2033.8085843345157,1080.733577355526,True,0.0,0.0,3,101.67116928100586,42.35951787513775,12.708896160125732,5.294939734392218,False,ok
light_V_8s_2026_05_20-0074_flat_0p3_late_bias_cal.fits,2461181.686173727,8.0,gaia_774289488578357504_src6,comparison,940.6541235197662,1100.4907732876518,True,0.0,0.0,3,-31.877182006835938,40.88771280174118,-3.984647750854492,5.110964100217648,False,nonpositive_flux
light_V_8s_2026_05_20-0074_flat_0p3_late_bias_cal.fits,2461181.686173727,8.0,gaia_774288805679445888_src7,comparison,1944.5979695251317,1351.7388630834228,True,0.0,0.0,3,-76.27019500732422,42.4257590440051,-9.533774375915527,5.303219880500637,False,nonpositive_flux
light_V_8s_2026_05_20-0074_flat_0p3_late_bias_cal.fits,2461181.686173727,8.0,gaia_774290626745586944_src8,comparison,1071.4610770076736,1433.9985575432859,True,0.0,0.0,3,-32.7375602722168,41.330162407242675,-4.0921950340271,5.166270300905334,False,nonpositive_flux
light_V_8s_2026_05_20-0074_flat_0p3_late_bias_cal.fits,2461181.686173727,8.0,DN_UMa,check,1809.9412110495525,674.9288362547159,True,0.0,0.0,3,2595751.1867370605,7417.550160472743,324468.89834213257,927.1937700590929,True,saturated
light_V_8s_2026_05_20-0074_flat_0p3_late_bias_cal.fits,2461181.686173727,8.0,HD_103405,comparison,1113.1063944218863,138.45514638378748,True,0.0,0.0,3,129541.76608276367,463.6559291043558,16192.720760345459,57.95699113804447,False,ok
light_V_8s_2026_05_20-0074_flat_0p3_late_bias_cal.fits,2461181.686173727,8.0,TYC_3452_787_1,comparison,319.1949148443974,741.6801417063426,True,0.0,0.0,3,168154.04343414307,566.9419615874158,21019.255429267883,70.86774519842697,False,ok
light_V_8s_2026_05_20-0074_flat_0p3_late_bias_cal.fits,2461181.686173727,8.0,HD_103187,comparison,21.936301679980396,1500.5954782840379,True,0.0,0.0,3,645370.5419464111,1694.395319580481,80671.31774330139,211.79941494756014,False,ok
light_V_8s_2026_05_20-0075_flat_0p3_late_bias_cal.fits,2461181.686365625,8.0,target,target,1884.8729106122773,620.5027674703161,True,0.0,0.0,3,1810291.5444335938,4658.698759129897,226286.44305419922,582.3373448912371,False,ok
light_V_8s_2026_05_20-0075_flat_0p3_late_bias_cal.fits,2461181.686365625,8.0,gaia_774272862760870784_src1,comparison,599.578460791499,258.08586022924334,True,0.0,0.0,3,51.628761291503906,41.61175249898057,6.453595161437988,5.2014690623725715,False,ok
light_V_8s_2026_05_20-0075_flat_0p3_late_bias_cal.fits,2461181.686365625,8.0,gaia_774271076054448768_src2,comparison,1506.7178858234115,321.3162110314761,True,0.0,0.0,3,-3.4927902221679688,40.8091790896979,-0.4365987777709961,5.101147386212237,False,nonpositive_flux
light_V_8s_2026_05_20-0075_flat_0p3_late_bias_cal.fits,2461181.686365625,8.0,gaia_774384016513181696_src3,comparison,390.6121365600256,1254.514788035858,True,0.0,0.0,3,-32.26987838745117,42.755021024314225,-4.0337347984313965,5.344377628039278,False,nonpositive_flux
light_V_8s_2026_05_20-0075_flat_0p3_late_bias_cal.fits,2461181.686365625,8.0,gaia_774289041901756032_src4,comparison,2041.387437507543,1442.3507498915358,True,0.0,0.0,3,-76.0766830444336,43.804683232195195,-9.5095853805542,5.475585404024399,False,nonpositive_flux
light_V_8s_2026_05_20-0075_flat_0p3_late_bias_cal.fits,2461181.686365625,8.0,gaia_774287774887292672_src5,comparison,2033.8085843345157,1080.733577355526,True,0.0,0.0,3,27.542213439941406,40.025998863334266,3.442776679992676,5.003249857916783,False,ok
light_V_8s_2026_05_20-0075_flat_0p3_late_bias_cal.fits,2461181.686365625,8.0,gaia_774289488578357504_src6,comparison,940.6541235197662,1100.4907732876518,True,0.0,0.0,3,17.72924041748047,42.29101189432002,2.2161550521850586,5.286376486790003,False,ok
light_V_8s_2026_05_20-0075_flat_0p3_late_bias_cal.fits,2461181.686365625,8.0,gaia_774288805679445888_src7,comparison,1944.5979695251317,1351.7388630834228,True,0.0,0.0,3,0.4992027282714844,42.72791177936271,0.06240034103393555,5.340988972420338,False,ok
light_V_8s_2026_05_20-0075_flat_0p3_late_bias_cal.fits,2461181.686365625,8.0,gaia_774290626745586944_src8,comparison,1071.4610770076736,1433.9985575432859,True,0.0,0.0,3,20.897621154785156,40.28264633500615,2.6122026443481445,5.035330791875769,False,ok
light_V_8s_2026_05_20-0075_flat_0p3_late_bias_cal.fits,2461181.686365625,8.0,DN_UMa,check,1810.0385727493708,674.9646973461669,True,0.0,0.0,3,2521463.261444092,7872.357845144479,315182.9076805115,984.0447306430599,False,ok
light_V_8s_2026_05_20-0075_flat_0p3_late_bias_cal.fits,2461181.686365625,8.0,HD_103405,comparison,1113.2520595043557,138.5785947821245,True,0.0,0.0,3,125259.05419921875,476.7439958130371,15657.381774902344,59.592999476629636,False,ok
light_V_8s_2026_05_20-0075_flat_0p3_late_bias_cal.fits,2461181.686365625,8.0,TYC_3452_787_1,comparison,319.3218712488435,741.9988280198103,True,0.0,0.0,3,162170.04376220703,589.1241495344578,20271.25547027588,73.64051869180723,False,ok
light_V_8s_2026_05_20-0075_flat_0p3_late_bias_cal.fits,2461181.686365625,8.0,HD_103187,comparison,22.230754818460447,1501.0479520576484,True,0.0,0.0,3,624020.9236602783,1799.6010308208256,78002.61545753479,224.9501288526032,False,ok
light_V_8s_2026_05_20-0076_flat_0p3_late_bias_cal.fits,2461181.686557176,8.0,target,target,1884.9663668626827,621.7914382446785,True,0.0,0.0,3,1447382.0387878418,5660.4883510540385,180922.75484848022,707.5610438817548,False,ok
light_V_8s_2026_05_20-0076_flat_0p3_late_bias_cal.fits,2461181.686557176,8.0,gaia_774272862760870784_src1,comparison,599.578460791499,258.08586022924334,True,0.0,0.0,3,76.24745178222656,41.264055105268845,9.53093147277832,5.158006888158606,False,ok
light_V_8s_2026_05_20-0076_flat_0p3_late_bias_cal.fits,2461181.686557176,8.0,gaia_774271076054448768_src2,comparison,1506.7178858234115,321.3162110314761,True,0.0,0.0,3,21.403759002685547,42.659517716574555,2.6754698753356934,5.332439714571819,False,ok
light_V_8s_2026_05_20-0076_flat_0p3_late_bias_cal.fits,2461181.686557176,8.0,gaia_774384016513181696_src3,comparison,390.6121365600256,1254.514788035858,True,0.0,0.0,3,-17.03404998779297,43.0556900561754,-2.129256248474121,5.381961257021925,False,nonpositive_flux
light_V_8s_2026_05_20-0076_flat_0p3_late_bias_cal.fits,2461181.686557176,8.0,gaia_774289041901756032_src4,comparison,2041.387437507543,1442.3507498915358,True,0.0,0.0,3,20.698200225830078,39.862961047228566,2.5872750282287598,4.982870130903571,False,ok
light_V_8s_2026_05_20-0076_flat_0p3_late_bias_cal.fits,2461181.686557176,8.0,gaia_774287774887292672_src5,comparison,2033.8085843345157,1080.733577355526,True,0.0,0.0,3,-23.545608520507812,40.8849661802753,-2.9432010650634766,5.110620772534412,False,nonpositive_flux
light_V_8s_2026_05_20-0076_flat_0p3_late_bias_cal.fits,2461181.686557176,8.0,gaia_774289488578357504_src6,comparison,940.6541235197662,1100.4907732876518,True,0.0,0.0,3,-36.07635498046875,41.56140595435898,-4.509544372558594,5.195175744294873,False,nonpositive_flux
light_V_8s_2026_05_20-0076_flat_0p3_late_bias_cal.fits,2461181.686557176,8.0,gaia_774288805679445888_src7,comparison,1944.5979695251317,1351.7388630834228,True,0.0,0.0,3,-9.195297241210938,41.91879121998307,-1.1494121551513672,5.239848902497884,False,nonpositive_flux
light_V_8s_2026_05_20-0076_flat_0p3_late_bias_cal.fits,2461181.686557176,8.0,gaia_774290626745586944_src8,comparison,1071.4610770076736,1433.9985575432859,True,0.0,0.0,3,-30.63842010498047,40.13189692470524,-3.8298025131225586,5.016487115588155,False,nonpositive_flux
light_V_8s_2026_05_20-0076_flat_0p3_late_bias_cal.fits,2461181.686557176,8.0,DN_UMa,check,1810.2017781405,676.216119439702,True,0.0,0.0,3,2163954.7798461914,9678.586395457756,270494.3474807739,1209.8232994322195,False,ok
light_V_8s_2026_05_20-0076_flat_0p3_late_bias_cal.fits,2461181.686557176,8.0,HD_103405,comparison,1113.2320410111731,139.80169317209536,True,0.0,0.0,3,103876.3924369812,500.7590837109132,12984.54905462265,62.59488546386415,False,ok
light_V_8s_2026_05_20-0076_flat_0p3_late_bias_cal.fits,2461181.686557176,8.0,TYC_3452_787_1,comparison,319.3903896349441,743.313439385748,True,0.0,0.0,3,142038.39428710938,611.8359962755777,17754.799285888672,76.47949953444721,False,ok
light_V_8s_2026_05_20-0076_flat_0p3_late_bias_cal.fits,2461181.686557176,8.0,HD_103187,comparison,22.376685258233966,1502.3432424614866,True,0.0,0.0,3,554041.8314819336,1961.2679609221625,69255.2289352417,245.1584951152703,False,ok
light_V_8s_2026_05_20-0077_flat_0p3_late_bias_cal.fits,2461181.6867488427,8.0,target,target,1886.4029213463627,621.4655623738091,True,0.0,0.0,3,1829925.1960449219,4192.987578725304,228740.64950561523,524.123447340663,False,ok
light_V_8s_2026_05_20-0077_flat_0p3_late_bias_cal.fits,2461181.6867488427,8.0,gaia_774272862760870784_src1,comparison,599.578460791499,258.08586022924334,True,0.0,0.0,3,-11.798210144042969,41.290418317150376,-1.474776268005371,5.161302289643797,False,nonpositive_flux
light_V_8s_2026_05_20-0077_flat_0p3_late_bias_cal.fits,2461181.6867488427,8.0,gaia_774271076054448768_src2,comparison,1506.7178858234115,321.3162110314761,True,0.0,0.0,3,15.439685821533203,44.335057066850716,1.9299607276916504,5.5418821333563395,False,ok
light_V_8s_2026_05_20-0077_flat_0p3_late_bias_cal.fits,2461181.6867488427,8.0,gaia_774384016513181696_src3,comparison,390.6121365600256,1254.514788035858,True,0.0,0.0,3,23.444900512695312,42.30773944993712,2.930612564086914,5.28846743124214,False,ok
light_V_8s_2026_05_20-0077_flat_0p3_late_bias_cal.fits,2461181.6867488427,8.0,gaia_774289041901756032_src4,comparison,2041.387437507543,1442.3507498915358,True,0.0,0.0,3,-12.1832275390625,42.946652901867004,-1.5229034423828125,5.368331612733376,False,nonpositive_flux
light_V_8s_2026_05_20-0077_flat_0p3_late_bias_cal.fits,2461181.6867488427,8.0,gaia_774287774887292672_src5,comparison,2033.8085843345157,1080.733577355526,True,0.0,0.0,3,13.984260559082031,40.652942530745854,1.748032569885254,5.081617816343232,False,ok
light_V_8s_2026_05_20-0077_flat_0p3_late_bias_cal.fits,2461181.6867488427,8.0,gaia_774289488578357504_src6,comparison,940.6541235197662,1100.4907732876518,True,0.0,0.0,3,-2.689098358154297,41.12640173767863,-0.3361372947692871,5.140800217209828,False,nonpositive_flux
light_V_8s_2026_05_20-0077_flat_0p3_late_bias_cal.fits,2461181.6867488427,8.0,gaia_774288805679445888_src7,comparison,1944.5979695251317,1351.7388630834228,True,0.0,0.0,3,-54.40070343017578,39.87649764977296,-6.800087928771973,4.98456220622162,False,nonpositive_flux
light_V_8s_2026_05_20-0077_flat_0p3_late_bias_cal.fits,2461181.6867488427,8.0,gaia_774290626745586944_src8,comparison,1071.4610770076736,1433.9985575432859,True,0.0,0.0,3,22.937427520751953,43.39103849736213,2.867178440093994,5.4238798121702665,False,ok
light_V_8s_2026_05_20-0077_flat_0p3_late_bias_cal.fits,2461181.6867488427,8.0,DN_UMa,check,1811.6921751045804,675.9080909883397,True,0.0,0.0,3,2639449.3999023438,7575.8415336567205,329931.17498779297,946.9801917070901,False,ok
light_V_8s_2026_05_20-0077_flat_0p3_late_bias_cal.fits,2461181.6867488427,8.0,HD_103405,comparison,1114.7000811095709,139.5788349459411,True,0.0,0.0,3,129216.22003173828,458.43975060875704,16152.027503967285,57.30496882609463,False,ok
light_V_8s_2026_05_20-0077_flat_0p3_late_bias_cal.fits,2461181.6867488427,8.0,TYC_3452_787_1,comparison,320.97354589898794,742.9802844206785,True,0.0,0.0,3,163218.0761871338,549.9495647421509,20402.259523391724,68.74369559276886,False,ok
light_V_8s_2026_05_20-0077_flat_0p3_late_bias_cal.fits,2461181.6867488427,8.0,HD_103187,comparison,24.023416897072106,1502.0035630325815,True,0.0,0.0,3,631212.5548782349,1639.6325564528975,78901.56935977936,204.95406955661218,False,ok
light_V_8s_2026_05_20-0078_flat_0p3_late_bias_cal.fits,2461181.6869399305,8.0,target,target,1887.2944745918408,620.618104960081,True,0.0,0.0,3,1971739.3706054688,3990.13771653192,246467.4213256836,498.76721456649,False,ok
light_V_8s_2026_05_20-0078_flat_0p3_late_bias_cal.fits,2461181.6869399305,8.0,gaia_774272862760870784_src1,comparison,599.578460791499,258.08586022924334,True,0.0,0.0,3,17.275325775146484,39.79715378470061,2.1594157218933105,4.9746442230875765,False,ok
light_V_8s_2026_05_20-0078_flat_0p3_late_bias_cal.fits,2461181.6869399305,8.0,gaia_774271076054448768_src2,comparison,1506.7178858234115,321.3162110314761,True,0.0,0.0,3,-13.396682739257812,43.40742906686039,-1.6745853424072266,5.4259286333575485,False,nonpositive_flux
light_V_8s_2026_05_20-0078_flat_0p3_late_bias_cal.fits,2461181.6869399305,8.0,gaia_774384016513181696_src3,comparison,390.6121365600256,1254.514788035858,True,0.0,0.0,3,57.24506759643555,43.41987503822011,7.155633449554443,5.427484379777514,False,ok
light_V_8s_2026_05_20-0078_flat_0p3_late_bias_cal.fits,2461181.6869399305,8.0,gaia_774289041901756032_src4,comparison,2041.387437507543,1442.3507498915358,True,0.0,0.0,3,18.916988372802734,39.788158517386584,2.364623546600342,4.973519814673323,False,ok
light_V_8s_2026_05_20-0078_flat_0p3_late_bias_cal.fits,2461181.6869399305,8.0,gaia_774287774887292672_src5,comparison,2033.8085843345157,1080.733577355526,True,0.0,0.0,3,49.94142532348633,40.353171448996825,6.242678165435791,5.044146431124603,False,ok
light_V_8s_2026_05_20-0078_flat_0p3_late_bias_cal.fits,2461181.6869399305,8.0,gaia_774289488578357504_src6,comparison,940.6541235197662,1100.4907732876518,True,0.0,0.0,3,-63.020565032958984,39.13468145979032,-7.877570629119873,4.89183518247379,False,nonpositive_flux
light_V_8s_2026_05_20-0078_flat_0p3_late_bias_cal.fits,2461181.6869399305,8.0,gaia_774288805679445888_src7,comparison,1944.5979695251317,1351.7388630834228,True,0.0,0.0,3,-47.68212890625,42.103616488450804,-5.96026611328125,5.2629520610563505,False,nonpositive_flux
light_V_8s_2026_05_20-0078_flat_0p3_late_bias_cal.fits,2461181.6869399305,8.0,gaia_774290626745586944_src8,comparison,1071.4610770076736,1433.9985575432859,True,0.0,0.0,3,3.5849647521972656,39.94360199406384,0.4481205940246582,4.99295024925798,False,ok
light_V_8s_2026_05_20-0078_flat_0p3_late_bias_cal.fits,2461181.6869399305,8.0,DN_UMa,check,1812.556669485252,675.0768316261235,True,0.0,0.0,3,2835101.1873779297,7120.697183375496,354387.6484222412,890.087147921937,True,saturated
light_V_8s_2026_05_20-0078_flat_0p3_late_bias_cal.fits,2461181.6869399305,8.0,HD_103405,comparison,1115.4332855925757,138.67119806520944,True,0.0,0.0,3,137152.3516845703,454.44886429038837,17144.04396057129,56.806108036298546,False,ok
light_V_8s_2026_05_20-0078_flat_0p3_late_bias_cal.fits,2461181.6869399305,8.0,TYC_3452_787_1,comparison,321.65076319290665,742.1787849381464,True,0.0,0.0,3,179918.60702514648,553.112096346101,22489.82587814331,69.13901204326262,False,ok
light_V_8s_2026_05_20-0078_flat_0p3_late_bias_cal.fits,2461181.6869399305,8.0,HD_103187,comparison,24.74663360027474,1501.1048922249793,True,0.0,0.0,3,690118.6825561523,1581.7402162567114,86264.83531951904,197.71752703208892,False,ok
light_V_8s_2026_05_20-0079_flat_0p3_late_bias_cal.fits,2461181.6871314817,8.0,target,target,1886.608028448659,620.2006128525936,True,0.0,0.0,3,1735430.2514648438,4773.310585541744,216928.78143310547,596.663823192718,False,ok
light_V_8s_2026_05_20-0079_flat_0p3_late_bias_cal.fits,2461181.6871314817,8.0,gaia_774272862760870784_src1,comparison,599.578460791499,258.08586022924334,True,0.0,0.0,3,-55.88579559326172,41.418736493914274,-6.985724449157715,5.177342061739284,False,nonpositive_flux
light_V_8s_2026_05_20-0079_flat_0p3_late_bias_cal.fits,2461181.6871314817,8.0,gaia_774271076054448768_src2,comparison,1506.7178858234115,321.3162110314761,True,0.0,0.0,3,-14.463077545166016,43.00006430081717,-1.807884693145752,5.3750080376021465,False,nonpositive_flux
light_V_8s_2026_05_20-0079_flat_0p3_late_bias_cal.fits,2461181.6871314817,8.0,gaia_774384016513181696_src3,comparison,390.6121365600256,1254.514788035858,True,0.0,0.0,3,-13.184059143066406,40.620108661760504,-1.6480073928833008,5.077513582720063,False,nonpositive_flux
light_V_8s_2026_05_20-0079_flat_0p3_late_bias_cal.fits,2461181.6871314817,8.0,gaia_774289041901756032_src4,comparison,2041.387437507543,1442.3507498915358,True,0.0,0.0,3,0.4187278747558594,42.90516669956157,0.05234098434448242,5.363145837445196,False,ok
light_V_8s_2026_05_20-0079_flat_0p3_late_bias_cal.fits,2461181.6871314817,8.0,gaia_774287774887292672_src5,comparison,2033.8085843345157,1080.733577355526,True,0.0,0.0,3,-84.15805053710938,39.99792523864118,-10.519756317138672,4.9997406548301475,False,nonpositive_flux
light_V_8s_2026_05_20-0079_flat_0p3_late_bias_cal.fits,2461181.6871314817,8.0,gaia_774289488578357504_src6,comparison,940.6541235197662,1100.4907732876518,True,0.0,0.0,3,11.05916976928711,42.03010192501197,1.3823962211608887,5.253762740626496,False,ok
light_V_8s_2026_05_20-0079_flat_0p3_late_bias_cal.fits,2461181.6871314817,8.0,gaia_774288805679445888_src7,comparison,1944.5979695251317,1351.7388630834228,True,0.0,0.0,3,14.68426513671875,40.8198186730079,1.8355331420898438,5.102477334125988,False,ok
light_V_8s_2026_05_20-0079_flat_0p3_late_bias_cal.fits,2461181.6871314817,8.0,gaia_774290626745586944_src8,comparison,1071.4610770076736,1433.9985575432859,True,0.0,0.0,3,-28.93572235107422,41.00171990972982,-3.6169652938842773,5.125214988716228,False,nonpositive_flux
light_V_8s_2026_05_20-0079_flat_0p3_late_bias_cal.fits,2461181.6871314817,8.0,DN_UMa,check,1811.9012081708324,674.6438866327265,True,0.0,0.0,3,2476636.180908203,8299.623698078232,309579.5226135254,1037.452962259779,False,ok
light_V_8s_2026_05_20-0079_flat_0p3_late_bias_cal.fits,2461181.6871314817,8.0,HD_103405,comparison,1115.0048501705578,138.3351674768043,True,0.0,0.0,3,116694.41711425781,476.0326124421698,14586.802139282227,59.504076555271226,False,ok
light_V_8s_2026_05_20-0079_flat_0p3_late_bias_cal.fits,2461181.6871314817,8.0,TYC_3452_787_1,comparison,321.3015936243279,741.7623605596339,True,0.0,0.0,3,155558.61112976074,581.3198069104324,19444.826391220093,72.66497586380405,False,ok
light_V_8s_2026_05_20-0079_flat_0p3_late_bias_cal.fits,2461181.6871314817,8.0,HD_103187,comparison,24.204965716462866,1500.8261483694712,True,0.0,0.0,3,602234.5338897705,1853.9839271016067,75279.31673622131,231.74799088770084,False,ok
light_V_8s_2026_05_20-0080_flat_0p3_late_bias_cal.fits,2461181.687323264,8.0,target,target,1887.8329018761542,619.2377637512242,True,0.0,0.0,3,1870722.5084838867,4249.138000940102,233840.31356048584,531.1422501175127,False,ok
light_V_8s_2026_05_20-0080_flat_0p3_late_bias_cal.fits,2461181.687323264,8.0,gaia_774272862760870784_src1,comparison,599.578460791499,258.08586022924334,True,0.0,0.0,3,-12.430892944335938,39.14413617924357,-1.5538616180419922,4.893017022405446,False,nonpositive_flux
light_V_8s_2026_05_20-0080_flat_0p3_late_bias_cal.fits,2461181.687323264,8.0,gaia_774271076054448768_src2,comparison,1506.7178858234115,321.3162110314761,True,0.0,0.0,3,-23.72052764892578,41.282214943414715,-2.9650659561157227,5.160276867926839,False,nonpositive_flux
light_V_8s_2026_05_20-0080_flat_0p3_late_bias_cal.fits,2461181.687323264,8.0,gaia_774384016513181696_src3,comparison,390.6121365600256,1254.514788035858,True,0.0,0.0,3,8.185997009277344,40.73691331706076,1.023249626159668,5.092114164632595,False,ok
light_V_8s_2026_05_20-0080_flat_0p3_late_bias_cal.fits,2461181.687323264,8.0,gaia_774289041901756032_src4,comparison,2041.387437507543,1442.3507498915358,True,0.0,0.0,3,-39.29722213745117,41.76947551206102,-4.9121527671813965,5.221184439007628,False,nonpositive_flux
light_V_8s_2026_05_20-0080_flat_0p3_late_bias_cal.fits,2461181.687323264,8.0,gaia_774287774887292672_src5,comparison,2033.8085843345157,1080.733577355526,True,0.0,0.0,3,35.739288330078125,38.99488025443169,4.467411041259766,4.8743600318039615,False,ok
light_V_8s_2026_05_20-0080_flat_0p3_late_bias_cal.fits,2461181.687323264,8.0,gaia_774289488578357504_src6,comparison,940.6541235197662,1100.4907732876518,True,0.0,0.0,3,3.4512939453125,40.06632043325727,0.4314117431640625,5.008290054157158,False,ok
light_V_8s_2026_05_20-0080_flat_0p3_late_bias_cal.fits,2461181.687323264,8.0,gaia_774288805679445888_src7,comparison,1944.5979695251317,1351.7388630834228,True,0.0,0.0,3,-37.48541259765625,40.231011764151525,-4.685676574707031,5.028876470518941,False,nonpositive_flux
light_V_8s_2026_05_20-0080_flat_0p3_late_bias_cal.fits,2461181.687323264,8.0,gaia_774290626745586944_src8,comparison,1071.4610770076736,1433.9985575432859,True,0.0,0.0,3,-36.375282287597656,39.697053265012315,-4.546910285949707,4.962131658126539,False,nonpositive_flux
light_V_8s_2026_05_20-0080_flat_0p3_late_bias_cal.fits,2461181.687323264,8.0,DN_UMa,check,1813.0117647964673,673.6738187540806,True,0.0,0.0,3,2653952.5158081055,7573.032348473371,331744.0644760132,946.6290435591714,False,ok
light_V_8s_2026_05_20-0080_flat_0p3_late_bias_cal.fits,2461181.687323264,8.0,HD_103405,comparison,1116.2259917138424,137.21847423552381,True,0.0,0.0,3,130846.77875518799,459.79882076873025,16355.847344398499,57.47485259609128,False,ok
light_V_8s_2026_05_20-0080_flat_0p3_late_bias_cal.fits,2461181.687323264,8.0,TYC_3452_787_1,comparison,322.407187353065,740.5855787605344,True,0.0,0.0,3,173852.04203796387,557.7970724846768,21731.505254745483,69.7246340605846,False,ok
light_V_8s_2026_05_20-0080_flat_0p3_late_bias_cal.fits,2461181.687323264,8.0,HD_103187,comparison,25.153685812239125,1499.6328670945784,True,0.0,0.0,3,654986.588470459,1638.7735862912737,81873.32355880737,204.8466982864092,False,ok
light_V_8s_2026_05_20-0081_flat_0p3_late_bias_cal.fits,2461181.6875149305,8.0,target,target,1887.8955833708237,619.7323880510914,True,0.0,0.0,3,1714416.9924926758,4753.400561679065,214302.12406158447,594.1750702098831,False,ok
light_V_8s_2026_05_20-0081_flat_0p3_late_bias_cal.fits,2461181.6875149305,8.0,gaia_774272862760870784_src1,comparison,599.578460791499,258.08586022924334,True,0.0,0.0,3,-54.14921569824219,42.03301424311336,-6.768651962280273,5.25412678038917,False,nonpositive_flux
light_V_8s_2026_05_20-0081_flat_0p3_late_bias_cal.fits,2461181.6875149305,8.0,gaia_774271076054448768_src2,comparison,1506.7178858234115,321.3162110314761,True,0.0,0.0,3,48.38987731933594,41.914310651881394,6.048734664916992,5.239288831485174,False,ok
light_V_8s_2026_05_20-0081_flat_0p3_late_bias_cal.fits,2461181.6875149305,8.0,gaia_774384016513181696_src3,comparison,390.6121365600256,1254.514788035858,True,0.0,0.0,3,38.00379180908203,41.51533313439313,4.750473976135254,5.189416641799141,False,ok
light_V_8s_2026_05_20-0081_flat_0p3_late_bias_cal.fits,2461181.6875149305,8.0,gaia_774289041901756032_src4,comparison,2041.387437507543,1442.3507498915358,True,0.0,0.0,3,25.568584442138672,41.453985962764406,3.196073055267334,5.181748245345551,False,ok
light_V_8s_2026_05_20-0081_flat_0p3_late_bias_cal.fits,2461181.6875149305,8.0,gaia_774287774887292672_src5,comparison,2033.8085843345157,1080.733577355526,True,0.0,0.0,3,-12.694450378417969,41.61643492541593,-1.586806297302246,5.202054365676991,False,nonpositive_flux
light_V_8s_2026_05_20-0081_flat_0p3_late_bias_cal.fits,2461181.6875149305,8.0,gaia_774289488578357504_src6,comparison,940.6541235197662,1100.4907732876518,True,0.0,0.0,3,-45.506370544433594,39.68883347058231,-5.688296318054199,4.961104183822789,False,nonpositive_flux
light_V_8s_2026_05_20-0081_flat_0p3_late_bias_cal.fits,2461181.6875149305,8.0,gaia_774288805679445888_src7,comparison,1944.5979695251317,1351.7388630834228,True,0.0,0.0,3,27.62554931640625,41.25706027259957,3.4531936645507812,5.157132534074946,False,ok
light_V_8s_2026_05_20-0081_flat_0p3_late_bias_cal.fits,2461181.6875149305,8.0,gaia_774290626745586944_src8,comparison,1071.4610770076736,1433.9985575432859,True,0.0,0.0,3,-65.19084930419922,41.445259510876824,-8.148856163024902,5.180657438859603,False,nonpositive_flux
light_V_8s_2026_05_20-0081_flat_0p3_late_bias_cal.fits,2461181.6875149305,8.0,DN_UMa,check,1813.0700960705062,674.2333347333986,True,0.0,0.0,3,2486449.8068847656,8448.356881107518,310806.2258605957,1056.0446101384398,False,ok
light_V_8s_2026_05_20-0081_flat_0p3_late_bias_cal.fits,2461181.6875149305,8.0,HD_103405,comparison,1116.2066537014716,137.7940126377367,True,0.0,0.0,3,121033.9288482666,472.81482173011705,15129.241106033325,59.10185271626463,False,ok
light_V_8s_2026_05_20-0081_flat_0p3_late_bias_cal.fits,2461181.6875149305,8.0,TYC_3452_787_1,comparison,322.1881651013235,741.2461044257059,True,0.0,0.0,3,156726.09079742432,575.9315139282565,19590.76134967804,71.99143924103207,False,ok
light_V_8s_2026_05_20-0081_flat_0p3_late_bias_cal.fits,2461181.6875149305,8.0,HD_103187,comparison,25.068918490062305,1500.1709969386065,True,0.0,0.0,3,587775.5814208984,1791.9831146884808,73471.9476776123,223.9978893360601,False,ok
light_V_8s_2026_05_20-0082_flat_0p3_late_bias_cal.fits,2461181.687706597,8.0,target,target,1888.186227677052,618.4769071611915,True,0.0,0.0,3,1646498.1710510254,5036.571196850347,205812.27138137817,629.5713996062934,False,ok
light_V_8s_2026_05_20-0082_flat_0p3_late_bias_cal.fits,2461181.687706597,8.0,gaia_774272862760870784_src1,comparison,599.578460791499,258.08586022924334,True,0.0,0.0,3,-25.13986587524414,41.058826214033,-3.1424832344055176,5.132353276754125,False,nonpositive_flux
light_V_8s_2026_05_20-0082_flat_0p3_late_bias_cal.fits,2461181.687706597,8.0,gaia_774271076054448768_src2,comparison,1506.7178858234115,321.3162110314761,True,0.0,0.0,3,-112.7553825378418,44.5988643840819,-14.094422817230225,5.574858048010237,False,nonpositive_flux
light_V_8s_2026_05_20-0082_flat_0p3_late_bias_cal.fits,2461181.687706597,8.0,gaia_774384016513181696_src3,comparison,390.6121365600256,1254.514788035858,True,0.0,0.0,3,24.806499481201172,43.843263919052774,3.1008124351501465,5.480407989881597,False,ok
light_V_8s_2026_05_20-0082_flat_0p3_late_bias_cal.fits,2461181.687706597,8.0,gaia_774289041901756032_src4,comparison,2041.387437507543,1442.3507498915358,True,0.0,0.0,3,7.871860504150391,40.71041523506876,0.9839825630187988,5.088801904383595,False,ok
light_V_8s_2026_05_20-0082_flat_0p3_late_bias_cal.fits,2461181.687706597,8.0,gaia_774287774887292672_src5,comparison,2033.8085843345157,1080.733577355526,True,0.0,0.0,3,-26.532215118408203,41.36230264088743,-3.3165268898010254,5.1702878301109285,False,nonpositive_flux
light_V_8s_2026_05_20-0082_flat_0p3_late_bias_cal.fits,2461181.687706597,8.0,gaia_774289488578357504_src6,comparison,940.6541235197662,1100.4907732876518,True,0.0,0.0,3,5.233737945556641,40.404374350484154,0.6542172431945801,5.050546793810519,False,ok
light_V_8s_2026_05_20-0082_flat_0p3_late_bias_cal.fits,2461181.687706597,8.0,gaia_774288805679445888_src7,comparison,1944.5979695251317,1351.7388630834228,True,0.0,0.0,3,11.201728820800781,40.84935190521991,1.4002161026000977,5.106168988152489,False,ok
light_V_8s_2026_05_20-0082_flat_0p3_late_bias_cal.fits,2461181.687706597,8.0,gaia_774290626745586944_src8,comparison,1071.4610770076736,1433.9985575432859,True,0.0,0.0,3,60.689788818359375,38.87585453463693,7.586223602294922,4.859481816829616,False,ok
light_V_8s_2026_05_20-0082_flat_0p3_late_bias_cal.fits,2461181.687706597,8.0,DN_UMa,check,1813.3983050713846,672.9619816187593,True,0.0,0.0,3,2396747.685546875,9126.649633186766,299593.4606933594,1140.8312041483457,False,ok
light_V_8s_2026_05_20-0082_flat_0p3_late_bias_cal.fits,2461181.687706597,8.0,HD_103405,comparison,1116.3812692437102,136.53417794815724,True,0.0,0.0,3,114336.81321716309,489.25031512083785,14292.101652145386,61.15628939010473,False,ok
light_V_8s_2026_05_20-0082_flat_0p3_late_bias_cal.fits,2461181.687706597,8.0,TYC_3452_787_1,comparison,322.56642101066075,740.2142059114336,True,0.0,0.0,3,151981.0643310547,613.2187961675409,18997.633041381836,76.65234952094261,False,ok
light_V_8s_2026_05_20-0082_flat_0p3_late_bias_cal.fits,2461181.687706597,8.0,HD_103187,comparison,25.66678162015733,1499.1367055374333,True,0.0,0.0,3,568044.059753418,1981.8422322613474,71005.50746917725,247.73027903266842,False,ok
light_V_8s_2026_05_20-0083_flat_0p3_late_bias_cal.fits,2461181.6878975695,8.0,target,target,1888.7071274270452,619.4325309613733,True,0.0,0.0,3,1964928.5629882812,4010.5814604629622,245616.07037353516,501.3226825578703,False,ok
light_V_8s_2026_05_20-0083_flat_0p3_late_bias_cal.fits,2461181.6878975695,8.0,gaia_774272862760870784_src1,comparison,599.578460791499,258.08586022924334,True,0.0,0.0,3,-12.42758560180664,41.34892667018746,-1.55344820022583,5.1686158337734325,False,nonpositive_flux
light_V_8s_2026_05_20-0083_flat_0p3_late_bias_cal.fits,2461181.6878975695,8.0,gaia_774271076054448768_src2,comparison,1506.7178858234115,321.3162110314761,True,0.0,0.0,3,-45.886417388916016,43.27477111362571,-5.735802173614502,5.409346389203214,False,nonpositive_flux
light_V_8s_2026_05_20-0083_flat_0p3_late_bias_cal.fits,2461181.6878975695,8.0,gaia_774384016513181696_src3,comparison,390.6121365600256,1254.514788035858,True,0.0,0.0,3,-38.47121047973633,43.43816091530278,-4.808901309967041,5.429770114412848,False,nonpositive_flux
light_V_8s_2026_05_20-0083_flat_0p3_late_bias_cal.fits,2461181.6878975695,8.0,gaia_774289041901756032_src4,comparison,2041.387437507543,1442.3507498915358,True,0.0,0.0,3,-11.399429321289062,42.26822258555569,-1.4249286651611328,5.283527823194461,False,nonpositive_flux
light_V_8s_2026_05_20-0083_flat_0p3_late_bias_cal.fits,2461181.6878975695,8.0,gaia_774287774887292672_src5,comparison,2033.8085843345157,1080.733577355526,True,0.0,0.0,3,35.23115539550781,41.09883497853862,4.403894424438477,5.137354372317327,False,ok
light_V_8s_2026_05_20-0083_flat_0p3_late_bias_cal.fits,2461181.6878975695,8.0,gaia_774289488578357504_src6,comparison,940.6541235197662,1100.4907732876518,True,0.0,0.0,3,25.18738555908203,40.38774449193378,3.148423194885254,5.048468061491723,False,ok
light_V_8s_2026_05_20-0083_flat_0p3_late_bias_cal.fits,2461181.6878975695,8.0,gaia_774288805679445888_src7,comparison,1944.5979695251317,1351.7388630834228,True,0.0,0.0,3,-25.453140258789062,41.31063696173139,-3.181642532348633,5.163829620216424,False,nonpositive_flux
light_V_8s_2026_05_20-0083_flat_0p3_late_bias_cal.fits,2461181.6878975695,8.0,gaia_774290626745586944_src8,comparison,1071.4610770076736,1433.9985575432859,True,0.0,0.0,3,51.95499801635742,42.01971627299337,6.494374752044678,5.252464534124171,False,ok
light_V_8s_2026_05_20-0083_flat_0p3_late_bias_cal.fits,2461181.6878975695,8.0,DN_UMa,check,1813.941331484725,673.9649178301011,True,0.0,0.0,3,2748668.061340332,7214.399688806349,343583.5076675415,901.7999611007937,True,saturated
light_V_8s_2026_05_20-0083_flat_0p3_late_bias_cal.fits,2461181.6878975695,8.0,HD_103405,comparison,1116.8775208835411,137.65167817410452,True,0.0,0.0,3,135577.010055542,458.8476216942059,16947.12625694275,57.355952711775736,False,ok
light_V_8s_2026_05_20-0083_flat_0p3_late_bias_cal.fits,2461181.6878975695,8.0,TYC_3452_787_1,comparison,323.1638930864005,741.174784304236,True,0.0,0.0,3,179930.7449684143,553.3723417207575,22491.34312105179,69.17154271509469,False,ok
light_V_8s_2026_05_20-0083_flat_0p3_late_bias_cal.fits,2461181.6878975695,8.0,HD_103187,comparison,26.14534614844982,1500.1656108785794,True,0.0,0.0,3,690409.4314346313,1569.1573747223745,86301.17892932892,196.1446718402968,False,ok
light_V0399_V_8s_2026_05_20-0001_flat_0p3_late_bias_cal.fits,2461181.689061574,8.0,target,target,1919.0146393338243,634.6679345974002,True,0.0,0.0,3,1705895.1122131348,4639.331720440328,213236.88902664185,579.916465055041,False,ok
light_V0399_V_8s_2026_05_20-0001_flat_0p3_late_bias_cal.fits,2461181.689061574,8.0,gaia_774272862760870784_src1,comparison,599.578460791499,258.08586022924334,True,0.0,0.0,3,3862.8322982788086,807.174356016054,482.8540372848511,100.89679450200676,False,ok
light_V0399_V_8s_2026_05_20-0001_flat_0p3_late_bias_cal.fits,2461181.689061574,8.0,gaia_774271076054448768_src2,comparison,1506.7178858234115,321.3162110314761,True,0.0,0.0,3,2145.808578491211,552.3074422871508,268.22607231140137,69.03843028589385,False,ok
light_V0399_V_8s_2026_05_20-0001_flat_0p3_late_bias_cal.fits,2461181.689061574,8.0,gaia_774384016513181696_src3,comparison,390.6121365600256,1254.514788035858,True,0.0,0.0,3,1291.6324996948242,379.21085868937257,161.45406246185303,47.40135733617157,False,ok
light_V0399_V_8s_2026_05_20-0001_flat_0p3_late_bias_cal.fits,2461181.689061574,8.0,gaia_774289041901756032_src4,comparison,2041.387437507543,1442.3507498915358,True,0.0,0.0,3,1470.33642578125,332.30601285835957,183.79205322265625,41.538251607294946,False,ok
light_V0399_V_8s_2026_05_20-0001_flat_0p3_late_bias_cal.fits,2461181.689061574,8.0,gaia_774287774887292672_src5,comparison,2033.8085843345157,1080.733577355526,True,0.0,0.0,3,1294.6530838012695,321.59638869281173,161.8316354751587,40.199548586601466,False,ok
light_V0399_V_8s_2026_05_20-0001_flat_0p3_late_bias_cal.fits,2461181.689061574,8.0,gaia_774289488578357504_src6,comparison,940.6541235197662,1100.4907732876518,True,0.0,0.0,3,1090.4999694824219,292.74747621904305,136.31249618530273,36.59343452738038,False,ok
light_V0399_V_8s_2026_05_20-0001_flat_0p3_late_bias_cal.fits,2461181.689061574,8.0,gaia_774288805679445888_src7,comparison,1944.5979695251317,1351.7388630834228,True,0.0,0.0,3,1160.4501266479492,255.04856402124952,145.05626583099365,31.88107050265619,False,ok
light_V0399_V_8s_2026_05_20-0001_flat_0p3_late_bias_cal.fits,2461181.689061574,8.0,gaia_774290626745586944_src8,comparison,1071.4610770076736,1433.9985575432859,True,0.0,0.0,3,176.0414581298828,108.74709359997834,22.00518226623535,13.593386699997293,False,ok
light_V0399_V_8s_2026_05_20-0001_flat_0p3_late_bias_cal.fits,2461181.689061574,8.0,DN_UMa,check,1844.3169140644086,689.1431723905756,True,0.0,0.0,3,2524618.7202148438,8143.272682426407,315577.34002685547,1017.9090853033009,False,ok
light_V0399_V_8s_2026_05_20-0001_flat_0p3_late_bias_cal.fits,2461181.689061574,8.0,HD_103405,comparison,1147.0122527178373,153.3145145326359,True,0.0,0.0,3,121895.81192779541,463.2676426416033,15236.976490974426,57.90845533020041,False,ok
light_V0399_V_8s_2026_05_20-0001_flat_0p3_late_bias_cal.fits,2461181.689061574,8.0,TYC_3452_787_1,comparison,353.60094602578397,757.3864507517308,True,0.0,0.0,3,165904.7449951172,561.8166096123565,20738.09312438965,70.22707620154456,False,ok
light_V0399_V_8s_2026_05_20-0001_flat_0p3_late_bias_cal.fits,2461181.689061574,8.0,HD_103187,comparison,57.14341884345956,1516.5190127177061,True,0.0,0.0,3,630598.4942245483,1661.3404670768505,78824.81177806854,207.6675583846063,False,ok
light_V0399_V_8s_2026_05_20-0002_flat_0p3_late_bias_cal.fits,2461181.689252662,8.0,target,target,1919.444634629839,634.97337137281,True,0.0,0.0,3,1702605.2264556885,5069.721636391076,212825.65330696106,633.7152045488845,False,ok
light_V0399_V_8s_2026_05_20-0002_flat_0p3_late_bias_cal.fits,2461181.689252662,8.0,gaia_774272862760870784_src1,comparison,599.578460791499,258.08586022924334,True,0.0,0.0,3,3082.288414001465,736.2350598514643,385.2860517501831,92.02938248143303,False,ok
light_V0399_V_8s_2026_05_20-0002_flat_0p3_late_bias_cal.fits,2461181.689252662,8.0,gaia_774271076054448768_src2,comparison,1506.7178858234115,321.3162110314761,True,0.0,0.0,3,1764.946060180664,524.7657311912898,220.618257522583,65.59571639891122,False,ok
light_V0399_V_8s_2026_05_20-0002_flat_0p3_late_bias_cal.fits,2461181.689252662,8.0,gaia_774384016513181696_src3,comparison,390.6121365600256,1254.514788035858,True,0.0,0.0,3,980.81640625,358.66160492804426,122.60205078125,44.83270061600553,False,ok
light_V0399_V_8s_2026_05_20-0002_flat_0p3_late_bias_cal.fits,2461181.689252662,8.0,gaia_774289041901756032_src4,comparison,2041.387437507543,1442.3507498915358,True,0.0,0.0,3,1256.2566146850586,320.6216196404941,157.03207683563232,40.07770245506176,False,ok
light_V0399_V_8s_2026_05_20-0002_flat_0p3_late_bias_cal.fits,2461181.689252662,8.0,gaia_774287774887292672_src5,comparison,2033.8085843345157,1080.733577355526,True,0.0,0.0,3,932.9028854370117,320.881264362894,116.61286067962646,40.11015804536175,False,ok
light_V0399_V_8s_2026_05_20-0002_flat_0p3_late_bias_cal.fits,2461181.689252662,8.0,gaia_774289488578357504_src6,comparison,940.6541235197662,1100.4907732876518,True,0.0,0.0,3,783.7099761962891,281.6240718544046,97.96374702453613,35.20300898180057,False,ok
light_V0399_V_8s_2026_05_20-0002_flat_0p3_late_bias_cal.fits,2461181.689252662,8.0,gaia_774288805679445888_src7,comparison,1944.5979695251317,1351.7388630834228,True,0.0,0.0,3,961.2957305908203,244.50418612508716,120.16196632385254,30.563023265635895,False,ok
light_V0399_V_8s_2026_05_20-0002_flat_0p3_late_bias_cal.fits,2461181.689252662,8.0,gaia_774290626745586944_src8,comparison,1071.4610770076736,1433.9985575432859,True,0.0,0.0,3,50.16971969604492,108.7317199465994,6.271214962005615,13.591464993324925,False,ok
light_V0399_V_8s_2026_05_20-0002_flat_0p3_late_bias_cal.fits,2461181.689252662,8.0,DN_UMa,check,1844.6251955832058,689.4800692233955,True,0.0,0.0,3,2478027.7211914062,8706.03165033742,309753.4651489258,1088.2539562921775,False,ok
light_V0399_V_8s_2026_05_20-0002_flat_0p3_late_bias_cal.fits,2461181.689252662,8.0,HD_103405,comparison,1147.4983340868148,153.59944206665,True,0.0,0.0,3,116147.35302734375,484.52463388158867,14518.419128417969,60.565579235198584,False,ok
light_V0399_V_8s_2026_05_20-0002_flat_0p3_late_bias_cal.fits,2461181.689252662,8.0,TYC_3452_787_1,comparison,353.97400868651965,757.7064621491451,True,0.0,0.0,3,150597.86855316162,593.0677236967022,18824.733569145203,74.13346546208777,False,ok
light_V0399_V_8s_2026_05_20-0002_flat_0p3_late_bias_cal.fits,2461181.689252662,8.0,HD_103187,comparison,57.6365685416885,1516.8371203514916,True,0.0,0.0,3,593944.9251098633,1867.1249458290247,74243.11563873291,233.39061822862809,False,ok
light_V0399_V_8s_2026_05_20-0003_flat_0p3_late_bias_cal.fits,2461181.68944375,8.0,target,target,1919.198601345434,634.6099571578397,True,0.0,0.0,3,1659214.951171875,5125.190899353797,207401.86889648438,640.6488624192247,False,ok
light_V0399_V_8s_2026_05_20-0003_flat_0p3_late_bias_cal.fits,2461181.68944375,8.0,gaia_774272862760870784_src1,comparison,599.578460791499,258.08586022924334,True,0.0,0.0,3,4571.358726501465,735.9028009779939,571.4198408126831,91.98785012224924,False,ok
light_V0399_V_8s_2026_05_20-0003_flat_0p3_late_bias_cal.fits,2461181.68944375,8.0,gaia_774271076054448768_src2,comparison,1506.7178858234115,321.3162110314761,True,0.0,0.0,3,2713.512252807617,508.38436454656323,339.18903160095215,63.548045568320404,False,ok
light_V0399_V_8s_2026_05_20-0003_flat_0p3_late_bias_cal.fits,2461181.68944375,8.0,gaia_774384016513181696_src3,comparison,390.6121365600256,1254.514788035858,True,0.0,0.0,3,1503.565071105957,356.1454485115716,187.94563388824463,44.51818106394645,False,ok
light_V0399_V_8s_2026_05_20-0003_flat_0p3_late_bias_cal.fits,2461181.68944375,8.0,gaia_774289041901756032_src4,comparison,2041.387437507543,1442.3507498915358,True,0.0,0.0,3,1805.3311004638672,314.1056296289414,225.6663875579834,39.26320370361768,False,ok
light_V0399_V_8s_2026_05_20-0003_flat_0p3_late_bias_cal.fits,2461181.68944375,8.0,gaia_774287774887292672_src5,comparison,2033.8085843345157,1080.733577355526,True,0.0,0.0,3,1604.1685256958008,310.33519481325396,200.5210657119751,38.791899351656745,False,ok
light_V0399_V_8s_2026_05_20-0003_flat_0p3_late_bias_cal.fits,2461181.68944375,8.0,gaia_774289488578357504_src6,comparison,940.6541235197662,1100.4907732876518,True,0.0,0.0,3,1223.961082458496,272.0048916189346,152.995135307312,34.000611452366826,False,ok
light_V0399_V_8s_2026_05_20-0003_flat_0p3_late_bias_cal.fits,2461181.68944375,8.0,gaia_774288805679445888_src7,comparison,1944.5979695251317,1351.7388630834228,True,0.0,0.0,3,1407.784812927246,241.27277601817408,175.97310161590576,30.15909700227176,False,ok
light_V0399_V_8s_2026_05_20-0003_flat_0p3_late_bias_cal.fits,2461181.68944375,8.0,gaia_774290626745586944_src8,comparison,1071.4610770076736,1433.9985575432859,True,0.0,0.0,3,249.53514099121094,101.21960225420712,31.191892623901367,12.65245028177589,False,ok
light_V0399_V_8s_2026_05_20-0003_flat_0p3_late_bias_cal.fits,2461181.68944375,8.0,DN_UMa,check,1844.4649208978337,689.114173300595,True,0.0,0.0,3,2400652.848175049,8736.333139686805,300081.6060218811,1092.0416424608507,False,ok
light_V0399_V_8s_2026_05_20-0003_flat_0p3_late_bias_cal.fits,2461181.68944375,8.0,HD_103405,comparison,1147.2753371152862,153.2204206973244,True,0.0,0.0,3,113948.83833312988,482.56035351213217,14243.604791641235,60.32004418901652,False,ok
light_V0399_V_8s_2026_05_20-0003_flat_0p3_late_bias_cal.fits,2461181.68944375,8.0,TYC_3452_787_1,comparison,353.79588641685626,757.3750652571927,True,0.0,0.0,3,154131.79357910156,603.0621593033804,19266.474197387695,75.38276991292256,False,ok
light_V0399_V_8s_2026_05_20-0003_flat_0p3_late_bias_cal.fits,2461181.68944375,8.0,HD_103187,comparison,57.353129736761176,1516.4481470805683,True,0.0,0.0,3,589056.1036911011,1835.5062007391339,73632.01296138763,229.43827509239173,False,ok
light_V0399_V_8s_2026_05_20-0004_flat_0p3_late_bias_cal.fits,2461181.6896349536,8.0,target,target,1919.5194189308374,635.2824076346991,True,0.0,0.0,3,1707430.1235351562,4735.59357197653,213428.76544189453,591.9491964970663,False,ok
light_V0399_V_8s_2026_05_20-0004_flat_0p3_late_bias_cal.fits,2461181.6896349536,8.0,gaia_774272862760870784_src1,comparison,599.578460791499,258.08586022924334,True,0.0,0.0,3,4229.959274291992,741.8541262051499,528.744909286499,92.73176577564374,False,ok
light_V0399_V_8s_2026_05_20-0004_flat_0p3_late_bias_cal.fits,2461181.6896349536,8.0,gaia_774271076054448768_src2,comparison,1506.7178858234115,321.3162110314761,True,0.0,0.0,3,2408.746452331543,529.635966627827,301.09330654144287,66.20449582847837,False,ok
light_V0399_V_8s_2026_05_20-0004_flat_0p3_late_bias_cal.fits,2461181.6896349536,8.0,gaia_774384016513181696_src3,comparison,390.6121365600256,1254.514788035858,True,0.0,0.0,3,1447.4819030761719,349.0253770184413,180.93523788452148,43.62817212730516,False,ok
light_V0399_V_8s_2026_05_20-0004_flat_0p3_late_bias_cal.fits,2461181.6896349536,8.0,gaia_774289041901756032_src4,comparison,2041.387437507543,1442.3507498915358,True,0.0,0.0,3,1463.6341514587402,324.0670344023322,182.95426893234253,40.50837930029152,False,ok
light_V0399_V_8s_2026_05_20-0004_flat_0p3_late_bias_cal.fits,2461181.6896349536,8.0,gaia_774287774887292672_src5,comparison,2033.8085843345157,1080.733577355526,True,0.0,0.0,3,1350.1533432006836,322.17434323312807,168.76916790008545,40.27179290414101,False,ok
light_V0399_V_8s_2026_05_20-0004_flat_0p3_late_bias_cal.fits,2461181.6896349536,8.0,gaia_774289488578357504_src6,comparison,940.6541235197662,1100.4907732876518,True,0.0,0.0,3,1142.8968048095703,274.4624920463968,142.8621006011963,34.3078115057996,False,ok
light_V0399_V_8s_2026_05_20-0004_flat_0p3_late_bias_cal.fits,2461181.6896349536,8.0,gaia_774288805679445888_src7,comparison,1944.5979695251317,1351.7388630834228,True,0.0,0.0,3,1194.5575485229492,242.1814800362615,149.31969356536865,30.272685004532686,False,ok
light_V0399_V_8s_2026_05_20-0004_flat_0p3_late_bias_cal.fits,2461181.6896349536,8.0,gaia_774290626745586944_src8,comparison,1071.4610770076736,1433.9985575432859,True,0.0,0.0,3,244.09677124023438,106.60160758831618,30.512096405029297,13.325200948539523,False,ok
light_V0399_V_8s_2026_05_20-0004_flat_0p3_late_bias_cal.fits,2461181.6896349536,8.0,DN_UMa,check,1844.7819667180186,689.7944612038971,True,0.0,0.0,3,2485366.9755249023,8671.140794241068,310670.8719406128,1083.8925992801335,False,ok
light_V0399_V_8s_2026_05_20-0004_flat_0p3_late_bias_cal.fits,2461181.6896349536,8.0,HD_103405,comparison,1147.538115780919,153.9232355647144,True,0.0,0.0,3,120135.87475585938,472.64685046567985,15016.984344482422,59.08085630820998,False,ok
light_V0399_V_8s_2026_05_20-0004_flat_0p3_late_bias_cal.fits,2461181.6896349536,8.0,TYC_3452_787_1,comparison,354.2747978898932,757.9526067018509,True,0.0,0.0,3,154213.6099395752,574.9891047707729,19276.7012424469,71.87363809634661,False,ok
light_V0399_V_8s_2026_05_20-0004_flat_0p3_late_bias_cal.fits,2461181.6896349536,8.0,HD_103187,comparison,57.92834632268044,1517.1656146302869,True,0.0,0.0,3,581582.0388946533,1799.3075962442113,72697.75486183167,224.9134495305264,False,ok
light_V0399_V_8s_2026_05_20-0005_flat_0p3_late_bias_cal.fits,2461181.6898260415,8.0,target,target,1921.0293067708824,634.5943794518819,True,0.0,0.0,3,1553706.1263427734,5582.6918689223185,194213.26579284668,697.8364836152898,False,ok
light_V0399_V_8s_2026_05_20-0005_flat_0p3_late_bias_cal.fits,2461181.6898260415,8.0,gaia_774272862760870784_src1,comparison,599.578460791499,258.08586022924334,True,0.0,0.0,3,7948.7219161987305,499.51772951128237,993.5902395248413,62.439716188910296,False,ok
light_V0399_V_8s_2026_05_20-0005_flat_0p3_late_bias_cal.fits,2461181.6898260415,8.0,gaia_774271076054448768_src2,comparison,1506.7178858234115,321.3162110314761,True,0.0,0.0,3,4807.446968078613,360.1993377102411,600.9308710098267,45.024917213780135,False,ok
light_V0399_V_8s_2026_05_20-0005_flat_0p3_late_bias_cal.fits,2461181.6898260415,8.0,gaia_774384016513181696_src3,comparison,390.6121365600256,1254.514788035858,True,0.0,0.0,3,2883.1715927124023,253.82410491081933,360.3964490890503,31.728013113852416,False,ok
light_V0399_V_8s_2026_05_20-0005_flat_0p3_late_bias_cal.fits,2461181.6898260415,8.0,gaia_774289041901756032_src4,comparison,2041.387437507543,1442.3507498915358,True,0.0,0.0,3,3144.3524780273438,226.62756648868182,393.04405975341797,28.328445811085228,False,ok
light_V0399_V_8s_2026_05_20-0005_flat_0p3_late_bias_cal.fits,2461181.6898260415,8.0,gaia_774287774887292672_src5,comparison,2033.8085843345157,1080.733577355526,True,0.0,0.0,3,2746.544303894043,231.5549508561663,343.31803798675537,28.944368857020788,False,ok
light_V0399_V_8s_2026_05_20-0005_flat_0p3_late_bias_cal.fits,2461181.6898260415,8.0,gaia_774289488578357504_src6,comparison,940.6541235197662,1100.4907732876518,True,0.0,0.0,3,2259.0614700317383,196.24351180528518,282.3826837539673,24.530438975660648,False,ok
light_V0399_V_8s_2026_05_20-0005_flat_0p3_late_bias_cal.fits,2461181.6898260415,8.0,gaia_774288805679445888_src7,comparison,1944.5979695251317,1351.7388630834228,True,0.0,0.0,3,2490.2769088745117,174.26577761235615,311.28461360931396,21.78322220154452,False,ok
light_V0399_V_8s_2026_05_20-0005_flat_0p3_late_bias_cal.fits,2461181.6898260415,8.0,gaia_774290626745586944_src8,comparison,1071.4610770076736,1433.9985575432859,True,0.0,0.0,3,413.9527359008789,85.61192146559442,51.74409198760986,10.701490183199303,False,ok
light_V0399_V_8s_2026_05_20-0005_flat_0p3_late_bias_cal.fits,2461181.6898260415,8.0,DN_UMa,check,1846.2499850878414,689.0933412972413,True,0.0,0.0,3,2265898.3876953125,9252.168680427834,283237.29846191406,1156.5210850534793,False,ok
light_V0399_V_8s_2026_05_20-0005_flat_0p3_late_bias_cal.fits,2461181.6898260415,8.0,HD_103405,comparison,1149.1206792805256,153.22322046104122,True,0.0,0.0,3,109350.10311126709,502.67430381420985,13668.762888908386,62.83428797677623,False,ok
light_V0399_V_8s_2026_05_20-0005_flat_0p3_late_bias_cal.fits,2461181.6898260415,8.0,TYC_3452_787_1,comparison,355.7256299829993,757.1356370688803,True,0.0,0.0,3,144191.08629608154,629.4062534218632,18023.885787010193,78.6757816777329,False,ok
light_V0399_V_8s_2026_05_20-0005_flat_0p3_late_bias_cal.fits,2461181.6898260415,8.0,HD_103187,comparison,59.102141824310024,1516.3176008544685,True,0.0,0.0,3,542352.6762695312,2067.317616114312,67794.0845336914,258.414702014289,False,ok
light_V0399_V_8s_2026_05_20-0006_flat_0p3_late_bias_cal.fits,2461181.6900171298,8.0,target,target,1921.6609189726576,634.0633000606322,True,0.0,0.0,3,1728599.1729125977,4710.247071475236,216074.8966140747,588.7808839344045,False,ok
light_V0399_V_8s_2026_05_20-0006_flat_0p3_late_bias_cal.fits,2461181.6900171298,8.0,gaia_774272862760870784_src1,comparison,599.578460791499,258.08586022924334,True,0.0,0.0,3,9009.695220947266,436.2232502111246,1126.2119026184082,54.527906276390574,False,ok
light_V0399_V_8s_2026_05_20-0006_flat_0p3_late_bias_cal.fits,2461181.6900171298,8.0,gaia_774271076054448768_src2,comparison,1506.7178858234115,321.3162110314761,True,0.0,0.0,3,5288.894607543945,323.3521394464416,661.1118259429932,40.4190174308052,False,ok
light_V0399_V_8s_2026_05_20-0006_flat_0p3_late_bias_cal.fits,2461181.6900171298,8.0,gaia_774384016513181696_src3,comparison,390.6121365600256,1254.514788035858,True,0.0,0.0,3,3043.3064498901367,232.96866140860587,380.4133062362671,29.121082676075734,False,ok
light_V0399_V_8s_2026_05_20-0006_flat_0p3_late_bias_cal.fits,2461181.6900171298,8.0,gaia_774289041901756032_src4,comparison,2041.387437507543,1442.3507498915358,True,0.0,0.0,3,3368.928886413574,201.11170445673486,421.1161108016968,25.138963057091857,False,ok
light_V0399_V_8s_2026_05_20-0006_flat_0p3_late_bias_cal.fits,2461181.6900171298,8.0,gaia_774287774887292672_src5,comparison,2033.8085843345157,1080.733577355526,True,0.0,0.0,3,2998.300979614258,205.2792364592277,374.7876224517822,25.65990455740346,False,ok
light_V0399_V_8s_2026_05_20-0006_flat_0p3_late_bias_cal.fits,2461181.6900171298,8.0,gaia_774289488578357504_src6,comparison,940.6541235197662,1100.4907732876518,True,0.0,0.0,3,2389.9298553466797,178.427709259539,298.74123191833496,22.303463657442375,False,ok
light_V0399_V_8s_2026_05_20-0006_flat_0p3_late_bias_cal.fits,2461181.6900171298,8.0,gaia_774288805679445888_src7,comparison,1944.5979695251317,1351.7388630834228,True,0.0,0.0,3,2633.7089462280273,157.2056204346966,329.2136182785034,19.650702554337077,False,ok
light_V0399_V_8s_2026_05_20-0006_flat_0p3_late_bias_cal.fits,2461181.6900171298,8.0,gaia_774290626745586944_src8,comparison,1071.4610770076736,1433.9985575432859,True,0.0,0.0,3,469.5202178955078,81.72214437720723,58.69002723693848,10.215268047150904,False,ok
light_V0399_V_8s_2026_05_20-0006_flat_0p3_late_bias_cal.fits,2461181.6900171298,8.0,DN_UMa,check,1846.938140022674,688.5743919752728,True,0.0,0.0,3,2539925.519836426,8241.691209142227,317490.6899795532,1030.2114011427784,False,ok
light_V0399_V_8s_2026_05_20-0006_flat_0p3_late_bias_cal.fits,2461181.6900171298,8.0,HD_103405,comparison,1149.786007812976,152.62604759605395,True,0.0,0.0,3,123029.1205444336,472.6546710823914,15378.6400680542,59.08183388529893,False,ok
light_V0399_V_8s_2026_05_20-0006_flat_0p3_late_bias_cal.fits,2461181.6900171298,8.0,TYC_3452_787_1,comparison,356.36782127225786,756.589306470684,True,0.0,0.0,3,162186.63610839844,576.1079345808425,20273.329513549805,72.01349182260532,False,ok
light_V0399_V_8s_2026_05_20-0006_flat_0p3_late_bias_cal.fits,2461181.6900171298,8.0,HD_103187,comparison,59.78530231823388,1515.687987879975,True,0.0,0.0,3,609596.6637878418,1783.0413331725997,76199.58297348022,222.88016664657496,False,ok
light_V0399_V_8s_2026_05_20-0007_flat_0p3_late_bias_cal.fits,2461181.6902081016,8.0,target,target,1923.3300393374413,634.0935960854564,True,0.0,0.0,3,1724471.9363708496,4683.693299078207,215558.9920463562,585.4616623847759,False,ok
light_V0399_V_8s_2026_05_20-0007_flat_0p3_late_bias_cal.fits,2461181.6902081016,8.0,gaia_774272862760870784_src1,comparison,599.578460791499,258.08586022924334,True,0.0,0.0,3,14838.355171203613,299.55332026355995,1854.7943964004517,37.444165032944994,False,ok
light_V0399_V_8s_2026_05_20-0007_flat_0p3_late_bias_cal.fits,2461181.6902081016,8.0,gaia_774271076054448768_src2,comparison,1506.7178858234115,321.3162110314761,True,0.0,0.0,3,8864.520332336426,226.99954722242543,1108.0650415420532,28.37494340280318,False,ok
light_V0399_V_8s_2026_05_20-0007_flat_0p3_late_bias_cal.fits,2461181.6902081016,8.0,gaia_774384016513181696_src3,comparison,390.6121365600256,1254.514788035858,True,0.0,0.0,3,5486.927543640137,168.62748470090756,685.8659429550171,21.078435587613445,False,ok
light_V0399_V_8s_2026_05_20-0007_flat_0p3_late_bias_cal.fits,2461181.6902081016,8.0,gaia_774289041901756032_src4,comparison,2041.387437507543,1442.3507498915358,True,0.0,0.0,3,6080.136089324951,146.38404422190922,760.0170111656189,18.298005527738653,False,ok
light_V0399_V_8s_2026_05_20-0007_flat_0p3_late_bias_cal.fits,2461181.6902081016,8.0,gaia_774287774887292672_src5,comparison,2033.8085843345157,1080.733577355526,True,0.0,0.0,3,5429.555854797363,149.3287592442494,678.6944818496704,18.666094905531175,False,ok
light_V0399_V_8s_2026_05_20-0007_flat_0p3_late_bias_cal.fits,2461181.6902081016,8.0,gaia_774289488578357504_src6,comparison,940.6541235197662,1100.4907732876518,True,0.0,0.0,3,4448.052917480469,131.38629218991474,556.0066146850586,16.423286523739343,False,ok
light_V0399_V_8s_2026_05_20-0007_flat_0p3_late_bias_cal.fits,2461181.6902081016,8.0,gaia_774288805679445888_src7,comparison,1944.5979695251317,1351.7388630834228,True,0.0,0.0,3,4678.1195068359375,117.54308750625984,584.7649383544922,14.69288593828248,False,ok
light_V0399_V_8s_2026_05_20-0007_flat_0p3_late_bias_cal.fits,2461181.6902081016,8.0,gaia_774290626745586944_src8,comparison,1071.4610770076736,1433.9985575432859,True,0.0,0.0,3,1035.3905181884766,69.06491115052172,129.42381477355957,8.633113893815215,False,ok
light_V0399_V_8s_2026_05_20-0007_flat_0p3_late_bias_cal.fits,2461181.6902081016,8.0,DN_UMa,check,1848.593806220504,688.5754654050925,True,0.0,0.0,3,2521010.682800293,8180.709750862619,315126.3353500366,1022.5887188578274,False,ok
light_V0399_V_8s_2026_05_20-0007_flat_0p3_late_bias_cal.fits,2461181.6902081016,8.0,HD_103405,comparison,1151.281015528714,152.6953848563669,True,0.0,0.0,3,121435.68766784668,469.0028616827054,15179.460958480835,58.62535771033817,False,ok
light_V0399_V_8s_2026_05_20-0007_flat_0p3_late_bias_cal.fits,2461181.6902081016,8.0,TYC_3452_787_1,comparison,357.94331426103116,756.6843332771911,True,0.0,0.0,3,158461.63008117676,577.7408242553039,19807.703760147095,72.21760303191299,False,ok
light_V0399_V_8s_2026_05_20-0007_flat_0p3_late_bias_cal.fits,2461181.6902081016,8.0,HD_103187,comparison,61.58493860775495,1515.7243068011635,True,0.0,0.0,3,620589.4160461426,1768.5384169560582,77573.67700576782,221.06730211950727,False,ok
light_V0399_V_8s_2026_05_20-0008_flat_0p3_late_bias_cal.fits,2461181.690400463,8.0,target,target,1923.6254164396014,633.8055430830517,True,0.0,0.0,3,1777231.2915039062,4600.4737383395795,222153.91143798828,575.0592172924474,False,ok
light_V0399_V_8s_2026_05_20-0008_flat_0p3_late_bias_cal.fits,2461181.690400463,8.0,gaia_774272862760870784_src1,comparison,599.578460791499,258.08586022924334,True,0.0,0.0,3,16013.151359558105,296.2378267439423,2001.6439199447632,37.02972834299279,False,ok
light_V0399_V_8s_2026_05_20-0008_flat_0p3_late_bias_cal.fits,2461181.690400463,8.0,gaia_774271076054448768_src2,comparison,1506.7178858234115,321.3162110314761,True,0.0,0.0,3,10045.663444519043,224.63011919638663,1255.7079305648804,28.07876489954833,False,ok
light_V0399_V_8s_2026_05_20-0008_flat_0p3_late_bias_cal.fits,2461181.690400463,8.0,gaia_774384016513181696_src3,comparison,390.6121365600256,1254.514788035858,True,0.0,0.0,3,6073.320022583008,160.99672378005326,759.165002822876,20.124590472506657,False,ok
light_V0399_V_8s_2026_05_20-0008_flat_0p3_late_bias_cal.fits,2461181.690400463,8.0,gaia_774289041901756032_src4,comparison,2041.387437507543,1442.3507498915358,True,0.0,0.0,3,6449.690254211426,143.33357673987217,806.2112817764282,17.91669709248402,False,ok
light_V0399_V_8s_2026_05_20-0008_flat_0p3_late_bias_cal.fits,2461181.690400463,8.0,gaia_774287774887292672_src5,comparison,2033.8085843345157,1080.733577355526,True,0.0,0.0,3,6043.501152038574,145.54221057475254,755.4376440048218,18.192776321844068,False,ok
light_V0399_V_8s_2026_05_20-0008_flat_0p3_late_bias_cal.fits,2461181.690400463,8.0,gaia_774289488578357504_src6,comparison,940.6541235197662,1100.4907732876518,True,0.0,0.0,3,4919.090034484863,128.46460343821064,614.8862543106079,16.05807542977633,False,ok
light_V0399_V_8s_2026_05_20-0008_flat_0p3_late_bias_cal.fits,2461181.690400463,8.0,gaia_774288805679445888_src7,comparison,1944.5979695251317,1351.7388630834228,True,0.0,0.0,3,5252.805572509766,117.53247845885356,656.6006965637207,14.691559807356695,False,ok
light_V0399_V_8s_2026_05_20-0008_flat_0p3_late_bias_cal.fits,2461181.690400463,8.0,gaia_774290626745586944_src8,comparison,1071.4610770076736,1433.9985575432859,True,0.0,0.0,3,1185.9822463989258,66.99739375365117,148.24778079986572,8.374674219206396,False,ok
light_V0399_V_8s_2026_05_20-0008_flat_0p3_late_bias_cal.fits,2461181.690400463,8.0,DN_UMa,check,1848.8947848869977,688.3426189874308,True,0.0,0.0,3,2548566.7637939453,8134.844337095219,318570.84547424316,1016.8555421369024,False,ok
light_V0399_V_8s_2026_05_20-0008_flat_0p3_late_bias_cal.fits,2461181.690400463,8.0,HD_103405,comparison,1151.5161875598826,152.55084073934032,True,0.0,0.0,3,124188.75073242188,468.69420810875573,15523.593841552734,58.586776013594466,False,ok
light_V0399_V_8s_2026_05_20-0008_flat_0p3_late_bias_cal.fits,2461181.690400463,8.0,TYC_3452_787_1,comparison,358.12302328328633,756.6453007321908,True,0.0,0.0,3,162578.15335083008,572.4342481474954,20322.26916885376,71.55428101843692,False,ok
light_V0399_V_8s_2026_05_20-0008_flat_0p3_late_bias_cal.fits,2461181.690400463,8.0,HD_103187,comparison,61.72817113565272,1515.668451598498,True,0.0,0.0,3,632789.3618164062,1710.401746349792,79098.67022705078,213.800218293724,False,ok
light_V0399_V_8s_2026_05_20-0009_flat_0p3_late_bias_cal.fits,2461181.690591667,8.0,target,target,1923.9878547855772,634.9458174580328,True,0.0,0.0,3,1582826.0853881836,5057.66291249735,197853.26067352295,632.2078640621687,False,ok
light_V0399_V_8s_2026_05_20-0009_flat_0p3_late_bias_cal.fits,2461181.690591667,8.0,gaia_774272862760870784_src1,comparison,599.578460791499,258.08586022924334,True,0.0,0.0,3,14693.687057495117,313.5501964445626,1836.7108821868896,39.19377455557032,False,ok
light_V0399_V_8s_2026_05_20-0009_flat_0p3_late_bias_cal.fits,2461181.690591667,8.0,gaia_774271076054448768_src2,comparison,1506.7178858234115,321.3162110314761,True,0.0,0.0,3,9042.385513305664,219.86679861926154,1130.298189163208,27.483349827407693,False,ok
light_V0399_V_8s_2026_05_20-0009_flat_0p3_late_bias_cal.fits,2461181.690591667,8.0,gaia_774384016513181696_src3,comparison,390.6121365600256,1254.514788035858,True,0.0,0.0,3,5610.469200134277,171.6974950005937,701.3086500167847,21.462186875074213,False,ok
light_V0399_V_8s_2026_05_20-0009_flat_0p3_late_bias_cal.fits,2461181.690591667,8.0,gaia_774289041901756032_src4,comparison,2041.387437507543,1442.3507498915358,True,0.0,0.0,3,5721.129119873047,145.98146517596126,715.1411399841309,18.247683146995158,False,ok
light_V0399_V_8s_2026_05_20-0009_flat_0p3_late_bias_cal.fits,2461181.690591667,8.0,gaia_774287774887292672_src5,comparison,2033.8085843345157,1080.733577355526,True,0.0,0.0,3,5274.2854080200195,147.03855364776211,659.2856760025024,18.379819205970264,False,ok
light_V0399_V_8s_2026_05_20-0009_flat_0p3_late_bias_cal.fits,2461181.690591667,8.0,gaia_774289488578357504_src6,comparison,940.6541235197662,1100.4907732876518,True,0.0,0.0,3,4400.442405700684,135.5223663040222,550.0553007125854,16.940295788002775,False,ok
light_V0399_V_8s_2026_05_20-0009_flat_0p3_late_bias_cal.fits,2461181.690591667,8.0,gaia_774288805679445888_src7,comparison,1944.5979695251317,1351.7388630834228,True,0.0,0.0,3,4629.189514160156,115.87640051996513,578.6486892700195,14.484550064995641,False,ok
light_V0399_V_8s_2026_05_20-0009_flat_0p3_late_bias_cal.fits,2461181.690591667,8.0,gaia_774290626745586944_src8,comparison,1071.4610770076736,1433.9985575432859,True,0.0,0.0,3,1123.414207458496,66.7646350585865,140.426775932312,8.345579382323313,False,ok
light_V0399_V_8s_2026_05_20-0009_flat_0p3_late_bias_cal.fits,2461181.690591667,8.0,DN_UMa,check,1849.3311162604086,689.42551944747,True,0.0,0.0,3,2386537.1053771973,8942.955412421232,298317.13817214966,1117.869426552654,False,ok
light_V0399_V_8s_2026_05_20-0009_flat_0p3_late_bias_cal.fits,2461181.690591667,8.0,HD_103405,comparison,1151.9141639153866,153.55922984472764,True,0.0,0.0,3,114908.49897003174,486.65815470055605,14363.562371253967,60.83226933756951,False,ok
light_V0399_V_8s_2026_05_20-0009_flat_0p3_late_bias_cal.fits,2461181.690591667,8.0,TYC_3452_787_1,comparison,358.45648861004264,757.7505961292715,True,0.0,0.0,3,154586.3631401062,596.4197074952474,19323.295392513275,74.55246343690592,False,ok
light_V0399_V_8s_2026_05_20-0009_flat_0p3_late_bias_cal.fits,2461181.690591667,8.0,HD_103187,comparison,62.02171317351728,1516.9611051657657,True,0.0,0.0,3,556387.7540588379,1883.6728784806407,69548.46925735474,235.4591098100801,False,ok
light_V0399_V_8s_2026_05_20-0010_flat_0p3_late_bias_cal.fits,2461181.690783102,8.0,target,target,1925.8153762995419,635.4853790827393,True,0.0,0.0,3,1808403.984802246,4227.965322692246,226050.49810028076,528.4956653365308,False,ok
light_V0399_V_8s_2026_05_20-0010_flat_0p3_late_bias_cal.fits,2461181.690783102,8.0,gaia_774272862760870784_src1,comparison,599.578460791499,258.08586022924334,True,0.0,0.0,3,19624.003379821777,232.95421479446048,2453.000422477722,29.11927684930756,False,ok
light_V0399_V_8s_2026_05_20-0010_flat_0p3_late_bias_cal.fits,2461181.690783102,8.0,gaia_774271076054448768_src2,comparison,1506.7178858234115,321.3162110314761,True,0.0,0.0,3,12913.477424621582,172.81267100149736,1614.1846780776978,21.60158387518717,False,ok
light_V0399_V_8s_2026_05_20-0010_flat_0p3_late_bias_cal.fits,2461181.690783102,8.0,gaia_774384016513181696_src3,comparison,390.6121365600256,1254.514788035858,True,0.0,0.0,3,8340.803283691406,144.2227093924378,1042.6004104614258,18.027838674054724,False,ok
light_V0399_V_8s_2026_05_20-0010_flat_0p3_late_bias_cal.fits,2461181.690783102,8.0,gaia_774289041901756032_src4,comparison,2041.387437507543,1442.3507498915358,True,0.0,0.0,3,7973.434413909912,123.19683857259047,996.679301738739,15.399604821573808,False,ok
light_V0399_V_8s_2026_05_20-0010_flat_0p3_late_bias_cal.fits,2461181.690783102,8.0,gaia_774287774887292672_src5,comparison,2033.8085843345157,1080.733577355526,True,0.0,0.0,3,7172.043731689453,122.5469891990995,896.5054664611816,15.318373649887437,False,ok
light_V0399_V_8s_2026_05_20-0010_flat_0p3_late_bias_cal.fits,2461181.690783102,8.0,gaia_774289488578357504_src6,comparison,940.6541235197662,1100.4907732876518,True,0.0,0.0,3,6467.434379577637,113.75561730368229,808.4292974472046,14.219452162960286,False,ok
light_V0399_V_8s_2026_05_20-0010_flat_0p3_late_bias_cal.fits,2461181.690783102,8.0,gaia_774288805679445888_src7,comparison,1944.5979695251317,1351.7388630834228,True,0.0,0.0,3,6412.248458862305,103.73606968661547,801.5310573577881,12.967008710826933,False,ok
light_V0399_V_8s_2026_05_20-0010_flat_0p3_late_bias_cal.fits,2461181.690783102,8.0,gaia_774290626745586944_src8,comparison,1071.4610770076736,1433.9985575432859,True,0.0,0.0,3,1867.136215209961,63.67693080673095,233.39202690124512,7.959616350841369,False,ok
light_V0399_V_8s_2026_05_20-0010_flat_0p3_late_bias_cal.fits,2461181.690783102,8.0,DN_UMa,check,1851.0879273782966,690.055357391349,True,0.0,0.0,3,2546408.698944092,7586.477353337187,318301.0873680115,948.3096691671484,False,ok
light_V0399_V_8s_2026_05_20-0010_flat_0p3_late_bias_cal.fits,2461181.690783102,8.0,HD_103405,comparison,1153.7558589784433,154.1879704779612,True,0.0,0.0,3,126987.10606384277,453.12795073068617,15873.388257980347,56.64099384133577,False,ok
light_V0399_V_8s_2026_05_20-0010_flat_0p3_late_bias_cal.fits,2461181.690783102,8.0,TYC_3452_787_1,comparison,360.53425271262864,758.2532416907524,True,0.0,0.0,3,166379.71484375,564.0709927978834,20797.46435546875,70.50887409973542,False,ok
light_V0399_V_8s_2026_05_20-0010_flat_0p3_late_bias_cal.fits,2461181.690783102,8.0,HD_103187,comparison,64.0195844116937,1517.4651203973688,True,0.0,0.0,3,621529.5397796631,1718.1926706382558,77691.19247245789,214.77408382978197,False,ok
light_V0399_V_8s_2026_05_20-0011_flat_0p3_late_bias_cal.fits,2461181.690974884,8.0,target,target,1926.1125344566017,634.6451547739161,True,0.0,0.0,3,1534104.5090332031,5538.522866385551,191763.0636291504,692.3153582981939,False,ok
light_V0399_V_8s_2026_05_20-0011_flat_0p3_late_bias_cal.fits,2461181.690974884,8.0,gaia_774272862760870784_src1,comparison,599.578460791499,258.08586022924334,True,0.0,0.0,3,20291.44327545166,213.5993687988787,2536.4304094314575,26.699921099859836,False,ok
light_V0399_V_8s_2026_05_20-0011_flat_0p3_late_bias_cal.fits,2461181.690974884,8.0,gaia_774271076054448768_src2,comparison,1506.7178858234115,321.3162110314761,True,0.0,0.0,3,12938.2592086792,163.42645422294675,1617.2824010849,20.428306777868343,False,ok
light_V0399_V_8s_2026_05_20-0011_flat_0p3_late_bias_cal.fits,2461181.690974884,8.0,gaia_774384016513181696_src3,comparison,390.6121365600256,1254.514788035858,True,0.0,0.0,3,8315.70972442627,137.9144689260528,1039.4637155532837,17.2393086157566,False,ok
light_V0399_V_8s_2026_05_20-0011_flat_0p3_late_bias_cal.fits,2461181.690974884,8.0,gaia_774289041901756032_src4,comparison,2041.387437507543,1442.3507498915358,True,0.0,0.0,3,8277.30484008789,120.27144865476195,1034.6631050109863,15.033931081845244,False,ok
light_V0399_V_8s_2026_05_20-0011_flat_0p3_late_bias_cal.fits,2461181.690974884,8.0,gaia_774287774887292672_src5,comparison,2033.8085843345157,1080.733577355526,True,0.0,0.0,3,7499.87873840332,119.67670434200706,937.484842300415,14.959588042750882,False,ok
light_V0399_V_8s_2026_05_20-0011_flat_0p3_late_bias_cal.fits,2461181.690974884,8.0,gaia_774289488578357504_src6,comparison,940.6541235197662,1100.4907732876518,True,0.0,0.0,3,6581.024276733398,112.44023187038125,822.6280345916748,14.055028983797657,False,ok
light_V0399_V_8s_2026_05_20-0011_flat_0p3_late_bias_cal.fits,2461181.690974884,8.0,gaia_774288805679445888_src7,comparison,1944.5979695251317,1351.7388630834228,True,0.0,0.0,3,6554.40682220459,102.73608185660179,819.3008527755737,12.842010232075223,False,ok
light_V0399_V_8s_2026_05_20-0011_flat_0p3_late_bias_cal.fits,2461181.690974884,8.0,gaia_774290626745586944_src8,comparison,1071.4610770076736,1433.9985575432859,True,0.0,0.0,3,2005.1515808105469,65.2778613206369,250.64394760131836,8.159732665079613,False,ok
light_V0399_V_8s_2026_05_20-0011_flat_0p3_late_bias_cal.fits,2461181.690974884,8.0,DN_UMa,check,1851.352104334751,689.1748102777041,True,0.0,0.0,3,2274228.8517456055,9492.76710346109,284278.6064682007,1186.5958879326363,False,ok
light_V0399_V_8s_2026_05_20-0011_flat_0p3_late_bias_cal.fits,2461181.690974884,8.0,HD_103405,comparison,1154.134965369316,153.30502263187415,True,0.0,0.0,3,108057.17529296875,498.2744452149624,13507.146911621094,62.2843056518703,False,ok
light_V0399_V_8s_2026_05_20-0011_flat_0p3_late_bias_cal.fits,2461181.690974884,8.0,TYC_3452_787_1,comparison,360.64828242633547,757.4550958595318,True,0.0,0.0,3,147711.93285751343,610.8314901023386,18463.99160718918,76.35393626279233,False,ok
light_V0399_V_8s_2026_05_20-0011_flat_0p3_late_bias_cal.fits,2461181.690974884,8.0,HD_103187,comparison,64.23513978448902,1516.524426747421,True,0.0,0.0,3,568837.7381134033,1953.4859152851136,71104.71726417542,244.1857394106392,False,ok
light_V0399_V_8s_2026_05_20-0012_flat_0p3_late_bias_cal.fits,2461181.691166551,8.0,target,target,1926.6827985160678,633.606016631159,True,0.0,0.0,3,1753290.8012695312,4418.025386742687,219161.3501586914,552.2531733428359,False,ok
light_V0399_V_8s_2026_05_20-0012_flat_0p3_late_bias_cal.fits,2461181.691166551,8.0,gaia_774272862760870784_src1,comparison,599.578460791499,258.08586022924334,True,0.0,0.0,3,25089.09635925293,186.96771582842274,3136.137044906616,23.370964478552843,False,ok
light_V0399_V_8s_2026_05_20-0012_flat_0p3_late_bias_cal.fits,2461181.691166551,8.0,gaia_774271076054448768_src2,comparison,1506.7178858234115,321.3162110314761,True,0.0,0.0,3,16432.313873291016,152.8808208990807,2054.039234161377,19.110102612385088,False,ok
light_V0399_V_8s_2026_05_20-0012_flat_0p3_late_bias_cal.fits,2461181.691166551,8.0,gaia_774384016513181696_src3,comparison,390.6121365600256,1254.514788035858,True,0.0,0.0,3,10788.631080627441,131.64527660001426,1348.5788850784302,16.455659575001782,False,ok
light_V0399_V_8s_2026_05_20-0012_flat_0p3_late_bias_cal.fits,2461181.691166551,8.0,gaia_774289041901756032_src4,comparison,2041.387437507543,1442.3507498915358,True,0.0,0.0,3,10502.284461975098,118.07544238704222,1312.7855577468872,14.759430298380277,False,ok
light_V0399_V_8s_2026_05_20-0012_flat_0p3_late_bias_cal.fits,2461181.691166551,8.0,gaia_774287774887292672_src5,comparison,2033.8085843345157,1080.733577355526,True,0.0,0.0,3,9524.036270141602,114.20712496103674,1190.5045337677002,14.275890620129593,False,ok
light_V0399_V_8s_2026_05_20-0012_flat_0p3_late_bias_cal.fits,2461181.691166551,8.0,gaia_774289488578357504_src6,comparison,940.6541235197662,1100.4907732876518,True,0.0,0.0,3,8558.405670166016,107.11882526675221,1069.800708770752,13.389853158344026,False,ok
light_V0399_V_8s_2026_05_20-0012_flat_0p3_late_bias_cal.fits,2461181.691166551,8.0,gaia_774288805679445888_src7,comparison,1944.5979695251317,1351.7388630834228,True,0.0,0.0,3,8122.085426330566,103.37384811719805,1015.2606782913208,12.921731014649756,False,ok
light_V0399_V_8s_2026_05_20-0012_flat_0p3_late_bias_cal.fits,2461181.691166551,8.0,gaia_774290626745586944_src8,comparison,1071.4610770076736,1433.9985575432859,True,0.0,0.0,3,2371.6721420288086,64.10837142793282,296.4590177536011,8.013546428491603,False,ok
light_V0399_V_8s_2026_05_20-0012_flat_0p3_late_bias_cal.fits,2461181.691166551,8.0,DN_UMa,check,1852.0388052448225,688.0448799817437,True,0.0,0.0,3,2444572.1833496094,7967.263265738744,305571.5229187012,995.907908217343,False,ok
light_V0399_V_8s_2026_05_20-0012_flat_0p3_late_bias_cal.fits,2461181.691166551,8.0,HD_103405,comparison,1154.8363467217152,152.12979794760383,True,0.0,0.0,3,120610.32614135742,462.2791543449146,15076.290767669678,57.78489429311433,False,ok
light_V0399_V_8s_2026_05_20-0012_flat_0p3_late_bias_cal.fits,2461181.691166551,8.0,TYC_3452_787_1,comparison,361.4955742747102,755.9647633792002,True,0.0,0.0,3,162376.32525634766,569.777652404915,20297.040657043457,71.22220655061437,False,ok
light_V0399_V_8s_2026_05_20-0012_flat_0p3_late_bias_cal.fits,2461181.691166551,8.0,HD_103187,comparison,65.01688514215671,1515.119643564724,True,0.0,0.0,3,599824.4707489014,1713.886478558304,74978.05884361267,214.235809819788,False,ok
light_V0399_V_8s_2026_05_20-0013_flat_0p3_late_bias_cal.fits,2461181.691357754,8.0,target,target,1925.5824439387916,633.6215483843831,True,0.0,0.0,3,1580178.0879821777,5400.24347298162,197522.26099777222,675.0304341227024,False,ok
light_V0399_V_8s_2026_05_20-0013_flat_0p3_late_bias_cal.fits,2461181.691357754,8.0,gaia_774272862760870784_src1,comparison,599.578460791499,258.08586022924334,True,0.0,0.0,3,20954.12995147705,205.8045978780734,2619.2662439346313,25.725574734759174,False,ok
light_V0399_V_8s_2026_05_20-0013_flat_0p3_late_bias_cal.fits,2461181.691357754,8.0,gaia_774271076054448768_src2,comparison,1506.7178858234115,321.3162110314761,True,0.0,0.0,3,12971.592674255371,164.0260522880911,1621.4490842819214,20.50325653601139,False,ok
light_V0399_V_8s_2026_05_20-0013_flat_0p3_late_bias_cal.fits,2461181.691357754,8.0,gaia_774384016513181696_src3,comparison,390.6121365600256,1254.514788035858,True,0.0,0.0,3,8599.009117126465,131.13025838154792,1074.876139640808,16.39128229769349,False,ok
light_V0399_V_8s_2026_05_20-0013_flat_0p3_late_bias_cal.fits,2461181.691357754,8.0,gaia_774289041901756032_src4,comparison,2041.387437507543,1442.3507498915358,True,0.0,0.0,3,8376.530811309814,120.18601704805279,1047.0663514137268,15.023252131006599,False,ok
light_V0399_V_8s_2026_05_20-0013_flat_0p3_late_bias_cal.fits,2461181.691357754,8.0,gaia_774287774887292672_src5,comparison,2033.8085843345157,1080.733577355526,True,0.0,0.0,3,7910.193450927734,118.04803604216877,988.7741813659668,14.756004505271097,False,ok
light_V0399_V_8s_2026_05_20-0013_flat_0p3_late_bias_cal.fits,2461181.691357754,8.0,gaia_774289488578357504_src6,comparison,940.6541235197662,1100.4907732876518,True,0.0,0.0,3,6743.981254577637,108.78638690086281,842.9976568222046,13.598298362607851,False,ok
light_V0399_V_8s_2026_05_20-0013_flat_0p3_late_bias_cal.fits,2461181.691357754,8.0,gaia_774288805679445888_src7,comparison,1944.5979695251317,1351.7388630834228,True,0.0,0.0,3,6678.1674728393555,104.06942903914045,834.7709341049194,13.008678629892556,False,ok
light_V0399_V_8s_2026_05_20-0013_flat_0p3_late_bias_cal.fits,2461181.691357754,8.0,gaia_774290626745586944_src8,comparison,1071.4610770076736,1433.9985575432859,True,0.0,0.0,3,1832.7471237182617,64.7931252700068,229.09339046478271,8.09914065875085,False,ok
light_V0399_V_8s_2026_05_20-0013_flat_0p3_late_bias_cal.fits,2461181.691357754,8.0,DN_UMa,check,1850.8549585509927,688.10678329247,True,0.0,0.0,3,2256035.566711426,9500.803251041045,282004.4458389282,1187.6004063801306,False,ok
light_V0399_V_8s_2026_05_20-0013_flat_0p3_late_bias_cal.fits,2461181.691357754,8.0,HD_103405,comparison,1153.6474874535816,152.13548929855747,True,0.0,0.0,3,109529.0726776123,499.30485904080706,13691.134084701538,62.41310738010088,False,ok
light_V0399_V_8s_2026_05_20-0013_flat_0p3_late_bias_cal.fits,2461181.691357754,8.0,TYC_3452_787_1,comparison,360.5088014016104,755.955680887508,True,0.0,0.0,3,145760.6455078125,620.07517514085,18220.080688476562,77.50939689260625,False,ok
light_V0399_V_8s_2026_05_20-0013_flat_0p3_late_bias_cal.fits,2461181.691357754,8.0,HD_103187,comparison,64.07480263595686,1515.1072603198315,True,0.0,0.0,3,535617.1807861328,1991.6138188235273,66952.1475982666,248.9517273529409,False,ok
light_V0399_V_8s_2026_05_20-0014_flat_0p3_late_bias_cal.fits,2461181.6915494213,8.0,target,target,1928.0375702794818,633.2277578927191,True,0.0,0.0,3,1773669.0738220215,4440.999031344721,221708.6342277527,555.1248789180901,False,ok
light_V0399_V_8s_2026_05_20-0014_flat_0p3_late_bias_cal.fits,2461181.6915494213,8.0,gaia_774272862760870784_src1,comparison,599.578460791499,258.08586022924334,True,0.0,0.0,3,27821.096954345703,186.21950646223087,3477.637119293213,23.27743830777886,False,ok
light_V0399_V_8s_2026_05_20-0014_flat_0p3_late_bias_cal.fits,2461181.6915494213,8.0,gaia_774271076054448768_src2,comparison,1506.7178858234115,321.3162110314761,True,0.0,0.0,3,18716.3104095459,152.32121278182777,2339.5388011932373,19.04015159772847,False,ok
light_V0399_V_8s_2026_05_20-0014_flat_0p3_late_bias_cal.fits,2461181.6915494213,8.0,gaia_774384016513181696_src3,comparison,390.6121365600256,1254.514788035858,True,0.0,0.0,3,12219.272811889648,133.81173860337742,1527.409101486206,16.726467325422178,False,ok
light_V0399_V_8s_2026_05_20-0014_flat_0p3_late_bias_cal.fits,2461181.6915494213,8.0,gaia_774289041901756032_src4,comparison,2041.387437507543,1442.3507498915358,True,0.0,0.0,3,11710.953357696533,119.80358163427832,1463.8691697120667,14.97544770428479,False,ok
light_V0399_V_8s_2026_05_20-0014_flat_0p3_late_bias_cal.fits,2461181.6915494213,8.0,gaia_774287774887292672_src5,comparison,2033.8085843345157,1080.733577355526,True,0.0,0.0,3,10848.683334350586,116.2241139066184,1356.0854167938232,14.5280142383273,False,ok
light_V0399_V_8s_2026_05_20-0014_flat_0p3_late_bias_cal.fits,2461181.6915494213,8.0,gaia_774289488578357504_src6,comparison,940.6541235197662,1100.4907732876518,True,0.0,0.0,3,9766.958930969238,110.37760266985322,1220.8698663711548,13.797200333731652,False,ok
light_V0399_V_8s_2026_05_20-0014_flat_0p3_late_bias_cal.fits,2461181.6915494213,8.0,gaia_774288805679445888_src7,comparison,1944.5979695251317,1351.7388630834228,True,0.0,0.0,3,9114.218017578125,106.30958981900915,1139.2772521972656,13.288698727376143,False,ok
light_V0399_V_8s_2026_05_20-0014_flat_0p3_late_bias_cal.fits,2461181.6915494213,8.0,gaia_774290626745586944_src8,comparison,1071.4610770076736,1433.9985575432859,True,0.0,0.0,3,2832.892074584961,68.0291882789021,354.1115093231201,8.503648534862762,False,ok
light_V0399_V_8s_2026_05_20-0014_flat_0p3_late_bias_cal.fits,2461181.6915494213,8.0,DN_UMa,check,1853.2712324982247,687.747882867543,True,0.0,0.0,3,2638890.761657715,7683.016504308904,329861.34520721436,960.377063038613,False,ok
light_V0399_V_8s_2026_05_20-0014_flat_0p3_late_bias_cal.fits,2461181.6915494213,8.0,HD_103405,comparison,1156.0179498560058,151.82750983738265,True,0.0,0.0,3,125799.96798706055,470.1113210104082,15724.995998382568,58.76391512630102,False,ok
light_V0399_V_8s_2026_05_20-0014_flat_0p3_late_bias_cal.fits,2461181.6915494213,8.0,TYC_3452_787_1,comparison,362.6089691918118,755.8586720830165,True,0.0,0.0,3,166951.034198761,571.0923818820623,20868.879274845123,71.38654773525779,False,ok
light_V0399_V_8s_2026_05_20-0014_flat_0p3_late_bias_cal.fits,2461181.6915494213,8.0,HD_103187,comparison,66.16406646407982,1514.9461520522316,True,0.0,0.0,3,624581.3546295166,1743.3328512909272,78072.66932868958,217.9166064113659,False,ok
light_V0399_V_8s_2026_05_20-0015_flat_0p3_late_bias_cal.fits,2461181.6917408565,8.0,target,target,1928.8669260789554,632.5022732649987,True,0.0,0.0,3,1274902.45703125,6611.452444649823,159362.80712890625,826.4315555812278,False,ok
light_V0399_V_8s_2026_05_20-0015_flat_0p3_late_bias_cal.fits,2461181.6917408565,8.0,gaia_774272862760870784_src1,comparison,599.578460791499,258.08586022924334,True,0.0,0.0,3,19916.923767089844,179.65427745273308,2489.6154708862305,22.456784681591635,False,ok
light_V0399_V_8s_2026_05_20-0015_flat_0p3_late_bias_cal.fits,2461181.6917408565,8.0,gaia_774271076054448768_src2,comparison,1506.7178858234115,321.3162110314761,True,0.0,0.0,3,13328.609939575195,140.53466417263886,1666.0762424468994,17.566833021579857,False,ok
light_V0399_V_8s_2026_05_20-0015_flat_0p3_late_bias_cal.fits,2461181.6917408565,8.0,gaia_774384016513181696_src3,comparison,390.6121365600256,1254.514788035858,True,0.0,0.0,3,8843.572662353516,117.02304534051476,1105.4465827941895,14.627880667564344,False,ok
light_V0399_V_8s_2026_05_20-0015_flat_0p3_late_bias_cal.fits,2461181.6917408565,8.0,gaia_774289041901756032_src4,comparison,2041.387437507543,1442.3507498915358,True,0.0,0.0,3,8123.573944091797,107.20429149517071,1015.4467430114746,13.400536436896338,False,ok
light_V0399_V_8s_2026_05_20-0015_flat_0p3_late_bias_cal.fits,2461181.6917408565,8.0,gaia_774287774887292672_src5,comparison,2033.8085843345157,1080.733577355526,True,0.0,0.0,3,7486.718994140625,103.96751664858787,935.8398742675781,12.995939581073484,False,ok
light_V0399_V_8s_2026_05_20-0015_flat_0p3_late_bias_cal.fits,2461181.6917408565,8.0,gaia_774289488578357504_src6,comparison,940.6541235197662,1100.4907732876518,True,0.0,0.0,3,6826.387657165527,98.18209729317883,853.2984571456909,12.272762161647353,False,ok
light_V0399_V_8s_2026_05_20-0015_flat_0p3_late_bias_cal.fits,2461181.6917408565,8.0,gaia_774288805679445888_src7,comparison,1944.5979695251317,1351.7388630834228,True,0.0,0.0,3,6203.149490356445,95.40936690892683,775.3936862945557,11.926170863615853,False,ok
light_V0399_V_8s_2026_05_20-0015_flat_0p3_late_bias_cal.fits,2461181.6917408565,8.0,gaia_774290626745586944_src8,comparison,1071.4610770076736,1433.9985575432859,True,0.0,0.0,3,2091.5450286865234,62.31521250916088,261.44312858581543,7.78940156364511,False,ok
light_V0399_V_8s_2026_05_20-0015_flat_0p3_late_bias_cal.fits,2461181.6917408565,8.0,DN_UMa,check,1854.2832874228159,686.991155983146,True,0.0,0.0,3,1811310.8518066406,11030.831700639957,226413.85647583008,1378.8539625799947,False,ok
light_V0399_V_8s_2026_05_20-0015_flat_0p3_late_bias_cal.fits,2461181.6917408565,8.0,HD_103405,comparison,1156.7249245619419,151.16730631522663,True,0.0,0.0,3,89915.81867980957,546.103559352655,11239.477334976196,68.26294491908187,False,ok
light_V0399_V_8s_2026_05_20-0015_flat_0p3_late_bias_cal.fits,2461181.6917408565,8.0,TYC_3452_787_1,comparison,363.3906382649843,755.0377904001687,True,0.0,0.0,3,118385.62158203125,697.2900359012322,14798.202697753906,87.16125448765402,False,ok
light_V0399_V_8s_2026_05_20-0015_flat_0p3_late_bias_cal.fits,2461181.6917408565,8.0,HD_103187,comparison,66.70216017311387,1514.3931983365565,True,0.0,0.0,3,459427.3251953125,2404.2828392608635,57428.41564941406,300.53535490760794,False,ok
light_V0399_V_8s_2026_05_20-0016_flat_0p3_late_bias_cal.fits,2461181.691932523,8.0,target,target,1928.919656047659,631.1781802484929,True,0.0,0.0,3,1773484.8001708984,4438.49674237734,221685.6000213623,554.8120927971675,False,ok
light_V0399_V_8s_2026_05_20-0016_flat_0p3_late_bias_cal.fits,2461181.691932523,8.0,gaia_774272862760870784_src1,comparison,599.578460791499,258.08586022924334,True,0.0,0.0,3,25693.67254638672,183.73177698687252,3211.70906829834,22.966472123359065,False,ok
light_V0399_V_8s_2026_05_20-0016_flat_0p3_late_bias_cal.fits,2461181.691932523,8.0,gaia_774271076054448768_src2,comparison,1506.7178858234115,321.3162110314761,True,0.0,0.0,3,17741.762329101562,148.35597626312997,2217.7202911376953,18.544497032891247,False,ok
light_V0399_V_8s_2026_05_20-0016_flat_0p3_late_bias_cal.fits,2461181.691932523,8.0,gaia_774384016513181696_src3,comparison,390.6121365600256,1254.514788035858,True,0.0,0.0,3,11871.96070098877,127.63242730166354,1483.9950876235962,15.954053412707943,False,ok
light_V0399_V_8s_2026_05_20-0016_flat_0p3_late_bias_cal.fits,2461181.691932523,8.0,gaia_774289041901756032_src4,comparison,2041.387437507543,1442.3507498915358,True,0.0,0.0,3,11494.812564849854,119.06977392581962,1436.8515706062317,14.883721740727452,False,ok
light_V0399_V_8s_2026_05_20-0016_flat_0p3_late_bias_cal.fits,2461181.691932523,8.0,gaia_774287774887292672_src5,comparison,2033.8085843345157,1080.733577355526,True,0.0,0.0,3,10799.517837524414,114.59446783749566,1349.9397296905518,14.324308479686957,False,ok
light_V0399_V_8s_2026_05_20-0016_flat_0p3_late_bias_cal.fits,2461181.691932523,8.0,gaia_774289488578357504_src6,comparison,940.6541235197662,1100.4907732876518,True,0.0,0.0,3,9371.116149902344,107.92291288063633,1171.389518737793,13.490364110079542,False,ok
light_V0399_V_8s_2026_05_20-0016_flat_0p3_late_bias_cal.fits,2461181.691932523,8.0,gaia_774288805679445888_src7,comparison,1944.5979695251317,1351.7388630834228,True,0.0,0.0,3,8680.876289367676,104.81994923596058,1085.1095361709595,13.102493654495072,False,ok
light_V0399_V_8s_2026_05_20-0016_flat_0p3_late_bias_cal.fits,2461181.691932523,8.0,gaia_774290626745586944_src8,comparison,1071.4610770076736,1433.9985575432859,True,0.0,0.0,3,2750.758918762207,66.72322936929646,343.8448648452759,8.340403671162058,False,ok
light_V0399_V_8s_2026_05_20-0016_flat_0p3_late_bias_cal.fits,2461181.691932523,8.0,DN_UMa,check,1854.0419334358253,685.838882161757,True,0.0,0.0,3,2554774.2024230957,7934.076189613022,319346.77530288696,991.7595237016277,False,ok
light_V0399_V_8s_2026_05_20-0016_flat_0p3_late_bias_cal.fits,2461181.691932523,8.0,HD_103405,comparison,1156.7778734894518,149.96423871917966,True,0.0,0.0,3,121496.51794052124,461.59139801464227,15187.064742565155,57.69892475183028,False,ok
light_V0399_V_8s_2026_05_20-0016_flat_0p3_late_bias_cal.fits,2461181.691932523,8.0,TYC_3452_787_1,comparison,363.56919097750927,754.3689791069975,True,0.0,0.0,3,163602.46545410156,559.9026315358403,20450.308181762695,69.98782894198004,False,ok
light_V0399_V_8s_2026_05_20-0016_flat_0p3_late_bias_cal.fits,2461181.691932523,8.0,HD_103187,comparison,67.10839936560059,1513.3442021856404,True,0.0,0.0,3,616185.8702850342,1719.5541509222087,77023.23378562927,214.9442688652761,False,ok
light_V0399_V_8s_2026_05_20-0017_flat_0p3_late_bias_cal.fits,2461181.692123727,8.0,target,target,1929.80193975652,633.2828369683298,True,0.0,0.0,3,1786094.2268066406,4393.587059692236,223261.77835083008,549.1983824615295,False,ok
light_V0399_V_8s_2026_05_20-0017_flat_0p3_late_bias_cal.fits,2461181.692123727,8.0,gaia_774272862760870784_src1,comparison,599.578460791499,258.08586022924334,True,0.0,0.0,3,27208.25196838379,187.57828303286396,3401.0314960479736,23.447285379107996,False,ok
light_V0399_V_8s_2026_05_20-0017_flat_0p3_late_bias_cal.fits,2461181.692123727,8.0,gaia_774271076054448768_src2,comparison,1506.7178858234115,321.3162110314761,True,0.0,0.0,3,18434.320358276367,151.44705876440761,2304.290044784546,18.930882345550952,False,ok
light_V0399_V_8s_2026_05_20-0017_flat_0p3_late_bias_cal.fits,2461181.692123727,8.0,gaia_774384016513181696_src3,comparison,390.6121365600256,1254.514788035858,True,0.0,0.0,3,12291.240829467773,136.35529533693952,1536.4051036834717,17.04441191711744,False,ok
light_V0399_V_8s_2026_05_20-0017_flat_0p3_late_bias_cal.fits,2461181.692123727,8.0,gaia_774289041901756032_src4,comparison,2041.387437507543,1442.3507498915358,True,0.0,0.0,3,11071.220794677734,118.07626458555521,1383.9025993347168,14.759533073194401,False,ok
light_V0399_V_8s_2026_05_20-0017_flat_0p3_late_bias_cal.fits,2461181.692123727,8.0,gaia_774287774887292672_src5,comparison,2033.8085843345157,1080.733577355526,True,0.0,0.0,3,10692.859970092773,116.93718141596752,1336.6074962615967,14.61714767699594,False,ok
light_V0399_V_8s_2026_05_20-0017_flat_0p3_late_bias_cal.fits,2461181.692123727,8.0,gaia_774289488578357504_src6,comparison,940.6541235197662,1100.4907732876518,True,0.0,0.0,3,9554.788543701172,109.47020640107345,1194.3485679626465,13.683775800134182,False,ok
light_V0399_V_8s_2026_05_20-0017_flat_0p3_late_bias_cal.fits,2461181.692123727,8.0,gaia_774288805679445888_src7,comparison,1944.5979695251317,1351.7388630834228,True,0.0,0.0,3,8605.070579528809,105.55075384438142,1075.633822441101,13.193844230547677,False,ok
light_V0399_V_8s_2026_05_20-0017_flat_0p3_late_bias_cal.fits,2461181.692123727,8.0,gaia_774290626745586944_src8,comparison,1071.4610770076736,1433.9985575432859,True,0.0,0.0,3,3167.138832092285,69.7331440727878,395.89235401153564,8.716643009098474,False,ok
light_V0399_V_8s_2026_05_20-0017_flat_0p3_late_bias_cal.fits,2461181.692123727,8.0,DN_UMa,check,1855.0688675959593,687.7985774354541,True,0.0,0.0,3,2611840.1591796875,8141.76238744034,326480.01989746094,1017.7202984300425,False,ok
light_V0399_V_8s_2026_05_20-0017_flat_0p3_late_bias_cal.fits,2461181.692123727,8.0,HD_103405,comparison,1157.709223824984,152.10157300868158,True,0.0,0.0,3,125353.65385437012,463.2432873906479,15669.206731796265,57.905410923830985,False,ok
light_V0399_V_8s_2026_05_20-0017_flat_0p3_late_bias_cal.fits,2461181.692123727,8.0,TYC_3452_787_1,comparison,364.2416280338688,756.0830962100163,True,0.0,0.0,3,166286.16013336182,570.3122636903784,20785.770016670227,71.2890329612973,False,ok
light_V0399_V_8s_2026_05_20-0017_flat_0p3_late_bias_cal.fits,2461181.692123727,8.0,HD_103187,comparison,68.01666885297273,1515.4957191857309,True,0.0,0.0,3,636965.6867523193,1676.6711103359437,79620.71084403992,209.58388879199296,False,ok
light_V0399_V_8s_2026_05_20-0018_flat_0p3_late_bias_cal.fits,2461181.6923153936,8.0,target,target,1930.2276795150583,634.5990360075258,True,0.0,0.0,3,1856046.3540039062,4256.602570655454,232005.79425048828,532.0753213319317,False,ok
light_V0399_V_8s_2026_05_20-0018_flat_0p3_late_bias_cal.fits,2461181.6923153936,8.0,gaia_774272862760870784_src1,comparison,599.578460791499,258.08586022924334,True,0.0,0.0,3,25211.428482055664,197.08970969018537,3151.428560256958,24.63621371127317,False,ok
light_V0399_V_8s_2026_05_20-0018_flat_0p3_late_bias_cal.fits,2461181.6923153936,8.0,gaia_774271076054448768_src2,comparison,1506.7178858234115,321.3162110314761,True,0.0,0.0,3,17060.386611938477,153.62011980301017,2132.5483264923096,19.20251497537627,False,ok
light_V0399_V_8s_2026_05_20-0018_flat_0p3_late_bias_cal.fits,2461181.6923153936,8.0,gaia_774384016513181696_src3,comparison,390.6121365600256,1254.514788035858,True,0.0,0.0,3,11569.621017456055,136.63873294546573,1446.2026271820068,17.079841618183217,False,ok
light_V0399_V_8s_2026_05_20-0018_flat_0p3_late_bias_cal.fits,2461181.6923153936,8.0,gaia_774289041901756032_src4,comparison,2041.387437507543,1442.3507498915358,True,0.0,0.0,3,9813.44582748413,121.58686564643405,1226.6807284355164,15.198358205804256,False,ok
light_V0399_V_8s_2026_05_20-0018_flat_0p3_late_bias_cal.fits,2461181.6923153936,8.0,gaia_774287774887292672_src5,comparison,2033.8085843345157,1080.733577355526,True,0.0,0.0,3,9782.741722106934,118.03878118018974,1222.8427152633667,14.754847647523718,False,ok
light_V0399_V_8s_2026_05_20-0018_flat_0p3_late_bias_cal.fits,2461181.6923153936,8.0,gaia_774289488578357504_src6,comparison,940.6541235197662,1100.4907732876518,True,0.0,0.0,3,8788.686256408691,108.42123671641495,1098.5857820510864,13.552654589551869,False,ok
light_V0399_V_8s_2026_05_20-0018_flat_0p3_late_bias_cal.fits,2461181.6923153936,8.0,gaia_774288805679445888_src7,comparison,1944.5979695251317,1351.7388630834228,True,0.0,0.0,3,7794.7393798828125,105.20244498676524,974.3424224853516,13.150305623345655,False,ok
light_V0399_V_8s_2026_05_20-0018_flat_0p3_late_bias_cal.fits,2461181.6923153936,8.0,gaia_774290626745586944_src8,comparison,1071.4610770076736,1433.9985575432859,True,0.0,0.0,3,3074.288459777832,69.74964481481157,384.286057472229,8.718705601851447,False,ok
light_V0399_V_8s_2026_05_20-0018_flat_0p3_late_bias_cal.fits,2461181.6923153936,8.0,DN_UMa,check,1855.472158398348,689.1311884892036,True,0.0,0.0,3,2694547.9127807617,7566.3716709145665,336818.4890975952,945.7964588643208,False,ok
light_V0399_V_8s_2026_05_20-0018_flat_0p3_late_bias_cal.fits,2461181.6923153936,8.0,HD_103405,comparison,1158.117545461382,153.21305412027868,True,0.0,0.0,3,128322.59638977051,453.39726270676726,16040.324548721313,56.67465783834591,False,ok
light_V0399_V_8s_2026_05_20-0018_flat_0p3_late_bias_cal.fits,2461181.6923153936,8.0,TYC_3452_787_1,comparison,364.7197576899567,757.4722049351382,True,0.0,0.0,3,173475.86389160156,551.1858784004963,21684.482986450195,68.89823480006204,False,ok
light_V0399_V_8s_2026_05_20-0018_flat_0p3_late_bias_cal.fits,2461181.6923153936,8.0,HD_103187,comparison,68.400397752804,1516.5553547893383,True,0.0,0.0,3,656169.6143798828,1625.9792356906605,82021.20179748535,203.24740446133256,False,ok
light_V0399_V_8s_2026_05_20-0019_flat_0p3_late_bias_cal.fits,2461181.6925069443,8.0,target,target,1930.927503675967,634.7619213512645,True,0.0,0.0,3,1790226.082244873,4611.369433435367,223778.26028060913,576.4211791794208,False,ok
light_V0399_V_8s_2026_05_20-0019_flat_0p3_late_bias_cal.fits,2461181.6925069443,8.0,gaia_774272862760870784_src1,comparison,599.578460791499,258.08586022924334,True,0.0,0.0,3,22525.459495544434,213.4219845254509,2815.682436943054,26.677748065681364,False,ok
light_V0399_V_8s_2026_05_20-0019_flat_0p3_late_bias_cal.fits,2461181.6925069443,8.0,gaia_774271076054448768_src2,comparison,1506.7178858234115,321.3162110314761,True,0.0,0.0,3,15672.186981201172,159.6024094920099,1959.0233726501465,19.95030118650124,False,ok
light_V0399_V_8s_2026_05_20-0019_flat_0p3_late_bias_cal.fits,2461181.6925069443,8.0,gaia_774384016513181696_src3,comparison,390.6121365600256,1254.514788035858,True,0.0,0.0,3,10578.768272399902,138.9524817088457,1322.3460340499878,17.369060213605714,False,ok
light_V0399_V_8s_2026_05_20-0019_flat_0p3_late_bias_cal.fits,2461181.6925069443,8.0,gaia_774289041901756032_src4,comparison,2041.387437507543,1442.3507498915358,True,0.0,0.0,3,9201.130256652832,125.59206825527413,1150.141282081604,15.699008531909266,False,ok
light_V0399_V_8s_2026_05_20-0019_flat_0p3_late_bias_cal.fits,2461181.6925069443,8.0,gaia_774287774887292672_src5,comparison,2033.8085843345157,1080.733577355526,True,0.0,0.0,3,8749.787536621094,118.16652263696744,1093.7234420776367,14.77081532962093,False,ok
light_V0399_V_8s_2026_05_20-0019_flat_0p3_late_bias_cal.fits,2461181.6925069443,8.0,gaia_774289488578357504_src6,comparison,940.6541235197662,1100.4907732876518,True,0.0,0.0,3,8070.3238525390625,108.11780325552296,1008.7904815673828,13.51472540694037,False,ok
light_V0399_V_8s_2026_05_20-0019_flat_0p3_late_bias_cal.fits,2461181.6925069443,8.0,gaia_774288805679445888_src7,comparison,1944.5979695251317,1351.7388630834228,True,0.0,0.0,3,7048.511329650879,105.56227484825737,881.0639162063599,13.195284356032172,False,ok
light_V0399_V_8s_2026_05_20-0019_flat_0p3_late_bias_cal.fits,2461181.6925069443,8.0,gaia_774290626745586944_src8,comparison,1071.4610770076736,1433.9985575432859,True,0.0,0.0,3,2841.234619140625,66.62922439519984,355.1543273925781,8.32865304939998,False,ok
light_V0399_V_8s_2026_05_20-0019_flat_0p3_late_bias_cal.fits,2461181.6925069443,8.0,DN_UMa,check,1856.2323821259945,689.2968386210877,True,0.0,0.0,3,2605621.7431640625,7988.161907317103,325702.7178955078,998.5202384146379,False,ok
light_V0399_V_8s_2026_05_20-0019_flat_0p3_late_bias_cal.fits,2461181.6925069443,8.0,HD_103405,comparison,1159.0019281510208,153.6220396116242,True,0.0,0.0,3,123963.41529846191,468.48996003526133,15495.42691230774,58.56124500440767,False,ok
light_V0399_V_8s_2026_05_20-0019_flat_0p3_late_bias_cal.fits,2461181.6925069443,8.0,TYC_3452_787_1,comparison,365.53617074652914,757.8025039911307,True,0.0,0.0,3,168751.6855278015,561.8755490652914,21093.96069097519,70.23444363316142,False,ok
light_V0399_V_8s_2026_05_20-0019_flat_0p3_late_bias_cal.fits,2461181.6925069443,8.0,HD_103187,comparison,69.07744531348905,1517.0249383560981,True,0.0,0.0,3,616000.6857147217,1647.1375968488978,77000.08571434021,205.89219960611223,False,ok
light_V0399_V_8s_2026_05_20-0020_flat_0p3_late_bias_cal.fits,2461181.692698148,8.0,target,target,1931.6458480274555,634.4177149927939,True,0.0,0.0,3,1874372.884765625,4066.5187879917894,234296.61059570312,508.3148484989737,False,ok
light_V0399_V_8s_2026_05_20-0020_flat_0p3_late_bias_cal.fits,2461181.692698148,8.0,gaia_774272862760870784_src1,comparison,599.578460791499,258.08586022924334,True,0.0,0.0,3,22864.98048400879,206.2341916921427,2858.1225605010986,25.779273961517838,False,ok
light_V0399_V_8s_2026_05_20-0020_flat_0p3_late_bias_cal.fits,2461181.692698148,8.0,gaia_774271076054448768_src2,comparison,1506.7178858234115,321.3162110314761,True,0.0,0.0,3,15272.28872680664,160.6471931565113,1909.03609085083,20.08089914456391,False,ok
light_V0399_V_8s_2026_05_20-0020_flat_0p3_late_bias_cal.fits,2461181.692698148,8.0,gaia_774384016513181696_src3,comparison,390.6121365600256,1254.514788035858,True,0.0,0.0,3,10931.462890625,138.6157962099269,1366.432861328125,17.326974526240864,False,ok
light_V0399_V_8s_2026_05_20-0020_flat_0p3_late_bias_cal.fits,2461181.692698148,8.0,gaia_774289041901756032_src4,comparison,2041.387437507543,1442.3507498915358,True,0.0,0.0,3,9019.676780700684,121.62857824053569,1127.4595975875854,15.203572280066961,False,ok
light_V0399_V_8s_2026_05_20-0020_flat_0p3_late_bias_cal.fits,2461181.692698148,8.0,gaia_774287774887292672_src5,comparison,2033.8085843345157,1080.733577355526,True,0.0,0.0,3,8729.033493041992,118.90900989462435,1091.129186630249,14.863626236828043,False,ok
light_V0399_V_8s_2026_05_20-0020_flat_0p3_late_bias_cal.fits,2461181.692698148,8.0,gaia_774289488578357504_src6,comparison,940.6541235197662,1100.4907732876518,True,0.0,0.0,3,8088.614814758301,108.75309175190887,1011.0768518447876,13.594136468988609,False,ok
light_V0399_V_8s_2026_05_20-0020_flat_0p3_late_bias_cal.fits,2461181.692698148,8.0,gaia_774288805679445888_src7,comparison,1944.5979695251317,1351.7388630834228,True,0.0,0.0,3,6978.275672912598,105.64672108750995,872.2844591140747,13.205840135938743,False,ok
light_V0399_V_8s_2026_05_20-0020_flat_0p3_late_bias_cal.fits,2461181.692698148,8.0,gaia_774290626745586944_src8,comparison,1071.4610770076736,1433.9985575432859,True,0.0,0.0,3,2992.1875534057617,68.43215919707339,374.0234441757202,8.554019899634174,False,ok
light_V0399_V_8s_2026_05_20-0020_flat_0p3_late_bias_cal.fits,2461181.692698148,8.0,DN_UMa,check,1856.8489134224524,689.0277787268307,True,0.0,0.0,3,2667271.539367676,7458.394106388156,333408.9424209595,932.2992632985195,False,ok
light_V0399_V_8s_2026_05_20-0020_flat_0p3_late_bias_cal.fits,2461181.692698148,8.0,HD_103405,comparison,1159.5293944677276,153.00718422142003,True,0.0,0.0,3,129763.79931640625,452.82456461071143,16220.474914550781,56.60307057633893,False,ok
light_V0399_V_8s_2026_05_20-0020_flat_0p3_late_bias_cal.fits,2461181.692698148,8.0,TYC_3452_787_1,comparison,366.04487456815406,757.0546500332454,True,0.0,0.0,3,167569.5933303833,543.7773391484569,20946.199166297913,67.97216739355711,False,ok
light_V0399_V_8s_2026_05_20-0020_flat_0p3_late_bias_cal.fits,2461181.692698148,8.0,HD_103187,comparison,69.56937672765335,1516.2603978542213,True,0.0,0.0,3,677734.2290802002,1596.1636330483857,84716.77863502502,199.5204541310482,False,ok
light_V0399_V_8s_2026_05_20-0021_flat_0p3_late_bias_cal.fits,2461181.6928898147,8.0,target,target,1934.0445934882348,635.5189592918846,True,0.0,0.0,3,1830115.638671875,4407.669448508259,228764.45483398438,550.9586810635324,False,ok
light_V0399_V_8s_2026_05_20-0021_flat_0p3_late_bias_cal.fits,2461181.6928898147,8.0,gaia_774272862760870784_src1,comparison,599.578460791499,258.08586022924334,True,0.0,0.0,3,11911.443702697754,370.1198296203024,1488.9304628372192,46.2649787025378,False,ok
light_V0399_V_8s_2026_05_20-0021_flat_0p3_late_bias_cal.fits,2461181.6928898147,8.0,gaia_774271076054448768_src2,comparison,1506.7178858234115,321.3162110314761,True,0.0,0.0,3,8592.630729675293,239.4957706260438,1074.0788412094116,29.936971328255474,False,ok
light_V0399_V_8s_2026_05_20-0021_flat_0p3_late_bias_cal.fits,2461181.6928898147,8.0,gaia_774384016513181696_src3,comparison,390.6121365600256,1254.514788035858,True,0.0,0.0,3,6030.836013793945,175.2671490780732,753.8545017242432,21.90839363475915,False,ok
light_V0399_V_8s_2026_05_20-0021_flat_0p3_late_bias_cal.fits,2461181.6928898147,8.0,gaia_774289041901756032_src4,comparison,2041.387437507543,1442.3507498915358,True,0.0,0.0,3,4550.65340423584,177.2173190766652,568.83167552948,22.15216488458315,False,ok
light_V0399_V_8s_2026_05_20-0021_flat_0p3_late_bias_cal.fits,2461181.6928898147,8.0,gaia_774287774887292672_src5,comparison,2033.8085843345157,1080.733577355526,True,0.0,0.0,3,4654.408348083496,161.83001735908152,581.801043510437,20.22875216988519,False,ok
light_V0399_V_8s_2026_05_20-0021_flat_0p3_late_bias_cal.fits,2461181.6928898147,8.0,gaia_774289488578357504_src6,comparison,940.6541235197662,1100.4907732876518,True,0.0,0.0,3,4521.324951171875,132.66720829282923,565.1656188964844,16.583401036603654,False,ok
light_V0399_V_8s_2026_05_20-0021_flat_0p3_late_bias_cal.fits,2461181.6928898147,8.0,gaia_774288805679445888_src7,comparison,1944.5979695251317,1351.7388630834228,True,0.0,0.0,3,3664.259536743164,136.86251191173776,458.0324420928955,17.10781398896722,False,ok
light_V0399_V_8s_2026_05_20-0021_flat_0p3_late_bias_cal.fits,2461181.6928898147,8.0,gaia_774290626745586944_src8,comparison,1071.4610770076736,1433.9985575432859,True,0.0,0.0,3,1837.307762145996,63.13226496186889,229.6634702682495,7.891533120233611,False,ok
light_V0399_V_8s_2026_05_20-0021_flat_0p3_late_bias_cal.fits,2461181.6928898147,8.0,DN_UMa,check,1859.3130837815502,690.0180045376059,True,0.0,0.0,3,2608255.2757263184,7819.922601776045,326031.9094657898,977.4903252220056,False,ok
light_V0399_V_8s_2026_05_20-0021_flat_0p3_late_bias_cal.fits,2461181.6928898147,8.0,HD_103405,comparison,1162.0284711838412,154.08690633459216,True,0.0,0.0,3,123650.37418365479,456.3920636824715,15456.296772956848,57.049007960308934,False,ok
light_V0399_V_8s_2026_05_20-0021_flat_0p3_late_bias_cal.fits,2461181.6928898147,8.0,TYC_3452_787_1,comparison,368.75320368516094,758.085498254631,True,0.0,0.0,3,166375.5605392456,562.4028136583071,20796.9450674057,70.30035170728839,False,ok
light_V0399_V_8s_2026_05_20-0021_flat_0p3_late_bias_cal.fits,2461181.6928898147,8.0,HD_103187,comparison,72.31182488244721,1517.2616279904923,True,0.0,0.0,3,640512.4333953857,1680.5489198157254,80064.05417442322,210.06861497696568,False,ok
light_V0399_V_8s_2026_05_20-0022_flat_0p3_late_bias_cal.fits,2461181.6930810185,8.0,target,target,1933.1997140474502,635.3570925409663,True,0.0,0.0,3,1760773.84375,4575.807262402515,220096.73046875,571.9759078003144,False,ok
light_V0399_V_8s_2026_05_20-0022_flat_0p3_late_bias_cal.fits,2461181.6930810185,8.0,gaia_774272862760870784_src1,comparison,599.578460791499,258.08586022924334,True,0.0,0.0,3,14448.918556213379,319.764661779527,1806.1148195266724,39.970582722440874,False,ok
light_V0399_V_8s_2026_05_20-0022_flat_0p3_late_bias_cal.fits,2461181.6930810185,8.0,gaia_774271076054448768_src2,comparison,1506.7178858234115,321.3162110314761,True,0.0,0.0,3,10541.190231323242,203.76248192800458,1317.6487789154053,25.470310241000572,False,ok
light_V0399_V_8s_2026_05_20-0022_flat_0p3_late_bias_cal.fits,2461181.6930810185,8.0,gaia_774384016513181696_src3,comparison,390.6121365600256,1254.514788035858,True,0.0,0.0,3,7238.004211425781,153.8724143946681,904.7505264282227,19.234051799333514,False,ok
light_V0399_V_8s_2026_05_20-0022_flat_0p3_late_bias_cal.fits,2461181.6930810185,8.0,gaia_774289041901756032_src4,comparison,2041.387437507543,1442.3507498915358,True,0.0,0.0,3,5582.783939361572,156.91904222190843,697.8479924201965,19.614880277738553,False,ok
light_V0399_V_8s_2026_05_20-0022_flat_0p3_late_bias_cal.fits,2461181.6930810185,8.0,gaia_774287774887292672_src5,comparison,2033.8085843345157,1080.733577355526,True,0.0,0.0,3,5588.592208862305,147.49483241346377,698.5740261077881,18.43685405168297,False,ok
light_V0399_V_8s_2026_05_20-0022_flat_0p3_late_bias_cal.fits,2461181.6930810185,8.0,gaia_774289488578357504_src6,comparison,940.6541235197662,1100.4907732876518,True,0.0,0.0,3,5416.3635177612305,123.06502969404073,677.0454397201538,15.383128711755091,False,ok
light_V0399_V_8s_2026_05_20-0022_flat_0p3_late_bias_cal.fits,2461181.6930810185,8.0,gaia_774288805679445888_src7,comparison,1944.5979695251317,1351.7388630834228,True,0.0,0.0,3,4488.14909362793,122.88071279787064,561.0186367034912,15.36008909973383,False,ok
light_V0399_V_8s_2026_05_20-0022_flat_0p3_late_bias_cal.fits,2461181.6930810185,8.0,gaia_774290626745586944_src8,comparison,1071.4610770076736,1433.9985575432859,True,0.0,0.0,3,2177.115676879883,64.65291060136362,272.13945960998535,8.081613825170452,False,ok
light_V0399_V_8s_2026_05_20-0022_flat_0p3_late_bias_cal.fits,2461181.6930810185,8.0,DN_UMa,check,1858.5208927862561,689.8728502716334,True,0.0,0.0,3,2585543.0688476562,8115.108912872483,323192.88360595703,1014.3886141090604,False,ok
light_V0399_V_8s_2026_05_20-0022_flat_0p3_late_bias_cal.fits,2461181.6930810185,8.0,HD_103405,comparison,1161.0439700536717,154.11428830878546,True,0.0,0.0,3,121982.07788085938,464.15705305159884,15247.759735107422,58.019631631449855,False,ok
light_V0399_V_8s_2026_05_20-0022_flat_0p3_late_bias_cal.fits,2461181.6930810185,8.0,TYC_3452_787_1,comparison,367.6653363090774,758.3421750479705,True,0.0,0.0,3,166822.18211746216,572.1505819472303,20852.77276468277,71.51882274340379,False,ok
light_V0399_V_8s_2026_05_20-0022_flat_0p3_late_bias_cal.fits,2461181.6930810185,8.0,HD_103187,comparison,71.29200606046005,1517.4548463955136,True,0.0,0.0,3,639744.8408203125,1688.4806287945137,79968.10510253906,211.0600785993142,False,ok
light_V0399_V_8s_2026_05_20-0023_flat_0p3_late_bias_cal.fits,2461181.693271991,8.0,target,target,1934.4025391596635,636.323445722175,True,0.0,0.0,3,1706030.8999023438,4995.984995140096,213253.86248779297,624.498124392512,False,ok
light_V0399_V_8s_2026_05_20-0023_flat_0p3_late_bias_cal.fits,2461181.693271991,8.0,gaia_774272862760870784_src1,comparison,599.578460791499,258.08586022924334,True,0.0,0.0,3,7553.15998840332,458.65615532961436,944.144998550415,57.332019416201796,False,ok
light_V0399_V_8s_2026_05_20-0023_flat_0p3_late_bias_cal.fits,2461181.693271991,8.0,gaia_774271076054448768_src2,comparison,1506.7178858234115,321.3162110314761,True,0.0,0.0,3,5745.198356628418,274.80088778542597,718.1497945785522,34.350110973178246,False,ok
light_V0399_V_8s_2026_05_20-0023_flat_0p3_late_bias_cal.fits,2461181.693271991,8.0,gaia_774384016513181696_src3,comparison,390.6121365600256,1254.514788035858,True,0.0,0.0,3,3827.9305114746094,204.19109432647787,478.4913139343262,25.523886790809733,False,ok
light_V0399_V_8s_2026_05_20-0023_flat_0p3_late_bias_cal.fits,2461181.693271991,8.0,gaia_774289041901756032_src4,comparison,2041.387437507543,1442.3507498915358,True,0.0,0.0,3,3156.5813903808594,202.1140293955112,394.5726737976074,25.2642536744389,False,ok
light_V0399_V_8s_2026_05_20-0023_flat_0p3_late_bias_cal.fits,2461181.693271991,8.0,gaia_774287774887292672_src5,comparison,2033.8085843345157,1080.733577355526,True,0.0,0.0,3,3132.164726257324,187.81107752713442,391.5205907821655,23.476384690891802,False,ok
light_V0399_V_8s_2026_05_20-0023_flat_0p3_late_bias_cal.fits,2461181.693271991,8.0,gaia_774289488578357504_src6,comparison,940.6541235197662,1100.4907732876518,True,0.0,0.0,3,2691.616180419922,159.47275455766706,336.45202255249023,19.934094319708382,False,ok
light_V0399_V_8s_2026_05_20-0023_flat_0p3_late_bias_cal.fits,2461181.693271991,8.0,gaia_774288805679445888_src7,comparison,1944.5979695251317,1351.7388630834228,True,0.0,0.0,3,2504.6910552978516,156.3528953854672,313.08638191223145,19.5441119231834,False,ok
light_V0399_V_8s_2026_05_20-0023_flat_0p3_late_bias_cal.fits,2461181.693271991,8.0,gaia_774290626745586944_src8,comparison,1071.4610770076736,1433.9985575432859,True,0.0,0.0,3,1263.2072296142578,63.99287202358385,157.90090370178223,7.999109002947981,False,ok
light_V0399_V_8s_2026_05_20-0023_flat_0p3_late_bias_cal.fits,2461181.693271991,8.0,DN_UMa,check,1859.6987940517238,690.8390307312789,True,0.0,0.0,3,2438002.151489258,8366.347085850777,304750.2689361572,1045.7933857313471,False,ok
light_V0399_V_8s_2026_05_20-0023_flat_0p3_late_bias_cal.fits,2461181.693271991,8.0,HD_103405,comparison,1162.4075567456746,155.1270327717294,True,0.0,0.0,3,118817.33879089355,486.53837823426386,14852.167348861694,60.81729727928298,False,ok
light_V0399_V_8s_2026_05_20-0023_flat_0p3_late_bias_cal.fits,2461181.693271991,8.0,TYC_3452_787_1,comparison,369.27692883206583,759.2845950041929,True,0.0,0.0,3,156720.43774414062,595.9857609970362,19590.054718017578,74.49822012462953,False,ok
light_V0399_V_8s_2026_05_20-0023_flat_0p3_late_bias_cal.fits,2461181.693271991,8.0,HD_103187,comparison,72.92920929322219,1518.3348681673365,True,0.0,0.0,3,593789.5714111328,1885.6601928419977,74223.6964263916,235.70752410524972,False,ok
light_V0399_V_8s_2026_05_20-0024_flat_0p3_late_bias_cal.fits,2461181.6934636575,8.0,target,target,1934.0068503200862,635.3182672826825,True,0.0,0.0,3,1605739.818359375,4911.645101786302,200717.47729492188,613.9556377232877,False,ok
light_V0399_V_8s_2026_05_20-0024_flat_0p3_late_bias_cal.fits,2461181.6934636575,8.0,gaia_774272862760870784_src1,comparison,599.578460791499,258.08586022924334,True,0.0,0.0,3,12245.299629211426,404.2313386964459,1530.6624536514282,50.52891733705574,False,ok
light_V0399_V_8s_2026_05_20-0024_flat_0p3_late_bias_cal.fits,2461181.6934636575,8.0,gaia_774271076054448768_src2,comparison,1506.7178858234115,321.3162110314761,True,0.0,0.0,3,8745.704292297363,255.91692577274839,1093.2130365371704,31.989615721593548,False,ok
light_V0399_V_8s_2026_05_20-0024_flat_0p3_late_bias_cal.fits,2461181.6934636575,8.0,gaia_774384016513181696_src3,comparison,390.6121365600256,1254.514788035858,True,0.0,0.0,3,5711.897895812988,191.63739521665326,713.9872369766235,23.954674402081658,False,ok
light_V0399_V_8s_2026_05_20-0024_flat_0p3_late_bias_cal.fits,2461181.6934636575,8.0,gaia_774289041901756032_src4,comparison,2041.387437507543,1442.3507498915358,True,0.0,0.0,3,4690.1328048706055,191.87974113093412,586.2666006088257,23.984967641366765,False,ok
light_V0399_V_8s_2026_05_20-0024_flat_0p3_late_bias_cal.fits,2461181.6934636575,8.0,gaia_774287774887292672_src5,comparison,2033.8085843345157,1080.733577355526,True,0.0,0.0,3,4779.513931274414,175.75547532044445,597.4392414093018,21.969434415055556,False,ok
light_V0399_V_8s_2026_05_20-0024_flat_0p3_late_bias_cal.fits,2461181.6934636575,8.0,gaia_774289488578357504_src6,comparison,940.6541235197662,1100.4907732876518,True,0.0,0.0,3,4379.695114135742,148.7404343816411,547.4618892669678,18.59255429770514,False,ok
light_V0399_V_8s_2026_05_20-0024_flat_0p3_late_bias_cal.fits,2461181.6934636575,8.0,gaia_774288805679445888_src7,comparison,1944.5979695251317,1351.7388630834228,True,0.0,0.0,3,3596.019905090332,147.47063267966627,449.5024881362915,18.433829084958283,False,ok
light_V0399_V_8s_2026_05_20-0024_flat_0p3_late_bias_cal.fits,2461181.6934636575,8.0,gaia_774290626745586944_src8,comparison,1071.4610770076736,1433.9985575432859,True,0.0,0.0,3,1791.6373901367188,65.57740208113246,223.95467376708984,8.197175260141558,False,ok
light_V0399_V_8s_2026_05_20-0024_flat_0p3_late_bias_cal.fits,2461181.6934636575,8.0,DN_UMa,check,1859.3012527054393,689.8360573268255,True,0.0,0.0,3,2408568.364929199,8823.415746869952,301071.0456161499,1102.926968358744,False,ok
light_V0399_V_8s_2026_05_20-0024_flat_0p3_late_bias_cal.fits,2461181.6934636575,8.0,HD_103405,comparison,1161.9561596113615,154.11072994030312,True,0.0,0.0,3,113959.19408416748,472.5131361877491,14244.899260520935,59.06414202346864,False,ok
light_V0399_V_8s_2026_05_20-0024_flat_0p3_late_bias_cal.fits,2461181.6934636575,8.0,TYC_3452_787_1,comparison,368.65673771103053,758.3391002639329,True,0.0,0.0,3,155130.92279815674,592.1238669495968,19391.365349769592,74.0154833686996,False,ok
light_V0399_V_8s_2026_05_20-0024_flat_0p3_late_bias_cal.fits,2461181.6934636575,8.0,HD_103187,comparison,72.3807666510974,1517.5259802026092,True,0.0,0.0,3,578033.4090270996,1833.927205891924,72254.17612838745,229.2409007364905,False,ok
light_V0399_V_8s_2026_05_20-0025_flat_0p3_late_bias_cal.fits,2461181.6936555556,8.0,target,target,1935.8732000410425,635.8641914855987,True,0.0,0.0,3,1856919.5028686523,4230.6601151655495,232114.93785858154,528.8325143956937,False,ok
light_V0399_V_8s_2026_05_20-0025_flat_0p3_late_bias_cal.fits,2461181.6936555556,8.0,gaia_774272862760870784_src1,comparison,599.578460791499,258.08586022924334,True,0.0,0.0,3,6795.969856262207,583.0640999877346,849.4962320327759,72.88301249846683,False,ok
light_V0399_V_8s_2026_05_20-0025_flat_0p3_late_bias_cal.fits,2461181.6936555556,8.0,gaia_774271076054448768_src2,comparison,1506.7178858234115,321.3162110314761,True,0.0,0.0,3,4862.155700683594,369.73434966991465,607.7694625854492,46.21679370873933,False,ok
light_V0399_V_8s_2026_05_20-0025_flat_0p3_late_bias_cal.fits,2461181.6936555556,8.0,gaia_774384016513181696_src3,comparison,390.6121365600256,1254.514788035858,True,0.0,0.0,3,3360.5282135009766,250.53175768164672,420.06602668762207,31.31646971020584,False,ok
light_V0399_V_8s_2026_05_20-0025_flat_0p3_late_bias_cal.fits,2461181.6936555556,8.0,gaia_774289041901756032_src4,comparison,2041.387437507543,1442.3507498915358,True,0.0,0.0,3,2559.3527755737305,256.9559001019213,319.9190969467163,32.119487512740164,False,ok
light_V0399_V_8s_2026_05_20-0025_flat_0p3_late_bias_cal.fits,2461181.6936555556,8.0,gaia_774287774887292672_src5,comparison,2033.8085843345157,1080.733577355526,True,0.0,0.0,3,2723.8132400512695,242.81775649154076,340.4766550064087,30.352219561442595,False,ok
light_V0399_V_8s_2026_05_20-0025_flat_0p3_late_bias_cal.fits,2461181.6936555556,8.0,gaia_774289488578357504_src6,comparison,940.6541235197662,1100.4907732876518,True,0.0,0.0,3,2357.021137237549,195.73493215150555,294.6276421546936,24.466866518938193,False,ok
light_V0399_V_8s_2026_05_20-0025_flat_0p3_late_bias_cal.fits,2461181.6936555556,8.0,gaia_774288805679445888_src7,comparison,1944.5979695251317,1351.7388630834228,True,0.0,0.0,3,2016.1727981567383,201.9392810115086,252.02159976959229,25.242410126438575,False,ok
light_V0399_V_8s_2026_05_20-0025_flat_0p3_late_bias_cal.fits,2461181.6936555556,8.0,gaia_774290626745586944_src8,comparison,1071.4610770076736,1433.9985575432859,True,0.0,0.0,3,1201.5741348266602,69.66568167477523,150.19676685333252,8.708210209346904,False,ok
light_V0399_V_8s_2026_05_20-0025_flat_0p3_late_bias_cal.fits,2461181.6936555556,8.0,DN_UMa,check,1861.0902365162624,690.439693912244,True,0.0,0.0,3,2726221.864135742,7629.9042846202,340777.7330169678,953.738035577525,False,ok
light_V0399_V_8s_2026_05_20-0025_flat_0p3_late_bias_cal.fits,2461181.6936555556,8.0,HD_103405,comparison,1163.6575476173543,154.77591465656624,True,0.0,0.0,3,131873.1929321289,456.0717980342818,16484.149116516113,57.00897475428523,False,ok
light_V0399_V_8s_2026_05_20-0025_flat_0p3_late_bias_cal.fits,2461181.6936555556,8.0,TYC_3452_787_1,comparison,370.35610977481326,758.8828038061904,True,0.0,0.0,3,168458.47787475586,553.8653801607638,21057.309734344482,69.23317252009548,False,ok
light_V0399_V_8s_2026_05_20-0025_flat_0p3_late_bias_cal.fits,2461181.6936555556,8.0,HD_103187,comparison,74.1472111662764,1518.0197692713546,True,0.0,0.0,3,625137.3893127441,1666.4200990657105,78142.17366409302,208.3025123832138,False,ok
light_V0399_V_8s_2026_05_20-0026_flat_0p3_late_bias_cal.fits,2461181.6938471063,8.0,target,target,1935.9244470348804,636.2045517355597,True,0.0,0.0,3,1727396.3188171387,4624.574233816535,215924.53985214233,578.0717792270668,False,ok
light_V0399_V_8s_2026_05_20-0026_flat_0p3_late_bias_cal.fits,2461181.6938471063,8.0,gaia_774272862760870784_src1,comparison,599.578460791499,258.08586022924334,True,0.0,0.0,3,5713.100921630859,606.2492196734648,714.1376152038574,75.7811524591831,False,ok
light_V0399_V_8s_2026_05_20-0026_flat_0p3_late_bias_cal.fits,2461181.6938471063,8.0,gaia_774271076054448768_src2,comparison,1506.7178858234115,321.3162110314761,True,0.0,0.0,3,4345.108852386475,369.4673557767506,543.1386065483093,46.183419472093824,False,ok
light_V0399_V_8s_2026_05_20-0026_flat_0p3_late_bias_cal.fits,2461181.6938471063,8.0,gaia_774384016513181696_src3,comparison,390.6121365600256,1254.514788035858,True,0.0,0.0,3,2840.061210632324,255.92946782765586,355.0076513290405,31.991183478456982,False,ok
light_V0399_V_8s_2026_05_20-0026_flat_0p3_late_bias_cal.fits,2461181.6938471063,8.0,gaia_774289041901756032_src4,comparison,2041.387437507543,1442.3507498915358,True,0.0,0.0,3,2133.6221809387207,268.60180750586187,266.7027726173401,33.575225938232734,False,ok
light_V0399_V_8s_2026_05_20-0026_flat_0p3_late_bias_cal.fits,2461181.6938471063,8.0,gaia_774287774887292672_src5,comparison,2033.8085843345157,1080.733577355526,True,0.0,0.0,3,2159.5303344726562,251.05952073179333,269.94129180908203,31.382440091474166,False,ok
light_V0399_V_8s_2026_05_20-0026_flat_0p3_late_bias_cal.fits,2461181.6938471063,8.0,gaia_774289488578357504_src6,comparison,940.6541235197662,1100.4907732876518,True,0.0,0.0,3,2003.6570358276367,202.3450460365617,250.4571294784546,25.293130754570214,False,ok
light_V0399_V_8s_2026_05_20-0026_flat_0p3_late_bias_cal.fits,2461181.6938471063,8.0,gaia_774288805679445888_src7,comparison,1944.5979695251317,1351.7388630834228,True,0.0,0.0,3,1716.5622024536133,204.79418840166136,214.57027530670166,25.59927355020767,False,ok
light_V0399_V_8s_2026_05_20-0026_flat_0p3_late_bias_cal.fits,2461181.6938471063,8.0,gaia_774290626745586944_src8,comparison,1071.4610770076736,1433.9985575432859,True,0.0,0.0,3,1005.0315933227539,68.36715187769747,125.62894916534424,8.545893984712183,False,ok
light_V0399_V_8s_2026_05_20-0026_flat_0p3_late_bias_cal.fits,2461181.6938471063,8.0,DN_UMa,check,1861.2003214990657,690.7258943694549,True,0.0,0.0,3,2503442.422607422,8009.945626000844,312930.30282592773,1001.2432032501055,False,ok
light_V0399_V_8s_2026_05_20-0026_flat_0p3_late_bias_cal.fits,2461181.6938471063,8.0,HD_103405,comparison,1163.8342230913229,154.9541089102131,True,0.0,0.0,3,118889.059715271,467.29835224324313,14861.132464408875,58.41229403040539,False,ok
light_V0399_V_8s_2026_05_20-0026_flat_0p3_late_bias_cal.fits,2461181.6938471063,8.0,TYC_3452_787_1,comparison,370.55745639688075,759.0318853038588,True,0.0,0.0,3,160639.32678222656,582.981028355242,20079.91584777832,72.87262854440525,False,ok
light_V0399_V_8s_2026_05_20-0026_flat_0p3_late_bias_cal.fits,2461181.6938471063,8.0,HD_103187,comparison,74.19788544393506,1518.3126200741378,True,0.0,0.0,3,595058.1194152832,1774.615655319087,74382.2649269104,221.82695691488587,False,ok
light_V0399_V_8s_2026_05_20-0027_flat_0p3_late_bias_cal.fits,2461181.6940381946,8.0,target,target,1937.2787986754445,635.8591686320643,True,0.0,0.0,3,1799786.2725219727,4360.62305572708,224973.28406524658,545.077881965885,False,ok
light_V0399_V_8s_2026_05_20-0027_flat_0p3_late_bias_cal.fits,2461181.6940381946,8.0,gaia_774272862760870784_src1,comparison,599.578460791499,258.08586022924334,True,0.0,0.0,3,3957.0073165893555,772.1136366068316,494.62591457366943,96.51420457585395,False,ok
light_V0399_V_8s_2026_05_20-0027_flat_0p3_late_bias_cal.fits,2461181.6940381946,8.0,gaia_774271076054448768_src2,comparison,1506.7178858234115,321.3162110314761,True,0.0,0.0,3,2989.9184799194336,488.77073002912164,373.7398099899292,61.096341253640205,False,ok
light_V0399_V_8s_2026_05_20-0027_flat_0p3_late_bias_cal.fits,2461181.6940381946,8.0,gaia_774384016513181696_src3,comparison,390.6121365600256,1254.514788035858,True,0.0,0.0,3,2078.9359817504883,329.23385468731766,259.86699771881104,41.15423183591471,False,ok
light_V0399_V_8s_2026_05_20-0027_flat_0p3_late_bias_cal.fits,2461181.6940381946,8.0,gaia_774289041901756032_src4,comparison,2041.387437507543,1442.3507498915358,True,0.0,0.0,3,1478.3076248168945,324.76724194462514,184.78845310211182,40.59590524307814,False,ok
light_V0399_V_8s_2026_05_20-0027_flat_0p3_late_bias_cal.fits,2461181.6940381946,8.0,gaia_774287774887292672_src5,comparison,2033.8085843345157,1080.733577355526,True,0.0,0.0,3,1644.4940567016602,307.2689221442383,205.56175708770752,38.408615268029784,False,ok
light_V0399_V_8s_2026_05_20-0027_flat_0p3_late_bias_cal.fits,2461181.6940381946,8.0,gaia_774289488578357504_src6,comparison,940.6541235197662,1100.4907732876518,True,0.0,0.0,3,1531.2832870483398,257.61126219035486,191.41041088104248,32.20140777379436,False,ok
light_V0399_V_8s_2026_05_20-0027_flat_0p3_late_bias_cal.fits,2461181.6940381946,8.0,gaia_774288805679445888_src7,comparison,1944.5979695251317,1351.7388630834228,True,0.0,0.0,3,1237.390510559082,255.39261844049602,154.67381381988525,31.924077305062003,False,ok
light_V0399_V_8s_2026_05_20-0027_flat_0p3_late_bias_cal.fits,2461181.6940381946,8.0,gaia_774290626745586944_src8,comparison,1071.4610770076736,1433.9985575432859,True,0.0,0.0,3,758.259033203125,79.29162467506202,94.78237915039062,9.911453084382753,False,ok
light_V0399_V_8s_2026_05_20-0027_flat_0p3_late_bias_cal.fits,2461181.6940381946,8.0,DN_UMa,check,1862.5781239199573,690.3592055210881,True,0.0,0.0,3,2666187.5859375,7688.991804641245,333273.4482421875,961.1239755801556,False,ok
light_V0399_V_8s_2026_05_20-0027_flat_0p3_late_bias_cal.fits,2461181.6940381946,8.0,HD_103405,comparison,1165.241125005793,154.52225416176705,True,0.0,0.0,3,129418.30505371094,461.57691113549157,16177.288131713867,57.697113891936446,False,ok
light_V0399_V_8s_2026_05_20-0027_flat_0p3_late_bias_cal.fits,2461181.6940381946,8.0,TYC_3452_787_1,comparison,371.98736287485065,758.5219826638632,True,0.0,0.0,3,166800.08222961426,562.2635714422529,20850.010278701782,70.28294643028161,False,ok
light_V0399_V_8s_2026_05_20-0027_flat_0p3_late_bias_cal.fits,2461181.6940381946,8.0,HD_103187,comparison,75.62632705408446,1517.5694230308027,True,0.0,0.0,3,643201.5346221924,1673.1233293375321,80400.19182777405,209.14041616719152,False,ok
light_V0399_V_8s_2026_05_20-0028_flat_0p3_late_bias_cal.fits,2461181.6942291665,8.0,target,target,1936.9218034895143,636.2120608119387,True,0.0,0.0,3,1777563.2497558594,4498.99356278923,222195.40621948242,562.3741953486538,False,ok
light_V0399_V_8s_2026_05_20-0028_flat_0p3_late_bias_cal.fits,2461181.6942291665,8.0,gaia_774272862760870784_src1,comparison,599.578460791499,258.08586022924334,True,0.0,0.0,3,4967.378036499023,703.7640444351356,620.9222545623779,87.97050555439195,False,ok
light_V0399_V_8s_2026_05_20-0028_flat_0p3_late_bias_cal.fits,2461181.6942291665,8.0,gaia_774271076054448768_src2,comparison,1506.7178858234115,321.3162110314761,True,0.0,0.0,3,3487.450569152832,463.74972595145977,435.931321144104,57.96871574393247,False,ok
light_V0399_V_8s_2026_05_20-0028_flat_0p3_late_bias_cal.fits,2461181.6942291665,8.0,gaia_774384016513181696_src3,comparison,390.6121365600256,1254.514788035858,True,0.0,0.0,3,2486.3436889648438,296.182125943586,310.79296112060547,37.02276574294825,False,ok
light_V0399_V_8s_2026_05_20-0028_flat_0p3_late_bias_cal.fits,2461181.6942291665,8.0,gaia_774289041901756032_src4,comparison,2041.387437507543,1442.3507498915358,True,0.0,0.0,3,1694.305061340332,310.4658202875215,211.7881326675415,38.80822753594019,False,ok
light_V0399_V_8s_2026_05_20-0028_flat_0p3_late_bias_cal.fits,2461181.6942291665,8.0,gaia_774287774887292672_src5,comparison,2033.8085843345157,1080.733577355526,True,0.0,0.0,3,1795.121841430664,286.3820595741465,224.390230178833,35.797757446768316,False,ok
light_V0399_V_8s_2026_05_20-0028_flat_0p3_late_bias_cal.fits,2461181.6942291665,8.0,gaia_774289488578357504_src6,comparison,940.6541235197662,1100.4907732876518,True,0.0,0.0,3,1813.946517944336,239.40976553653354,226.743314743042,29.926220692066693,False,ok
light_V0399_V_8s_2026_05_20-0028_flat_0p3_late_bias_cal.fits,2461181.6942291665,8.0,gaia_774288805679445888_src7,comparison,1944.5979695251317,1351.7388630834228,True,0.0,0.0,3,1398.8198318481445,239.2705666966046,174.85247898101807,29.908820837075574,False,ok
light_V0399_V_8s_2026_05_20-0028_flat_0p3_late_bias_cal.fits,2461181.6942291665,8.0,gaia_774290626745586944_src8,comparison,1071.4610770076736,1433.9985575432859,True,0.0,0.0,3,894.9755554199219,74.54409604849923,111.87194442749023,9.318012006062403,False,ok
light_V0399_V_8s_2026_05_20-0028_flat_0p3_late_bias_cal.fits,2461181.6942291665,8.0,DN_UMa,check,1862.1820991452278,690.6865665765978,True,0.0,0.0,3,2620902.078918457,8109.4141386606225,327612.7598648071,1013.6767673325778,False,ok
light_V0399_V_8s_2026_05_20-0028_flat_0p3_late_bias_cal.fits,2461181.6942291665,8.0,HD_103405,comparison,1164.7797252853766,154.91307084266228,True,0.0,0.0,3,124702.47891998291,463.7463807772611,15587.809864997864,57.96829759715764,False,ok
light_V0399_V_8s_2026_05_20-0028_flat_0p3_late_bias_cal.fits,2461181.6942291665,8.0,TYC_3452_787_1,comparison,371.3926084802997,758.8633567019796,True,0.0,0.0,3,166769.86404418945,559.7548893631433,20846.23300552368,69.96936117039292,False,ok
light_V0399_V_8s_2026_05_20-0028_flat_0p3_late_bias_cal.fits,2461181.6942291665,8.0,HD_103187,comparison,74.9208469553448,1518.0397320773445,True,0.0,0.0,3,623225.3408203125,1646.5523521559926,77903.16760253906,205.81904401949907,False,ok
light_V0399_V_8s_2026_05_20-0029_flat_0p3_late_bias_cal.fits,2461181.694420139,8.0,target,target,1938.4830478984777,637.8195173250559,True,0.0,0.0,3,1816409.9081878662,4460.486361832381,227051.23852348328,557.5607952290476,False,ok
light_V0399_V_8s_2026_05_20-0029_flat_0p3_late_bias_cal.fits,2461181.694420139,8.0,gaia_774272862760870784_src1,comparison,599.578460791499,258.08586022924334,True,0.0,0.0,3,2264.3699645996094,962.7770603477952,283.0462455749512,120.3471325434744,False,ok
light_V0399_V_8s_2026_05_20-0029_flat_0p3_late_bias_cal.fits,2461181.694420139,8.0,gaia_774271076054448768_src2,comparison,1506.7178858234115,321.3162110314761,True,0.0,0.0,3,1677.893455505371,640.7488418880054,209.7366819381714,80.09360523600067,False,ok
light_V0399_V_8s_2026_05_20-0029_flat_0p3_late_bias_cal.fits,2461181.694420139,8.0,gaia_774384016513181696_src3,comparison,390.6121365600256,1254.514788035858,True,0.0,0.0,3,996.1273040771484,423.6256655180904,124.51591300964355,52.9532081897613,False,ok
light_V0399_V_8s_2026_05_20-0029_flat_0p3_late_bias_cal.fits,2461181.694420139,8.0,gaia_774289041901756032_src4,comparison,2041.387437507543,1442.3507498915358,True,0.0,0.0,3,781.853443145752,397.2737404415602,97.731680393219,49.65921755519503,False,ok
light_V0399_V_8s_2026_05_20-0029_flat_0p3_late_bias_cal.fits,2461181.694420139,8.0,gaia_774287774887292672_src5,comparison,2033.8085843345157,1080.733577355526,True,0.0,0.0,3,790.3916549682617,385.1883459755956,98.79895687103271,48.14854324694945,False,ok
light_V0399_V_8s_2026_05_20-0029_flat_0p3_late_bias_cal.fits,2461181.694420139,8.0,gaia_774289488578357504_src6,comparison,940.6541235197662,1100.4907732876518,True,0.0,0.0,3,810.8568878173828,330.35983069312675,101.35711097717285,41.294978836640844,False,ok
light_V0399_V_8s_2026_05_20-0029_flat_0p3_late_bias_cal.fits,2461181.694420139,8.0,gaia_774288805679445888_src7,comparison,1944.5979695251317,1351.7388630834228,True,0.0,0.0,3,608.2187347412109,311.0801152987931,76.02734184265137,38.885014412349136,False,ok
light_V0399_V_8s_2026_05_20-0029_flat_0p3_late_bias_cal.fits,2461181.694420139,8.0,gaia_774290626745586944_src8,comparison,1071.4610770076736,1433.9985575432859,True,0.0,0.0,3,344.0208282470703,101.80284242089269,43.00260353088379,12.725355302611586,False,ok
light_V0399_V_8s_2026_05_20-0029_flat_0p3_late_bias_cal.fits,2461181.694420139,8.0,DN_UMa,check,1863.756491569597,692.3199462572619,True,0.0,0.0,3,2632333.642944336,8231.401054344742,329041.705368042,1028.9251317930928,False,ok
light_V0399_V_8s_2026_05_20-0029_flat_0p3_late_bias_cal.fits,2461181.694420139,8.0,HD_103405,comparison,1166.4619365135086,156.4833413995139,True,0.0,0.0,3,129047.39099121094,469.53169720085884,16130.923873901367,58.691462150107355,False,ok
light_V0399_V_8s_2026_05_20-0029_flat_0p3_late_bias_cal.fits,2461181.694420139,8.0,TYC_3452_787_1,comparison,373.1349127500134,760.592870299989,True,0.0,0.0,3,167143.53132247925,568.3897134479939,20892.941415309906,71.04871418099924,False,ok
light_V0399_V_8s_2026_05_20-0029_flat_0p3_late_bias_cal.fits,2461181.694420139,8.0,HD_103187,comparison,76.72779258537129,1519.7076623760008,True,0.0,0.0,3,640172.3479003906,1681.435386596846,80021.54348754883,210.17942332460575,False,ok
light_V0399_V_8s_2026_05_20-0030_flat_0p3_late_bias_cal.fits,2461181.6946113426,8.0,target,target,1938.0225814191422,637.2684319256508,True,0.0,0.0,3,1933993.2453460693,3939.04854968016,241749.15566825867,492.38106871002,False,ok
light_V0399_V_8s_2026_05_20-0030_flat_0p3_late_bias_cal.fits,2461181.6946113426,8.0,gaia_774272862760870784_src1,comparison,599.578460791499,258.08586022924334,True,0.0,0.0,3,2658.3395080566406,955.5850498066255,332.2924385070801,119.44813122582819,False,ok
light_V0399_V_8s_2026_05_20-0030_flat_0p3_late_bias_cal.fits,2461181.6946113426,8.0,gaia_774271076054448768_src2,comparison,1506.7178858234115,321.3162110314761,True,0.0,0.0,3,1829.5070266723633,625.3075975384291,228.6883783340454,78.16344969230364,False,ok
light_V0399_V_8s_2026_05_20-0030_flat_0p3_late_bias_cal.fits,2461181.6946113426,8.0,gaia_774384016513181696_src3,comparison,390.6121365600256,1254.514788035858,True,0.0,0.0,3,1218.6034240722656,431.9182181938966,152.3254280090332,53.98977727423708,False,ok
light_V0399_V_8s_2026_05_20-0030_flat_0p3_late_bias_cal.fits,2461181.6946113426,8.0,gaia_774289041901756032_src4,comparison,2041.387437507543,1442.3507498915358,True,0.0,0.0,3,720.1450805664062,427.29505993719215,90.01813507080078,53.41188249214902,False,ok
light_V0399_V_8s_2026_05_20-0030_flat_0p3_late_bias_cal.fits,2461181.6946113426,8.0,gaia_774287774887292672_src5,comparison,2033.8085843345157,1080.733577355526,True,0.0,0.0,3,843.2313385009766,397.7693738205621,105.40391731262207,49.721171727570265,False,ok
light_V0399_V_8s_2026_05_20-0030_flat_0p3_late_bias_cal.fits,2461181.6946113426,8.0,gaia_774289488578357504_src6,comparison,940.6541235197662,1100.4907732876518,True,0.0,0.0,3,914.480884552002,328.89896589189595,114.31011056900024,41.112370736486994,False,ok
light_V0399_V_8s_2026_05_20-0030_flat_0p3_late_bias_cal.fits,2461181.6946113426,8.0,gaia_774288805679445888_src7,comparison,1944.5979695251317,1351.7388630834228,True,0.0,0.0,3,571.3286972045898,322.7089289309607,71.41608715057373,40.33861611637009,False,ok
light_V0399_V_8s_2026_05_20-0030_flat_0p3_late_bias_cal.fits,2461181.6946113426,8.0,gaia_774290626745586944_src8,comparison,1071.4610770076736,1433.9985575432859,True,0.0,0.0,3,495.0946807861328,100.17600998084814,61.8868350982666,12.522001247606017,False,ok
light_V0399_V_8s_2026_05_20-0030_flat_0p3_late_bias_cal.fits,2461181.6946113426,8.0,DN_UMa,check,1863.3064590637805,691.7644973124551,True,0.0,0.0,3,2827110.0743408203,7155.176283184701,353388.75929260254,894.3970353980876,True,saturated
light_V0399_V_8s_2026_05_20-0030_flat_0p3_late_bias_cal.fits,2461181.6946113426,8.0,HD_103405,comparison,1165.7361148531918,155.9926697554854,True,0.0,0.0,3,135338.38311386108,449.4084536308184,16917.297889232635,56.1760567038523,False,ok
light_V0399_V_8s_2026_05_20-0030_flat_0p3_late_bias_cal.fits,2461181.6946113426,8.0,TYC_3452_787_1,comparison,372.5524141072201,760.0936110205699,True,0.0,0.0,3,181885.71547698975,540.3929644225187,22735.71443462372,67.54912055281484,False,ok
light_V0399_V_8s_2026_05_20-0030_flat_0p3_late_bias_cal.fits,2461181.6946113426,8.0,HD_103187,comparison,76.42119989927373,1519.3290059096428,True,0.0,0.0,3,699294.0780029297,1499.206002523341,87411.75975036621,187.40075031541764,False,ok
light_V0399_V_8s_2026_05_20-0031_flat_0p3_late_bias_cal.fits,2461181.6948032407,8.0,target,target,1939.75334724078,638.2659032281854,True,0.0,0.0,3,1909062.7640686035,3897.565836161738,238632.84550857544,487.19572952021724,False,ok
light_V0399_V_8s_2026_05_20-0031_flat_0p3_late_bias_cal.fits,2461181.6948032407,8.0,gaia_774272862760870784_src1,comparison,599.578460791499,258.08586022924334,True,0.0,0.0,3,1053.2815856933594,1096.8159167343238,131.66019821166992,137.10198959179047,False,ok
light_V0399_V_8s_2026_05_20-0031_flat_0p3_late_bias_cal.fits,2461181.6948032407,8.0,gaia_774271076054448768_src2,comparison,1506.7178858234115,321.3162110314761,True,0.0,0.0,3,706.2134857177734,726.0060206976576,88.27668571472168,90.7507525872072,False,ok
light_V0399_V_8s_2026_05_20-0031_flat_0p3_late_bias_cal.fits,2461181.6948032407,8.0,gaia_774384016513181696_src3,comparison,390.6121365600256,1254.514788035858,True,0.0,0.0,3,408.09399032592773,497.6952660347787,51.01174879074097,62.211908254347335,False,ok
light_V0399_V_8s_2026_05_20-0031_flat_0p3_late_bias_cal.fits,2461181.6948032407,8.0,gaia_774289041901756032_src4,comparison,2041.387437507543,1442.3507498915358,True,0.0,0.0,3,272.5723304748535,460.8459833455419,34.07154130935669,57.60574791819274,False,ok
light_V0399_V_8s_2026_05_20-0031_flat_0p3_late_bias_cal.fits,2461181.6948032407,8.0,gaia_774287774887292672_src5,comparison,2033.8085843345157,1080.733577355526,True,0.0,0.0,3,311.6637878417969,444.1078566585851,38.95797348022461,55.51348208232314,False,ok
light_V0399_V_8s_2026_05_20-0031_flat_0p3_late_bias_cal.fits,2461181.6948032407,8.0,gaia_774289488578357504_src6,comparison,940.6541235197662,1100.4907732876518,True,0.0,0.0,3,323.5830955505371,381.86271736605954,40.44788694381714,47.73283967075744,False,ok
light_V0399_V_8s_2026_05_20-0031_flat_0p3_late_bias_cal.fits,2461181.6948032407,8.0,gaia_774288805679445888_src7,comparison,1944.5979695251317,1351.7388630834228,True,0.0,0.0,3,166.75249099731445,364.1355190924581,20.844061374664307,45.51693988655726,False,ok
light_V0399_V_8s_2026_05_20-0031_flat_0p3_late_bias_cal.fits,2461181.6948032407,8.0,gaia_774290626745586944_src8,comparison,1071.4610770076736,1433.9985575432859,True,0.0,0.0,3,-2.5326766967773438,118.21547464495025,-0.31658458709716797,14.776934330618781,False,nonpositive_flux
light_V0399_V_8s_2026_05_20-0031_flat_0p3_late_bias_cal.fits,2461181.6948032407,8.0,DN_UMa,check,1865.0706689948631,692.8044661344338,True,0.0,0.0,3,2756715.938598633,7277.46597850559,344589.4923248291,909.6832473131988,True,saturated
light_V0399_V_8s_2026_05_20-0031_flat_0p3_late_bias_cal.fits,2461181.6948032407,8.0,HD_103405,comparison,1167.5171382761428,157.0773036057841,True,0.0,0.0,3,134514.5150756836,450.91850144911103,16814.31438446045,56.36481268113888,False,ok
light_V0399_V_8s_2026_05_20-0031_flat_0p3_late_bias_cal.fits,2461181.6948032407,8.0,TYC_3452_787_1,comparison,374.52061791936876,761.1756848738428,True,0.0,0.0,3,175846.15467071533,539.1618074573635,21980.769333839417,67.39522593217043,False,ok
light_V0399_V_8s_2026_05_20-0031_flat_0p3_late_bias_cal.fits,2461181.6948032407,8.0,HD_103187,comparison,78.30018285069902,1520.4844947987428,True,0.0,0.0,3,673914.3706054688,1563.822849343203,84239.2963256836,195.47785616790037,False,ok
light_V0399_V_8s_2026_05_20-0032_flat_0p3_late_bias_cal.fits,2461181.6949944445,8.0,target,target,1940.5360680954236,637.4055619111557,True,0.0,0.0,3,1868626.438446045,4187.972551088582,233578.30480575562,523.4965688860727,False,ok
light_V0399_V_8s_2026_05_20-0032_flat_0p3_late_bias_cal.fits,2461181.6949944445,8.0,gaia_774272862760870784_src1,comparison,599.578460791499,258.08586022924334,True,0.0,0.0,3,854.5840377807617,1070.8360581031761,106.82300472259521,133.85450726289702,False,ok
light_V0399_V_8s_2026_05_20-0032_flat_0p3_late_bias_cal.fits,2461181.6949944445,8.0,gaia_774271076054448768_src2,comparison,1506.7178858234115,321.3162110314761,True,0.0,0.0,3,714.4013977050781,712.2817800100519,89.30017471313477,89.03522250125648,False,ok
light_V0399_V_8s_2026_05_20-0032_flat_0p3_late_bias_cal.fits,2461181.6949944445,8.0,gaia_774384016513181696_src3,comparison,390.6121365600256,1254.514788035858,True,0.0,0.0,3,316.9943962097168,484.13259381269285,39.6242995262146,60.516574226586606,False,ok
light_V0399_V_8s_2026_05_20-0032_flat_0p3_late_bias_cal.fits,2461181.6949944445,8.0,gaia_774289041901756032_src4,comparison,2041.387437507543,1442.3507498915358,True,0.0,0.0,3,187.99668502807617,452.8870225872137,23.49958562850952,56.610877823401715,False,ok
light_V0399_V_8s_2026_05_20-0032_flat_0p3_late_bias_cal.fits,2461181.6949944445,8.0,gaia_774287774887292672_src5,comparison,2033.8085843345157,1080.733577355526,True,0.0,0.0,3,218.74172973632812,439.1974277699112,27.342716217041016,54.8996784712389,False,ok
light_V0399_V_8s_2026_05_20-0032_flat_0p3_late_bias_cal.fits,2461181.6949944445,8.0,gaia_774289488578357504_src6,comparison,940.6541235197662,1100.4907732876518,True,0.0,0.0,3,246.00392532348633,379.2882428034882,30.75049066543579,47.41103035043602,False,ok
light_V0399_V_8s_2026_05_20-0032_flat_0p3_late_bias_cal.fits,2461181.6949944445,8.0,gaia_774288805679445888_src7,comparison,1944.5979695251317,1351.7388630834228,True,0.0,0.0,3,128.1371841430664,355.9766642938711,16.0171480178833,44.49708303673389,False,ok
light_V0399_V_8s_2026_05_20-0032_flat_0p3_late_bias_cal.fits,2461181.6949944445,8.0,gaia_774290626745586944_src8,comparison,1071.4610770076736,1433.9985575432859,True,0.0,0.0,3,9.740528106689453,122.24892850170126,1.2175660133361816,15.281116062712657,False,ok
light_V0399_V_8s_2026_05_20-0032_flat_0p3_late_bias_cal.fits,2461181.6949944445,8.0,DN_UMa,check,1865.835063696273,691.9686762544176,True,0.0,0.0,3,2679096.6537475586,7799.995816466938,334887.0817184448,974.9994770583672,False,ok
light_V0399_V_8s_2026_05_20-0032_flat_0p3_late_bias_cal.fits,2461181.6949944445,8.0,HD_103405,comparison,1168.437975112548,156.3278393146016,True,0.0,0.0,3,130912.49772644043,458.1076895633527,16364.062215805054,57.26346119541909,False,ok
light_V0399_V_8s_2026_05_20-0032_flat_0p3_late_bias_cal.fits,2461181.6949944445,8.0,TYC_3452_787_1,comparison,375.1647728047422,760.4293141750818,True,0.0,0.0,3,172994.26831817627,553.7751682582608,21624.283539772034,69.2218960322826,False,ok
light_V0399_V_8s_2026_05_20-0032_flat_0p3_late_bias_cal.fits,2461181.6949944445,8.0,HD_103187,comparison,78.90952407165678,1519.6996602527674,True,0.0,0.0,3,669028.617401123,1605.690905311587,83628.57717514038,200.71136316394836,False,ok
light_V0399_V_8s_2026_05_20-0033_flat_0p3_late_bias_cal.fits,2461181.695186111,8.0,target,target,1940.998652073333,636.9046684589154,True,0.0,0.0,3,1647262.6485595703,4941.925617305253,205907.8310699463,617.7407021631566,False,ok
light_V0399_V_8s_2026_05_20-0033_flat_0p3_late_bias_cal.fits,2461181.695186111,8.0,gaia_774272862760870784_src1,comparison,599.578460791499,258.08586022924334,True,0.0,0.0,3,973.7943420410156,988.1303869812313,121.72429275512695,123.5162983726539,False,ok
light_V0399_V_8s_2026_05_20-0033_flat_0p3_late_bias_cal.fits,2461181.695186111,8.0,gaia_774271076054448768_src2,comparison,1506.7178858234115,321.3162110314761,True,0.0,0.0,3,701.9869079589844,662.889337932183,87.74836349487305,82.86116724152288,False,ok
light_V0399_V_8s_2026_05_20-0033_flat_0p3_late_bias_cal.fits,2461181.695186111,8.0,gaia_774384016513181696_src3,comparison,390.6121365600256,1254.514788035858,True,0.0,0.0,3,397.5497589111328,437.0166547123928,49.6937198638916,54.6270818390491,False,ok
light_V0399_V_8s_2026_05_20-0033_flat_0p3_late_bias_cal.fits,2461181.695186111,8.0,gaia_774289041901756032_src4,comparison,2041.387437507543,1442.3507498915358,True,0.0,0.0,3,248.13418579101562,413.01172841309204,31.016773223876953,51.626466051636505,False,ok
light_V0399_V_8s_2026_05_20-0033_flat_0p3_late_bias_cal.fits,2461181.695186111,8.0,gaia_774287774887292672_src5,comparison,2033.8085843345157,1080.733577355526,True,0.0,0.0,3,316.30943298339844,400.0648903510879,39.538679122924805,50.00811129388599,False,ok
light_V0399_V_8s_2026_05_20-0033_flat_0p3_late_bias_cal.fits,2461181.695186111,8.0,gaia_774289488578357504_src6,comparison,940.6541235197662,1100.4907732876518,True,0.0,0.0,3,304.2765426635742,348.25627053722604,38.03456783294678,43.532033817153255,False,ok
light_V0399_V_8s_2026_05_20-0033_flat_0p3_late_bias_cal.fits,2461181.695186111,8.0,gaia_774288805679445888_src7,comparison,1944.5979695251317,1351.7388630834228,True,0.0,0.0,3,159.23989868164062,321.06315345074376,19.904987335205078,40.13289418134297,False,ok
light_V0399_V_8s_2026_05_20-0033_flat_0p3_late_bias_cal.fits,2461181.695186111,8.0,gaia_774290626745586944_src8,comparison,1071.4610770076736,1433.9985575432859,True,0.0,0.0,3,95.16730499267578,113.82588865698649,11.895913124084473,14.228236082123312,False,ok
light_V0399_V_8s_2026_05_20-0033_flat_0p3_late_bias_cal.fits,2461181.695186111,8.0,DN_UMa,check,1866.2714371586565,691.4642305788935,True,0.0,0.0,3,2498759.8647460938,8744.964921346113,312344.9830932617,1093.120615168264,False,ok
light_V0399_V_8s_2026_05_20-0033_flat_0p3_late_bias_cal.fits,2461181.695186111,8.0,HD_103405,comparison,1168.698450527855,155.71331385086273,True,0.0,0.0,3,119379.2092552185,480.81272607842357,14922.401156902313,60.101590759802946,False,ok
light_V0399_V_8s_2026_05_20-0033_flat_0p3_late_bias_cal.fits,2461181.695186111,8.0,TYC_3452_787_1,comparison,375.3897665083487,759.9774045213981,True,0.0,0.0,3,154622.92358398438,599.1941472127806,19327.865447998047,74.89926840159758,False,ok
light_V0399_V_8s_2026_05_20-0033_flat_0p3_late_bias_cal.fits,2461181.695186111,8.0,HD_103187,comparison,79.19150267111638,1519.230279054391,True,0.0,0.0,3,590176.1469726562,1979.8242673228401,73772.01837158203,247.47803341535501,False,ok
light_V0399_V_8s_2026_05_20-0034_flat_0p3_late_bias_cal.fits,2461181.695378125,8.0,target,target,1940.955209722115,637.7014801974939,True,0.0,0.0,3,1935550.6643829346,4049.4453735806196,241943.83304786682,506.18067169757745,False,ok
light_V0399_V_8s_2026_05_20-0034_flat_0p3_late_bias_cal.fits,2461181.695378125,8.0,gaia_774272862760870784_src1,comparison,599.578460791499,258.08586022924334,True,0.0,0.0,3,448.9496383666992,1164.3040728031287,56.1187047958374,145.5380091003911,False,ok
light_V0399_V_8s_2026_05_20-0034_flat_0p3_late_bias_cal.fits,2461181.695378125,8.0,gaia_774271076054448768_src2,comparison,1506.7178858234115,321.3162110314761,True,0.0,0.0,3,275.2782287597656,781.9711085458407,34.4097785949707,97.74638856823009,False,ok
light_V0399_V_8s_2026_05_20-0034_flat_0p3_late_bias_cal.fits,2461181.695378125,8.0,gaia_774384016513181696_src3,comparison,390.6121365600256,1254.514788035858,True,0.0,0.0,3,202.39828491210938,525.5652163245346,25.299785614013672,65.69565204056683,False,ok
light_V0399_V_8s_2026_05_20-0034_flat_0p3_late_bias_cal.fits,2461181.695378125,8.0,gaia_774289041901756032_src4,comparison,2041.387437507543,1442.3507498915358,True,0.0,0.0,3,160.99737548828125,497.0718767922645,20.124671936035156,62.13398459903306,False,ok
light_V0399_V_8s_2026_05_20-0034_flat_0p3_late_bias_cal.fits,2461181.695378125,8.0,gaia_774287774887292672_src5,comparison,2033.8085843345157,1080.733577355526,True,0.0,0.0,3,56.88618469238281,466.9099763162503,7.110773086547852,58.36374703953129,False,ok
light_V0399_V_8s_2026_05_20-0034_flat_0p3_late_bias_cal.fits,2461181.695378125,8.0,gaia_774289488578357504_src6,comparison,940.6541235197662,1100.4907732876518,True,0.0,0.0,3,162.78656005859375,409.3980276821649,20.34832000732422,51.174753460270615,False,ok
light_V0399_V_8s_2026_05_20-0034_flat_0p3_late_bias_cal.fits,2461181.695378125,8.0,gaia_774288805679445888_src7,comparison,1944.5979695251317,1351.7388630834228,True,0.0,0.0,3,35.298099517822266,383.33094210135835,4.412262439727783,47.91636776266979,False,ok
light_V0399_V_8s_2026_05_20-0034_flat_0p3_late_bias_cal.fits,2461181.695378125,8.0,gaia_774290626745586944_src8,comparison,1071.4610770076736,1433.9985575432859,True,0.0,0.0,3,2.924236297607422,129.82515370917628,0.36552953720092773,16.228144213647035,False,ok
light_V0399_V_8s_2026_05_20-0034_flat_0p3_late_bias_cal.fits,2461181.695378125,8.0,DN_UMa,check,1866.2722628025044,692.2016928297118,True,0.0,0.0,3,2830821.767578125,7125.219532436308,353852.7209472656,890.6524415545385,True,saturated
light_V0399_V_8s_2026_05_20-0034_flat_0p3_late_bias_cal.fits,2461181.695378125,8.0,HD_103405,comparison,1168.807563427415,156.535493052654,True,0.0,0.0,3,138043.11794662476,453.8278867227231,17255.389743328094,56.72848584034039,False,ok
light_V0399_V_8s_2026_05_20-0034_flat_0p3_late_bias_cal.fits,2461181.695378125,8.0,TYC_3452_787_1,comparison,375.6453142433719,760.6629916735654,True,0.0,0.0,3,183903.53644180298,548.0372695276122,22987.942055225372,68.50465869095153,False,ok
light_V0399_V_8s_2026_05_20-0034_flat_0p3_late_bias_cal.fits,2461181.695378125,8.0,HD_103187,comparison,79.23907842270226,1519.9225592242701,True,0.0,0.0,3,692615.3815002441,1548.8874727470197,86576.92268753052,193.61093409337747,False,ok
light_V0399_V_8s_2026_05_20-0035_flat_0p3_late_bias_cal.fits,2461181.695569792,8.0,target,target,1942.338881239374,636.8485427331002,True,0.0,0.0,3,1919190.7008666992,3916.9439012241946,239898.8376083374,489.61798765302433,False,ok
light_V0399_V_8s_2026_05_20-0035_flat_0p3_late_bias_cal.fits,2461181.695569792,8.0,gaia_774272862760870784_src1,comparison,599.578460791499,258.08586022924334,True,0.0,0.0,3,312.1517333984375,1126.526995486708,39.01896667480469,140.8158744358385,False,ok
light_V0399_V_8s_2026_05_20-0035_flat_0p3_late_bias_cal.fits,2461181.695569792,8.0,gaia_774271076054448768_src2,comparison,1506.7178858234115,321.3162110314761,True,0.0,0.0,3,225.05721282958984,770.1393233391688,28.13215160369873,96.2674154173961,False,ok
light_V0399_V_8s_2026_05_20-0035_flat_0p3_late_bias_cal.fits,2461181.695569792,8.0,gaia_774384016513181696_src3,comparison,390.6121365600256,1254.514788035858,True,0.0,0.0,3,23.078628540039062,513.5434330251433,2.884828567504883,64.19292912814291,False,ok
light_V0399_V_8s_2026_05_20-0035_flat_0p3_late_bias_cal.fits,2461181.695569792,8.0,gaia_774289041901756032_src4,comparison,2041.387437507543,1442.3507498915358,True,0.0,0.0,3,85.41044616699219,478.8917933397175,10.676305770874023,59.861474167464685,False,ok
light_V0399_V_8s_2026_05_20-0035_flat_0p3_late_bias_cal.fits,2461181.695569792,8.0,gaia_774287774887292672_src5,comparison,2033.8085843345157,1080.733577355526,True,0.0,0.0,3,9.691925048828125,457.43130281968996,1.2114906311035156,57.178912852461245,False,ok
light_V0399_V_8s_2026_05_20-0035_flat_0p3_late_bias_cal.fits,2461181.695569792,8.0,gaia_774289488578357504_src6,comparison,940.6541235197662,1100.4907732876518,True,0.0,0.0,3,-28.48369598388672,401.5849530781393,-3.56046199798584,50.19811913476741,False,nonpositive_flux
light_V0399_V_8s_2026_05_20-0035_flat_0p3_late_bias_cal.fits,2461181.695569792,8.0,gaia_774288805679445888_src7,comparison,1944.5979695251317,1351.7388630834228,True,0.0,0.0,3,-31.859569549560547,369.4559060811125,-3.9824461936950684,46.181988260139065,False,nonpositive_flux
light_V0399_V_8s_2026_05_20-0035_flat_0p3_late_bias_cal.fits,2461181.695569792,8.0,gaia_774290626745586944_src8,comparison,1071.4610770076736,1433.9985575432859,True,0.0,0.0,3,-50.08440017700195,137.52193403837617,-6.260550022125244,17.19024175479702,False,nonpositive_flux
light_V0399_V_8s_2026_05_20-0035_flat_0p3_late_bias_cal.fits,2461181.695569792,8.0,DN_UMa,check,1867.613897342744,691.3722126242434,True,0.0,0.0,3,2848441.734100342,7054.039277653754,356055.2167625427,881.7549097067192,True,saturated
light_V0399_V_8s_2026_05_20-0035_flat_0p3_late_bias_cal.fits,2461181.695569792,8.0,HD_103405,comparison,1170.2731913342755,155.5512558560834,True,0.0,0.0,3,136849.76656341553,452.67620668817256,17106.22082042694,56.58452583602157,False,ok
light_V0399_V_8s_2026_05_20-0035_flat_0p3_late_bias_cal.fits,2461181.695569792,8.0,TYC_3452_787_1,comparison,377.01148587506907,759.5498457188261,True,0.0,0.0,3,177774.8600921631,547.8225735542617,22221.857511520386,68.47782169428271,False,ok
light_V0399_V_8s_2026_05_20-0035_flat_0p3_late_bias_cal.fits,2461181.695569792,8.0,HD_103187,comparison,80.67895323949918,1518.616964995963,True,0.0,0.0,3,691303.5812149048,1552.298786346701,86412.9476518631,194.03734829333763,False,ok
light_V0399_V_8s_2026_05_20-0036_flat_0p3_late_bias_cal.fits,2461181.695762153,8.0,target,target,1942.1922601753806,636.9149216970915,True,0.0,0.0,3,2006989.411315918,3750.9104341018387,250873.67641448975,468.86380426272984,False,ok
light_V0399_V_8s_2026_05_20-0036_flat_0p3_late_bias_cal.fits,2461181.695762153,8.0,gaia_774272862760870784_src1,comparison,599.578460791499,258.08586022924334,True,0.0,0.0,3,254.20212936401367,1196.4647559385887,31.77526617050171,149.5580944923236,False,ok
light_V0399_V_8s_2026_05_20-0036_flat_0p3_late_bias_cal.fits,2461181.695762153,8.0,gaia_774271076054448768_src2,comparison,1506.7178858234115,321.3162110314761,True,0.0,0.0,3,143.7113800048828,808.3098577299279,17.96392250061035,101.03873221624099,False,ok
light_V0399_V_8s_2026_05_20-0036_flat_0p3_late_bias_cal.fits,2461181.695762153,8.0,gaia_774384016513181696_src3,comparison,390.6121365600256,1254.514788035858,True,0.0,0.0,3,119.44203186035156,545.4942859968022,14.930253982543945,68.18678574960028,False,ok
light_V0399_V_8s_2026_05_20-0036_flat_0p3_late_bias_cal.fits,2461181.695762153,8.0,gaia_774289041901756032_src4,comparison,2041.387437507543,1442.3507498915358,True,0.0,0.0,3,-3.1964035034179688,505.38464020078965,-0.3995504379272461,63.173080025098706,False,nonpositive_flux
light_V0399_V_8s_2026_05_20-0036_flat_0p3_late_bias_cal.fits,2461181.695762153,8.0,gaia_774287774887292672_src5,comparison,2033.8085843345157,1080.733577355526,True,0.0,0.0,3,-1.6434707641601562,486.5880347420889,-0.20543384552001953,60.82350434276111,False,nonpositive_flux
light_V0399_V_8s_2026_05_20-0036_flat_0p3_late_bias_cal.fits,2461181.695762153,8.0,gaia_774289488578357504_src6,comparison,940.6541235197662,1100.4907732876518,True,0.0,0.0,3,6.209693908691406,434.1614171479876,0.7762117385864258,54.27017714349845,False,ok
light_V0399_V_8s_2026_05_20-0036_flat_0p3_late_bias_cal.fits,2461181.695762153,8.0,gaia_774288805679445888_src7,comparison,1944.5979695251317,1351.7388630834228,True,0.0,0.0,3,58.3045768737793,390.094077560277,7.288072109222412,48.76175969503463,False,ok
light_V0399_V_8s_2026_05_20-0036_flat_0p3_late_bias_cal.fits,2461181.695762153,8.0,gaia_774290626745586944_src8,comparison,1071.4610770076736,1433.9985575432859,True,0.0,0.0,3,-39.06381607055664,139.31503652866067,-4.88297700881958,17.414379566082584,False,nonpositive_flux
light_V0399_V_8s_2026_05_20-0036_flat_0p3_late_bias_cal.fits,2461181.695762153,8.0,DN_UMa,check,1867.4865072060277,691.4348008218667,True,0.0,0.0,3,2925012.1776123047,6669.861634173734,365626.5222015381,833.7327042717168,True,saturated
light_V0399_V_8s_2026_05_20-0036_flat_0p3_late_bias_cal.fits,2461181.695762153,8.0,HD_103405,comparison,1170.1661996524401,155.58773207733321,True,0.0,0.0,3,141846.45735168457,448.55297894712464,17730.80716896057,56.06912236839058,False,ok
light_V0399_V_8s_2026_05_20-0036_flat_0p3_late_bias_cal.fits,2461181.695762153,8.0,TYC_3452_787_1,comparison,376.872066743559,759.7132469930308,True,0.0,0.0,3,186487.5605392456,533.3234060509845,23310.9450674057,66.66542575637307,False,ok
light_V0399_V_8s_2026_05_20-0036_flat_0p3_late_bias_cal.fits,2461181.695762153,8.0,HD_103187,comparison,80.48743436199337,1518.8679986939048,True,0.0,0.0,3,734476.7392578125,1447.3406924683406,91809.59240722656,180.91758655854258,False,ok
light_V0399_V_8s_2026_05_20-0037_flat_0p3_late_bias_cal.fits,2461181.6959542823,8.0,target,target,1941.7423712519662,635.6771845303023,True,0.0,0.0,3,1462990.8361206055,6062.74849725876,182873.85451507568,757.843562157345,False,ok
light_V0399_V_8s_2026_05_20-0037_flat_0p3_late_bias_cal.fits,2461181.6959542823,8.0,gaia_774272862760870784_src1,comparison,599.578460791499,258.08586022924334,True,0.0,0.0,3,753.0879135131836,868.9735440814937,94.13598918914795,108.62169301018672,False,ok
light_V0399_V_8s_2026_05_20-0037_flat_0p3_late_bias_cal.fits,2461181.6959542823,8.0,gaia_774271076054448768_src2,comparison,1506.7178858234115,321.3162110314761,True,0.0,0.0,3,554.1558418273926,581.8472120643758,69.26948022842407,72.73090150804697,False,ok
light_V0399_V_8s_2026_05_20-0037_flat_0p3_late_bias_cal.fits,2461181.6959542823,8.0,gaia_774384016513181696_src3,comparison,390.6121365600256,1254.514788035858,True,0.0,0.0,3,241.3794403076172,387.01970324606674,30.17243003845215,48.37746290575834,False,ok
light_V0399_V_8s_2026_05_20-0037_flat_0p3_late_bias_cal.fits,2461181.6959542823,8.0,gaia_774289041901756032_src4,comparison,2041.387437507543,1442.3507498915358,True,0.0,0.0,3,153.7965202331543,361.5650655101934,19.224565029144287,45.195633188774174,False,ok
light_V0399_V_8s_2026_05_20-0037_flat_0p3_late_bias_cal.fits,2461181.6959542823,8.0,gaia_774287774887292672_src5,comparison,2033.8085843345157,1080.733577355526,True,0.0,0.0,3,204.76344299316406,352.4915709984034,25.595430374145508,44.061446374800425,False,ok
light_V0399_V_8s_2026_05_20-0037_flat_0p3_late_bias_cal.fits,2461181.6959542823,8.0,gaia_774289488578357504_src6,comparison,940.6541235197662,1100.4907732876518,True,0.0,0.0,3,203.11541748046875,305.22192739514355,25.389427185058594,38.152740924392944,False,ok
light_V0399_V_8s_2026_05_20-0037_flat_0p3_late_bias_cal.fits,2461181.6959542823,8.0,gaia_774288805679445888_src7,comparison,1944.5979695251317,1351.7388630834228,True,0.0,0.0,3,69.62778854370117,282.6767952785496,8.703473567962646,35.3345994098187,False,ok
light_V0399_V_8s_2026_05_20-0037_flat_0p3_late_bias_cal.fits,2461181.6959542823,8.0,gaia_774290626745586944_src8,comparison,1071.4610770076736,1433.9985575432859,True,0.0,0.0,3,65.35575103759766,102.87430686526835,8.169468879699707,12.859288358158544,False,ok
light_V0399_V_8s_2026_05_20-0037_flat_0p3_late_bias_cal.fits,2461181.6959542823,8.0,DN_UMa,check,1866.9503837938157,690.2137924964422,True,0.0,0.0,3,2092185.5208740234,9796.806956995571,261523.19010925293,1224.6008696244464,False,ok
light_V0399_V_8s_2026_05_20-0037_flat_0p3_late_bias_cal.fits,2461181.6959542823,8.0,HD_103405,comparison,1169.4571355139212,154.37207479210815,True,0.0,0.0,3,101977.31727600098,519.3007975635492,12747.164659500122,64.91259969544365,False,ok
light_V0399_V_8s_2026_05_20-0037_flat_0p3_late_bias_cal.fits,2461181.6959542823,8.0,TYC_3452_787_1,comparison,376.2422535502757,758.6183751703395,True,0.0,0.0,3,134864.2508544922,661.4656673162059,16858.031356811523,82.68320841452574,False,ok
light_V0399_V_8s_2026_05_20-0037_flat_0p3_late_bias_cal.fits,2461181.6959542823,8.0,HD_103187,comparison,79.96258386540146,1517.8128310745426,True,0.0,0.0,3,501720.28746032715,2265.533660282902,62715.03593254089,283.19170753536275,False,ok
light_V0399_V_8s_2026_05_20-0038_flat_0p3_late_bias_cal.fits,2461181.69614699,8.0,target,target,1941.6735217277144,637.3544710690259,True,0.0,0.0,3,1912548.8563690186,4058.2885381308706,239068.60704612732,507.2860672663588,False,ok
light_V0399_V_8s_2026_05_20-0038_flat_0p3_late_bias_cal.fits,2461181.69614699,8.0,gaia_774272862760870784_src1,comparison,599.578460791499,258.08586022924334,True,0.0,0.0,3,280.8509063720703,1108.9338364263576,35.10636329650879,138.6167295532947,False,ok
light_V0399_V_8s_2026_05_20-0038_flat_0p3_late_bias_cal.fits,2461181.69614699,8.0,gaia_774271076054448768_src2,comparison,1506.7178858234115,321.3162110314761,True,0.0,0.0,3,158.1644630432129,744.0820077376161,19.77055788040161,93.01025096720201,False,ok
light_V0399_V_8s_2026_05_20-0038_flat_0p3_late_bias_cal.fits,2461181.69614699,8.0,gaia_774384016513181696_src3,comparison,390.6121365600256,1254.514788035858,True,0.0,0.0,3,-10.453536987304688,504.4073771395607,-1.306692123413086,63.05092214244509,False,nonpositive_flux
light_V0399_V_8s_2026_05_20-0038_flat_0p3_late_bias_cal.fits,2461181.69614699,8.0,gaia_774289041901756032_src4,comparison,2041.387437507543,1442.3507498915358,True,0.0,0.0,3,11.735698699951172,468.0299635582867,1.4669623374938965,58.503745444785835,False,ok
light_V0399_V_8s_2026_05_20-0038_flat_0p3_late_bias_cal.fits,2461181.69614699,8.0,gaia_774287774887292672_src5,comparison,2033.8085843345157,1080.733577355526,True,0.0,0.0,3,12.296184539794922,446.4225542165511,1.5370230674743652,55.802819277068885,False,ok
light_V0399_V_8s_2026_05_20-0038_flat_0p3_late_bias_cal.fits,2461181.69614699,8.0,gaia_774289488578357504_src6,comparison,940.6541235197662,1100.4907732876518,True,0.0,0.0,3,107.41484832763672,390.8417415505646,13.42685604095459,48.85521769382058,False,ok
light_V0399_V_8s_2026_05_20-0038_flat_0p3_late_bias_cal.fits,2461181.69614699,8.0,gaia_774288805679445888_src7,comparison,1944.5979695251317,1351.7388630834228,True,0.0,0.0,3,-26.228858947753906,353.6170934693709,-3.2786073684692383,44.20213668367136,False,nonpositive_flux
light_V0399_V_8s_2026_05_20-0038_flat_0p3_late_bias_cal.fits,2461181.69614699,8.0,gaia_774290626745586944_src8,comparison,1071.4610770076736,1433.9985575432859,True,0.0,0.0,3,-41.46871566772461,126.6082957155771,-5.183589458465576,15.826036964447137,False,nonpositive_flux
light_V0399_V_8s_2026_05_20-0038_flat_0p3_late_bias_cal.fits,2461181.69614699,8.0,DN_UMa,check,1866.9586723938496,691.8817835974579,True,0.0,0.0,3,2703335.3229370117,7207.956985042595,337916.91536712646,900.9946231303244,False,ok
light_V0399_V_8s_2026_05_20-0038_flat_0p3_late_bias_cal.fits,2461181.69614699,8.0,HD_103405,comparison,1169.4872504742334,156.16567500401172,True,0.0,0.0,3,133263.8876876831,452.7246732964251,16657.98596096039,56.59058416205314,False,ok
light_V0399_V_8s_2026_05_20-0038_flat_0p3_late_bias_cal.fits,2461181.69614699,8.0,TYC_3452_787_1,comparison,376.20457883977076,760.514851589998,True,0.0,0.0,3,177512.8797492981,543.2275173789766,22189.109968662262,67.90343967237207,False,ok
light_V0399_V_8s_2026_05_20-0038_flat_0p3_late_bias_cal.fits,2461181.69614699,8.0,HD_103187,comparison,79.96666262976144,1519.5701796588169,True,0.0,0.0,3,677330.6684951782,1578.9646297773634,84666.33356189728,197.37057872217042,False,ok
light_V0399_V_8s_2026_05_20-0039_flat_0p3_late_bias_cal.fits,2461181.696338542,8.0,target,target,1942.2595565760191,637.1601461061133,True,0.0,0.0,3,1906576.7703552246,3916.9553352304433,238322.09629440308,489.6194169038054,False,ok
light_V0399_V_8s_2026_05_20-0039_flat_0p3_late_bias_cal.fits,2461181.696338542,8.0,gaia_774272862760870784_src1,comparison,599.578460791499,258.08586022924334,True,0.0,0.0,3,299.1943054199219,1130.3386781404345,37.399288177490234,141.2923347675543,False,ok
light_V0399_V_8s_2026_05_20-0039_flat_0p3_late_bias_cal.fits,2461181.696338542,8.0,gaia_774271076054448768_src2,comparison,1506.7178858234115,321.3162110314761,True,0.0,0.0,3,80.8433609008789,763.5425001552484,10.105420112609863,95.44281251940605,False,ok
light_V0399_V_8s_2026_05_20-0039_flat_0p3_late_bias_cal.fits,2461181.696338542,8.0,gaia_774384016513181696_src3,comparison,390.6121365600256,1254.514788035858,True,0.0,0.0,3,15.138381958007812,513.7727929055097,1.8922977447509766,64.22159911318872,False,ok
light_V0399_V_8s_2026_05_20-0039_flat_0p3_late_bias_cal.fits,2461181.696338542,8.0,gaia_774289041901756032_src4,comparison,2041.387437507543,1442.3507498915358,True,0.0,0.0,3,37.87447738647461,477.0566001114977,4.734309673309326,59.63207501393721,False,ok
light_V0399_V_8s_2026_05_20-0039_flat_0p3_late_bias_cal.fits,2461181.696338542,8.0,gaia_774287774887292672_src5,comparison,2033.8085843345157,1080.733577355526,True,0.0,0.0,3,-4.374019622802734,451.7482673977018,-0.5467524528503418,56.468533424712724,False,nonpositive_flux
light_V0399_V_8s_2026_05_20-0039_flat_0p3_late_bias_cal.fits,2461181.696338542,8.0,gaia_774289488578357504_src6,comparison,940.6541235197662,1100.4907732876518,True,0.0,0.0,3,-6.451129913330078,393.72573038680815,-0.8063912391662598,49.21571629835102,False,nonpositive_flux
light_V0399_V_8s_2026_05_20-0039_flat_0p3_late_bias_cal.fits,2461181.696338542,8.0,gaia_774288805679445888_src7,comparison,1944.5979695251317,1351.7388630834228,True,0.0,0.0,3,-83.22449111938477,363.93199244198354,-10.403061389923096,45.49149905524794,False,nonpositive_flux
light_V0399_V_8s_2026_05_20-0039_flat_0p3_late_bias_cal.fits,2461181.696338542,8.0,gaia_774290626745586944_src8,comparison,1071.4610770076736,1433.9985575432859,True,0.0,0.0,3,-15.821697235107422,130.78275124764204,-1.9777121543884277,16.347843905955255,False,nonpositive_flux
light_V0399_V_8s_2026_05_20-0039_flat_0p3_late_bias_cal.fits,2461181.696338542,8.0,DN_UMa,check,1867.5244593654886,691.7106898189119,True,0.0,0.0,3,2818271.20703125,7131.793437479301,352283.90087890625,891.4741796849127,True,saturated
light_V0399_V_8s_2026_05_20-0039_flat_0p3_late_bias_cal.fits,2461181.696338542,8.0,HD_103405,comparison,1170.1626796066048,156.00008669451208,True,0.0,0.0,3,132744.37007141113,448.04840559933183,16593.04625892639,56.00605069991648,False,ok
light_V0399_V_8s_2026_05_20-0039_flat_0p3_late_bias_cal.fits,2461181.696338542,8.0,TYC_3452_787_1,comparison,376.9930665859764,760.3073852764711,True,0.0,0.0,3,175668.34356689453,537.2225666623247,21958.542945861816,67.15282083279058,False,ok
light_V0399_V_8s_2026_05_20-0039_flat_0p3_late_bias_cal.fits,2461181.696338542,8.0,HD_103187,comparison,80.85722888763482,1519.4871446696081,True,0.0,0.0,3,689939.7590332031,1513.4715517674804,86242.46987915039,189.18394397093505,False,ok
light_V0399_V_8s_2026_05_20-0040_flat_0p3_late_bias_cal.fits,2461181.6965310187,8.0,target,target,1943.4279895774694,636.7327176588018,True,0.0,0.0,3,2136216.839782715,3643.290144007662,267027.10497283936,455.41126800095776,False,ok
light_V0399_V_8s_2026_05_20-0040_flat_0p3_late_bias_cal.fits,2461181.6965310187,8.0,gaia_774272862760870784_src1,comparison,599.578460791499,258.08586022924334,True,0.0,0.0,3,177.04602432250977,1248.2706638974953,22.13075304031372,156.0338329871869,False,ok
light_V0399_V_8s_2026_05_20-0040_flat_0p3_late_bias_cal.fits,2461181.6965310187,8.0,gaia_774271076054448768_src2,comparison,1506.7178858234115,321.3162110314761,True,0.0,0.0,3,110.12230682373047,838.5769951534116,13.765288352966309,104.82212439417646,False,ok
light_V0399_V_8s_2026_05_20-0040_flat_0p3_late_bias_cal.fits,2461181.6965310187,8.0,gaia_774384016513181696_src3,comparison,390.6121365600256,1254.514788035858,True,0.0,0.0,3,-8.918865203857422,571.1183229984467,-1.1148581504821777,71.38979037480584,False,nonpositive_flux
light_V0399_V_8s_2026_05_20-0040_flat_0p3_late_bias_cal.fits,2461181.6965310187,8.0,gaia_774289041901756032_src4,comparison,2041.387437507543,1442.3507498915358,True,0.0,0.0,3,-36.56851577758789,519.3572860830475,-4.571064472198486,64.91966076038094,False,nonpositive_flux
light_V0399_V_8s_2026_05_20-0040_flat_0p3_late_bias_cal.fits,2461181.6965310187,8.0,gaia_774287774887292672_src5,comparison,2033.8085843345157,1080.733577355526,True,0.0,0.0,3,-87.32666015625,496.95529197899106,-10.91583251953125,62.11941149737388,False,nonpositive_flux
light_V0399_V_8s_2026_05_20-0040_flat_0p3_late_bias_cal.fits,2461181.6965310187,8.0,gaia_774289488578357504_src6,comparison,940.6541235197662,1100.4907732876518,True,0.0,0.0,3,-86.08181381225586,439.47736081375575,-10.760226726531982,54.93467010171947,False,nonpositive_flux
light_V0399_V_8s_2026_05_20-0040_flat_0p3_late_bias_cal.fits,2461181.6965310187,8.0,gaia_774288805679445888_src7,comparison,1944.5979695251317,1351.7388630834228,True,0.0,0.0,3,-85.06584548950195,400.0176520770574,-10.633230686187744,50.002206509632174,False,nonpositive_flux
light_V0399_V_8s_2026_05_20-0040_flat_0p3_late_bias_cal.fits,2461181.6965310187,8.0,gaia_774290626745586944_src8,comparison,1071.4610770076736,1433.9985575432859,True,0.0,0.0,3,12.453964233398438,149.18227703413007,1.5567455291748047,18.64778462926626,False,ok
light_V0399_V_8s_2026_05_20-0040_flat_0p3_late_bias_cal.fits,2461181.6965310187,8.0,DN_UMa,check,1868.749214704127,691.249133436461,True,0.0,0.0,3,3028324.069519043,6771.901804659647,378540.5086898804,846.4877255824558,True,saturated
light_V0399_V_8s_2026_05_20-0040_flat_0p3_late_bias_cal.fits,2461181.6965310187,8.0,HD_103405,comparison,1171.2358493575518,155.50286569551108,True,0.0,0.0,3,149087.51007080078,452.6026116437447,18635.938758850098,56.57532645546809,False,ok
light_V0399_V_8s_2026_05_20-0040_flat_0p3_late_bias_cal.fits,2461181.6965310187,8.0,TYC_3452_787_1,comparison,378.0777754974501,759.8812348469548,True,0.0,0.0,3,193221.2977294922,531.3712782232253,24152.662216186523,66.42140977790316,False,ok
light_V0399_V_8s_2026_05_20-0040_flat_0p3_late_bias_cal.fits,2461181.6965310187,8.0,HD_103187,comparison,81.7554391016974,1519.0767174449281,True,0.0,0.0,3,751309.9245605469,1442.1379981930447,93913.74057006836,180.2672497741306,False,ok
light_V0399_V_8s_2026_05_20-0041_flat_0p3_late_bias_cal.fits,2461181.696722801,8.0,target,target,1943.622703724922,637.288284700387,True,0.0,0.0,3,2024133.9194335938,3814.707885829689,253016.73992919922,476.83848572871113,False,ok
light_V0399_V_8s_2026_05_20-0041_flat_0p3_late_bias_cal.fits,2461181.696722801,8.0,gaia_774272862760870784_src1,comparison,599.578460791499,258.08586022924334,True,0.0,0.0,3,172.06338500976562,1139.577765153689,21.507923126220703,142.44722064421111,False,ok
light_V0399_V_8s_2026_05_20-0041_flat_0p3_late_bias_cal.fits,2461181.696722801,8.0,gaia_774271076054448768_src2,comparison,1506.7178858234115,321.3162110314761,True,0.0,0.0,3,39.75233840942383,780.5825853305486,4.9690423011779785,97.57282316631857,False,ok
light_V0399_V_8s_2026_05_20-0041_flat_0p3_late_bias_cal.fits,2461181.696722801,8.0,gaia_774384016513181696_src3,comparison,390.6121365600256,1254.514788035858,True,0.0,0.0,3,-44.561744689941406,512.9011157392339,-5.570218086242676,64.11263946740424,False,nonpositive_flux
light_V0399_V_8s_2026_05_20-0041_flat_0p3_late_bias_cal.fits,2461181.696722801,8.0,gaia_774289041901756032_src4,comparison,2041.387437507543,1442.3507498915358,True,0.0,0.0,3,-65.09518432617188,467.3078860723687,-8.136898040771484,58.41348575904609,False,nonpositive_flux
light_V0399_V_8s_2026_05_20-0041_flat_0p3_late_bias_cal.fits,2461181.696722801,8.0,gaia_774287774887292672_src5,comparison,2033.8085843345157,1080.733577355526,True,0.0,0.0,3,-19.218338012695312,453.47581741137236,-2.402292251586914,56.684477176421545,False,nonpositive_flux
light_V0399_V_8s_2026_05_20-0041_flat_0p3_late_bias_cal.fits,2461181.696722801,8.0,gaia_774289488578357504_src6,comparison,940.6541235197662,1100.4907732876518,True,0.0,0.0,3,-27.321292877197266,405.29153589240906,-3.415161609649658,50.66144198655113,False,nonpositive_flux
light_V0399_V_8s_2026_05_20-0041_flat_0p3_late_bias_cal.fits,2461181.696722801,8.0,gaia_774288805679445888_src7,comparison,1944.5979695251317,1351.7388630834228,True,0.0,0.0,3,19.823463439941406,367.76899568782255,2.477932929992676,45.97112446097782,False,ok
light_V0399_V_8s_2026_05_20-0041_flat_0p3_late_bias_cal.fits,2461181.696722801,8.0,gaia_774290626745586944_src8,comparison,1071.4610770076736,1433.9985575432859,True,0.0,0.0,3,-51.2464485168457,138.90842410796517,-6.405806064605713,17.363553013495647,False,nonpositive_flux
light_V0399_V_8s_2026_05_20-0041_flat_0p3_late_bias_cal.fits,2461181.696722801,8.0,DN_UMa,check,1868.977550301147,691.8383197972513,True,0.0,0.0,3,2873820.057861328,7214.572471465655,359227.507232666,901.8215589332069,True,saturated
light_V0399_V_8s_2026_05_20-0041_flat_0p3_late_bias_cal.fits,2461181.696722801,8.0,HD_103405,comparison,1171.346821161186,156.10931166780477,True,0.0,0.0,3,140847.93256378174,450.18539076995614,17605.991570472717,56.27317384624452,False,ok
light_V0399_V_8s_2026_05_20-0041_flat_0p3_late_bias_cal.fits,2461181.696722801,8.0,TYC_3452_787_1,comparison,378.2571740968204,760.4907975345407,True,0.0,0.0,3,189027.28771972656,549.0735970439597,23628.41096496582,68.63419963049496,False,ok
light_V0399_V_8s_2026_05_20-0041_flat_0p3_late_bias_cal.fits,2461181.696722801,8.0,HD_103187,comparison,82.0813219837901,1519.7228694075693,True,0.0,0.0,3,706043.5123596191,1583.2427937178306,88255.43904495239,197.90534921472883,False,ok
light_V0399_V_8s_2026_05_20-0042_flat_0p3_late_bias_cal.fits,2461181.696914352,8.0,target,target,1944.7633840398962,638.1035561115207,True,0.0,0.0,3,1776410.7541809082,4481.120957060271,222051.34427261353,560.1401196325339,False,ok
light_V0399_V_8s_2026_05_20-0042_flat_0p3_late_bias_cal.fits,2461181.696914352,8.0,gaia_774272862760870784_src1,comparison,599.578460791499,258.08586022924334,True,0.0,0.0,3,67.64081573486328,879.9822083717033,8.45510196685791,109.99777604646292,False,ok
light_V0399_V_8s_2026_05_20-0042_flat_0p3_late_bias_cal.fits,2461181.696914352,8.0,gaia_774271076054448768_src2,comparison,1506.7178858234115,321.3162110314761,True,0.0,0.0,3,18.08373260498047,623.8528643089893,2.2604665756225586,77.98160803862366,False,ok
light_V0399_V_8s_2026_05_20-0042_flat_0p3_late_bias_cal.fits,2461181.696914352,8.0,gaia_774384016513181696_src3,comparison,390.6121365600256,1254.514788035858,True,0.0,0.0,3,-48.743896484375,401.0071341317208,-6.092987060546875,50.1258917664651,False,nonpositive_flux
light_V0399_V_8s_2026_05_20-0042_flat_0p3_late_bias_cal.fits,2461181.696914352,8.0,gaia_774289041901756032_src4,comparison,2041.387437507543,1442.3507498915358,True,0.0,0.0,3,-93.41690826416016,367.5912549743462,-11.67711353302002,45.94890687179328,False,nonpositive_flux
light_V0399_V_8s_2026_05_20-0042_flat_0p3_late_bias_cal.fits,2461181.696914352,8.0,gaia_774287774887292672_src5,comparison,2033.8085843345157,1080.733577355526,True,0.0,0.0,3,-11.277973175048828,369.75804910459976,-1.4097466468811035,46.21975613807497,False,nonpositive_flux
light_V0399_V_8s_2026_05_20-0042_flat_0p3_late_bias_cal.fits,2461181.696914352,8.0,gaia_774289488578357504_src6,comparison,940.6541235197662,1100.4907732876518,True,0.0,0.0,3,-35.310855865478516,322.3594262752104,-4.4138569831848145,40.2949282844013,False,nonpositive_flux
light_V0399_V_8s_2026_05_20-0042_flat_0p3_late_bias_cal.fits,2461181.696914352,8.0,gaia_774288805679445888_src7,comparison,1944.5979695251317,1351.7388630834228,True,0.0,0.0,3,-143.972412109375,281.28470910957793,-17.996551513671875,35.16058863869724,False,nonpositive_flux
light_V0399_V_8s_2026_05_20-0042_flat_0p3_late_bias_cal.fits,2461181.696914352,8.0,gaia_774290626745586944_src8,comparison,1071.4610770076736,1433.9985575432859,True,0.0,0.0,3,-68.74826049804688,119.33602967744287,-8.59353256225586,14.917003709680358,False,nonpositive_flux
light_V0399_V_8s_2026_05_20-0042_flat_0p3_late_bias_cal.fits,2461181.696914352,8.0,DN_UMa,check,1870.0177561934227,692.6395629105294,True,0.0,0.0,3,2575903.545654297,7976.513979689798,321987.9432067871,997.0642474612248,False,ok
light_V0399_V_8s_2026_05_20-0042_flat_0p3_late_bias_cal.fits,2461181.696914352,8.0,HD_103405,comparison,1172.3797723392452,157.05418865555393,True,0.0,0.0,3,122992.51009368896,471.87766402653114,15374.06376171112,58.98470800331639,False,ok
light_V0399_V_8s_2026_05_20-0042_flat_0p3_late_bias_cal.fits,2461181.696914352,8.0,TYC_3452_787_1,comparison,379.34706791452993,761.208988711228,True,0.0,0.0,3,162425.4931640625,578.9802053987402,20303.186645507812,72.37252567484252,False,ok
light_V0399_V_8s_2026_05_20-0042_flat_0p3_late_bias_cal.fits,2461181.696914352,8.0,HD_103187,comparison,83.16896780741502,1520.4362796308262,True,0.0,0.0,3,616587.3424224854,1762.5984979405262,77073.41780281067,220.32481224256577,False,ok
light_V0399_V_8s_2026_05_20-0043_flat_0p3_late_bias_cal.fits,2461181.697106134,8.0,target,target,1945.059820502258,637.2917856912591,True,0.0,0.0,3,1952861.9760742188,4009.7634881400368,244107.74700927734,501.2204360175046,False,ok
light_V0399_V_8s_2026_05_20-0043_flat_0p3_late_bias_cal.fits,2461181.697106134,8.0,gaia_774272862760870784_src1,comparison,599.578460791499,258.08586022924334,True,0.0,0.0,3,21.340816497802734,980.9238053063293,2.667602062225342,122.61547566329116,False,ok
light_V0399_V_8s_2026_05_20-0043_flat_0p3_late_bias_cal.fits,2461181.697106134,8.0,gaia_774271076054448768_src2,comparison,1506.7178858234115,321.3162110314761,True,0.0,0.0,3,60.64701843261719,684.7565704031653,7.580877304077148,85.59457130039566,False,ok
light_V0399_V_8s_2026_05_20-0043_flat_0p3_late_bias_cal.fits,2461181.697106134,8.0,gaia_774384016513181696_src3,comparison,390.6121365600256,1254.514788035858,True,0.0,0.0,3,-192.14601516723633,475.3075085191705,-24.01825189590454,59.41343856489631,False,nonpositive_flux
light_V0399_V_8s_2026_05_20-0043_flat_0p3_late_bias_cal.fits,2461181.697106134,8.0,gaia_774289041901756032_src4,comparison,2041.387437507543,1442.3507498915358,True,0.0,0.0,3,-166.24273681640625,419.5872355580316,-20.78034210205078,52.44840444475395,False,nonpositive_flux
light_V0399_V_8s_2026_05_20-0043_flat_0p3_late_bias_cal.fits,2461181.697106134,8.0,gaia_774287774887292672_src5,comparison,2033.8085843345157,1080.733577355526,True,0.0,0.0,3,-47.496192932128906,406.89816060727907,-5.937024116516113,50.86227007590988,False,nonpositive_flux
light_V0399_V_8s_2026_05_20-0043_flat_0p3_late_bias_cal.fits,2461181.697106134,8.0,gaia_774289488578357504_src6,comparison,940.6541235197662,1100.4907732876518,True,0.0,0.0,3,-105.24412155151367,369.29155355614165,-13.155515193939209,46.161444194517706,False,nonpositive_flux
light_V0399_V_8s_2026_05_20-0043_flat_0p3_late_bias_cal.fits,2461181.697106134,8.0,gaia_774288805679445888_src7,comparison,1944.5979695251317,1351.7388630834228,True,0.0,0.0,3,-161.84153747558594,324.69156391005936,-20.230192184448242,40.58644548875742,False,nonpositive_flux
light_V0399_V_8s_2026_05_20-0043_flat_0p3_late_bias_cal.fits,2461181.697106134,8.0,gaia_774290626745586944_src8,comparison,1071.4610770076736,1433.9985575432859,True,0.0,0.0,3,-108.27352523803711,134.63392578673043,-13.534190654754639,16.829240723341304,False,nonpositive_flux
light_V0399_V_8s_2026_05_20-0043_flat_0p3_late_bias_cal.fits,2461181.697106134,8.0,DN_UMa,check,1870.3827307125614,691.8290999439855,True,0.0,0.0,3,2868102.438354492,7419.2971931634,358512.8047943115,927.412149145425,True,saturated
light_V0399_V_8s_2026_05_20-0043_flat_0p3_late_bias_cal.fits,2461181.697106134,8.0,HD_103405,comparison,1173.043619766724,156.0400685282406,True,0.0,0.0,3,134038.4546546936,449.38199884148264,16754.8068318367,56.17274985518533,False,ok
light_V0399_V_8s_2026_05_20-0043_flat_0p3_late_bias_cal.fits,2461181.697106134,8.0,TYC_3452_787_1,comparison,379.7224175472418,760.2657771953523,True,0.0,0.0,3,183631.28114318848,541.8092948789351,22953.91014289856,67.72616185986689,False,ok
light_V0399_V_8s_2026_05_20-0043_flat_0p3_late_bias_cal.fits,2461181.697106134,8.0,HD_103187,comparison,83.4101469891509,1519.3617754522465,True,0.0,0.0,3,712031.6999511719,1502.545042283649,89003.96249389648,187.81813028545614,False,ok
light_V0399_V_8s_2026_05_20-0044_flat_0p3_late_bias_cal.fits,2461181.6972972224,8.0,target,target,1945.6525668515421,638.2297021289658,True,0.0,0.0,3,1909943.8852539062,4194.736709296689,238742.98565673828,524.3420886620861,False,ok
light_V0399_V_8s_2026_05_20-0044_flat_0p3_late_bias_cal.fits,2461181.6972972224,8.0,gaia_774272862760870784_src1,comparison,599.578460791499,258.08586022924334,True,0.0,0.0,3,-67.8206787109375,849.150762961772,-8.477584838867188,106.1438453702215,False,nonpositive_flux
light_V0399_V_8s_2026_05_20-0044_flat_0p3_late_bias_cal.fits,2461181.6972972224,8.0,gaia_774271076054448768_src2,comparison,1506.7178858234115,321.3162110314761,True,0.0,0.0,3,-46.98035430908203,592.0636347530117,-5.872544288635254,74.00795434412646,False,nonpositive_flux
light_V0399_V_8s_2026_05_20-0044_flat_0p3_late_bias_cal.fits,2461181.6972972224,8.0,gaia_774384016513181696_src3,comparison,390.6121365600256,1254.514788035858,True,0.0,0.0,3,-153.80108642578125,412.0341703474651,-19.225135803222656,51.504271293433135,False,nonpositive_flux
light_V0399_V_8s_2026_05_20-0044_flat_0p3_late_bias_cal.fits,2461181.6972972224,8.0,gaia_774289041901756032_src4,comparison,2041.387437507543,1442.3507498915358,True,0.0,0.0,3,-106.0686264038086,348.4191741733219,-13.258578300476074,43.55239677166524,False,nonpositive_flux
light_V0399_V_8s_2026_05_20-0044_flat_0p3_late_bias_cal.fits,2461181.6972972224,8.0,gaia_774287774887292672_src5,comparison,2033.8085843345157,1080.733577355526,True,0.0,0.0,3,-54.117919921875,356.33791016313063,-6.764739990234375,44.54223877039133,False,nonpositive_flux
light_V0399_V_8s_2026_05_20-0044_flat_0p3_late_bias_cal.fits,2461181.6972972224,8.0,gaia_774289488578357504_src6,comparison,940.6541235197662,1100.4907732876518,True,0.0,0.0,3,-11.503799438476562,320.66777745444733,-1.4379749298095703,40.08347218180592,False,nonpositive_flux
light_V0399_V_8s_2026_05_20-0044_flat_0p3_late_bias_cal.fits,2461181.6972972224,8.0,gaia_774288805679445888_src7,comparison,1944.5979695251317,1351.7388630834228,True,0.0,0.0,3,-166.20934295654297,276.47591284133443,-20.77616786956787,34.559489105166804,False,nonpositive_flux
light_V0399_V_8s_2026_05_20-0044_flat_0p3_late_bias_cal.fits,2461181.6972972224,8.0,gaia_774290626745586944_src8,comparison,1071.4610770076736,1433.9985575432859,True,0.0,0.0,3,-174.6331558227539,119.24172409241427,-21.82914447784424,14.905215511551784,False,nonpositive_flux
light_V0399_V_8s_2026_05_20-0044_flat_0p3_late_bias_cal.fits,2461181.6972972224,8.0,DN_UMa,check,1870.9120012910507,692.7678705156225,True,0.0,0.0,3,2737385.1352539062,8012.586143099295,342173.1419067383,1001.5732678874119,False,ok
light_V0399_V_8s_2026_05_20-0044_flat_0p3_late_bias_cal.fits,2461181.6972972224,8.0,HD_103405,comparison,1173.5684762950043,156.94996172622467,True,0.0,0.0,3,133770.33152008057,457.61237520779684,16721.29144001007,57.201546900974606,False,ok
light_V0399_V_8s_2026_05_20-0044_flat_0p3_late_bias_cal.fits,2461181.6972972224,8.0,TYC_3452_787_1,comparison,380.3312887121798,761.183666452024,True,0.0,0.0,3,174196.15994644165,552.6239660381295,21774.519993305206,69.07799575476619,False,ok
light_V0399_V_8s_2026_05_20-0044_flat_0p3_late_bias_cal.fits,2461181.6972972224,8.0,HD_103187,comparison,84.07690518204589,1520.3083753364813,True,0.0,0.0,3,662570.0676574707,1624.0902674068925,82821.25845718384,203.01128342586156,False,ok
light_V0399_V_8s_2026_05_20-0045_flat_0p3_late_bias_cal.fits,2461181.6974885417,8.0,target,target,1945.6481884133912,638.5596825024047,True,0.0,0.0,3,1841600.5190429688,4280.985604172695,230200.0648803711,535.1232005215869,False,ok
light_V0399_V_8s_2026_05_20-0045_flat_0p3_late_bias_cal.fits,2461181.6974885417,8.0,gaia_774272862760870784_src1,comparison,599.578460791499,258.08586022924334,True,0.0,0.0,3,-15.628692626953125,806.0635535479222,-1.9535865783691406,100.75794419349027,False,nonpositive_flux
light_V0399_V_8s_2026_05_20-0045_flat_0p3_late_bias_cal.fits,2461181.6974885417,8.0,gaia_774271076054448768_src2,comparison,1506.7178858234115,321.3162110314761,True,0.0,0.0,3,-6.027275085449219,555.8865228420489,-0.7534093856811523,69.48581535525611,False,nonpositive_flux
light_V0399_V_8s_2026_05_20-0045_flat_0p3_late_bias_cal.fits,2461181.6974885417,8.0,gaia_774384016513181696_src3,comparison,390.6121365600256,1254.514788035858,True,0.0,0.0,3,-75.54558944702148,376.32451065916115,-9.443198680877686,47.040563832395144,False,nonpositive_flux
light_V0399_V_8s_2026_05_20-0045_flat_0p3_late_bias_cal.fits,2461181.6974885417,8.0,gaia_774289041901756032_src4,comparison,2041.387437507543,1442.3507498915358,True,0.0,0.0,3,-93.70209503173828,327.33906479614296,-11.712761878967285,40.91738309951787,False,nonpositive_flux
light_V0399_V_8s_2026_05_20-0045_flat_0p3_late_bias_cal.fits,2461181.6974885417,8.0,gaia_774287774887292672_src5,comparison,2033.8085843345157,1080.733577355526,True,0.0,0.0,3,-149.4932098388672,329.84365004373757,-18.6866512298584,41.230456255467196,False,nonpositive_flux
light_V0399_V_8s_2026_05_20-0045_flat_0p3_late_bias_cal.fits,2461181.6974885417,8.0,gaia_774289488578357504_src6,comparison,940.6541235197662,1100.4907732876518,True,0.0,0.0,3,35.60869598388672,295.67900281122974,4.45108699798584,36.95987535140372,False,ok
light_V0399_V_8s_2026_05_20-0045_flat_0p3_late_bias_cal.fits,2461181.6974885417,8.0,gaia_774288805679445888_src7,comparison,1944.5979695251317,1351.7388630834228,True,0.0,0.0,3,-114.01017761230469,252.12125780329362,-14.251272201538086,31.515157225411702,False,nonpositive_flux
light_V0399_V_8s_2026_05_20-0045_flat_0p3_late_bias_cal.fits,2461181.6974885417,8.0,gaia_774290626745586944_src8,comparison,1071.4610770076736,1433.9985575432859,True,0.0,0.0,3,-155.32789993286133,116.00598874817109,-19.415987491607666,14.500748593521386,False,nonpositive_flux
light_V0399_V_8s_2026_05_20-0045_flat_0p3_late_bias_cal.fits,2461181.6974885417,8.0,DN_UMa,check,1870.9464318726984,693.090464037652,True,0.0,0.0,3,2599692.787963867,7882.7632813639875,324961.5984954834,985.3454101704984,False,ok
light_V0399_V_8s_2026_05_20-0045_flat_0p3_late_bias_cal.fits,2461181.6974885417,8.0,HD_103405,comparison,1173.557712998598,157.36446703460106,True,0.0,0.0,3,129104.79398345947,454.794644398779,16138.099247932434,56.84933054984737,False,ok
light_V0399_V_8s_2026_05_20-0045_flat_0p3_late_bias_cal.fits,2461181.6974885417,8.0,TYC_3452_787_1,comparison,380.3486200556978,761.4483347899459,True,0.0,0.0,3,171190.59814453125,558.7977191212649,21398.824768066406,69.84971489015811,False,ok
light_V0399_V_8s_2026_05_20-0045_flat_0p3_late_bias_cal.fits,2461181.6974885417,8.0,HD_103187,comparison,84.02182171391111,1520.684905550662,True,0.0,0.0,3,640680.0246276855,1645.4296870205771,80085.0030784607,205.67871087757214,False,ok
light_V0399_V_8s_2026_05_20-0046_flat_0p3_late_bias_cal.fits,2461181.697679977,8.0,target,target,1946.1585709762467,639.589767931937,True,0.0,0.0,3,1879330.4868469238,4172.2814379313295,234916.31085586548,521.5351797414162,False,ok
light_V0399_V_8s_2026_05_20-0046_flat_0p3_late_bias_cal.fits,2461181.697679977,8.0,gaia_774272862760870784_src1,comparison,599.578460791499,258.08586022924334,True,0.0,0.0,3,-56.667396545410156,728.1412783431535,-7.0834245681762695,91.0176597928942,False,nonpositive_flux
light_V0399_V_8s_2026_05_20-0046_flat_0p3_late_bias_cal.fits,2461181.697679977,8.0,gaia_774271076054448768_src2,comparison,1506.7178858234115,321.3162110314761,True,0.0,0.0,3,-72.92810821533203,508.13588895301024,-9.116013526916504,63.51698611912628,False,nonpositive_flux
light_V0399_V_8s_2026_05_20-0046_flat_0p3_late_bias_cal.fits,2461181.697679977,8.0,gaia_774384016513181696_src3,comparison,390.6121365600256,1254.514788035858,True,0.0,0.0,3,-217.57189559936523,331.6698484294859,-27.196486949920654,41.45873105368574,False,nonpositive_flux
light_V0399_V_8s_2026_05_20-0046_flat_0p3_late_bias_cal.fits,2461181.697679977,8.0,gaia_774289041901756032_src4,comparison,2041.387437507543,1442.3507498915358,True,0.0,0.0,3,-140.63976669311523,279.57532118901315,-17.579970836639404,34.946915148626644,False,nonpositive_flux
light_V0399_V_8s_2026_05_20-0046_flat_0p3_late_bias_cal.fits,2461181.697679977,8.0,gaia_774287774887292672_src5,comparison,2033.8085843345157,1080.733577355526,True,0.0,0.0,3,-69.73981857299805,292.1211130463138,-8.717477321624756,36.51513913078922,False,nonpositive_flux
light_V0399_V_8s_2026_05_20-0046_flat_0p3_late_bias_cal.fits,2461181.697679977,8.0,gaia_774289488578357504_src6,comparison,940.6541235197662,1100.4907732876518,True,0.0,0.0,3,-151.7659149169922,271.6874292983932,-18.970739364624023,33.96092866229915,False,nonpositive_flux
light_V0399_V_8s_2026_05_20-0046_flat_0p3_late_bias_cal.fits,2461181.697679977,8.0,gaia_774288805679445888_src7,comparison,1944.5979695251317,1351.7388630834228,True,0.0,0.0,3,-34.86320495605469,222.1243106649058,-4.357900619506836,27.765538833113226,False,nonpositive_flux
light_V0399_V_8s_2026_05_20-0046_flat_0p3_late_bias_cal.fits,2461181.697679977,8.0,gaia_774290626745586944_src8,comparison,1071.4610770076736,1433.9985575432859,True,0.0,0.0,3,-78.90793991088867,107.67685816833139,-9.863492488861084,13.459607271041424,False,nonpositive_flux
light_V0399_V_8s_2026_05_20-0046_flat_0p3_late_bias_cal.fits,2461181.697679977,8.0,DN_UMa,check,1871.4756176145859,694.095961479415,True,0.0,0.0,3,2765247.6977539062,7578.025425924312,345655.9622192383,947.253178240539,True,saturated
light_V0399_V_8s_2026_05_20-0046_flat_0p3_late_bias_cal.fits,2461181.697679977,8.0,HD_103405,comparison,1173.9424696979986,158.40610341713347,True,0.0,0.0,3,131434.80810928345,461.6885874685633,16429.35101366043,57.71107343357041,False,ok
light_V0399_V_8s_2026_05_20-0046_flat_0p3_late_bias_cal.fits,2461181.697679977,8.0,TYC_3452_787_1,comparison,380.7717164083189,762.747039779291,True,0.0,0.0,3,173047.80667114258,550.2012867959654,21630.975833892822,68.77516084949568,False,ok
light_V0399_V_8s_2026_05_20-0046_flat_0p3_late_bias_cal.fits,2461181.697679977,8.0,HD_103187,comparison,84.71433651742245,1521.9476049572486,True,0.0,0.0,3,651717.9824066162,1607.5080103077119,81464.74780082703,200.93850128846398,False,ok
light_V0399_V_8s_2026_05_20-0047_flat_0p3_late_bias_cal.fits,2461181.6978716436,8.0,target,target,1948.0334944277508,639.1275278662553,True,0.0,0.0,3,1808837.2031860352,4360.626168728513,226104.6503982544,545.0782710910642,False,ok
light_V0399_V_8s_2026_05_20-0047_flat_0p3_late_bias_cal.fits,2461181.6978716436,8.0,gaia_774272862760870784_src1,comparison,599.578460791499,258.08586022924334,True,0.0,0.0,3,-148.66860580444336,441.64569296251995,-18.58357572555542,55.20571162031499,False,nonpositive_flux
light_V0399_V_8s_2026_05_20-0047_flat_0p3_late_bias_cal.fits,2461181.6978716436,8.0,gaia_774271076054448768_src2,comparison,1506.7178858234115,321.3162110314761,True,0.0,0.0,3,-116.36235809326172,344.7529703856733,-14.545294761657715,43.09412129820916,False,nonpositive_flux
light_V0399_V_8s_2026_05_20-0047_flat_0p3_late_bias_cal.fits,2461181.6978716436,8.0,gaia_774384016513181696_src3,comparison,390.6121365600256,1254.514788035858,True,0.0,0.0,3,-182.15979385375977,225.6345582006495,-22.76997423171997,28.20431977508119,False,nonpositive_flux
light_V0399_V_8s_2026_05_20-0047_flat_0p3_late_bias_cal.fits,2461181.6978716436,8.0,gaia_774289041901756032_src4,comparison,2041.387437507543,1442.3507498915358,True,0.0,0.0,3,-112.71732711791992,194.16879589816344,-14.08966588973999,24.27109948727043,False,nonpositive_flux
light_V0399_V_8s_2026_05_20-0047_flat_0p3_late_bias_cal.fits,2461181.6978716436,8.0,gaia_774287774887292672_src5,comparison,2033.8085843345157,1080.733577355526,True,0.0,0.0,3,-21.85308074951172,201.47781562334941,-2.731635093688965,25.184726952918677,False,nonpositive_flux
light_V0399_V_8s_2026_05_20-0047_flat_0p3_late_bias_cal.fits,2461181.6978716436,8.0,gaia_774289488578357504_src6,comparison,940.6541235197662,1100.4907732876518,True,0.0,0.0,3,-137.89044570922852,174.96211814438365,-17.236305713653564,21.870264768047956,False,nonpositive_flux
light_V0399_V_8s_2026_05_20-0047_flat_0p3_late_bias_cal.fits,2461181.6978716436,8.0,gaia_774288805679445888_src7,comparison,1944.5979695251317,1351.7388630834228,True,0.0,0.0,3,-131.36872100830078,151.48433297799198,-16.421090126037598,18.935541622248998,False,nonpositive_flux
light_V0399_V_8s_2026_05_20-0047_flat_0p3_late_bias_cal.fits,2461181.6978716436,8.0,gaia_774290626745586944_src8,comparison,1071.4610770076736,1433.9985575432859,True,0.0,0.0,3,-53.27067947387695,82.16014055156721,-6.658834934234619,10.270017568945901,False,nonpositive_flux
light_V0399_V_8s_2026_05_20-0047_flat_0p3_late_bias_cal.fits,2461181.6978716436,8.0,DN_UMa,check,1873.3667096116671,693.6304522498988,True,0.0,0.0,3,2734705.4967651367,7998.606128008594,341838.1870956421,999.8257660010743,False,ok
light_V0399_V_8s_2026_05_20-0047_flat_0p3_late_bias_cal.fits,2461181.6978716436,8.0,HD_103405,comparison,1176.0042340568746,158.15373641877204,True,0.0,0.0,3,128102.85305404663,462.0351689400312,16012.856631755829,57.7543961175039,False,ok
light_V0399_V_8s_2026_05_20-0047_flat_0p3_late_bias_cal.fits,2461181.6978716436,8.0,TYC_3452_787_1,comparison,382.90682768630614,762.464026616195,True,0.0,0.0,3,173496.36737060547,558.6154003924494,21687.045921325684,69.82692504905617,False,ok
light_V0399_V_8s_2026_05_20-0047_flat_0p3_late_bias_cal.fits,2461181.6978716436,8.0,HD_103187,comparison,86.81218059230939,1521.5260490211097,True,0.0,0.0,3,660569.2441177368,1615.56126794631,82571.1555147171,201.94515849328874,False,ok
light_V0399_V_8s_2026_05_20-0048_flat_0p3_late_bias_cal.fits,2461181.6980633102,8.0,target,target,1947.7480165066177,639.6800270465964,True,0.0,0.0,3,1874180.8063049316,4184.178163498972,234272.60078811646,523.0222704373715,False,ok
light_V0399_V_8s_2026_05_20-0048_flat_0p3_late_bias_cal.fits,2461181.6980633102,8.0,gaia_774272862760870784_src1,comparison,599.578460791499,258.08586022924334,True,0.0,0.0,3,-115.65439987182617,488.4039952842623,-14.456799983978271,61.05049941053279,False,nonpositive_flux
light_V0399_V_8s_2026_05_20-0048_flat_0p3_late_bias_cal.fits,2461181.6980633102,8.0,gaia_774271076054448768_src2,comparison,1506.7178858234115,321.3162110314761,True,0.0,0.0,3,-99.70616912841797,374.69685774259113,-12.463271141052246,46.83710721782389,False,nonpositive_flux
light_V0399_V_8s_2026_05_20-0048_flat_0p3_late_bias_cal.fits,2461181.6980633102,8.0,gaia_774384016513181696_src3,comparison,390.6121365600256,1254.514788035858,True,0.0,0.0,3,-184.42645263671875,228.04406742594347,-23.053306579589844,28.505508428242933,False,nonpositive_flux
light_V0399_V_8s_2026_05_20-0048_flat_0p3_late_bias_cal.fits,2461181.6980633102,8.0,gaia_774289041901756032_src4,comparison,2041.387437507543,1442.3507498915358,True,0.0,0.0,3,-54.99460220336914,191.4097579791219,-6.874325275421143,23.92621974739024,False,nonpositive_flux
light_V0399_V_8s_2026_05_20-0048_flat_0p3_late_bias_cal.fits,2461181.6980633102,8.0,gaia_774287774887292672_src5,comparison,2033.8085843345157,1080.733577355526,True,0.0,0.0,3,-90.54876327514648,202.84330065616774,-11.31859540939331,25.355412582020968,False,nonpositive_flux
light_V0399_V_8s_2026_05_20-0048_flat_0p3_late_bias_cal.fits,2461181.6980633102,8.0,gaia_774289488578357504_src6,comparison,940.6541235197662,1100.4907732876518,True,0.0,0.0,3,-65.98244857788086,190.87585881388492,-8.247806072235107,23.859482351735615,False,nonpositive_flux
light_V0399_V_8s_2026_05_20-0048_flat_0p3_late_bias_cal.fits,2461181.6980633102,8.0,gaia_774288805679445888_src7,comparison,1944.5979695251317,1351.7388630834228,True,0.0,0.0,3,-97.41378784179688,154.95144059311434,-12.17672348022461,19.368930074139293,False,nonpositive_flux
light_V0399_V_8s_2026_05_20-0048_flat_0p3_late_bias_cal.fits,2461181.6980633102,8.0,gaia_774290626745586944_src8,comparison,1071.4610770076736,1433.9985575432859,True,0.0,0.0,3,-16.034618377685547,84.31978075179589,-2.0043272972106934,10.539972593974486,False,nonpositive_flux
light_V0399_V_8s_2026_05_20-0048_flat_0p3_late_bias_cal.fits,2461181.6980633102,8.0,DN_UMa,check,1873.0509191088142,694.2158286663895,True,0.0,0.0,3,2678930.081878662,7811.661853991785,334866.26023483276,976.4577317489732,False,ok
light_V0399_V_8s_2026_05_20-0048_flat_0p3_late_bias_cal.fits,2461181.6980633102,8.0,HD_103405,comparison,1175.5487436659325,158.59799956382028,True,0.0,0.0,3,131538.82538604736,457.9881156370007,16442.35317325592,57.24851445462509,False,ok
light_V0399_V_8s_2026_05_20-0048_flat_0p3_late_bias_cal.fits,2461181.6980633102,8.0,TYC_3452_787_1,comparison,382.56362040382345,762.8525506280238,True,0.0,0.0,3,173347.89679336548,544.4052850991363,21668.487099170685,68.05066063739204,False,ok
light_V0399_V_8s_2026_05_20-0048_flat_0p3_late_bias_cal.fits,2461181.6980633102,8.0,HD_103187,comparison,86.38016556925544,1522.2089483967563,True,0.0,0.0,3,680271.8146972656,1585.5745699816064,85033.9768371582,198.1968212477008,False,ok
light_V0399_V_8s_2026_05_20-0049_flat_0p3_late_bias_cal.fits,2461181.698254977,8.0,target,target,1947.520528918169,639.4503419859393,True,0.0,0.0,3,1883957.6115722656,4289.3694307347505,235494.7014465332,536.1711788418438,False,ok
light_V0399_V_8s_2026_05_20-0049_flat_0p3_late_bias_cal.fits,2461181.698254977,8.0,gaia_774272862760870784_src1,comparison,599.578460791499,258.08586022924334,True,0.0,0.0,3,-137.84970092773438,503.000332684468,-17.231212615966797,62.8750415855585,False,nonpositive_flux
light_V0399_V_8s_2026_05_20-0049_flat_0p3_late_bias_cal.fits,2461181.698254977,8.0,gaia_774271076054448768_src2,comparison,1506.7178858234115,321.3162110314761,True,0.0,0.0,3,-168.37981796264648,383.75362143412644,-21.04747724533081,47.969202679265806,False,nonpositive_flux
light_V0399_V_8s_2026_05_20-0049_flat_0p3_late_bias_cal.fits,2461181.698254977,8.0,gaia_774384016513181696_src3,comparison,390.6121365600256,1254.514788035858,True,0.0,0.0,3,-172.59564208984375,246.08362893604482,-21.57445526123047,30.760453617005602,False,nonpositive_flux
light_V0399_V_8s_2026_05_20-0049_flat_0p3_late_bias_cal.fits,2461181.698254977,8.0,gaia_774289041901756032_src4,comparison,2041.387437507543,1442.3507498915358,True,0.0,0.0,3,-147.72967910766602,203.6492855138114,-18.466209888458252,25.456160689226426,False,nonpositive_flux
light_V0399_V_8s_2026_05_20-0049_flat_0p3_late_bias_cal.fits,2461181.698254977,8.0,gaia_774287774887292672_src5,comparison,2033.8085843345157,1080.733577355526,True,0.0,0.0,3,-70.904296875,216.25665178933278,-8.863037109375,27.032081473666597,False,nonpositive_flux
light_V0399_V_8s_2026_05_20-0049_flat_0p3_late_bias_cal.fits,2461181.698254977,8.0,gaia_774289488578357504_src6,comparison,940.6541235197662,1100.4907732876518,True,0.0,0.0,3,-94.44446182250977,202.35322091327367,-11.80555772781372,25.29415261415921,False,nonpositive_flux
light_V0399_V_8s_2026_05_20-0049_flat_0p3_late_bias_cal.fits,2461181.698254977,8.0,gaia_774288805679445888_src7,comparison,1944.5979695251317,1351.7388630834228,True,0.0,0.0,3,-66.98534393310547,166.09715705760132,-8.373167991638184,20.762144632200165,False,nonpositive_flux
light_V0399_V_8s_2026_05_20-0049_flat_0p3_late_bias_cal.fits,2461181.698254977,8.0,gaia_774290626745586944_src8,comparison,1071.4610770076736,1433.9985575432859,True,0.0,0.0,3,-141.0343780517578,88.33070700686058,-17.629297256469727,11.041338375857572,False,nonpositive_flux
light_V0399_V_8s_2026_05_20-0049_flat_0p3_late_bias_cal.fits,2461181.698254977,8.0,DN_UMa,check,1872.7808178941575,693.9565297383278,True,0.0,0.0,3,2689122.2165527344,7665.590391387434,336140.2770690918,958.1987989234292,False,ok
light_V0399_V_8s_2026_05_20-0049_flat_0p3_late_bias_cal.fits,2461181.698254977,8.0,HD_103405,comparison,1175.352187016048,158.34026283404972,True,0.0,0.0,3,134140.4605369568,463.88329740220155,16767.5575671196,57.985412175275194,False,ok
light_V0399_V_8s_2026_05_20-0049_flat_0p3_late_bias_cal.fits,2461181.698254977,8.0,TYC_3452_787_1,comparison,382.2389859162022,762.6925236508556,True,0.0,0.0,3,172233.92547607422,552.8956295111343,21529.240684509277,69.11195368889179,False,ok
light_V0399_V_8s_2026_05_20-0049_flat_0p3_late_bias_cal.fits,2461181.698254977,8.0,HD_103187,comparison,85.98509171715953,1521.9969250630772,True,0.0,0.0,3,643338.64112854,1645.4864216410192,80417.3301410675,205.6858027051274,False,ok
light_V0399_V_8s_2026_05_20-0050_flat_0p3_late_bias_cal.fits,2461181.698446412,8.0,target,target,1947.7027703701167,639.7312551254971,True,0.0,0.0,3,1634677.7655944824,5065.519984758976,204334.7206993103,633.189998094872,False,ok
light_V0399_V_8s_2026_05_20-0050_flat_0p3_late_bias_cal.fits,2461181.698446412,8.0,gaia_774272862760870784_src1,comparison,599.578460791499,258.08586022924334,True,0.0,0.0,3,-61.63825225830078,455.3063117327183,-7.704781532287598,56.91328896658979,False,nonpositive_flux
light_V0399_V_8s_2026_05_20-0050_flat_0p3_late_bias_cal.fits,2461181.698446412,8.0,gaia_774271076054448768_src2,comparison,1506.7178858234115,321.3162110314761,True,0.0,0.0,3,-98.80077743530273,330.3001181382042,-12.350097179412842,41.287514767275525,False,nonpositive_flux
light_V0399_V_8s_2026_05_20-0050_flat_0p3_late_bias_cal.fits,2461181.698446412,8.0,gaia_774384016513181696_src3,comparison,390.6121365600256,1254.514788035858,True,0.0,0.0,3,-226.97259140014648,207.4648156784482,-28.37157392501831,25.933101959806024,False,nonpositive_flux
light_V0399_V_8s_2026_05_20-0050_flat_0p3_late_bias_cal.fits,2461181.698446412,8.0,gaia_774289041901756032_src4,comparison,2041.387437507543,1442.3507498915358,True,0.0,0.0,3,-149.05233764648438,178.45289728078907,-18.631542205810547,22.306612160098634,False,nonpositive_flux
light_V0399_V_8s_2026_05_20-0050_flat_0p3_late_bias_cal.fits,2461181.698446412,8.0,gaia_774287774887292672_src5,comparison,2033.8085843345157,1080.733577355526,True,0.0,0.0,3,-77.28380966186523,185.5373310546644,-9.660476207733154,23.19216638183305,False,nonpositive_flux
light_V0399_V_8s_2026_05_20-0050_flat_0p3_late_bias_cal.fits,2461181.698446412,8.0,gaia_774289488578357504_src6,comparison,940.6541235197662,1100.4907732876518,True,0.0,0.0,3,-46.75249099731445,171.4380298758932,-5.844061374664307,21.42975373448665,False,nonpositive_flux
light_V0399_V_8s_2026_05_20-0050_flat_0p3_late_bias_cal.fits,2461181.698446412,8.0,gaia_774288805679445888_src7,comparison,1944.5979695251317,1351.7388630834228,True,0.0,0.0,3,-140.65411376953125,143.54468333612738,-17.581764221191406,17.943085417015922,False,nonpositive_flux
light_V0399_V_8s_2026_05_20-0050_flat_0p3_late_bias_cal.fits,2461181.698446412,8.0,gaia_774290626745586944_src8,comparison,1071.4610770076736,1433.9985575432859,True,0.0,0.0,3,-0.4066123962402344,77.60927796115959,-0.0508265495300293,9.701159745144949,False,nonpositive_flux
light_V0399_V_8s_2026_05_20-0050_flat_0p3_late_bias_cal.fits,2461181.698446412,8.0,DN_UMa,check,1872.950162876036,694.2487170505843,True,0.0,0.0,3,2330519.580871582,9011.881263802443,291314.94760894775,1126.4851579753054,False,ok
light_V0399_V_8s_2026_05_20-0050_flat_0p3_late_bias_cal.fits,2461181.698446412,8.0,HD_103405,comparison,1175.4001444234052,158.64764519370974,True,0.0,0.0,3,117098.71298599243,481.6402243081479,14637.339123249054,60.205028038518485,False,ok
light_V0399_V_8s_2026_05_20-0050_flat_0p3_late_bias_cal.fits,2461181.698446412,8.0,TYC_3452_787_1,comparison,382.2211673684105,762.9797275475598,True,0.0,0.0,3,151272.73351669312,599.9024363639055,18909.09168958664,74.98780454548819,False,ok
light_V0399_V_8s_2026_05_20-0050_flat_0p3_late_bias_cal.fits,2461181.698446412,8.0,HD_103187,comparison,86.06282280127226,1522.068702614262,True,0.0,0.0,3,563612.9978485107,1942.0711692679101,70451.62473106384,242.75889615848877,False,ok
light_V0399_V_8s_2026_05_20-0051_flat_0p3_late_bias_cal.fits,2461181.698638773,8.0,target,target,1948.0829378398525,640.2166789551022,True,0.0,0.0,3,1889077.067993164,4052.8813473957953,236134.6334991455,506.6101684244744,False,ok
light_V0399_V_8s_2026_05_20-0051_flat_0p3_late_bias_cal.fits,2461181.698638773,8.0,gaia_774272862760870784_src1,comparison,599.578460791499,258.08586022924334,True,0.0,0.0,3,-126.54905700683594,394.183170149028,-15.818632125854492,49.2728962686285,False,nonpositive_flux
light_V0399_V_8s_2026_05_20-0051_flat_0p3_late_bias_cal.fits,2461181.698638773,8.0,gaia_774271076054448768_src2,comparison,1506.7178858234115,321.3162110314761,True,0.0,0.0,3,-9.79355239868164,304.309325599675,-1.224194049835205,38.038665699959374,False,nonpositive_flux
light_V0399_V_8s_2026_05_20-0051_flat_0p3_late_bias_cal.fits,2461181.698638773,8.0,gaia_774384016513181696_src3,comparison,390.6121365600256,1254.514788035858,True,0.0,0.0,3,-271.30916595458984,191.941047903414,-33.91364574432373,23.99263098792675,False,nonpositive_flux
light_V0399_V_8s_2026_05_20-0051_flat_0p3_late_bias_cal.fits,2461181.698638773,8.0,gaia_774289041901756032_src4,comparison,2041.387437507543,1442.3507498915358,True,0.0,0.0,3,-34.66744613647461,163.56814382790822,-4.333430767059326,20.446017978488527,False,nonpositive_flux
light_V0399_V_8s_2026_05_20-0051_flat_0p3_late_bias_cal.fits,2461181.698638773,8.0,gaia_774287774887292672_src5,comparison,2033.8085843345157,1080.733577355526,True,0.0,0.0,3,-43.145652770996094,177.55268453873478,-5.393206596374512,22.194085567341848,False,nonpositive_flux
light_V0399_V_8s_2026_05_20-0051_flat_0p3_late_bias_cal.fits,2461181.698638773,8.0,gaia_774289488578357504_src6,comparison,940.6541235197662,1100.4907732876518,True,0.0,0.0,3,-69.56220626831055,160.82667078480577,-8.695275783538818,20.10333384810072,False,nonpositive_flux
light_V0399_V_8s_2026_05_20-0051_flat_0p3_late_bias_cal.fits,2461181.698638773,8.0,gaia_774288805679445888_src7,comparison,1944.5979695251317,1351.7388630834228,True,0.0,0.0,3,-74.80973434448242,131.31640291182745,-9.351216793060303,16.41455036397843,False,nonpositive_flux
light_V0399_V_8s_2026_05_20-0051_flat_0p3_late_bias_cal.fits,2461181.698638773,8.0,gaia_774290626745586944_src8,comparison,1071.4610770076736,1433.9985575432859,True,0.0,0.0,3,-36.53936767578125,78.86394126498324,-4.567420959472656,9.857992658122905,False,nonpositive_flux
light_V0399_V_8s_2026_05_20-0051_flat_0p3_late_bias_cal.fits,2461181.698638773,8.0,DN_UMa,check,1873.3406078302191,694.7470259650913,True,0.0,0.0,3,2772767.342651367,7179.21187949308,346595.9178314209,897.401484936635,False,ok
light_V0399_V_8s_2026_05_20-0051_flat_0p3_late_bias_cal.fits,2461181.698638773,8.0,HD_103405,comparison,1175.9276443303331,159.056696385786,True,0.0,0.0,3,129489.41153717041,443.0447556371872,16186.176442146301,55.3805944546484,False,ok
light_V0399_V_8s_2026_05_20-0051_flat_0p3_late_bias_cal.fits,2461181.698638773,8.0,TYC_3452_787_1,comparison,382.83168275359503,763.4047993540148,True,0.0,0.0,3,176467.89390563965,539.4899782959334,22058.486738204956,67.43624728699167,False,ok
light_V0399_V_8s_2026_05_20-0051_flat_0p3_late_bias_cal.fits,2461181.698638773,8.0,HD_103187,comparison,86.70639679811462,1522.5855278427086,True,0.0,0.0,3,681475.5250244141,1542.354990809532,85184.44062805176,192.7943738511915,False,ok
light_V0399_V_8s_2026_05_20-0052_flat_0p3_late_bias_cal.fits,2461181.6988304397,8.0,target,target,1948.8117696027325,639.8399658292915,True,0.0,0.0,3,1828820.4206542969,4393.515238185545,228602.5525817871,549.1894047731931,False,ok
light_V0399_V_8s_2026_05_20-0052_flat_0p3_late_bias_cal.fits,2461181.6988304397,8.0,gaia_774272862760870784_src1,comparison,599.578460791499,258.08586022924334,True,0.0,0.0,3,-90.17244720458984,324.12363339071453,-11.27155590057373,40.515454173839316,False,nonpositive_flux
light_V0399_V_8s_2026_05_20-0052_flat_0p3_late_bias_cal.fits,2461181.6988304397,8.0,gaia_774271076054448768_src2,comparison,1506.7178858234115,321.3162110314761,True,0.0,0.0,3,-141.63845825195312,246.96863683807297,-17.70480728149414,30.87107960475912,False,nonpositive_flux
light_V0399_V_8s_2026_05_20-0052_flat_0p3_late_bias_cal.fits,2461181.6988304397,8.0,gaia_774384016513181696_src3,comparison,390.6121365600256,1254.514788035858,True,0.0,0.0,3,-306.5275421142578,173.1084211392917,-38.31594276428223,21.63855264241146,False,nonpositive_flux
light_V0399_V_8s_2026_05_20-0052_flat_0p3_late_bias_cal.fits,2461181.6988304397,8.0,gaia_774289041901756032_src4,comparison,2041.387437507543,1442.3507498915358,True,0.0,0.0,3,-97.98719024658203,136.22855299021072,-12.248398780822754,17.02856912377634,False,nonpositive_flux
light_V0399_V_8s_2026_05_20-0052_flat_0p3_late_bias_cal.fits,2461181.6988304397,8.0,gaia_774287774887292672_src5,comparison,2033.8085843345157,1080.733577355526,True,0.0,0.0,3,-119.57666015625,143.97811094679653,-14.94708251953125,17.997263868349567,False,nonpositive_flux
light_V0399_V_8s_2026_05_20-0052_flat_0p3_late_bias_cal.fits,2461181.6988304397,8.0,gaia_774289488578357504_src6,comparison,940.6541235197662,1100.4907732876518,True,0.0,0.0,3,-89.96923065185547,134.75682910259627,-11.246153831481934,16.844603637824534,False,nonpositive_flux
light_V0399_V_8s_2026_05_20-0052_flat_0p3_late_bias_cal.fits,2461181.6988304397,8.0,gaia_774288805679445888_src7,comparison,1944.5979695251317,1351.7388630834228,True,0.0,0.0,3,-66.0357551574707,109.07579626439114,-8.254469394683838,13.634474533048893,False,nonpositive_flux
light_V0399_V_8s_2026_05_20-0052_flat_0p3_late_bias_cal.fits,2461181.6988304397,8.0,gaia_774290626745586944_src8,comparison,1071.4610770076736,1433.9985575432859,True,0.0,0.0,3,28.426620483398438,69.79184234570047,3.5533275604248047,8.72398029321256,False,ok
light_V0399_V_8s_2026_05_20-0052_flat_0p3_late_bias_cal.fits,2461181.6988304397,8.0,DN_UMa,check,1874.0590319876144,694.3972659157049,True,0.0,0.0,3,2652370.72366333,7761.747344571984,331546.34045791626,970.218418071498,False,ok
light_V0399_V_8s_2026_05_20-0052_flat_0p3_late_bias_cal.fits,2461181.6988304397,8.0,HD_103405,comparison,1176.642526883857,158.77824137293058,True,0.0,0.0,3,129847.05920410156,459.90096020001334,16230.882400512695,57.48762002500167,False,ok
light_V0399_V_8s_2026_05_20-0052_flat_0p3_late_bias_cal.fits,2461181.6988304397,8.0,TYC_3452_787_1,comparison,383.42671027627847,762.860316960959,True,0.0,0.0,3,169835.09923553467,557.1231509825888,21229.387404441833,69.6403938728236,False,ok
light_V0399_V_8s_2026_05_20-0052_flat_0p3_late_bias_cal.fits,2461181.6988304397,8.0,HD_103187,comparison,87.1297867812019,1522.010155353931,True,0.0,0.0,3,637350.6230697632,1656.6638324313706,79668.8278837204,207.08297905392132,False,ok
light_V0399_V_8s_2026_05_20-0053_flat_0p3_late_bias_cal.fits,2461181.6990222223,8.0,target,target,1948.3261227554208,640.0639000798832,True,0.0,0.0,3,1835226.1204223633,4311.043154670339,229403.2650527954,538.8803943337924,False,ok
light_V0399_V_8s_2026_05_20-0053_flat_0p3_late_bias_cal.fits,2461181.6990222223,8.0,gaia_774272862760870784_src1,comparison,599.578460791499,258.08586022924334,True,0.0,0.0,3,-52.39360427856445,375.40011424568155,-6.549200534820557,46.925014280710194,False,nonpositive_flux
light_V0399_V_8s_2026_05_20-0053_flat_0p3_late_bias_cal.fits,2461181.6990222223,8.0,gaia_774271076054448768_src2,comparison,1506.7178858234115,321.3162110314761,True,0.0,0.0,3,-30.08415985107422,285.43103475435754,-3.7605199813842773,35.67887934429469,False,nonpositive_flux
light_V0399_V_8s_2026_05_20-0053_flat_0p3_late_bias_cal.fits,2461181.6990222223,8.0,gaia_774384016513181696_src3,comparison,390.6121365600256,1254.514788035858,True,0.0,0.0,3,-238.53953170776367,192.89232331815785,-29.81744146347046,24.11154041476973,False,nonpositive_flux
light_V0399_V_8s_2026_05_20-0053_flat_0p3_late_bias_cal.fits,2461181.6990222223,8.0,gaia_774289041901756032_src4,comparison,2041.387437507543,1442.3507498915358,True,0.0,0.0,3,-128.45912551879883,143.58078925883132,-16.057390689849854,17.947598657353915,False,nonpositive_flux
light_V0399_V_8s_2026_05_20-0053_flat_0p3_late_bias_cal.fits,2461181.6990222223,8.0,gaia_774287774887292672_src5,comparison,2033.8085843345157,1080.733577355526,True,0.0,0.0,3,-28.244686126708984,150.4605566169486,-3.530585765838623,18.807569577118574,False,nonpositive_flux
light_V0399_V_8s_2026_05_20-0053_flat_0p3_late_bias_cal.fits,2461181.6990222223,8.0,gaia_774289488578357504_src6,comparison,940.6541235197662,1100.4907732876518,True,0.0,0.0,3,-83.82344436645508,147.16914281211905,-10.477930545806885,18.39614285151488,False,nonpositive_flux
light_V0399_V_8s_2026_05_20-0053_flat_0p3_late_bias_cal.fits,2461181.6990222223,8.0,gaia_774288805679445888_src7,comparison,1944.5979695251317,1351.7388630834228,True,0.0,0.0,3,-150.06805801391602,115.95649786105042,-18.758507251739502,14.494562232631303,False,nonpositive_flux
light_V0399_V_8s_2026_05_20-0053_flat_0p3_late_bias_cal.fits,2461181.6990222223,8.0,gaia_774290626745586944_src8,comparison,1071.4610770076736,1433.9985575432859,True,0.0,0.0,3,-45.37299346923828,71.00885398450382,-5.671624183654785,8.876106748062977,False,nonpositive_flux
light_V0399_V_8s_2026_05_20-0053_flat_0p3_late_bias_cal.fits,2461181.6990222223,8.0,DN_UMa,check,1873.5912434365262,694.6252647483851,True,0.0,0.0,3,2716994.2783203125,7403.8127073052865,339624.28479003906,925.4765884131608,False,ok
light_V0399_V_8s_2026_05_20-0053_flat_0p3_late_bias_cal.fits,2461181.6990222223,8.0,HD_103405,comparison,1176.0970838293242,158.58956323237612,True,0.0,0.0,3,129851.94443511963,461.09027920147577,16231.493054389954,57.63628490018447,False,ok
light_V0399_V_8s_2026_05_20-0053_flat_0p3_late_bias_cal.fits,2461181.6990222223,8.0,TYC_3452_787_1,comparison,382.9335237400318,762.7579870767852,True,0.0,0.0,3,169070.1445465088,558.9774384813343,21133.7680683136,69.87217981016678,False,ok
light_V0399_V_8s_2026_05_20-0053_flat_0p3_late_bias_cal.fits,2461181.6990222223,8.0,HD_103187,comparison,86.58647326671135,1522.1332714073565,True,0.0,0.0,3,650993.5695037842,1647.7657947739026,81374.19618797302,205.97072434673782,False,ok
light_V0399_V_8s_2026_05_20-0054_flat_0p3_late_bias_cal.fits,2461181.699213773,8.0,target,target,1949.4084192389519,640.6528432077589,True,0.0,0.0,3,1914763.4716339111,4246.149705776726,239345.4339542389,530.7687132220907,False,ok
light_V0399_V_8s_2026_05_20-0054_flat_0p3_late_bias_cal.fits,2461181.699213773,8.0,gaia_774272862760870784_src1,comparison,599.578460791499,258.08586022924334,True,0.0,0.0,3,-64.4882698059082,242.9764389108027,-8.061033725738525,30.372054863850337,False,nonpositive_flux
light_V0399_V_8s_2026_05_20-0054_flat_0p3_late_bias_cal.fits,2461181.699213773,8.0,gaia_774271076054448768_src2,comparison,1506.7178858234115,321.3162110314761,True,0.0,0.0,3,-219.78234100341797,188.52996166074618,-27.472792625427246,23.566245207593273,False,nonpositive_flux
light_V0399_V_8s_2026_05_20-0054_flat_0p3_late_bias_cal.fits,2461181.699213773,8.0,gaia_774384016513181696_src3,comparison,390.6121365600256,1254.514788035858,True,0.0,0.0,3,-135.32815170288086,130.17912919043428,-16.916018962860107,16.272391148804285,False,nonpositive_flux
light_V0399_V_8s_2026_05_20-0054_flat_0p3_late_bias_cal.fits,2461181.699213773,8.0,gaia_774289041901756032_src4,comparison,2041.387437507543,1442.3507498915358,True,0.0,0.0,3,-118.95333480834961,103.45258460310559,-14.869166851043701,12.931573075388199,False,nonpositive_flux
light_V0399_V_8s_2026_05_20-0054_flat_0p3_late_bias_cal.fits,2461181.699213773,8.0,gaia_774287774887292672_src5,comparison,2033.8085843345157,1080.733577355526,True,0.0,0.0,3,-99.69406509399414,108.46120473257423,-12.461758136749268,13.557650591571779,False,nonpositive_flux
light_V0399_V_8s_2026_05_20-0054_flat_0p3_late_bias_cal.fits,2461181.699213773,8.0,gaia_774289488578357504_src6,comparison,940.6541235197662,1100.4907732876518,True,0.0,0.0,3,-39.66545486450195,96.57923707104324,-4.958181858062744,12.072404633880405,False,nonpositive_flux
light_V0399_V_8s_2026_05_20-0054_flat_0p3_late_bias_cal.fits,2461181.699213773,8.0,gaia_774288805679445888_src7,comparison,1944.5979695251317,1351.7388630834228,True,0.0,0.0,3,-30.71188735961914,81.22396416655306,-3.8389859199523926,10.152995520819132,False,nonpositive_flux
light_V0399_V_8s_2026_05_20-0054_flat_0p3_late_bias_cal.fits,2461181.699213773,8.0,gaia_774290626745586944_src8,comparison,1071.4610770076736,1433.9985575432859,True,0.0,0.0,3,-94.24440383911133,59.9316264735625,-11.780550479888916,7.491453309195313,False,nonpositive_flux
light_V0399_V_8s_2026_05_20-0054_flat_0p3_late_bias_cal.fits,2461181.699213773,8.0,DN_UMa,check,1874.7025050324503,695.2096331958315,True,0.0,0.0,3,2718443.397338867,7418.591502291537,339805.4246673584,927.3239377864421,True,saturated
light_V0399_V_8s_2026_05_20-0054_flat_0p3_late_bias_cal.fits,2461181.699213773,8.0,HD_103405,comparison,1177.3406308026576,159.520325246788,True,0.0,0.0,3,132105.41270446777,463.43935732837485,16513.17658805847,57.92991966604686,False,ok
light_V0399_V_8s_2026_05_20-0054_flat_0p3_late_bias_cal.fits,2461181.699213773,8.0,TYC_3452_787_1,comparison,384.29153097935864,763.6919552649243,True,0.0,0.0,3,175613.42156982422,554.9501277657812,21951.677696228027,69.36876597072265,False,ok
light_V0399_V_8s_2026_05_20-0054_flat_0p3_late_bias_cal.fits,2461181.699213773,8.0,HD_103187,comparison,87.97824956866742,1522.993226614577,True,0.0,0.0,3,650784.3525619507,1625.4146757571518,81348.04407024384,203.17683446964398,False,ok
light_V0399_V_8s_2026_05_20-0055_flat_0p3_late_bias_cal.fits,2461181.699405208,8.0,target,target,1949.3600853592666,640.7534045837422,True,0.0,0.0,3,1941990.305343628,3972.773464776631,242748.7881679535,496.5966830970789,False,ok
light_V0399_V_8s_2026_05_20-0055_flat_0p3_late_bias_cal.fits,2461181.699405208,8.0,gaia_774272862760870784_src1,comparison,599.578460791499,258.08586022924334,True,0.0,0.0,3,-151.54810333251953,262.7319346219887,-18.94351291656494,32.84149182774859,False,nonpositive_flux
light_V0399_V_8s_2026_05_20-0055_flat_0p3_late_bias_cal.fits,2461181.699405208,8.0,gaia_774271076054448768_src2,comparison,1506.7178858234115,321.3162110314761,True,0.0,0.0,3,-58.07350158691406,209.97635723290338,-7.259187698364258,26.247044654112923,False,nonpositive_flux
light_V0399_V_8s_2026_05_20-0055_flat_0p3_late_bias_cal.fits,2461181.699405208,8.0,gaia_774384016513181696_src3,comparison,390.6121365600256,1254.514788035858,True,0.0,0.0,3,-157.7638816833496,140.96325500444215,-19.7204852104187,17.62040687555527,False,nonpositive_flux
light_V0399_V_8s_2026_05_20-0055_flat_0p3_late_bias_cal.fits,2461181.699405208,8.0,gaia_774289041901756032_src4,comparison,2041.387437507543,1442.3507498915358,True,0.0,0.0,3,58.026790618896484,114.05232880813435,7.2533488273620605,14.256541101016794,False,ok
light_V0399_V_8s_2026_05_20-0055_flat_0p3_late_bias_cal.fits,2461181.699405208,8.0,gaia_774287774887292672_src5,comparison,2033.8085843345157,1080.733577355526,True,0.0,0.0,3,6.464988708496094,122.4604986879102,0.8081235885620117,15.307562335988775,False,ok
light_V0399_V_8s_2026_05_20-0055_flat_0p3_late_bias_cal.fits,2461181.699405208,8.0,gaia_774289488578357504_src6,comparison,940.6541235197662,1100.4907732876518,True,0.0,0.0,3,-54.31187438964844,113.6607533448335,-6.788984298706055,14.207594168104187,False,nonpositive_flux
light_V0399_V_8s_2026_05_20-0055_flat_0p3_late_bias_cal.fits,2461181.699405208,8.0,gaia_774288805679445888_src7,comparison,1944.5979695251317,1351.7388630834228,True,0.0,0.0,3,-99.59106063842773,91.05480845706732,-12.448882579803467,11.381851057133415,False,nonpositive_flux
light_V0399_V_8s_2026_05_20-0055_flat_0p3_late_bias_cal.fits,2461181.699405208,8.0,gaia_774290626745586944_src8,comparison,1071.4610770076736,1433.9985575432859,True,0.0,0.0,3,-20.893264770507812,65.9926289992763,-2.6116580963134766,8.249078624909538,False,nonpositive_flux
light_V0399_V_8s_2026_05_20-0055_flat_0p3_late_bias_cal.fits,2461181.699405208,8.0,DN_UMa,check,1874.5701990252455,695.3374871939459,True,0.0,0.0,3,2823098.6060180664,7516.194535061928,352887.3257522583,939.524316882741,True,saturated
light_V0399_V_8s_2026_05_20-0055_flat_0p3_late_bias_cal.fits,2461181.699405208,8.0,HD_103405,comparison,1177.2475125288904,159.72691585659993,True,0.0,0.0,3,138302.03939819336,450.53752565719014,17287.75492477417,56.31719070714877,False,ok
light_V0399_V_8s_2026_05_20-0055_flat_0p3_late_bias_cal.fits,2461181.699405208,8.0,TYC_3452_787_1,comparison,384.1718826918711,764.0141259490232,True,0.0,0.0,3,181161.14924240112,545.5352469438232,22645.14365530014,68.1919058679779,False,ok
light_V0399_V_8s_2026_05_20-0055_flat_0p3_late_bias_cal.fits,2461181.699405208,8.0,HD_103187,comparison,87.98211930822946,1523.1856802005238,True,0.0,0.0,3,700297.486869812,1515.4401263306445,87537.1858587265,189.43001579133056,False,ok
light_V0399_V_8s_2026_05_20-0056_flat_0p3_late_bias_cal.fits,2461181.699596991,8.0,target,target,1949.8425662523614,641.5434502775605,True,0.0,0.0,3,1960555.0212097168,3812.196425912396,245069.3776512146,476.5245532390495,False,ok
light_V0399_V_8s_2026_05_20-0056_flat_0p3_late_bias_cal.fits,2461181.699596991,8.0,gaia_774272862760870784_src1,comparison,599.578460791499,258.08586022924334,True,0.0,0.0,3,-148.8559913635254,177.98201699092493,-18.606998920440674,22.247752123865617,False,nonpositive_flux
light_V0399_V_8s_2026_05_20-0056_flat_0p3_late_bias_cal.fits,2461181.699596991,8.0,gaia_774271076054448768_src2,comparison,1506.7178858234115,321.3162110314761,True,0.0,0.0,3,-135.19981002807617,143.60155875089748,-16.89997625350952,17.950194843862185,False,nonpositive_flux
light_V0399_V_8s_2026_05_20-0056_flat_0p3_late_bias_cal.fits,2461181.699596991,8.0,gaia_774384016513181696_src3,comparison,390.6121365600256,1254.514788035858,True,0.0,0.0,3,-199.2894058227539,109.6350342814429,-24.91117572784424,13.704379285180362,False,nonpositive_flux
light_V0399_V_8s_2026_05_20-0056_flat_0p3_late_bias_cal.fits,2461181.699596991,8.0,gaia_774289041901756032_src4,comparison,2041.387437507543,1442.3507498915358,True,0.0,0.0,3,-42.28730392456055,75.71608727434221,-5.285912990570068,9.464510909292777,False,nonpositive_flux
light_V0399_V_8s_2026_05_20-0056_flat_0p3_late_bias_cal.fits,2461181.699596991,8.0,gaia_774287774887292672_src5,comparison,2033.8085843345157,1080.733577355526,True,0.0,0.0,3,24.73202133178711,83.52444932207824,3.0915026664733887,10.44055616525978,False,ok
light_V0399_V_8s_2026_05_20-0056_flat_0p3_late_bias_cal.fits,2461181.699596991,8.0,gaia_774289488578357504_src6,comparison,940.6541235197662,1100.4907732876518,True,0.0,0.0,3,-15.96408462524414,77.45442929304727,-1.9955105781555176,9.681803661630909,False,nonpositive_flux
light_V0399_V_8s_2026_05_20-0056_flat_0p3_late_bias_cal.fits,2461181.699596991,8.0,gaia_774288805679445888_src7,comparison,1944.5979695251317,1351.7388630834228,True,0.0,0.0,3,-19.303882598876953,63.662813594775635,-2.412985324859619,7.957851699346954,False,nonpositive_flux
light_V0399_V_8s_2026_05_20-0056_flat_0p3_late_bias_cal.fits,2461181.699596991,8.0,gaia_774290626745586944_src8,comparison,1071.4610770076736,1433.9985575432859,True,0.0,0.0,3,-55.55359649658203,54.14159400502979,-6.944199562072754,6.7676992506287235,False,nonpositive_flux
light_V0399_V_8s_2026_05_20-0056_flat_0p3_late_bias_cal.fits,2461181.699596991,8.0,DN_UMa,check,1875.161965793206,696.045068414806,True,0.0,0.0,3,2811862.2822265625,6979.751554503615,351482.7852783203,872.4689443129519,True,saturated
light_V0399_V_8s_2026_05_20-0056_flat_0p3_late_bias_cal.fits,2461181.699596991,8.0,HD_103405,comparison,1177.778393884161,160.35802570371663,True,0.0,0.0,3,138863.85540771484,452.13597568536176,17357.981925964355,56.51699696067022,False,ok
light_V0399_V_8s_2026_05_20-0056_flat_0p3_late_bias_cal.fits,2461181.699596991,8.0,TYC_3452_787_1,comparison,384.79056120537166,764.7822242608953,True,0.0,0.0,3,181879.42073822021,542.2061968567286,22734.927592277527,67.77577460709108,False,ok
light_V0399_V_8s_2026_05_20-0056_flat_0p3_late_bias_cal.fits,2461181.699596991,8.0,HD_103187,comparison,88.62679423457044,1523.900281202849,True,0.0,0.0,3,688723.6393737793,1509.5308571568598,86090.45492172241,188.69135714460748,False,ok
light_V0399_V_8s_2026_05_20-0057_flat_0p3_late_bias_cal.fits,2461181.699788773,8.0,target,target,1951.3971631378943,641.1826451511607,True,0.0,0.0,3,2023948.7044677734,3735.100119770483,252993.58805847168,466.8875149713104,False,ok
light_V0399_V_8s_2026_05_20-0057_flat_0p3_late_bias_cal.fits,2461181.699788773,8.0,gaia_774272862760870784_src1,comparison,599.578460791499,258.08586022924334,True,0.0,0.0,3,-59.310569763183594,107.96384777904892,-7.413821220397949,13.495480972381115,False,nonpositive_flux
light_V0399_V_8s_2026_05_20-0057_flat_0p3_late_bias_cal.fits,2461181.699788773,8.0,gaia_774271076054448768_src2,comparison,1506.7178858234115,321.3162110314761,True,0.0,0.0,3,-48.676265716552734,90.66345227058028,-6.084533214569092,11.332931533822535,False,nonpositive_flux
light_V0399_V_8s_2026_05_20-0057_flat_0p3_late_bias_cal.fits,2461181.699788773,8.0,gaia_774384016513181696_src3,comparison,390.6121365600256,1254.514788035858,True,0.0,0.0,3,-100.58771514892578,92.60020920527306,-12.573464393615723,11.575026150659133,False,nonpositive_flux
light_V0399_V_8s_2026_05_20-0057_flat_0p3_late_bias_cal.fits,2461181.699788773,8.0,gaia_774289041901756032_src4,comparison,2041.387437507543,1442.3507498915358,True,0.0,0.0,3,-32.09556198120117,55.31388990260261,-4.0119452476501465,6.914236237825326,False,nonpositive_flux
light_V0399_V_8s_2026_05_20-0057_flat_0p3_late_bias_cal.fits,2461181.699788773,8.0,gaia_774287774887292672_src5,comparison,2033.8085843345157,1080.733577355526,True,0.0,0.0,3,-46.454463958740234,59.46045736228728,-5.806807994842529,7.43255717028591,False,nonpositive_flux
light_V0399_V_8s_2026_05_20-0057_flat_0p3_late_bias_cal.fits,2461181.699788773,8.0,gaia_774289488578357504_src6,comparison,940.6541235197662,1100.4907732876518,True,0.0,0.0,3,19.42641830444336,58.8161406399059,2.42830228805542,7.352017579988238,False,ok
light_V0399_V_8s_2026_05_20-0057_flat_0p3_late_bias_cal.fits,2461181.699788773,8.0,gaia_774288805679445888_src7,comparison,1944.5979695251317,1351.7388630834228,True,0.0,0.0,3,-77.25992965698242,52.854214353680035,-9.657491207122803,6.606776794210004,False,nonpositive_flux
light_V0399_V_8s_2026_05_20-0057_flat_0p3_late_bias_cal.fits,2461181.699788773,8.0,gaia_774290626745586944_src8,comparison,1071.4610770076736,1433.9985575432859,True,0.0,0.0,3,-17.505062103271484,44.12224089384936,-2.1881327629089355,5.51528011173117,False,nonpositive_flux
light_V0399_V_8s_2026_05_20-0057_flat_0p3_late_bias_cal.fits,2461181.699788773,8.0,DN_UMa,check,1876.6772905166765,695.7344626530619,True,0.0,0.0,3,2953770.2763671875,6750.34767798441,369221.28454589844,843.7934597480513,True,saturated
light_V0399_V_8s_2026_05_20-0057_flat_0p3_late_bias_cal.fits,2461181.699788773,8.0,HD_103405,comparison,1179.1841389240685,160.14284048540517,True,0.0,0.0,3,142298.12127685547,448.5324313092997,17787.265159606934,56.06655391366246,False,ok
light_V0399_V_8s_2026_05_20-0057_flat_0p3_late_bias_cal.fits,2461181.699788773,8.0,TYC_3452_787_1,comparison,386.15433931471415,764.4649848354555,True,0.0,0.0,3,187324.99642181396,537.1092754885634,23415.624552726746,67.13865943607043,False,ok
light_V0399_V_8s_2026_05_20-0057_flat_0p3_late_bias_cal.fits,2461181.699788773,8.0,HD_103187,comparison,90.0228741379446,1523.5971369897159,True,0.0,0.0,3,706931.7981262207,1487.8949684820982,88366.47476577759,185.98687106026227,False,ok
light_V0399_V_8s_2026_05_20-0058_flat_0p3_late_bias_cal.fits,2461181.6999804396,8.0,target,target,1951.6610922203288,640.8205391313983,True,0.0,0.0,3,1781864.5676269531,4821.718785421526,222733.07095336914,602.7148481776908,False,ok
light_V0399_V_8s_2026_05_20-0058_flat_0p3_late_bias_cal.fits,2461181.6999804396,8.0,gaia_774272862760870784_src1,comparison,599.578460791499,258.08586022924334,True,0.0,0.0,3,-95.76431274414062,113.49452727105601,-11.970539093017578,14.186815908882002,False,nonpositive_flux
light_V0399_V_8s_2026_05_20-0058_flat_0p3_late_bias_cal.fits,2461181.6999804396,8.0,gaia_774271076054448768_src2,comparison,1506.7178858234115,321.3162110314761,True,0.0,0.0,3,-120.85972213745117,92.38053673492306,-15.107465267181396,11.547567091865382,False,nonpositive_flux
light_V0399_V_8s_2026_05_20-0058_flat_0p3_late_bias_cal.fits,2461181.6999804396,8.0,gaia_774384016513181696_src3,comparison,390.6121365600256,1254.514788035858,True,0.0,0.0,3,-109.58589553833008,84.89136163034031,-13.69823694229126,10.61142020379254,False,nonpositive_flux
light_V0399_V_8s_2026_05_20-0058_flat_0p3_late_bias_cal.fits,2461181.6999804396,8.0,gaia_774289041901756032_src4,comparison,2041.387437507543,1442.3507498915358,True,0.0,0.0,3,-62.593013763427734,57.3809933704391,-7.824126720428467,7.1726241713048875,False,nonpositive_flux
light_V0399_V_8s_2026_05_20-0058_flat_0p3_late_bias_cal.fits,2461181.6999804396,8.0,gaia_774287774887292672_src5,comparison,2033.8085843345157,1080.733577355526,True,0.0,0.0,3,-107.44481658935547,62.19527272147109,-13.430602073669434,7.7744090901838865,False,nonpositive_flux
light_V0399_V_8s_2026_05_20-0058_flat_0p3_late_bias_cal.fits,2461181.6999804396,8.0,gaia_774289488578357504_src6,comparison,940.6541235197662,1100.4907732876518,True,0.0,0.0,3,-42.35009002685547,59.0323448982536,-5.293761253356934,7.3790431122817,False,nonpositive_flux
light_V0399_V_8s_2026_05_20-0058_flat_0p3_late_bias_cal.fits,2461181.6999804396,8.0,gaia_774288805679445888_src7,comparison,1944.5979695251317,1351.7388630834228,True,0.0,0.0,3,-33.55647659301758,55.890846006600924,-4.194559574127197,6.9863557508251155,False,nonpositive_flux
light_V0399_V_8s_2026_05_20-0058_flat_0p3_late_bias_cal.fits,2461181.6999804396,8.0,gaia_774290626745586944_src8,comparison,1071.4610770076736,1433.9985575432859,True,0.0,0.0,3,-21.378009796142578,44.80849329436957,-2.6722512245178223,5.601061661796196,False,nonpositive_flux
light_V0399_V_8s_2026_05_20-0058_flat_0p3_late_bias_cal.fits,2461181.6999804396,8.0,DN_UMa,check,1876.9788282249835,695.3003107966098,True,0.0,0.0,3,2561257.8085632324,8337.132925051892,320157.22607040405,1042.1416156314865,False,ok
light_V0399_V_8s_2026_05_20-0058_flat_0p3_late_bias_cal.fits,2461181.6999804396,8.0,HD_103405,comparison,1179.463179678771,159.7883464356109,True,0.0,0.0,3,125972.46156311035,471.65971776023525,15746.557695388794,58.95746472002941,False,ok
light_V0399_V_8s_2026_05_20-0058_flat_0p3_late_bias_cal.fits,2461181.6999804396,8.0,TYC_3452_787_1,comparison,386.4745862635636,763.9782958742157,True,0.0,0.0,3,161146.11964416504,580.9729286387992,20143.26495552063,72.6216160798499,False,ok
light_V0399_V_8s_2026_05_20-0058_flat_0p3_late_bias_cal.fits,2461181.6999804396,8.0,HD_103187,comparison,90.22083683183683,1523.3827208974358,True,0.0,0.0,3,610500.4619140625,1898.6009199016416,76312.55773925781,237.3251149877052,False,ok
light_V0399_V_8s_2026_05_20-0059_flat_0p3_late_bias_cal.fits,2461181.7001721063,8.0,target,target,1952.4936387023372,641.7405584977877,True,0.0,0.0,3,1927950.1103515625,4053.059469165818,240993.7637939453,506.63243364572725,False,ok
light_V0399_V_8s_2026_05_20-0059_flat_0p3_late_bias_cal.fits,2461181.7001721063,8.0,gaia_774272862760870784_src1,comparison,599.578460791499,258.08586022924334,True,0.0,0.0,3,-121.94891357421875,80.91471476670473,-15.243614196777344,10.114339345838092,False,nonpositive_flux
light_V0399_V_8s_2026_05_20-0059_flat_0p3_late_bias_cal.fits,2461181.7001721063,8.0,gaia_774271076054448768_src2,comparison,1506.7178858234115,321.3162110314761,True,0.0,0.0,3,-138.33101654052734,74.57203005947649,-17.291377067565918,9.321503757434561,False,nonpositive_flux
light_V0399_V_8s_2026_05_20-0059_flat_0p3_late_bias_cal.fits,2461181.7001721063,8.0,gaia_774384016513181696_src3,comparison,390.6121365600256,1254.514788035858,True,0.0,0.0,3,-153.2915916442871,85.14489876515819,-19.16144895553589,10.643112345644774,False,nonpositive_flux
light_V0399_V_8s_2026_05_20-0059_flat_0p3_late_bias_cal.fits,2461181.7001721063,8.0,gaia_774289041901756032_src4,comparison,2041.387437507543,1442.3507498915358,True,0.0,0.0,3,-87.82469177246094,51.927510523338064,-10.978086471557617,6.490938815417258,False,nonpositive_flux
light_V0399_V_8s_2026_05_20-0059_flat_0p3_late_bias_cal.fits,2461181.7001721063,8.0,gaia_774287774887292672_src5,comparison,2033.8085843345157,1080.733577355526,True,0.0,0.0,3,-79.06631469726562,50.8652175013242,-9.883289337158203,6.358152187665525,False,nonpositive_flux
light_V0399_V_8s_2026_05_20-0059_flat_0p3_late_bias_cal.fits,2461181.7001721063,8.0,gaia_774289488578357504_src6,comparison,940.6541235197662,1100.4907732876518,True,0.0,0.0,3,18.56500244140625,45.99663419653473,2.3206253051757812,5.749579274566841,False,ok
light_V0399_V_8s_2026_05_20-0059_flat_0p3_late_bias_cal.fits,2461181.7001721063,8.0,gaia_774288805679445888_src7,comparison,1944.5979695251317,1351.7388630834228,True,0.0,0.0,3,-30.08179473876953,45.554032372325565,-3.7602243423461914,5.694254046540696,False,nonpositive_flux
light_V0399_V_8s_2026_05_20-0059_flat_0p3_late_bias_cal.fits,2461181.7001721063,8.0,gaia_774290626745586944_src8,comparison,1071.4610770076736,1433.9985575432859,True,0.0,0.0,3,-111.79399108886719,42.63387831616488,-13.974248886108398,5.32923478952061,False,nonpositive_flux
light_V0399_V_8s_2026_05_20-0059_flat_0p3_late_bias_cal.fits,2461181.7001721063,8.0,DN_UMa,check,1877.7579503355255,696.3204260147852,True,0.0,0.0,3,2777032.5615844727,7278.236011990367,347129.0701980591,909.7795014987959,True,saturated
light_V0399_V_8s_2026_05_20-0059_flat_0p3_late_bias_cal.fits,2461181.7001721063,8.0,HD_103405,comparison,1180.2711408740854,160.72633819175553,True,0.0,0.0,3,134416.29125976562,452.4413243621188,16802.036407470703,56.55516554526485,False,ok
light_V0399_V_8s_2026_05_20-0059_flat_0p3_late_bias_cal.fits,2461181.7001721063,8.0,TYC_3452_787_1,comparison,387.1894804243098,765.0184816123456,True,0.0,0.0,3,174294.94396972656,549.6590984264902,21786.86799621582,68.70738730331128,False,ok
light_V0399_V_8s_2026_05_20-0059_flat_0p3_late_bias_cal.fits,2461181.7001721063,8.0,HD_103187,comparison,91.10023118563113,1524.3418993643731,True,0.0,0.0,3,669994.8919677734,1584.4214810159633,83749.36149597168,198.0526851269954,False,ok
light_V0399_V_8s_2026_05_20-0060_flat_0p3_late_bias_cal.fits,2461181.7003641203,8.0,target,target,1953.1714427970157,641.8425306060794,True,0.0,0.0,3,1731553.745513916,4894.968208354577,216444.2181892395,611.8710260443221,False,ok
light_V0399_V_8s_2026_05_20-0060_flat_0p3_late_bias_cal.fits,2461181.7003641203,8.0,gaia_774272862760870784_src1,comparison,599.578460791499,258.08586022924334,True,0.0,0.0,3,-101.08872604370117,75.58906952097016,-12.636090755462646,9.44863369012127,False,nonpositive_flux
light_V0399_V_8s_2026_05_20-0060_flat_0p3_late_bias_cal.fits,2461181.7003641203,8.0,gaia_774271076054448768_src2,comparison,1506.7178858234115,321.3162110314761,True,0.0,0.0,3,-57.25788116455078,60.98533272682806,-7.157235145568848,7.623166590853508,False,nonpositive_flux
light_V0399_V_8s_2026_05_20-0060_flat_0p3_late_bias_cal.fits,2461181.7003641203,8.0,gaia_774384016513181696_src3,comparison,390.6121365600256,1254.514788035858,True,0.0,0.0,3,-146.32144165039062,77.58987357658786,-18.290180206298828,9.698734197073483,False,nonpositive_flux
light_V0399_V_8s_2026_05_20-0060_flat_0p3_late_bias_cal.fits,2461181.7003641203,8.0,gaia_774289041901756032_src4,comparison,2041.387437507543,1442.3507498915358,True,0.0,0.0,3,-85.08338928222656,46.70986903090632,-10.63542366027832,5.83873362886329,False,nonpositive_flux
light_V0399_V_8s_2026_05_20-0060_flat_0p3_late_bias_cal.fits,2461181.7003641203,8.0,gaia_774287774887292672_src5,comparison,2033.8085843345157,1080.733577355526,True,0.0,0.0,3,-67.25638198852539,47.19976486155693,-8.407047748565674,5.899970607694616,False,nonpositive_flux
light_V0399_V_8s_2026_05_20-0060_flat_0p3_late_bias_cal.fits,2461181.7003641203,8.0,gaia_774289488578357504_src6,comparison,940.6541235197662,1100.4907732876518,True,0.0,0.0,3,-66.73381042480469,48.05462087640798,-8.341726303100586,6.006827609550998,False,nonpositive_flux
light_V0399_V_8s_2026_05_20-0060_flat_0p3_late_bias_cal.fits,2461181.7003641203,8.0,gaia_774288805679445888_src7,comparison,1944.5979695251317,1351.7388630834228,True,0.0,0.0,3,-43.39275360107422,43.05621343228014,-5.424094200134277,5.382026679035017,False,nonpositive_flux
light_V0399_V_8s_2026_05_20-0060_flat_0p3_late_bias_cal.fits,2461181.7003641203,8.0,gaia_774290626745586944_src8,comparison,1071.4610770076736,1433.9985575432859,True,0.0,0.0,3,16.594249725341797,41.888189393133096,2.0742812156677246,5.236023674141637,False,ok
light_V0399_V_8s_2026_05_20-0060_flat_0p3_late_bias_cal.fits,2461181.7003641203,8.0,DN_UMa,check,1878.4590244785368,696.3696088530794,True,0.0,0.0,3,2491344.031616211,8231.915119592588,311418.00395202637,1028.9893899490735,False,ok
light_V0399_V_8s_2026_05_20-0060_flat_0p3_late_bias_cal.fits,2461181.7003641203,8.0,HD_103405,comparison,1180.9618788205255,160.48025289820973,True,0.0,0.0,3,122057.6279296875,483.33778736017814,15257.203491210938,60.41722342002227,False,ok
light_V0399_V_8s_2026_05_20-0060_flat_0p3_late_bias_cal.fits,2461181.7003641203,8.0,TYC_3452_787_1,comparison,387.6851212384288,764.8911182426427,True,0.0,0.0,3,156518.14656066895,580.9656194571083,19564.768320083618,72.62070243213854,False,ok
light_V0399_V_8s_2026_05_20-0060_flat_0p3_late_bias_cal.fits,2461181.7003641203,8.0,HD_103187,comparison,91.50030628146575,1524.0905332624204,True,0.0,0.0,3,602533.4118652344,1822.1972144033966,75316.6764831543,227.77465180042458,False,ok
light_V0399_V_8s_2026_05_20-0061_flat_0p3_late_bias_cal.fits,2461181.70055544,8.0,target,target,1953.9750126293945,641.7648767780946,True,0.0,0.0,3,1952542.267211914,3808.1976095627874,244067.78340148926,476.0247011953484,False,ok
light_V0399_V_8s_2026_05_20-0061_flat_0p3_late_bias_cal.fits,2461181.70055544,8.0,gaia_774272862760870784_src1,comparison,599.578460791499,258.08586022924334,True,0.0,0.0,3,-55.180477142333984,57.562612398226605,-6.897559642791748,7.195326549778326,False,nonpositive_flux
light_V0399_V_8s_2026_05_20-0061_flat_0p3_late_bias_cal.fits,2461181.70055544,8.0,gaia_774271076054448768_src2,comparison,1506.7178858234115,321.3162110314761,True,0.0,0.0,3,-12.560317993164062,51.27523988326999,-1.5700397491455078,6.409404985408749,False,nonpositive_flux
light_V0399_V_8s_2026_05_20-0061_flat_0p3_late_bias_cal.fits,2461181.70055544,8.0,gaia_774384016513181696_src3,comparison,390.6121365600256,1254.514788035858,True,0.0,0.0,3,-161.8738670349121,83.14511717302221,-20.234233379364014,10.393139646627777,False,nonpositive_flux
light_V0399_V_8s_2026_05_20-0061_flat_0p3_late_bias_cal.fits,2461181.70055544,8.0,gaia_774289041901756032_src4,comparison,2041.387437507543,1442.3507498915358,True,0.0,0.0,3,5.648262023925781,43.1925468045635,0.7060327529907227,5.399068350570437,False,ok
light_V0399_V_8s_2026_05_20-0061_flat_0p3_late_bias_cal.fits,2461181.70055544,8.0,gaia_774287774887292672_src5,comparison,2033.8085843345157,1080.733577355526,True,0.0,0.0,3,-11.872116088867188,45.031017347960564,-1.4840145111083984,5.6288771684950705,False,nonpositive_flux
light_V0399_V_8s_2026_05_20-0061_flat_0p3_late_bias_cal.fits,2461181.70055544,8.0,gaia_774289488578357504_src6,comparison,940.6541235197662,1100.4907732876518,True,0.0,0.0,3,-40.49791717529297,43.19803096793905,-5.062239646911621,5.399753870992381,False,nonpositive_flux
light_V0399_V_8s_2026_05_20-0061_flat_0p3_late_bias_cal.fits,2461181.70055544,8.0,gaia_774288805679445888_src7,comparison,1944.5979695251317,1351.7388630834228,True,0.0,0.0,3,-73.04597091674805,43.40851741350879,-9.130746364593506,5.426064676688599,False,nonpositive_flux
light_V0399_V_8s_2026_05_20-0061_flat_0p3_late_bias_cal.fits,2461181.70055544,8.0,gaia_774290626745586944_src8,comparison,1071.4610770076736,1433.9985575432859,True,0.0,0.0,3,-60.754783630371094,42.862552410656996,-7.594347953796387,5.357819051332124,False,nonpositive_flux
light_V0399_V_8s_2026_05_20-0061_flat_0p3_late_bias_cal.fits,2461181.70055544,8.0,DN_UMa,check,1879.2210427106647,696.3848138165971,True,0.0,0.0,3,2907242.271484375,7073.155732969901,363405.2839355469,884.1444666212376,True,saturated
light_V0399_V_8s_2026_05_20-0061_flat_0p3_late_bias_cal.fits,2461181.70055544,8.0,HD_103405,comparison,1181.767222079631,160.68142053955177,True,0.0,0.0,3,138075.84450531006,442.62546806675084,17259.480563163757,55.328183508343855,False,ok
light_V0399_V_8s_2026_05_20-0061_flat_0p3_late_bias_cal.fits,2461181.70055544,8.0,TYC_3452_787_1,comparison,388.62005479111593,764.9236829182256,True,0.0,0.0,3,181639.8179473877,530.7555869611285,22704.977243423462,66.34444837014107,False,ok
light_V0399_V_8s_2026_05_20-0061_flat_0p3_late_bias_cal.fits,2461181.70055544,8.0,HD_103187,comparison,92.5120634397358,1523.9783201695673,True,0.0,0.0,3,697609.5894927979,1453.7453152571393,87201.19868659973,181.7181644071424,False,ok
light_V0399_V_8s_2026_05_20-0062_flat_0p3_late_bias_cal.fits,2461181.700747222,8.0,target,target,1954.3104070662978,641.896378621043,True,0.0,0.0,3,1866435.766784668,4196.309196045107,233304.4708480835,524.5386495056383,False,ok
light_V0399_V_8s_2026_05_20-0062_flat_0p3_late_bias_cal.fits,2461181.700747222,8.0,gaia_774272862760870784_src1,comparison,599.578460791499,258.08586022924334,True,0.0,0.0,3,-47.326881408691406,57.28732610956042,-5.915860176086426,7.160915763695052,False,nonpositive_flux
light_V0399_V_8s_2026_05_20-0062_flat_0p3_late_bias_cal.fits,2461181.700747222,8.0,gaia_774271076054448768_src2,comparison,1506.7178858234115,321.3162110314761,True,0.0,0.0,3,-107.60061645507812,51.2768231644958,-13.450077056884766,6.409602895561975,False,nonpositive_flux
light_V0399_V_8s_2026_05_20-0062_flat_0p3_late_bias_cal.fits,2461181.700747222,8.0,gaia_774384016513181696_src3,comparison,390.6121365600256,1254.514788035858,True,0.0,0.0,3,-59.18008804321289,77.91804095666556,-7.397511005401611,9.739755119583196,False,nonpositive_flux
light_V0399_V_8s_2026_05_20-0062_flat_0p3_late_bias_cal.fits,2461181.700747222,8.0,gaia_774289041901756032_src4,comparison,2041.387437507543,1442.3507498915358,True,0.0,0.0,3,-11.914077758789062,42.86138430944874,-1.4892597198486328,5.357673038681092,False,nonpositive_flux
light_V0399_V_8s_2026_05_20-0062_flat_0p3_late_bias_cal.fits,2461181.700747222,8.0,gaia_774287774887292672_src5,comparison,2033.8085843345157,1080.733577355526,True,0.0,0.0,3,-58.36342239379883,41.97042494315718,-7.2954277992248535,5.246303117894647,False,nonpositive_flux
light_V0399_V_8s_2026_05_20-0062_flat_0p3_late_bias_cal.fits,2461181.700747222,8.0,gaia_774289488578357504_src6,comparison,940.6541235197662,1100.4907732876518,True,0.0,0.0,3,-32.029964447021484,42.72781306802357,-4.0037455558776855,5.3409766335029465,False,nonpositive_flux
light_V0399_V_8s_2026_05_20-0062_flat_0p3_late_bias_cal.fits,2461181.700747222,8.0,gaia_774288805679445888_src7,comparison,1944.5979695251317,1351.7388630834228,True,0.0,0.0,3,52.34514617919922,41.94438266346894,6.543143272399902,5.243047832933618,False,ok
light_V0399_V_8s_2026_05_20-0062_flat_0p3_late_bias_cal.fits,2461181.700747222,8.0,gaia_774290626745586944_src8,comparison,1071.4610770076736,1433.9985575432859,True,0.0,0.0,3,37.383426666259766,39.96392989130574,4.672928333282471,4.995491236413217,False,ok
light_V0399_V_8s_2026_05_20-0062_flat_0p3_late_bias_cal.fits,2461181.700747222,8.0,DN_UMa,check,1879.5700923773984,696.4338362030813,True,0.0,0.0,3,2709558.7494506836,7598.886592287058,338694.84368133545,949.8608240358823,False,ok
light_V0399_V_8s_2026_05_20-0062_flat_0p3_late_bias_cal.fits,2461181.700747222,8.0,HD_103405,comparison,1182.2168607723281,160.65865672022937,True,0.0,0.0,3,133526.146484375,457.8596102747249,16690.768310546875,57.23245128434061,False,ok
light_V0399_V_8s_2026_05_20-0062_flat_0p3_late_bias_cal.fits,2461181.700747222,8.0,TYC_3452_787_1,comparison,388.7729917125875,764.8530081035295,True,0.0,0.0,3,173991.50270843506,548.6159850691486,21748.937838554382,68.57699813364357,False,ok
light_V0399_V_8s_2026_05_20-0062_flat_0p3_late_bias_cal.fits,2461181.700747222,8.0,HD_103187,comparison,92.55001999682392,1524.005234013239,True,0.0,0.0,3,668930.3950805664,1589.9444045189161,83616.2993850708,198.74305056486452,False,ok
light_V0399_V_8s_2026_05_20-0063_flat_0p3_late_bias_cal.fits,2461181.70093831,8.0,target,target,1954.2488917111946,641.9219040692299,True,0.0,0.0,3,1859818.5725097656,4333.675300300789,232477.3215637207,541.7094125375986,False,ok
light_V0399_V_8s_2026_05_20-0063_flat_0p3_late_bias_cal.fits,2461181.70093831,8.0,gaia_774272862760870784_src1,comparison,599.578460791499,258.08586022924334,True,0.0,0.0,3,-137.00495147705078,67.0343702846672,-17.125618934631348,8.3792962855834,False,nonpositive_flux
light_V0399_V_8s_2026_05_20-0063_flat_0p3_late_bias_cal.fits,2461181.70093831,8.0,gaia_774271076054448768_src2,comparison,1506.7178858234115,321.3162110314761,True,0.0,0.0,3,-49.33293914794922,56.06545738634164,-6.166617393493652,7.008182173292705,False,nonpositive_flux
light_V0399_V_8s_2026_05_20-0063_flat_0p3_late_bias_cal.fits,2461181.70093831,8.0,gaia_774384016513181696_src3,comparison,390.6121365600256,1254.514788035858,True,0.0,0.0,3,-101.23931884765625,78.99150811115932,-12.654914855957031,9.873938513894915,False,nonpositive_flux
light_V0399_V_8s_2026_05_20-0063_flat_0p3_late_bias_cal.fits,2461181.70093831,8.0,gaia_774289041901756032_src4,comparison,2041.387437507543,1442.3507498915358,True,0.0,0.0,3,18.358875274658203,44.555611581652244,2.2948594093322754,5.5694514477065304,False,ok
light_V0399_V_8s_2026_05_20-0063_flat_0p3_late_bias_cal.fits,2461181.70093831,8.0,gaia_774287774887292672_src5,comparison,2033.8085843345157,1080.733577355526,True,0.0,0.0,3,-32.335628509521484,43.471478313601985,-4.0419535636901855,5.433934789200248,False,nonpositive_flux
light_V0399_V_8s_2026_05_20-0063_flat_0p3_late_bias_cal.fits,2461181.70093831,8.0,gaia_774289488578357504_src6,comparison,940.6541235197662,1100.4907732876518,True,0.0,0.0,3,-70.05569076538086,43.47690313920763,-8.756961345672607,5.434612892400954,False,nonpositive_flux
light_V0399_V_8s_2026_05_20-0063_flat_0p3_late_bias_cal.fits,2461181.70093831,8.0,gaia_774288805679445888_src7,comparison,1944.5979695251317,1351.7388630834228,True,0.0,0.0,3,-95.8766975402832,41.858198346651406,-11.9845871925354,5.232274793331426,False,nonpositive_flux
light_V0399_V_8s_2026_05_20-0063_flat_0p3_late_bias_cal.fits,2461181.70093831,8.0,gaia_774290626745586944_src8,comparison,1071.4610770076736,1433.9985575432859,True,0.0,0.0,3,-6.051643371582031,41.04594227786941,-0.7564554214477539,5.130742784733676,False,nonpositive_flux
light_V0399_V_8s_2026_05_20-0063_flat_0p3_late_bias_cal.fits,2461181.70093831,8.0,DN_UMa,check,1879.505017738974,696.4953517199929,True,0.0,0.0,3,2755239.8178710938,7877.420949598399,344404.9772338867,984.6776186997998,False,ok
light_V0399_V_8s_2026_05_20-0063_flat_0p3_late_bias_cal.fits,2461181.70093831,8.0,HD_103405,comparison,1181.7815170239253,160.85468784438942,True,0.0,0.0,3,129945.05699920654,456.6426754878821,16243.132124900818,57.080334435985264,False,ok
light_V0399_V_8s_2026_05_20-0063_flat_0p3_late_bias_cal.fits,2461181.70093831,8.0,TYC_3452_787_1,comparison,388.8856927991593,765.1411287087735,True,0.0,0.0,3,169643.63777160645,552.6389909431073,21205.454721450806,69.07987386788841,False,ok
light_V0399_V_8s_2026_05_20-0063_flat_0p3_late_bias_cal.fits,2461181.70093831,8.0,HD_103187,comparison,92.82649743276004,1524.4298417486898,True,0.0,0.0,3,662536.1034240723,1599.913603430406,82817.01292800903,199.98920042880076,False,ok
light_V0399_V_8s_2026_05_20-0064_flat_0p3_late_bias_cal.fits,2461181.701130209,8.0,target,target,1954.5320422126174,641.3312203489054,True,0.0,0.0,3,1891176.9705810547,4325.168732087364,236397.12132263184,540.6460915109205,False,ok
light_V0399_V_8s_2026_05_20-0064_flat_0p3_late_bias_cal.fits,2461181.701130209,8.0,gaia_774272862760870784_src1,comparison,599.578460791499,258.08586022924334,True,0.0,0.0,3,20.900630950927734,55.47537482704919,2.612578868865967,6.934421853381148,False,ok
light_V0399_V_8s_2026_05_20-0064_flat_0p3_late_bias_cal.fits,2461181.701130209,8.0,gaia_774271076054448768_src2,comparison,1506.7178858234115,321.3162110314761,True,0.0,0.0,3,-14.729930877685547,51.90645650611817,-1.8412413597106934,6.488307063264771,False,nonpositive_flux
light_V0399_V_8s_2026_05_20-0064_flat_0p3_late_bias_cal.fits,2461181.701130209,8.0,gaia_774384016513181696_src3,comparison,390.6121365600256,1254.514788035858,True,0.0,0.0,3,-132.468017578125,83.48944793112115,-16.558502197265625,10.436180991390144,False,nonpositive_flux
light_V0399_V_8s_2026_05_20-0064_flat_0p3_late_bias_cal.fits,2461181.701130209,8.0,gaia_774289041901756032_src4,comparison,2041.387437507543,1442.3507498915358,True,0.0,0.0,3,6.219306945800781,44.691231049283395,0.7774133682250977,5.586403881160424,False,ok
light_V0399_V_8s_2026_05_20-0064_flat_0p3_late_bias_cal.fits,2461181.701130209,8.0,gaia_774287774887292672_src5,comparison,2033.8085843345157,1080.733577355526,True,0.0,0.0,3,-19.84600830078125,43.83458190355093,-2.4807510375976562,5.479322737943866,False,nonpositive_flux
light_V0399_V_8s_2026_05_20-0064_flat_0p3_late_bias_cal.fits,2461181.701130209,8.0,gaia_774289488578357504_src6,comparison,940.6541235197662,1100.4907732876518,True,0.0,0.0,3,-28.179080963134766,42.150907768784556,-3.5223851203918457,5.2688634710980695,False,nonpositive_flux
light_V0399_V_8s_2026_05_20-0064_flat_0p3_late_bias_cal.fits,2461181.701130209,8.0,gaia_774288805679445888_src7,comparison,1944.5979695251317,1351.7388630834228,True,0.0,0.0,3,-10.806034088134766,43.330898347300675,-1.3507542610168457,5.416362293412584,False,nonpositive_flux
light_V0399_V_8s_2026_05_20-0064_flat_0p3_late_bias_cal.fits,2461181.701130209,8.0,gaia_774290626745586944_src8,comparison,1071.4610770076736,1433.9985575432859,True,0.0,0.0,3,24.514240264892578,42.02714355282618,3.0642800331115723,5.253392944103273,False,ok
light_V0399_V_8s_2026_05_20-0064_flat_0p3_late_bias_cal.fits,2461181.701130209,8.0,DN_UMa,check,1879.845625992311,695.8731043797286,True,0.0,0.0,3,2752401.0181884766,8188.180566943546,344050.12727355957,1023.5225708679433,False,ok
light_V0399_V_8s_2026_05_20-0064_flat_0p3_late_bias_cal.fits,2461181.701130209,8.0,HD_103405,comparison,1182.3295034166738,160.15562457165436,True,0.0,0.0,3,131527.08464050293,461.6322404454341,16440.885580062866,57.70403005567926,False,ok
light_V0399_V_8s_2026_05_20-0064_flat_0p3_late_bias_cal.fits,2461181.701130209,8.0,TYC_3452_787_1,comparison,389.2772279181143,764.6060597686999,True,0.0,0.0,3,178055.57348632812,558.5729945148302,22256.946685791016,69.82162431435377,False,ok
light_V0399_V_8s_2026_05_20-0064_flat_0p3_late_bias_cal.fits,2461181.701130209,8.0,HD_103187,comparison,93.13159061158846,1523.8141441164057,True,0.0,0.0,3,665382.8824768066,1639.7761395139976,83172.86030960083,204.9720174392497,False,ok
light_V0399_V_8s_2026_05_20-0065_flat_0p3_late_bias_cal.fits,2461181.7013217593,8.0,target,target,1954.9937334674132,641.08597145997,True,0.0,0.0,3,1866524.4687194824,4036.9587763661766,233315.5585899353,504.6198470457721,False,ok
light_V0399_V_8s_2026_05_20-0065_flat_0p3_late_bias_cal.fits,2461181.7013217593,8.0,gaia_774272862760870784_src1,comparison,599.578460791499,258.08586022924334,True,0.0,0.0,3,-57.182987213134766,49.795891356373644,-7.147873401641846,6.224486419546706,False,nonpositive_flux
light_V0399_V_8s_2026_05_20-0065_flat_0p3_late_bias_cal.fits,2461181.7013217593,8.0,gaia_774271076054448768_src2,comparison,1506.7178858234115,321.3162110314761,True,0.0,0.0,3,4.146400451660156,48.946309485759016,0.5183000564575195,6.118288685719877,False,ok
light_V0399_V_8s_2026_05_20-0065_flat_0p3_late_bias_cal.fits,2461181.7013217593,8.0,gaia_774384016513181696_src3,comparison,390.6121365600256,1254.514788035858,True,0.0,0.0,3,-178.11079025268555,81.40236649218157,-22.263848781585693,10.175295811522696,False,nonpositive_flux
light_V0399_V_8s_2026_05_20-0065_flat_0p3_late_bias_cal.fits,2461181.7013217593,8.0,gaia_774289041901756032_src4,comparison,2041.387437507543,1442.3507498915358,True,0.0,0.0,3,-152.67277908325195,44.80210063447299,-19.084097385406494,5.600262579309124,False,nonpositive_flux
light_V0399_V_8s_2026_05_20-0065_flat_0p3_late_bias_cal.fits,2461181.7013217593,8.0,gaia_774287774887292672_src5,comparison,2033.8085843345157,1080.733577355526,True,0.0,0.0,3,-27.4176025390625,43.65422034696986,-3.4272003173828125,5.456777543371232,False,nonpositive_flux
light_V0399_V_8s_2026_05_20-0065_flat_0p3_late_bias_cal.fits,2461181.7013217593,8.0,gaia_774289488578357504_src6,comparison,940.6541235197662,1100.4907732876518,True,0.0,0.0,3,42.981597900390625,42.7517492320241,5.372699737548828,5.343968654003013,False,ok
light_V0399_V_8s_2026_05_20-0065_flat_0p3_late_bias_cal.fits,2461181.7013217593,8.0,gaia_774288805679445888_src7,comparison,1944.5979695251317,1351.7388630834228,True,0.0,0.0,3,27.66083526611328,40.77135422154511,3.45760440826416,5.096419277693139,False,ok
light_V0399_V_8s_2026_05_20-0065_flat_0p3_late_bias_cal.fits,2461181.7013217593,8.0,gaia_774290626745586944_src8,comparison,1071.4610770076736,1433.9985575432859,True,0.0,0.0,3,99.97662734985352,40.205398346633665,12.49707841873169,5.025674793329208,False,ok
light_V0399_V_8s_2026_05_20-0065_flat_0p3_late_bias_cal.fits,2461181.7013217593,8.0,DN_UMa,check,1880.2480550193184,695.6470327294351,True,0.0,0.0,3,2797308.4224243164,7229.646954432406,349663.55280303955,903.7058693040508,True,saturated
light_V0399_V_8s_2026_05_20-0065_flat_0p3_late_bias_cal.fits,2461181.7013217593,8.0,HD_103405,comparison,1182.8509699090646,160.12952402966462,True,0.0,0.0,3,134172.47509765625,458.3765693591754,16771.55938720703,57.297071169896924,False,ok
light_V0399_V_8s_2026_05_20-0065_flat_0p3_late_bias_cal.fits,2461181.7013217593,8.0,TYC_3452_787_1,comparison,389.9511247240378,764.5310542807565,True,0.0,0.0,3,179871.97680664062,557.3255308997603,22483.997100830078,69.66569136247004,False,ok
light_V0399_V_8s_2026_05_20-0065_flat_0p3_late_bias_cal.fits,2461181.7013217593,8.0,HD_103187,comparison,93.7587460185623,1523.773703742132,True,0.0,0.0,3,677918.8228302002,1590.2334745626817,84739.85285377502,198.77918432033522,False,ok
light_V0399_V_8s_2026_05_20-0066_flat_0p3_late_bias_cal.fits,2461181.701513542,8.0,target,target,1955.7349118361947,639.9399334771679,True,0.0,0.0,3,1905627.1670532227,4035.015757990226,238203.39588165283,504.37696974877827,False,ok
light_V0399_V_8s_2026_05_20-0066_flat_0p3_late_bias_cal.fits,2461181.701513542,8.0,gaia_774272862760870784_src1,comparison,599.578460791499,258.08586022924334,True,0.0,0.0,3,-15.557025909423828,48.99508934938,-1.9446282386779785,6.1243861686725,False,nonpositive_flux
light_V0399_V_8s_2026_05_20-0066_flat_0p3_late_bias_cal.fits,2461181.701513542,8.0,gaia_774271076054448768_src2,comparison,1506.7178858234115,321.3162110314761,True,0.0,0.0,3,-60.34104919433594,46.60689202688793,-7.542631149291992,5.825861503360991,False,nonpositive_flux
light_V0399_V_8s_2026_05_20-0066_flat_0p3_late_bias_cal.fits,2461181.701513542,8.0,gaia_774384016513181696_src3,comparison,390.6121365600256,1254.514788035858,True,0.0,0.0,3,-18.81072998046875,75.73544514477062,-2.3513412475585938,9.466930643096328,False,nonpositive_flux
light_V0399_V_8s_2026_05_20-0066_flat_0p3_late_bias_cal.fits,2461181.701513542,8.0,gaia_774289041901756032_src4,comparison,2041.387437507543,1442.3507498915358,True,0.0,0.0,3,16.825477600097656,43.30973759429859,2.103184700012207,5.413717199287324,False,ok
light_V0399_V_8s_2026_05_20-0066_flat_0p3_late_bias_cal.fits,2461181.701513542,8.0,gaia_774287774887292672_src5,comparison,2033.8085843345157,1080.733577355526,True,0.0,0.0,3,-90.13177871704102,42.582774204867064,-11.266472339630127,5.322846775608383,False,nonpositive_flux
light_V0399_V_8s_2026_05_20-0066_flat_0p3_late_bias_cal.fits,2461181.701513542,8.0,gaia_774289488578357504_src6,comparison,940.6541235197662,1100.4907732876518,True,0.0,0.0,3,9.537677764892578,40.63033776018253,1.1922097206115723,5.078792220022816,False,ok
light_V0399_V_8s_2026_05_20-0066_flat_0p3_late_bias_cal.fits,2461181.701513542,8.0,gaia_774288805679445888_src7,comparison,1944.5979695251317,1351.7388630834228,True,0.0,0.0,3,-44.71887969970703,41.90001989471392,-5.589859962463379,5.23750248683924,False,nonpositive_flux
light_V0399_V_8s_2026_05_20-0066_flat_0p3_late_bias_cal.fits,2461181.701513542,8.0,gaia_774290626745586944_src8,comparison,1071.4610770076736,1433.9985575432859,True,0.0,0.0,3,101.98195266723633,43.04678122699482,12.747744083404541,5.380847653374352,False,ok
light_V0399_V_8s_2026_05_20-0066_flat_0p3_late_bias_cal.fits,2461181.701513542,8.0,DN_UMa,check,1881.0276795788407,694.5183140201392,True,0.0,0.0,3,2776690.9116210938,7320.946715497554,347086.3639526367,915.1183394371942,False,ok
light_V0399_V_8s_2026_05_20-0066_flat_0p3_late_bias_cal.fits,2461181.701513542,8.0,HD_103405,comparison,1183.440111599834,158.98184463832064,True,0.0,0.0,3,133570.85794067383,451.9247508088006,16696.35724258423,56.49059385110007,False,ok
light_V0399_V_8s_2026_05_20-0066_flat_0p3_late_bias_cal.fits,2461181.701513542,8.0,TYC_3452_787_1,comparison,390.36174787250076,763.2823569746937,True,0.0,0.0,3,178186.68298339844,543.3326745848657,22273.335372924805,67.91658432310821,False,ok
light_V0399_V_8s_2026_05_20-0066_flat_0p3_late_bias_cal.fits,2461181.701513542,8.0,HD_103187,comparison,94.23511809956953,1522.6138459763258,True,0.0,0.0,3,684021.7197265625,1555.1479422424088,85502.71496582031,194.3934927803011,False,ok
light_V0399_V_8s_2026_05_20-0067_flat_0p3_late_bias_cal.fits,2461181.70170544,8.0,target,target,1956.0020255096795,639.5010158610623,True,0.0,0.0,3,2087956.716796875,3527.573192131295,260994.58959960938,440.94664901641187,False,ok
light_V0399_V_8s_2026_05_20-0067_flat_0p3_late_bias_cal.fits,2461181.70170544,8.0,gaia_774272862760870784_src1,comparison,599.578460791499,258.08586022924334,True,0.0,0.0,3,33.9784049987793,46.32005425229224,4.247300624847412,5.79000678153653,False,ok
light_V0399_V_8s_2026_05_20-0067_flat_0p3_late_bias_cal.fits,2461181.70170544,8.0,gaia_774271076054448768_src2,comparison,1506.7178858234115,321.3162110314761,True,0.0,0.0,3,-69.21762466430664,46.96141506914833,-8.65220308303833,5.870176883643541,False,nonpositive_flux
light_V0399_V_8s_2026_05_20-0067_flat_0p3_late_bias_cal.fits,2461181.70170544,8.0,gaia_774384016513181696_src3,comparison,390.6121365600256,1254.514788035858,True,0.0,0.0,3,-99.27685546875,79.21301963006347,-12.40960693359375,9.901627453757934,False,nonpositive_flux
light_V0399_V_8s_2026_05_20-0067_flat_0p3_late_bias_cal.fits,2461181.70170544,8.0,gaia_774289041901756032_src4,comparison,2041.387437507543,1442.3507498915358,True,0.0,0.0,3,3.4514007568359375,41.86464819809953,0.4314250946044922,5.233081024762441,False,ok
light_V0399_V_8s_2026_05_20-0067_flat_0p3_late_bias_cal.fits,2461181.70170544,8.0,gaia_774287774887292672_src5,comparison,2033.8085843345157,1080.733577355526,True,0.0,0.0,3,-31.983783721923828,40.04627244667266,-3.9979729652404785,5.0057840558340825,False,nonpositive_flux
light_V0399_V_8s_2026_05_20-0067_flat_0p3_late_bias_cal.fits,2461181.70170544,8.0,gaia_774289488578357504_src6,comparison,940.6541235197662,1100.4907732876518,True,0.0,0.0,3,8.608840942382812,40.707844128885604,1.0761051177978516,5.0884805161107005,False,ok
light_V0399_V_8s_2026_05_20-0067_flat_0p3_late_bias_cal.fits,2461181.70170544,8.0,gaia_774288805679445888_src7,comparison,1944.5979695251317,1351.7388630834228,True,0.0,0.0,3,-51.99605941772461,42.55074714548935,-6.499507427215576,5.318843393186169,False,nonpositive_flux
light_V0399_V_8s_2026_05_20-0067_flat_0p3_late_bias_cal.fits,2461181.70170544,8.0,gaia_774290626745586944_src8,comparison,1071.4610770076736,1433.9985575432859,True,0.0,0.0,3,95.06807708740234,42.03915700091378,11.883509635925293,5.254894625114223,False,ok
light_V0399_V_8s_2026_05_20-0067_flat_0p3_late_bias_cal.fits,2461181.70170544,8.0,DN_UMa,check,1881.2612595332375,694.0889847238113,True,0.0,0.0,3,3000701.230102539,6423.88312388042,375087.6537628174,802.9853904850524,True,saturated
light_V0399_V_8s_2026_05_20-0067_flat_0p3_late_bias_cal.fits,2461181.70170544,8.0,HD_103405,comparison,1183.7481059906017,158.4017468752552,True,0.0,0.0,3,146876.44696044922,446.0639142012565,18359.555870056152,55.757989275157065,False,ok
light_V0399_V_8s_2026_05_20-0067_flat_0p3_late_bias_cal.fits,2461181.70170544,8.0,TYC_3452_787_1,comparison,390.76503364422166,762.846597551668,True,0.0,0.0,3,191749.2727508545,527.7902024800476,23968.65909385681,65.97377531000595,False,ok
light_V0399_V_8s_2026_05_20-0067_flat_0p3_late_bias_cal.fits,2461181.70170544,8.0,HD_103187,comparison,94.7838118905611,1522.0792983760118,True,0.0,0.0,3,734134.080657959,1426.4247202752535,91766.76008224487,178.3030900344067,False,ok
light_V0399_V_8s_2026_05_20-0068_flat_0p3_late_bias_cal.fits,2461181.7018971066,8.0,target,target,1956.2688607218333,640.9391883045253,True,0.0,0.0,3,1915495.527770996,4132.829451040259,239436.9409713745,516.6036813800324,False,ok
light_V0399_V_8s_2026_05_20-0068_flat_0p3_late_bias_cal.fits,2461181.7018971066,8.0,gaia_774272862760870784_src1,comparison,599.578460791499,258.08586022924334,True,0.0,0.0,3,-49.05193328857422,44.25734764620513,-6.131491661071777,5.532168455775642,False,nonpositive_flux
light_V0399_V_8s_2026_05_20-0068_flat_0p3_late_bias_cal.fits,2461181.7018971066,8.0,gaia_774271076054448768_src2,comparison,1506.7178858234115,321.3162110314761,True,0.0,0.0,3,-20.887996673583984,44.995128633364786,-2.610999584197998,5.624391079170598,False,nonpositive_flux
light_V0399_V_8s_2026_05_20-0068_flat_0p3_late_bias_cal.fits,2461181.7018971066,8.0,gaia_774384016513181696_src3,comparison,390.6121365600256,1254.514788035858,True,0.0,0.0,3,-74.9505500793457,84.74592551246589,-9.368818759918213,10.593240689058236,False,nonpositive_flux
light_V0399_V_8s_2026_05_20-0068_flat_0p3_late_bias_cal.fits,2461181.7018971066,8.0,gaia_774289041901756032_src4,comparison,2041.387437507543,1442.3507498915358,True,0.0,0.0,3,40.6024284362793,44.213548111543254,5.075303554534912,5.526693513942907,False,ok
light_V0399_V_8s_2026_05_20-0068_flat_0p3_late_bias_cal.fits,2461181.7018971066,8.0,gaia_774287774887292672_src5,comparison,2033.8085843345157,1080.733577355526,True,0.0,0.0,3,1.9911422729492188,41.15001968420938,0.24889278411865234,5.143752460526173,False,ok
light_V0399_V_8s_2026_05_20-0068_flat_0p3_late_bias_cal.fits,2461181.7018971066,8.0,gaia_774289488578357504_src6,comparison,940.6541235197662,1100.4907732876518,True,0.0,0.0,3,-12.02779769897461,39.71722845860582,-1.5034747123718262,4.964653557325727,False,nonpositive_flux
light_V0399_V_8s_2026_05_20-0068_flat_0p3_late_bias_cal.fits,2461181.7018971066,8.0,gaia_774288805679445888_src7,comparison,1944.5979695251317,1351.7388630834228,True,0.0,0.0,3,-46.970767974853516,41.452990723328604,-5.8713459968566895,5.1816238404160755,False,nonpositive_flux
light_V0399_V_8s_2026_05_20-0068_flat_0p3_late_bias_cal.fits,2461181.7018971066,8.0,gaia_774290626745586944_src8,comparison,1071.4610770076736,1433.9985575432859,True,0.0,0.0,3,16.91637420654297,40.612795845884776,2.114546775817871,5.076599480735597,False,ok
light_V0399_V_8s_2026_05_20-0068_flat_0p3_late_bias_cal.fits,2461181.7018971066,8.0,DN_UMa,check,1881.5557871021967,695.5258378982392,True,0.0,0.0,3,2802904.236694336,7354.697821605178,350363.029586792,919.3372277006473,True,saturated
light_V0399_V_8s_2026_05_20-0068_flat_0p3_late_bias_cal.fits,2461181.7018971066,8.0,HD_103405,comparison,1183.8387268904626,159.81184153493948,True,0.0,0.0,3,136958.93161392212,457.33662555301373,17119.866451740265,57.16707819412672,False,ok
light_V0399_V_8s_2026_05_20-0068_flat_0p3_late_bias_cal.fits,2461181.7018971066,8.0,TYC_3452_787_1,comparison,390.93711886135543,764.156973137249,True,0.0,0.0,3,177299.03370666504,541.8798068573595,22162.37921333313,67.73497585716994,False,ok
light_V0399_V_8s_2026_05_20-0068_flat_0p3_late_bias_cal.fits,2461181.7018971066,8.0,HD_103187,comparison,94.90322239592442,1523.4249634300197,True,0.0,0.0,3,692012.2707519531,1550.8381631652742,86501.53384399414,193.85477039565927,False,ok
light_V0399_V_8s_2026_05_20-0069_flat_0p3_late_bias_cal.fits,2461181.7020890047,8.0,target,target,1956.0056525733423,640.7238140749677,True,0.0,0.0,3,1641360.7181396484,5246.898788652923,205170.08976745605,655.8623485816154,False,ok
light_V0399_V_8s_2026_05_20-0069_flat_0p3_late_bias_cal.fits,2461181.7020890047,8.0,gaia_774272862760870784_src1,comparison,599.578460791499,258.08586022924334,True,0.0,0.0,3,-13.46316909790039,49.88287742598388,-1.6828961372375488,6.235359678247985,False,nonpositive_flux
light_V0399_V_8s_2026_05_20-0069_flat_0p3_late_bias_cal.fits,2461181.7020890047,8.0,gaia_774271076054448768_src2,comparison,1506.7178858234115,321.3162110314761,True,0.0,0.0,3,-29.470996856689453,47.264105700744935,-3.6838746070861816,5.908013212593117,False,nonpositive_flux
light_V0399_V_8s_2026_05_20-0069_flat_0p3_late_bias_cal.fits,2461181.7020890047,8.0,gaia_774384016513181696_src3,comparison,390.6121365600256,1254.514788035858,True,0.0,0.0,3,5.1020050048828125,71.6445817269924,0.6377506256103516,8.95557271587405,False,ok
light_V0399_V_8s_2026_05_20-0069_flat_0p3_late_bias_cal.fits,2461181.7020890047,8.0,gaia_774289041901756032_src4,comparison,2041.387437507543,1442.3507498915358,True,0.0,0.0,3,-20.190853118896484,43.00636823935365,-2.5238566398620605,5.375796029919206,False,nonpositive_flux
light_V0399_V_8s_2026_05_20-0069_flat_0p3_late_bias_cal.fits,2461181.7020890047,8.0,gaia_774287774887292672_src5,comparison,2033.8085843345157,1080.733577355526,True,0.0,0.0,3,-61.304325103759766,41.6917779909567,-7.663040637969971,5.211472248869588,False,nonpositive_flux
light_V0399_V_8s_2026_05_20-0069_flat_0p3_late_bias_cal.fits,2461181.7020890047,8.0,gaia_774289488578357504_src6,comparison,940.6541235197662,1100.4907732876518,True,0.0,0.0,3,12.753570556640625,39.53216024878529,1.5941963195800781,4.941520031098161,False,ok
light_V0399_V_8s_2026_05_20-0069_flat_0p3_late_bias_cal.fits,2461181.7020890047,8.0,gaia_774288805679445888_src7,comparison,1944.5979695251317,1351.7388630834228,True,0.0,0.0,3,37.19218063354492,41.020683599368056,4.649022579193115,5.127585449921007,False,ok
light_V0399_V_8s_2026_05_20-0069_flat_0p3_late_bias_cal.fits,2461181.7020890047,8.0,gaia_774290626745586944_src8,comparison,1071.4610770076736,1433.9985575432859,True,0.0,0.0,3,-36.942386627197266,40.935642065920035,-4.617798328399658,5.116955258240004,False,nonpositive_flux
light_V0399_V_8s_2026_05_20-0069_flat_0p3_late_bias_cal.fits,2461181.7020890047,8.0,DN_UMa,check,1881.3317803241289,695.233884010616,True,0.0,0.0,3,2449365.8816223145,8824.82304523746,306170.7352027893,1103.1028806546824,False,ok
light_V0399_V_8s_2026_05_20-0069_flat_0p3_late_bias_cal.fits,2461181.7020890047,8.0,HD_103405,comparison,1183.5246365842142,159.55493830351213,True,0.0,0.0,3,118011.02467727661,489.67007689821884,14751.378084659576,61.208759612277355,False,ok
light_V0399_V_8s_2026_05_20-0069_flat_0p3_late_bias_cal.fits,2461181.7020890047,8.0,TYC_3452_787_1,comparison,390.5730743740616,763.9631785239111,True,0.0,0.0,3,155496.89611053467,598.1993139515658,19437.112013816833,74.77491424394573,False,ok
light_V0399_V_8s_2026_05_20-0069_flat_0p3_late_bias_cal.fits,2461181.7020890047,8.0,HD_103187,comparison,94.56598865298628,1523.334372117222,True,0.0,0.0,3,582985.7588806152,1942.27218025533,72873.2198600769,242.78402253191626,False,ok
light_V0399_V_8s_2026_05_20-0070_flat_0p3_late_bias_cal.fits,2461181.702280787,8.0,target,target,1959.2065734060009,642.6712463238083,True,0.0,0.0,3,1656801.8554382324,4886.80555941817,207100.23192977905,610.8506949272712,False,ok
light_V0399_V_8s_2026_05_20-0070_flat_0p3_late_bias_cal.fits,2461181.702280787,8.0,gaia_774272862760870784_src1,comparison,599.578460791499,258.08586022924334,True,0.0,0.0,3,-7.845062255859375,41.79163048621956,-0.9806327819824219,5.223953810777445,False,nonpositive_flux
light_V0399_V_8s_2026_05_20-0070_flat_0p3_late_bias_cal.fits,2461181.702280787,8.0,gaia_774271076054448768_src2,comparison,1506.7178858234115,321.3162110314761,True,0.0,0.0,3,-97.47590637207031,41.79218469436003,-12.184488296508789,5.224023086795004,False,nonpositive_flux
light_V0399_V_8s_2026_05_20-0070_flat_0p3_late_bias_cal.fits,2461181.702280787,8.0,gaia_774384016513181696_src3,comparison,390.6121365600256,1254.514788035858,True,0.0,0.0,3,3.1488265991210938,67.01854995650676,0.3936033248901367,8.377318744563345,False,ok
light_V0399_V_8s_2026_05_20-0070_flat_0p3_late_bias_cal.fits,2461181.702280787,8.0,gaia_774289041901756032_src4,comparison,2041.387437507543,1442.3507498915358,True,0.0,0.0,3,-112.3957290649414,41.148795088456346,-14.049466133117676,5.143599386057043,False,nonpositive_flux
light_V0399_V_8s_2026_05_20-0070_flat_0p3_late_bias_cal.fits,2461181.702280787,8.0,gaia_774287774887292672_src5,comparison,2033.8085843345157,1080.733577355526,True,0.0,0.0,3,17.626239776611328,39.66413913508614,2.203279972076416,4.958017391885767,False,ok
light_V0399_V_8s_2026_05_20-0070_flat_0p3_late_bias_cal.fits,2461181.702280787,8.0,gaia_774289488578357504_src6,comparison,940.6541235197662,1100.4907732876518,True,0.0,0.0,3,-9.9178466796875,38.46447876873568,-1.2397308349609375,4.80805984609196,False,nonpositive_flux
light_V0399_V_8s_2026_05_20-0070_flat_0p3_late_bias_cal.fits,2461181.702280787,8.0,gaia_774288805679445888_src7,comparison,1944.5979695251317,1351.7388630834228,True,0.0,0.0,3,-63.049129486083984,41.52199383172215,-7.881141185760498,5.190249228965269,False,nonpositive_flux
light_V0399_V_8s_2026_05_20-0070_flat_0p3_late_bias_cal.fits,2461181.702280787,8.0,gaia_774290626745586944_src8,comparison,1071.4610770076736,1433.9985575432859,True,0.0,0.0,3,17.215171813964844,41.139556281566946,2.1518964767456055,5.142444535195868,False,ok
light_V0399_V_8s_2026_05_20-0070_flat_0p3_late_bias_cal.fits,2461181.702280787,8.0,DN_UMa,check,1884.5147657985226,697.1525043844293,True,0.0,0.0,3,2415126.2135620117,8293.49785416134,301890.77669525146,1036.6872317701675,False,ok
light_V0399_V_8s_2026_05_20-0070_flat_0p3_late_bias_cal.fits,2461181.702280787,8.0,HD_103405,comparison,1186.8745514177365,161.6114065488885,True,0.0,0.0,3,115810.705078125,477.0095675171478,14476.338134765625,59.62619593964347,False,ok
light_V0399_V_8s_2026_05_20-0070_flat_0p3_late_bias_cal.fits,2461181.702280787,8.0,TYC_3452_787_1,comparison,393.8987533414367,765.7052966837862,True,0.0,0.0,3,147122.444770813,595.9345395992276,18390.305596351624,74.49181744990345,False,ok
light_V0399_V_8s_2026_05_20-0070_flat_0p3_late_bias_cal.fits,2461181.702280787,8.0,HD_103187,comparison,97.71214586440124,1524.853689290133,True,0.0,0.0,3,546601.4691772461,1969.1701714975902,68325.18364715576,246.14627143719878,False,ok
light_V0399_V_8s_2026_05_20-0071_flat_0p3_late_bias_cal.fits,2461181.7024725694,8.0,target,target,1958.602561618809,642.6354791600914,True,0.0,0.0,3,1911621.6734313965,4355.803413845135,238952.70917892456,544.4754267306419,False,ok
light_V0399_V_8s_2026_05_20-0071_flat_0p3_late_bias_cal.fits,2461181.7024725694,8.0,gaia_774272862760870784_src1,comparison,599.578460791499,258.08586022924334,True,0.0,0.0,3,-103.3844985961914,42.717963748533876,-12.923062324523926,5.3397454685667345,False,nonpositive_flux
light_V0399_V_8s_2026_05_20-0071_flat_0p3_late_bias_cal.fits,2461181.7024725694,8.0,gaia_774271076054448768_src2,comparison,1506.7178858234115,321.3162110314761,True,0.0,0.0,3,-31.72372817993164,41.586253449183545,-3.965466022491455,5.198281681147943,False,nonpositive_flux
light_V0399_V_8s_2026_05_20-0071_flat_0p3_late_bias_cal.fits,2461181.7024725694,8.0,gaia_774384016513181696_src3,comparison,390.6121365600256,1254.514788035858,True,0.0,0.0,3,-54.87438201904297,81.4580093236246,-6.859297752380371,10.182251165453074,False,nonpositive_flux
light_V0399_V_8s_2026_05_20-0071_flat_0p3_late_bias_cal.fits,2461181.7024725694,8.0,gaia_774289041901756032_src4,comparison,2041.387437507543,1442.3507498915358,True,0.0,0.0,3,-52.37061309814453,41.856036926171534,-6.546326637268066,5.232004615771442,False,nonpositive_flux
light_V0399_V_8s_2026_05_20-0071_flat_0p3_late_bias_cal.fits,2461181.7024725694,8.0,gaia_774287774887292672_src5,comparison,2033.8085843345157,1080.733577355526,True,0.0,0.0,3,-55.36785125732422,41.59536034885522,-6.920981407165527,5.199420043606903,False,nonpositive_flux
light_V0399_V_8s_2026_05_20-0071_flat_0p3_late_bias_cal.fits,2461181.7024725694,8.0,gaia_774289488578357504_src6,comparison,940.6541235197662,1100.4907732876518,True,0.0,0.0,3,13.400871276855469,39.33339543884485,1.6751089096069336,4.916674429855607,False,ok
light_V0399_V_8s_2026_05_20-0071_flat_0p3_late_bias_cal.fits,2461181.7024725694,8.0,gaia_774288805679445888_src7,comparison,1944.5979695251317,1351.7388630834228,True,0.0,0.0,3,-8.685111999511719,41.07153107669562,-1.0856389999389648,5.133941384586953,False,nonpositive_flux
light_V0399_V_8s_2026_05_20-0071_flat_0p3_late_bias_cal.fits,2461181.7024725694,8.0,gaia_774290626745586944_src8,comparison,1071.4610770076736,1433.9985575432859,True,0.0,0.0,3,-32.095314025878906,38.781791725480254,-4.011914253234863,4.847723965685032,False,nonpositive_flux
light_V0399_V_8s_2026_05_20-0071_flat_0p3_late_bias_cal.fits,2461181.7024725694,8.0,DN_UMa,check,1883.8621610484875,697.1893928110337,True,0.0,0.0,3,2698680.6505737305,7692.033657924726,337335.0813217163,961.5042072405907,True,saturated
light_V0399_V_8s_2026_05_20-0071_flat_0p3_late_bias_cal.fits,2461181.7024725694,8.0,HD_103405,comparison,1186.3563524723197,161.51054698522697,True,0.0,0.0,3,130417.15908813477,460.345429818445,16302.144886016846,57.54317872730562,False,ok
light_V0399_V_8s_2026_05_20-0071_flat_0p3_late_bias_cal.fits,2461181.7024725694,8.0,TYC_3452_787_1,comparison,393.2096745093721,765.6284301659995,True,0.0,0.0,3,174170.11737060547,567.4921087304402,21771.264671325684,70.93651359130503,False,ok
light_V0399_V_8s_2026_05_20-0071_flat_0p3_late_bias_cal.fits,2461181.7024725694,8.0,HD_103187,comparison,97.21833696739775,1524.8477396327528,True,0.0,0.0,3,662804.8963928223,1709.2688441098567,82850.61204910278,213.65860551373208,False,ok
light_V0399_V_8s_2026_05_20-0072_flat_0p3_late_bias_cal.fits,2461181.7026641206,8.0,target,target,1958.591787663346,643.3308492225112,True,0.0,0.0,3,1960797.1166992188,3861.45420021539,245099.63958740234,482.68177502692373,False,ok
light_V0399_V_8s_2026_05_20-0072_flat_0p3_late_bias_cal.fits,2461181.7026641206,8.0,gaia_774272862760870784_src1,comparison,599.578460791499,258.08586022924334,True,0.0,0.0,3,-28.888484954833984,42.28189022585439,-3.611060619354248,5.285236278231799,False,nonpositive_flux
light_V0399_V_8s_2026_05_20-0072_flat_0p3_late_bias_cal.fits,2461181.7026641206,8.0,gaia_774271076054448768_src2,comparison,1506.7178858234115,321.3162110314761,True,0.0,0.0,3,-57.43824005126953,42.24618826078192,-7.179780006408691,5.28077353259774,False,nonpositive_flux
light_V0399_V_8s_2026_05_20-0072_flat_0p3_late_bias_cal.fits,2461181.7026641206,8.0,gaia_774384016513181696_src3,comparison,390.6121365600256,1254.514788035858,True,0.0,0.0,3,-59.87352752685547,81.65360261183582,-7.484190940856934,10.206700326479478,False,nonpositive_flux
light_V0399_V_8s_2026_05_20-0072_flat_0p3_late_bias_cal.fits,2461181.7026641206,8.0,gaia_774289041901756032_src4,comparison,2041.387437507543,1442.3507498915358,True,0.0,0.0,3,-11.090740203857422,40.388101543979666,-1.3863425254821777,5.048512692997458,False,nonpositive_flux
light_V0399_V_8s_2026_05_20-0072_flat_0p3_late_bias_cal.fits,2461181.7026641206,8.0,gaia_774287774887292672_src5,comparison,2033.8085843345157,1080.733577355526,True,0.0,0.0,3,-7.789581298828125,40.081610315077675,-0.9736976623535156,5.010201289384709,False,nonpositive_flux
light_V0399_V_8s_2026_05_20-0072_flat_0p3_late_bias_cal.fits,2461181.7026641206,8.0,gaia_774289488578357504_src6,comparison,940.6541235197662,1100.4907732876518,True,0.0,0.0,3,12.32802963256836,41.08736953724399,1.541003704071045,5.135921192155498,False,ok
light_V0399_V_8s_2026_05_20-0072_flat_0p3_late_bias_cal.fits,2461181.7026641206,8.0,gaia_774288805679445888_src7,comparison,1944.5979695251317,1351.7388630834228,True,0.0,0.0,3,7.985649108886719,40.51355172971985,0.9982061386108398,5.064193966214981,False,ok
light_V0399_V_8s_2026_05_20-0072_flat_0p3_late_bias_cal.fits,2461181.7026641206,8.0,gaia_774290626745586944_src8,comparison,1071.4610770076736,1433.9985575432859,True,0.0,0.0,3,-9.675731658935547,40.65976198688401,-1.2094664573669434,5.082470248360501,False,nonpositive_flux
light_V0399_V_8s_2026_05_20-0072_flat_0p3_late_bias_cal.fits,2461181.7026641206,8.0,DN_UMa,check,1883.8928122519787,697.8409272524395,True,0.0,0.0,3,2808855.969848633,7337.688479113823,351106.9962310791,917.2110598892278,True,saturated
light_V0399_V_8s_2026_05_20-0072_flat_0p3_late_bias_cal.fits,2461181.7026641206,8.0,HD_103405,comparison,1186.3357794373774,162.280804500827,True,0.0,0.0,3,137830.24060058594,450.8410249223325,17228.780075073242,56.35512811529156,False,ok
light_V0399_V_8s_2026_05_20-0072_flat_0p3_late_bias_cal.fits,2461181.7026641206,8.0,TYC_3452_787_1,comparison,393.21255498697167,766.6430734283157,True,0.0,0.0,3,181243.8383178711,539.6809087418776,22655.479789733887,67.4601135927347,False,ok
light_V0399_V_8s_2026_05_20-0072_flat_0p3_late_bias_cal.fits,2461181.7026641206,8.0,HD_103187,comparison,97.16546603070007,1525.8899288208017,True,0.0,0.0,3,680939.8684387207,1549.7674290214288,85117.48355484009,193.7209286276786,False,ok
light_V0399_V_8s_2026_05_20-0073_flat_0p3_late_bias_cal.fits,2461181.7028560187,8.0,target,target,1958.8289421671266,643.2765335388864,True,0.0,0.0,3,1943257.1006011963,4114.527507990024,242907.13757514954,514.315938498753,False,ok
light_V0399_V_8s_2026_05_20-0073_flat_0p3_late_bias_cal.fits,2461181.7028560187,8.0,gaia_774272862760870784_src1,comparison,599.578460791499,258.08586022924334,True,0.0,0.0,3,72.63339614868164,42.3745500142317,9.079174518585205,5.296818751778963,False,ok
light_V0399_V_8s_2026_05_20-0073_flat_0p3_late_bias_cal.fits,2461181.7028560187,8.0,gaia_774271076054448768_src2,comparison,1506.7178858234115,321.3162110314761,True,0.0,0.0,3,-68.5979995727539,41.46368535750911,-8.574749946594238,5.182960669688638,False,nonpositive_flux
light_V0399_V_8s_2026_05_20-0073_flat_0p3_late_bias_cal.fits,2461181.7028560187,8.0,gaia_774384016513181696_src3,comparison,390.6121365600256,1254.514788035858,True,0.0,0.0,3,-74.24674224853516,78.40439812450855,-9.280842781066895,9.800549765563568,False,nonpositive_flux
light_V0399_V_8s_2026_05_20-0073_flat_0p3_late_bias_cal.fits,2461181.7028560187,8.0,gaia_774289041901756032_src4,comparison,2041.387437507543,1442.3507498915358,True,0.0,0.0,3,-79.29483413696289,39.6456456174121,-9.911854267120361,4.9557057021765125,False,nonpositive_flux
light_V0399_V_8s_2026_05_20-0073_flat_0p3_late_bias_cal.fits,2461181.7028560187,8.0,gaia_774287774887292672_src5,comparison,2033.8085843345157,1080.733577355526,True,0.0,0.0,3,-37.98263168334961,39.80665780036799,-4.747828960418701,4.975832225045998,False,nonpositive_flux
light_V0399_V_8s_2026_05_20-0073_flat_0p3_late_bias_cal.fits,2461181.7028560187,8.0,gaia_774289488578357504_src6,comparison,940.6541235197662,1100.4907732876518,True,0.0,0.0,3,70.89081573486328,40.63141989255349,8.86135196685791,5.078927486569186,False,ok
light_V0399_V_8s_2026_05_20-0073_flat_0p3_late_bias_cal.fits,2461181.7028560187,8.0,gaia_774288805679445888_src7,comparison,1944.5979695251317,1351.7388630834228,True,0.0,0.0,3,-86.63090515136719,40.33771663904,-10.828863143920898,5.04221457988,False,nonpositive_flux
light_V0399_V_8s_2026_05_20-0073_flat_0p3_late_bias_cal.fits,2461181.7028560187,8.0,gaia_774290626745586944_src8,comparison,1071.4610770076736,1433.9985575432859,True,0.0,0.0,3,13.339118957519531,40.67528539182018,1.6673898696899414,5.084410673977523,False,ok
light_V0399_V_8s_2026_05_20-0073_flat_0p3_late_bias_cal.fits,2461181.7028560187,8.0,DN_UMa,check,1884.1725528599993,697.8076161862731,True,0.0,0.0,3,2815830.1181030273,7225.465448872202,351978.7647628784,903.1831811090252,True,saturated
light_V0399_V_8s_2026_05_20-0073_flat_0p3_late_bias_cal.fits,2461181.7028560187,8.0,HD_103405,comparison,1186.4466608742523,162.25822449697233,True,0.0,0.0,3,138624.77339935303,461.1889347769853,17328.09667491913,57.648616847123165,False,ok
light_V0399_V_8s_2026_05_20-0073_flat_0p3_late_bias_cal.fits,2461181.7028560187,8.0,TYC_3452_787_1,comparison,393.37252376453097,766.8324999622026,True,0.0,0.0,3,179710.54767608643,561.0450633998929,22463.818459510803,70.13063292498661,False,ok
light_V0399_V_8s_2026_05_20-0073_flat_0p3_late_bias_cal.fits,2461181.7028560187,8.0,HD_103187,comparison,97.43478853675023,1526.1598200566286,True,0.0,0.0,3,673853.7926025391,1653.3346022861551,84231.72407531738,206.6668252857694,False,ok
light_V0399_V_8s_2026_05_20-0074_flat_0p3_late_bias_cal.fits,2461181.7030475694,8.0,target,target,1959.6855399845351,643.5932120704991,True,0.0,0.0,3,1526206.2646484375,5710.5583091815015,190775.7830810547,713.8197886476877,False,ok
light_V0399_V_8s_2026_05_20-0074_flat_0p3_late_bias_cal.fits,2461181.7030475694,8.0,gaia_774272862760870784_src1,comparison,599.578460791499,258.08586022924334,True,0.0,0.0,3,-52.388118743896484,43.859578155963945,-6.5485148429870605,5.482447269495493,False,nonpositive_flux
light_V0399_V_8s_2026_05_20-0074_flat_0p3_late_bias_cal.fits,2461181.7030475694,8.0,gaia_774271076054448768_src2,comparison,1506.7178858234115,321.3162110314761,True,0.0,0.0,3,-66.39250564575195,40.24658392461063,-8.299063205718994,5.030822990576329,False,nonpositive_flux
light_V0399_V_8s_2026_05_20-0074_flat_0p3_late_bias_cal.fits,2461181.7030475694,8.0,gaia_774384016513181696_src3,comparison,390.6121365600256,1254.514788035858,True,0.0,0.0,3,-3.9835166931152344,66.96567073206074,-0.4979395866394043,8.370708841507593,False,nonpositive_flux
light_V0399_V_8s_2026_05_20-0074_flat_0p3_late_bias_cal.fits,2461181.7030475694,8.0,gaia_774289041901756032_src4,comparison,2041.387437507543,1442.3507498915358,True,0.0,0.0,3,-90.36698913574219,41.23025374559609,-11.295873641967773,5.153781718199511,False,nonpositive_flux
light_V0399_V_8s_2026_05_20-0074_flat_0p3_late_bias_cal.fits,2461181.7030475694,8.0,gaia_774287774887292672_src5,comparison,2033.8085843345157,1080.733577355526,True,0.0,0.0,3,40.413726806640625,40.773804454350994,5.051715850830078,5.096725556793874,False,ok
light_V0399_V_8s_2026_05_20-0074_flat_0p3_late_bias_cal.fits,2461181.7030475694,8.0,gaia_774289488578357504_src6,comparison,940.6541235197662,1100.4907732876518,True,0.0,0.0,3,2.4030609130859375,39.03337800157362,0.3003826141357422,4.879172250196702,False,ok
light_V0399_V_8s_2026_05_20-0074_flat_0p3_late_bias_cal.fits,2461181.7030475694,8.0,gaia_774288805679445888_src7,comparison,1944.5979695251317,1351.7388630834228,True,0.0,0.0,3,-12.129486083984375,40.475717542199966,-1.5161857604980469,5.059464692774996,False,nonpositive_flux
light_V0399_V_8s_2026_05_20-0074_flat_0p3_late_bias_cal.fits,2461181.7030475694,8.0,gaia_774290626745586944_src8,comparison,1071.4610770076736,1433.9985575432859,True,0.0,0.0,3,17.389667510986328,39.077799361701544,2.173708438873291,4.884724920212693,False,ok
light_V0399_V_8s_2026_05_20-0074_flat_0p3_late_bias_cal.fits,2461181.7030475694,8.0,DN_UMa,check,1884.982138020519,698.1082447530108,True,0.0,0.0,3,2162607.1884765625,9957.217884074264,270325.8985595703,1244.652235509283,False,ok
light_V0399_V_8s_2026_05_20-0074_flat_0p3_late_bias_cal.fits,2461181.7030475694,8.0,HD_103405,comparison,1187.3098968684428,162.56537172869628,True,0.0,0.0,3,105567.5802192688,506.84786969049486,13195.9475274086,63.35598371131186,False,ok
light_V0399_V_8s_2026_05_20-0074_flat_0p3_late_bias_cal.fits,2461181.7030475694,8.0,TYC_3452_787_1,comparison,394.38332628613114,767.1422932761341,True,0.0,0.0,3,139079.08000946045,641.4174826401312,17384.885001182556,80.1771853300164,False,ok
light_V0399_V_8s_2026_05_20-0074_flat_0p3_late_bias_cal.fits,2461181.7030475694,8.0,HD_103187,comparison,98.3708478188736,1526.4287585028385,True,0.0,0.0,3,525325.4398193359,2140.301087346983,65665.67997741699,267.53763591837287,False,ok
light_V0399_V_8s_2026_05_20-0075_flat_0p3_late_bias_cal.fits,2461181.7032395834,8.0,target,target,1960.8165759487783,643.7071434563917,True,0.0,0.0,3,2033715.8474884033,3632.8995256450685,254214.48093605042,454.11244070563356,False,ok
light_V0399_V_8s_2026_05_20-0075_flat_0p3_late_bias_cal.fits,2461181.7032395834,8.0,gaia_774272862760870784_src1,comparison,599.578460791499,258.08586022924334,True,0.0,0.0,3,-57.9405632019043,42.69313871298815,-7.242570400238037,5.336642339123519,False,nonpositive_flux
light_V0399_V_8s_2026_05_20-0075_flat_0p3_late_bias_cal.fits,2461181.7032395834,8.0,gaia_774271076054448768_src2,comparison,1506.7178858234115,321.3162110314761,True,0.0,0.0,3,8.253616333007812,41.76318049234932,1.0317020416259766,5.220397561543665,False,ok
light_V0399_V_8s_2026_05_20-0075_flat_0p3_late_bias_cal.fits,2461181.7032395834,8.0,gaia_774384016513181696_src3,comparison,390.6121365600256,1254.514788035858,True,0.0,0.0,3,-75.46412658691406,84.24070093176078,-9.433015823364258,10.530087616470098,False,nonpositive_flux
light_V0399_V_8s_2026_05_20-0075_flat_0p3_late_bias_cal.fits,2461181.7032395834,8.0,gaia_774289041901756032_src4,comparison,2041.387437507543,1442.3507498915358,True,0.0,0.0,3,-48.71234130859375,39.98274781032913,-6.089042663574219,4.997843476291141,False,nonpositive_flux
light_V0399_V_8s_2026_05_20-0075_flat_0p3_late_bias_cal.fits,2461181.7032395834,8.0,gaia_774287774887292672_src5,comparison,2033.8085843345157,1080.733577355526,True,0.0,0.0,3,16.316028594970703,38.435325850636254,2.039503574371338,4.804415731329532,False,ok
light_V0399_V_8s_2026_05_20-0075_flat_0p3_late_bias_cal.fits,2461181.7032395834,8.0,gaia_774289488578357504_src6,comparison,940.6541235197662,1100.4907732876518,True,0.0,0.0,3,-40.80766677856445,38.778414669041304,-5.100958347320557,4.847301833630163,False,nonpositive_flux
light_V0399_V_8s_2026_05_20-0075_flat_0p3_late_bias_cal.fits,2461181.7032395834,8.0,gaia_774288805679445888_src7,comparison,1944.5979695251317,1351.7388630834228,True,0.0,0.0,3,-23.507213592529297,41.253228526331824,-2.938401699066162,5.156653565791478,False,nonpositive_flux
light_V0399_V_8s_2026_05_20-0075_flat_0p3_late_bias_cal.fits,2461181.7032395834,8.0,gaia_774290626745586944_src8,comparison,1071.4610770076736,1433.9985575432859,True,0.0,0.0,3,46.57966613769531,38.51611035778789,5.822458267211914,4.814513794723486,False,ok
light_V0399_V_8s_2026_05_20-0075_flat_0p3_late_bias_cal.fits,2461181.7032395834,8.0,DN_UMa,check,1886.1456413463322,698.2775080164556,True,0.0,0.0,3,2924281.264892578,6682.573679232935,365535.15811157227,835.3217099041169,True,saturated
light_V0399_V_8s_2026_05_20-0075_flat_0p3_late_bias_cal.fits,2461181.7032395834,8.0,HD_103405,comparison,1188.4879787270247,162.66251529938322,True,0.0,0.0,3,140084.51364135742,442.7234120948732,17510.564205169678,55.34042651185915,False,ok
light_V0399_V_8s_2026_05_20-0075_flat_0p3_late_bias_cal.fits,2461181.7032395834,8.0,TYC_3452_787_1,comparison,395.5266007480752,767.3120422248986,True,0.0,0.0,3,189037.22619628906,535.6442259279179,23629.653274536133,66.95552824098974,False,ok
light_V0399_V_8s_2026_05_20-0075_flat_0p3_late_bias_cal.fits,2461181.7032395834,8.0,HD_103187,comparison,99.51611481702217,1526.5376242684392,True,0.0,0.0,3,729280.9041748047,1457.0534011298546,91160.11302185059,182.13167514123182,False,ok
light_V0399_V_8s_2026_05_20-0076_flat_0p3_late_bias_cal.fits,2461181.703431134,8.0,target,target,1960.0913004862234,644.6177677682358,True,0.0,0.0,3,1769529.3521575928,4554.961845300732,221191.1690196991,569.3702306625916,False,ok
light_V0399_V_8s_2026_05_20-0076_flat_0p3_late_bias_cal.fits,2461181.703431134,8.0,gaia_774272862760870784_src1,comparison,599.578460791499,258.08586022924334,True,0.0,0.0,3,5.909294128417969,39.54435198101878,0.7386617660522461,4.943043997627347,False,ok
light_V0399_V_8s_2026_05_20-0076_flat_0p3_late_bias_cal.fits,2461181.703431134,8.0,gaia_774271076054448768_src2,comparison,1506.7178858234115,321.3162110314761,True,0.0,0.0,3,-7.3223114013671875,40.01613034934515,-0.9152889251708984,5.002016293668143,False,nonpositive_flux
light_V0399_V_8s_2026_05_20-0076_flat_0p3_late_bias_cal.fits,2461181.703431134,8.0,gaia_774384016513181696_src3,comparison,390.6121365600256,1254.514788035858,True,0.0,0.0,3,-63.811912536621094,74.89978184458461,-7.976489067077637,9.362472730573076,False,nonpositive_flux
light_V0399_V_8s_2026_05_20-0076_flat_0p3_late_bias_cal.fits,2461181.703431134,8.0,gaia_774289041901756032_src4,comparison,2041.387437507543,1442.3507498915358,True,0.0,0.0,3,2.0437088012695312,41.39242893414596,0.2554636001586914,5.174053616768245,False,ok
light_V0399_V_8s_2026_05_20-0076_flat_0p3_late_bias_cal.fits,2461181.703431134,8.0,gaia_774287774887292672_src5,comparison,2033.8085843345157,1080.733577355526,True,0.0,0.0,3,-4.319599151611328,40.64183274698583,-0.539949893951416,5.080229093373228,False,nonpositive_flux
light_V0399_V_8s_2026_05_20-0076_flat_0p3_late_bias_cal.fits,2461181.703431134,8.0,gaia_774289488578357504_src6,comparison,940.6541235197662,1100.4907732876518,True,0.0,0.0,3,-60.160152435302734,39.08386747782847,-7.520019054412842,4.885483434728559,False,nonpositive_flux
light_V0399_V_8s_2026_05_20-0076_flat_0p3_late_bias_cal.fits,2461181.703431134,8.0,gaia_774288805679445888_src7,comparison,1944.5979695251317,1351.7388630834228,True,0.0,0.0,3,7.370136260986328,38.56119292742838,0.921267032623291,4.8201491159285474,False,ok
light_V0399_V_8s_2026_05_20-0076_flat_0p3_late_bias_cal.fits,2461181.703431134,8.0,gaia_774290626745586944_src8,comparison,1071.4610770076736,1433.9985575432859,True,0.0,0.0,3,-3.4520187377929688,40.11907617886204,-0.4315023422241211,5.014884522357755,False,nonpositive_flux
light_V0399_V_8s_2026_05_20-0076_flat_0p3_late_bias_cal.fits,2461181.703431134,8.0,DN_UMa,check,1885.3387388079268,699.1869305166396,True,0.0,0.0,3,2574506.682373047,7817.479777862929,321813.33529663086,977.1849722328661,False,ok
light_V0399_V_8s_2026_05_20-0076_flat_0p3_late_bias_cal.fits,2461181.703431134,8.0,HD_103405,comparison,1187.8661220358185,163.6109827657955,True,0.0,0.0,3,124397.72080612183,462.2643486566657,15549.715100765228,57.78304358208321,False,ok
light_V0399_V_8s_2026_05_20-0076_flat_0p3_late_bias_cal.fits,2461181.703431134,8.0,TYC_3452_787_1,comparison,394.7268442220754,768.0835293683714,True,0.0,0.0,3,161958.04583740234,568.3857160063355,20244.755729675293,71.04821450079194,False,ok
light_V0399_V_8s_2026_05_20-0076_flat_0p3_late_bias_cal.fits,2461181.703431134,8.0,HD_103187,comparison,98.65970706130868,1527.3157361381955,True,0.0,0.0,3,632603.8909454346,1718.9372919450277,79075.48636817932,214.86716149312846,False,ok
light_V0399_V_8s_2026_05_20-0077_flat_0p3_late_bias_cal.fits,2461181.703622338,8.0,target,target,1960.9800871198076,644.2790011405763,True,0.0,0.0,3,2001638.0248260498,3734.704308102451,250204.75310325623,466.83803851280635,False,ok
light_V0399_V_8s_2026_05_20-0077_flat_0p3_late_bias_cal.fits,2461181.703622338,8.0,gaia_774272862760870784_src1,comparison,599.578460791499,258.08586022924334,True,0.0,0.0,3,-51.14720916748047,39.99628775529052,-6.393401145935059,4.999535969411315,False,nonpositive_flux
light_V0399_V_8s_2026_05_20-0077_flat_0p3_late_bias_cal.fits,2461181.703622338,8.0,gaia_774271076054448768_src2,comparison,1506.7178858234115,321.3162110314761,True,0.0,0.0,3,0.7345428466796875,39.46797719468488,0.09181785583496094,4.93349714933561,False,ok
light_V0399_V_8s_2026_05_20-0077_flat_0p3_late_bias_cal.fits,2461181.703622338,8.0,gaia_774384016513181696_src3,comparison,390.6121365600256,1254.514788035858,True,0.0,0.0,3,-22.010398864746094,83.64833179784426,-2.7512998580932617,10.456041474730533,False,nonpositive_flux
light_V0399_V_8s_2026_05_20-0077_flat_0p3_late_bias_cal.fits,2461181.703622338,8.0,gaia_774289041901756032_src4,comparison,2041.387437507543,1442.3507498915358,True,0.0,0.0,3,80.23916625976562,42.8331892889488,10.029895782470703,5.3541486611186,False,ok
light_V0399_V_8s_2026_05_20-0077_flat_0p3_late_bias_cal.fits,2461181.703622338,8.0,gaia_774287774887292672_src5,comparison,2033.8085843345157,1080.733577355526,True,0.0,0.0,3,-33.41889572143555,39.67371032005105,-4.177361965179443,4.959213790006381,False,nonpositive_flux
light_V0399_V_8s_2026_05_20-0077_flat_0p3_late_bias_cal.fits,2461181.703622338,8.0,gaia_774289488578357504_src6,comparison,940.6541235197662,1100.4907732876518,True,0.0,0.0,3,-41.008384704589844,39.774004847844395,-5.1260480880737305,4.971750605980549,False,nonpositive_flux
light_V0399_V_8s_2026_05_20-0077_flat_0p3_late_bias_cal.fits,2461181.703622338,8.0,gaia_774288805679445888_src7,comparison,1944.5979695251317,1351.7388630834228,True,0.0,0.0,3,13.794471740722656,40.33391926278381,1.724308967590332,5.041739907847976,False,ok
light_V0399_V_8s_2026_05_20-0077_flat_0p3_late_bias_cal.fits,2461181.703622338,8.0,gaia_774290626745586944_src8,comparison,1071.4610770076736,1433.9985575432859,True,0.0,0.0,3,44.73567199707031,40.01864406112772,5.591958999633789,5.002330507640965,False,ok
light_V0399_V_8s_2026_05_20-0077_flat_0p3_late_bias_cal.fits,2461181.703622338,8.0,DN_UMa,check,1886.3363633171004,698.7792366613168,True,0.0,0.0,3,2950681.1650390625,6634.540896396412,368835.1456298828,829.3176120495515,True,saturated
light_V0399_V_8s_2026_05_20-0077_flat_0p3_late_bias_cal.fits,2461181.703622338,8.0,HD_103405,comparison,1188.6799159336667,163.35704217961742,True,0.0,0.0,3,143421.7939453125,451.127898602399,17927.724243164062,56.390987325299875,False,ok
light_V0399_V_8s_2026_05_20-0077_flat_0p3_late_bias_cal.fits,2461181.703622338,8.0,TYC_3452_787_1,comparison,395.7374420364705,767.7678460726747,True,0.0,0.0,3,186540.38063812256,533.1944741784143,23317.54757976532,66.64930927230179,False,ok
light_V0399_V_8s_2026_05_20-0077_flat_0p3_late_bias_cal.fits,2461181.703622338,8.0,HD_103187,comparison,99.77036077444158,1527.0713511223307,True,0.0,0.0,3,710325.8321685791,1486.639807674135,88790.72902107239,185.82997595926687,False,ok
light_V0399_V_8s_2026_05_20-0078_flat_0p3_late_bias_cal.fits,2461181.703814236,8.0,target,target,1961.7595118364281,644.1050997660669,True,0.0,0.0,3,1747997.7822265625,4877.174629628435,218499.7227783203,609.6468287035543,False,ok
light_V0399_V_8s_2026_05_20-0078_flat_0p3_late_bias_cal.fits,2461181.703814236,8.0,gaia_774272862760870784_src1,comparison,599.578460791499,258.08586022924334,True,0.0,0.0,3,-40.03823471069336,44.30914889632247,-5.00477933883667,5.538643612040309,False,nonpositive_flux
light_V0399_V_8s_2026_05_20-0078_flat_0p3_late_bias_cal.fits,2461181.703814236,8.0,gaia_774271076054448768_src2,comparison,1506.7178858234115,321.3162110314761,True,0.0,0.0,3,43.26744079589844,39.63318216819973,5.408430099487305,4.954147771024966,False,ok
light_V0399_V_8s_2026_05_20-0078_flat_0p3_late_bias_cal.fits,2461181.703814236,8.0,gaia_774384016513181696_src3,comparison,390.6121365600256,1254.514788035858,True,0.0,0.0,3,-6.281242370605469,75.2753014963983,-0.7851552963256836,9.409412687049787,False,nonpositive_flux
light_V0399_V_8s_2026_05_20-0078_flat_0p3_late_bias_cal.fits,2461181.703814236,8.0,gaia_774289041901756032_src4,comparison,2041.387437507543,1442.3507498915358,True,0.0,0.0,3,5.357608795166016,38.93755494523025,0.669701099395752,4.867194368153781,False,ok
light_V0399_V_8s_2026_05_20-0078_flat_0p3_late_bias_cal.fits,2461181.703814236,8.0,gaia_774287774887292672_src5,comparison,2033.8085843345157,1080.733577355526,True,0.0,0.0,3,6.245323181152344,38.1099253390044,0.780665397644043,4.76374066737555,False,ok
light_V0399_V_8s_2026_05_20-0078_flat_0p3_late_bias_cal.fits,2461181.703814236,8.0,gaia_774289488578357504_src6,comparison,940.6541235197662,1100.4907732876518,True,0.0,0.0,3,13.037555694580078,40.119367252557076,1.6296944618225098,5.0149209065696345,False,ok
light_V0399_V_8s_2026_05_20-0078_flat_0p3_late_bias_cal.fits,2461181.703814236,8.0,gaia_774288805679445888_src7,comparison,1944.5979695251317,1351.7388630834228,True,0.0,0.0,3,-49.91313934326172,41.30722337014729,-6.239142417907715,5.163402921268411,False,nonpositive_flux
light_V0399_V_8s_2026_05_20-0078_flat_0p3_late_bias_cal.fits,2461181.703814236,8.0,gaia_774290626745586944_src8,comparison,1071.4610770076736,1433.9985575432859,True,0.0,0.0,3,63.703468322753906,38.11276846958426,7.962933540344238,4.7640960586980325,False,ok
light_V0399_V_8s_2026_05_20-0078_flat_0p3_late_bias_cal.fits,2461181.703814236,8.0,DN_UMa,check,1887.0625146966902,698.6509677030143,True,0.0,0.0,3,2551088.628540039,8768.65714707853,318886.0785675049,1096.0821433848162,False,ok
light_V0399_V_8s_2026_05_20-0078_flat_0p3_late_bias_cal.fits,2461181.703814236,8.0,HD_103405,comparison,1189.2531847292844,163.26512785235457,True,0.0,0.0,3,122658.94387817383,482.0217780651566,15332.367984771729,60.25272225814457,False,ok
light_V0399_V_8s_2026_05_20-0078_flat_0p3_late_bias_cal.fits,2461181.703814236,8.0,TYC_3452_787_1,comparison,396.3125721971201,767.5225428758532,True,0.0,0.0,3,164022.2548828125,598.1379482860649,20502.781860351562,74.76724353575811,False,ok
light_V0399_V_8s_2026_05_20-0078_flat_0p3_late_bias_cal.fits,2461181.703814236,8.0,HD_103187,comparison,100.40968856818982,1526.6444912310048,True,0.0,0.0,3,627770.7702941895,1900.9129802262116,78471.34628677368,237.61412252827645,False,ok
light_V0399_V_8s_2026_05_20-0079_flat_0p3_late_bias_cal.fits,2461181.7040060186,8.0,target,target,1961.2474965339209,645.3916249144576,True,0.0,0.0,3,2144849.3251953125,3336.5728818202833,268106.16564941406,417.0716102275354,False,ok
light_V0399_V_8s_2026_05_20-0079_flat_0p3_late_bias_cal.fits,2461181.7040060186,8.0,gaia_774272862760870784_src1,comparison,599.578460791499,258.08586022924334,True,0.0,0.0,3,-86.60370635986328,39.556092258579476,-10.82546329498291,4.9445115323224345,False,nonpositive_flux
light_V0399_V_8s_2026_05_20-0079_flat_0p3_late_bias_cal.fits,2461181.7040060186,8.0,gaia_774271076054448768_src2,comparison,1506.7178858234115,321.3162110314761,True,0.0,0.0,3,-13.641159057617188,38.647903162473014,-1.7051448822021484,4.830987895309127,False,nonpositive_flux
light_V0399_V_8s_2026_05_20-0079_flat_0p3_late_bias_cal.fits,2461181.7040060186,8.0,gaia_774384016513181696_src3,comparison,390.6121365600256,1254.514788035858,True,0.0,0.0,3,-100.48644256591797,91.37577054389865,-12.560805320739746,11.421971317987332,False,nonpositive_flux
light_V0399_V_8s_2026_05_20-0079_flat_0p3_late_bias_cal.fits,2461181.7040060186,8.0,gaia_774289041901756032_src4,comparison,2041.387437507543,1442.3507498915358,True,0.0,0.0,3,-31.69957733154297,38.91178536542505,-3.962447166442871,4.863973170678131,False,nonpositive_flux
light_V0399_V_8s_2026_05_20-0079_flat_0p3_late_bias_cal.fits,2461181.7040060186,8.0,gaia_774287774887292672_src5,comparison,2033.8085843345157,1080.733577355526,True,0.0,0.0,3,-18.032062530517578,38.20592966815166,-2.2540078163146973,4.775741208518958,False,nonpositive_flux
light_V0399_V_8s_2026_05_20-0079_flat_0p3_late_bias_cal.fits,2461181.7040060186,8.0,gaia_774289488578357504_src6,comparison,940.6541235197662,1100.4907732876518,True,0.0,0.0,3,14.311134338378906,39.024371989644145,1.7888917922973633,4.878046498705518,False,ok
light_V0399_V_8s_2026_05_20-0079_flat_0p3_late_bias_cal.fits,2461181.7040060186,8.0,gaia_774288805679445888_src7,comparison,1944.5979695251317,1351.7388630834228,True,0.0,0.0,3,-56.987586975097656,40.693738004149616,-7.123448371887207,5.086717250518702,False,nonpositive_flux
light_V0399_V_8s_2026_05_20-0079_flat_0p3_late_bias_cal.fits,2461181.7040060186,8.0,gaia_774290626745586944_src8,comparison,1071.4610770076736,1433.9985575432859,True,0.0,0.0,3,-29.535110473632812,38.73789692881943,-3.6918888092041016,4.842237116102429,False,nonpositive_flux
light_V0399_V_8s_2026_05_20-0079_flat_0p3_late_bias_cal.fits,2461181.7040060186,8.0,DN_UMa,check,1886.5263083182,700.0062420730293,True,0.0,0.0,3,3036938.522338867,6084.452977933099,379617.3152923584,760.5566222416373,True,saturated
light_V0399_V_8s_2026_05_20-0079_flat_0p3_late_bias_cal.fits,2461181.7040060186,8.0,HD_103405,comparison,1188.9947660065436,164.369459212408,True,0.0,0.0,3,145613.85539245605,438.5472712881685,18201.731924057007,54.81840891102106,False,ok
light_V0399_V_8s_2026_05_20-0079_flat_0p3_late_bias_cal.fits,2461181.7040060186,8.0,TYC_3452_787_1,comparison,395.8877765018509,768.7261011638228,True,0.0,0.0,3,194750.8156890869,528.3165522546047,24343.851961135864,66.0395690318256,False,ok
light_V0399_V_8s_2026_05_20-0079_flat_0p3_late_bias_cal.fits,2461181.7040060186,8.0,HD_103187,comparison,99.81919558143005,1527.9388262236032,True,0.0,0.0,3,734764.2894744873,1392.6031902358761,91845.53618431091,174.07539877948452,False,ok
light_V0399_V_8s_2026_05_20-0080_flat_0p3_late_bias_cal.fits,2461181.7041976852,8.0,target,target,1963.5335899202446,646.1852098520089,True,0.0,0.0,3,2094391.723739624,3398.6415656125905,261798.965467453,424.8301957015738,False,ok
light_V0399_V_8s_2026_05_20-0080_flat_0p3_late_bias_cal.fits,2461181.7041976852,8.0,gaia_774272862760870784_src1,comparison,599.578460791499,258.08586022924334,True,0.0,0.0,3,-0.7482032775878906,41.35894769559375,-0.09352540969848633,5.169868461949219,False,nonpositive_flux
light_V0399_V_8s_2026_05_20-0080_flat_0p3_late_bias_cal.fits,2461181.7041976852,8.0,gaia_774271076054448768_src2,comparison,1506.7178858234115,321.3162110314761,True,0.0,0.0,3,6.017906188964844,41.36359306046871,0.7522382736206055,5.170449132558589,False,ok
light_V0399_V_8s_2026_05_20-0080_flat_0p3_late_bias_cal.fits,2461181.7041976852,8.0,gaia_774384016513181696_src3,comparison,390.6121365600256,1254.514788035858,True,0.0,0.0,3,63.698814392089844,86.34270282244917,7.9623517990112305,10.792837852806146,False,ok
light_V0399_V_8s_2026_05_20-0080_flat_0p3_late_bias_cal.fits,2461181.7041976852,8.0,gaia_774289041901756032_src4,comparison,2041.387437507543,1442.3507498915358,True,0.0,0.0,3,4.126598358154297,41.12783135555157,0.5158247947692871,5.140978919443946,False,ok
light_V0399_V_8s_2026_05_20-0080_flat_0p3_late_bias_cal.fits,2461181.7041976852,8.0,gaia_774287774887292672_src5,comparison,2033.8085843345157,1080.733577355526,True,0.0,0.0,3,-26.995868682861328,41.852398403319285,-3.374483585357666,5.231549800414911,False,nonpositive_flux
light_V0399_V_8s_2026_05_20-0080_flat_0p3_late_bias_cal.fits,2461181.7041976852,8.0,gaia_774289488578357504_src6,comparison,940.6541235197662,1100.4907732876518,True,0.0,0.0,3,61.36516571044922,40.430008804428226,7.670645713806152,5.053751100553528,False,ok
light_V0399_V_8s_2026_05_20-0080_flat_0p3_late_bias_cal.fits,2461181.7041976852,8.0,gaia_774288805679445888_src7,comparison,1944.5979695251317,1351.7388630834228,True,0.0,0.0,3,-5.755157470703125,40.766278089937934,-0.7193946838378906,5.095784761242242,False,nonpositive_flux
light_V0399_V_8s_2026_05_20-0080_flat_0p3_late_bias_cal.fits,2461181.7041976852,8.0,gaia_774290626745586944_src8,comparison,1071.4610770076736,1433.9985575432859,True,0.0,0.0,3,-74.25623321533203,40.12327596511795,-9.282029151916504,5.0154094956397435,False,nonpositive_flux
light_V0399_V_8s_2026_05_20-0080_flat_0p3_late_bias_cal.fits,2461181.7041976852,8.0,DN_UMa,check,1888.848737510253,700.7304246635341,True,0.0,0.0,3,3001336.770629883,6432.590150585903,375167.09632873535,804.0737688232379,True,saturated
light_V0399_V_8s_2026_05_20-0080_flat_0p3_late_bias_cal.fits,2461181.7041976852,8.0,HD_103405,comparison,1191.2128022389354,165.21037931127918,True,0.0,0.0,3,147260.26573944092,443.8131110349275,18407.533217430115,55.476638879365936,False,ok
light_V0399_V_8s_2026_05_20-0080_flat_0p3_late_bias_cal.fits,2461181.7041976852,8.0,TYC_3452_787_1,comparison,398.27550274874307,769.4454582096575,True,0.0,0.0,3,195151.29190826416,529.2708950951861,24393.91148853302,66.15886188689826,False,ok
light_V0399_V_8s_2026_05_20-0080_flat_0p3_late_bias_cal.fits,2461181.7041976852,8.0,HD_103187,comparison,102.1626306329441,1528.6754833689838,True,0.0,0.0,3,723915.8481140137,1427.8643528503483,90489.48101425171,178.48304410629353,False,ok
light_V0399_V_8s_2026_05_20-0081_flat_0p3_late_bias_cal.fits,2461181.704389352,8.0,target,target,1963.3436744330938,645.7780818433697,True,0.0,0.0,3,1998524.0490722656,3920.9297035497625,249815.5061340332,490.1162129437203,False,ok
light_V0399_V_8s_2026_05_20-0081_flat_0p3_late_bias_cal.fits,2461181.704389352,8.0,gaia_774272862760870784_src1,comparison,599.578460791499,258.08586022924334,True,0.0,0.0,3,30.4576416015625,40.29199400790108,3.8072052001953125,5.036499250987635,False,ok
light_V0399_V_8s_2026_05_20-0081_flat_0p3_late_bias_cal.fits,2461181.704389352,8.0,gaia_774271076054448768_src2,comparison,1506.7178858234115,321.3162110314761,True,0.0,0.0,3,13.222221374511719,39.13277224719757,1.6527776718139648,4.8915965308996965,False,ok
light_V0399_V_8s_2026_05_20-0081_flat_0p3_late_bias_cal.fits,2461181.704389352,8.0,gaia_774384016513181696_src3,comparison,390.6121365600256,1254.514788035858,True,0.0,0.0,3,-27.138721466064453,86.85325461826022,-3.3923401832580566,10.856656827282528,False,nonpositive_flux
light_V0399_V_8s_2026_05_20-0081_flat_0p3_late_bias_cal.fits,2461181.704389352,8.0,gaia_774289041901756032_src4,comparison,2041.387437507543,1442.3507498915358,True,0.0,0.0,3,4.882793426513672,41.19075230967647,0.610349178314209,5.148844038709559,False,ok
light_V0399_V_8s_2026_05_20-0081_flat_0p3_late_bias_cal.fits,2461181.704389352,8.0,gaia_774287774887292672_src5,comparison,2033.8085843345157,1080.733577355526,True,0.0,0.0,3,-10.32822036743164,40.04712046186449,-1.291027545928955,5.005890057733061,False,nonpositive_flux
light_V0399_V_8s_2026_05_20-0081_flat_0p3_late_bias_cal.fits,2461181.704389352,8.0,gaia_774289488578357504_src6,comparison,940.6541235197662,1100.4907732876518,True,0.0,0.0,3,66.95454025268555,39.93699331417328,8.369317531585693,4.99212416427166,False,ok
light_V0399_V_8s_2026_05_20-0081_flat_0p3_late_bias_cal.fits,2461181.704389352,8.0,gaia_774288805679445888_src7,comparison,1944.5979695251317,1351.7388630834228,True,0.0,0.0,3,-79.74551010131836,42.08923055432586,-9.968188762664795,5.261153819290732,False,nonpositive_flux
light_V0399_V_8s_2026_05_20-0081_flat_0p3_late_bias_cal.fits,2461181.704389352,8.0,gaia_774290626745586944_src8,comparison,1071.4610770076736,1433.9985575432859,True,0.0,0.0,3,29.73009490966797,39.95151528895674,3.716261863708496,4.993939411119593,False,ok
light_V0399_V_8s_2026_05_20-0081_flat_0p3_late_bias_cal.fits,2461181.704389352,8.0,DN_UMa,check,1888.5921118396502,700.3403562946859,True,0.0,0.0,3,2904353.5927734375,7076.62410330614,363044.1990966797,884.5780129132675,True,saturated
light_V0399_V_8s_2026_05_20-0081_flat_0p3_late_bias_cal.fits,2461181.704389352,8.0,HD_103405,comparison,1190.9784322234434,164.77520481749153,True,0.0,0.0,3,138457.97645568848,455.2607492536311,17307.24705696106,56.90759365670389,False,ok
light_V0399_V_8s_2026_05_20-0081_flat_0p3_late_bias_cal.fits,2461181.704389352,8.0,TYC_3452_787_1,comparison,397.9096599865314,769.0808692822071,True,0.0,0.0,3,181811.5788116455,534.6907247045172,22726.44735145569,66.83634058806464,False,ok
light_V0399_V_8s_2026_05_20-0081_flat_0p3_late_bias_cal.fits,2461181.704389352,8.0,HD_103187,comparison,101.75975419197839,1528.2464059445776,True,0.0,0.0,3,715626.6735076904,1477.875951744451,89453.3341884613,184.73449396805637,False,ok
light_V0399_V_8s_2026_05_20-0082_flat_0p3_late_bias_cal.fits,2461181.704580671,8.0,target,target,1964.2648883076095,646.6424673181376,True,0.0,0.0,3,2297888.494125366,2946.4755056567633,287236.0617656708,368.3094382070954,True,saturated
light_V0399_V_8s_2026_05_20-0082_flat_0p3_late_bias_cal.fits,2461181.704580671,8.0,gaia_774272862760870784_src1,comparison,599.578460791499,258.08586022924334,True,0.0,0.0,3,-32.465755462646484,41.50903162243375,-4.0582194328308105,5.188628952804219,False,nonpositive_flux
light_V0399_V_8s_2026_05_20-0082_flat_0p3_late_bias_cal.fits,2461181.704580671,8.0,gaia_774271076054448768_src2,comparison,1506.7178858234115,321.3162110314761,True,0.0,0.0,3,74.45272827148438,42.31504941054628,9.306591033935547,5.289381176318285,False,ok
light_V0399_V_8s_2026_05_20-0082_flat_0p3_late_bias_cal.fits,2461181.704580671,8.0,gaia_774384016513181696_src3,comparison,390.6121365600256,1254.514788035858,True,0.0,0.0,3,40.45914077758789,93.88752070740333,5.057392597198486,11.735940088425416,False,ok
light_V0399_V_8s_2026_05_20-0082_flat_0p3_late_bias_cal.fits,2461181.704580671,8.0,gaia_774289041901756032_src4,comparison,2041.387437507543,1442.3507498915358,True,0.0,0.0,3,-22.670330047607422,39.22756096973905,-2.8337912559509277,4.9034451212173815,False,nonpositive_flux
light_V0399_V_8s_2026_05_20-0082_flat_0p3_late_bias_cal.fits,2461181.704580671,8.0,gaia_774287774887292672_src5,comparison,2033.8085843345157,1080.733577355526,True,0.0,0.0,3,-24.36948013305664,38.683375040245146,-3.04618501663208,4.835421880030643,False,nonpositive_flux
light_V0399_V_8s_2026_05_20-0082_flat_0p3_late_bias_cal.fits,2461181.704580671,8.0,gaia_774289488578357504_src6,comparison,940.6541235197662,1100.4907732876518,True,0.0,0.0,3,5.543693542480469,38.75175530255536,0.6929616928100586,4.84396941281942,False,ok
light_V0399_V_8s_2026_05_20-0082_flat_0p3_late_bias_cal.fits,2461181.704580671,8.0,gaia_774288805679445888_src7,comparison,1944.5979695251317,1351.7388630834228,True,0.0,0.0,3,18.853843688964844,40.20890719702074,2.3567304611206055,5.026113399627593,False,ok
light_V0399_V_8s_2026_05_20-0082_flat_0p3_late_bias_cal.fits,2461181.704580671,8.0,gaia_774290626745586944_src8,comparison,1071.4610770076736,1433.9985575432859,True,0.0,0.0,3,-25.24925994873047,39.957359678735024,-3.1561574935913086,4.994669959841878,False,nonpositive_flux
light_V0399_V_8s_2026_05_20-0082_flat_0p3_late_bias_cal.fits,2461181.704580671,8.0,DN_UMa,check,1889.5520543625737,701.2362837547258,True,0.0,0.0,3,3180104.955078125,5329.880067676992,397513.1193847656,666.235008459624,True,saturated
light_V0399_V_8s_2026_05_20-0082_flat_0p3_late_bias_cal.fits,2461181.704580671,8.0,HD_103405,comparison,1192.009427465212,165.5718275015506,True,0.0,0.0,3,158843.03759765625,441.6811057969054,19855.37969970703,55.210138224613175,False,ok
light_V0399_V_8s_2026_05_20-0082_flat_0p3_late_bias_cal.fits,2461181.704580671,8.0,TYC_3452_787_1,comparison,398.90475564208134,770.0192184560785,True,0.0,0.0,3,205733.1826171875,509.3766974495934,25716.647827148438,63.672087181199174,False,ok
light_V0399_V_8s_2026_05_20-0082_flat_0p3_late_bias_cal.fits,2461181.704580671,8.0,HD_103187,comparison,102.85397154856912,1529.1769820251816,True,0.0,0.0,3,810075.9554290771,1286.8115115372889,101259.49442863464,160.8514389421611,False,ok
light_V0399_V_8s_2026_05_20-0083_flat_0p3_late_bias_cal.fits,2461181.704772338,8.0,target,target,1963.720210836995,645.3529226973137,True,0.0,0.0,3,1817600.740234375,4587.971489948659,227200.09252929688,573.4964362435824,False,ok
light_V0399_V_8s_2026_05_20-0083_flat_0p3_late_bias_cal.fits,2461181.704772338,8.0,gaia_774272862760870784_src1,comparison,599.578460791499,258.08586022924334,True,0.0,0.0,3,-14.85125732421875,40.291044174687386,-1.8564071655273438,5.036380521835923,False,nonpositive_flux
light_V0399_V_8s_2026_05_20-0083_flat_0p3_late_bias_cal.fits,2461181.704772338,8.0,gaia_774271076054448768_src2,comparison,1506.7178858234115,321.3162110314761,True,0.0,0.0,3,-8.50130844116211,39.92910019105139,-1.0626635551452637,4.991137523881424,False,nonpositive_flux
light_V0399_V_8s_2026_05_20-0083_flat_0p3_late_bias_cal.fits,2461181.704772338,8.0,gaia_774384016513181696_src3,comparison,390.6121365600256,1254.514788035858,True,0.0,0.0,3,14.74407958984375,76.6095340988539,1.8430099487304688,9.576191762356737,False,ok
light_V0399_V_8s_2026_05_20-0083_flat_0p3_late_bias_cal.fits,2461181.704772338,8.0,gaia_774289041901756032_src4,comparison,2041.387437507543,1442.3507498915358,True,0.0,0.0,3,16.914142608642578,41.16086725628886,2.1142678260803223,5.1451084070361075,False,ok
light_V0399_V_8s_2026_05_20-0083_flat_0p3_late_bias_cal.fits,2461181.704772338,8.0,gaia_774287774887292672_src5,comparison,2033.8085843345157,1080.733577355526,True,0.0,0.0,3,71.62930297851562,40.39024504258731,8.953662872314453,5.048780630323414,False,ok
light_V0399_V_8s_2026_05_20-0083_flat_0p3_late_bias_cal.fits,2461181.704772338,8.0,gaia_774289488578357504_src6,comparison,940.6541235197662,1100.4907732876518,True,0.0,0.0,3,-58.58382034301758,40.015301328112336,-7.322977542877197,5.001912666014042,False,nonpositive_flux
light_V0399_V_8s_2026_05_20-0083_flat_0p3_late_bias_cal.fits,2461181.704772338,8.0,gaia_774288805679445888_src7,comparison,1944.5979695251317,1351.7388630834228,True,0.0,0.0,3,-33.33535385131836,37.77455314030261,-4.166919231414795,4.721819142537826,False,nonpositive_flux
light_V0399_V_8s_2026_05_20-0083_flat_0p3_late_bias_cal.fits,2461181.704772338,8.0,gaia_774290626745586944_src8,comparison,1071.4610770076736,1433.9985575432859,True,0.0,0.0,3,-1.073516845703125,40.26000029996984,-0.13418960571289062,5.03250003749623,False,nonpositive_flux
light_V0399_V_8s_2026_05_20-0083_flat_0p3_late_bias_cal.fits,2461181.704772338,8.0,DN_UMa,check,1888.9740424149395,699.8601553627682,True,0.0,0.0,3,2583903.3508911133,7844.172312031294,322987.91886138916,980.5215390039117,True,saturated
light_V0399_V_8s_2026_05_20-0083_flat_0p3_late_bias_cal.fits,2461181.704772338,8.0,HD_103405,comparison,1191.2886724260923,164.41311035848773,True,0.0,0.0,3,127620.21759033203,471.9421118132573,15952.527198791504,58.992763976657166,False,ok
light_V0399_V_8s_2026_05_20-0083_flat_0p3_late_bias_cal.fits,2461181.704772338,8.0,TYC_3452_787_1,comparison,398.31264562828954,768.7939586080953,True,0.0,0.0,3,164484.49689483643,574.446444567328,20560.562111854553,71.805805570916,False,ok
light_V0399_V_8s_2026_05_20-0083_flat_0p3_late_bias_cal.fits,2461181.704772338,8.0,HD_103187,comparison,102.30810180808818,1528.1484084163792,True,0.0,0.0,3,618828.9808807373,1808.6768427976267,77353.62261009216,226.08460534970334,False,ok
light_V0399_V_8s_2026_05_20-0084_flat_0p3_late_bias_cal.fits,2461181.704964236,8.0,target,target,1964.4299897041221,646.6084305135871,True,0.0,0.0,3,1759995.175857544,4644.505409231634,219999.396982193,580.5631761539543,False,ok
light_V0399_V_8s_2026_05_20-0084_flat_0p3_late_bias_cal.fits,2461181.704964236,8.0,gaia_774272862760870784_src1,comparison,599.578460791499,258.08586022924334,True,0.0,0.0,3,-84.50477600097656,39.97169303536116,-10.56309700012207,4.996461629420145,False,nonpositive_flux
light_V0399_V_8s_2026_05_20-0084_flat_0p3_late_bias_cal.fits,2461181.704964236,8.0,gaia_774271076054448768_src2,comparison,1506.7178858234115,321.3162110314761,True,0.0,0.0,3,70.55337524414062,40.337771450054596,8.819171905517578,5.0422214312568245,False,ok
light_V0399_V_8s_2026_05_20-0084_flat_0p3_late_bias_cal.fits,2461181.704964236,8.0,gaia_774384016513181696_src3,comparison,390.6121365600256,1254.514788035858,True,0.0,0.0,3,-88.61108016967773,75.49722972016247,-11.076385021209717,9.437153715020308,False,nonpositive_flux
light_V0399_V_8s_2026_05_20-0084_flat_0p3_late_bias_cal.fits,2461181.704964236,8.0,gaia_774289041901756032_src4,comparison,2041.387437507543,1442.3507498915358,True,0.0,0.0,3,-29.788013458251953,42.280942761557704,-3.723501682281494,5.285117845194713,False,nonpositive_flux
light_V0399_V_8s_2026_05_20-0084_flat_0p3_late_bias_cal.fits,2461181.704964236,8.0,gaia_774287774887292672_src5,comparison,2033.8085843345157,1080.733577355526,True,0.0,0.0,3,132.38594818115234,41.1648582373996,16.548243522644043,5.14560727967495,False,ok
light_V0399_V_8s_2026_05_20-0084_flat_0p3_late_bias_cal.fits,2461181.704964236,8.0,gaia_774289488578357504_src6,comparison,940.6541235197662,1100.4907732876518,True,0.0,0.0,3,-3.601604461669922,38.45482196521033,-0.45020055770874023,4.806852745651291,False,nonpositive_flux
light_V0399_V_8s_2026_05_20-0084_flat_0p3_late_bias_cal.fits,2461181.704964236,8.0,gaia_774288805679445888_src7,comparison,1944.5979695251317,1351.7388630834228,True,0.0,0.0,3,-138.93228912353516,41.25525725940669,-17.366536140441895,5.156907157425836,False,nonpositive_flux
light_V0399_V_8s_2026_05_20-0084_flat_0p3_late_bias_cal.fits,2461181.704964236,8.0,gaia_774290626745586944_src8,comparison,1071.4610770076736,1433.9985575432859,True,0.0,0.0,3,-0.41504669189453125,38.14598972987464,-0.051880836486816406,4.76824871623433,False,nonpositive_flux
light_V0399_V_8s_2026_05_20-0084_flat_0p3_late_bias_cal.fits,2461181.704964236,8.0,DN_UMa,check,1889.7012939564777,701.153965880614,True,0.0,0.0,3,2535535.494506836,8134.327264606903,316941.9368133545,1016.7909080758628,False,ok
light_V0399_V_8s_2026_05_20-0084_flat_0p3_late_bias_cal.fits,2461181.704964236,8.0,HD_103405,comparison,1192.0342012269566,165.66228876868033,True,0.0,0.0,3,122632.96440887451,471.5273305506483,15329.120551109314,58.940916318831036,False,ok
light_V0399_V_8s_2026_05_20-0084_flat_0p3_late_bias_cal.fits,2461181.704964236,8.0,TYC_3452_787_1,comparison,398.99736209498616,770.239241908474,True,0.0,0.0,3,155200.2893371582,580.6480488531336,19400.036167144775,72.5810061066417,False,ok
light_V0399_V_8s_2026_05_20-0084_flat_0p3_late_bias_cal.fits,2461181.704964236,8.0,HD_103187,comparison,103.04379226835415,1529.3779929219952,True,0.0,0.0,3,589468.5425109863,1882.3853317309504,73683.56781387329,235.2981664663688,False,ok
light_V0399_V_8s_2026_05_20-0085_flat_0p3_late_bias_cal.fits,2461181.7051554397,8.0,target,target,1963.9325560969369,646.8922865311936,True,0.0,0.0,3,1953796.3591308594,3765.471156719038,244224.54489135742,470.68389458987974,False,ok
light_V0399_V_8s_2026_05_20-0085_flat_0p3_late_bias_cal.fits,2461181.7051554397,8.0,gaia_774272862760870784_src1,comparison,599.578460791499,258.08586022924334,True,0.0,0.0,3,-14.776752471923828,41.42075455287929,-1.8470940589904785,5.177594319109911,False,nonpositive_flux
light_V0399_V_8s_2026_05_20-0085_flat_0p3_late_bias_cal.fits,2461181.7051554397,8.0,gaia_774271076054448768_src2,comparison,1506.7178858234115,321.3162110314761,True,0.0,0.0,3,13.648612976074219,41.471543467577646,1.7060766220092773,5.183942933447206,False,ok
light_V0399_V_8s_2026_05_20-0085_flat_0p3_late_bias_cal.fits,2461181.7051554397,8.0,gaia_774384016513181696_src3,comparison,390.6121365600256,1254.514788035858,True,0.0,0.0,3,-67.0073013305664,85.37445371495745,-8.3759126663208,10.671806714369682,False,nonpositive_flux
light_V0399_V_8s_2026_05_20-0085_flat_0p3_late_bias_cal.fits,2461181.7051554397,8.0,gaia_774289041901756032_src4,comparison,2041.387437507543,1442.3507498915358,True,0.0,0.0,3,-73.5700454711914,42.47082480513839,-9.196255683898926,5.308853100642299,False,nonpositive_flux
light_V0399_V_8s_2026_05_20-0085_flat_0p3_late_bias_cal.fits,2461181.7051554397,8.0,gaia_774287774887292672_src5,comparison,2033.8085843345157,1080.733577355526,True,0.0,0.0,3,-4.032798767089844,38.902196633532064,-0.5040998458862305,4.862774579191508,False,nonpositive_flux
light_V0399_V_8s_2026_05_20-0085_flat_0p3_late_bias_cal.fits,2461181.7051554397,8.0,gaia_774289488578357504_src6,comparison,940.6541235197662,1100.4907732876518,True,0.0,0.0,3,56.65790939331055,40.1873425000105,7.082238674163818,5.023417812501313,False,ok
light_V0399_V_8s_2026_05_20-0085_flat_0p3_late_bias_cal.fits,2461181.7051554397,8.0,gaia_774288805679445888_src7,comparison,1944.5979695251317,1351.7388630834228,True,0.0,0.0,3,21.99628448486328,40.40479778077928,2.74953556060791,5.05059972259741,False,ok
light_V0399_V_8s_2026_05_20-0085_flat_0p3_late_bias_cal.fits,2461181.7051554397,8.0,gaia_774290626745586944_src8,comparison,1071.4610770076736,1433.9985575432859,True,0.0,0.0,3,21.320526123046875,40.459418835454954,2.6650657653808594,5.057427354431869,False,ok
light_V0399_V_8s_2026_05_20-0085_flat_0p3_late_bias_cal.fits,2461181.7051554397,8.0,DN_UMa,check,1889.2139578729702,701.4225301424009,True,0.0,0.0,3,2905629.1845703125,6796.530897092291,363203.64807128906,849.5663621365363,True,saturated
light_V0399_V_8s_2026_05_20-0085_flat_0p3_late_bias_cal.fits,2461181.7051554397,8.0,HD_103405,comparison,1191.5748783562613,165.95197430033983,True,0.0,0.0,3,139306.34963989258,448.2816610223652,17413.293704986572,56.03520762779565,False,ok
light_V0399_V_8s_2026_05_20-0085_flat_0p3_late_bias_cal.fits,2461181.7051554397,8.0,TYC_3452_787_1,comparison,398.73063573163614,770.3782011107418,True,0.0,0.0,3,184301.4821434021,535.3347832970447,23037.685267925262,66.91684791213059,False,ok
light_V0399_V_8s_2026_05_20-0085_flat_0p3_late_bias_cal.fits,2461181.7051554397,8.0,HD_103187,comparison,102.71370033837822,1529.7210677846938,True,0.0,0.0,3,697375.3427886963,1485.7294050495539,87171.91784858704,185.71617563119423,False,ok
light_V0399_V_8s_2026_05_20-0086_flat_0p3_late_bias_cal.fits,2461181.705346875,8.0,target,target,1964.6451061560626,647.0334272210613,True,0.0,0.0,3,1780989.2433776855,4355.117913424804,222623.6554222107,544.3897391781005,False,ok
light_V0399_V_8s_2026_05_20-0086_flat_0p3_late_bias_cal.fits,2461181.705346875,8.0,gaia_774272862760870784_src1,comparison,599.578460791499,258.08586022924334,True,0.0,0.0,3,-25.948612213134766,40.72849629239212,-3.2435765266418457,5.091062036549015,False,nonpositive_flux
light_V0399_V_8s_2026_05_20-0086_flat_0p3_late_bias_cal.fits,2461181.705346875,8.0,gaia_774271076054448768_src2,comparison,1506.7178858234115,321.3162110314761,True,0.0,0.0,3,-73.87754440307617,41.805731563434605,-9.234693050384521,5.225716445429326,False,nonpositive_flux
light_V0399_V_8s_2026_05_20-0086_flat_0p3_late_bias_cal.fits,2461181.705346875,8.0,gaia_774384016513181696_src3,comparison,390.6121365600256,1254.514788035858,True,0.0,0.0,3,-77.74824523925781,78.1118983232845,-9.718530654907227,9.763987290410563,False,nonpositive_flux
light_V0399_V_8s_2026_05_20-0086_flat_0p3_late_bias_cal.fits,2461181.705346875,8.0,gaia_774289041901756032_src4,comparison,2041.387437507543,1442.3507498915358,True,0.0,0.0,3,-0.969696044921875,40.299124624067815,-0.12121200561523438,5.037390578008477,False,nonpositive_flux
light_V0399_V_8s_2026_05_20-0086_flat_0p3_late_bias_cal.fits,2461181.705346875,8.0,gaia_774287774887292672_src5,comparison,2033.8085843345157,1080.733577355526,True,0.0,0.0,3,15.906257629394531,40.12184729920264,1.9882822036743164,5.01523091240033,False,ok
light_V0399_V_8s_2026_05_20-0086_flat_0p3_late_bias_cal.fits,2461181.705346875,8.0,gaia_774289488578357504_src6,comparison,940.6541235197662,1100.4907732876518,True,0.0,0.0,3,4.4570770263671875,41.040039970951675,0.5571346282958984,5.130004996368959,False,ok
light_V0399_V_8s_2026_05_20-0086_flat_0p3_late_bias_cal.fits,2461181.705346875,8.0,gaia_774288805679445888_src7,comparison,1944.5979695251317,1351.7388630834228,True,0.0,0.0,3,0.20264434814453125,40.88766693299952,0.025330543518066406,5.11095836662494,False,ok
light_V0399_V_8s_2026_05_20-0086_flat_0p3_late_bias_cal.fits,2461181.705346875,8.0,gaia_774290626745586944_src8,comparison,1071.4610770076736,1433.9985575432859,True,0.0,0.0,3,82.04549407958984,41.2926945836948,10.25568675994873,5.16158682296185,False,ok
light_V0399_V_8s_2026_05_20-0086_flat_0p3_late_bias_cal.fits,2461181.705346875,8.0,DN_UMa,check,1889.897762671578,701.5989879488214,True,0.0,0.0,3,2620851.1711730957,7619.237175298363,327606.39639663696,952.4046469122953,False,ok
light_V0399_V_8s_2026_05_20-0086_flat_0p3_late_bias_cal.fits,2461181.705346875,8.0,HD_103405,comparison,1192.2276379914458,166.0361065084985,True,0.0,0.0,3,124266.26653289795,456.91635437351295,15533.283316612244,57.11454429668912,False,ok
light_V0399_V_8s_2026_05_20-0086_flat_0p3_late_bias_cal.fits,2461181.705346875,8.0,TYC_3452_787_1,comparison,399.2022276892747,770.6206012632064,True,0.0,0.0,3,167838.2996826172,560.1998464383856,20979.78746032715,70.0249808047982,False,ok
light_V0399_V_8s_2026_05_20-0086_flat_0p3_late_bias_cal.fits,2461181.705346875,8.0,HD_103187,comparison,103.14646838908077,1530.0337811051465,True,0.0,0.0,3,630593.8921966553,1675.5821717903336,78824.23652458191,209.4477714737917,False,ok
light_V0399_V_8s_2026_05_20-0087_flat_0p3_late_bias_cal.fits,2461181.705539352,8.0,target,target,1965.4676059674161,647.2035910332594,True,0.0,0.0,3,1755740.6451721191,4721.964778366114,219467.5806465149,590.2455972957642,False,ok
light_V0399_V_8s_2026_05_20-0087_flat_0p3_late_bias_cal.fits,2461181.705539352,8.0,gaia_774272862760870784_src1,comparison,599.578460791499,258.08586022924334,True,0.0,0.0,3,-63.10643005371094,41.01190710516979,-7.888303756713867,5.126488388146224,False,nonpositive_flux
light_V0399_V_8s_2026_05_20-0087_flat_0p3_late_bias_cal.fits,2461181.705539352,8.0,gaia_774271076054448768_src2,comparison,1506.7178858234115,321.3162110314761,True,0.0,0.0,3,-20.847164154052734,41.25896075711285,-2.605895519256592,5.157370094639107,False,nonpositive_flux
light_V0399_V_8s_2026_05_20-0087_flat_0p3_late_bias_cal.fits,2461181.705539352,8.0,gaia_774384016513181696_src3,comparison,390.6121365600256,1254.514788035858,True,0.0,0.0,3,-85.69258880615234,73.97220276613983,-10.711573600769043,9.246525345767479,False,nonpositive_flux
light_V0399_V_8s_2026_05_20-0087_flat_0p3_late_bias_cal.fits,2461181.705539352,8.0,gaia_774289041901756032_src4,comparison,2041.387437507543,1442.3507498915358,True,0.0,0.0,3,23.957599639892578,40.43652231948753,2.9946999549865723,5.054565289935941,False,ok
light_V0399_V_8s_2026_05_20-0087_flat_0p3_late_bias_cal.fits,2461181.705539352,8.0,gaia_774287774887292672_src5,comparison,2033.8085843345157,1080.733577355526,True,0.0,0.0,3,27.90259552001953,39.97473906904838,3.4878244400024414,4.996842383631048,False,ok
light_V0399_V_8s_2026_05_20-0087_flat_0p3_late_bias_cal.fits,2461181.705539352,8.0,gaia_774289488578357504_src6,comparison,940.6541235197662,1100.4907732876518,True,0.0,0.0,3,29.20168685913086,40.08812418854765,3.6502108573913574,5.011015523568457,False,ok
light_V0399_V_8s_2026_05_20-0087_flat_0p3_late_bias_cal.fits,2461181.705539352,8.0,gaia_774288805679445888_src7,comparison,1944.5979695251317,1351.7388630834228,True,0.0,0.0,3,-22.895771026611328,39.53203300021518,-2.861971378326416,4.941504125026897,False,nonpositive_flux
light_V0399_V_8s_2026_05_20-0087_flat_0p3_late_bias_cal.fits,2461181.705539352,8.0,gaia_774290626745586944_src8,comparison,1071.4610770076736,1433.9985575432859,True,0.0,0.0,3,-16.608070373535156,39.87119878962119,-2.0760087966918945,4.983899848702649,False,nonpositive_flux
light_V0399_V_8s_2026_05_20-0087_flat_0p3_late_bias_cal.fits,2461181.705539352,8.0,DN_UMa,check,1890.7770160921732,701.7155767756021,True,0.0,0.0,3,2503532.7169189453,7932.560801319884,312941.58961486816,991.5701001649855,False,ok
light_V0399_V_8s_2026_05_20-0087_flat_0p3_late_bias_cal.fits,2461181.705539352,8.0,HD_103405,comparison,1193.2129671112189,166.21500466595137,True,0.0,0.0,3,122668.0491027832,478.24256074584105,15333.5061378479,59.78032009323013,False,ok
light_V0399_V_8s_2026_05_20-0087_flat_0p3_late_bias_cal.fits,2461181.705539352,8.0,TYC_3452_787_1,comparison,400.18869424791075,770.7633783681804,True,0.0,0.0,3,159484.27262878418,581.4741169734717,19935.534078598022,72.68426462168397,False,ok
light_V0399_V_8s_2026_05_20-0087_flat_0p3_late_bias_cal.fits,2461181.705539352,8.0,HD_103187,comparison,104.21504071569912,1530.0451512745685,True,0.0,0.0,3,590697.1702804565,1860.1013314987404,73837.14628505707,232.51266643734255,False,ok
light_V0399_V_8s_2026_05_20-0088_flat_0p3_late_bias_cal.fits,2461181.7057315973,8.0,target,target,1965.6946131360532,647.6275455023845,True,0.0,0.0,3,2289727.4106445312,3094.4272728472633,286215.9263305664,386.8034091059079,True,saturated
light_V0399_V_8s_2026_05_20-0088_flat_0p3_late_bias_cal.fits,2461181.7057315973,8.0,gaia_774272862760870784_src1,comparison,599.578460791499,258.08586022924334,True,0.0,0.0,3,-48.73907470703125,40.09431352923399,-6.092384338378906,5.011789191154249,False,nonpositive_flux
light_V0399_V_8s_2026_05_20-0088_flat_0p3_late_bias_cal.fits,2461181.7057315973,8.0,gaia_774271076054448768_src2,comparison,1506.7178858234115,321.3162110314761,True,0.0,0.0,3,50.69579315185547,41.31058599393333,6.336974143981934,5.163823249241666,False,ok
light_V0399_V_8s_2026_05_20-0088_flat_0p3_late_bias_cal.fits,2461181.7057315973,8.0,gaia_774384016513181696_src3,comparison,390.6121365600256,1254.514788035858,True,0.0,0.0,3,-37.90375900268555,96.73528182768266,-4.737969875335693,12.091910228460332,False,nonpositive_flux
light_V0399_V_8s_2026_05_20-0088_flat_0p3_late_bias_cal.fits,2461181.7057315973,8.0,gaia_774289041901756032_src4,comparison,2041.387437507543,1442.3507498915358,True,0.0,0.0,3,-50.38249206542969,39.852521337504996,-6.297811508178711,4.9815651671881245,False,nonpositive_flux
light_V0399_V_8s_2026_05_20-0088_flat_0p3_late_bias_cal.fits,2461181.7057315973,8.0,gaia_774287774887292672_src5,comparison,2033.8085843345157,1080.733577355526,True,0.0,0.0,3,60.36162567138672,39.26780873515903,7.54520320892334,4.908476091894879,False,ok
light_V0399_V_8s_2026_05_20-0088_flat_0p3_late_bias_cal.fits,2461181.7057315973,8.0,gaia_774289488578357504_src6,comparison,940.6541235197662,1100.4907732876518,True,0.0,0.0,3,63.00312042236328,40.28481080154128,7.87539005279541,5.03560135019266,False,ok
light_V0399_V_8s_2026_05_20-0088_flat_0p3_late_bias_cal.fits,2461181.7057315973,8.0,gaia_774288805679445888_src7,comparison,1944.5979695251317,1351.7388630834228,True,0.0,0.0,3,-8.61459732055664,39.89114120470858,-1.07682466506958,4.986392650588573,False,nonpositive_flux
light_V0399_V_8s_2026_05_20-0088_flat_0p3_late_bias_cal.fits,2461181.7057315973,8.0,gaia_774290626745586944_src8,comparison,1071.4610770076736,1433.9985575432859,True,0.0,0.0,3,70.06960678100586,40.27461750894793,8.758700847625732,5.034327188618491,False,ok
light_V0399_V_8s_2026_05_20-0088_flat_0p3_late_bias_cal.fits,2461181.7057315973,8.0,DN_UMa,check,1891.0226867887964,702.2380301545973,True,0.0,0.0,3,3093522.8367004395,5774.001832928866,386690.35458755493,721.7502291161082,True,saturated
light_V0399_V_8s_2026_05_20-0088_flat_0p3_late_bias_cal.fits,2461181.7057315973,8.0,HD_103405,comparison,1193.237111098611,166.73589969832545,True,0.0,0.0,3,160060.04273986816,443.78350733910526,20007.50534248352,55.47293841738816,False,ok
light_V0399_V_8s_2026_05_20-0088_flat_0p3_late_bias_cal.fits,2461181.7057315973,8.0,TYC_3452_787_1,comparison,400.29885365191643,771.2104276967516,True,0.0,0.0,3,211139.9557800293,521.4341377867948,26392.494472503662,65.17926722334936,False,ok
light_V0399_V_8s_2026_05_20-0088_flat_0p3_late_bias_cal.fits,2461181.7057315973,8.0,HD_103187,comparison,104.3581862798642,1530.4375016163776,True,0.0,0.0,3,805622.4284210205,1313.855542759205,100702.80355262756,164.23194284490063,False,ok
light_V0399_V_8s_2026_05_20-0089_flat_0p3_late_bias_cal.fits,2461181.705923148,8.0,target,target,1965.8969611122056,648.1523408431104,True,0.0,0.0,3,1897191.429260254,4046.8292704032324,237148.92865753174,505.85365880040405,False,ok
light_V0399_V_8s_2026_05_20-0089_flat_0p3_late_bias_cal.fits,2461181.705923148,8.0,gaia_774272862760870784_src1,comparison,599.578460791499,258.08586022924334,True,0.0,0.0,3,45.93000793457031,39.73172875557261,5.741250991821289,4.966466094446576,False,ok
light_V0399_V_8s_2026_05_20-0089_flat_0p3_late_bias_cal.fits,2461181.705923148,8.0,gaia_774271076054448768_src2,comparison,1506.7178858234115,321.3162110314761,True,0.0,0.0,3,-51.431331634521484,39.51359770574232,-6.4289164543151855,4.93919971321779,False,nonpositive_flux
light_V0399_V_8s_2026_05_20-0089_flat_0p3_late_bias_cal.fits,2461181.705923148,8.0,gaia_774384016513181696_src3,comparison,390.6121365600256,1254.514788035858,True,0.0,0.0,3,-77.44219207763672,78.8176031053571,-9.68027400970459,9.852200388169637,False,nonpositive_flux
light_V0399_V_8s_2026_05_20-0089_flat_0p3_late_bias_cal.fits,2461181.705923148,8.0,gaia_774289041901756032_src4,comparison,2041.387437507543,1442.3507498915358,True,0.0,0.0,3,-48.58264923095703,40.464679244454665,-6.072831153869629,5.058084905556833,False,nonpositive_flux
light_V0399_V_8s_2026_05_20-0089_flat_0p3_late_bias_cal.fits,2461181.705923148,8.0,gaia_774287774887292672_src5,comparison,2033.8085843345157,1080.733577355526,True,0.0,0.0,3,47.43817901611328,38.38848981747792,5.92977237701416,4.79856122718474,False,ok
light_V0399_V_8s_2026_05_20-0089_flat_0p3_late_bias_cal.fits,2461181.705923148,8.0,gaia_774289488578357504_src6,comparison,940.6541235197662,1100.4907732876518,True,0.0,0.0,3,-24.627586364746094,38.99461097659137,-3.0784482955932617,4.874326372073921,False,nonpositive_flux
light_V0399_V_8s_2026_05_20-0089_flat_0p3_late_bias_cal.fits,2461181.705923148,8.0,gaia_774288805679445888_src7,comparison,1944.5979695251317,1351.7388630834228,True,0.0,0.0,3,-5.409000396728516,40.287545679498116,-0.6761250495910645,5.0359432099372645,False,nonpositive_flux
light_V0399_V_8s_2026_05_20-0089_flat_0p3_late_bias_cal.fits,2461181.705923148,8.0,gaia_774290626745586944_src8,comparison,1071.4610770076736,1433.9985575432859,True,0.0,0.0,3,-7.172863006591797,38.89189609947801,-0.8966078758239746,4.861487012434751,False,nonpositive_flux
light_V0399_V_8s_2026_05_20-0089_flat_0p3_late_bias_cal.fits,2461181.705923148,8.0,DN_UMa,check,1891.2241638471642,702.7139053661482,True,0.0,0.0,3,2761686.3974609375,7096.9433389024525,345210.7996826172,887.1179173628066,False,ok
light_V0399_V_8s_2026_05_20-0089_flat_0p3_late_bias_cal.fits,2461181.705923148,8.0,HD_103405,comparison,1193.6417796007634,167.07785163649928,True,0.0,0.0,3,133590.46612548828,453.087033381786,16698.808265686035,56.63587917272325,False,ok
light_V0399_V_8s_2026_05_20-0089_flat_0p3_late_bias_cal.fits,2461181.705923148,8.0,TYC_3452_787_1,comparison,400.6757087899453,771.500214421729,True,0.0,0.0,3,177372.8006591797,545.896336750567,22171.60008239746,68.23704209382088,False,ok
light_V0399_V_8s_2026_05_20-0089_flat_0p3_late_bias_cal.fits,2461181.705923148,8.0,HD_103187,comparison,104.64239151659771,1530.7888832628655,True,0.0,0.0,3,674145.0598144531,1577.811697190127,84268.13247680664,197.22646214876588,False,ok
light_V0399_V_8s_2026_05_20-0090_flat_0p3_late_bias_cal.fits,2461181.7061149306,8.0,target,target,1967.4403789637176,648.6679642277126,True,0.0,0.0,3,2015618.368560791,3686.8085886976046,251952.29607009888,460.8510735872006,False,ok
light_V0399_V_8s_2026_05_20-0090_flat_0p3_late_bias_cal.fits,2461181.7061149306,8.0,gaia_774272862760870784_src1,comparison,599.578460791499,258.08586022924334,True,0.0,0.0,3,60.001827239990234,41.18198009103274,7.500228404998779,5.147747511379093,False,ok
light_V0399_V_8s_2026_05_20-0090_flat_0p3_late_bias_cal.fits,2461181.7061149306,8.0,gaia_774271076054448768_src2,comparison,1506.7178858234115,321.3162110314761,True,0.0,0.0,3,-25.344257354736328,41.58798074493588,-3.168032169342041,5.198497593116985,False,nonpositive_flux
light_V0399_V_8s_2026_05_20-0090_flat_0p3_late_bias_cal.fits,2461181.7061149306,8.0,gaia_774384016513181696_src3,comparison,390.6121365600256,1254.514788035858,True,0.0,0.0,3,-63.28261947631836,78.85495327445433,-7.910327434539795,9.856869159306791,False,nonpositive_flux
light_V0399_V_8s_2026_05_20-0090_flat_0p3_late_bias_cal.fits,2461181.7061149306,8.0,gaia_774289041901756032_src4,comparison,2041.387437507543,1442.3507498915358,True,0.0,0.0,3,-5.2940826416015625,40.82653978351317,-0.6617603302001953,5.103317472939146,False,nonpositive_flux
light_V0399_V_8s_2026_05_20-0090_flat_0p3_late_bias_cal.fits,2461181.7061149306,8.0,gaia_774287774887292672_src5,comparison,2033.8085843345157,1080.733577355526,True,0.0,0.0,3,-82.4485092163086,40.498580272735936,-10.306063652038574,5.062322534091992,False,nonpositive_flux
light_V0399_V_8s_2026_05_20-0090_flat_0p3_late_bias_cal.fits,2461181.7061149306,8.0,gaia_774289488578357504_src6,comparison,940.6541235197662,1100.4907732876518,True,0.0,0.0,3,27.636627197265625,37.70804294052066,3.454578399658203,4.713505367565083,False,ok
light_V0399_V_8s_2026_05_20-0090_flat_0p3_late_bias_cal.fits,2461181.7061149306,8.0,gaia_774288805679445888_src7,comparison,1944.5979695251317,1351.7388630834228,True,0.0,0.0,3,-14.320613861083984,40.49575624462123,-1.790076732635498,5.061969530577653,False,nonpositive_flux
light_V0399_V_8s_2026_05_20-0090_flat_0p3_late_bias_cal.fits,2461181.7061149306,8.0,gaia_774290626745586944_src8,comparison,1071.4610770076736,1433.9985575432859,True,0.0,0.0,3,42.669395446777344,39.377703492125015,5.333674430847168,4.922212936515627,False,ok
light_V0399_V_8s_2026_05_20-0090_flat_0p3_late_bias_cal.fits,2461181.7061149306,8.0,DN_UMa,check,1892.7377310783445,703.2229126321902,True,0.0,0.0,3,2883774.9802246094,6590.748566824949,360471.8725280762,823.8435708531186,True,saturated
light_V0399_V_8s_2026_05_20-0090_flat_0p3_late_bias_cal.fits,2461181.7061149306,8.0,HD_103405,comparison,1195.1533884897635,167.66864372232416,True,0.0,0.0,3,139568.43407440186,444.9207870026516,17446.054259300232,55.61509837533145,False,ok
light_V0399_V_8s_2026_05_20-0090_flat_0p3_late_bias_cal.fits,2461181.7061149306,8.0,TYC_3452_787_1,comparison,402.0827793489217,771.9603995681484,True,0.0,0.0,3,177246.4123725891,526.4788036611963,22155.80154657364,65.80985045764953,False,ok
light_V0399_V_8s_2026_05_20-0090_flat_0p3_late_bias_cal.fits,2461181.7061149306,8.0,HD_103187,comparison,105.97158869392467,1531.1649184872742,True,0.0,0.0,3,680566.9171218872,1551.076467203338,85070.8646402359,193.88455840041726,False,ok
light_V0399_V_8s_2026_05_20-0091_flat_0p3_late_bias_cal.fits,2461181.706306713,8.0,target,target,1968.2205162487046,649.1574335146242,True,0.0,0.0,3,1981231.712890625,3942.804945734799,247653.96411132812,492.85061821684985,False,ok
light_V0399_V_8s_2026_05_20-0091_flat_0p3_late_bias_cal.fits,2461181.706306713,8.0,gaia_774272862760870784_src1,comparison,599.578460791499,258.08586022924334,True,0.0,0.0,3,15.909854888916016,41.23111964330278,1.988731861114502,5.153889955412848,False,ok
light_V0399_V_8s_2026_05_20-0091_flat_0p3_late_bias_cal.fits,2461181.706306713,8.0,gaia_774271076054448768_src2,comparison,1506.7178858234115,321.3162110314761,True,0.0,0.0,3,14.528339385986328,42.245683990645524,1.816042423248291,5.2807104988306905,False,ok
light_V0399_V_8s_2026_05_20-0091_flat_0p3_late_bias_cal.fits,2461181.706306713,8.0,gaia_774384016513181696_src3,comparison,390.6121365600256,1254.514788035858,True,0.0,0.0,3,-82.32640075683594,75.25364339186528,-10.290800094604492,9.40670542398316,False,nonpositive_flux
light_V0399_V_8s_2026_05_20-0091_flat_0p3_late_bias_cal.fits,2461181.706306713,8.0,gaia_774289041901756032_src4,comparison,2041.387437507543,1442.3507498915358,True,0.0,0.0,3,-45.00617218017578,39.84353356298157,-5.625771522521973,4.980441695372696,False,nonpositive_flux
light_V0399_V_8s_2026_05_20-0091_flat_0p3_late_bias_cal.fits,2461181.706306713,8.0,gaia_774287774887292672_src5,comparison,2033.8085843345157,1080.733577355526,True,0.0,0.0,3,33.026451110839844,39.43917464379664,4.1283063888549805,4.92989683047458,False,ok
light_V0399_V_8s_2026_05_20-0091_flat_0p3_late_bias_cal.fits,2461181.706306713,8.0,gaia_774289488578357504_src6,comparison,940.6541235197662,1100.4907732876518,True,0.0,0.0,3,-112.46041488647461,40.030888524223194,-14.057551860809326,5.003861065527899,False,nonpositive_flux
light_V0399_V_8s_2026_05_20-0091_flat_0p3_late_bias_cal.fits,2461181.706306713,8.0,gaia_774288805679445888_src7,comparison,1944.5979695251317,1351.7388630834228,True,0.0,0.0,3,25.953540802001953,41.24308243273996,3.244192600250244,5.155385304092495,False,ok
light_V0399_V_8s_2026_05_20-0091_flat_0p3_late_bias_cal.fits,2461181.706306713,8.0,gaia_774290626745586944_src8,comparison,1071.4610770076736,1433.9985575432859,True,0.0,0.0,3,-2.578990936279297,38.88350792752572,-0.3223738670349121,4.860438490940715,False,nonpositive_flux
light_V0399_V_8s_2026_05_20-0091_flat_0p3_late_bias_cal.fits,2461181.706306713,8.0,DN_UMa,check,1893.4636690715542,703.7363834993124,True,0.0,0.0,3,2901617.0693359375,6843.023747116345,362702.1336669922,855.3779683895431,True,saturated
light_V0399_V_8s_2026_05_20-0091_flat_0p3_late_bias_cal.fits,2461181.706306713,8.0,HD_103405,comparison,1196.049554719392,168.1954261847423,True,0.0,0.0,3,137094.97148132324,453.6974770994396,17136.871435165405,56.71218463742995,False,ok
light_V0399_V_8s_2026_05_20-0091_flat_0p3_late_bias_cal.fits,2461181.706306713,8.0,TYC_3452_787_1,comparison,402.9381575109058,772.5909919845368,True,0.0,0.0,3,184386.28392791748,550.6743804778465,23048.285490989685,68.83429755973081,False,ok
light_V0399_V_8s_2026_05_20-0091_flat_0p3_late_bias_cal.fits,2461181.706306713,8.0,HD_103187,comparison,106.80754245528661,1531.8001923954341,True,0.0,0.0,3,700303.8845214844,1526.8194357558632,87537.98556518555,190.8524294694829,False,ok
light_V0399_V_8s_2026_05_20-0092_flat_0p3_late_bias_cal.fits,2461181.706498958,8.0,target,target,1967.7212777661016,649.5643567669067,True,0.0,0.0,3,1823374.46484375,4395.856427906342,227921.80810546875,549.4820534882928,False,ok
light_V0399_V_8s_2026_05_20-0092_flat_0p3_late_bias_cal.fits,2461181.706498958,8.0,gaia_774272862760870784_src1,comparison,599.578460791499,258.08586022924334,True,0.0,0.0,3,32.65839385986328,41.268340170843416,4.08229923248291,5.158542521355427,False,ok
light_V0399_V_8s_2026_05_20-0092_flat_0p3_late_bias_cal.fits,2461181.706498958,8.0,gaia_774271076054448768_src2,comparison,1506.7178858234115,321.3162110314761,True,0.0,0.0,3,5.089252471923828,39.249078676809496,0.6361565589904785,4.906134834601187,False,ok
light_V0399_V_8s_2026_05_20-0092_flat_0p3_late_bias_cal.fits,2461181.706498958,8.0,gaia_774384016513181696_src3,comparison,390.6121365600256,1254.514788035858,True,0.0,0.0,3,22.489456176757812,76.69993248566531,2.8111820220947266,9.587491560708164,False,ok
light_V0399_V_8s_2026_05_20-0092_flat_0p3_late_bias_cal.fits,2461181.706498958,8.0,gaia_774289041901756032_src4,comparison,2041.387437507543,1442.3507498915358,True,0.0,0.0,3,-108.88022994995117,41.70547183178422,-13.610028743743896,5.213183978973028,False,nonpositive_flux
light_V0399_V_8s_2026_05_20-0092_flat_0p3_late_bias_cal.fits,2461181.706498958,8.0,gaia_774287774887292672_src5,comparison,2033.8085843345157,1080.733577355526,True,0.0,0.0,3,-1.0944061279296875,40.18462567885941,-0.13680076599121094,5.0230782098574265,False,nonpositive_flux
light_V0399_V_8s_2026_05_20-0092_flat_0p3_late_bias_cal.fits,2461181.706498958,8.0,gaia_774289488578357504_src6,comparison,940.6541235197662,1100.4907732876518,True,0.0,0.0,3,41.1867561340332,37.33039069785695,5.14834451675415,4.666298837232119,False,ok
light_V0399_V_8s_2026_05_20-0092_flat_0p3_late_bias_cal.fits,2461181.706498958,8.0,gaia_774288805679445888_src7,comparison,1944.5979695251317,1351.7388630834228,True,0.0,0.0,3,-20.463077545166016,40.06098094101913,-2.557884693145752,5.0076226176273915,False,nonpositive_flux
light_V0399_V_8s_2026_05_20-0092_flat_0p3_late_bias_cal.fits,2461181.706498958,8.0,gaia_774290626745586944_src8,comparison,1071.4610770076736,1433.9985575432859,True,0.0,0.0,3,-30.013835906982422,40.46010791776875,-3.7517294883728027,5.057513489721094,False,nonpositive_flux
light_V0399_V_8s_2026_05_20-0092_flat_0p3_late_bias_cal.fits,2461181.706498958,8.0,DN_UMa,check,1892.983550413128,704.1744718855967,True,0.0,0.0,3,2577010.016204834,8208.008015129391,322126.25202560425,1026.001001891174,False,ok
light_V0399_V_8s_2026_05_20-0092_flat_0p3_late_bias_cal.fits,2461181.706498958,8.0,HD_103405,comparison,1195.4650129777185,168.52429489264856,True,0.0,0.0,3,127847.89440917969,455.5569929633931,15980.986801147461,56.94462412042414,False,ok
light_V0399_V_8s_2026_05_20-0092_flat_0p3_late_bias_cal.fits,2461181.706498958,8.0,TYC_3452_787_1,comparison,402.42662666060556,772.8714472891168,True,0.0,0.0,3,165411.45398330688,555.9834410832383,20676.43174791336,69.49793013540479,False,ok
light_V0399_V_8s_2026_05_20-0092_flat_0p3_late_bias_cal.fits,2461181.706498958,8.0,HD_103187,comparison,106.27732607297247,1532.2344179927422,True,0.0,0.0,3,617884.4010848999,1732.6696183985541,77235.55013561249,216.58370229981927,False,ok
light_V0399_V_8s_2026_05_20-0093_flat_0p3_late_bias_cal.fits,2461181.7066908563,8.0,target,target,1967.9766763189768,649.8790093546567,True,0.0,0.0,3,2087706.2879333496,3382.0060824568604,260963.2859916687,422.75076030710756,False,ok
light_V0399_V_8s_2026_05_20-0093_flat_0p3_late_bias_cal.fits,2461181.7066908563,8.0,gaia_774272862760870784_src1,comparison,599.578460791499,258.08586022924334,True,0.0,0.0,3,30.960243225097656,41.29094220873671,3.870030403137207,5.161367776092089,False,ok
light_V0399_V_8s_2026_05_20-0093_flat_0p3_late_bias_cal.fits,2461181.7066908563,8.0,gaia_774271076054448768_src2,comparison,1506.7178858234115,321.3162110314761,True,0.0,0.0,3,6.620452880859375,39.602974709427514,0.8275566101074219,4.950371838678439,False,ok
light_V0399_V_8s_2026_05_20-0093_flat_0p3_late_bias_cal.fits,2461181.7066908563,8.0,gaia_774384016513181696_src3,comparison,390.6121365600256,1254.514788035858,True,0.0,0.0,3,-95.66020584106445,85.43151740806839,-11.957525730133057,10.678939676008548,False,nonpositive_flux
light_V0399_V_8s_2026_05_20-0093_flat_0p3_late_bias_cal.fits,2461181.7066908563,8.0,gaia_774289041901756032_src4,comparison,2041.387437507543,1442.3507498915358,True,0.0,0.0,3,33.60820388793945,43.12551868183545,4.201025485992432,5.3906898352294315,False,ok
light_V0399_V_8s_2026_05_20-0093_flat_0p3_late_bias_cal.fits,2461181.7066908563,8.0,gaia_774287774887292672_src5,comparison,2033.8085843345157,1080.733577355526,True,0.0,0.0,3,-40.375587463378906,40.93961733407495,-5.046948432922363,5.117452166759369,False,nonpositive_flux
light_V0399_V_8s_2026_05_20-0093_flat_0p3_late_bias_cal.fits,2461181.7066908563,8.0,gaia_774289488578357504_src6,comparison,940.6541235197662,1100.4907732876518,True,0.0,0.0,3,16.39813995361328,41.01746636116784,2.04976749420166,5.12718329514598,False,ok
light_V0399_V_8s_2026_05_20-0093_flat_0p3_late_bias_cal.fits,2461181.7066908563,8.0,gaia_774288805679445888_src7,comparison,1944.5979695251317,1351.7388630834228,True,0.0,0.0,3,30.49549102783203,40.51511233434819,3.811936378479004,5.064389041793524,False,ok
light_V0399_V_8s_2026_05_20-0093_flat_0p3_late_bias_cal.fits,2461181.7066908563,8.0,gaia_774290626745586944_src8,comparison,1071.4610770076736,1433.9985575432859,True,0.0,0.0,3,-35.101802825927734,38.90382421944888,-4.387725353240967,4.86297802743111,False,nonpositive_flux
light_V0399_V_8s_2026_05_20-0093_flat_0p3_late_bias_cal.fits,2461181.7066908563,8.0,DN_UMa,check,1893.291557223867,704.4793555896487,True,0.0,0.0,3,3055475.3100585938,6076.028441923185,381934.4137573242,759.5035552403981,True,saturated
light_V0399_V_8s_2026_05_20-0093_flat_0p3_late_bias_cal.fits,2461181.7066908563,8.0,HD_103405,comparison,1195.731750534912,168.92886209552688,True,0.0,0.0,3,146533.87924194336,440.8555085853334,18316.73490524292,55.10693857316667,False,ok
light_V0399_V_8s_2026_05_20-0093_flat_0p3_late_bias_cal.fits,2461181.7066908563,8.0,TYC_3452_787_1,comparison,402.70213723870427,773.374666002966,True,0.0,0.0,3,191156.6489868164,519.73465326247,23894.58112335205,64.96683165780875,False,ok
light_V0399_V_8s_2026_05_20-0093_flat_0p3_late_bias_cal.fits,2461181.7066908563,8.0,HD_103187,comparison,106.76864503319517,1532.6337611671959,True,0.0,0.0,3,725621.0997314453,1432.2293964029993,90702.63746643066,179.02867455037492,False,ok
light_V0399_V_8s_2026_05_20-0094_flat_0p3_late_bias_cal.fits,2461181.706882639,8.0,target,target,1968.5380456081512,648.4555114641776,True,0.0,0.0,3,1765953.5658416748,4533.388792693481,220744.19573020935,566.6735990866852,False,ok
light_V0399_V_8s_2026_05_20-0094_flat_0p3_late_bias_cal.fits,2461181.706882639,8.0,gaia_774272862760870784_src1,comparison,599.578460791499,258.08586022924334,True,0.0,0.0,3,79.88257598876953,41.171275513729064,9.985321998596191,5.146409439216133,False,ok
light_V0399_V_8s_2026_05_20-0094_flat_0p3_late_bias_cal.fits,2461181.706882639,8.0,gaia_774271076054448768_src2,comparison,1506.7178858234115,321.3162110314761,True,0.0,0.0,3,32.77336120605469,40.33025685800471,4.096670150756836,5.041282107250589,False,ok
light_V0399_V_8s_2026_05_20-0094_flat_0p3_late_bias_cal.fits,2461181.706882639,8.0,gaia_774384016513181696_src3,comparison,390.6121365600256,1254.514788035858,True,0.0,0.0,3,-146.5745849609375,71.34682513920184,-18.321823120117188,8.91835314240023,False,nonpositive_flux
light_V0399_V_8s_2026_05_20-0094_flat_0p3_late_bias_cal.fits,2461181.706882639,8.0,gaia_774289041901756032_src4,comparison,2041.387437507543,1442.3507498915358,True,0.0,0.0,3,-8.822128295898438,39.648121733882384,-1.1027660369873047,4.956015216735298,False,nonpositive_flux
light_V0399_V_8s_2026_05_20-0094_flat_0p3_late_bias_cal.fits,2461181.706882639,8.0,gaia_774287774887292672_src5,comparison,2033.8085843345157,1080.733577355526,True,0.0,0.0,3,-39.68265914916992,38.47361510576871,-4.96033239364624,4.8092018882210885,False,nonpositive_flux
light_V0399_V_8s_2026_05_20-0094_flat_0p3_late_bias_cal.fits,2461181.706882639,8.0,gaia_774289488578357504_src6,comparison,940.6541235197662,1100.4907732876518,True,0.0,0.0,3,4.036495208740234,38.15837731803537,0.5045619010925293,4.769797164754421,False,ok
light_V0399_V_8s_2026_05_20-0094_flat_0p3_late_bias_cal.fits,2461181.706882639,8.0,gaia_774288805679445888_src7,comparison,1944.5979695251317,1351.7388630834228,True,0.0,0.0,3,22.837337493896484,40.71748306254643,2.8546671867370605,5.0896853828183035,False,ok
light_V0399_V_8s_2026_05_20-0094_flat_0p3_late_bias_cal.fits,2461181.706882639,8.0,gaia_774290626745586944_src8,comparison,1071.4610770076736,1433.9985575432859,True,0.0,0.0,3,-15.70211410522461,38.81341687530847,-1.9627642631530762,4.851677109413559,False,nonpositive_flux
light_V0399_V_8s_2026_05_20-0094_flat_0p3_late_bias_cal.fits,2461181.706882639,8.0,DN_UMa,check,1893.7880588244636,703.020747337246,True,0.0,0.0,3,2537170.0259399414,8076.440323175364,317146.2532424927,1009.5550403969205,False,ok
light_V0399_V_8s_2026_05_20-0094_flat_0p3_late_bias_cal.fits,2461181.706882639,8.0,HD_103405,comparison,1196.246530056432,167.47256191861464,True,0.0,0.0,3,124423.216796875,468.95789442901224,15552.902099609375,58.61973680362653,False,ok
light_V0399_V_8s_2026_05_20-0094_flat_0p3_late_bias_cal.fits,2461181.706882639,8.0,TYC_3452_787_1,comparison,403.4271267133775,772.0052038934045,True,0.0,0.0,3,159749.5302581787,575.4796107419398,19968.69128227234,71.93495134274248,False,ok
light_V0399_V_8s_2026_05_20-0094_flat_0p3_late_bias_cal.fits,2461181.706882639,8.0,HD_103187,comparison,107.4934642746085,1531.2692315306092,True,0.0,0.0,3,622357.5122070312,1751.259376338435,77794.6890258789,218.90742204230438,False,ok
light_V0399_V_8s_2026_05_20-0095_flat_0p3_late_bias_cal.fits,2461181.7070737267,8.0,target,target,1968.1473349178752,649.3377915309903,True,0.0,0.0,3,2059983.097290039,3651.146408580975,257497.88716125488,456.39330107262185,False,ok
light_V0399_V_8s_2026_05_20-0095_flat_0p3_late_bias_cal.fits,2461181.7070737267,8.0,gaia_774272862760870784_src1,comparison,599.578460791499,258.08586022924334,True,0.0,0.0,3,-52.130069732666016,40.995791790617844,-6.516258716583252,5.1244739738272305,False,nonpositive_flux
light_V0399_V_8s_2026_05_20-0095_flat_0p3_late_bias_cal.fits,2461181.7070737267,8.0,gaia_774271076054448768_src2,comparison,1506.7178858234115,321.3162110314761,True,0.0,0.0,3,-92.2555923461914,41.22927396493992,-11.531949043273926,5.15365924561749,False,nonpositive_flux
light_V0399_V_8s_2026_05_20-0095_flat_0p3_late_bias_cal.fits,2461181.7070737267,8.0,gaia_774384016513181696_src3,comparison,390.6121365600256,1254.514788035858,True,0.0,0.0,3,-107.43556594848633,82.70368432275279,-13.429445743560791,10.337960540344099,False,nonpositive_flux
light_V0399_V_8s_2026_05_20-0095_flat_0p3_late_bias_cal.fits,2461181.7070737267,8.0,gaia_774289041901756032_src4,comparison,2041.387437507543,1442.3507498915358,True,0.0,0.0,3,-72.63777542114258,40.7637339468244,-9.079721927642822,5.09546674335305,False,nonpositive_flux
light_V0399_V_8s_2026_05_20-0095_flat_0p3_late_bias_cal.fits,2461181.7070737267,8.0,gaia_774287774887292672_src5,comparison,2033.8085843345157,1080.733577355526,True,0.0,0.0,3,69.9306640625,40.87510700236985,8.7413330078125,5.1093883752962315,False,ok
light_V0399_V_8s_2026_05_20-0095_flat_0p3_late_bias_cal.fits,2461181.7070737267,8.0,gaia_774289488578357504_src6,comparison,940.6541235197662,1100.4907732876518,True,0.0,0.0,3,36.37530517578125,37.559702725745,4.546913146972656,4.694962840718125,False,ok
light_V0399_V_8s_2026_05_20-0095_flat_0p3_late_bias_cal.fits,2461181.7070737267,8.0,gaia_774288805679445888_src7,comparison,1944.5979695251317,1351.7388630834228,True,0.0,0.0,3,-32.67232131958008,42.078556401971355,-4.08404016494751,5.259819550246419,False,nonpositive_flux
light_V0399_V_8s_2026_05_20-0095_flat_0p3_late_bias_cal.fits,2461181.7070737267,8.0,gaia_774290626745586944_src8,comparison,1071.4610770076736,1433.9985575432859,True,0.0,0.0,3,9.213325500488281,39.1929264013948,1.1516656875610352,4.89911580017435,False,ok
light_V0399_V_8s_2026_05_20-0095_flat_0p3_late_bias_cal.fits,2461181.7070737267,8.0,DN_UMa,check,1893.4382838282945,703.9459935469126,True,0.0,0.0,3,2995874.5317993164,6974.274039879846,374484.31647491455,871.7842549849807,True,saturated
light_V0399_V_8s_2026_05_20-0095_flat_0p3_late_bias_cal.fits,2461181.7070737267,8.0,HD_103405,comparison,1195.8186411652237,168.4084152850215,True,0.0,0.0,3,145007.11937713623,445.7427388414912,18125.88992214203,55.7178423551864,False,ok
light_V0399_V_8s_2026_05_20-0095_flat_0p3_late_bias_cal.fits,2461181.7070737267,8.0,TYC_3452_787_1,comparison,402.9114911973597,773.0127612530498,True,0.0,0.0,3,186094.1188735962,522.9627175842313,23261.764859199524,65.37033969802891,False,ok
light_V0399_V_8s_2026_05_20-0095_flat_0p3_late_bias_cal.fits,2461181.7070737267,8.0,HD_103187,comparison,107.08551877124688,1532.3677385836374,True,0.0,0.0,3,737129.9669494629,1434.9495202180665,92141.24586868286,179.3686900272583,False,ok
light_V0399_V_8s_2026_05_20-0096_flat_0p3_late_bias_cal.fits,2461181.7072653933,8.0,target,target,1968.2510190501418,649.517260422481,True,0.0,0.0,3,2212599.123046875,3197.6793525982403,276574.8903808594,399.70991907478003,False,ok
light_V0399_V_8s_2026_05_20-0096_flat_0p3_late_bias_cal.fits,2461181.7072653933,8.0,gaia_774272862760870784_src1,comparison,599.578460791499,258.08586022924334,True,0.0,0.0,3,84.64476776123047,39.35855977766259,10.580595970153809,4.919819972207824,False,ok
light_V0399_V_8s_2026_05_20-0096_flat_0p3_late_bias_cal.fits,2461181.7072653933,8.0,gaia_774271076054448768_src2,comparison,1506.7178858234115,321.3162110314761,True,0.0,0.0,3,-30.467605590820312,40.40586837547383,-3.808450698852539,5.050733546934229,False,nonpositive_flux
light_V0399_V_8s_2026_05_20-0096_flat_0p3_late_bias_cal.fits,2461181.7072653933,8.0,gaia_774384016513181696_src3,comparison,390.6121365600256,1254.514788035858,True,0.0,0.0,3,-27.782928466796875,86.47296294548418,-3.4728660583496094,10.809120368185523,False,nonpositive_flux
light_V0399_V_8s_2026_05_20-0096_flat_0p3_late_bias_cal.fits,2461181.7072653933,8.0,gaia_774289041901756032_src4,comparison,2041.387437507543,1442.3507498915358,True,0.0,0.0,3,-28.997344970703125,42.01694279596511,-3.6246681213378906,5.252117849495638,False,nonpositive_flux
light_V0399_V_8s_2026_05_20-0096_flat_0p3_late_bias_cal.fits,2461181.7072653933,8.0,gaia_774287774887292672_src5,comparison,2033.8085843345157,1080.733577355526,True,0.0,0.0,3,-5.05078125,38.750110808048625,-0.63134765625,4.843763851006078,False,nonpositive_flux
light_V0399_V_8s_2026_05_20-0096_flat_0p3_late_bias_cal.fits,2461181.7072653933,8.0,gaia_774289488578357504_src6,comparison,940.6541235197662,1100.4907732876518,True,0.0,0.0,3,18.228546142578125,38.96620057123651,2.2785682678222656,4.870775071404564,False,ok
light_V0399_V_8s_2026_05_20-0096_flat_0p3_late_bias_cal.fits,2461181.7072653933,8.0,gaia_774288805679445888_src7,comparison,1944.5979695251317,1351.7388630834228,True,0.0,0.0,3,24.093215942382812,39.20905761491809,3.0116519927978516,4.901132201864761,False,ok
light_V0399_V_8s_2026_05_20-0096_flat_0p3_late_bias_cal.fits,2461181.7072653933,8.0,gaia_774290626745586944_src8,comparison,1071.4610770076736,1433.9985575432859,True,0.0,0.0,3,16.815975189208984,40.16692703350146,2.101996898651123,5.020865879187682,False,ok
light_V0399_V_8s_2026_05_20-0096_flat_0p3_late_bias_cal.fits,2461181.7072653933,8.0,DN_UMa,check,1893.5382051502718,704.147908175993,True,0.0,0.0,3,3113697.976837158,5884.742351336092,389212.2471046448,735.5927939170115,True,saturated
light_V0399_V_8s_2026_05_20-0096_flat_0p3_late_bias_cal.fits,2461181.7072653933,8.0,HD_103405,comparison,1195.8333874908587,168.6594887559067,True,0.0,0.0,3,152818.1076965332,437.0586585741351,19102.26346206665,54.63233232176689,False,ok
light_V0399_V_8s_2026_05_20-0096_flat_0p3_late_bias_cal.fits,2461181.7072653933,8.0,TYC_3452_787_1,comparison,402.9803478946602,773.1699690541471,True,0.0,0.0,3,200572.34168624878,517.7901383049592,25071.542710781097,64.7237672881199,False,ok
light_V0399_V_8s_2026_05_20-0096_flat_0p3_late_bias_cal.fits,2461181.7072653933,8.0,HD_103187,comparison,107.0627359571446,1532.5557262978,True,0.0,0.0,3,780715.3540802002,1330.2256830432268,97589.41926002502,166.27821038040335,False,ok
light_V0399_V_8s_2026_05_20-0097_flat_0p3_late_bias_cal.fits,2461181.707456597,8.0,target,target,1968.2041181864029,649.1348020957104,True,0.0,0.0,3,1984187.984375,4083.6133143932266,248023.498046875,510.4516642991533,False,ok
light_V0399_V_8s_2026_05_20-0097_flat_0p3_late_bias_cal.fits,2461181.707456597,8.0,gaia_774272862760870784_src1,comparison,599.578460791499,258.08586022924334,True,0.0,0.0,3,-43.46442413330078,41.82948152921886,-5.433053016662598,5.2286851911523575,False,nonpositive_flux
light_V0399_V_8s_2026_05_20-0097_flat_0p3_late_bias_cal.fits,2461181.707456597,8.0,gaia_774271076054448768_src2,comparison,1506.7178858234115,321.3162110314761,True,0.0,0.0,3,40.965309143066406,42.283299202779524,5.120663642883301,5.2854124003474405,False,ok
light_V0399_V_8s_2026_05_20-0097_flat_0p3_late_bias_cal.fits,2461181.707456597,8.0,gaia_774384016513181696_src3,comparison,390.6121365600256,1254.514788035858,True,0.0,0.0,3,-85.44485473632812,76.25772028916039,-10.680606842041016,9.532215036145049,False,nonpositive_flux
light_V0399_V_8s_2026_05_20-0097_flat_0p3_late_bias_cal.fits,2461181.707456597,8.0,gaia_774289041901756032_src4,comparison,2041.387437507543,1442.3507498915358,True,0.0,0.0,3,-5.808269500732422,39.74162773912598,-0.7260336875915527,4.967703467390748,False,nonpositive_flux
light_V0399_V_8s_2026_05_20-0097_flat_0p3_late_bias_cal.fits,2461181.707456597,8.0,gaia_774287774887292672_src5,comparison,2033.8085843345157,1080.733577355526,True,0.0,0.0,3,-63.13727569580078,40.296563026438015,-7.892159461975098,5.037070378304752,False,nonpositive_flux
light_V0399_V_8s_2026_05_20-0097_flat_0p3_late_bias_cal.fits,2461181.707456597,8.0,gaia_774289488578357504_src6,comparison,940.6541235197662,1100.4907732876518,True,0.0,0.0,3,82.88041687011719,40.039400412903426,10.360052108764648,5.004925051612928,False,ok
light_V0399_V_8s_2026_05_20-0097_flat_0p3_late_bias_cal.fits,2461181.707456597,8.0,gaia_774288805679445888_src7,comparison,1944.5979695251317,1351.7388630834228,True,0.0,0.0,3,39.95045471191406,38.62116368076947,4.993806838989258,4.827645460096184,False,ok
light_V0399_V_8s_2026_05_20-0097_flat_0p3_late_bias_cal.fits,2461181.707456597,8.0,gaia_774290626745586944_src8,comparison,1071.4610770076736,1433.9985575432859,True,0.0,0.0,3,63.018489837646484,40.345391865691994,7.8773112297058105,5.043173983211499,False,ok
light_V0399_V_8s_2026_05_20-0097_flat_0p3_late_bias_cal.fits,2461181.707456597,8.0,DN_UMa,check,1893.4821800667412,703.716275697665,True,0.0,0.0,3,2906711.1484375,7264.357091768445,363338.8935546875,908.0446364710556,True,saturated
light_V0399_V_8s_2026_05_20-0097_flat_0p3_late_bias_cal.fits,2461181.707456597,8.0,HD_103405,comparison,1195.795336757068,168.3712587639481,True,0.0,0.0,3,141156.89093017578,457.4853929644317,17644.611366271973,57.18567412055396,False,ok
light_V0399_V_8s_2026_05_20-0097_flat_0p3_late_bias_cal.fits,2461181.707456597,8.0,TYC_3452_787_1,comparison,402.7832366197246,772.8608018932955,True,0.0,0.0,3,181005.19472503662,552.7849913994486,22625.649340629578,69.09812392493107,False,ok
light_V0399_V_8s_2026_05_20-0097_flat_0p3_late_bias_cal.fits,2461181.707456597,8.0,HD_103187,comparison,106.88083179216406,1532.1617107527445,True,0.0,0.0,3,678083.5778503418,1591.876425630749,84760.44723129272,198.98455320384363,False,ok
light_V0399_V_8s_2026_05_20-0098_flat_0p3_late_bias_cal.fits,2461181.7076488426,8.0,target,target,1968.541657566172,649.785559330741,True,0.0,0.0,3,1908213.843887329,4082.036904460461,238526.73048591614,510.2546130575576,False,ok
light_V0399_V_8s_2026_05_20-0098_flat_0p3_late_bias_cal.fits,2461181.7076488426,8.0,gaia_774272862760870784_src1,comparison,599.578460791499,258.08586022924334,True,0.0,0.0,3,48.160118103027344,41.443360296494106,6.020014762878418,5.180420037061763,False,ok
light_V0399_V_8s_2026_05_20-0098_flat_0p3_late_bias_cal.fits,2461181.7076488426,8.0,gaia_774271076054448768_src2,comparison,1506.7178858234115,321.3162110314761,True,0.0,0.0,3,-9.973625183105469,39.91177738555362,-1.2467031478881836,4.9889721731942025,False,nonpositive_flux
light_V0399_V_8s_2026_05_20-0098_flat_0p3_late_bias_cal.fits,2461181.7076488426,8.0,gaia_774384016513181696_src3,comparison,390.6121365600256,1254.514788035858,True,0.0,0.0,3,29.482807159423828,77.476121383479,3.6853508949279785,9.684515172934875,False,ok
light_V0399_V_8s_2026_05_20-0098_flat_0p3_late_bias_cal.fits,2461181.7076488426,8.0,gaia_774289041901756032_src4,comparison,2041.387437507543,1442.3507498915358,True,0.0,0.0,3,99.79258346557617,43.66653000245621,12.474072933197021,5.458316250307027,False,ok
light_V0399_V_8s_2026_05_20-0098_flat_0p3_late_bias_cal.fits,2461181.7076488426,8.0,gaia_774287774887292672_src5,comparison,2033.8085843345157,1080.733577355526,True,0.0,0.0,3,-29.04458999633789,39.59444493573567,-3.6305737495422363,4.949305616966959,False,nonpositive_flux
light_V0399_V_8s_2026_05_20-0098_flat_0p3_late_bias_cal.fits,2461181.7076488426,8.0,gaia_774289488578357504_src6,comparison,940.6541235197662,1100.4907732876518,True,0.0,0.0,3,67.74793243408203,40.12404914565719,8.468491554260254,5.015506143207149,False,ok
light_V0399_V_8s_2026_05_20-0098_flat_0p3_late_bias_cal.fits,2461181.7076488426,8.0,gaia_774288805679445888_src7,comparison,1944.5979695251317,1351.7388630834228,True,0.0,0.0,3,17.282516479492188,40.87544212393768,2.1603145599365234,5.10943026549221,False,ok
light_V0399_V_8s_2026_05_20-0098_flat_0p3_late_bias_cal.fits,2461181.7076488426,8.0,gaia_774290626745586944_src8,comparison,1071.4610770076736,1433.9985575432859,True,0.0,0.0,3,-78.62823486328125,39.58272573274035,-9.828529357910156,4.947840716592544,False,nonpositive_flux
light_V0399_V_8s_2026_05_20-0098_flat_0p3_late_bias_cal.fits,2461181.7076488426,8.0,DN_UMa,check,1893.8337242922437,704.3958863794865,True,0.0,0.0,3,2756248.3626708984,7173.95683706938,344531.0453338623,896.7446046336725,True,saturated
light_V0399_V_8s_2026_05_20-0098_flat_0p3_late_bias_cal.fits,2461181.7076488426,8.0,HD_103405,comparison,1196.0718515442989,168.88824139954608,True,0.0,0.0,3,130518.16204833984,451.2748438665765,16314.77025604248,56.40935548332206,False,ok
light_V0399_V_8s_2026_05_20-0098_flat_0p3_late_bias_cal.fits,2461181.7076488426,8.0,TYC_3452_787_1,comparison,403.21233066093623,773.5018985071841,True,0.0,0.0,3,175702.85931396484,541.9759791581585,21962.857414245605,67.7469973947698,False,ok
light_V0399_V_8s_2026_05_20-0098_flat_0p3_late_bias_cal.fits,2461181.7076488426,8.0,HD_103187,comparison,107.31037961245416,1532.7644217290483,True,0.0,0.0,3,666159.2788696289,1543.9450325570692,83269.90985870361,192.99312906963365,False,ok
light_V0399_V_8s_2026_05_20-0099_flat_0p3_late_bias_cal.fits,2461181.707839815,8.0,target,target,1968.6025370210598,650.0830035690423,True,0.0,0.0,3,2205078.3268737793,3145.7925623744454,275634.7908592224,393.2240702968057,False,ok
light_V0399_V_8s_2026_05_20-0099_flat_0p3_late_bias_cal.fits,2461181.707839815,8.0,gaia_774272862760870784_src1,comparison,599.578460791499,258.08586022924334,True,0.0,0.0,3,10.642959594726562,39.331956762408176,1.3303699493408203,4.916494595301022,False,ok
light_V0399_V_8s_2026_05_20-0099_flat_0p3_late_bias_cal.fits,2461181.707839815,8.0,gaia_774271076054448768_src2,comparison,1506.7178858234115,321.3162110314761,True,0.0,0.0,3,-15.585472106933594,39.56959757865151,-1.9481840133666992,4.946199697331439,False,nonpositive_flux
light_V0399_V_8s_2026_05_20-0099_flat_0p3_late_bias_cal.fits,2461181.707839815,8.0,gaia_774384016513181696_src3,comparison,390.6121365600256,1254.514788035858,True,0.0,0.0,3,-94.93960571289062,86.20124089796434,-11.867450714111328,10.775155112245542,False,nonpositive_flux
light_V0399_V_8s_2026_05_20-0099_flat_0p3_late_bias_cal.fits,2461181.707839815,8.0,gaia_774289041901756032_src4,comparison,2041.387437507543,1442.3507498915358,True,0.0,0.0,3,12.842639923095703,41.92279668287527,1.605329990386963,5.240349585359409,False,ok
light_V0399_V_8s_2026_05_20-0099_flat_0p3_late_bias_cal.fits,2461181.707839815,8.0,gaia_774287774887292672_src5,comparison,2033.8085843345157,1080.733577355526,True,0.0,0.0,3,-56.45916748046875,39.63977930253103,-7.057395935058594,4.954972412816379,False,nonpositive_flux
light_V0399_V_8s_2026_05_20-0099_flat_0p3_late_bias_cal.fits,2461181.707839815,8.0,gaia_774289488578357504_src6,comparison,940.6541235197662,1100.4907732876518,True,0.0,0.0,3,27.66814422607422,39.17727323129437,3.4585180282592773,4.8971591539117965,False,ok
light_V0399_V_8s_2026_05_20-0099_flat_0p3_late_bias_cal.fits,2461181.707839815,8.0,gaia_774288805679445888_src7,comparison,1944.5979695251317,1351.7388630834228,True,0.0,0.0,3,-4.556510925292969,40.09771518100943,-0.5695638656616211,5.012214397626178,False,nonpositive_flux
light_V0399_V_8s_2026_05_20-0099_flat_0p3_late_bias_cal.fits,2461181.707839815,8.0,gaia_774290626745586944_src8,comparison,1071.4610770076736,1433.9985575432859,True,0.0,0.0,3,-40.68004608154297,38.122117658515585,-5.085005760192871,4.765264707314448,False,nonpositive_flux
light_V0399_V_8s_2026_05_20-0099_flat_0p3_late_bias_cal.fits,2461181.707839815,8.0,DN_UMa,check,1893.9758677194884,704.6441920661732,True,0.0,0.0,3,3076653.877471924,5778.508569483716,384581.7346839905,722.3135711854645,True,saturated
light_V0399_V_8s_2026_05_20-0099_flat_0p3_late_bias_cal.fits,2461181.707839815,8.0,HD_103405,comparison,1196.423876996458,169.21603330635276,True,0.0,0.0,3,156850.42907714844,440.6121745961988,19606.303634643555,55.07652182452485,False,ok
light_V0399_V_8s_2026_05_20-0099_flat_0p3_late_bias_cal.fits,2461181.707839815,8.0,TYC_3452_787_1,comparison,403.682338950993,773.6748989509763,True,0.0,0.0,3,207501.74597930908,522.112163063388,25937.718247413635,65.2640203829235,False,ok
light_V0399_V_8s_2026_05_20-0099_flat_0p3_late_bias_cal.fits,2461181.707839815,8.0,HD_103187,comparison,107.74790896637549,1533.0581091254887,True,0.0,0.0,3,784502.2571716309,1318.5588137883044,98062.78214645386,164.81985172353805,False,ok
light_V0399_V_8s_2026_05_20-0100_flat_0p3_late_bias_cal.fits,2461181.7080314816,8.0,target,target,1969.9285619007603,650.3715413307643,True,0.0,0.0,3,1833599.6913452148,4366.849831872829,229199.96141815186,545.8562289841036,False,ok
light_V0399_V_8s_2026_05_20-0100_flat_0p3_late_bias_cal.fits,2461181.7080314816,8.0,gaia_774272862760870784_src1,comparison,599.578460791499,258.08586022924334,True,0.0,0.0,3,-15.563640594482422,40.42101124318629,-1.9454550743103027,5.052626405398287,False,nonpositive_flux
light_V0399_V_8s_2026_05_20-0100_flat_0p3_late_bias_cal.fits,2461181.7080314816,8.0,gaia_774271076054448768_src2,comparison,1506.7178858234115,321.3162110314761,True,0.0,0.0,3,20.040184020996094,39.939824958000614,2.5050230026245117,4.992478119750077,False,ok
light_V0399_V_8s_2026_05_20-0100_flat_0p3_late_bias_cal.fits,2461181.7080314816,8.0,gaia_774384016513181696_src3,comparison,390.6121365600256,1254.514788035858,True,0.0,0.0,3,-74.5224723815918,63.90534624110123,-9.315309047698975,7.9881682801376535,False,nonpositive_flux
light_V0399_V_8s_2026_05_20-0100_flat_0p3_late_bias_cal.fits,2461181.7080314816,8.0,gaia_774289041901756032_src4,comparison,2041.387437507543,1442.3507498915358,True,0.0,0.0,3,-84.01481246948242,41.0141355440315,-10.501851558685303,5.126766943003937,False,nonpositive_flux
light_V0399_V_8s_2026_05_20-0100_flat_0p3_late_bias_cal.fits,2461181.7080314816,8.0,gaia_774287774887292672_src5,comparison,2033.8085843345157,1080.733577355526,True,0.0,0.0,3,-53.340641021728516,40.48598582326497,-6.6675801277160645,5.060748227908121,False,nonpositive_flux
light_V0399_V_8s_2026_05_20-0100_flat_0p3_late_bias_cal.fits,2461181.7080314816,8.0,gaia_774289488578357504_src6,comparison,940.6541235197662,1100.4907732876518,True,0.0,0.0,3,15.326736450195312,39.23721184458588,1.915842056274414,4.904651480573235,False,ok
light_V0399_V_8s_2026_05_20-0100_flat_0p3_late_bias_cal.fits,2461181.7080314816,8.0,gaia_774288805679445888_src7,comparison,1944.5979695251317,1351.7388630834228,True,0.0,0.0,3,-36.43516540527344,39.4537542934943,-4.55439567565918,4.931719286686787,False,nonpositive_flux
light_V0399_V_8s_2026_05_20-0100_flat_0p3_late_bias_cal.fits,2461181.7080314816,8.0,gaia_774290626745586944_src8,comparison,1071.4610770076736,1433.9985575432859,True,0.0,0.0,3,-21.21987533569336,37.94785781567636,-2.65248441696167,4.743482226959545,False,nonpositive_flux
light_V0399_V_8s_2026_05_20-0100_flat_0p3_late_bias_cal.fits,2461181.7080314816,8.0,DN_UMa,check,1895.265970870281,704.8923719576186,True,0.0,0.0,3,2667733.535522461,7476.901426466763,333466.6919403076,934.6126783083454,False,ok
light_V0399_V_8s_2026_05_20-0100_flat_0p3_late_bias_cal.fits,2461181.7080314816,8.0,HD_103405,comparison,1197.6359929144178,169.3036447397998,True,0.0,0.0,3,131936.1893157959,463.7285657086331,16492.023664474487,57.966070713579136,False,ok
light_V0399_V_8s_2026_05_20-0100_flat_0p3_late_bias_cal.fits,2461181.7080314816,8.0,TYC_3452_787_1,comparison,404.60410038473486,773.697622767901,True,0.0,0.0,3,170383.6368408203,561.4244353666454,21297.95460510254,70.17805442083068,False,ok
light_V0399_V_8s_2026_05_20-0100_flat_0p3_late_bias_cal.fits,2461181.7080314816,8.0,HD_103187,comparison,108.72500770245034,1532.9370982980538,True,0.0,0.0,3,638542.8753356934,1699.9663271423149,79817.85941696167,212.49579089278936,False,ok
light_V0399_V_8s_2026_05_20-0101_flat_0p3_late_bias_cal.fits,2461181.7082226854,8.0,target,target,1969.9235273656661,649.4313876510229,True,0.0,0.0,3,2161317.4876098633,3607.8688391096944,270164.6859512329,450.9836048887118,False,ok
light_V0399_V_8s_2026_05_20-0101_flat_0p3_late_bias_cal.fits,2461181.7082226854,8.0,gaia_774272862760870784_src1,comparison,599.578460791499,258.08586022924334,True,0.0,0.0,3,64.41315841674805,40.45404926290375,8.051644802093506,5.056756157862969,False,ok
light_V0399_V_8s_2026_05_20-0101_flat_0p3_late_bias_cal.fits,2461181.7082226854,8.0,gaia_774271076054448768_src2,comparison,1506.7178858234115,321.3162110314761,True,0.0,0.0,3,-19.562984466552734,39.30801004617399,-2.445373058319092,4.913501255771749,False,nonpositive_flux
light_V0399_V_8s_2026_05_20-0101_flat_0p3_late_bias_cal.fits,2461181.7082226854,8.0,gaia_774384016513181696_src3,comparison,390.6121365600256,1254.514788035858,True,0.0,0.0,3,-29.159801483154297,72.54195304120427,-3.644975185394287,9.067744130150533,False,nonpositive_flux
light_V0399_V_8s_2026_05_20-0101_flat_0p3_late_bias_cal.fits,2461181.7082226854,8.0,gaia_774289041901756032_src4,comparison,2041.387437507543,1442.3507498915358,True,0.0,0.0,3,-57.03268051147461,42.71794403150381,-7.129085063934326,5.3397430039379765,False,nonpositive_flux
light_V0399_V_8s_2026_05_20-0101_flat_0p3_late_bias_cal.fits,2461181.7082226854,8.0,gaia_774287774887292672_src5,comparison,2033.8085843345157,1080.733577355526,True,0.0,0.0,3,-70.12676620483398,40.56707740584321,-8.765845775604248,5.070884675730401,False,nonpositive_flux
light_V0399_V_8s_2026_05_20-0101_flat_0p3_late_bias_cal.fits,2461181.7082226854,8.0,gaia_774289488578357504_src6,comparison,940.6541235197662,1100.4907732876518,True,0.0,0.0,3,-44.775760650634766,39.4232666478707,-5.596970081329346,4.927908330983837,False,nonpositive_flux
light_V0399_V_8s_2026_05_20-0101_flat_0p3_late_bias_cal.fits,2461181.7082226854,8.0,gaia_774288805679445888_src7,comparison,1944.5979695251317,1351.7388630834228,True,0.0,0.0,3,-8.395145416259766,39.94360990839001,-1.0493931770324707,4.992951238548751,False,nonpositive_flux
light_V0399_V_8s_2026_05_20-0101_flat_0p3_late_bias_cal.fits,2461181.7082226854,8.0,gaia_774290626745586944_src8,comparison,1071.4610770076736,1433.9985575432859,True,0.0,0.0,3,24.89270782470703,38.10433569087785,3.111588478088379,4.763041961359732,False,ok
light_V0399_V_8s_2026_05_20-0101_flat_0p3_late_bias_cal.fits,2461181.7082226854,8.0,DN_UMa,check,1895.22192197236,704.0378472019081,True,0.0,0.0,3,3036199.8611297607,6272.813794257726,379524.9826412201,784.1017242822157,True,saturated
light_V0399_V_8s_2026_05_20-0101_flat_0p3_late_bias_cal.fits,2461181.7082226854,8.0,HD_103405,comparison,1197.6758813214012,168.54204538400958,True,0.0,0.0,3,152327.97171783447,446.56372837894907,19040.99646472931,55.82046604736863,False,ok
light_V0399_V_8s_2026_05_20-0101_flat_0p3_late_bias_cal.fits,2461181.7082226854,8.0,TYC_3452_787_1,comparison,404.75861100934503,772.887635196288,True,0.0,0.0,3,200056.23333740234,528.2686814231464,25007.029167175293,66.0335851778933,False,ok
light_V0399_V_8s_2026_05_20-0101_flat_0p3_late_bias_cal.fits,2461181.7082226854,8.0,HD_103187,comparison,108.6984222697923,1532.0213712626196,True,0.0,0.0,3,761554.5775909424,1397.859057684648,95194.3221988678,174.732382210581,False,ok
light_V0399_V_8s_2026_05_20-0102_flat_0p3_late_bias_cal.fits,2461181.7084144675,8.0,target,target,1971.6843813554967,650.0481401681247,True,0.0,0.0,3,1841817.1394042969,4299.839725176367,230227.1424255371,537.4799656470459,False,ok
light_V0399_V_8s_2026_05_20-0102_flat_0p3_late_bias_cal.fits,2461181.7084144675,8.0,gaia_774272862760870784_src1,comparison,599.578460791499,258.08586022924334,True,0.0,0.0,3,-1.9383468627929688,38.7050477516537,-0.2422933578491211,4.838130968956713,False,nonpositive_flux
light_V0399_V_8s_2026_05_20-0102_flat_0p3_late_bias_cal.fits,2461181.7084144675,8.0,gaia_774271076054448768_src2,comparison,1506.7178858234115,321.3162110314761,True,0.0,0.0,3,-8.681453704833984,39.78780595621937,-1.085181713104248,4.973475744527422,False,nonpositive_flux
light_V0399_V_8s_2026_05_20-0102_flat_0p3_late_bias_cal.fits,2461181.7084144675,8.0,gaia_774384016513181696_src3,comparison,390.6121365600256,1254.514788035858,True,0.0,0.0,3,-23.319305419921875,54.32984990356182,-2.9149131774902344,6.791231237945228,False,nonpositive_flux
light_V0399_V_8s_2026_05_20-0102_flat_0p3_late_bias_cal.fits,2461181.7084144675,8.0,gaia_774289041901756032_src4,comparison,2041.387437507543,1442.3507498915358,True,0.0,0.0,3,-74.61984634399414,39.35381530328062,-9.327480792999268,4.919226912910077,False,nonpositive_flux
light_V0399_V_8s_2026_05_20-0102_flat_0p3_late_bias_cal.fits,2461181.7084144675,8.0,gaia_774287774887292672_src5,comparison,2033.8085843345157,1080.733577355526,True,0.0,0.0,3,12.28726577758789,41.08436387691077,1.5359082221984863,5.135545484613846,False,ok
light_V0399_V_8s_2026_05_20-0102_flat_0p3_late_bias_cal.fits,2461181.7084144675,8.0,gaia_774289488578357504_src6,comparison,940.6541235197662,1100.4907732876518,True,0.0,0.0,3,68.82613754272461,39.07724403401009,8.603267192840576,4.884655504251262,False,ok
light_V0399_V_8s_2026_05_20-0102_flat_0p3_late_bias_cal.fits,2461181.7084144675,8.0,gaia_774288805679445888_src7,comparison,1944.5979695251317,1351.7388630834228,True,0.0,0.0,3,36.76681137084961,39.58337632152587,4.595851421356201,4.947922040190734,False,ok
light_V0399_V_8s_2026_05_20-0102_flat_0p3_late_bias_cal.fits,2461181.7084144675,8.0,gaia_774290626745586944_src8,comparison,1071.4610770076736,1433.9985575432859,True,0.0,0.0,3,33.10902786254883,37.456035717680784,4.1386284828186035,4.682004464710098,False,ok
light_V0399_V_8s_2026_05_20-0102_flat_0p3_late_bias_cal.fits,2461181.7084144675,8.0,DN_UMa,check,1896.977574297939,704.6246879772941,True,0.0,0.0,3,2666655.4849853516,7754.284362331035,333331.93562316895,969.2855452913793,False,ok
light_V0399_V_8s_2026_05_20-0102_flat_0p3_late_bias_cal.fits,2461181.7084144675,8.0,HD_103405,comparison,1199.4193178505377,169.10634887587344,True,0.0,0.0,3,130324.30548477173,461.25154233357205,16290.538185596466,57.656442791696506,False,ok
light_V0399_V_8s_2026_05_20-0102_flat_0p3_late_bias_cal.fits,2461181.7084144675,8.0,TYC_3452_787_1,comparison,406.47327799665993,773.584923941444,True,0.0,0.0,3,170678.1692047119,568.3974111841343,21334.77115058899,71.04967639801679,False,ok
light_V0399_V_8s_2026_05_20-0102_flat_0p3_late_bias_cal.fits,2461181.7084144675,8.0,HD_103187,comparison,110.4640244288611,1532.7517358070875,True,0.0,0.0,3,649179.5172576904,1794.1829327963,81147.4396572113,224.2728665995375,False,ok
light_V0399_V_8s_2026_05_20-0103_flat_0p3_late_bias_cal.fits,2461181.7086069444,8.0,target,target,1970.6365628091883,650.5089753939283,True,0.0,0.0,3,2035253.5750732422,3558.619197466376,254406.69688415527,444.827399683297,False,ok
light_V0399_V_8s_2026_05_20-0103_flat_0p3_late_bias_cal.fits,2461181.7086069444,8.0,gaia_774272862760870784_src1,comparison,599.578460791499,258.08586022924334,True,0.0,0.0,3,-43.74806594848633,39.673420184249714,-5.468508243560791,4.959177523031214,False,nonpositive_flux
light_V0399_V_8s_2026_05_20-0103_flat_0p3_late_bias_cal.fits,2461181.7086069444,8.0,gaia_774271076054448768_src2,comparison,1506.7178858234115,321.3162110314761,True,0.0,0.0,3,-55.09245300292969,41.38915584477713,-6.886556625366211,5.173644480597141,False,nonpositive_flux
light_V0399_V_8s_2026_05_20-0103_flat_0p3_late_bias_cal.fits,2461181.7086069444,8.0,gaia_774384016513181696_src3,comparison,390.6121365600256,1254.514788035858,True,0.0,0.0,3,-91.0108642578125,68.43448093702715,-11.376358032226562,8.554310117128393,False,nonpositive_flux
light_V0399_V_8s_2026_05_20-0103_flat_0p3_late_bias_cal.fits,2461181.7086069444,8.0,gaia_774289041901756032_src4,comparison,2041.387437507543,1442.3507498915358,True,0.0,0.0,3,57.141395568847656,41.408805234850504,7.142674446105957,5.176100654356313,False,ok
light_V0399_V_8s_2026_05_20-0103_flat_0p3_late_bias_cal.fits,2461181.7086069444,8.0,gaia_774287774887292672_src5,comparison,2033.8085843345157,1080.733577355526,True,0.0,0.0,3,-43.806488037109375,39.6756516727043,-5.475811004638672,4.959456459088037,False,nonpositive_flux
light_V0399_V_8s_2026_05_20-0103_flat_0p3_late_bias_cal.fits,2461181.7086069444,8.0,gaia_774289488578357504_src6,comparison,940.6541235197662,1100.4907732876518,True,0.0,0.0,3,-3.7068634033203125,40.46952824801955,-0.46335792541503906,5.058691031002444,False,nonpositive_flux
light_V0399_V_8s_2026_05_20-0103_flat_0p3_late_bias_cal.fits,2461181.7086069444,8.0,gaia_774288805679445888_src7,comparison,1944.5979695251317,1351.7388630834228,True,0.0,0.0,3,23.149150848388672,39.738585363925736,2.893643856048584,4.967323170490717,False,ok
light_V0399_V_8s_2026_05_20-0103_flat_0p3_late_bias_cal.fits,2461181.7086069444,8.0,gaia_774290626745586944_src8,comparison,1071.4610770076736,1433.9985575432859,True,0.0,0.0,3,-37.16708755493164,40.42051788085372,-4.645885944366455,5.052564735106715,False,nonpositive_flux
light_V0399_V_8s_2026_05_20-0103_flat_0p3_late_bias_cal.fits,2461181.7086069444,8.0,DN_UMa,check,1895.979903693611,705.0436974128536,True,0.0,0.0,3,2884447.7553710938,6747.568759968393,360555.9694213867,843.4460949960492,True,saturated
light_V0399_V_8s_2026_05_20-0103_flat_0p3_late_bias_cal.fits,2461181.7086069444,8.0,HD_103405,comparison,1198.3148682407634,169.5439513766275,True,0.0,0.0,3,144460.0319671631,442.6305858722149,18057.503995895386,55.32882323402686,False,ok
light_V0399_V_8s_2026_05_20-0103_flat_0p3_late_bias_cal.fits,2461181.7086069444,8.0,TYC_3452_787_1,comparison,405.41110067170405,773.9437557974685,True,0.0,0.0,3,189275.75911712646,535.235120172194,23659.469889640808,66.90439002152425,False,ok
light_V0399_V_8s_2026_05_20-0103_flat_0p3_late_bias_cal.fits,2461181.7086069444,8.0,HD_103187,comparison,109.42861328950927,1533.29466170914,True,0.0,0.0,3,717381.1126708984,1499.3695231442696,89672.6390838623,187.4211903930337,False,ok
light_V0399_V_8s_2026_05_20-0104_flat_0p3_late_bias_cal.fits,2461181.708799537,8.0,target,target,1971.0095555323376,650.8926915327894,True,0.0,0.0,3,1749526.7761535645,4468.893838792511,218690.84701919556,558.6117298490639,False,ok
light_V0399_V_8s_2026_05_20-0104_flat_0p3_late_bias_cal.fits,2461181.708799537,8.0,gaia_774272862760870784_src1,comparison,599.578460791499,258.08586022924334,True,0.0,0.0,3,75.5660629272461,39.14317071736238,9.445757865905762,4.892896339670298,False,ok
light_V0399_V_8s_2026_05_20-0104_flat_0p3_late_bias_cal.fits,2461181.708799537,8.0,gaia_774271076054448768_src2,comparison,1506.7178858234115,321.3162110314761,True,0.0,0.0,3,30.915729522705078,40.83512913012613,3.8644661903381348,5.104391141265766,False,ok
light_V0399_V_8s_2026_05_20-0104_flat_0p3_late_bias_cal.fits,2461181.708799537,8.0,gaia_774384016513181696_src3,comparison,390.6121365600256,1254.514788035858,True,0.0,0.0,3,-73.09976196289062,61.55678214612556,-9.137470245361328,7.694597768265695,False,nonpositive_flux
light_V0399_V_8s_2026_05_20-0104_flat_0p3_late_bias_cal.fits,2461181.708799537,8.0,gaia_774289041901756032_src4,comparison,2041.387437507543,1442.3507498915358,True,0.0,0.0,3,-80.91002655029297,41.07615743332223,-10.113753318786621,5.134519679165279,False,nonpositive_flux
light_V0399_V_8s_2026_05_20-0104_flat_0p3_late_bias_cal.fits,2461181.708799537,8.0,gaia_774287774887292672_src5,comparison,2033.8085843345157,1080.733577355526,True,0.0,0.0,3,79.07236862182617,41.658066184140765,9.884046077728271,5.207258273017596,False,ok
light_V0399_V_8s_2026_05_20-0104_flat_0p3_late_bias_cal.fits,2461181.708799537,8.0,gaia_774289488578357504_src6,comparison,940.6541235197662,1100.4907732876518,True,0.0,0.0,3,17.850818634033203,37.68963566119807,2.2313523292541504,4.7112044576497585,False,ok
light_V0399_V_8s_2026_05_20-0104_flat_0p3_late_bias_cal.fits,2461181.708799537,8.0,gaia_774288805679445888_src7,comparison,1944.5979695251317,1351.7388630834228,True,0.0,0.0,3,-59.516387939453125,38.98090206517149,-7.439548492431641,4.8726127581464365,False,nonpositive_flux
light_V0399_V_8s_2026_05_20-0104_flat_0p3_late_bias_cal.fits,2461181.708799537,8.0,gaia_774290626745586944_src8,comparison,1071.4610770076736,1433.9985575432859,True,0.0,0.0,3,-18.269878387451172,39.821441652931014,-2.2837347984313965,4.977680206616377,False,nonpositive_flux
light_V0399_V_8s_2026_05_20-0104_flat_0p3_late_bias_cal.fits,2461181.708799537,8.0,DN_UMa,check,1896.2584800260977,705.4770385058283,True,0.0,0.0,3,2619868.5859375,7961.858173800769,327483.5732421875,995.2322717250961,False,ok
light_V0399_V_8s_2026_05_20-0104_flat_0p3_late_bias_cal.fits,2461181.708799537,8.0,HD_103405,comparison,1198.4664388034141,169.91427963117553,True,0.0,0.0,3,127687.15148925781,463.7222945079576,15960.893936157227,57.9652868134947,False,ok
light_V0399_V_8s_2026_05_20-0104_flat_0p3_late_bias_cal.fits,2461181.708799537,8.0,TYC_3452_787_1,comparison,405.43710385476766,774.4911907519769,True,0.0,0.0,3,164847.10960388184,558.3389988840507,20605.88870048523,69.79237486050634,False,ok
light_V0399_V_8s_2026_05_20-0104_flat_0p3_late_bias_cal.fits,2461181.708799537,8.0,HD_103187,comparison,109.56809938041847,1533.8495881399363,True,0.0,0.0,3,631482.0606079102,1646.9728635182496,78935.25757598877,205.8716079397812,False,ok
light_V0399_V_8s_2026_05_20-0105_flat_0p3_late_bias_cal.fits,2461181.7089913194,8.0,target,target,1971.4716777363478,650.6992715401842,True,0.0,0.0,3,1755728.8430175781,4664.543551608708,219466.10537719727,583.0679439510885,False,ok
light_V0399_V_8s_2026_05_20-0105_flat_0p3_late_bias_cal.fits,2461181.7089913194,8.0,gaia_774272862760870784_src1,comparison,599.578460791499,258.08586022924334,True,0.0,0.0,3,-14.538414001464844,40.58511147953866,-1.8173017501831055,5.073138934942333,False,nonpositive_flux
light_V0399_V_8s_2026_05_20-0105_flat_0p3_late_bias_cal.fits,2461181.7089913194,8.0,gaia_774271076054448768_src2,comparison,1506.7178858234115,321.3162110314761,True,0.0,0.0,3,13.377960205078125,37.39670842001407,1.6722450256347656,4.674588552501759,False,ok
light_V0399_V_8s_2026_05_20-0105_flat_0p3_late_bias_cal.fits,2461181.7089913194,8.0,gaia_774384016513181696_src3,comparison,390.6121365600256,1254.514788035858,True,0.0,0.0,3,-38.067161560058594,56.91499069005988,-4.758395195007324,7.114373836257485,False,nonpositive_flux
light_V0399_V_8s_2026_05_20-0105_flat_0p3_late_bias_cal.fits,2461181.7089913194,8.0,gaia_774289041901756032_src4,comparison,2041.387437507543,1442.3507498915358,True,0.0,0.0,3,38.27635192871094,42.01935540945435,4.784543991088867,5.252419426181794,False,ok
light_V0399_V_8s_2026_05_20-0105_flat_0p3_late_bias_cal.fits,2461181.7089913194,8.0,gaia_774287774887292672_src5,comparison,2033.8085843345157,1080.733577355526,True,0.0,0.0,3,2.4760208129882812,39.56767150113806,0.30950260162353516,4.945958937642257,False,ok
light_V0399_V_8s_2026_05_20-0105_flat_0p3_late_bias_cal.fits,2461181.7089913194,8.0,gaia_774289488578357504_src6,comparison,940.6541235197662,1100.4907732876518,True,0.0,0.0,3,32.19939422607422,37.852652833922235,4.024924278259277,4.731581604240279,False,ok
light_V0399_V_8s_2026_05_20-0105_flat_0p3_late_bias_cal.fits,2461181.7089913194,8.0,gaia_774288805679445888_src7,comparison,1944.5979695251317,1351.7388630834228,True,0.0,0.0,3,-43.36547088623047,39.048521812707165,-5.420683860778809,4.881065226588396,False,nonpositive_flux
light_V0399_V_8s_2026_05_20-0105_flat_0p3_late_bias_cal.fits,2461181.7089913194,8.0,gaia_774290626745586944_src8,comparison,1071.4610770076736,1433.9985575432859,True,0.0,0.0,3,-17.610294342041016,40.87779265386843,-2.201286792755127,5.109724081733554,False,nonpositive_flux
light_V0399_V_8s_2026_05_20-0105_flat_0p3_late_bias_cal.fits,2461181.7089913194,8.0,DN_UMa,check,1896.7890858850412,705.2316569151782,True,0.0,0.0,3,2533075.700073242,8011.23774190834,316634.4625091553,1001.4047177385424,False,ok
light_V0399_V_8s_2026_05_20-0105_flat_0p3_late_bias_cal.fits,2461181.7089913194,8.0,HD_103405,comparison,1199.1362273531972,169.81696798612478,True,0.0,0.0,3,120657.74311447144,472.2675962319443,15082.21788930893,59.03344952899304,False,ok
light_V0399_V_8s_2026_05_20-0105_flat_0p3_late_bias_cal.fits,2461181.7089913194,8.0,TYC_3452_787_1,comparison,406.24897018168423,774.3607294061886,True,0.0,0.0,3,159901.32347869873,576.5645539642036,19987.66543483734,72.07056924552545,False,ok
light_V0399_V_8s_2026_05_20-0105_flat_0p3_late_bias_cal.fits,2461181.7089913194,8.0,HD_103187,comparison,110.36729711390184,1533.6681840029896,True,0.0,0.0,3,613622.7352905273,1808.0481780570988,76702.84191131592,226.00602225713735,False,ok
light_V0399_V_8s_2026_05_20-0106_flat_0p3_late_bias_cal.fits,2461181.709182986,8.0,target,target,1971.1517876152193,650.6504254291274,True,0.0,0.0,3,2101581.440307617,3470.096073764338,262697.68003845215,433.76200922054227,False,ok
light_V0399_V_8s_2026_05_20-0106_flat_0p3_late_bias_cal.fits,2461181.709182986,8.0,gaia_774272862760870784_src1,comparison,599.578460791499,258.08586022924334,True,0.0,0.0,3,6.7362823486328125,39.942950647366956,0.8420352935791016,4.9928688309208695,False,ok
light_V0399_V_8s_2026_05_20-0106_flat_0p3_late_bias_cal.fits,2461181.709182986,8.0,gaia_774271076054448768_src2,comparison,1506.7178858234115,321.3162110314761,True,0.0,0.0,3,31.065967559814453,39.866634138280254,3.8832459449768066,4.983329267285032,False,ok
light_V0399_V_8s_2026_05_20-0106_flat_0p3_late_bias_cal.fits,2461181.709182986,8.0,gaia_774384016513181696_src3,comparison,390.6121365600256,1254.514788035858,True,0.0,0.0,3,11.555347442626953,66.30707865458369,1.4444184303283691,8.288384831822961,False,ok
light_V0399_V_8s_2026_05_20-0106_flat_0p3_late_bias_cal.fits,2461181.709182986,8.0,gaia_774289041901756032_src4,comparison,2041.387437507543,1442.3507498915358,True,0.0,0.0,3,4.686454772949219,39.96919314335245,0.5858068466186523,4.996149142919056,False,ok
light_V0399_V_8s_2026_05_20-0106_flat_0p3_late_bias_cal.fits,2461181.709182986,8.0,gaia_774287774887292672_src5,comparison,2033.8085843345157,1080.733577355526,True,0.0,0.0,3,25.199108123779297,38.65835209412921,3.149888515472412,4.832294011766151,False,ok
light_V0399_V_8s_2026_05_20-0106_flat_0p3_late_bias_cal.fits,2461181.709182986,8.0,gaia_774289488578357504_src6,comparison,940.6541235197662,1100.4907732876518,True,0.0,0.0,3,23.063919067382812,37.47422529971682,2.8829898834228516,4.684278162464603,False,ok
light_V0399_V_8s_2026_05_20-0106_flat_0p3_late_bias_cal.fits,2461181.709182986,8.0,gaia_774288805679445888_src7,comparison,1944.5979695251317,1351.7388630834228,True,0.0,0.0,3,-31.286670684814453,38.312420006381736,-3.9108338356018066,4.789052500797717,False,nonpositive_flux
light_V0399_V_8s_2026_05_20-0106_flat_0p3_late_bias_cal.fits,2461181.709182986,8.0,gaia_774290626745586944_src8,comparison,1071.4610770076736,1433.9985575432859,True,0.0,0.0,3,19.631610870361328,39.70962092689474,2.453951358795166,4.963702615861843,False,ok
light_V0399_V_8s_2026_05_20-0106_flat_0p3_late_bias_cal.fits,2461181.709182986,8.0,DN_UMa,check,1896.4657926025552,705.1860872553889,True,0.0,0.0,3,3046264.738876343,6304.886342269963,380783.09235954285,788.1107927837454,True,saturated
light_V0399_V_8s_2026_05_20-0106_flat_0p3_late_bias_cal.fits,2461181.709182986,8.0,HD_103405,comparison,1198.7209022321792,169.83157136125985,True,0.0,0.0,3,149404.47872924805,443.0870127515219,18675.559841156006,55.38587659394024,False,ok
light_V0399_V_8s_2026_05_20-0106_flat_0p3_late_bias_cal.fits,2461181.709182986,8.0,TYC_3452_787_1,comparison,405.7870088355622,774.4659923522777,True,0.0,0.0,3,191968.34075164795,527.5124295162741,23996.042593955994,65.93905368953426,False,ok
light_V0399_V_8s_2026_05_20-0106_flat_0p3_late_bias_cal.fits,2461181.709182986,8.0,HD_103187,comparison,109.99966526679725,1533.747998867659,True,0.0,0.0,3,713731.9950561523,1495.1804712548344,89216.49938201904,186.8975589068543,False,ok
light_V0399_V_8s_2026_05_20-0107_flat_0p3_late_bias_cal.fits,2461181.7093744213,8.0,target,target,1972.076204549273,651.3677617849442,True,0.0,0.0,3,2080977.1271972656,3507.5736834484474,260122.1408996582,438.4467104310559,False,ok
light_V0399_V_8s_2026_05_20-0107_flat_0p3_late_bias_cal.fits,2461181.7093744213,8.0,gaia_774272862760870784_src1,comparison,599.578460791499,258.08586022924334,True,0.0,0.0,3,-33.40411376953125,39.138919622096026,-4.175514221191406,4.892364952762003,False,nonpositive_flux
light_V0399_V_8s_2026_05_20-0107_flat_0p3_late_bias_cal.fits,2461181.7093744213,8.0,gaia_774271076054448768_src2,comparison,1506.7178858234115,321.3162110314761,True,0.0,0.0,3,42.963661193847656,38.65444073374977,5.370457649230957,4.831805091718722,False,ok
light_V0399_V_8s_2026_05_20-0107_flat_0p3_late_bias_cal.fits,2461181.7093744213,8.0,gaia_774384016513181696_src3,comparison,390.6121365600256,1254.514788035858,True,0.0,0.0,3,-32.93973922729492,61.1480958104219,-4.117467403411865,7.6435119763027375,False,nonpositive_flux
light_V0399_V_8s_2026_05_20-0107_flat_0p3_late_bias_cal.fits,2461181.7093744213,8.0,gaia_774289041901756032_src4,comparison,2041.387437507543,1442.3507498915358,True,0.0,0.0,3,-31.248233795166016,41.84312660829791,-3.906029224395752,5.2303908260372385,False,nonpositive_flux
light_V0399_V_8s_2026_05_20-0107_flat_0p3_late_bias_cal.fits,2461181.7093744213,8.0,gaia_774287774887292672_src5,comparison,2033.8085843345157,1080.733577355526,True,0.0,0.0,3,18.731483459472656,38.20031452085331,2.341435432434082,4.775039315106664,False,ok
light_V0399_V_8s_2026_05_20-0107_flat_0p3_late_bias_cal.fits,2461181.7093744213,8.0,gaia_774289488578357504_src6,comparison,940.6541235197662,1100.4907732876518,True,0.0,0.0,3,-34.06058883666992,39.726734770399915,-4.25757360458374,4.965841846299989,False,nonpositive_flux
light_V0399_V_8s_2026_05_20-0107_flat_0p3_late_bias_cal.fits,2461181.7093744213,8.0,gaia_774288805679445888_src7,comparison,1944.5979695251317,1351.7388630834228,True,0.0,0.0,3,1.8290786743164062,40.333456207579246,0.22863483428955078,5.041682025947406,False,ok
light_V0399_V_8s_2026_05_20-0107_flat_0p3_late_bias_cal.fits,2461181.7093744213,8.0,gaia_774290626745586944_src8,comparison,1071.4610770076736,1433.9985575432859,True,0.0,0.0,3,11.638038635253906,39.931821935338355,1.4547548294067383,4.991477741917294,False,ok
light_V0399_V_8s_2026_05_20-0107_flat_0p3_late_bias_cal.fits,2461181.7093744213,8.0,DN_UMa,check,1897.3291863019192,705.9682530037545,True,0.0,0.0,3,2972066.6282348633,6206.9795635648625,371508.3285293579,775.8724454456078,True,saturated
light_V0399_V_8s_2026_05_20-0107_flat_0p3_late_bias_cal.fits,2461181.7093744213,8.0,HD_103405,comparison,1199.6666655859713,170.50743477922762,True,0.0,0.0,3,147435.37464904785,442.9069297999504,18429.42183113098,55.3633662249938,False,ok
light_V0399_V_8s_2026_05_20-0107_flat_0p3_late_bias_cal.fits,2461181.7093744213,8.0,TYC_3452_787_1,comparison,406.8525395547848,775.0670554314003,True,0.0,0.0,3,191961.68883132935,525.0969974274858,23995.21110391617,65.63712467843573,False,ok
light_V0399_V_8s_2026_05_20-0107_flat_0p3_late_bias_cal.fits,2461181.7093744213,8.0,HD_103187,comparison,110.93010273788342,1534.4406731864744,True,0.0,0.0,3,740516.8312835693,1422.8339036422967,92564.60391044617,177.8542379552871,False,ok
light_V0399_V_8s_2026_05_20-0108_flat_0p3_late_bias_cal.fits,2461181.7095659724,8.0,target,target,1972.8049029938877,652.0499399129695,True,0.0,0.0,3,2121859.7490386963,3327.7943629882047,265232.46862983704,415.9742953735256,False,ok
light_V0399_V_8s_2026_05_20-0108_flat_0p3_late_bias_cal.fits,2461181.7095659724,8.0,gaia_774272862760870784_src1,comparison,599.578460791499,258.08586022924334,True,0.0,0.0,3,-5.821189880371094,40.75068309753643,-0.7276487350463867,5.093835387192054,False,nonpositive_flux
light_V0399_V_8s_2026_05_20-0108_flat_0p3_late_bias_cal.fits,2461181.7095659724,8.0,gaia_774271076054448768_src2,comparison,1506.7178858234115,321.3162110314761,True,0.0,0.0,3,9.956039428710938,40.02611598698083,1.2445049285888672,5.003264498372603,False,ok
light_V0399_V_8s_2026_05_20-0108_flat_0p3_late_bias_cal.fits,2461181.7095659724,8.0,gaia_774384016513181696_src3,comparison,390.6121365600256,1254.514788035858,True,0.0,0.0,3,7.195056915283203,57.4472400668489,0.8993821144104004,7.180905008356112,False,ok
light_V0399_V_8s_2026_05_20-0108_flat_0p3_late_bias_cal.fits,2461181.7095659724,8.0,gaia_774289041901756032_src4,comparison,2041.387437507543,1442.3507498915358,True,0.0,0.0,3,-51.286827087402344,39.499204969798875,-6.410853385925293,4.937400621224859,False,nonpositive_flux
light_V0399_V_8s_2026_05_20-0108_flat_0p3_late_bias_cal.fits,2461181.7095659724,8.0,gaia_774287774887292672_src5,comparison,2033.8085843345157,1080.733577355526,True,0.0,0.0,3,-12.244876861572266,38.946835982140044,-1.5306096076965332,4.8683544977675055,False,nonpositive_flux
light_V0399_V_8s_2026_05_20-0108_flat_0p3_late_bias_cal.fits,2461181.7095659724,8.0,gaia_774289488578357504_src6,comparison,940.6541235197662,1100.4907732876518,True,0.0,0.0,3,17.342548370361328,39.10527029176786,2.167818546295166,4.888158786470982,False,ok
light_V0399_V_8s_2026_05_20-0108_flat_0p3_late_bias_cal.fits,2461181.7095659724,8.0,gaia_774288805679445888_src7,comparison,1944.5979695251317,1351.7388630834228,True,0.0,0.0,3,-22.777881622314453,39.93558500769793,-2.8472352027893066,4.991948125962241,False,nonpositive_flux
light_V0399_V_8s_2026_05_20-0108_flat_0p3_late_bias_cal.fits,2461181.7095659724,8.0,gaia_774290626745586944_src8,comparison,1071.4610770076736,1433.9985575432859,True,0.0,0.0,3,-5.810943603515625,39.27204566734736,-0.7263679504394531,4.90900570841842,False,nonpositive_flux
light_V0399_V_8s_2026_05_20-0108_flat_0p3_late_bias_cal.fits,2461181.7095659724,8.0,DN_UMa,check,1898.0822822917542,706.6678683682892,True,0.0,0.0,3,3074622.6815185547,6386.2953828489935,384327.83518981934,798.2869228561242,True,saturated
light_V0399_V_8s_2026_05_20-0108_flat_0p3_late_bias_cal.fits,2461181.7095659724,8.0,HD_103405,comparison,1200.3846781719105,171.1514737605803,True,0.0,0.0,3,150761.80605697632,443.40770919933067,18845.22575712204,55.42596364991633,False,ok
light_V0399_V_8s_2026_05_20-0108_flat_0p3_late_bias_cal.fits,2461181.7095659724,8.0,TYC_3452_787_1,comparison,407.4194178483322,775.7928230717263,True,0.0,0.0,3,198291.83276367188,521.7777276773888,24786.479095458984,65.2222159596736,False,ok
light_V0399_V_8s_2026_05_20-0108_flat_0p3_late_bias_cal.fits,2461181.7095659724,8.0,HD_103187,comparison,111.67254654419101,1535.1083281852402,True,0.0,0.0,3,747539.1614990234,1374.0062898612316,93442.39518737793,171.75078623265395,False,ok
light_V0399_V_8s_2026_05_20-0109_flat_0p3_late_bias_cal.fits,2461181.7097577546,8.0,target,target,1973.30273057508,652.3825601582595,True,0.0,0.0,3,2100416.4331054688,3425.7861756047355,262552.0541381836,428.22327195059194,False,ok
light_V0399_V_8s_2026_05_20-0109_flat_0p3_late_bias_cal.fits,2461181.7097577546,8.0,gaia_774272862760870784_src1,comparison,599.578460791499,258.08586022924334,True,0.0,0.0,3,27.861087799072266,39.22026102819758,3.482635974884033,4.902532628524697,False,ok
light_V0399_V_8s_2026_05_20-0109_flat_0p3_late_bias_cal.fits,2461181.7097577546,8.0,gaia_774271076054448768_src2,comparison,1506.7178858234115,321.3162110314761,True,0.0,0.0,3,-30.38155746459961,40.422210856019404,-3.797694683074951,5.0527763570024256,False,nonpositive_flux
light_V0399_V_8s_2026_05_20-0109_flat_0p3_late_bias_cal.fits,2461181.7097577546,8.0,gaia_774384016513181696_src3,comparison,390.6121365600256,1254.514788035858,True,0.0,0.0,3,-61.26469039916992,51.2724558302117,-7.65808629989624,6.409056978776462,False,nonpositive_flux
light_V0399_V_8s_2026_05_20-0109_flat_0p3_late_bias_cal.fits,2461181.7097577546,8.0,gaia_774289041901756032_src4,comparison,2041.387437507543,1442.3507498915358,True,0.0,0.0,3,7.546306610107422,40.51961236644015,0.9432883262634277,5.064951545805019,False,ok
light_V0399_V_8s_2026_05_20-0109_flat_0p3_late_bias_cal.fits,2461181.7097577546,8.0,gaia_774287774887292672_src5,comparison,2033.8085843345157,1080.733577355526,True,0.0,0.0,3,28.60965347290039,38.792608754048274,3.576206684112549,4.849076094256034,False,ok
light_V0399_V_8s_2026_05_20-0109_flat_0p3_late_bias_cal.fits,2461181.7097577546,8.0,gaia_774289488578357504_src6,comparison,940.6541235197662,1100.4907732876518,True,0.0,0.0,3,15.513633728027344,39.50316750367735,1.939204216003418,4.937895937959669,False,ok
light_V0399_V_8s_2026_05_20-0109_flat_0p3_late_bias_cal.fits,2461181.7097577546,8.0,gaia_774288805679445888_src7,comparison,1944.5979695251317,1351.7388630834228,True,0.0,0.0,3,-86.53509521484375,40.53745483934916,-10.816886901855469,5.067181854918645,False,nonpositive_flux
light_V0399_V_8s_2026_05_20-0109_flat_0p3_late_bias_cal.fits,2461181.7097577546,8.0,gaia_774290626745586944_src8,comparison,1071.4610770076736,1433.9985575432859,True,0.0,0.0,3,35.28574752807617,38.752755425874646,4.4107184410095215,4.844094428234331,False,ok
light_V0399_V_8s_2026_05_20-0109_flat_0p3_late_bias_cal.fits,2461181.7097577546,8.0,DN_UMa,check,1898.5771369873871,706.934656787685,True,0.0,0.0,3,3030622.9448242188,6417.90135399174,378827.86810302734,802.2376692489674,True,saturated
light_V0399_V_8s_2026_05_20-0109_flat_0p3_late_bias_cal.fits,2461181.7097577546,8.0,HD_103405,comparison,1200.743273392556,171.5246231972623,True,0.0,0.0,3,148379.90240478516,444.9893704485531,18547.487800598145,55.623671306069134,False,ok
light_V0399_V_8s_2026_05_20-0109_flat_0p3_late_bias_cal.fits,2461181.7097577546,8.0,TYC_3452_787_1,comparison,407.9427684806993,776.1029526526751,True,0.0,0.0,3,190697.35150146484,524.5954233240757,23837.168937683105,65.57442791550946,False,ok
light_V0399_V_8s_2026_05_20-0109_flat_0p3_late_bias_cal.fits,2461181.7097577546,8.0,HD_103187,comparison,112.14632542331381,1535.4165404440732,True,0.0,0.0,3,740826.6168518066,1390.7771230000376,92603.32710647583,173.8471403750047,False,ok
