file,jd,minutes,object_id,role,x,y,pred_x,pred_y,match_dist,flux,flux_err,flux_rate,flux_rate_err,flag,n_sources
light_V0399_V_8s_2026_05_20-0001_flat_0p3_late_bias_cal.fits,2461181.689061574,0.0,target,target,1919.0146393338243,634.6679345974002,1919.0146393338243,634.6679345974002,0.0,1705895.1122131348,4639.331720440328,213236.88902664185,579.916465055041,ok,27
light_V0399_V_8s_2026_05_20-0001_flat_0p3_late_bias_cal.fits,2461181.689061574,0.0,DN_UMa,check,1844.3169140644086,689.1431723905756,1844.3169140644086,689.1431723905756,0.0,2524618.7202148438,8143.272682426407,315577.34002685547,1017.9090853033009,ok,27
light_V0399_V_8s_2026_05_20-0001_flat_0p3_late_bias_cal.fits,2461181.689061574,0.0,gaia_774272862760870784_src1,comparison,589.9488503558082,260.06675505119244,588.9092184317915,258.09633608026274,2.2278656733372255,26613.17392730713,179.38861673372156,3326.646740913391,22.423577091715195,ok,27
light_V0399_V_8s_2026_05_20-0001_flat_0p3_late_bias_cal.fits,2461181.689061574,0.0,gaia_774271076054448768_src2,comparison,1496.8261972737305,323.38912427460417,1496.8855775590227,322.6162471911186,0.7751548261209308,18226.805992126465,147.67674226711983,2278.350749015808,18.45959278338998,ok,27
light_V0399_V_8s_2026_05_20-0001_flat_0p3_late_bias_cal.fits,2461181.689061574,0.0,gaia_774384016513181696_src3,comparison,380.7732924829132,1256.926819189222,378.38455295389986,1255.25613844823,2.9150044040776293,12138.714263916016,130.05126827659552,1517.339282989502,16.25640853457444,ok,27
light_V0399_V_8s_2026_05_20-0001_flat_0p3_late_bias_cal.fits,2461181.689061574,0.0,gaia_774289041901756032_src4,comparison,2031.8971565602849,1444.6760039472465,2030.5845795545972,1445.5127808122395,1.5566161754419505,11023.301292419434,116.22276625267456,1377.9126615524292,14.52784578158432,ok,27
light_V0399_V_8s_2026_05_20-0001_flat_0p3_late_bias_cal.fits,2461181.689061574,0.0,gaia_774287774887292672_src5,comparison,2024.0397640441583,1082.9872937469418,2023.4864557666276,1083.5176952370834,0.766469693287703,10462.283973693848,112.77922889583007,1307.785496711731,14.09740361197876,ok,27
light_V0399_V_8s_2026_05_20-0001_flat_0p3_late_bias_cal.fits,2461181.689061574,0.0,gaia_774289488578357504_src6,comparison,930.6605250786797,1102.5646171895623,929.1938379874168,1101.818458968856,1.6455768332122327,9756.38744354248,110.36368712106669,1219.54843044281,13.795460890133336,ok,27
light_V0399_V_8s_2026_05_20-0001_flat_0p3_late_bias_cal.fits,2461181.689061574,0.0,gaia_774288805679445888_src7,comparison,1935.118026830609,1353.849526775419,1933.819089536181,1354.6780306126675,1.5406676160650112,8595.72541809082,102.64125609967101,1074.4656772613525,12.830157012458876,ok,27
light_V0399_V_8s_2026_05_20-0001_flat_0p3_late_bias_cal.fits,2461181.689061574,0.0,gaia_774290626745586944_src8,comparison,1060.6387317188412,1435.5339310292973,1059.683322224237,1435.8420197084702,1.003855535729375,3050.8084259033203,68.29746017846533,381.35105323791504,8.537182522308166,ok,27
light_V0399_V_8s_2026_05_20-0001_flat_0p3_late_bias_cal.fits,2461181.689061574,0.0,HD_103405,comparison,1147.0193321999486,153.33977229642656,1146.766578588767,151.82160817419418,1.5390603269524317,121895.81192779541,463.889646573269,15236.976490974426,57.98620582165862,ok,27
light_V0399_V_8s_2026_05_20-0001_flat_0p3_late_bias_cal.fits,2461181.689061574,0.0,TYC_3452_787_1,comparison,353.6110238836135,757.4258867708342,351.81001912437387,755.2345267550216,2.8364902364904307,164632.71700668335,560.9980568545014,20579.08962583542,70.12475710681268,ok,27
light_V0399_V_8s_2026_05_20-0001_flat_0p3_late_bias_cal.fits,2461181.689061574,0.0,HD_103187,comparison,57.151603928708035,1516.5530807870207,53.79422228007547,1514.9612773616107,3.715622381206386,630557.6127853394,1661.2993176537527,78819.70159816742,207.6624147067191,ok,27
light_V0399_V_8s_2026_05_20-0002_flat_0p3_late_bias_cal.fits,2461181.689252662,0.27516648173332214,target,target,1919.444634629839,634.97337137281,1919.444634629839,634.97337137281,0.0,1702605.2264556885,5069.721636391076,212825.65330696106,633.7152045488845,ok,25
light_V0399_V_8s_2026_05_20-0002_flat_0p3_late_bias_cal.fits,2461181.689252662,0.27516648173332214,DN_UMa,check,1844.6251955832058,689.4800692233955,1844.6251955832058,689.4800692233955,0.0,2478027.7211914062,8706.03165033742,309753.4651489258,1088.2539562921775,ok,25
light_V0399_V_8s_2026_05_20-0002_flat_0p3_late_bias_cal.fits,2461181.689252662,0.27516648173332214,gaia_774272862760870784_src1,comparison,590.413509511586,260.2714761284802,587.8462714103941,257.2596075997688,3.9575325017557432,26164.219177246094,184.63442519071506,3270.5273971557617,23.079303148839383,ok,25
light_V0399_V_8s_2026_05_20-0002_flat_0p3_late_bias_cal.fits,2461181.689252662,0.27516648173332214,gaia_774271076054448768_src2,comparison,1497.2719154158933,323.68239316613256,1496.938187401706,322.3157893801801,1.4067623449726636,17884.258346557617,148.37323511065736,2235.532293319702,18.54665438883217,ok,25
light_V0399_V_8s_2026_05_20-0002_flat_0p3_late_bias_cal.fits,2461181.689252662,0.27516648173332214,gaia_774384016513181696_src3,comparison,381.03355270563304,1257.2981751790114,376.5560933482559,1255.5745953997678,4.797746299293219,11394.64432144165,128.64759508283205,1424.3305401802063,16.080949385354007,ok,25
light_V0399_V_8s_2026_05_20-0002_flat_0p3_late_bias_cal.fits,2461181.689252662,0.27516648173332214,gaia_774289041901756032_src4,comparison,2032.3474937746016,1444.975491942366,2030.749560111274,1446.899164176184,2.5007812490416454,10673.387702941895,115.37927020047954,1334.1734628677368,14.422408775059942,ok,25
light_V0399_V_8s_2026_05_20-0002_flat_0p3_late_bias_cal.fits,2461181.689252662,0.27516648173332214,gaia_774287774887292672_src5,comparison,2024.439137637906,1083.3913054125037,2023.8237458977135,1084.4428881611138,1.2184142444471269,10631.367065429688,113.97691282572625,1328.920883178711,14.24711410321578,ok,25
light_V0399_V_8s_2026_05_20-0002_flat_0p3_late_bias_cal.fits,2461181.689252662,0.27516648173332214,gaia_774289488578357504_src6,comparison,930.984546295427,1102.9075373604976,928.1385537612905,1102.2187784050539,2.9281499966812787,8982.495498657227,106.01272539598419,1122.8119373321533,13.251590674498024,ok,25
light_V0399_V_8s_2026_05_20-0002_flat_0p3_late_bias_cal.fits,2461181.689252662,0.27516648173332214,gaia_774288805679445888_src7,comparison,1935.5778797583807,1354.2999942014055,1933.9072277525252,1355.9011212204232,2.3140194155835534,8568.934066772461,104.39470651376409,1071.1167583465576,13.049338314220511,ok,25
light_V0399_V_8s_2026_05_20-0002_flat_0p3_late_bias_cal.fits,2461181.689252662,0.27516648173332214,gaia_774290626745586944_src8,comparison,1060.9237315842356,1435.7411181276789,1058.6257281483654,1436.7299608606731,2.5017253530047796,3031.678581237793,69.78830801686863,378.9598226547241,8.723538502108578,ok,25
light_V0399_V_8s_2026_05_20-0002_flat_0p3_late_bias_cal.fits,2461181.689252662,0.27516648173332214,HD_103405,comparison,1147.5248418077958,153.62009880079262,1146.462098480552,151.12989538569633,2.707496339454333,116129.4919128418,487.67578744307775,14516.186489105225,60.95947343038472,ok,25
light_V0399_V_8s_2026_05_20-0002_flat_0p3_late_bias_cal.fits,2461181.689252662,0.27516648173332214,TYC_3452_787_1,comparison,354.0079399150091,757.7034441312526,350.1983690565319,754.9075459587823,4.725449895679948,149481.96379089355,589.9700407071449,18685.245473861694,73.74625508839311,ok,25
light_V0399_V_8s_2026_05_20-0002_flat_0p3_late_bias_cal.fits,2461181.689252662,0.27516648173332214,HD_103187,comparison,57.682913547061986,1516.8377721836644,51.42535674771466,1515.4455035176352,6.4105716699421285,589254.5918273926,1874.2383851079992,73656.82397842407,234.2797981384999,ok,25
light_V0399_V_8s_2026_05_20-0003_flat_0p3_late_bias_cal.fits,2461181.68944375,0.5503329634666443,target,target,1919.198601345434,634.6099571578397,1919.198601345434,634.6099571578397,0.0,1659214.951171875,5125.190899353797,207401.86889648438,640.6488624192247,ok,27
light_V0399_V_8s_2026_05_20-0003_flat_0p3_late_bias_cal.fits,2461181.68944375,0.5503329634666443,DN_UMa,check,1844.4649208978337,689.114173300595,1844.4649208978337,689.114173300595,0.0,2400652.848175049,8736.333139686805,300081.6060218811,1092.0416424608507,ok,27
light_V0399_V_8s_2026_05_20-0003_flat_0p3_late_bias_cal.fits,2461181.68944375,0.5503329634666443,gaia_774272862760870784_src1,comparison,590.1889321348878,260.0182709347027,588.4204979896633,257.88253092782696,2.7728585796908534,25242.208419799805,182.82389571220406,3155.2760524749756,22.852986964025508,ok,27
light_V0399_V_8s_2026_05_20-0003_flat_0p3_late_bias_cal.fits,2461181.68944375,0.5503329634666443,gaia_774271076054448768_src2,comparison,1497.051762458424,323.35071972886897,1496.8514142896584,322.4127539809755,0.9591241488718497,16819.325592041016,145.77493539958041,2102.415699005127,18.221866924947552,ok,27
light_V0399_V_8s_2026_05_20-0003_flat_0p3_late_bias_cal.fits,2461181.68944375,0.5503329634666443,gaia_774384016513181696_src3,comparison,380.88426276486297,1256.8727381085735,377.81482558765606,1255.5449034093367,3.3443369407577714,11474.933044433594,125.793989191073,1434.3666305541992,15.724248648884124,ok,27
light_V0399_V_8s_2026_05_20-0003_flat_0p3_late_bias_cal.fits,2461181.68944375,0.5503329634666443,gaia_774289041901756032_src4,comparison,2032.072256385734,1444.5582773096264,2030.843742984756,1445.856657287842,1.7874662917697177,10530.0966796875,116.20784944375329,1316.2620849609375,14.525981180469161,ok,27
light_V0399_V_8s_2026_05_20-0003_flat_0p3_late_bias_cal.fits,2461181.68944375,0.5503329634666443,gaia_774287774887292672_src5,comparison,2024.2146348995263,1082.9352400317466,2023.7333554550237,1083.6811381574275,0.8876902148807913,10154.821212768555,112.56826374482185,1269.3526515960693,14.071032968102731,ok,27
light_V0399_V_8s_2026_05_20-0003_flat_0p3_late_bias_cal.fits,2461181.68944375,0.5503329634666443,gaia_774289488578357504_src6,comparison,930.7735124116753,1102.544640520634,928.8952202154741,1102.017399728788,1.9508881123469568,8904.13345336914,106.80709061059548,1113.0166816711426,13.350886326324435,ok,27
light_V0399_V_8s_2026_05_20-0003_flat_0p3_late_bias_cal.fits,2461181.68944375,0.5503329634666443,gaia_774288805679445888_src7,comparison,1935.3249214848522,1353.7533262770094,1934.0277865712499,1354.978919911709,1.7845556145725567,8152.727867126465,103.12512779816126,1019.0909833908081,12.890640974770157,ok,27
light_V0399_V_8s_2026_05_20-0003_flat_0p3_late_bias_cal.fits,2461181.68944375,0.5503329634666443,gaia_774290626745586944_src8,comparison,1060.7554446198772,1435.4249248936308,1059.4578559467723,1436.204465471615,1.5137436630071297,2798.378189086914,66.63944154351418,349.79727363586426,8.329930192939273,ok,27
light_V0399_V_8s_2026_05_20-0003_flat_0p3_late_bias_cal.fits,2461181.68944375,0.5503329634666443,HD_103405,comparison,1147.243678939996,153.19829360943356,1146.5536205337203,151.5413392740591,1.794903416228294,114886.12757110596,487.1344532341259,14360.765946388245,60.891806654265736,ok,27
light_V0399_V_8s_2026_05_20-0003_flat_0p3_late_bias_cal.fits,2461181.68944375,0.5503329634666443,TYC_3452_787_1,comparison,353.7709865142045,757.3462778317786,351.2149851611234,755.2744640197557,3.2902211762495783,154133.95513916016,600.2505678772053,19266.74439239502,75.03132098465066,ok,27
light_V0399_V_8s_2026_05_20-0003_flat_0p3_late_bias_cal.fits,2461181.68944375,0.5503329634666443,HD_103187,comparison,57.306327725703085,1516.410789810417,53.06880977732408,1515.387434080611,4.359336567937971,593268.9372558594,1829.8800471438715,74158.61715698242,228.73500589298393,ok,27
light_V0399_V_8s_2026_05_20-0004_flat_0p3_late_bias_cal.fits,2461181.6896349536,0.8256664127111435,target,target,1919.5194189308374,635.2824076346991,1919.5194189308374,635.2824076346991,0.0,1707430.1235351562,4735.59357197653,213428.76544189453,591.9491964970663,ok,26
light_V0399_V_8s_2026_05_20-0004_flat_0p3_late_bias_cal.fits,2461181.6896349536,0.8256664127111435,DN_UMa,check,1844.7819667180186,689.7944612038971,1844.7819667180186,689.7944612038971,0.0,2485366.9755249023,8671.140794241068,310670.8719406128,1083.8925992801335,ok,26
light_V0399_V_8s_2026_05_20-0004_flat_0p3_late_bias_cal.fits,2461181.6896349536,0.8256664127111435,gaia_774272862760870784_src1,comparison,590.643176044893,260.6506538107824,588.6142912017444,258.58288828926743,2.896899714992591,26651.044982910156,181.49071436595347,3331.3806228637695,22.686339295744183,ok,26
light_V0399_V_8s_2026_05_20-0004_flat_0p3_late_bias_cal.fits,2461181.6896349536,0.8256664127111435,gaia_774271076054448768_src2,comparison,1497.3672269026915,324.00150969788706,1497.123359363938,323.0780968532452,0.9550720695880609,17218.727081298828,145.49612301141772,2152.3408851623535,18.187015376427215,ok,26
light_V0399_V_8s_2026_05_20-0004_flat_0p3_late_bias_cal.fits,2461181.6896349536,0.8256664127111435,gaia_774384016513181696_src3,comparison,381.4126159018661,1257.585655467387,378.0354921504404,1256.3372977958002,3.600466873705835,11508.070610046387,126.22755148554714,1438.5088262557983,15.778443935693392,ok,26
light_V0399_V_8s_2026_05_20-0004_flat_0p3_late_bias_cal.fits,2461181.6896349536,0.8256664127111435,gaia_774289041901756032_src4,comparison,2032.361529701589,1445.374990444596,2031.2098573316198,1446.5913780282722,1.6750964155749235,11022.993347167969,117.16681356598683,1377.874168395996,14.645851695748354,ok,26
light_V0399_V_8s_2026_05_20-0004_flat_0p3_late_bias_cal.fits,2461181.6896349536,0.8256664127111435,gaia_774287774887292672_src5,comparison,2024.5371324743226,1083.7116629363088,2024.0827887865153,1084.3861601122387,0.813249424830872,10684.274520874023,114.64271696690196,1335.534315109253,14.330339620862745,ok,26
light_V0399_V_8s_2026_05_20-0004_flat_0p3_late_bias_cal.fits,2461181.6896349536,0.8256664127111435,gaia_774289488578357504_src6,comparison,931.1824211852223,1103.1034234788563,929.1547353157455,1102.7725858223544,2.054498367055988,9099.647491455078,107.16406882546097,1137.4559364318848,13.395508603182622,ok,26
light_V0399_V_8s_2026_05_20-0004_flat_0p3_late_bias_cal.fits,2461181.6896349536,0.8256664127111435,gaia_774288805679445888_src7,comparison,1935.6278045822912,1354.630915238272,1934.381839681537,1355.710410919628,1.6485567809382118,8459.162109375,103.77361230374895,1057.395263671875,12.971701537968618,ok,26
light_V0399_V_8s_2026_05_20-0004_flat_0p3_late_bias_cal.fits,2461181.6896349536,0.8256664127111435,gaia_774290626745586944_src8,comparison,1060.8308962117405,1436.1432715067476,1059.7430394165006,1436.9815457692998,1.3733667194916495,2870.5011672973633,66.59096397946375,358.8126459121704,8.323870497432969,ok,26
light_V0399_V_8s_2026_05_20-0004_flat_0p3_late_bias_cal.fits,2461181.6896349536,0.8256664127111435,HD_103405,comparison,1147.622169776348,153.9723629505519,1146.7889432929348,152.20808547286384,1.9511384858432133,117071.19533538818,466.917371926951,14633.899416923523,58.36467149086887,ok,26
light_V0399_V_8s_2026_05_20-0004_flat_0p3_late_bias_cal.fits,2461181.6896349536,0.8256664127111435,TYC_3452_787_1,comparison,354.3444726213266,757.9981957272852,351.41121988199325,756.0265811614098,3.5342942193850346,152942.45477294922,568.6691733187804,19117.806846618652,71.08364666484755,ok,26
light_V0399_V_8s_2026_05_20-0004_flat_0p3_late_bias_cal.fits,2461181.6896349536,0.8256664127111435,HD_103187,comparison,57.99044865758681,1517.2044459581032,53.27410855875041,1516.2157912235998,4.81884862928356,576418.9264526367,1813.27735490001,72052.36580657959,226.65966936250126,ok,26
light_V0399_V_8s_2026_05_20-0005_flat_0p3_late_bias_cal.fits,2461181.6898260415,1.1008328944444656,target,target,1921.0293067708824,634.5943794518819,1921.0293067708824,634.5943794518819,0.0,1553706.1263427734,5582.6918689223185,194213.26579284668,697.8364836152898,ok,24
light_V0399_V_8s_2026_05_20-0005_flat_0p3_late_bias_cal.fits,2461181.6898260415,1.1008328944444656,DN_UMa,check,1846.2499850878414,689.0933412972413,1846.2499850878414,689.0933412972413,0.0,2265898.3876953125,9252.168680427834,283237.29846191406,1156.5210850534793,ok,24
light_V0399_V_8s_2026_05_20-0005_flat_0p3_late_bias_cal.fits,2461181.6898260415,1.1008328944444656,gaia_774272862760870784_src1,comparison,592.0913929602672,259.90725420808593,589.8920334492893,257.2813687000384,3.425267428961239,23878.492965698242,179.95454185745115,2984.8116207122803,22.494317732181393,ok,24
light_V0399_V_8s_2026_05_20-0005_flat_0p3_late_bias_cal.fits,2461181.6898260415,1.1008328944444656,gaia_774271076054448768_src2,comparison,1498.959121276634,323.3114369789377,1498.6329810822895,322.1409803225563,1.2150457649136905,16032.832153320312,145.56444356265192,2004.104019165039,18.19555544533149,ok,24
light_V0399_V_8s_2026_05_20-0005_flat_0p3_late_bias_cal.fits,2461181.6898260415,1.1008328944444656,gaia_774384016513181696_src3,comparison,382.77485521611374,1256.7230619033135,378.873586619525,1255.2371833302095,4.1746534942123015,10721.056583404541,123.19661298464891,1340.1320729255676,15.399576623081114,ok,24
light_V0399_V_8s_2026_05_20-0005_flat_0p3_late_bias_cal.fits,2461181.6898260415,1.1008328944444656,gaia_774289041901756032_src4,comparison,2033.817341922828,1444.5417038522198,2032.4421153579483,1446.1749288901385,2.135104711538878,10064.011428833008,113.88702349575912,1258.001428604126,14.23587793696989,ok,24
light_V0399_V_8s_2026_05_20-0005_flat_0p3_late_bias_cal.fits,2461181.6898260415,1.1008328944444656,gaia_774287774887292672_src5,comparison,2025.9681576688095,1082.958620721806,2025.4510571804287,1083.8647509905495,1.0432952501649349,9593.471084594727,110.37572656019285,1199.1838855743408,13.796965820024106,ok,24
light_V0399_V_8s_2026_05_20-0005_flat_0p3_late_bias_cal.fits,2461181.6898260415,1.1008328944444656,gaia_774289488578357504_src6,comparison,932.6221835796588,1102.3161867829542,930.2069185085938,1101.8391326946619,2.461927287038093,8563.658683776855,104.84812656757566,1070.457335472107,13.106015820946958,ok,24
light_V0399_V_8s_2026_05_20-0005_flat_0p3_late_bias_cal.fits,2461181.6898260415,1.1008328944444656,gaia_774288805679445888_src7,comparison,1937.1574416968542,1353.7295334856315,1935.6213960431146,1355.2314103266008,2.1482714669734717,7769.252067565918,101.27420488722599,971.1565084457397,12.659275610903249,ok,24
light_V0399_V_8s_2026_05_20-0005_flat_0p3_late_bias_cal.fits,2461181.6898260415,1.1008328944444656,gaia_774290626745586944_src8,comparison,1062.3620822290643,1435.0714131009684,1060.7047314451306,1436.192196014147,2.000741352468787,2697.9477767944336,67.342475212448,337.2434720993042,8.417809401556,ok,24
light_V0399_V_8s_2026_05_20-0005_flat_0p3_late_bias_cal.fits,2461181.6898260415,1.1008328944444656,HD_103405,comparison,1149.120572310798,153.30251886004322,1148.2647836566596,151.08923663941925,2.3729712195225328,109359.08157348633,502.0704592401342,13669.885196685791,62.758807405016775,ok,24
light_V0399_V_8s_2026_05_20-0005_flat_0p3_late_bias_cal.fits,2461181.6898260415,1.1008328944444656,TYC_3452_787_1,comparison,355.69997043347047,757.1971193034351,352.4324475953408,754.7750923484832,4.067298866350046,145351.95682525635,625.6080735548003,18168.994603157043,78.20100919435004,ok,24
light_V0399_V_8s_2026_05_20-0005_flat_0p3_late_bias_cal.fits,2461181.6898260415,1.1008328944444656,HD_103187,comparison,59.06614611521752,1516.4008901164357,53.921499115195274,1515.0652820322643,5.315189715272795,546172.8214111328,2073.6371180212855,68271.6026763916,259.2046397526607,ok,24
light_V0399_V_8s_2026_05_20-0006_flat_0p3_late_bias_cal.fits,2461181.6900171298,1.3760000467300415,target,target,1921.6609189726576,634.0633000606322,1921.6609189726576,634.0633000606322,0.0,1728599.1729125977,4710.247071475236,216074.8966140747,588.7808839344045,ok,28
light_V0399_V_8s_2026_05_20-0006_flat_0p3_late_bias_cal.fits,2461181.6900171298,1.3760000467300415,DN_UMa,check,1846.938140022674,688.5743919752728,1846.938140022674,688.5743919752728,0.0,2539925.519836426,8241.691209142227,317490.6899795532,1030.2114011427784,ok,28
light_V0399_V_8s_2026_05_20-0006_flat_0p3_late_bias_cal.fits,2461181.6900171298,1.3760000467300415,gaia_774272862760870784_src1,comparison,592.7504332954563,259.33801019360203,590.9024573563229,257.52758896272184,2.587013742684393,26981.729064941406,183.28391118342282,3372.716133117676,22.910488897927852,ok,28
light_V0399_V_8s_2026_05_20-0006_flat_0p3_late_bias_cal.fits,2461181.6900171298,1.3760000467300415,gaia_774271076054448768_src2,comparison,1499.522391572979,322.78647379008856,1499.2950181558097,321.93684679292505,0.8795252726012516,18175.93773651123,148.8799230703028,2271.992217063904,18.60999038378785,ok,28
light_V0399_V_8s_2026_05_20-0006_flat_0p3_late_bias_cal.fits,2461181.6900171298,1.3760000467300415,gaia_774384016513181696_src3,comparison,383.4571904837421,1256.1276458583177,380.4368175249301,1255.1659351697572,3.1697855225258253,11792.903759002686,128.6929042841512,1474.1129698753357,16.0866130355189,ok,28
light_V0399_V_8s_2026_05_20-0006_flat_0p3_late_bias_cal.fits,2461181.6900171298,1.3760000467300415,gaia_774289041901756032_src4,comparison,2034.4641514877012,1444.1398054469362,2033.4053807879677,1445.2538262924731,1.5368922665252247,11205.33366394043,117.40497030933284,1400.6667079925537,14.675621288666605,ok,28
light_V0399_V_8s_2026_05_20-0006_flat_0p3_late_bias_cal.fits,2461181.6900171298,1.3760000467300415,gaia_774287774887292672_src5,comparison,2026.595606879743,1082.5745754366767,2026.2484550782344,1083.0978514683327,0.6279587395651529,10972.173461914062,116.04269350628053,1371.5216827392578,14.505336688285066,ok,28
light_V0399_V_8s_2026_05_20-0006_flat_0p3_late_bias_cal.fits,2461181.6900171298,1.3760000467300415,gaia_774289488578357504_src6,comparison,933.2724628790827,1101.7885734933816,931.4689922913026,1101.5749579777923,1.8160775725415486,9387.834426879883,107.99633278023819,1173.4793033599854,13.499541597529774,ok,28
light_V0399_V_8s_2026_05_20-0006_flat_0p3_late_bias_cal.fits,2461181.6900171298,1.3760000467300415,gaia_774288805679445888_src7,comparison,1937.6182367385024,1353.3608881120422,1936.5826335717584,1354.3933001721296,1.46230933142896,8834.576541900635,104.51561156508407,1104.3220677375793,13.064451445635509,ok,28
light_V0399_V_8s_2026_05_20-0006_flat_0p3_late_bias_cal.fits,2461181.6900171298,1.3760000467300415,gaia_774290626745586944_src8,comparison,1063.0622525368697,1434.5825417148872,1062.0681934848744,1435.7279308387167,1.5165980495308182,3040.960121154785,69.83408825738424,380.12001514434814,8.72926103217303,ok,28
light_V0399_V_8s_2026_05_20-0006_flat_0p3_late_bias_cal.fits,2461181.6900171298,1.3760000467300415,HD_103405,comparison,1149.7874033515118,152.6902714239636,1148.993108277441,151.1195840559257,1.7601032562911867,121957.43313598633,469.10888532683026,15244.679141998291,58.63861066585378,ok,28
light_V0399_V_8s_2026_05_20-0006_flat_0p3_late_bias_cal.fits,2461181.6900171298,1.3760000467300415,TYC_3452_787_1,comparison,356.36062341268376,756.6536954231104,353.77355700475755,754.9246650775143,3.1116649136776475,163328.11882019043,580.8739550825994,20416.014852523804,72.60924438532493,ok,28
light_V0399_V_8s_2026_05_20-0006_flat_0p3_late_bias_cal.fits,2461181.6900171298,1.3760000467300415,HD_103187,comparison,59.783223793631095,1515.7500537640046,55.74115161399459,1515.0371609164406,4.104456567866125,609429.5622558594,1777.3755366017265,76178.69528198242,222.1719420752158,ok,28
light_V0399_V_8s_2026_05_20-0007_flat_0p3_late_bias_cal.fits,2461181.6902081016,1.6509995609521866,target,target,1923.3300393374413,634.0935960854564,1923.3300393374413,634.0935960854564,0.0,1724471.9363708496,4683.693299078207,215558.9920463562,585.4616623847759,ok,30
light_V0399_V_8s_2026_05_20-0007_flat_0p3_late_bias_cal.fits,2461181.6902081016,1.6509995609521866,DN_UMa,check,1848.593806220504,688.5754654050925,1848.593806220504,688.5754654050925,0.0,2521010.682800293,8180.709750862619,315126.3353500366,1022.5887188578274,ok,30
light_V0399_V_8s_2026_05_20-0007_flat_0p3_late_bias_cal.fits,2461181.6902081016,1.6509995609521866,gaia_774272862760870784_src1,comparison,594.3964518655885,259.35304325107023,592.7913728269928,257.1299978141329,2.7419353994628146,26908.02760696411,183.0253110153077,3363.503450870514,22.87816387691346,ok,30
light_V0399_V_8s_2026_05_20-0007_flat_0p3_late_bias_cal.fits,2461181.6902081016,1.6509995609521866,gaia_774271076054448768_src2,comparison,1501.079938203671,322.7657958014346,1501.0995762157663,321.8445674457586,0.9214376456497197,17703.751342773438,146.85164159842344,2212.9689178466797,18.35645519980293,ok,30
light_V0399_V_8s_2026_05_20-0007_flat_0p3_late_bias_cal.fits,2461181.6902081016,1.6509995609521866,gaia_774384016513181696_src3,comparison,385.0430858086057,1256.3430648373217,382.00002325209675,1254.6280554344926,3.493062692626498,11850.967346191406,127.48133492985495,1481.3709182739258,15.935166866231869,ok,30
light_V0399_V_8s_2026_05_20-0007_flat_0p3_late_bias_cal.fits,2461181.6902081016,1.6509995609521866,gaia_774289041901756032_src4,comparison,2036.2424018618026,1444.0675112947627,2034.7902328206785,1445.266504915032,1.883183640924609,11136.818893432617,116.62019207670824,1392.1023616790771,14.57752400958853,ok,30
light_V0399_V_8s_2026_05_20-0007_flat_0p3_late_bias_cal.fits,2461181.6902081016,1.6509995609521866,gaia_774287774887292672_src5,comparison,2028.3508792901655,1082.4072758265036,2027.7572835608983,1083.1329655622712,0.9375401230895972,11113.452602386475,116.96940423416197,1389.1815752983093,14.621175529270246,ok,30
light_V0399_V_8s_2026_05_20-0007_flat_0p3_late_bias_cal.fits,2461181.6902081016,1.6509995609521866,gaia_774289488578357504_src6,comparison,934.9376083621082,1102.0059571074546,933.0467188475318,1101.2355143537643,2.041823986794401,9290.05318069458,106.9397215028184,1161.2566475868225,13.3674651878523,ok,30
light_V0399_V_8s_2026_05_20-0007_flat_0p3_late_bias_cal.fits,2461181.6902081016,1.6509995609521866,gaia_774288805679445888_src7,comparison,1939.5127415211768,1353.327474695383,1938.0051170148986,1354.3792060304474,1.838224810268658,8550.852592468262,103.4326591654759,1068.8565740585327,12.929082395684487,ok,30
light_V0399_V_8s_2026_05_20-0007_flat_0p3_late_bias_cal.fits,2461181.6902081016,1.6509995609521866,gaia_774290626745586944_src8,comparison,1064.9849212913703,1434.6728336442704,1063.5230128097019,1435.4100655082711,1.6372804372104144,2959.1259689331055,68.327587673586,369.8907461166382,8.54094845919825,ok,30
light_V0399_V_8s_2026_05_20-0007_flat_0p3_late_bias_cal.fits,2461181.6902081016,1.6509995609521866,HD_103405,comparison,1151.2538423221029,152.78268099907024,1150.8799716969963,150.91959485235293,1.9002287321287101,121411.12312316895,468.4188003397867,15176.390390396118,58.552350042473336,ok,30
light_V0399_V_8s_2026_05_20-0007_flat_0p3_late_bias_cal.fits,2461181.6902081016,1.6509995609521866,TYC_3452_787_1,comparison,357.9205978606947,756.7652830347437,355.5091621795193,754.4120545162787,3.369377762223021,158461.63008117676,576.5738290117822,19807.703760147095,72.07172862647278,ok,30
light_V0399_V_8s_2026_05_20-0007_flat_0p3_late_bias_cal.fits,2461181.6902081016,1.6509995609521866,HD_103187,comparison,61.54672128477742,1515.8212910826983,57.23805137168438,1514.370719181494,4.54629467374879,610448.715385437,1737.745218483917,76306.08942317963,217.21815231048961,ok,30
light_V0399_V_8s_2026_05_20-0008_flat_0p3_late_bias_cal.fits,2461181.690400463,1.9280000030994415,target,target,1923.6254164396014,633.8055430830517,1923.6254164396014,633.8055430830517,0.0,1777231.2915039062,4600.4737383395795,222153.91143798828,575.0592172924474,ok,29
light_V0399_V_8s_2026_05_20-0008_flat_0p3_late_bias_cal.fits,2461181.690400463,1.9280000030994415,DN_UMa,check,1848.8947848869977,688.3426189874308,1848.8947848869977,688.3426189874308,0.0,2548566.7637939453,8134.844337095219,318570.84547424316,1016.8555421369024,ok,29
light_V0399_V_8s_2026_05_20-0008_flat_0p3_late_bias_cal.fits,2461181.690400463,1.9280000030994415,gaia_774272862760870784_src1,comparison,594.5589330273414,259.36703778189394,592.4887345514403,257.4171020552956,2.8439358409584075,27246.67328643799,182.82129601325028,3405.8341608047485,22.852662001656284,ok,29
light_V0399_V_8s_2026_05_20-0008_flat_0p3_late_bias_cal.fits,2461181.690400463,1.9280000030994415,gaia_774271076054448768_src2,comparison,1501.368348837207,322.59722767759666,1501.105395184531,321.6807288450473,0.9534750827996817,18590.203552246094,149.35256198514583,2323.7754440307617,18.66907024814323,ok,29
light_V0399_V_8s_2026_05_20-0008_flat_0p3_late_bias_cal.fits,2461181.690400463,1.9280000030994415,gaia_774384016513181696_src3,comparison,385.29323248709295,1256.093878368695,382.150315307563,1255.3262857223503,3.2352939384400283,11972.977951049805,129.0001872908775,1496.6222438812256,16.125023411359688,ok,29
light_V0399_V_8s_2026_05_20-0008_flat_0p3_late_bias_cal.fits,2461181.690400463,1.9280000030994415,gaia_774289041901756032_src4,comparison,2036.4313788603204,1443.885759556683,2035.539559567398,1445.1662437075252,1.560442665331265,11125.249130249023,116.71941897577078,1390.656141281128,14.589927371971347,ok,29
light_V0399_V_8s_2026_05_20-0008_flat_0p3_late_bias_cal.fits,2461181.690400463,1.9280000030994415,gaia_774287774887292672_src5,comparison,2028.627873682784,1082.1780804737289,2028.316885405272,1082.9267344981292,0.8106766044488763,11013.557609558105,115.81397458419875,1376.6947011947632,14.476746823024843,ok,29
light_V0399_V_8s_2026_05_20-0008_flat_0p3_late_bias_cal.fits,2461181.690400463,1.9280000030994415,gaia_774289488578357504_src6,comparison,935.1256782179556,1101.6763078844235,933.2843436352193,1101.6018558592755,1.8428391545735319,9612.74594116211,108.29192603408947,1201.5932426452637,13.536490754261184,ok,29
light_V0399_V_8s_2026_05_20-0008_flat_0p3_late_bias_cal.fits,2461181.690400463,1.9280000030994415,gaia_774288805679445888_src7,comparison,1939.744201901411,1353.1040571598296,1938.6780657912336,1354.301572029016,1.6033365421353805,8703.782806396484,104.26872640786561,1087.9728507995605,13.033590800983202,ok,29
light_V0399_V_8s_2026_05_20-0008_flat_0p3_late_bias_cal.fits,2461181.690400463,1.9280000030994415,gaia_774290626745586944_src8,comparison,1065.0899797556888,1434.453175350235,1063.973243602015,1435.8099666625549,1.7572655752928141,3096.575523376465,69.47698778640753,387.0719404220581,8.684623473300942,ok,29
light_V0399_V_8s_2026_05_20-0008_flat_0p3_late_bias_cal.fits,2461181.690400463,1.9280000030994415,HD_103405,comparison,1151.4956492167178,152.60287953081203,1150.6912394203964,150.88544381516476,1.896486371635348,122316.06362915039,464.69614549523345,15289.507953643799,58.08701818690418,ok,29
light_V0399_V_8s_2026_05_20-0008_flat_0p3_late_bias_cal.fits,2461181.690400463,1.9280000030994415,TYC_3452_787_1,comparison,358.09003668743003,756.6983188539166,355.3923087855767,754.9725989594235,3.202474822178497,162583.7382965088,572.287493386557,20322.9672870636,71.53593667331963,ok,29
light_V0399_V_8s_2026_05_20-0008_flat_0p3_late_bias_cal.fits,2461181.690400463,1.9280000030994415,HD_103187,comparison,61.66775491141546,1515.7399466562972,57.424596731225165,1515.3158067310346,4.2643036967736645,627669.5109710693,1701.536393831687,78458.68887138367,212.69204922896088,ok,29
light_V0399_V_8s_2026_05_20-0009_flat_0p3_late_bias_cal.fits,2461181.690591667,2.2033334523439407,target,target,1923.9878547855772,634.9458174580328,1923.9878547855772,634.9458174580328,0.0,1582826.0853881836,5057.66291249735,197853.26067352295,632.2078640621687,ok,26
light_V0399_V_8s_2026_05_20-0009_flat_0p3_late_bias_cal.fits,2461181.690591667,2.2033334523439407,DN_UMa,check,1849.3311162604086,689.42551944747,1849.3311162604086,689.42551944747,0.0,2386537.1053771973,8942.955412421232,298317.13817214966,1117.869426552654,ok,26
light_V0399_V_8s_2026_05_20-0009_flat_0p3_late_bias_cal.fits,2461181.690591667,2.2033334523439407,gaia_774272862760870784_src1,comparison,594.8060562761491,260.3551058437025,594.2079680047318,258.8977401588095,1.5753172124720325,25652.389251708984,179.93557390744178,3206.548656463623,22.491946738430222,ok,26
light_V0399_V_8s_2026_05_20-0009_flat_0p3_late_bias_cal.fits,2461181.690591667,2.2033334523439407,gaia_774271076054448768_src2,comparison,1501.7430334652272,323.66988394275523,1501.9042979892113,323.1237668197037,0.5694296785257208,17052.257301330566,145.95461602639466,2131.532162666321,18.244327003299333,ok,26
light_V0399_V_8s_2026_05_20-0009_flat_0p3_late_bias_cal.fits,2461181.690591667,2.2033334523439407,gaia_774384016513181696_src3,comparison,385.53899470348387,1257.3133463550816,384.0521075792069,1255.7919418358579,2.127323443074689,11468.84679031372,126.13835336728182,1433.605848789215,15.767294170910228,ok,26
light_V0399_V_8s_2026_05_20-0009_flat_0p3_late_bias_cal.fits,2461181.690591667,2.2033334523439407,gaia_774289041901756032_src4,comparison,2036.784326957846,1445.0443387898608,2035.7644521336995,1445.4897942125108,1.1129129303301124,10240.4755859375,113.39635262406276,1280.0594482421875,14.174544078007845,ok,26
light_V0399_V_8s_2026_05_20-0009_flat_0p3_late_bias_cal.fits,2461181.690591667,2.2033334523439407,gaia_774287774887292672_src5,comparison,2028.9531419389725,1083.3490337102942,2028.5599841000812,1083.6162057687138,0.4753461844612364,10094.596801757812,112.92996945002626,1261.8246002197266,14.116246181253283,ok,26
light_V0399_V_8s_2026_05_20-0009_flat_0p3_late_bias_cal.fits,2461181.690591667,2.2033334523439407,gaia_774289488578357504_src6,comparison,935.4078441424615,1102.9436120882833,934.6336982282922,1102.2394835525822,1.0464697278056,8889.609661102295,105.17748940283187,1111.2012076377869,13.147186175353983,ok,26
light_V0399_V_8s_2026_05_20-0009_flat_0p3_late_bias_cal.fits,2461181.690591667,2.2033334523439407,gaia_774288805679445888_src7,comparison,1940.0479080122968,1354.2424891016663,1939.0035979562897,1354.7140490139523,1.1458412821821418,8038.616149902344,100.95425586281394,1004.827018737793,12.619281982851742,ok,26
light_V0399_V_8s_2026_05_20-0009_flat_0p3_late_bias_cal.fits,2461181.690591667,2.2033334523439407,gaia_774290626745586944_src8,comparison,1065.3364461509063,1435.8893085965003,1065.1804409244592,1436.1137238049196,0.27331267158456957,2758.1825256347656,67.27815557098249,344.7728157043457,8.409769446372811,ok,26
light_V0399_V_8s_2026_05_20-0009_flat_0p3_late_bias_cal.fits,2461181.690591667,2.2033334523439407,HD_103405,comparison,1151.931814765529,153.60259558188255,1151.8494698388524,152.49056560753593,1.115074594273732,114901.72798919678,488.2835183985542,14362.715998649597,61.03543979981927,ok,26
light_V0399_V_8s_2026_05_20-0009_flat_0p3_late_bias_cal.fits,2461181.690591667,2.2033334523439407,TYC_3452_787_1,comparison,358.45269066080266,757.7716169226278,357.3362108897509,755.9431883708584,2.1423533901047978,153319.44342041016,593.2830425867659,19164.93042755127,74.16038032334573,ok,26
light_V0399_V_8s_2026_05_20-0009_flat_0p3_late_bias_cal.fits,2461181.690591667,2.2033334523439407,HD_103187,comparison,62.01806141407128,1517.0008290246915,59.646782331758686,1515.5088987989066,2.801574608113076,556878.7824401855,1884.8386639489395,69609.8478050232,235.60483299361744,ok,26
light_V0399_V_8s_2026_05_20-0010_flat_0p3_late_bias_cal.fits,2461181.690783102,2.4790001660585403,target,target,1925.8153762995419,635.4853790827393,1925.8153762995419,635.4853790827393,0.0,1808403.984802246,4227.965322692246,226050.49810028076,528.4956653365308,ok,29
light_V0399_V_8s_2026_05_20-0010_flat_0p3_late_bias_cal.fits,2461181.690783102,2.4790001660585403,DN_UMa,check,1851.0879273782966,690.055357391349,1851.0879273782966,690.055357391349,0.0,2546408.698944092,7586.477353337187,318301.0873680115,948.3096691671484,ok,29
light_V0399_V_8s_2026_05_20-0010_flat_0p3_late_bias_cal.fits,2461181.690783102,2.4790001660585403,gaia_774272862760870784_src1,comparison,596.7065765654214,261.01384855152673,594.3208476607685,259.4378904451806,2.8592562598435105,27507.69344329834,182.88799403327448,3438.4616804122925,22.86099925415931,ok,29
light_V0399_V_8s_2026_05_20-0010_flat_0p3_late_bias_cal.fits,2461181.690783102,2.4790001660585403,gaia_774271076054448768_src2,comparison,1503.6093364681196,324.18670286798596,1503.1225172203804,323.433750807588,0.8966213165138034,18937.978130340576,149.96925803484146,2367.247266292572,18.746157254355182,ok,29
light_V0399_V_8s_2026_05_20-0010_flat_0p3_late_bias_cal.fits,2461181.690783102,2.4790001660585403,gaia_774384016513181696_src3,comparison,387.6906373973859,1257.8820786388183,384.2510919552408,1257.5932487535556,3.4516511340519473,12191.25936126709,130.51504837879094,1523.9074201583862,16.314381047348867,ok,29
light_V0399_V_8s_2026_05_20-0010_flat_0p3_late_bias_cal.fits,2461181.690783102,2.4790001660585403,gaia_774289041901756032_src4,comparison,2038.8262699669178,1445.537826767408,2037.9994141409325,1446.959216207209,1.6443960887036466,11553.294490814209,118.97648598373165,1444.1618113517761,14.872060747966456,ok,29
light_V0399_V_8s_2026_05_20-0010_flat_0p3_late_bias_cal.fits,2461181.690783102,2.4790001660585403,gaia_774287774887292672_src5,comparison,2030.8566717163117,1083.9234323167998,2030.6640162616957,1084.6560503198043,0.7575257504003549,11228.276580810547,116.81733337379825,1403.5345726013184,14.602166671724781,ok,29
light_V0399_V_8s_2026_05_20-0010_flat_0p3_late_bias_cal.fits,2461181.690783102,2.4790001660585403,gaia_774289488578357504_src6,comparison,937.4504382050526,1103.4059297549588,935.4380719484382,1103.6713555868153,2.0297952662712158,9876.357501983643,109.19872882185328,1234.5446877479553,13.64984110273166,ok,29
light_V0399_V_8s_2026_05_20-0010_flat_0p3_late_bias_cal.fits,2461181.690783102,2.4790001660585403,gaia_774288805679445888_src7,comparison,1942.050424640179,1354.7538432121137,1941.0923585251978,1356.1078102438755,1.6586492708746852,8858.44030380249,103.83437567649034,1107.3050379753113,12.979296959561292,ok,29
light_V0399_V_8s_2026_05_20-0010_flat_0p3_late_bias_cal.fits,2461181.690783102,2.4790001660585403,gaia_774290626745586944_src8,comparison,1067.3640938538213,1436.3231131643406,1066.2535282890406,1437.9000519826914,1.9287539787381252,3105.0984420776367,68.48172519648564,388.1373052597046,8.560215649560705,ok,29
light_V0399_V_8s_2026_05_20-0010_flat_0p3_late_bias_cal.fits,2461181.690783102,2.4790001660585403,HD_103405,comparison,1153.7328341730142,154.2404118841689,1152.592104273896,152.7151775588555,1.904627115699185,127961.13903045654,454.75531397384276,15995.142378807068,56.844414246730345,ok,29
light_V0399_V_8s_2026_05_20-0010_flat_0p3_late_bias_cal.fits,2461181.690783102,2.4790001660585403,TYC_3452_787_1,comparison,360.5020178290081,758.2840403667153,357.334330637789,757.1567956855513,3.362279392410178,166371.74853515625,565.5902126371948,20796.46856689453,70.69877657964935,ok,29
light_V0399_V_8s_2026_05_20-0010_flat_0p3_late_bias_cal.fits,2461181.690783102,2.4790001660585403,HD_103187,comparison,63.975854907589245,1517.5154548976143,59.54627991116672,1517.7299247770275,4.434764027330778,626645.3429489136,1713.652203349396,78330.6678686142,214.2065254186745,ok,29
light_V0399_V_8s_2026_05_20-0011_flat_0p3_late_bias_cal.fits,2461181.690974884,2.7551664412021637,target,target,1926.1125344566017,634.6451547739161,1926.1125344566017,634.6451547739161,0.0,1534104.5090332031,5538.522866385551,191763.0636291504,692.3153582981939,ok,27
light_V0399_V_8s_2026_05_20-0011_flat_0p3_late_bias_cal.fits,2461181.690974884,2.7551664412021637,DN_UMa,check,1851.352104334751,689.1748102777041,1851.352104334751,689.1748102777041,0.0,2274228.8517456055,9492.76710346109,284278.6064682007,1186.5958879326363,ok,27
light_V0399_V_8s_2026_05_20-0011_flat_0p3_late_bias_cal.fits,2461181.690974884,2.7551664412021637,gaia_774272862760870784_src1,comparison,597.1613393234932,260.05573454373587,594.7883097882918,257.83758923683195,3.2482976737789557,23919.792587280273,178.20311582162125,2989.974073410034,22.275389477702657,ok,27
light_V0399_V_8s_2026_05_20-0011_flat_0p3_late_bias_cal.fits,2461181.690974884,2.7551664412021637,gaia_774271076054448768_src2,comparison,1504.0270428078773,323.4095211805998,1503.5820467753301,322.3462894310802,1.1525984652814807,15972.481552124023,144.22542056680564,1996.560194015503,18.028177570850705,ok,27
light_V0399_V_8s_2026_05_20-0011_flat_0p3_late_bias_cal.fits,2461181.690974884,2.7551664412021637,gaia_774384016513181696_src3,comparison,387.69895373636245,1257.0256197948447,384.1509786382653,1255.9056594142808,3.7205427763634655,10739.895729064941,123.9867449236663,1342.4869661331177,15.498343115458287,ok,27
light_V0399_V_8s_2026_05_20-0011_flat_0p3_late_bias_cal.fits,2461181.690974884,2.7551664412021637,gaia_774289041901756032_src4,comparison,2038.9960701073862,1444.630593035066,2037.843879522232,1446.207092343559,1.9526631082181998,9787.90249633789,112.2336191731813,1223.4878120422363,14.029202396647662,ok,27
light_V0399_V_8s_2026_05_20-0011_flat_0p3_late_bias_cal.fits,2461181.690974884,2.7551664412021637,gaia_774287774887292672_src5,comparison,2031.0907303163042,1082.9325675476964,2030.711916996196,1083.888623988102,1.0283693153397464,9449.924842834473,110.28233223109643,1181.240605354309,13.785291528887054,ok,27
light_V0399_V_8s_2026_05_20-0011_flat_0p3_late_bias_cal.fits,2461181.690974884,2.7551664412021637,gaia_774289488578357504_src6,comparison,937.6052809222963,1102.5851908650277,935.4414899411473,1102.2888559813841,2.183988501198127,8639.927474975586,104.75153992109186,1079.9909343719482,13.093942490136483,ok,27
light_V0399_V_8s_2026_05_20-0011_flat_0p3_late_bias_cal.fits,2461181.690974884,2.7551664412021637,gaia_774288805679445888_src7,comparison,1942.1700499782874,1353.743121720576,1940.98490415237,1355.29840870218,1.9553741902347217,7891.724933624268,101.57720081262022,986.4656167030334,12.697150101577527,ok,27
light_V0399_V_8s_2026_05_20-0011_flat_0p3_late_bias_cal.fits,2461181.690974884,2.7551664412021637,gaia_774290626745586944_src8,comparison,1067.735406202845,1435.2698387759515,1066.0731024755992,1436.6014005130428,2.1298615779672687,2738.4683532714844,66.10605798660146,342.30854415893555,8.263257248325182,ok,27
light_V0399_V_8s_2026_05_20-0011_flat_0p3_late_bias_cal.fits,2461181.690974884,2.7551664412021637,HD_103405,comparison,1154.188136246829,153.35806767362348,1153.1367841966944,151.42540472345877,2.200119817705697,109700.03442382812,498.1735757366358,13712.504302978516,62.27169696707948,ok,27
light_V0399_V_8s_2026_05_20-0011_flat_0p3_late_bias_cal.fits,2461181.690974884,2.7551664412021637,TYC_3452_787_1,comparison,360.6684050817251,757.5295209631335,357.51469742811196,755.4386344342989,3.783870827726516,147657.76916122437,603.7199656239885,18457.221145153046,75.46499570299856,ok,27
light_V0399_V_8s_2026_05_20-0011_flat_0p3_late_bias_cal.fits,2461181.690974884,2.7551664412021637,HD_103187,comparison,64.23508764200393,1516.626116340662,59.28991690920657,1515.867835558892,5.002969450288242,572941.4113769531,1963.9204163298957,71617.67642211914,245.49005204123696,ok,27
light_V0399_V_8s_2026_05_20-0012_flat_0p3_late_bias_cal.fits,2461181.691166551,3.0311664193868637,target,target,1926.6827985160678,633.606016631159,1926.6827985160678,633.606016631159,0.0,1753290.8012695312,4418.025386742687,219161.3501586914,552.2531733428359,ok,29
light_V0399_V_8s_2026_05_20-0012_flat_0p3_late_bias_cal.fits,2461181.691166551,3.0311664193868637,DN_UMa,check,1852.0388052448225,688.0448799817437,1852.0388052448225,688.0448799817437,0.0,2444572.1833496094,7967.263265738744,305571.5229187012,995.907908217343,ok,29
light_V0399_V_8s_2026_05_20-0012_flat_0p3_late_bias_cal.fits,2461181.691166551,3.0311664193868637,gaia_774272862760870784_src1,comparison,597.8452479732465,258.68131237867476,597.5010761443382,257.3312249870264,1.3932660237377228,26451.937759399414,179.46725597202138,3306.4922199249268,22.433406996502672,ok,29
light_V0399_V_8s_2026_05_20-0012_flat_0p3_late_bias_cal.fits,2461181.691166551,3.0311664193868637,gaia_774271076054448768_src2,comparison,1504.4903384916768,322.27052948386864,1504.8421564201622,321.78357558952507,0.6007494902370871,18269.402786254883,148.61617578921678,2283.6753482818604,18.577021973652098,ok,29
light_V0399_V_8s_2026_05_20-0012_flat_0p3_late_bias_cal.fits,2461181.691166551,3.0311664193868637,gaia_774384016513181696_src3,comparison,388.63995364524953,1255.6252318635707,387.1485713002137,1253.7967811194535,2.3595451728558245,12152.448417663574,130.06902147285768,1519.0560522079468,16.25862768410721,ok,29
light_V0399_V_8s_2026_05_20-0012_flat_0p3_late_bias_cal.fits,2461181.691166551,3.0311664193868637,gaia_774289041901756032_src4,comparison,2039.7493054993413,1443.5328541477832,2038.1944018720446,1443.879387157337,1.593050663629625,11237.285766601562,117.01321849922233,1404.6607208251953,14.626652312402792,ok,29
light_V0399_V_8s_2026_05_20-0012_flat_0p3_late_bias_cal.fits,2461181.691166551,3.0311664193868637,gaia_774287774887292672_src5,comparison,2031.7836630750903,1081.8302573908566,2031.0923639140478,1082.1383829958809,0.756859246180977,10645.533203125,113.98008008446108,1330.691650390625,14.247510010557635,ok,29
light_V0399_V_8s_2026_05_20-0012_flat_0p3_late_bias_cal.fits,2461181.691166551,3.0311664193868637,gaia_774289488578357504_src6,comparison,938.5247360132179,1101.1175672316024,937.5677437018244,1100.453193065426,1.1650009943124178,9561.77749633789,108.45003398980718,1195.2221870422363,13.556254248725898,ok,29
light_V0399_V_8s_2026_05_20-0012_flat_0p3_late_bias_cal.fits,2461181.691166551,3.0311664193868637,gaia_774288805679445888_src7,comparison,1942.8726158530508,1352.7255030604892,1941.4945526833922,1353.1107265429914,1.4308931584994924,8520.454681396484,103.02798820174745,1065.0568351745605,12.878498525218431,ok,29
light_V0399_V_8s_2026_05_20-0012_flat_0p3_late_bias_cal.fits,2461181.691166551,3.0311664193868637,gaia_774290626745586944_src8,comparison,1068.3805866212574,1433.8719415526207,1067.9739069960972,1434.2392606391384,0.5480069605768194,2910.278694152832,68.2437835185909,363.784836769104,8.530472939823863,ok,29
light_V0399_V_8s_2026_05_20-0012_flat_0p3_late_bias_cal.fits,2461181.691166551,3.0311664193868637,HD_103405,comparison,1154.7975159196953,152.20602010800832,1154.964538695197,151.1173347869322,1.1014228687760708,121534.9673461914,462.16028707066243,15191.870918273926,57.770035883832804,ok,29
light_V0399_V_8s_2026_05_20-0012_flat_0p3_late_bias_cal.fits,2461181.691166551,3.0311664193868637,TYC_3452_787_1,comparison,361.467832038131,756.0233847110532,360.5803934571104,754.1265425135329,2.094172284550033,160869.2014350891,566.3490322234541,20108.65017938614,70.79362902793176,ok,29
light_V0399_V_8s_2026_05_20-0012_flat_0p3_late_bias_cal.fits,2461181.691166551,3.0311664193868637,HD_103187,comparison,64.97208928650362,1515.1956864929907,62.7922915743668,1513.3277341750475,2.8706730792527586,599687.8246994019,1738.1472280716866,74960.97808742523,217.26840350896083,ok,29
light_V0399_V_8s_2026_05_20-0013_flat_0p3_late_bias_cal.fits,2461181.6913577546,3.306499868631363,target,target,1925.5824439387916,633.6215483843831,1925.5824439387916,633.6215483843831,0.0,1580178.0879821777,5400.24347298162,197522.26099777222,675.0304341227024,ok,24
light_V0399_V_8s_2026_05_20-0013_flat_0p3_late_bias_cal.fits,2461181.6913577546,3.306499868631363,DN_UMa,check,1850.8549585509927,688.10678329247,1850.8549585509927,688.10678329247,0.0,2256035.566711426,9500.803251041045,282004.4458389282,1187.6004063801306,ok,24
light_V0399_V_8s_2026_05_20-0013_flat_0p3_late_bias_cal.fits,2461181.6913577546,3.306499868631363,gaia_774272862760870784_src1,comparison,596.8828106611878,258.67077662255366,595.0848611201932,256.791940507479,2.600509123089481,24200.2275390625,180.3215259353061,3025.0284423828125,22.540190741913264,ok,24
light_V0399_V_8s_2026_05_20-0013_flat_0p3_late_bias_cal.fits,2461181.6913577546,3.306499868631363,gaia_774271076054448768_src2,comparison,1503.492955945143,322.303584951515,1503.348621470258,321.42563321099885,0.8897368708307364,16445.855377197266,145.9473171001114,2055.731922149658,18.243414637513926,ok,24
light_V0399_V_8s_2026_05_20-0013_flat_0p3_late_bias_cal.fits,2461181.6913577546,3.306499868631363,gaia_774384016513181696_src3,comparison,387.47390360863545,1255.5174926240038,384.3900139743314,1254.2530846649847,3.3330320675623284,10958.028701782227,125.39985206765385,1369.7535877227783,15.674981508456732,ok,24
light_V0399_V_8s_2026_05_20-0013_flat_0p3_late_bias_cal.fits,2461181.6913577546,3.306499868631363,gaia_774289041901756032_src4,comparison,2038.572526824376,1443.590957917323,2037.1055572923194,1444.7403595198216,1.863631844492973,10093.752937316895,114.37783559352093,1261.7191171646118,14.297229449190116,ok,24
light_V0399_V_8s_2026_05_20-0013_flat_0p3_late_bias_cal.fits,2461181.6913577546,3.306499868631363,gaia_774287774887292672_src5,comparison,2030.76231794612,1081.8398214781214,2030.0421688797817,1082.6273341014723,1.0671414197214122,9811.214134216309,111.52573762071859,1226.4017667770386,13.940717202589823,ok,24
light_V0399_V_8s_2026_05_20-0013_flat_0p3_late_bias_cal.fits,2461181.6913577546,3.306499868631363,gaia_774289488578357504_src6,comparison,937.3208472290064,1101.2176876596936,935.393347914845,1100.8220724988096,1.9676800963607064,8496.095832824707,105.10729422653972,1062.0119791030884,13.138411778317465,ok,24
light_V0399_V_8s_2026_05_20-0013_flat_0p3_late_bias_cal.fits,2461181.6913577546,3.306499868631363,gaia_774288805679445888_src7,comparison,1941.778597407568,1352.742410175306,1940.3180275054933,1353.8662975632917,1.8429290001841012,7838.024757385254,101.06506879959232,979.7530946731567,12.63313359994904,ok,24
light_V0399_V_8s_2026_05_20-0013_flat_0p3_late_bias_cal.fits,2461181.6913577546,3.306499868631363,gaia_774290626745586944_src8,comparison,1067.0956837584047,1434.3468569787817,1065.8909123983076,1434.9671394244056,1.3550735561065579,2659.2081756591797,65.23999118899646,332.40102195739746,8.154998898624557,ok,24
light_V0399_V_8s_2026_05_20-0013_flat_0p3_late_bias_cal.fits,2461181.6913577546,3.306499868631363,HD_103405,comparison,1153.712098996086,152.18478310545663,1153.1337273602062,150.53987228467201,1.7436299370923536,110340.44116210938,497.6604221310686,13792.555145263672,62.20755276638357,ok,24
light_V0399_V_8s_2026_05_20-0013_flat_0p3_late_bias_cal.fits,2461181.6913577546,3.306499868631363,TYC_3452_787_1,comparison,360.5963141819757,756.0098148306809,357.8580298172317,754.0668477422674,3.3575768597098654,140845.84939575195,613.1005786783912,17605.731174468994,76.6375723347989,ok,24
light_V0399_V_8s_2026_05_20-0013_flat_0p3_late_bias_cal.fits,2461181.6913577546,3.306499868631363,HD_103187,comparison,64.13089926125417,1515.1784086826794,59.668012237336825,1514.0091087963995,4.613526071488512,539594.9129333496,2019.83336689115,67449.3641166687,252.47917086139375,ok,24
light_V0399_V_8s_2026_05_20-0014_flat_0p3_late_bias_cal.fits,2461181.6915494213,3.582499846816063,target,target,1928.0375702794818,633.2277578927191,1928.0375702794818,633.2277578927191,0.0,1773669.0738220215,4440.999031344721,221708.6342277527,555.1248789180901,ok,30
light_V0399_V_8s_2026_05_20-0014_flat_0p3_late_bias_cal.fits,2461181.6915494213,3.582499846816063,DN_UMa,check,1853.2712324982247,687.747882867543,1853.2712324982247,687.747882867543,0.0,2638890.761657715,7683.016504308904,329861.34520721436,960.377063038613,ok,30
light_V0399_V_8s_2026_05_20-0014_flat_0p3_late_bias_cal.fits,2461181.6915494213,3.582499846816063,gaia_774272862760870784_src1,comparison,599.090845807468,258.48254634287605,596.7710099011592,256.2627579888778,3.2107785611507955,28172.4267578125,185.37136899658105,3521.5533447265625,23.171421124572632,ok,30
light_V0399_V_8s_2026_05_20-0014_flat_0p3_late_bias_cal.fits,2461181.6915494213,3.582499846816063,gaia_774271076054448768_src2,comparison,1505.8528862330543,321.97199801922636,1505.5486695758154,320.88068294471714,1.132923813145725,18498.492614746094,148.76263562025628,2312.3115768432617,18.595329452532035,ok,30
light_V0399_V_8s_2026_05_20-0014_flat_0p3_late_bias_cal.fits,2461181.6915494213,3.582499846816063,gaia_774384016513181696_src3,comparison,389.6886531699074,1255.4029766017072,386.0149984418547,1254.296280005779,3.8367325182221603,12617.715423583984,132.2217406653074,1577.214427947998,16.527717583163426,ok,30
light_V0399_V_8s_2026_05_20-0014_flat_0p3_late_bias_cal.fits,2461181.6915494213,3.582499846816063,gaia_774289041901756032_src4,comparison,2040.942325506618,1443.129389003754,2039.6698332318463,1444.7957999862517,2.0967026856334714,11464.399574279785,117.32701976076288,1433.0499467849731,14.66587747009536,ok,30
light_V0399_V_8s_2026_05_20-0014_flat_0p3_late_bias_cal.fits,2461181.6915494213,3.582499846816063,gaia_774287774887292672_src5,comparison,2032.960744481673,1081.6209814120496,2032.5817158928025,1082.479771925196,0.9387139162979435,11111.117431640625,115.7402809437734,1388.8896789550781,14.467535117971675,ok,30
light_V0399_V_8s_2026_05_20-0014_flat_0p3_late_bias_cal.fits,2461181.6915494213,3.582499846816063,gaia_774289488578357504_src6,comparison,939.6075595263856,1101.014744245245,937.3190474772331,1100.747490926369,2.304064177831499,9762.250579833984,109.4592049466065,1220.281322479248,13.682400618325813,ok,30
light_V0399_V_8s_2026_05_20-0014_flat_0p3_late_bias_cal.fits,2461181.6915494213,3.582499846816063,gaia_774288805679445888_src7,comparison,1944.2171879283721,1352.3631972985643,1942.8227254181722,1353.8762410588652,2.0576265727625267,9173.721496582031,105.79211965788852,1146.715187072754,13.224014957236065,ok,30
light_V0399_V_8s_2026_05_20-0014_flat_0p3_late_bias_cal.fits,2461181.6915494213,3.582499846816063,gaia_774290626745586944_src8,comparison,1069.5340601619073,1433.776454289425,1067.909073334,1435.0727732901396,2.0787075654084624,3145.1429748535156,70.65316401683631,393.14287185668945,8.83164550210454,ok,30
light_V0399_V_8s_2026_05_20-0014_flat_0p3_late_bias_cal.fits,2461181.6915494213,3.582499846816063,HD_103405,comparison,1155.989413444761,151.91851066815983,1155.127253821008,149.91901045665657,2.177457304433694,123457.1335067749,460.37881523709336,15432.141688346863,57.54735190463667,ok,30
light_V0399_V_8s_2026_05_20-0014_flat_0p3_late_bias_cal.fits,2461181.6915494213,3.582499846816063,TYC_3452_787_1,comparison,362.5798675734988,755.9572535015044,359.43943314167336,753.8305975953484,3.7927554315804315,166943.83016204834,572.2959264542156,20867.978770256042,71.53699080677696,ok,30
light_V0399_V_8s_2026_05_20-0014_flat_0p3_late_bias_cal.fits,2461181.6915494213,3.582499846816063,HD_103187,comparison,66.11848306043379,1515.0570574213175,61.12548528503294,1514.2168328436182,5.063200976272593,624182.0245666504,1714.575920876684,78022.7530708313,214.3219901095855,ok,30
light_V0399_V_8s_2026_05_20-0015_flat_0p3_late_bias_cal.fits,2461181.6917408565,3.8581665605306625,target,target,1928.8669260789554,632.5022732649987,1928.8669260789554,632.5022732649987,0.0,1274902.45703125,6611.452444649823,159362.80712890625,826.4315555812278,ok,19
light_V0399_V_8s_2026_05_20-0015_flat_0p3_late_bias_cal.fits,2461181.6917408565,3.8581665605306625,DN_UMa,check,1854.2832874228159,686.991155983146,1854.2832874228159,686.991155983146,0.0,1811310.8518066406,11030.831700639957,226413.85647583008,1378.8539625799947,ok,19
light_V0399_V_8s_2026_05_20-0015_flat_0p3_late_bias_cal.fits,2461181.6917408565,3.8581665605306625,gaia_774272862760870784_src1,comparison,599.5932008182496,258.05340869621904,599.6532859407657,257.39913895848775,0.6570229156268034,19916.923767089844,179.72982318291324,2489.6154708862305,22.466227897864155,ok,19
light_V0399_V_8s_2026_05_20-0015_flat_0p3_late_bias_cal.fits,2461181.6917408565,3.8581665605306625,gaia_774271076054448768_src2,comparison,1506.7067498100757,321.2681280651757,1506.8579243750296,321.09185224664674,0.23222168995819678,13205.216018676758,139.61564924391044,1650.6520023345947,17.451956155488805,ok,19
light_V0399_V_8s_2026_05_20-0015_flat_0p3_late_bias_cal.fits,2461181.6917408565,3.8581665605306625,gaia_774384016513181696_src3,comparison,390.7059825036564,1254.7619078352795,390.16417558676267,1253.829630230784,1.0782839454604867,8824.128593444824,116.53204945816385,1103.016074180603,14.566506182270482,ok,19
light_V0399_V_8s_2026_05_20-0015_flat_0p3_late_bias_cal.fits,2461181.6917408565,3.8581665605306625,gaia_774289041901756032_src4,comparison,2041.389571913247,1442.3528198219747,2041.02160010501,1442.5147595579283,0.4020295135159605,8123.573944091797,107.20429149517071,1015.4467430114746,13.400536436896338,ok,19
light_V0399_V_8s_2026_05_20-0015_flat_0p3_late_bias_cal.fits,2461181.6917408565,3.8581665605306625,gaia_774287774887292672_src5,comparison,2033.764506360742,1080.780156202833,2033.6235560458786,1080.8551248753065,0.15964740246094014,7566.108123779297,104.47544593973545,945.7635154724121,13.059430742466931,ok,19
light_V0399_V_8s_2026_05_20-0015_flat_0p3_late_bias_cal.fits,2461181.6917408565,3.8581665605306625,gaia_774289488578357504_src6,comparison,940.5982687574509,1100.4895828930798,940.3423175939914,1100.0654048958586,0.4954169672133716,6825.978530883789,98.24899036441234,853.2473163604736,12.281123795551542,ok,19
light_V0399_V_8s_2026_05_20-0015_flat_0p3_late_bias_cal.fits,2461181.6917408565,3.8581665605306625,gaia_774288805679445888_src7,comparison,1944.5640617818601,1351.8010568583982,1944.2672947148042,1351.8445749071234,0.29994084859158954,6141.343276977539,94.93313538900681,767.6679096221924,11.866641923625851,ok,19
light_V0399_V_8s_2026_05_20-0015_flat_0p3_late_bias_cal.fits,2461181.6917408565,3.8581665605306625,gaia_774290626745586944_src8,comparison,1070.6238154467403,1433.3940677231124,1070.9957523718545,1433.674536799789,0.4658325656662239,2223.454891204834,63.0902765460633,277.93186140060425,7.886284568257913,ok,19
light_V0399_V_8s_2026_05_20-0015_flat_0p3_late_bias_cal.fits,2461181.6917408565,3.8581665605306625,HD_103405,comparison,1156.6863263782236,151.08371652874462,1156.9130058720552,150.7489780476185,0.4042690238818527,88957.7732925415,551.2420889600781,11119.721661567688,68.90526112000977,ok,19
light_V0399_V_8s_2026_05_20-0015_flat_0p3_late_bias_cal.fits,2461181.6917408565,3.8581665605306625,TYC_3452_787_1,comparison,363.35015176587865,754.9441242678118,363.1906256394914,754.2855683121784,0.6776020452304062,118243.38122558594,702.9855222364667,14780.422653198242,87.87319027955834,ok,19
light_V0399_V_8s_2026_05_20-0015_flat_0p3_late_bias_cal.fits,2461181.6917408565,3.8581665605306625,HD_103187,comparison,66.65424770106489,1514.2722347445567,66.08905244255766,1513.5731395716182,0.8989881762654194,454944.18144226074,2411.9288943185734,56868.02268028259,301.4911117898217,ok,19
light_V0399_V_8s_2026_05_20-0016_flat_0p3_late_bias_cal.fits,2461181.691932523,4.1341665387153625,target,target,1928.919656047659,631.1781802484929,1928.919656047659,631.1781802484929,0.0,1773484.8001708984,4438.49674237734,221685.6000213623,554.8120927971675,ok,29
light_V0399_V_8s_2026_05_20-0016_flat_0p3_late_bias_cal.fits,2461181.691932523,4.1341665387153625,DN_UMa,check,1854.0419334358253,685.838882161757,1854.0419334358253,685.838882161757,0.0,2554774.2024230957,7934.076189613022,319346.77530288696,991.7595237016277,ok,29
light_V0399_V_8s_2026_05_20-0016_flat_0p3_late_bias_cal.fits,2461181.691932523,4.1341665387153625,gaia_774272862760870784_src1,comparison,599.9415556888831,256.85202629618254,594.9713140233762,254.1990847520895,5.633950749688525,26329.11979675293,180.69294639094372,3291.139974594116,22.586618298867965,ok,29
light_V0399_V_8s_2026_05_20-0016_flat_0p3_late_bias_cal.fits,2461181.691932523,4.1341665387153625,gaia_774271076054448768_src2,comparison,1506.5285067831196,319.87959484513175,1505.4797899124803,318.46669954223705,1.7595681889899424,18539.764770507812,148.14709234206472,2317.4705963134766,18.51838654275809,ok,29
light_V0399_V_8s_2026_05_20-0016_flat_0p3_late_bias_cal.fits,2461181.691932523,4.1341665387153625,gaia_774384016513181696_src3,comparison,390.5492283983581,1253.9305949849154,384.3389293870953,1254.2058661772753,6.216396708595344,12345.45101928711,130.43120987449853,1543.1813774108887,16.303901234312317,ok,29
light_V0399_V_8s_2026_05_20-0016_flat_0p3_late_bias_cal.fits,2461181.691932523,4.1341665387153625,gaia_774289041901756032_src4,comparison,2041.4745051806126,1441.4471173395407,2041.1810307193077,1444.2041337484973,2.7725920613559545,11464.538234710693,117.82454477721329,1433.0672793388367,14.728068097151661,ok,29
light_V0399_V_8s_2026_05_20-0016_flat_0p3_late_bias_cal.fits,2461181.691932523,4.1341665387153625,gaia_774287774887292672_src5,comparison,2033.8242832003807,1079.786005705071,2033.89189535269,1081.2150807266814,1.4306735548443559,11050.947845458984,115.84856888784924,1381.368480682373,14.481071110981155,ok,29
light_V0399_V_8s_2026_05_20-0016_flat_0p3_late_bias_cal.fits,2461181.691932523,4.1341665387153625,gaia_774289488578357504_src6,comparison,940.4484081691706,1099.320487294705,936.5930698033408,1100.084566237125,3.930324483460585,9770.076320648193,109.08066885123282,1221.2595400810242,13.635083606404102,ok,29
light_V0399_V_8s_2026_05_20-0016_flat_0p3_late_bias_cal.fits,2461181.691932523,4.1341665387153625,gaia_774288805679445888_src7,comparison,1944.7488246083442,1350.555635020465,1944.1059199353742,1353.1649576183354,2.6873575940473677,9041.423301696777,106.53479511296584,1130.1779127120972,13.31684938912073,ok,29
light_V0399_V_8s_2026_05_20-0016_flat_0p3_late_bias_cal.fits,2461181.691932523,4.1341665387153625,gaia_774290626745586944_src8,comparison,1070.196824535195,1432.2559950029565,1067.600271594739,1434.9665871577872,3.7535845537858865,3033.8708419799805,68.2929997056602,379.23385524749756,8.536624963207524,ok,29
light_V0399_V_8s_2026_05_20-0016_flat_0p3_late_bias_cal.fits,2461181.691932523,4.1341665387153625,HD_103405,comparison,1156.7873868051508,149.98972960270822,1154.315285944368,147.36733635410093,3.603918564038899,121496.51794052124,463.0845619429636,15187.064742565155,57.88557024287045,ok,29
light_V0399_V_8s_2026_05_20-0016_flat_0p3_late_bias_cal.fits,2461181.691932523,4.1341665387153625,TYC_3452_787_1,comparison,363.593321381718,754.3851330238995,357.45434971778445,752.8192362160519,6.335535171033801,162412.45461273193,555.3125024476385,20301.55682659149,69.41406280595481,ok,29
light_V0399_V_8s_2026_05_20-0016_flat_0p3_late_bias_cal.fits,2461181.691932523,4.1341665387153625,HD_103187,comparison,67.12351662273787,1513.3588142790825,58.9773297312538,1514.7802555725455,8.269271807223928,616215.7897644043,1719.338019787097,77026.97372055054,214.91725247338712,ok,29
light_V0399_V_8s_2026_05_20-0017_flat_0p3_late_bias_cal.fits,2461181.692123727,4.409499987959862,target,target,1929.80193975652,633.2828369683298,1929.80193975652,633.2828369683298,0.0,1786094.2268066406,4393.587059692236,223261.77835083008,549.1983824615295,ok,28
light_V0399_V_8s_2026_05_20-0017_flat_0p3_late_bias_cal.fits,2461181.692123727,4.409499987959862,DN_UMa,check,1855.0688675959593,687.7985774354541,1855.0688675959593,687.7985774354541,0.0,2611840.1591796875,8141.76238744034,326480.01989746094,1017.7202984300425,ok,28
light_V0399_V_8s_2026_05_20-0017_flat_0p3_late_bias_cal.fits,2461181.692123727,4.409499987959862,gaia_774272862760870784_src1,comparison,600.7301873605185,258.8120374825283,598.893826140569,256.66887189217545,2.8223007064816517,28130.842922210693,184.65924109770654,3516.3553652763367,23.082405137213318,ok,28
light_V0399_V_8s_2026_05_20-0017_flat_0p3_late_bias_cal.fits,2461181.692123727,4.409499987959862,gaia_774271076054448768_src2,comparison,1507.600465365685,322.213358863021,1507.3933537759465,321.10852402267324,1.124079728066642,18851.557846069336,150.1431116921033,2356.444730758667,18.767888961512913,ok,28
light_V0399_V_8s_2026_05_20-0017_flat_0p3_late_bias_cal.fits,2461181.692123727,4.409499987959862,gaia_774384016513181696_src3,comparison,391.54898992857176,1255.8711364600442,388.37810478447113,1254.4212029331952,3.486663136776886,12371.347381591797,131.20145295855244,1546.4184226989746,16.400181619819055,ok,28
light_V0399_V_8s_2026_05_20-0017_flat_0p3_late_bias_cal.fits,2461181.692123727,4.409499987959862,gaia_774289041901756032_src4,comparison,2042.7780183733032,1443.1530572173253,2041.5394906781833,1444.5731130308777,1.8842795347779648,11465.085247039795,117.91327419797221,1433.1356558799744,14.739159274746527,ok,28
light_V0399_V_8s_2026_05_20-0017_flat_0p3_late_bias_cal.fits,2461181.692123727,4.409499987959862,gaia_774287774887292672_src5,comparison,2034.913281149605,1081.7267192020922,2034.3907578264727,1082.373672522314,0.8316124228047738,11163.849914550781,116.58663865064874,1395.4812393188477,14.573329831331092,ok,28
light_V0399_V_8s_2026_05_20-0017_flat_0p3_late_bias_cal.fits,2461181.692123727,4.409499987959862,gaia_774289488578357504_src6,comparison,941.5375220567496,1101.3471668672041,939.4799793409657,1100.82563497795,2.1226110191894842,9987.635414123535,110.47573652940001,1248.454426765442,13.809467066175001,ok,28
light_V0399_V_8s_2026_05_20-0017_flat_0p3_late_bias_cal.fits,2461181.692123727,4.409499987959862,gaia_774288805679445888_src7,comparison,1946.1143704967467,1352.3329629628379,1944.707440781819,1353.6993076913543,1.9612111410786337,8891.634506225586,105.26464739633236,1111.4543132781982,13.158080924541546,ok,28
light_V0399_V_8s_2026_05_20-0017_flat_0p3_late_bias_cal.fits,2461181.692123727,4.409499987959862,gaia_774290626745586944_src8,comparison,1071.3041967676095,1434.145977497761,1070.086441817122,1435.0218105966042,1.500003578817765,3157.86092376709,69.4711655638529,394.73261547088623,8.683895695481613,ok,28
light_V0399_V_8s_2026_05_20-0017_flat_0p3_late_bias_cal.fits,2461181.692123727,4.409499987959862,HD_103405,comparison,1157.7247792503838,152.18229422683333,1157.0538416757609,150.26209214284228,2.0340435768204457,126291.83696746826,462.84629968097744,15786.479620933533,57.85578746012218,ok,28
light_V0399_V_8s_2026_05_20-0017_flat_0p3_late_bias_cal.fits,2461181.692123727,4.409499987959862,TYC_3452_787_1,comparison,364.2588230003193,756.167436841139,361.72415561279036,754.119475086886,3.258632552511176,167498.99657440186,567.3809153945255,20937.374571800232,70.92261442431568,ok,28
light_V0399_V_8s_2026_05_20-0017_flat_0p3_late_bias_cal.fits,2461181.692123727,4.409499987959862,HD_103187,comparison,68.03098090782231,1515.5658404152282,63.6371367056463,1514.315377551429,4.568317441546346,641296.0082244873,1701.8837985900866,80162.00102806091,212.73547482376082,ok,28
light_V0399_V_8s_2026_05_20-0018_flat_0p3_late_bias_cal.fits,2461181.6923153936,4.685499966144562,target,target,1930.2276795150583,634.5990360075258,1930.2276795150583,634.5990360075258,0.0,1856046.3540039062,4256.602570655454,232005.79425048828,532.0753213319317,ok,29
light_V0399_V_8s_2026_05_20-0018_flat_0p3_late_bias_cal.fits,2461181.6923153936,4.685499966144562,DN_UMa,check,1855.472158398348,689.1311884892036,1855.472158398348,689.1311884892036,0.0,2694547.9127807617,7566.3716709145665,336818.4890975952,945.7964588643208,ok,29
light_V0399_V_8s_2026_05_20-0018_flat_0p3_late_bias_cal.fits,2461181.6923153936,4.685499966144562,gaia_774272862760870784_src1,comparison,601.0778411010133,260.0772837046497,598.9193514130707,257.872273533036,3.0856356865117016,27609.90131378174,181.96923283364873,3451.2376642227173,22.74615410420609,ok,29
light_V0399_V_8s_2026_05_20-0018_flat_0p3_late_bias_cal.fits,2461181.6923153936,4.685499966144562,gaia_774271076054448768_src2,comparison,1507.99821197961,323.4262081082868,1507.6920112087919,322.33101088753034,1.1371964933125183,19072.203002929688,150.03418392367593,2384.025375366211,18.75427299045949,ok,29
light_V0399_V_8s_2026_05_20-0018_flat_0p3_late_bias_cal.fits,2461181.6923153936,4.685499966144562,gaia_774384016513181696_src3,comparison,391.8283336759984,1257.0939304075177,388.34065980221544,1255.9246138563822,3.678473901854938,12750.163352966309,130.44492129172298,1593.7704191207886,16.305615161465372,ok,29
light_V0399_V_8s_2026_05_20-0018_flat_0p3_late_bias_cal.fits,2461181.6923153936,4.685499966144562,gaia_774289041901756032_src4,comparison,2043.3047239542127,1444.6893188519516,2041.9990766941585,1446.1331657586677,1.946640351405656,11909.833389282227,120.38511178821767,1488.7291736602783,15.048138973527209,ok,29
light_V0399_V_8s_2026_05_20-0018_flat_0p3_late_bias_cal.fits,2461181.6923153936,4.685499966144562,gaia_774287774887292672_src5,comparison,2035.3514674190883,1082.9882039682786,2034.8480805660727,1083.8248436237766,0.976403726406603,11343.96452331543,116.65390327479588,1417.9955654144287,14.581737909349485,ok,29
light_V0399_V_8s_2026_05_20-0018_flat_0p3_late_bias_cal.fits,2461181.6923153936,4.685499966144562,gaia_774289488578357504_src6,comparison,941.9048138245295,1102.6843401188069,939.6081573782313,1102.2826984072128,2.3315117192102943,10040.327949523926,109.97666783144366,1255.0409936904907,13.747083478930458,ok,29
light_V0399_V_8s_2026_05_20-0018_flat_0p3_late_bias_cal.fits,2461181.6923153936,4.685499966144562,gaia_774288805679445888_src7,comparison,1946.569455460141,1353.9607225265759,1945.1378886238058,1355.2320726049147,1.9146056065380268,9229.274848937988,105.10589438394254,1153.6593561172485,13.138236797992818,ok,29
light_V0399_V_8s_2026_05_20-0018_flat_0p3_late_bias_cal.fits,2461181.6923153936,4.685499966144562,gaia_774290626745586944_src8,comparison,1071.8853289167773,1435.6011997788055,1070.25398798598,1436.5792984130426,1.9020909996082973,3241.320053100586,71.22978167293951,405.16500663757324,8.903722709117439,ok,29
light_V0399_V_8s_2026_05_20-0018_flat_0p3_late_bias_cal.fits,2461181.6923153936,4.685499966144562,HD_103405,comparison,1158.1309213008874,153.24802713939226,1157.2471266590146,151.43332989014073,2.0184694883609553,128323.32002258301,453.55153396586303,16040.415002822876,56.69394174573288,ok,29
light_V0399_V_8s_2026_05_20-0018_flat_0p3_late_bias_cal.fits,2461181.6923153936,4.685499966144562,TYC_3452_787_1,comparison,364.73344186605937,757.4961409237574,361.67854016752653,755.4724944221955,3.6643648223099143,173475.86389160156,551.1775797505176,21684.482986450195,68.8971974688147,ok,29
light_V0399_V_8s_2026_05_20-0018_flat_0p3_late_bias_cal.fits,2461181.6923153936,4.685499966144562,HD_103187,comparison,68.39380989957536,1516.5727606960227,63.5021505234547,1515.8970199123742,4.938112702103409,656273.0915298462,1611.396938347815,82034.13644123077,201.42461729347687,ok,29
light_V0399_V_8s_2026_05_20-0019_flat_0p3_late_bias_cal.fits,2461181.6925069443,4.961332976818085,target,target,1930.927503675967,634.7619213512645,1930.927503675967,634.7619213512645,0.0,1790226.082244873,4611.369433435367,223778.26028060913,576.4211791794208,ok,27
light_V0399_V_8s_2026_05_20-0019_flat_0p3_late_bias_cal.fits,2461181.6925069443,4.961332976818085,DN_UMa,check,1856.2323821259945,689.2968386210877,1856.2323821259945,689.2968386210877,0.0,2605621.7431640625,7988.161907317103,325702.7178955078,998.5202384146379,ok,27
light_V0399_V_8s_2026_05_20-0019_flat_0p3_late_bias_cal.fits,2461181.6925069443,4.961332976818085,gaia_774272862760870784_src1,comparison,601.9576877746154,260.3152199577528,600.1437765291864,258.7714595161712,2.3819047645289433,27433.535758972168,183.16825317009136,3429.191969871521,22.89603164626142,ok,27
light_V0399_V_8s_2026_05_20-0019_flat_0p3_late_bias_cal.fits,2461181.6925069443,4.961332976818085,gaia_774271076054448768_src2,comparison,1508.761303972793,323.6320035037014,1508.4795545698119,322.8258127433257,0.85400601180287,18921.138153076172,150.0997772166277,2365.1422691345215,18.762472152078463,ok,27
light_V0399_V_8s_2026_05_20-0019_flat_0p3_late_bias_cal.fits,2461181.6925069443,4.961332976818085,gaia_774384016513181696_src3,comparison,392.6949778370455,1257.3386299903264,390.08045120987094,1256.4011462374724,2.777521425852519,12641.219882965088,131.16327573768237,1580.152485370636,16.395409467210296,ok,27
light_V0399_V_8s_2026_05_20-0019_flat_0p3_late_bias_cal.fits,2461181.6925069443,4.961332976818085,gaia_774289041901756032_src4,comparison,2043.8250609691077,1444.8810154408136,2042.9737008198922,1445.836688369501,1.2798925151347824,11394.00732421875,117.77829304114044,1424.2509155273438,14.722286630142555,ok,27
light_V0399_V_8s_2026_05_20-0019_flat_0p3_late_bias_cal.fits,2461181.6925069443,4.961332976818085,gaia_774287774887292672_src5,comparison,2035.853502671893,1083.263932059055,2035.6782298214075,1083.7159712542775,0.48482987339354877,10999.097091674805,115.40738351995911,1374.8871364593506,14.425922939994889,ok,27
light_V0399_V_8s_2026_05_20-0019_flat_0p3_late_bias_cal.fits,2461181.6925069443,4.961332976818085,gaia_774289488578357504_src6,comparison,942.3860782187555,1102.857444862725,941.0041356442176,1102.6121767216764,1.403539005633227,9831.105182647705,110.39663206778395,1228.8881478309631,13.799579008472994,ok,27
light_V0399_V_8s_2026_05_20-0019_flat_0p3_late_bias_cal.fits,2461181.6925069443,4.961332976818085,gaia_774288805679445888_src7,comparison,1947.1442625763314,1354.0757476796748,1946.124723905006,1355.021529843758,1.3906699839377827,8762.705940246582,104.4142626370075,1095.3382425308228,13.051782829625937,ok,27
light_V0399_V_8s_2026_05_20-0019_flat_0p3_late_bias_cal.fits,2461181.6925069443,4.961332976818085,gaia_774290626745586944_src8,comparison,1071.999328484178,1435.7349977483436,1071.7200395449572,1436.6849627523277,0.9901695917192778,2995.3118896484375,66.78045043092425,374.4139862060547,8.347556303865531,ok,27
light_V0399_V_8s_2026_05_20-0019_flat_0p3_late_bias_cal.fits,2461181.6925069443,4.961332976818085,HD_103405,comparison,1159.0693453857136,153.6383043247472,1158.1434374194457,152.15851435719452,1.7455898458881847,125868.64626312256,469.32877098432357,15733.58078289032,58.666096373040446,ok,27
light_V0399_V_8s_2026_05_20-0019_flat_0p3_late_bias_cal.fits,2461181.6925069443,4.961332976818085,TYC_3452_787_1,comparison,365.57913499153307,757.810978415438,363.2273258562145,756.2150252607968,2.842195046223404,168750.64613342285,563.2811373712083,21093.830766677856,70.41014217140103,ok,27
light_V0399_V_8s_2026_05_20-0019_flat_0p3_late_bias_cal.fits,2461181.6925069443,4.961332976818085,HD_103187,comparison,69.12035589493276,1517.0250083158758,65.51380646228017,1516.3738365137847,3.664863370714553,625734.4276733398,1677.632715709697,78216.80345916748,209.70408946371214,ok,27
light_V0399_V_8s_2026_05_20-0020_flat_0p3_late_bias_cal.fits,2461181.692698148,5.236666426062584,target,target,1931.6458480274555,634.4177149927939,1931.6458480274555,634.4177149927939,0.0,1874372.884765625,4066.5187879917894,234296.61059570312,508.3148484989737,ok,28
light_V0399_V_8s_2026_05_20-0020_flat_0p3_late_bias_cal.fits,2461181.692698148,5.236666426062584,DN_UMa,check,1856.8489134224524,689.0277787268307,1856.8489134224524,689.0277787268307,0.0,2667271.539367676,7458.394106388156,333408.9424209595,932.2992632985195,ok,28
light_V0399_V_8s_2026_05_20-0020_flat_0p3_late_bias_cal.fits,2461181.692698148,5.236666426062584,gaia_774272862760870784_src1,comparison,602.4088273110223,259.76643411110035,599.0386339055478,257.9222568955339,3.8417695392511133,28947.733489990234,184.91045119962402,3618.4666862487793,23.113806399953003,ok,28
light_V0399_V_8s_2026_05_20-0020_flat_0p3_late_bias_cal.fits,2461181.692698148,5.236666426062584,gaia_774271076054448768_src2,comparison,1509.4456447205798,323.11994549725455,1508.6176789485448,322.0578043204401,1.3467261039819138,19338.483276367188,151.08685964500563,2417.3104095458984,18.885857455625704,ok,28
light_V0399_V_8s_2026_05_20-0020_flat_0p3_late_bias_cal.fits,2461181.692698148,5.236666426062584,gaia_774384016513181696_src3,comparison,393.16168450882304,1256.718097679662,388.6949742759764,1256.918421531554,4.471200057015328,12951.310501098633,132.57995864244782,1618.913812637329,16.572494830305978,ok,28
light_V0399_V_8s_2026_05_20-0020_flat_0p3_late_bias_cal.fits,2461181.692698148,5.236666426062584,gaia_774289041901756032_src4,comparison,2044.3529533824608,1444.5405577070924,2043.8511067437505,1446.601423697121,2.121089031050135,12114.79867553711,120.35003713147293,1514.3498344421387,15.043754641434116,ok,28
light_V0399_V_8s_2026_05_20-0020_flat_0p3_late_bias_cal.fits,2461181.692698148,5.236666426062584,gaia_774287774887292672_src5,comparison,2036.544155647337,1082.9290449914085,2036.5430837162532,1083.9852938863303,1.0562494388446504,11778.545471191406,118.71628195718122,1472.3181838989258,14.839535244647653,ok,28
light_V0399_V_8s_2026_05_20-0020_flat_0p3_late_bias_cal.fits,2461181.692698148,5.236666426062584,gaia_774289488578357504_src6,comparison,943.203795466252,1102.3440674830872,940.3713575788106,1102.9151231426142,2.889430558516924,10206.518646240234,110.56372194782615,1275.8148307800293,13.820465243478269,ok,28
light_V0399_V_8s_2026_05_20-0020_flat_0p3_late_bias_cal.fits,2461181.692698148,5.236666426062584,gaia_774288805679445888_src7,comparison,1947.5972032295592,1353.789983287981,1946.8689735817195,1355.6626965194341,2.0093215937854794,9264.208969116211,106.74809849960359,1158.0261211395264,13.343512312450448,ok,28
light_V0399_V_8s_2026_05_20-0020_flat_0p3_late_bias_cal.fits,2461181.692698148,5.236666426062584,gaia_774290626745586944_src8,comparison,1073.0888858305434,1435.4560414641749,1071.2684819935166,1437.4440698700214,2.6955754621814183,3327.9251708984375,71.05721033840149,415.9906463623047,8.882151292300186,ok,28
light_V0399_V_8s_2026_05_20-0020_flat_0p3_late_bias_cal.fits,2461181.692698148,5.236666426062584,HD_103405,comparison,1159.522094259125,153.030912586847,1157.8010100595175,151.15948029962198,2.542516396762638,131555.3656616211,455.389061429312,16444.420707702637,56.923632678664,ok,28
light_V0399_V_8s_2026_05_20-0020_flat_0p3_late_bias_cal.fits,2461181.692698148,5.236666426062584,TYC_3452_787_1,comparison,366.0483000550412,757.0518885019511,361.8015576044713,756.048121424271,4.363756385008963,167573.4703025818,543.7128062371374,20946.683787822723,67.96410077964218,ok,28
light_V0399_V_8s_2026_05_20-0020_flat_0p3_late_bias_cal.fits,2461181.692698148,5.236666426062584,HD_103187,comparison,69.55602561234872,1516.2698517501701,63.686092818433735,1517.249117881492,5.95105647436091,677690.0854644775,1596.182984447471,84711.26068305969,199.52287305593387,ok,28
light_V0399_V_8s_2026_05_20-0021_flat_0p3_late_bias_cal.fits,2461181.6928898147,5.512666404247284,target,target,1934.0445934882348,635.5189592918846,1934.0445934882348,635.5189592918846,0.0,1830115.638671875,4407.669448508259,228764.45483398438,550.9586810635324,ok,27
light_V0399_V_8s_2026_05_20-0021_flat_0p3_late_bias_cal.fits,2461181.6928898147,5.512666404247284,DN_UMa,check,1859.3130837815502,690.0180045376059,1859.3130837815502,690.0180045376059,0.0,2608255.2757263184,7819.922601776045,326031.9094657898,977.4903252220056,ok,27
light_V0399_V_8s_2026_05_20-0021_flat_0p3_late_bias_cal.fits,2461181.6928898147,5.512666404247284,gaia_774272862760870784_src1,comparison,605.0710928587206,260.836748814321,603.3473659312499,258.76938151143764,2.6916987360250535,27504.942337036133,183.31135942661606,3438.1177921295166,22.913919928327008,ok,27
light_V0399_V_8s_2026_05_20-0021_flat_0p3_late_bias_cal.fits,2461181.6928898147,5.512666404247284,gaia_774271076054448768_src2,comparison,1511.8242207302733,324.208610410786,1511.729110757221,323.3247240512173,0.8889887533628362,18852.17098236084,149.97779215954404,2356.521372795105,18.747224019943005,ok,27
light_V0399_V_8s_2026_05_20-0021_flat_0p3_late_bias_cal.fits,2461181.6928898147,5.512666404247284,gaia_774384016513181696_src3,comparison,395.85781363300185,1257.7240464088645,392.721359255818,1256.3733734824928,3.4149177756117854,12245.011779785156,130.33245891502003,1530.6264724731445,16.291557364377503,ok,27
light_V0399_V_8s_2026_05_20-0021_flat_0p3_late_bias_cal.fits,2461181.6928898147,5.512666404247284,gaia_774289041901756032_src4,comparison,2046.9093225699137,1445.5753497967673,2045.6585174141421,1446.7270530284222,1.700274645905489,11751.209903717041,119.11455632318835,1468.9012379646301,14.889319540398544,ok,27
light_V0399_V_8s_2026_05_20-0021_flat_0p3_late_bias_cal.fits,2461181.6928898147,5.512666404247284,gaia_774287774887292672_src5,comparison,2039.0581388676949,1083.9105221066259,2038.5598489077904,1084.5701086331376,0.8266482142346706,11097.607688903809,115.75315811571787,1387.200961112976,14.469144764464733,ok,27
light_V0399_V_8s_2026_05_20-0021_flat_0p3_late_bias_cal.fits,2461181.6928898147,5.512666404247284,gaia_774289488578357504_src6,comparison,945.6544877387392,1103.3996384276722,943.7779631147586,1102.8711081040271,1.949535577366632,10047.571228027344,110.24445245363805,1255.946403503418,13.780556556704756,ok,27
light_V0399_V_8s_2026_05_20-0021_flat_0p3_late_bias_cal.fits,2461181.6928898147,5.512666404247284,gaia_774288805679445888_src7,comparison,1950.178652308271,1354.8309302686146,1948.850433881361,1355.8509983189656,1.674724758558995,9127.061492919922,106.46256993032347,1140.8826866149902,13.307821241290434,ok,27
light_V0399_V_8s_2026_05_20-0021_flat_0p3_late_bias_cal.fits,2461181.6928898147,5.512666404247284,gaia_774290626745586944_src8,comparison,1075.7188436067288,1436.2755577053506,1074.323349540066,1437.0449205521231,1.5935252994807576,3120.484977722168,69.90225521656977,390.060622215271,8.737781902071221,ok,27
light_V0399_V_8s_2026_05_20-0021_flat_0p3_late_bias_cal.fits,2461181.6928898147,5.512666404247284,HD_103405,comparison,1162.026918911516,154.12378240501334,1161.4548529161912,152.45120012584317,1.7677078332125977,125535.08654403687,461.80685964711546,15691.885818004608,57.72585745588943,ok,27
light_V0399_V_8s_2026_05_20-0021_flat_0p3_late_bias_cal.fits,2461181.6928898147,5.512666404247284,TYC_3452_787_1,comparison,368.7256778742635,758.1093731242345,366.1385770567158,756.1280654363624,3.2586302021213105,166386.47305297852,562.36503080573,20798.309131622314,70.29562885071626,ok,27
light_V0399_V_8s_2026_05_20-0021_flat_0p3_late_bias_cal.fits,2461181.6928898147,5.512666404247284,HD_103187,comparison,72.27616932547691,1517.2926747254794,67.9840553147169,1516.1922408548537,4.430936400466913,640492.5447692871,1674.425228949884,80061.56809616089,209.3031536187355,ok,27
light_V0399_V_8s_2026_05_20-0022_flat_0p3_late_bias_cal.fits,2461181.6930810185,5.787999853491783,target,target,1933.1997140474502,635.3570925409663,1933.1997140474502,635.3570925409663,0.0,1760773.84375,4575.807262402515,220096.73046875,571.9759078003144,ok,27
light_V0399_V_8s_2026_05_20-0022_flat_0p3_late_bias_cal.fits,2461181.6930810185,5.787999853491783,DN_UMa,check,1858.5208927862561,689.8728502716334,1858.5208927862561,689.8728502716334,0.0,2585543.0688476562,8115.108912872483,323192.88360595703,1014.3886141090604,ok,27
light_V0399_V_8s_2026_05_20-0022_flat_0p3_late_bias_cal.fits,2461181.6930810185,5.787999853491783,gaia_774272862760870784_src1,comparison,604.0928718666538,260.92498289274874,602.7918184261314,259.3817252837043,2.0185103673176235,26687.050262451172,180.36423962852717,3335.8812828063965,22.545529953565897,ok,27
light_V0399_V_8s_2026_05_20-0022_flat_0p3_late_bias_cal.fits,2461181.6930810185,5.787999853491783,gaia_774271076054448768_src2,comparison,1510.8457856019656,324.17246384336664,1510.883277432788,323.47671399123743,0.6967592798924377,18265.761463165283,148.33313264515698,2283.2201828956604,18.541641580644622,ok,27
light_V0399_V_8s_2026_05_20-0022_flat_0p3_late_bias_cal.fits,2461181.6930810185,5.787999853491783,gaia_774384016513181696_src3,comparison,394.7449038651279,1257.74267190407,392.72081741150623,1256.7342190441634,2.2613940705654563,12466.124267578125,129.96964079179347,1558.2655334472656,16.246205098974183,ok,27
light_V0399_V_8s_2026_05_20-0022_flat_0p3_late_bias_cal.fits,2461181.6930810185,5.787999853491783,gaia_774289041901756032_src4,comparison,2046.2009383346344,1445.4150902078638,2045.164861597562,1446.2244292479095,1.3147184819741675,11274.782684326172,116.24710808248253,1409.3478355407715,14.530888510310316,ok,27
light_V0399_V_8s_2026_05_20-0022_flat_0p3_late_bias_cal.fits,2461181.6930810185,5.787999853491783,gaia_774287774887292672_src5,comparison,2038.3194866715135,1083.7263264762626,2037.8942746073624,1084.1990321694543,0.6358112706421011,11047.655532836914,115.48218114279453,1380.9569416046143,14.435272642849316,ok,27
light_V0399_V_8s_2026_05_20-0022_flat_0p3_late_bias_cal.fits,2461181.6930810185,5.787999853491783,gaia_774289488578357504_src6,comparison,944.7683352049573,1103.4031082584938,943.5085286301548,1103.0208496523346,1.3165235462757139,9795.486907958984,109.63724573742033,1224.435863494873,13.704655717177541,ok,27
light_V0399_V_8s_2026_05_20-0022_flat_0p3_late_bias_cal.fits,2461181.6930810185,5.787999853491783,gaia_774288805679445888_src7,comparison,1949.356467766109,1354.628634590084,1948.347258299074,1355.4271526010766,1.2869089953190254,8981.413906097412,106.66991140384519,1122.6767382621765,13.333738925480649,ok,27
light_V0399_V_8s_2026_05_20-0022_flat_0p3_late_bias_cal.fits,2461181.6930810185,5.787999853491783,gaia_774290626745586944_src8,comparison,1074.4423592978812,1436.2936640656865,1074.1686812065655,1437.0135578928698,0.7701602561044882,3108.7790451049805,69.21923399500473,388.59738063812256,8.652404249375591,ok,27
light_V0399_V_8s_2026_05_20-0022_flat_0p3_late_bias_cal.fits,2461181.6930810185,5.787999853491783,HD_103405,comparison,1161.0043324801502,154.13137202385948,1160.6506440524208,152.83235052367286,1.3463106483485836,121982.07788085938,464.07015517774414,15247.759735107422,58.00876939721802,ok,27
light_V0399_V_8s_2026_05_20-0022_flat_0p3_late_bias_cal.fits,2461181.6930810185,5.787999853491783,TYC_3452_787_1,comparison,367.6302067521606,758.3536454248517,365.90650092227975,756.6786972648225,2.4034585760421097,166841.48351669312,568.7619097611628,20855.18543958664,71.09523872014535,ok,27
light_V0399_V_8s_2026_05_20-0022_flat_0p3_late_bias_cal.fits,2461181.6930810185,5.787999853491783,HD_103187,comparison,71.22972214197272,1517.4630318868728,68.22354263222473,1516.6175716014448,3.1228061641838663,639126.9984130859,1679.0775121426157,79890.87480163574,209.88468901782696,ok,27
light_V0399_V_8s_2026_05_20-0023_flat_0p3_late_bias_cal.fits,2461181.693271991,6.063000038266182,target,target,1934.4025391596635,636.323445722175,1934.4025391596635,636.323445722175,0.0,1706030.8999023438,4995.984995140096,213253.86248779297,624.498124392512,ok,26
light_V0399_V_8s_2026_05_20-0023_flat_0p3_late_bias_cal.fits,2461181.693271991,6.063000038266182,DN_UMa,check,1859.6987940517238,690.8390307312789,1859.6987940517238,690.8390307312789,0.0,2438002.151489258,8366.347085850777,304750.2689361572,1045.7933857313471,ok,26
light_V0399_V_8s_2026_05_20-0023_flat_0p3_late_bias_cal.fits,2461181.693271991,6.063000038266182,gaia_774272862760870784_src1,comparison,605.5790252282803,261.9069754059252,603.766773618267,260.0531749895984,2.592456727038882,25880.00218963623,182.428056861218,3235.000273704529,22.80350710765225,ok,26
light_V0399_V_8s_2026_05_20-0023_flat_0p3_late_bias_cal.fits,2461181.693271991,6.063000038266182,gaia_774271076054448768_src2,comparison,1512.1847133456367,325.084635907472,1512.0446602099132,324.3077481885377,0.7894107984167149,17229.25269317627,146.13645874594997,2153.6565866470337,18.267057343243746,ok,26
light_V0399_V_8s_2026_05_20-0023_flat_0p3_late_bias_cal.fits,2461181.693271991,6.063000038266182,gaia_774384016513181696_src3,comparison,396.38971348256734,1258.8437502647666,393.4902450563254,1257.5880107676167,3.1597149933936013,11685.469566345215,127.06779940649318,1460.6836957931519,15.883474925811647,ok,26
light_V0399_V_8s_2026_05_20-0023_flat_0p3_late_bias_cal.fits,2461181.693271991,6.063000038266182,gaia_774289041901756032_src4,comparison,2047.29777170104,1446.297331041618,2046.2618397686397,1447.3843975074337,1.5016219463192246,10882.729316711426,116.22998776035843,1360.3411645889282,14.528748470044803,ok,26
light_V0399_V_8s_2026_05_20-0023_flat_0p3_late_bias_cal.fits,2461181.693271991,6.063000038266182,gaia_774287774887292672_src5,comparison,2039.4840877924482,1084.6192657277984,2039.047763564042,1085.2794116927805,0.791310007125169,10390.504653930664,114.51637351576785,1298.813081741333,14.314546689470982,ok,26
light_V0399_V_8s_2026_05_20-0023_flat_0p3_late_bias_cal.fits,2461181.693271991,6.063000038266182,gaia_774289488578357504_src6,comparison,946.3081460698141,1104.35536446387,944.4219310829463,1103.9297158953684,1.933645179590138,9368.023960113525,107.43110002927936,1171.0029950141907,13.42888750365992,ok,26
light_V0399_V_8s_2026_05_20-0023_flat_0p3_late_bias_cal.fits,2461181.693271991,6.063000038266182,gaia_774288805679445888_src7,comparison,1950.5210788220563,1355.5549963138246,1949.4378318877004,1356.5519182353219,1.4721675306680133,8542.360408782959,103.83113087698045,1067.7950510978699,12.978891359622557,ok,26
light_V0399_V_8s_2026_05_20-0023_flat_0p3_late_bias_cal.fits,2461181.693271991,6.063000038266182,gaia_774290626745586944_src8,comparison,1076.1875669888998,1437.1368161147489,1075.0567993576237,1438.0157378480756,1.4321797545195534,2851.25040435791,67.33880882792128,356.40630054473877,8.41735110349016,ok,26
light_V0399_V_8s_2026_05_20-0023_flat_0p3_late_bias_cal.fits,2461181.693271991,6.063000038266182,HD_103405,comparison,1162.3921272230928,155.1199025350845,1161.7635384995526,153.57022598300375,1.6723101385301307,118816.79905319214,487.1081250778223,14852.099881649017,60.88851563472779,ok,26
light_V0399_V_8s_2026_05_20-0023_flat_0p3_late_bias_cal.fits,2461181.693271991,6.063000038266182,TYC_3452_787_1,comparison,369.25695640095495,759.2925173024255,366.75035224097564,757.419864344725,3.1288805529789325,156720.43774414062,596.9114038072071,19590.054718017578,74.61392547590088,ok,26
light_V0399_V_8s_2026_05_20-0023_flat_0p3_late_bias_cal.fits,2461181.693271991,6.063000038266182,HD_103187,comparison,72.89611833393924,1518.3341861116426,68.88098004882477,1517.4755949533455,4.105912106426274,593789.5714111328,1878.874139567707,74223.6964263916,234.85926744596338,ok,26
light_V0399_V_8s_2026_05_20-0024_flat_0p3_late_bias_cal.fits,2461181.6934636575,6.339000016450882,target,target,1934.0068503200862,635.3182672826825,1934.0068503200862,635.3182672826825,0.0,1605739.818359375,4911.645101786302,200717.47729492188,613.9556377232877,ok,25
light_V0399_V_8s_2026_05_20-0024_flat_0p3_late_bias_cal.fits,2461181.6934636575,6.339000016450882,DN_UMa,check,1859.3012527054393,689.8360573268255,1859.3012527054393,689.8360573268255,0.0,2408568.364929199,8823.415746869952,301071.0456161499,1102.926968358744,ok,25
light_V0399_V_8s_2026_05_20-0024_flat_0p3_late_bias_cal.fits,2461181.6934636575,6.339000016450882,gaia_774272862760870784_src1,comparison,604.9998185958007,260.92145459841123,603.3280474648836,259.04653545800124,2.5119993027951466,24459.653564453125,176.3882589438926,3057.4566955566406,22.048532367986574,ok,25
light_V0399_V_8s_2026_05_20-0024_flat_0p3_late_bias_cal.fits,2461181.6934636575,6.339000016450882,gaia_774271076054448768_src2,comparison,1511.835211494378,324.10946509922314,1511.6338757405506,323.29628299142144,0.8377357735098032,16850.78453063965,145.23619827923451,2106.348066329956,18.154524784904314,ok,25
light_V0399_V_8s_2026_05_20-0024_flat_0p3_late_bias_cal.fits,2461181.6934636575,6.339000016450882,gaia_774384016513181696_src3,comparison,395.827850544794,1257.9401077185014,393.05259456339104,1256.6130998641154,3.0761982393719385,11246.819953918457,123.7971808328683,1405.8524942398071,15.474647604108538,ok,25
light_V0399_V_8s_2026_05_20-0024_flat_0p3_late_bias_cal.fits,2461181.6934636575,6.339000016450882,gaia_774289041901756032_src4,comparison,2047.0348800079348,1445.4735212482253,2045.875577146765,1446.4029088835678,1.4858480745500315,10712.917404174805,115.41104672699959,1339.1146755218506,14.426380840874948,ok,25
light_V0399_V_8s_2026_05_20-0024_flat_0p3_late_bias_cal.fits,2461181.6934636575,6.339000016450882,gaia_774287774887292672_src5,comparison,2039.0894030609822,1083.8125568280707,2038.6585844128642,1084.287028154288,0.6408804467048959,10173.76449584961,112.45742761088522,1271.7205619812012,14.057178451360652,ok,25
light_V0399_V_8s_2026_05_20-0024_flat_0p3_late_bias_cal.fits,2461181.6934636575,6.339000016450882,gaia_774289488578357504_src6,comparison,945.7664083526307,1103.420462004398,943.9997936029276,1102.9460534129678,1.829205069283154,9163.554214477539,106.96878440445958,1145.4442768096924,13.371098050557448,ok,25
light_V0399_V_8s_2026_05_20-0024_flat_0p3_late_bias_cal.fits,2461181.6934636575,6.339000016450882,gaia_774288805679445888_src7,comparison,1950.414475177587,1354.8380671082696,1949.0479647942407,1355.5684047153286,1.5494333312789603,8324.740829467773,103.20356913072682,1040.5926036834717,12.900446141340852,ok,25
light_V0399_V_8s_2026_05_20-0024_flat_0p3_late_bias_cal.fits,2461181.6934636575,6.339000016450882,gaia_774290626745586944_src8,comparison,1075.768827479036,1436.3311210316215,1074.641101383916,1437.0412033630362,1.3326601453490314,2777.8416595458984,68.05325395338389,347.2302074432373,8.506656744172986,ok,25
light_V0399_V_8s_2026_05_20-0024_flat_0p3_late_bias_cal.fits,2461181.6934636575,6.339000016450882,HD_103405,comparison,1161.9349697380567,154.1052045855635,1161.340890530386,152.55620862615473,1.6590113282468086,112953.28338623047,468.275761785009,14119.160423278809,58.53447022312613,ok,25
light_V0399_V_8s_2026_05_20-0024_flat_0p3_late_bias_cal.fits,2461181.6934636575,6.339000016450882,TYC_3452_787_1,comparison,368.6342074590037,758.3273989294206,366.3081659870561,756.4300295293464,3.0017460867898413,155134.17028808594,590.6169377049113,19391.771286010742,73.82711721311391,ok,25
light_V0399_V_8s_2026_05_20-0024_flat_0p3_late_bias_cal.fits,2461181.6934636575,6.339000016450882,HD_103187,comparison,72.353305738568,1517.477120809907,68.4354512896141,1516.5109610446611,4.035225913770876,578033.4090270996,1819.3302893376585,72254.17612838745,227.41628616720732,ok,25
light_V0399_V_8s_2026_05_20-0025_flat_0p3_late_bias_cal.fits,2461181.6936555556,6.615333259105682,target,target,1935.8732000410425,635.8641914855987,1935.8732000410425,635.8641914855987,0.0,1856919.5028686523,4230.6601151655495,232114.93785858154,528.8325143956937,ok,26
light_V0399_V_8s_2026_05_20-0025_flat_0p3_late_bias_cal.fits,2461181.6936555556,6.615333259105682,DN_UMa,check,1861.0902365162624,690.439693912244,1861.0902365162624,690.439693912244,0.0,2726221.864135742,7629.9042846202,340777.7330169678,953.738035577525,ok,26
light_V0399_V_8s_2026_05_20-0025_flat_0p3_late_bias_cal.fits,2461181.6936555556,6.615333259105682,gaia_774272862760870784_src1,comparison,606.689727006951,261.5494428849303,603.8015843397143,259.21434824557974,3.714032180937147,28462.834014892578,183.74387750524556,3557.8542518615723,22.967984688155695,ok,26
light_V0399_V_8s_2026_05_20-0025_flat_0p3_late_bias_cal.fits,2461181.6936555556,6.615333259105682,gaia_774271076054448768_src2,comparison,1513.5796058115325,324.74768612655373,1513.0560224017963,323.5212046986659,1.3335652514611889,19725.396087646484,152.0429279476922,2465.6745109558105,19.005365993461524,ok,26
light_V0399_V_8s_2026_05_20-0025_flat_0p3_late_bias_cal.fits,2461181.6936555556,6.615333259105682,gaia_774384016513181696_src3,comparison,397.47837665847817,1258.5007481261212,393.3176073412599,1257.8242731506925,4.215402673943067,12690.124557495117,131.702956731497,1586.2655696868896,16.462869591437126,ok,26
light_V0399_V_8s_2026_05_20-0025_flat_0p3_late_bias_cal.fits,2461181.6936555556,6.615333259105682,gaia_774289041901756032_src4,comparison,2048.7865800282925,1445.8480360300975,2047.8675507591502,1447.7940552611738,2.1521165501103248,11719.836395263672,119.16288924809588,1464.979549407959,14.895361156011985,ok,26
light_V0399_V_8s_2026_05_20-0025_flat_0p3_late_bias_cal.fits,2461181.6936555556,6.615333259105682,gaia_774287774887292672_src5,comparison,2040.8367752946006,1084.2079494586096,2040.639062782211,1085.3003499646745,1.1101482347894838,11607.052536010742,117.9309692776809,1450.8815670013428,14.741371159710113,ok,26
light_V0399_V_8s_2026_05_20-0025_flat_0p3_late_bias_cal.fits,2461181.6936555556,6.615333259105682,gaia_774289488578357504_src6,comparison,947.4434474976136,1103.9844889678288,944.8380920200924,1103.9908295261841,2.605363192902326,9903.276779174805,109.32635775807223,1237.9095973968506,13.66579471975903,ok,26
light_V0399_V_8s_2026_05_20-0025_flat_0p3_late_bias_cal.fits,2461181.6936555556,6.615333259105682,gaia_774288805679445888_src7,comparison,1951.9398695911323,1355.1636826680485,1950.9378950186065,1356.8658161906965,1.9751484938885453,9190.551887512207,106.41293315905013,1148.8189859390259,13.301616644881266,ok,26
light_V0399_V_8s_2026_05_20-0025_flat_0p3_late_bias_cal.fits,2461181.6936555556,6.615333259105682,gaia_774290626745586944_src8,comparison,1077.2454759886655,1436.9761525324222,1075.6193937589883,1438.4332106912439,2.183383130799672,3184.115982055664,69.78626902779713,398.014497756958,8.723283628474642,ok,26
light_V0399_V_8s_2026_05_20-0025_flat_0p3_late_bias_cal.fits,2461181.6936555556,6.615333259105682,HD_103405,comparison,1163.6685361439481,154.8155943902085,1162.3956031202629,152.6067804523595,2.549356290286738,130928.73308181763,454.60278147856883,16366.091635227203,56.825347684821104,ok,26
light_V0399_V_8s_2026_05_20-0025_flat_0p3_late_bias_cal.fits,2461181.6936555556,6.615333259105682,TYC_3452_787_1,comparison,370.3712591923719,758.89875314263,366.53979348279177,757.1195052882383,4.224435158816582,168458.47787475586,553.8653801607638,21057.309734344482,69.23317252009548,ok,26
light_V0399_V_8s_2026_05_20-0025_flat_0p3_late_bias_cal.fits,2461181.6936555556,6.615333259105682,HD_103187,comparison,74.1494210476502,1518.0471802481813,68.3645388848438,1517.9969164812937,5.785100524953508,625209.4722442627,1668.9642623598713,78151.18403053284,208.62053279498392,ok,26
light_V0399_V_8s_2026_05_20-0026_flat_0p3_late_bias_cal.fits,2461181.6938471063,6.891166269779205,target,target,1935.9244470348804,636.2045517355597,1935.9244470348804,636.2045517355597,0.0,1727396.3188171387,4624.574233816535,215924.53985214233,578.0717792270668,ok,25
light_V0399_V_8s_2026_05_20-0026_flat_0p3_late_bias_cal.fits,2461181.6938471063,6.891166269779205,DN_UMa,check,1861.2003214990657,690.7258943694549,1861.2003214990657,690.7258943694549,0.0,2503442.422607422,8009.945626000844,312930.30282592773,1001.2432032501055,ok,25
light_V0399_V_8s_2026_05_20-0026_flat_0p3_late_bias_cal.fits,2461181.6938471063,6.891166269779205,gaia_774272862760870784_src1,comparison,606.8480168092174,261.78735701772723,605.0329311331361,259.7475483548054,2.730449668616182,26494.813591003418,181.5694067152439,3311.8516988754272,22.696175839405488,ok,25
light_V0399_V_8s_2026_05_20-0026_flat_0p3_late_bias_cal.fits,2461181.6938471063,6.891166269779205,gaia_774271076054448768_src2,comparison,1513.5829348358452,324.97949747898497,1513.5007231941297,324.0882326337985,0.8950484781836233,17767.81005859375,146.56823220651657,2220.9762573242188,18.32102902581457,ok,25
light_V0399_V_8s_2026_05_20-0026_flat_0p3_late_bias_cal.fits,2461181.6938471063,6.891166269779205,gaia_774384016513181696_src3,comparison,397.7467643628189,1258.6213476731598,394.631831931938,1257.4798285692682,3.3175095950883318,11752.788391113281,127.38308327278807,1469.0985488891602,15.922885409098509,ok,25
light_V0399_V_8s_2026_05_20-0026_flat_0p3_late_bias_cal.fits,2461181.6938471063,6.891166269779205,gaia_774289041901756032_src4,comparison,2048.952501394509,1446.0960185030551,2047.743191073728,1447.4485567289457,1.814329381463797,10679.050735473633,113.49249263530325,1334.881341934204,14.186561579412906,ok,25
light_V0399_V_8s_2026_05_20-0026_flat_0p3_late_bias_cal.fits,2461181.6938471063,6.891166269779205,gaia_774287774887292672_src5,comparison,2041.0028978284333,1084.528760420512,2040.5563957176028,1085.26524703401,0.8612645742381884,10663.234619140625,114.74782981959586,1332.9043273925781,14.343478727449483,ok,25
light_V0399_V_8s_2026_05_20-0026_flat_0p3_late_bias_cal.fits,2461181.6938471063,6.891166269779205,gaia_774289488578357504_src6,comparison,947.7854726298035,1104.0795911220744,945.6940453317903,1103.8324045895088,2.1059841701106117,9235.492752075195,107.9921225143868,1154.4365940093994,13.49901531429835,ok,25
light_V0399_V_8s_2026_05_20-0026_flat_0p3_late_bias_cal.fits,2461181.6938471063,6.891166269779205,gaia_774288805679445888_src7,comparison,1952.2049179356188,1355.424336141106,1950.9056254245597,1356.5888654589908,1.7447892599128358,8526.33627319336,103.42522115624561,1065.79203414917,12.928152644530702,ok,25
light_V0399_V_8s_2026_05_20-0026_flat_0p3_late_bias_cal.fits,2461181.6938471063,6.891166269779205,gaia_774290626745586944_src8,comparison,1077.6499967466207,1436.8369562557925,1076.3303638963798,1438.0005607499766,1.7593766732340348,2923.3129272460938,67.08963019709446,365.4141159057617,8.386203774636808,ok,25
light_V0399_V_8s_2026_05_20-0026_flat_0p3_late_bias_cal.fits,2461181.6938471063,6.891166269779205,HD_103405,comparison,1163.8177783048093,154.97100249333127,1163.1579843951317,153.28616201622464,1.809424062110507,118884.39643096924,471.3763439308447,14860.549553871155,58.92204299135559,ok,25
light_V0399_V_8s_2026_05_20-0026_flat_0p3_late_bias_cal.fits,2461181.6938471063,6.891166269779205,TYC_3452_787_1,comparison,370.52517226593864,759.0565567250611,367.92601968786903,757.2021593872291,3.192864483601556,160645.64331054688,580.2310013363332,20080.70541381836,72.52887516704165,ok,25
light_V0399_V_8s_2026_05_20-0026_flat_0p3_late_bias_cal.fits,2461181.6938471063,6.891166269779205,HD_103187,comparison,74.16031251955926,1518.3553927634746,69.93217676988183,1517.3973701066525,4.335313060055145,594792.199005127,1782.8778705488205,74349.02487564087,222.85973381860256,ok,25
light_V0399_V_8s_2026_05_20-0027_flat_0p3_late_bias_cal.fits,2461181.6940381946,7.166333422064781,target,target,1937.2787986754445,635.8591686320643,1937.2787986754445,635.8591686320643,0.0,1799786.2725219727,4360.62305572708,224973.28406524658,545.077881965885,ok,29
light_V0399_V_8s_2026_05_20-0027_flat_0p3_late_bias_cal.fits,2461181.6940381946,7.166333422064781,DN_UMa,check,1862.5781239199573,690.3592055210881,1862.5781239199573,690.3592055210881,0.0,2666187.5859375,7688.991804641245,333273.4482421875,961.1239755801556,ok,29
light_V0399_V_8s_2026_05_20-0027_flat_0p3_late_bias_cal.fits,2461181.6940381946,7.166333422064781,gaia_774272862760870784_src1,comparison,608.3783666321211,261.2596952123122,606.8543289671188,259.48161162682,2.341852267189902,28275.54554748535,184.8693160912466,3534.443193435669,23.108664511405824,ok,29
light_V0399_V_8s_2026_05_20-0027_flat_0p3_late_bias_cal.fits,2461181.6940381946,7.166333422064781,gaia_774271076054448768_src2,comparison,1515.101899354429,324.62215765219736,1515.0103724193918,323.83366828428643,0.7937837634682761,18920.725410461426,149.53292515044487,2365.090676307678,18.69161564380561,ok,29
light_V0399_V_8s_2026_05_20-0027_flat_0p3_late_bias_cal.fits,2461181.6940381946,7.166333422064781,gaia_774384016513181696_src3,comparison,399.0498353072537,1258.137548843736,396.4883298081759,1256.8663916055457,2.8595718466249314,12179.560428619385,128.81136931818887,1522.445053577423,16.10142116477361,ok,29
light_V0399_V_8s_2026_05_20-0027_flat_0p3_late_bias_cal.fits,2461181.6940381946,7.166333422064781,gaia_774289041901756032_src4,comparison,2050.305534952515,1445.7706859963441,2049.0297388923263,1446.830990062455,1.658885258178952,11375.958129882812,116.34916055663712,1421.9947662353516,14.54364506957964,ok,29
light_V0399_V_8s_2026_05_20-0027_flat_0p3_late_bias_cal.fits,2461181.6940381946,7.166333422064781,gaia_774287774887292672_src5,comparison,2042.284426610119,1084.1705610315469,2041.8586607896905,1084.7707636007112,0.7358801926106451,11370.806800842285,117.27203569478647,1421.3508501052856,14.659004461848308,ok,29
light_V0399_V_8s_2026_05_20-0027_flat_0p3_late_bias_cal.fits,2461181.6940381946,7.166333422064781,gaia_774289488578357504_src6,comparison,948.9879973159813,1103.6280454197986,947.3685006797396,1103.291484230256,1.6540987845665553,9777.405731201172,109.24463589664143,1222.1757164001465,13.655579487080178,ok,29
light_V0399_V_8s_2026_05_20-0027_flat_0p3_late_bias_cal.fits,2461181.6940381946,7.166333422064781,gaia_774288805679445888_src7,comparison,1953.4376676860743,1355.0444116207082,1952.2284815396647,1355.9986943793006,1.5403852505187134,9162.166526794434,106.039715547495,1145.2708158493042,13.254964443436876,ok,29
light_V0399_V_8s_2026_05_20-0027_flat_0p3_late_bias_cal.fits,2461181.6940381946,7.166333422064781,gaia_774290626745586944_src8,comparison,1078.855521828762,1436.6885372203838,1077.9480859662285,1437.3506210561522,1.123296421341135,3155.0571060180664,69.39939567937431,394.3821382522583,8.674924459921789,ok,29
light_V0399_V_8s_2026_05_20-0027_flat_0p3_late_bias_cal.fits,2461181.6940381946,7.166333422064781,HD_103405,comparison,1165.249153008909,154.52044535133098,1164.7932055483907,153.07693080262226,1.513810536060169,129417.46795654297,461.6099525400413,16177.183494567871,57.701244067505165,ok,29
light_V0399_V_8s_2026_05_20-0027_flat_0p3_late_bias_cal.fits,2461181.6940381946,7.166333422064781,TYC_3452_787_1,comparison,371.9831755455249,758.5037050958564,369.8099417974536,756.7581204650694,2.7874738791593803,166803.78132629395,559.6320144875987,20850.472665786743,69.95400181094983,ok,29
light_V0399_V_8s_2026_05_20-0027_flat_0p3_late_bias_cal.fits,2461181.6940381946,7.166333422064781,HD_103187,comparison,75.6014132159135,1517.5521846730608,71.8897327393986,1516.6835182608665,3.81197498620023,643157.7986907959,1687.463780887819,80394.72483634949,210.93297261097737,ok,29
light_V0399_V_8s_2026_05_20-0028_flat_0p3_late_bias_cal.fits,2461181.6942291665,7.441332936286926,target,target,1936.9218034895143,636.2120608119387,1936.9218034895143,636.2120608119387,0.0,1777563.2497558594,4498.99356278923,222195.40621948242,562.3741953486538,ok,24
light_V0399_V_8s_2026_05_20-0028_flat_0p3_late_bias_cal.fits,2461181.6942291665,7.441332936286926,DN_UMa,check,1862.1820991452278,690.6865665765978,1862.1820991452278,690.6865665765978,0.0,2620902.078918457,8109.4141386606225,327612.7598648071,1013.6767673325778,ok,24
light_V0399_V_8s_2026_05_20-0028_flat_0p3_late_bias_cal.fits,2461181.6942291665,7.441332936286926,gaia_774272862760870784_src1,comparison,607.7792404467848,261.6158450862964,606.437773897308,259.1396893366007,2.8161817768240973,27883.174224853516,184.58273158616515,3485.3967781066895,23.072841448270644,ok,24
light_V0399_V_8s_2026_05_20-0028_flat_0p3_late_bias_cal.fits,2461181.6942291665,7.441332936286926,gaia_774271076054448768_src2,comparison,1514.672007861939,324.9925032499044,1514.7253304014432,323.93170648281995,1.0621360902803585,18209.981048583984,146.95716126084574,2276.247631072998,18.369645157605717,ok,24
light_V0399_V_8s_2026_05_20-0028_flat_0p3_late_bias_cal.fits,2461181.6942291665,7.441332936286926,gaia_774384016513181696_src3,comparison,398.44030666983394,1258.529147360513,395.5636874605832,1256.602994201319,3.4619364621124,12452.561080932617,130.4117823642279,1556.5701351165771,16.301472795528486,ok,24
light_V0399_V_8s_2026_05_20-0028_flat_0p3_late_bias_cal.fits,2461181.6942291665,7.441332936286926,gaia_774289041901756032_src4,comparison,2049.726213960313,1446.1974174658524,2048.310026874295,1447.3811621623481,1.8457620022868517,11464.554779052734,117.74910797841291,1433.0693473815918,14.718638497301614,ok,24
light_V0399_V_8s_2026_05_20-0028_flat_0p3_late_bias_cal.fits,2461181.6942291665,7.441332936286926,gaia_774287774887292672_src5,comparison,2041.8750336974645,1084.5682246573604,2041.3084993035923,1085.2530161373875,0.8887635177919129,11122.081729888916,115.51554155296554,1390.2602162361145,14.439442694120693,ok,24
light_V0399_V_8s_2026_05_20-0028_flat_0p3_late_bias_cal.fits,2461181.6942291665,7.441332936286926,gaia_774289488578357504_src6,comparison,948.4150848615494,1104.0616540609017,946.6145113058532,1103.2606311515913,1.9707112499584327,9871.60546875,109.36344248918128,1233.95068359375,13.67043031114766,ok,24
light_V0399_V_8s_2026_05_20-0028_flat_0p3_late_bias_cal.fits,2461181.6942291665,7.441332936286926,gaia_774288805679445888_src7,comparison,1953.0587215382266,1355.4233123538388,1951.5343718770764,1356.4870027438337,1.858784316486485,8960.834907531738,105.52680766070436,1120.1043634414673,13.190850957588045,ok,24
light_V0399_V_8s_2026_05_20-0028_flat_0p3_late_bias_cal.fits,2461181.6942291665,7.441332936286926,gaia_774290626745586944_src8,comparison,1078.4235628710487,1436.9138898990743,1077.0597548214005,1437.4409235484918,1.4621001552231838,3147.332733154297,69.00288552465719,393.4165916442871,8.625360690582148,ok,24
light_V0399_V_8s_2026_05_20-0028_flat_0p3_late_bias_cal.fits,2461181.6942291665,7.441332936286926,HD_103405,comparison,1164.7400518070988,154.97150083176913,1164.5263055925654,152.97929124745986,2.0036432996022717,123714.7717552185,461.43184352415426,15464.346469402313,57.67898044051928,ok,24
light_V0399_V_8s_2026_05_20-0028_flat_0p3_late_bias_cal.fits,2461181.6942291665,7.441332936286926,TYC_3452_787_1,comparison,371.36094530703446,758.9089650386356,369.1165072657411,756.3929928562586,3.3715898540154146,165430.77351379395,559.1181248353898,20678.846689224243,69.88976560442373,ok,24
light_V0399_V_8s_2026_05_20-0028_flat_0p3_late_bias_cal.fits,2461181.6942291665,7.441332936286926,HD_103187,comparison,74.87811703725922,1518.1048430403725,70.78464374037503,1516.3132789744263,4.468358248248855,631703.5263061523,1661.4488620854306,78962.94078826904,207.68110776067883,ok,24
light_V0399_V_8s_2026_05_20-0029_flat_0p3_late_bias_cal.fits,2461181.694420139,7.716333121061325,target,target,1938.4830478984777,637.8195173250559,1938.4830478984777,637.8195173250559,0.0,1816409.9081878662,4460.486361832381,227051.23852348328,557.5607952290476,ok,27
light_V0399_V_8s_2026_05_20-0029_flat_0p3_late_bias_cal.fits,2461181.694420139,7.716333121061325,DN_UMa,check,1863.756491569597,692.3199462572619,1863.756491569597,692.3199462572619,0.0,2632333.642944336,8231.401054344742,329041.705368042,1028.9251317930928,ok,27
light_V0399_V_8s_2026_05_20-0029_flat_0p3_late_bias_cal.fits,2461181.694420139,7.716333121061325,gaia_774272862760870784_src1,comparison,609.5176251384147,263.24892176499384,607.8152277105507,261.1409955733567,2.7095220670420286,28066.642837524414,184.0117950630956,3508.3303546905518,23.00147438288695,ok,27
light_V0399_V_8s_2026_05_20-0029_flat_0p3_late_bias_cal.fits,2461181.694420139,7.716333121061325,gaia_774271076054448768_src2,comparison,1516.2327770635966,326.62941700631734,1516.1684912618896,325.6544697656181,0.977064371701357,18967.630325317383,149.93154643949012,2370.953790664673,18.741443304936265,ok,27
light_V0399_V_8s_2026_05_20-0029_flat_0p3_late_bias_cal.fits,2461181.694420139,7.716333121061325,gaia_774384016513181696_src3,comparison,400.1833769542194,1260.0910955801482,397.240016185724,1258.7198069758872,3.2471225800228036,12396.541763305664,130.07260611453606,1549.567720413208,16.259075764317007,ok,27
light_V0399_V_8s_2026_05_20-0029_flat_0p3_late_bias_cal.fits,2461181.694420139,7.716333121061325,gaia_774289041901756032_src4,comparison,2051.342604459644,1447.8576102681573,2050.1285292909133,1448.994789470575,1.6634767968744568,11194.771896362305,116.23123270746335,1399.346487045288,14.528904088432919,ok,27
light_V0399_V_8s_2026_05_20-0029_flat_0p3_late_bias_cal.fits,2461181.694420139,7.716333121061325,gaia_774287774887292672_src5,comparison,2043.4361978330865,1086.2187399299632,2043.01429992991,1086.8506331319431,0.7597939585262786,11290.102020263672,117.36621302535892,1411.262752532959,14.670776628169865,ok,27
light_V0399_V_8s_2026_05_20-0029_flat_0p3_late_bias_cal.fits,2461181.694420139,7.716333121061325,gaia_774289488578357504_src6,comparison,950.1053563332453,1105.653497629413,948.2709339576473,1105.1987810761245,1.8899398392353421,9806.936027526855,109.10897556425721,1225.867003440857,13.638621945532151,ok,27
light_V0399_V_8s_2026_05_20-0029_flat_0p3_late_bias_cal.fits,2461181.694420139,7.716333121061325,gaia_774288805679445888_src7,comparison,1954.6207710239557,1357.1076918031301,1953.3198152567345,1358.1260908783315,1.6521569491538157,8855.274688720703,105.31653882740338,1106.909336090088,13.164567353425422,ok,27
light_V0399_V_8s_2026_05_20-0029_flat_0p3_late_bias_cal.fits,2461181.694420139,7.716333121061325,gaia_774290626745586944_src8,comparison,1080.1593669883289,1438.6064470618307,1078.826406580391,1439.3553821108997,1.5289496907530307,3166.729202270508,69.31464830727035,395.8411502838135,8.664331038408793,ok,27
light_V0399_V_8s_2026_05_20-0029_flat_0p3_late_bias_cal.fits,2461181.694420139,7.716333121061325,HD_103405,comparison,1166.4330335140285,156.4900960557177,1165.8988449000217,154.8021202029048,1.7704857963321436,127977.91833496094,467.1700806173327,15997.239791870117,58.39626007716659,ok,27
light_V0399_V_8s_2026_05_20-0029_flat_0p3_late_bias_cal.fits,2461181.694420139,7.716333121061325,TYC_3452_787_1,comparison,373.10026457882844,760.603802484441,370.636317940126,758.4928952084207,3.2445280960917002,167140.09851837158,570.5005300496459,20892.512314796448,71.31256625620574,ok,27
light_V0399_V_8s_2026_05_20-0029_flat_0p3_late_bias_cal.fits,2461181.694420139,7.716333121061325,HD_103187,comparison,76.68004016290979,1519.732862213309,72.52524034007956,1518.5438945465683,4.321574444614513,645266.4533691406,1696.763129713713,80658.30667114258,212.09539121421412,ok,27
light_V0399_V_8s_2026_05_20-0030_flat_0p3_late_bias_cal.fits,2461181.6946113426,7.991666570305824,target,target,1938.0225814191422,637.2684319256508,1938.0225814191422,637.2684319256508,0.0,1933993.2453460693,3939.04854968016,241749.15566825867,492.38106871002,ok,27
light_V0399_V_8s_2026_05_20-0030_flat_0p3_late_bias_cal.fits,2461181.6946113426,7.991666570305824,DN_UMa,check,1863.3064590637805,691.7644973124551,1863.3064590637805,691.7644973124551,0.0,2827110.0743408203,7155.176283184701,353388.75929260254,894.3970353980876,saturated,27
light_V0399_V_8s_2026_05_20-0030_flat_0p3_late_bias_cal.fits,2461181.6946113426,7.991666570305824,gaia_774272862760870784_src1,comparison,608.7520513143993,262.7555605744832,607.5023576195356,260.67244964918586,2.429214988031146,30192.164253234863,187.14518360942662,3774.020531654358,23.393147951178328,ok,27
light_V0399_V_8s_2026_05_20-0030_flat_0p3_late_bias_cal.fits,2461181.6946113426,7.991666570305824,gaia_774271076054448768_src2,comparison,1515.6479647427454,326.0428243894735,1515.7494052556904,325.15249122746457,0.8960933640192414,20072.197982788086,151.90530227527316,2509.0247478485107,18.988162784409145,ok,27
light_V0399_V_8s_2026_05_20-0030_flat_0p3_late_bias_cal.fits,2461181.6946113426,7.991666570305824,gaia_774384016513181696_src3,comparison,399.8772416607638,1259.8128993392454,396.98048247800625,1258.1385740761148,3.3458300688540037,13566.182846069336,134.9348512225867,1695.772855758667,16.866856402823338,ok,27
light_V0399_V_8s_2026_05_20-0030_flat_0p3_late_bias_cal.fits,2461181.6946113426,7.991666570305824,gaia_774289041901756032_src4,comparison,2051.1030070804063,1447.254569489206,2049.6777861851256,1448.3440516381038,1.7939414575486536,12559.568954467773,120.91624399899229,1569.9461193084717,15.114530499874036,ok,27
light_V0399_V_8s_2026_05_20-0030_flat_0p3_late_bias_cal.fits,2461181.6946113426,7.991666570305824,gaia_774287774887292672_src5,comparison,2043.2117753106174,1085.5747626515658,2042.5541333983722,1086.2431727993053,0.9376913193277775,12361.969543457031,120.82985993085197,1545.246192932129,15.103732491356496,ok,27
light_V0399_V_8s_2026_05_20-0030_flat_0p3_late_bias_cal.fits,2461181.6946113426,7.991666570305824,gaia_774289488578357504_src6,comparison,949.5924663957016,1105.2222972623613,947.9415035583645,1104.620182889963,1.7573332090747458,10854.77180480957,113.49393282242767,1356.8464756011963,14.186741602803458,ok,27
light_V0399_V_8s_2026_05_20-0030_flat_0p3_late_bias_cal.fits,2461181.6946113426,7.991666570305824,gaia_774288805679445888_src7,comparison,1954.3687873453155,1356.4139586964936,1952.8780103591052,1357.4889068425841,1.8379144537756418,9812.821166992188,109.38700589483436,1226.6026458740234,13.673375736854295,ok,27
light_V0399_V_8s_2026_05_20-0030_flat_0p3_late_bias_cal.fits,2461181.6946113426,7.991666570305824,gaia_774290626745586944_src8,comparison,1079.599020129177,1438.078090290565,1078.490923043822,1438.7333349136752,1.2873323839192414,3591.6320724487305,73.78537759891802,448.9540090560913,9.223172199864752,ok,27
light_V0399_V_8s_2026_05_20-0030_flat_0p3_late_bias_cal.fits,2461181.6946113426,7.991666570305824,HD_103405,comparison,1165.7542660621625,156.04168840314026,1165.5165772094342,154.33039684431145,1.7277195345396816,135273.08042144775,448.3411290271622,16909.13505268097,56.042641128395275,ok,27
light_V0399_V_8s_2026_05_20-0030_flat_0p3_late_bias_cal.fits,2461181.6946113426,7.991666570305824,TYC_3452_787_1,comparison,372.55552027563857,760.129980347517,370.3657632762256,757.9719169395013,3.074454974380703,181893.02227783203,536.9767213148841,22736.627784729004,67.12209016436051,ok,27
light_V0399_V_8s_2026_05_20-0030_flat_0p3_late_bias_cal.fits,2461181.6946113426,7.991666570305824,HD_103187,comparison,76.41223838610966,1519.3856451400168,72.3116983549537,1517.940964718858,4.347588994648904,693456.5616836548,1492.8798064495968,86682.07021045685,186.6099758061996,ok,27
light_V0399_V_8s_2026_05_20-0031_flat_0p3_late_bias_cal.fits,2461181.6948032407,8.267999812960625,target,target,1939.75334724078,638.2659032281854,1939.75334724078,638.2659032281854,0.0,1909062.7640686035,3897.565836161738,238632.84550857544,487.19572952021724,ok,29
light_V0399_V_8s_2026_05_20-0031_flat_0p3_late_bias_cal.fits,2461181.6948032407,8.267999812960625,DN_UMa,check,1865.0706689948631,692.8044661344338,1865.0706689948631,692.8044661344338,0.0,2756715.938598633,7277.46597850559,344589.4923248291,909.6832473131988,saturated,29
light_V0399_V_8s_2026_05_20-0031_flat_0p3_late_bias_cal.fits,2461181.6948032407,8.267999812960625,gaia_774272862760870784_src1,comparison,610.7251797675426,263.87053491212606,609.0414968319224,262.4555054849057,2.1993400163681875,29242.159896850586,184.6930126050458,3655.2699871063232,23.086626575630724,ok,29
light_V0399_V_8s_2026_05_20-0031_flat_0p3_late_bias_cal.fits,2461181.6948032407,8.267999812960625,gaia_774271076054448768_src2,comparison,1517.3995191647016,327.0921005014725,1517.3068052157316,326.40340508387635,0.69490809072245,19642.101684570312,151.28708970879399,2455.262710571289,18.910886213599248,ok,29
light_V0399_V_8s_2026_05_20-0031_flat_0p3_late_bias_cal.fits,2461181.6948032407,8.267999812960625,gaia_774384016513181696_src3,comparison,401.7624404284669,1260.8160778766267,399.10702437689565,1260.0233271924465,2.7712250096681816,13201.539825439453,132.4964746118646,1650.1924781799316,16.562059326483077,ok,29
light_V0399_V_8s_2026_05_20-0031_flat_0p3_late_bias_cal.fits,2461181.6948032407,8.267999812960625,gaia_774289041901756032_src4,comparison,2052.751443049575,1448.1230166133494,2051.8801426073132,1449.2589311434276,1.4315957112006716,11948.27377319336,118.34272849051749,1493.53422164917,14.792841061314686,ok,29
light_V0399_V_8s_2026_05_20-0031_flat_0p3_late_bias_cal.fits,2461181.6948032407,8.267999812960625,gaia_774287774887292672_src5,comparison,2044.874401599607,1086.6609151336665,2044.5450368897614,1087.1699577170584,0.6063047614837906,11845.252883911133,118.3630571425202,1480.6566104888916,14.795382142815026,ok,29
light_V0399_V_8s_2026_05_20-0031_flat_0p3_late_bias_cal.fits,2461181.6948032407,8.267999812960625,gaia_774289488578357504_src6,comparison,951.5094594108108,1106.2375927847231,949.9665513625702,1106.18624682785,1.5437621748873545,10446.077362060547,111.72663997222868,1305.7596702575684,13.965829996528585,ok,29
light_V0399_V_8s_2026_05_20-0031_flat_0p3_late_bias_cal.fits,2461181.6948032407,8.267999812960625,gaia_774288805679445888_src7,comparison,1956.204047828077,1357.4625951913433,1955.0293424492522,1358.4622970720798,1.5425098305643354,9587.279289245605,107.13511731104099,1198.4099111557007,13.391889663880123,ok,29
light_V0399_V_8s_2026_05_20-0031_flat_0p3_late_bias_cal.fits,2461181.6948032407,8.267999812960625,gaia_774290626745586944_src8,comparison,1081.5957854032988,1439.1074799467292,1080.7084291517417,1440.2159640744844,1.419907806395438,3248.5275230407715,70.38537096103788,406.06594038009644,8.798171370129735,ok,29
light_V0399_V_8s_2026_05_20-0031_flat_0p3_late_bias_cal.fits,2461181.6948032407,8.267999812960625,HD_103405,comparison,1167.4956482406135,157.09617621934444,1166.9816405196907,155.78963300981923,1.4040153473251975,134524.64263916016,448.73138062618335,16815.58032989502,56.09142257827292,ok,29
light_V0399_V_8s_2026_05_20-0031_flat_0p3_late_bias_cal.fits,2461181.6948032407,8.267999812960625,TYC_3452_787_1,comparison,374.4855243254963,761.2004742673164,372.20058584340245,759.8829178338398,2.637593376991442,175837.1686515808,540.4019626891339,21979.6460814476,67.55024533614174,ok,29
light_V0399_V_8s_2026_05_20-0031_flat_0p3_late_bias_cal.fits,2461181.6948032407,8.267999812960625,HD_103187,comparison,78.23841435462826,1520.52321263429,74.59700620516583,1520.0098933198126,3.6774107779233844,673992.0708007812,1555.3689025337737,84249.00885009766,194.42111281672172,ok,29
light_V0399_V_8s_2026_05_20-0032_flat_0p3_late_bias_cal.fits,2461181.6949944445,8.543333262205124,target,target,1940.5360680954236,637.4055619111557,1940.5360680954236,637.4055619111557,0.0,1868626.438446045,4187.972551088582,233578.30480575562,523.4965688860727,ok,30
light_V0399_V_8s_2026_05_20-0032_flat_0p3_late_bias_cal.fits,2461181.6949944445,8.543333262205124,DN_UMa,check,1865.835063696273,691.9686762544176,1865.835063696273,691.9686762544176,0.0,2679096.6537475586,7799.995816466938,334887.0817184448,974.9994770583672,ok,30
light_V0399_V_8s_2026_05_20-0032_flat_0p3_late_bias_cal.fits,2461181.6949944445,8.543333262205124,gaia_774272862760870784_src1,comparison,611.4957279679767,263.12336254431483,609.3662459370998,261.60596463987036,2.614802118753876,29051.847442626953,184.53540802196073,3631.480930328369,23.06692600274509,ok,30
light_V0399_V_8s_2026_05_20-0032_flat_0p3_late_bias_cal.fits,2461181.6949944445,8.543333262205124,gaia_774271076054448768_src2,comparison,1518.2501661352396,326.3212309068909,1517.925358312598,325.4855264108433,0.8966058924428816,19217.16413116455,149.65207666116012,2402.145516395569,18.706509582645015,ok,30
light_V0399_V_8s_2026_05_20-0032_flat_0p3_late_bias_cal.fits,2461181.6949944445,8.543333262205124,gaia_774384016513181696_src3,comparison,402.32988960218387,1260.0478084425527,399.46260011754725,1259.5101028096365,2.9172720710241444,12824.28921508789,130.73693601478655,1603.0361518859863,16.34211700184832,ok,30
light_V0399_V_8s_2026_05_20-0032_flat_0p3_late_bias_cal.fits,2461181.6949944445,8.543333262205124,gaia_774289041901756032_src4,comparison,2053.595875799891,1447.5256553567592,2052.777461418742,1448.644423490287,1.3861616918198072,11869.658432006836,118.94081631516298,1483.7073040008545,14.867602039395372,ok,30
light_V0399_V_8s_2026_05_20-0032_flat_0p3_late_bias_cal.fits,2461181.6949944445,8.543333262205124,gaia_774287774887292672_src5,comparison,2045.6449129410737,1085.868410106194,2045.404718252061,1086.4415240075407,0.6214121277757028,11681.471115112305,117.98696867332106,1460.183889389038,14.748371084165132,ok,30
light_V0399_V_8s_2026_05_20-0032_flat_0p3_late_bias_cal.fits,2461181.6949944445,8.543333262205124,gaia_774289488578357504_src6,comparison,952.310737080951,1105.432988822639,950.4815314959575,1105.570589744891,1.8343737585279547,10420.041244506836,111.85132330916305,1302.5051555633545,13.981415413645381,ok,30
light_V0399_V_8s_2026_05_20-0032_flat_0p3_late_bias_cal.fits,2461181.6949944445,8.543333262205124,gaia_774288805679445888_src7,comparison,1956.8740037000578,1356.727933118185,1955.8871416734023,1357.828488180151,1.4782144986683328,9329.756057739258,106.4570555404052,1166.2195072174072,13.30713194255065,ok,30
light_V0399_V_8s_2026_05_20-0032_flat_0p3_late_bias_cal.fits,2461181.6949944445,8.543333262205124,gaia_774290626745586944_src8,comparison,1082.2296751852502,1438.4997899625062,1081.2973820519587,1439.6933131258206,1.5144860605996666,3260.0592346191406,70.30799434445697,407.5074043273926,8.788499293057122,ok,30
light_V0399_V_8s_2026_05_20-0032_flat_0p3_late_bias_cal.fits,2461181.6949944445,8.543333262205124,HD_103405,comparison,1168.411708439013,156.3838704017016,1167.4726364983512,154.8519038190248,1.7968799960422044,130842.50497055054,456.57465832215723,16355.313121318817,57.071832290269654,ok,30
light_V0399_V_8s_2026_05_20-0032_flat_0p3_late_bias_cal.fits,2461181.6949944445,8.543333262205124,TYC_3452_787_1,comparison,375.15981438631957,760.4746154816057,372.49886326960836,759.2139675712222,2.9444683729802663,173006.66088867188,552.4404480065512,21625.832611083984,69.0550560008189,ok,30
light_V0399_V_8s_2026_05_20-0032_flat_0p3_late_bias_cal.fits,2461181.6949944445,8.543333262205124,HD_103187,comparison,78.88817007093296,1519.766721943653,74.8751952809414,1519.6106335621396,4.016009244007201,669028.617401123,1602.7817508859316,83628.57717514038,200.34771886074145,ok,30
light_V0399_V_8s_2026_05_20-0033_flat_0p3_late_bias_cal.fits,2461181.695186111,8.819333240389824,target,target,1940.998652073333,636.9046684589154,1940.998652073333,636.9046684589154,0.0,1647262.6485595703,4941.925617305253,205907.8310699463,617.7407021631566,ok,27
light_V0399_V_8s_2026_05_20-0033_flat_0p3_late_bias_cal.fits,2461181.695186111,8.819333240389824,DN_UMa,check,1866.2714371586565,691.4642305788935,1866.2714371586565,691.4642305788935,0.0,2498759.8647460938,8744.964921346113,312344.9830932617,1093.120615168264,ok,27
light_V0399_V_8s_2026_05_20-0033_flat_0p3_late_bias_cal.fits,2461181.695186111,8.819333240389824,gaia_774272862760870784_src1,comparison,611.6197665222486,262.658385357517,609.6288623524288,260.76385266181825,2.7482637334283386,26910.1841506958,183.8009937089463,3363.773018836975,22.975124213618287,ok,27
light_V0399_V_8s_2026_05_20-0033_flat_0p3_late_bias_cal.fits,2461181.695186111,8.819333240389824,gaia_774271076054448768_src2,comparison,1518.6619939940153,325.6816128672757,1518.362620730541,324.8365972555052,0.8964796344698326,18093.150775909424,149.32431103116957,2261.643846988678,18.665538878896196,ok,27
light_V0399_V_8s_2026_05_20-0033_flat_0p3_late_bias_cal.fits,2461181.695186111,8.819333240389824,gaia_774384016513181696_src3,comparison,402.75115749318604,1259.4410726298343,399.48422832161214,1258.832123697814,3.3231980100332765,11546.918975830078,127.4304327334495,1443.3648719787598,15.928804091681188,ok,27
light_V0399_V_8s_2026_05_20-0033_flat_0p3_late_bias_cal.fits,2461181.695186111,8.819333240389824,gaia_774289041901756032_src4,comparison,2054.0164622437496,1447.000038436205,2053.102452674443,1448.3330081842455,1.616236938686633,10430.165782928467,113.20007607735752,1303.7707228660583,14.15000950966969,ok,27
light_V0399_V_8s_2026_05_20-0033_flat_0p3_late_bias_cal.fits,2461181.695186111,8.819333240389824,gaia_774287774887292672_src5,comparison,2046.237036802133,1085.3268562676485,2045.7999532582335,1086.053978579726,0.8483801512697804,10509.062805175781,115.2238320258045,1313.6328506469727,14.402979003225562,ok,27
light_V0399_V_8s_2026_05_20-0033_flat_0p3_late_bias_cal.fits,2461181.695186111,8.819333240389824,gaia_774289488578357504_src6,comparison,952.6158846471178,1105.022661341191,950.6472543233108,1104.9700494805625,1.969333227184096,9178.875801086426,106.40687295117746,1147.3594751358032,13.300859118897183,ok,27
light_V0399_V_8s_2026_05_20-0033_flat_0p3_late_bias_cal.fits,2461181.695186111,8.819333240389824,gaia_774288805679445888_src7,comparison,1957.2196070510224,1356.2103467844036,1956.2101521252564,1357.4791538744685,1.621379252041999,8473.543907165527,102.99786921008148,1059.192988395691,12.874733651260184,ok,27
light_V0399_V_8s_2026_05_20-0033_flat_0p3_late_bias_cal.fits,2461181.695186111,8.819333240389824,gaia_774290626745586944_src8,comparison,1082.61336889972,1437.9429642709717,1081.423872899404,1439.1875720812652,1.721612423343682,2989.525032043457,68.39530725885818,373.69062900543213,8.549413407357273,ok,27
light_V0399_V_8s_2026_05_20-0033_flat_0p3_late_bias_cal.fits,2461181.695186111,8.819333240389824,HD_103405,comparison,1168.6643021146213,155.7769384483684,1167.8714597341,154.09836237515532,1.8563988455916842,120087.2993774414,483.6467767689072,15010.912422180176,60.4558470961134,ok,27
light_V0399_V_8s_2026_05_20-0033_flat_0p3_late_bias_cal.fits,2461181.695186111,8.819333240389824,TYC_3452_787_1,comparison,375.3214926175293,760.0452980143514,372.6140570421446,758.4275083648126,3.1539579491510836,154500.52685546875,600.5405566541456,19312.565856933594,75.0675695817682,ok,27
light_V0399_V_8s_2026_05_20-0033_flat_0p3_late_bias_cal.fits,2461181.695186111,8.819333240389824,HD_103187,comparison,79.06756727266404,1519.3172406402534,74.77837468480266,1518.9219641875393,4.307367703114661,584008.9032287598,1988.009154187694,73001.11290359497,248.50114427346176,ok,27
light_V0399_V_8s_2026_05_20-0034_flat_0p3_late_bias_cal.fits,2461181.695378125,9.095833450555801,target,target,1940.955209722115,637.7014801974939,1940.955209722115,637.7014801974939,0.0,1935550.6643829346,4049.4453735806196,241943.83304786682,506.18067169757745,ok,30
light_V0399_V_8s_2026_05_20-0034_flat_0p3_late_bias_cal.fits,2461181.695378125,9.095833450555801,DN_UMa,check,1866.2722628025044,692.2016928297118,1866.2722628025044,692.2016928297118,0.0,2830821.767578125,7125.219532436308,353852.7209472656,890.6524415545385,saturated,30
light_V0399_V_8s_2026_05_20-0034_flat_0p3_late_bias_cal.fits,2461181.695378125,9.095833450555801,gaia_774272862760870784_src1,comparison,611.8923128727295,263.39963597601763,610.6921969296843,261.53417002773944,2.2181617346209515,30417.02894592285,188.00095950943532,3802.1286182403564,23.500119938679415,ok,30
light_V0399_V_8s_2026_05_20-0034_flat_0p3_late_bias_cal.fits,2461181.695378125,9.095833450555801,gaia_774271076054448768_src2,comparison,1518.7385215717154,326.5357804605025,1518.7159740425727,325.7723194769238,0.7637938625816317,20616.39859008789,155.08809575974496,2577.0498237609863,19.38601196996812,ok,30
light_V0399_V_8s_2026_05_20-0034_flat_0p3_late_bias_cal.fits,2461181.695378125,9.095833450555801,gaia_774384016513181696_src3,comparison,402.8561598372321,1260.2242330822903,400.47277536603156,1258.7896871989474,2.781805785632069,13519.167984008789,134.86381555547038,1689.8959980010986,16.857976944433798,ok,30
light_V0399_V_8s_2026_05_20-0034_flat_0p3_late_bias_cal.fits,2461181.695378125,9.095833450555801,gaia_774289041901756032_src4,comparison,2054.045503701149,1447.6950543110192,2052.78184915917,1448.5358088333435,1.5177914772036254,12555.186538696289,121.5993660799373,1569.3983173370361,15.199920759992162,ok,30
light_V0399_V_8s_2026_05_20-0034_flat_0p3_late_bias_cal.fits,2461181.695378125,9.095833450555801,gaia_774287774887292672_src5,comparison,2046.0948491577649,1085.9867290059417,2045.5704063454473,1086.5320735118864,0.7565982378751015,11838.848838806152,117.97195365055103,1479.856104850769,14.746494206318879,ok,30
light_V0399_V_8s_2026_05_20-0034_flat_0p3_late_bias_cal.fits,2461181.695378125,9.095833450555801,gaia_774289488578357504_src6,comparison,952.6893424847481,1105.723916442137,951.2506545720958,1105.1753000968563,1.5397411484794832,10860.493759155273,113.48532523476395,1357.5617198944092,14.185665654345494,ok,30
light_V0399_V_8s_2026_05_20-0034_flat_0p3_late_bias_cal.fits,2461181.695378125,9.095833450555801,gaia_774288805679445888_src7,comparison,1957.335733657054,1356.9298121674508,1955.9850726543139,1357.728566184437,1.569169565080553,9846.534271240234,108.85073607242654,1230.8167839050293,13.606342009053318,ok,30
light_V0399_V_8s_2026_05_20-0034_flat_0p3_late_bias_cal.fits,2461181.695378125,9.095833450555801,gaia_774290626745586944_src8,comparison,1082.5373706957062,1438.5807793351737,1081.8484224580889,1439.168117017388,0.9053260335729748,3418.382339477539,70.9840874234531,427.2977924346924,8.873010927931638,ok,30
light_V0399_V_8s_2026_05_20-0034_flat_0p3_late_bias_cal.fits,2461181.695378125,9.095833450555801,HD_103405,comparison,1168.7929796834871,156.56997804086132,1168.533098989646,155.08194821038057,1.5105531276429367,138040.15767669678,454.44529614908606,17255.019709587097,56.80566201863576,ok,30
light_V0399_V_8s_2026_05_20-0034_flat_0p3_late_bias_cal.fits,2461181.695378125,9.095833450555801,TYC_3452_787_1,comparison,375.6286398134676,760.7106657268164,373.74121119942333,758.7613674572855,2.713328309790262,182625.27069091797,545.1641557783599,22828.158836364746,68.14551947229499,ok,30
light_V0399_V_8s_2026_05_20-0034_flat_0p3_late_bias_cal.fits,2461181.695378125,9.095833450555801,HD_103187,comparison,79.22460721604904,1519.973650396777,75.95384534264736,1518.6040415570565,3.54594297843869,688119.9283294678,1543.162547456288,86014.99104118347,192.895318432036,ok,30
light_V0399_V_8s_2026_05_20-0035_flat_0p3_late_bias_cal.fits,2461181.695569792,9.371833428740501,target,target,1942.338881239374,636.8485427331002,1942.338881239374,636.8485427331002,0.0,1919190.7008666992,3916.9439012241946,239898.8376083374,489.61798765302433,ok,29
light_V0399_V_8s_2026_05_20-0035_flat_0p3_late_bias_cal.fits,2461181.695569792,9.371833428740501,DN_UMa,check,1867.613897342744,691.3722126242434,1867.613897342744,691.3722126242434,0.0,2848441.734100342,7054.039277653754,356055.2167625427,881.7549097067192,saturated,29
light_V0399_V_8s_2026_05_20-0035_flat_0p3_late_bias_cal.fits,2461181.695569792,9.371833428740501,gaia_774272862760870784_src1,comparison,613.348268081082,262.3101214744772,611.4120598820739,260.4029050276352,2.717788947841773,30069.377899169922,187.8122274059328,3758.6722373962402,23.4765284257416,ok,29
light_V0399_V_8s_2026_05_20-0035_flat_0p3_late_bias_cal.fits,2461181.695569792,9.371833428740501,gaia_774271076054448768_src2,comparison,1520.121841335402,325.5217829946272,1519.901089976088,324.7315304882776,0.8205060550847537,20199.522262573242,152.0674548636096,2524.9402828216553,19.0084318579512,ok,29
light_V0399_V_8s_2026_05_20-0035_flat_0p3_late_bias_cal.fits,2461181.695569792,9.371833428740501,gaia_774384016513181696_src3,comparison,404.1648981501084,1259.0869558766844,401.02108460888553,1258.1605858996609,3.2774570807726717,13174.177490234375,133.23718273143572,1646.7721862792969,16.654647841429465,ok,29
light_V0399_V_8s_2026_05_20-0035_flat_0p3_late_bias_cal.fits,2461181.695569792,9.371833428740501,gaia_774289041901756032_src4,comparison,2055.3192282856403,1446.838986740733,2054.172172735645,1448.108998317039,1.7113345198198506,12295.787216186523,120.62241691670152,1536.9734020233154,15.07780211458769,ok,29
light_V0399_V_8s_2026_05_20-0035_flat_0p3_late_bias_cal.fits,2461181.695569792,9.371833428740501,gaia_774287774887292672_src5,comparison,2047.3966914160621,1085.3107130029298,2046.9798367014769,1085.9177093564897,0.7363507495120724,12062.589401245117,118.7021599466744,1507.8236751556396,14.8377699933343,ok,29
light_V0399_V_8s_2026_05_20-0035_flat_0p3_late_bias_cal.fits,2461181.695569792,9.371833428740501,gaia_774289488578357504_src6,comparison,953.9835472072011,1104.7668988013875,952.0933184731625,1104.501545600836,1.9087632089989897,10460.862968444824,112.38674483629201,1307.607871055603,14.048343104536501,ok,29
light_V0399_V_8s_2026_05_20-0035_flat_0p3_late_bias_cal.fits,2461181.695569792,9.371833428740501,gaia_774288805679445888_src7,comparison,1958.6354251133616,1356.0219887869525,1957.331095392922,1357.2487170539682,1.7905692560517092,9574.22152709961,107.68748856486842,1196.7776908874512,13.460936070608552,ok,29
light_V0399_V_8s_2026_05_20-0035_flat_0p3_late_bias_cal.fits,2461181.695569792,9.371833428740501,gaia_774290626745586944_src8,comparison,1083.7986621640557,1437.5795164025224,1082.737517658191,1438.6752217260528,1.5253189234843694,3526.7044372558594,71.75442140355268,440.8380546569824,8.969302675444085,ok,29
light_V0399_V_8s_2026_05_20-0035_flat_0p3_late_bias_cal.fits,2461181.695569792,9.371833428740501,HD_103405,comparison,1170.2790640029652,155.59492041509952,1169.5479922397399,153.93085091677108,1.8175789441596581,135926.22705078125,450.6741847207444,16990.778381347656,56.33427309009305,ok,29
light_V0399_V_8s_2026_05_20-0035_flat_0p3_late_bias_cal.fits,2461181.695569792,9.371833428740501,TYC_3452_787_1,comparison,377.0236504703199,759.5931479002523,374.30724451999095,757.8721443422279,3.215698140950964,176218.625831604,542.5382916269667,22027.3282289505,67.81728645337084,ok,29
light_V0399_V_8s_2026_05_20-0035_flat_0p3_late_bias_cal.fits,2461181.695569792,9.371833428740501,HD_103187,comparison,80.67197912003006,1518.677578719869,76.3180413442442,1518.0887537073577,4.393573608211667,691280.0701293945,1564.4623551323639,86410.00876617432,195.55779439154549,ok,29
light_V0399_V_8s_2026_05_20-0036_flat_0p3_late_bias_cal.fits,2461181.695762153,9.648833200335503,target,target,1942.1922601753806,636.9149216970915,1942.1922601753806,636.9149216970915,0.0,2006989.411315918,3750.9104341018387,250873.67641448975,468.86380426272984,ok,28
light_V0399_V_8s_2026_05_20-0036_flat_0p3_late_bias_cal.fits,2461181.695762153,9.648833200335503,DN_UMa,check,1867.4865072060277,691.4348008218667,1867.4865072060277,691.4348008218667,0.0,2925012.1776123047,6669.861634173734,365626.5222015381,833.7327042717168,saturated,28
light_V0399_V_8s_2026_05_20-0036_flat_0p3_late_bias_cal.fits,2461181.695762153,9.648833200335503,gaia_774272862760870784_src1,comparison,613.263992955263,262.3146565270335,611.4874394575581,260.66063171613206,2.4273319520174654,31362.269592285156,187.5682488590726,3920.2836990356445,23.446031107384076,ok,28
light_V0399_V_8s_2026_05_20-0036_flat_0p3_late_bias_cal.fits,2461181.695762153,9.648833200335503,gaia_774271076054448768_src2,comparison,1520.0526340464103,325.7341979257318,1519.8077038210354,324.89564783659006,0.8735886144529411,20635.590522766113,153.3150161710662,2579.448815345764,19.164377021383274,ok,28
light_V0399_V_8s_2026_05_20-0036_flat_0p3_late_bias_cal.fits,2461181.695762153,9.648833200335503,gaia_774384016513181696_src3,comparison,404.1119986483218,1259.3167286259052,401.2261156905158,1258.2454617979856,3.0783003529148494,13757.435134887695,136.8921288471082,1719.679391860962,17.111516105888526,ok,28
light_V0399_V_8s_2026_05_20-0036_flat_0p3_late_bias_cal.fits,2461181.695762153,9.648833200335503,gaia_774289041901756032_src4,comparison,2054.97209464854,1447.0595717462777,2054.076624868777,1448.0095337015837,1.3054860562249093,12527.614852905273,119.84354735737735,1565.9518566131592,14.980443419672168,ok,28
light_V0399_V_8s_2026_05_20-0036_flat_0p3_late_bias_cal.fits,2461181.695762153,9.648833200335503,gaia_774287774887292672_src5,comparison,2047.1771201858912,1085.3667283625755,2046.853277406667,1085.8884642678815,0.6140704361399881,12664.661750793457,121.47068458482542,1583.0827188491821,15.183835573103178,ok,28
light_V0399_V_8s_2026_05_20-0036_flat_0p3_late_bias_cal.fits,2461181.695762153,9.648833200335503,gaia_774289488578357504_src6,comparison,953.8096338444421,1104.8656038681406,952.1787469053766,1104.5666532318696,1.6580602193351017,11239.704681396484,113.82290447108433,1404.9630851745605,14.227863058885541,ok,28
light_V0399_V_8s_2026_05_20-0036_flat_0p3_late_bias_cal.fits,2461181.695762153,9.648833200335503,gaia_774288805679445888_src7,comparison,1958.318181208585,1356.212000165884,1957.2460243055195,1357.1753676402254,1.4413872884862253,10013.789878845215,109.34607053967747,1251.7237348556519,13.668258817459684,ok,28
light_V0399_V_8s_2026_05_20-0036_flat_0p3_late_bias_cal.fits,2461181.695762153,9.648833200335503,gaia_774290626745586944_src8,comparison,1083.684838924597,1437.8615438573177,1082.8277368531617,1438.6644508789086,1.1744290724342301,3526.3339767456055,70.80973032881344,440.7917470932007,8.85121629110168,ok,28
light_V0399_V_8s_2026_05_20-0036_flat_0p3_late_bias_cal.fits,2461181.695762153,9.648833200335503,HD_103405,comparison,1170.1477784849371,155.61943047278788,1169.5066324737204,154.15911305467392,1.5948652511563939,141839.4458847046,448.99346596440364,17729.930735588074,56.124183245550455,ok,28
light_V0399_V_8s_2026_05_20-0036_flat_0p3_late_bias_cal.fits,2461181.695762153,9.648833200335503,TYC_3452_787_1,comparison,376.8725114804193,759.7406617191239,374.472663314662,758.0555139045052,2.932404197207924,186487.5605392456,532.8031977589055,23310.9450674057,66.60039971986319,ok,28
light_V0399_V_8s_2026_05_20-0036_flat_0p3_late_bias_cal.fits,2461181.695762153,9.648833200335503,HD_103187,comparison,80.46521145392776,1518.915953702667,76.60869429777449,1518.1527381406331,3.931313084687493,734390.3421630859,1461.0492939994394,91798.79277038574,182.63116174992993,ok,28
light_V0399_V_8s_2026_05_20-0037_flat_0p3_late_bias_cal.fits,2461181.6959542823,9.925499707460403,target,target,1941.7423712519662,635.6771845303023,1941.7423712519662,635.6771845303023,0.0,1462990.8361206055,6062.74849725876,182873.85451507568,757.843562157345,ok,22
light_V0399_V_8s_2026_05_20-0037_flat_0p3_late_bias_cal.fits,2461181.6959542823,9.925499707460403,DN_UMa,check,1866.9503837938157,690.2137924964422,1866.9503837938157,690.2137924964422,0.0,2092185.5208740234,9796.806956995571,261523.19010925293,1224.6008696244464,ok,22
light_V0399_V_8s_2026_05_20-0037_flat_0p3_late_bias_cal.fits,2461181.6959542823,9.925499707460403,gaia_774272862760870784_src1,comparison,612.6050731321584,261.196189437217,610.0452370258533,258.5623750247281,3.6728380376184973,22761.92039489746,179.6527485915228,2845.2400493621826,22.45659357394035,ok,22
light_V0399_V_8s_2026_05_20-0037_flat_0p3_late_bias_cal.fits,2461181.6959542823,9.925499707460403,gaia_774271076054448768_src2,comparison,1519.4417823974338,324.36304923280113,1519.120561514329,323.2191781383096,1.1881178125741312,15151.021202087402,144.91675711550027,1893.8776502609253,18.114594639437534,ok,22
light_V0399_V_8s_2026_05_20-0037_flat_0p3_late_bias_cal.fits,2461181.6959542823,9.925499707460403,gaia_774384016513181696_src3,comparison,403.2757024655927,1258.0913633734233,399.20054829027504,1256.9200861273812,4.240138198184698,9927.495513916016,120.14447042302076,1240.936939239502,15.018058802877595,ok,22
light_V0399_V_8s_2026_05_20-0037_flat_0p3_late_bias_cal.fits,2461181.6959542823,9.925499707460403,gaia_774289041901756032_src4,comparison,2054.552714727927,1445.866366152147,2053.39561397647,1447.5143349529565,2.0136244231395013,9232.285400390625,111.43762813000782,1154.0356750488281,13.929703516250978,ok,22
light_V0399_V_8s_2026_05_20-0037_flat_0p3_late_bias_cal.fits,2461181.6959542823,9.925499707460403,gaia_774287774887292672_src5,comparison,2046.651184298772,1084.166771417093,2046.3121915493266,1085.0789953306064,0.9731744717994657,9108.38996887207,109.93806172335314,1138.5487461090088,13.742257715419143,ok,22
light_V0399_V_8s_2026_05_20-0037_flat_0p3_late_bias_cal.fits,2461181.6959542823,9.925499707460403,gaia_774289488578357504_src6,comparison,953.3094459934491,1103.7149346858787,950.6889117046522,1103.3314826904586,2.648440180852073,8067.768493652344,103.61714728105024,1008.471061706543,12.95214341013128,ok,22
light_V0399_V_8s_2026_05_20-0037_flat_0p3_late_bias_cal.fits,2461181.6959542823,9.925499707460403,gaia_774288805679445888_src7,comparison,1957.854538098423,1355.0511436742818,1956.5184141078644,1356.5629923387019,2.01765054017173,7120.864959716797,99.22739288314592,890.1081199645996,12.40342411039324,ok,22
light_V0399_V_8s_2026_05_20-0037_flat_0p3_late_bias_cal.fits,2461181.6959542823,9.925499707460403,gaia_774290626745586944_src8,comparison,1083.3171267401983,1436.7919630057663,1081.3154080987051,1437.7692648731067,2.2275539184514628,2556.654830932617,65.26872669367955,319.58185386657715,8.158590836709944,ok,22
light_V0399_V_8s_2026_05_20-0037_flat_0p3_late_bias_cal.fits,2461181.6959542823,9.925499707460403,HD_103405,comparison,1169.4673889234236,154.35453709215932,1168.5871995118423,152.19447672491407,2.3325081329769453,101968.03977966309,521.4762708308665,12746.004972457886,65.18453385385831,ok,22
light_V0399_V_8s_2026_05_20-0037_flat_0p3_late_bias_cal.fits,2461181.6959542823,9.925499707460403,TYC_3452_787_1,comparison,376.24938186960804,758.5775619899625,372.62594715263754,756.2892736284379,4.285503794612302,134900.9580078125,658.6562047457053,16862.619750976562,82.33202559321316,ok,22
light_V0399_V_8s_2026_05_20-0037_flat_0p3_late_bias_cal.fits,2461181.6959542823,9.925499707460403,HD_103187,comparison,79.96719795183112,1517.7094989720815,74.19913086326892,1516.9198322840634,5.821870096139206,501802.75204467773,2245.7322191291996,62725.34400558472,280.71652739114995,ok,22
light_V0399_V_8s_2026_05_20-0038_flat_0p3_late_bias_cal.fits,2461181.6961469906,10.202999711036682,target,target,1941.6735217277144,637.3544710690259,1941.6735217277144,637.3544710690259,0.0,1912548.8563690186,4058.2885381308706,239068.60704612732,507.2860672663588,ok,25
light_V0399_V_8s_2026_05_20-0038_flat_0p3_late_bias_cal.fits,2461181.6961469906,10.202999711036682,DN_UMa,check,1866.9586723938496,691.8817835974579,1866.9586723938496,691.8817835974579,0.0,2703335.3229370117,7207.956985042595,337916.91536712646,900.9946231303244,ok,25
light_V0399_V_8s_2026_05_20-0038_flat_0p3_late_bias_cal.fits,2461181.6961469906,10.202999711036682,gaia_774272862760870784_src1,comparison,612.566822855762,263.1015124362151,610.7973161110883,261.0616999277456,2.7003683432365557,29229.963874816895,184.86831440076682,3653.745484352112,23.108539300095853,ok,25
light_V0399_V_8s_2026_05_20-0038_flat_0p3_late_bias_cal.fits,2461181.6961469906,10.202999711036682,gaia_774271076054448768_src2,comparison,1519.3471306281976,326.140293477163,1519.233228236873,325.29855654860626,0.8494085069303641,19401.353561401367,150.74690132659222,2425.169195175171,18.843362665824028,ok,25
light_V0399_V_8s_2026_05_20-0038_flat_0p3_late_bias_cal.fits,2461181.6961469906,10.202999711036682,gaia_774384016513181696_src3,comparison,403.4863884151098,1259.9768801302343,400.5162511600088,1258.7745129987447,3.2042787071391747,13000.09661102295,133.36138889358858,1625.0120763778687,16.670173611698573,ok,25
light_V0399_V_8s_2026_05_20-0038_flat_0p3_late_bias_cal.fits,2461181.6961469906,10.202999711036682,gaia_774289041901756032_src4,comparison,2054.672583136163,1447.4318086637645,2053.577708019895,1448.5511769747964,1.565802329786754,12101.922588348389,120.37922392966955,1512.7403235435486,15.047402991208694,ok,25
light_V0399_V_8s_2026_05_20-0038_flat_0p3_late_bias_cal.fits,2461181.6961469906,10.202999711036682,gaia_774287774887292672_src5,comparison,2046.7833394557074,1085.7733289030737,2046.3509302475281,1086.3842300664426,0.7484503689114544,11764.09578704834,118.30319353869585,1470.5119733810425,14.787899192336981,ok,25
light_V0399_V_8s_2026_05_20-0038_flat_0p3_late_bias_cal.fits,2461181.6961469906,10.202999711036682,gaia_774289488578357504_src6,comparison,953.1422791247788,1105.55061591113,951.5376924294451,1105.0723882108277,1.6743357477455212,10281.835273742676,111.10481073752581,1285.2294092178345,13.888101342190726,ok,25
light_V0399_V_8s_2026_05_20-0038_flat_0p3_late_bias_cal.fits,2461181.6961469906,10.202999711036682,gaia_774288805679445888_src7,comparison,1957.892845458377,1356.6729543349654,1956.734195828071,1357.7061627506005,1.552413796623562,9203.240814208984,105.83468222426679,1150.405101776123,13.229335278033348,ok,25
light_V0399_V_8s_2026_05_20-0038_flat_0p3_late_bias_cal.fits,2461181.6961469906,10.202999711036682,gaia_774290626745586944_src8,comparison,1083.152436498249,1438.2721996644527,1082.2055721338656,1439.2116522215092,1.3338377830527575,3279.5895233154297,70.48960442130092,409.9486904144287,8.811200552662616,ok,25
light_V0399_V_8s_2026_05_20-0038_flat_0p3_late_bias_cal.fits,2461181.6961469906,10.202999711036682,HD_103405,comparison,1169.4940871328802,156.16969762893638,1168.886542978216,154.54279945292143,1.7366368575460034,133269.2148475647,452.66535581443446,16658.651855945587,56.58316947680431,ok,25
light_V0399_V_8s_2026_05_20-0038_flat_0p3_late_bias_cal.fits,2461181.6961469906,10.202999711036682,TYC_3452_787_1,comparison,376.21591015777284,760.4931533802326,373.75593288001323,758.5213120229173,3.152720499110647,175905.8235244751,540.3905025913164,21988.227940559387,67.54881282391455,ok,25
light_V0399_V_8s_2026_05_20-0038_flat_0p3_late_bias_cal.fits,2461181.6961469906,10.202999711036682,HD_103187,comparison,79.9952813068685,1519.5310250118368,75.8594632244633,1518.7170070373836,4.215165058865766,673961.618850708,1556.9646674201397,84245.2023563385,194.62058342751746,ok,25
light_V0399_V_8s_2026_05_20-0039_flat_0p3_late_bias_cal.fits,2461181.696338542,10.478833392262459,target,target,1942.2595565760191,637.1601461061133,1942.2595565760191,637.1601461061133,0.0,1906576.7703552246,3916.9553352304433,238322.09629440308,489.6194169038054,ok,27
light_V0399_V_8s_2026_05_20-0039_flat_0p3_late_bias_cal.fits,2461181.696338542,10.478833392262459,DN_UMa,check,1867.5244593654886,691.7106898189119,1867.5244593654886,691.7106898189119,0.0,2818271.20703125,7131.793437479301,352283.90087890625,891.4741796849127,saturated,27
light_V0399_V_8s_2026_05_20-0039_flat_0p3_late_bias_cal.fits,2461181.696338542,10.478833392262459,gaia_774272862760870784_src1,comparison,613.3569790127649,262.7909603148135,610.9231899219508,260.84338182509475,3.1171126563184997,30092.41453552246,186.357114663924,3761.5518169403076,23.2946393329905,ok,27
light_V0399_V_8s_2026_05_20-0039_flat_0p3_late_bias_cal.fits,2461181.696338542,10.478833392262459,gaia_774271076054448768_src2,comparison,1520.0551717248882,326.0527719559755,1519.6589803060308,325.0340384371252,1.0930624972092513,19368.67054748535,149.905717565863,2421.083818435669,18.738214695732875,ok,27
light_V0399_V_8s_2026_05_20-0039_flat_0p3_late_bias_cal.fits,2461181.696338542,10.478833392262459,gaia_774384016513181696_src3,comparison,404.20543729309315,1260.0036500653034,400.64746893355164,1258.8958601209456,3.72643762973686,12992.133331298828,131.2503381621511,1624.0166664123535,16.40629227026889,ok,27
light_V0399_V_8s_2026_05_20-0039_flat_0p3_late_bias_cal.fits,2461181.696338542,10.478833392262459,gaia_774289041901756032_src4,comparison,2055.424847068346,1447.100928203029,2054.259989028609,1448.612134445135,1.908045743403377,12471.061889648438,121.23517971325327,1558.8827362060547,15.15439746415666,ok,27
light_V0399_V_8s_2026_05_20-0039_flat_0p3_late_bias_cal.fits,2461181.696338542,10.478833392262459,gaia_774287774887292672_src5,comparison,2047.359287486047,1085.5931740560218,2047.0041247431018,1086.3280590872569,0.8162086639516275,12058.953365325928,118.67389351040774,1507.369170665741,14.834236688800967,ok,27
light_V0399_V_8s_2026_05_20-0039_flat_0p3_late_bias_cal.fits,2461181.696338542,10.478833392262459,gaia_774289488578357504_src6,comparison,954.0326065884041,1105.2992403636688,951.836580106083,1105.1031183645052,2.204766688248711,10203.16630935669,110.50419927621198,1275.3957886695862,13.813024909526497,ok,27
light_V0399_V_8s_2026_05_20-0039_flat_0p3_late_bias_cal.fits,2461181.696338542,10.478833392262459,gaia_774288805679445888_src7,comparison,1958.6701850750173,1356.343470265958,1957.3783069408164,1357.7447561123479,1.9059252705494092,9730.002529144287,108.26948011619713,1216.250316143036,13.533685014524641,ok,27
light_V0399_V_8s_2026_05_20-0039_flat_0p3_late_bias_cal.fits,2461181.696338542,10.478833392262459,gaia_774290626745586944_src8,comparison,1083.9371263986345,1438.20192816205,1082.5715810049858,1439.3412914865262,1.7784439848577052,3262.8315353393555,69.8793492931944,407.85394191741943,8.7349186616493,ok,27
light_V0399_V_8s_2026_05_20-0039_flat_0p3_late_bias_cal.fits,2461181.696338542,10.478833392262459,HD_103405,comparison,1170.1572138482682,156.04522015510884,1169.1858664180604,154.2486716122496,2.0423277153828177,133568.85721206665,448.0598943256069,16696.10715150833,56.00748679070086,ok,27
light_V0399_V_8s_2026_05_20-0039_flat_0p3_late_bias_cal.fits,2461181.696338542,10.478833392262459,TYC_3452_787_1,comparison,376.99709080277836,760.3483887592939,373.8415231611657,758.4821109291779,3.6661423976675347,175667.81649780273,535.7812332101141,21958.47706222534,66.97265415126427,ok,27
light_V0399_V_8s_2026_05_20-0039_flat_0p3_late_bias_cal.fits,2461181.696338542,10.478833392262459,HD_103187,comparison,80.84719340536624,1519.5279320532454,75.90439688259289,1518.9467744321369,4.9768445471114395,684418.5200042725,1509.3054923066395,85552.31500053406,188.66318653832994,ok,27
light_V0399_V_8s_2026_05_20-0040_flat_0p3_late_bias_cal.fits,2461181.6965310187,10.756000131368637,target,target,1943.4279895774694,636.7327176588018,1943.4279895774694,636.7327176588018,0.0,2136216.839782715,3643.290144007662,267027.10497283936,455.41126800095776,ok,28
light_V0399_V_8s_2026_05_20-0040_flat_0p3_late_bias_cal.fits,2461181.6965310187,10.756000131368637,DN_UMa,check,1868.749214704127,691.249133436461,1868.749214704127,691.249133436461,0.0,3028324.069519043,6771.901804659647,378540.5086898804,846.4877255824558,saturated,28
light_V0399_V_8s_2026_05_20-0040_flat_0p3_late_bias_cal.fits,2461181.6965310187,10.756000131368637,gaia_774272862760870784_src1,comparison,614.3082794861843,262.48500226167346,613.0127777802525,260.7639662629366,2.1541331386477887,32935.71691894531,192.64145886558055,4116.964614868164,24.08018235819757,ok,28
light_V0399_V_8s_2026_05_20-0040_flat_0p3_late_bias_cal.fits,2461181.6965310187,10.756000131368637,gaia_774271076054448768_src2,comparison,1521.1480153462917,325.55575605946126,1521.108066856919,324.8537092942988,0.703182438829492,21710.466884613037,156.34578670261754,2713.8083605766296,19.543223337827193,ok,28
light_V0399_V_8s_2026_05_20-0040_flat_0p3_late_bias_cal.fits,2461181.6965310187,10.756000131368637,gaia_774384016513181696_src3,comparison,405.33261783004116,1259.5060996431387,402.9470085412959,1258.1215107962803,2.758299830220131,14627.192794799805,139.887239124933,1828.3990993499756,17.485904890616624,ok,28
light_V0399_V_8s_2026_05_20-0040_flat_0p3_late_bias_cal.fits,2461181.6965310187,10.756000131368637,gaia_774289041901756032_src4,comparison,2056.604053007738,1446.6674504821963,2055.3984626259503,1447.6024517101782,1.5256721354821996,13919.229328155518,125.74263268551292,1739.9036660194397,15.717829085689115,ok,28
light_V0399_V_8s_2026_05_20-0040_flat_0p3_late_bias_cal.fits,2461181.6965310187,10.756000131368637,gaia_774287774887292672_src5,comparison,2048.559638369622,1085.0794641005757,2048.125659926077,1085.5757261007993,0.6592520476477906,13088.41739654541,123.45478382353195,1636.0521745681763,15.431847977941494,ok,28
light_V0399_V_8s_2026_05_20-0040_flat_0p3_late_bias_cal.fits,2461181.6965310187,10.756000131368637,gaia_774289488578357504_src6,comparison,955.0464828711689,1104.858430857003,953.735878781966,1104.4042296019493,1.3870767313770902,11311.428783416748,114.8252874369663,1413.9285979270935,14.353160929620788,ok,28
light_V0399_V_8s_2026_05_20-0040_flat_0p3_late_bias_cal.fits,2461181.6965310187,10.756000131368637,gaia_774288805679445888_src7,comparison,1959.7644939271554,1355.869618560338,1958.5799434869857,1356.8054160243755,1.5095948592271948,10568.96615600586,110.92022853280214,1321.1207695007324,13.865028566600268,ok,28
light_V0399_V_8s_2026_05_20-0040_flat_0p3_late_bias_cal.fits,2461181.6965310187,10.756000131368637,gaia_774290626745586944_src8,comparison,1084.9655006373735,1437.613939213991,1084.3985454160547,1438.3974143100295,0.9670943330891246,3657.133934020996,71.78188985796754,457.1417417526245,8.972736232245943,ok,28
light_V0399_V_8s_2026_05_20-0040_flat_0p3_late_bias_cal.fits,2461181.6965310187,10.756000131368637,HD_103405,comparison,1171.2572133765307,155.52075337578862,1170.8730743034912,154.21081576489718,1.3651004988145008,149087.51007080078,453.0822918601711,18635.938758850098,56.63528648252139,ok,28
light_V0399_V_8s_2026_05_20-0040_flat_0p3_late_bias_cal.fits,2461181.6965310187,10.756000131368637,TYC_3452_787_1,comparison,378.1029376226094,759.8930978122116,376.1295679713853,758.0642553253551,2.6905115911483537,193104.31303405762,530.496630319154,24138.039129257202,66.31207878989424,ok,28
light_V0399_V_8s_2026_05_20-0040_flat_0p3_late_bias_cal.fits,2461181.6965310187,10.756000131368637,HD_103187,comparison,81.78198824341193,1519.0912076433367,78.45007434072704,1518.0078099176344,3.5036268190207926,751312.9940490723,1440.6622912677565,93914.12425613403,180.08278640846956,ok,28
light_V0399_V_8s_2026_05_20-0041_flat_0p3_late_bias_cal.fits,2461181.696722801,11.03216640651226,target,target,1943.622703724922,637.288284700387,1943.622703724922,637.288284700387,0.0,2024133.9194335938,3814.707885829689,253016.73992919922,476.83848572871113,ok,28
light_V0399_V_8s_2026_05_20-0041_flat_0p3_late_bias_cal.fits,2461181.696722801,11.03216640651226,DN_UMa,check,1868.977550301147,691.8383197972513,1868.977550301147,691.8383197972513,0.0,2873820.057861328,7214.572471465655,359227.507232666,901.8215589332069,saturated,28
light_V0399_V_8s_2026_05_20-0041_flat_0p3_late_bias_cal.fits,2461181.696722801,11.03216640651226,gaia_774272862760870784_src1,comparison,614.50472435315,262.9126174163349,613.1219820895842,262.0253105256403,1.6429515165473234,31273.337280273438,188.6321668807734,3909.1671600341797,23.579020860096676,ok,28
light_V0399_V_8s_2026_05_20-0041_flat_0p3_late_bias_cal.fits,2461181.696722801,11.03216640651226,gaia_774271076054448768_src2,comparison,1521.3595698426493,326.10891866262955,1521.1778144544294,325.6485840143344,0.4949171744524442,20773.037826538086,153.42813405361218,2596.6297283172607,19.178516756701523,ok,28
light_V0399_V_8s_2026_05_20-0041_flat_0p3_late_bias_cal.fits,2461181.696722801,11.03216640651226,gaia_774384016513181696_src3,comparison,405.61833825322134,1260.0852962333358,403.5796120394357,1259.4104868668765,2.1475037266179755,13741.767417907715,135.93087887245497,1717.7209272384644,16.99135985905687,ok,28
light_V0399_V_8s_2026_05_20-0041_flat_0p3_late_bias_cal.fits,2461181.696722801,11.03216640651226,gaia_774289041901756032_src4,comparison,2056.6481948467676,1447.404563330161,2055.996284734717,1448.0368198470285,0.9081492703930426,13050.668029785156,123.00876950423968,1631.3335037231445,15.37609618802996,ok,28
light_V0399_V_8s_2026_05_20-0041_flat_0p3_late_bias_cal.fits,2461181.696722801,11.03216640651226,gaia_774287774887292672_src5,comparison,2048.848487993118,1085.6524981540028,2048.5401196378693,1086.0425011605694,0.49718546604829694,12343.641471862793,119.71400170375111,1542.9551839828491,14.964250212968889,ok,28
light_V0399_V_8s_2026_05_20-0041_flat_0p3_late_bias_cal.fits,2461181.696722801,11.03216640651226,gaia_774289488578357504_src6,comparison,955.2769607790156,1105.555734526028,954.246699167456,1105.42555093579,1.038454021813478,11094.996780395508,114.3393408453016,1386.8745975494385,14.2924176056627,ok,28
light_V0399_V_8s_2026_05_20-0041_flat_0p3_late_bias_cal.fits,2461181.696722801,11.03216640651226,gaia_774288805679445888_src7,comparison,1959.9457192981413,1356.566191501462,1959.1393117918017,1357.2961768524397,1.087736953000466,10202.653282165527,110.17163252511926,1275.331660270691,13.771454065639908,ok,28
light_V0399_V_8s_2026_05_20-0041_flat_0p3_late_bias_cal.fits,2461181.696722801,11.03216640651226,gaia_774290626745586944_src8,comparison,1085.4223291349965,1438.4799678753548,1085.0686990193683,1439.3258598706016,0.9168356048397361,3518.5232162475586,71.80942399556241,439.8154020309448,8.976177999445301,ok,28
light_V0399_V_8s_2026_05_20-0041_flat_0p3_late_bias_cal.fits,2461181.696722801,11.03216640651226,HD_103405,comparison,1171.3141820063531,156.1503186289018,1170.883897913482,155.1971719182,1.045769120169211,140853.26429748535,449.5008660825651,17606.65803718567,56.18760826032064,ok,28
light_V0399_V_8s_2026_05_20-0041_flat_0p3_late_bias_cal.fits,2461181.696722801,11.03216640651226,TYC_3452_787_1,comparison,378.20700045074415,760.532395962258,376.5102283253416,759.4065155680121,2.036330598819943,187717.20029449463,545.3873603607984,23464.65003681183,68.1734200450998,ok,28
light_V0399_V_8s_2026_05_20-0041_flat_0p3_late_bias_cal.fits,2461181.696722801,11.03216640651226,HD_103187,comparison,82.0152930363003,1519.773728502186,79.24045665613608,1519.441045820215,2.794708339624425,701575.8843841553,1569.5502102214762,87696.98554801941,196.19377627768452,ok,28
light_V0399_V_8s_2026_05_20-0042_flat_0p3_late_bias_cal.fits,2461181.696914352,11.308000087738037,target,target,1944.7633840398962,638.1035561115207,1944.7633840398962,638.1035561115207,0.0,1776410.7541809082,4481.120957060271,222051.34427261353,560.1401196325339,ok,27
light_V0399_V_8s_2026_05_20-0042_flat_0p3_late_bias_cal.fits,2461181.696914352,11.308000087738037,DN_UMa,check,1870.0177561934227,692.6395629105294,1870.0177561934227,692.6395629105294,0.0,2575903.545654297,7976.513979689798,321987.9432067871,997.0642474612248,ok,27
light_V0399_V_8s_2026_05_20-0042_flat_0p3_late_bias_cal.fits,2461181.696914352,11.308000087738037,gaia_774272862760870784_src1,comparison,615.4436154058297,264.01436840342535,613.5009548426617,261.52877318758954,3.154697075897182,26854.66078186035,182.14065855940166,3356.832597732544,22.767582319925207,ok,27
light_V0399_V_8s_2026_05_20-0042_flat_0p3_late_bias_cal.fits,2461181.696914352,11.308000087738037,gaia_774271076054448768_src2,comparison,1522.4222996138653,327.00395185318695,1522.2236564562688,325.8956814300332,1.1259318073921043,18417.2162399292,148.89306780077783,2302.15202999115,18.61163347509723,ok,27
light_V0399_V_8s_2026_05_20-0042_flat_0p3_late_bias_cal.fits,2461181.696914352,11.308000087738037,gaia_774384016513181696_src3,comparison,406.59834086664205,1260.807258309834,403.0317567965153,1259.5397594463802,3.7851123230544057,12100.357109069824,130.07548766519528,1512.544638633728,16.25943595814941,ok,27
light_V0399_V_8s_2026_05_20-0042_flat_0p3_late_bias_cal.fits,2461181.696914352,11.308000087738037,gaia_774289041901756032_src4,comparison,2057.727241608108,1448.1044868816882,2056.606314866191,1449.5767051476503,1.8503792539307644,11413.854675292969,117.67962967774733,1426.731834411621,14.709953709718416,ok,27
light_V0399_V_8s_2026_05_20-0042_flat_0p3_late_bias_cal.fits,2461181.696914352,11.308000087738037,gaia_774287774887292672_src5,comparison,2049.8120967574732,1086.4394910644392,2049.4207394796344,1087.291475553976,0.937570311671953,11258.236358642578,116.87845878721123,1407.2795448303223,14.609807348401404,ok,27
light_V0399_V_8s_2026_05_20-0042_flat_0p3_late_bias_cal.fits,2461181.696914352,11.308000087738037,gaia_774289488578357504_src6,comparison,956.413860562256,1106.3279278027144,954.2503185091601,1105.8540570394728,2.214829048881519,9817.778549194336,108.38774023821918,1227.222318649292,13.548467529777398,ok,27
light_V0399_V_8s_2026_05_20-0042_flat_0p3_late_bias_cal.fits,2461181.696914352,11.308000087738037,gaia_774288805679445888_src7,comparison,1960.9516624131136,1357.4310768275284,1959.7423289969195,1358.6905951392391,1.7461024279973913,8821.87727355957,104.96485906006512,1102.7346591949463,13.12060738250814,ok,27
light_V0399_V_8s_2026_05_20-0042_flat_0p3_late_bias_cal.fits,2461181.696914352,11.308000087738037,gaia_774290626745586944_src8,comparison,1086.2547881374703,1439.2519117747677,1084.9203850962083,1440.1173592107573,1.5904812922478275,3144.6873168945312,69.32681762115062,393.0859146118164,8.665852202643828,ok,27
light_V0399_V_8s_2026_05_20-0042_flat_0p3_late_bias_cal.fits,2461181.696914352,11.308000087738037,HD_103405,comparison,1172.3757360399106,157.07878879599707,1171.7839204199624,155.0424415950489,2.1206026621750986,122993.3494720459,472.7911852204037,15374.168684005737,59.09889815255046,ok,27
light_V0399_V_8s_2026_05_20-0042_flat_0p3_late_bias_cal.fits,2461181.696914352,11.308000087738037,TYC_3452_787_1,comparison,379.34096083764143,761.2288829861843,376.3229110268069,759.1211598856517,3.681184772488,162432.06909179688,577.1331286336181,20304.00863647461,72.14164107920226,ok,27
light_V0399_V_8s_2026_05_20-0042_flat_0p3_late_bias_cal.fits,2461181.696914352,11.308000087738037,HD_103187,comparison,83.15314229526571,1520.463004649748,78.2384615128476,1519.5274910580833,5.00292643092611,616576.5265731812,1753.2755332042855,77072.06582164764,219.15944165053568,ok,27
light_V0399_V_8s_2026_05_20-0043_flat_0p3_late_bias_cal.fits,2461181.697106134,11.58416636288166,target,target,1945.059820502258,637.2917856912591,1945.059820502258,637.2917856912591,0.0,1952861.9760742188,4009.7634881400368,244107.74700927734,501.2204360175046,ok,28
light_V0399_V_8s_2026_05_20-0043_flat_0p3_late_bias_cal.fits,2461181.697106134,11.58416636288166,DN_UMa,check,1870.3827307125614,691.8290999439855,1870.3827307125614,691.8290999439855,0.0,2868102.438354492,7419.2971931634,358512.8047943115,927.412149145425,saturated,28
light_V0399_V_8s_2026_05_20-0043_flat_0p3_late_bias_cal.fits,2461181.697106134,11.58416636288166,gaia_774272862760870784_src1,comparison,616.0336436068037,262.89832139953376,614.4142136090595,261.5356365121336,2.1164743371802524,29786.829666137695,186.27857408818429,3723.353708267212,23.284821761023036,ok,28
light_V0399_V_8s_2026_05_20-0043_flat_0p3_late_bias_cal.fits,2461181.697106134,11.58416636288166,gaia_774271076054448768_src2,comparison,1522.8813888029315,326.0572198953015,1522.629545137067,325.4574400028657,0.6505083791976404,20017.107551574707,151.53242489759896,2502.1384439468384,18.94155311219987,ok,28
light_V0399_V_8s_2026_05_20-0043_flat_0p3_late_bias_cal.fits,2461181.697106134,11.58416636288166,gaia_774384016513181696_src3,comparison,406.7958242564231,1259.8581356171214,404.516333247421,1259.0520230084596,2.4178289430736877,13589.173217773438,136.3489107231986,1698.6466522216797,17.043613840399825,ok,28
light_V0399_V_8s_2026_05_20-0043_flat_0p3_late_bias_cal.fits,2461181.697106134,11.58416636288166,gaia_774289041901756032_src4,comparison,2057.9788361620967,1447.4212216759229,2057.2003108756503,1448.2360032852052,1.1269297637658109,12845.593475341797,122.21410485362749,1605.6991844177246,15.276763106703436,ok,28
light_V0399_V_8s_2026_05_20-0043_flat_0p3_late_bias_cal.fits,2461181.697106134,11.58416636288166,gaia_774287774887292672_src5,comparison,2050.1201588720032,1085.673365612228,2049.856665233259,1086.1677656462846,0.5602323547724364,12272.707702636719,121.05045314776586,1534.0884628295898,15.131306643470733,ok,28
light_V0399_V_8s_2026_05_20-0043_flat_0p3_late_bias_cal.fits,2461181.697106134,11.58416636288166,gaia_774289488578357504_src6,comparison,956.6280909118707,1105.1963485485971,955.3407849490284,1105.2100497943034,1.2873788743424643,10879.372421264648,113.84788650719345,1359.921552658081,14.230985813399181,ok,28
light_V0399_V_8s_2026_05_20-0043_flat_0p3_late_bias_cal.fits,2461181.697106134,11.58416636288166,gaia_774288805679445888_src7,comparison,1961.2850912723409,1356.6137406526504,1960.352762688329,1357.44691899308,1.2503690397345475,10136.871520996094,109.73324618689486,1267.1089401245117,13.716655773361857,ok,28
light_V0399_V_8s_2026_05_20-0043_flat_0p3_late_bias_cal.fits,2461181.697106134,11.58416636288166,gaia_774290626745586944_src8,comparison,1086.5403261996012,1438.0980836130313,1086.083503302039,1439.2175715862484,1.209107307857621,3464.175277709961,70.96719991923709,433.0219097137451,8.870899989904636,ok,28
light_V0399_V_8s_2026_05_20-0043_flat_0p3_late_bias_cal.fits,2461181.697106134,11.58416636288166,HD_103405,comparison,1173.0497483588736,156.08713377504142,1172.320046859169,154.86201832556264,1.4259635841152025,134093.33100128174,447.5283487468993,16761.666375160217,55.941043593362416,ok,28
light_V0399_V_8s_2026_05_20-0043_flat_0p3_late_bias_cal.fits,2461181.697106134,11.58416636288166,TYC_3452_787_1,comparison,379.72974582383245,760.3223921681607,377.59905105881717,758.9406701680048,2.5394912615282728,184776.6912841797,543.876767721339,23097.08641052246,67.98459596516737,ok,28
light_V0399_V_8s_2026_05_20-0043_flat_0p3_late_bias_cal.fits,2461181.697106134,11.58416636288166,HD_103187,comparison,83.39941732091376,1519.4262230099139,80.03116701612657,1519.0318575212827,3.3912585059712304,706690.2783813477,1511.409151350185,88336.28479766846,188.92614391877314,ok,28
light_V0399_V_8s_2026_05_20-0044_flat_0p3_late_bias_cal.fits,2461181.6972972224,11.859333515167236,target,target,1945.6525668515421,638.2297021289658,1945.6525668515421,638.2297021289658,0.0,1909943.8852539062,4194.736709296689,238742.98565673828,524.3420886620861,ok,28
light_V0399_V_8s_2026_05_20-0044_flat_0p3_late_bias_cal.fits,2461181.6972972224,11.859333515167236,DN_UMa,check,1870.9120012910507,692.7678705156225,1870.9120012910507,692.7678705156225,0.0,2737385.1352539062,8012.586143099295,342173.1419067383,1001.5732678874119,ok,28
light_V0399_V_8s_2026_05_20-0044_flat_0p3_late_bias_cal.fits,2461181.6972972224,11.859333515167236,gaia_774272862760870784_src1,comparison,616.6179019967913,263.7749039259296,614.411395072673,261.7344324093745,3.0053613453384216,29345.54656982422,185.7717862470876,3668.1933212280273,23.22147328088595,ok,28
light_V0399_V_8s_2026_05_20-0044_flat_0p3_late_bias_cal.fits,2461181.6972972224,11.859333515167236,gaia_774271076054448768_src2,comparison,1523.4991076365084,326.9292173942854,1523.1097362481344,326.05292780695845,0.9589022468124224,19631.35969543457,152.38645003353614,2453.9199619293213,19.048306254192017,ok,28
light_V0399_V_8s_2026_05_20-0044_flat_0p3_late_bias_cal.fits,2461181.6972972224,11.859333515167236,gaia_774384016513181696_src3,comparison,407.46661432456483,1260.6723475652223,403.99961997068567,1259.7258101455511,3.593881319224057,13106.76834487915,132.59029923753803,1638.3460431098938,16.573787404692254,ok,28
light_V0399_V_8s_2026_05_20-0044_flat_0p3_late_bias_cal.fits,2461181.6972972224,11.859333515167236,gaia_774289041901756032_src4,comparison,2058.640508623267,1448.3007758438307,2057.533577318212,1449.6724419494108,1.7626017188543959,12290.382995605469,120.74889218904204,1536.2978744506836,15.093611523630255,ok,28
light_V0399_V_8s_2026_05_20-0044_flat_0p3_late_bias_cal.fits,2461181.6972972224,11.859333515167236,gaia_774287774887292672_src5,comparison,2050.6535219405814,1086.759587673068,2050.3297004106216,1087.3986034141747,0.7163808349248905,11779.389011383057,118.92624196630133,1472.423626422882,14.865780245787667,ok,28
light_V0399_V_8s_2026_05_20-0044_flat_0p3_late_bias_cal.fits,2461181.6972972224,11.859333515167236,gaia_774289488578357504_src6,comparison,957.2581992778395,1106.2167984101923,955.1935525568744,1106.0166056219869,2.074329586840413,10308.372509002686,110.7071101774383,1288.5465636253357,13.838388772179787,ok,28
light_V0399_V_8s_2026_05_20-0044_flat_0p3_late_bias_cal.fits,2461181.6972972224,11.859333515167236,gaia_774288805679445888_src7,comparison,1961.7576498212002,1357.5699039200454,1960.6678927224466,1358.7940491778877,1.6389332343270435,9559.138595581055,108.61999578795863,1194.8923244476318,13.577499473494829,ok,28
light_V0399_V_8s_2026_05_20-0044_flat_0p3_late_bias_cal.fits,2461181.6972972224,11.859333515167236,gaia_774290626745586944_src8,comparison,1087.176864286904,1439.0282563905757,1085.8767307478586,1440.2630568182285,1.7930642251414848,3273.6408500671387,69.75554470111655,409.20510625839233,8.719443087639569,ok,28
light_V0399_V_8s_2026_05_20-0044_flat_0p3_late_bias_cal.fits,2461181.6972972224,11.859333515167236,HD_103405,comparison,1173.5724820567311,156.98311707504175,1172.6719294163472,155.22280136771832,1.9772977640082525,132804.8969116211,455.9538380693784,16600.612113952637,56.9942297586723,ok,28
light_V0399_V_8s_2026_05_20-0044_flat_0p3_late_bias_cal.fits,2461181.6972972224,11.859333515167236,TYC_3452_787_1,comparison,380.33796658260735,761.2209197397061,377.266005306981,759.3238028462995,3.6105399300100003,175626.0635986328,554.2344796670444,21953.2579498291,69.27930995838055,ok,28
light_V0399_V_8s_2026_05_20-0044_flat_0p3_late_bias_cal.fits,2461181.6972972224,11.859333515167236,HD_103187,comparison,84.06054245492928,1520.371999575357,79.22949827652201,1519.7222343320495,4.874544360771902,662557.4100341797,1624.1338816712196,82819.67625427246,203.01673520890245,ok,28
light_V0399_V_8s_2026_05_20-0045_flat_0p3_late_bias_cal.fits,2461181.6974885417,12.134833261370659,target,target,1945.6481884133912,638.5596825024047,1945.6481884133912,638.5596825024047,0.0,1841600.5190429688,4280.985604172695,230200.0648803711,535.1232005215869,ok,27
light_V0399_V_8s_2026_05_20-0045_flat_0p3_late_bias_cal.fits,2461181.6974885417,12.134833261370659,DN_UMa,check,1870.9464318726984,693.090464037652,1870.9464318726984,693.090464037652,0.0,2599692.787963867,7882.7632813639875,324961.5984954834,985.3454101704984,ok,27
light_V0399_V_8s_2026_05_20-0045_flat_0p3_late_bias_cal.fits,2461181.6974885417,12.134833261370659,gaia_774272862760870784_src1,comparison,616.579948982006,264.1428205136559,614.8519291751288,262.4529895414969,2.4169363184469597,28791.655364990234,185.3174393235754,3598.9569206237793,23.164679915446925,ok,27
light_V0399_V_8s_2026_05_20-0045_flat_0p3_late_bias_cal.fits,2461181.6974885417,12.134833261370659,gaia_774271076054448768_src2,comparison,1523.4834581217904,327.342526240274,1523.2113632245469,326.58059673881496,0.809056362869493,18852.057220458984,150.8189294435306,2356.507152557373,18.852366180441326,ok,27
light_V0399_V_8s_2026_05_20-0045_flat_0p3_late_bias_cal.fits,2461181.6974885417,12.134833261370659,gaia_774384016513181696_src3,comparison,407.6136507094156,1260.9817370816088,404.70373748735915,1260.0977015703415,3.041235562247766,12440.560001373291,132.29482597297988,1555.0700001716614,16.536853246622485,ok,27
light_V0399_V_8s_2026_05_20-0045_flat_0p3_late_bias_cal.fits,2461181.6974885417,12.134833261370659,gaia_774289041901756032_src4,comparison,2058.69169848589,1448.6707675368068,2057.634318854392,1449.6688444604467,1.4540320596910123,12076.869483947754,120.56147601396346,1509.6086854934692,15.070184501745432,ok,27
light_V0399_V_8s_2026_05_20-0045_flat_0p3_late_bias_cal.fits,2461181.6974885417,12.134833261370659,gaia_774287774887292672_src5,comparison,2050.7144580167396,1086.9896513958154,2050.3670149696495,1087.5361218956973,0.6475698249706138,11376.248527526855,117.57927113709134,1422.031065940857,14.697408892136417,ok,27
light_V0399_V_8s_2026_05_20-0045_flat_0p3_late_bias_cal.fits,2461181.6974885417,12.134833261370659,gaia_774289488578357504_src6,comparison,957.4261059680118,1106.5815555914703,955.656876500216,1106.3470797898135,1.784699361595629,10043.316276550293,109.70217638738372,1255.4145345687866,13.712772048422964,ok,27
light_V0399_V_8s_2026_05_20-0045_flat_0p3_late_bias_cal.fits,2461181.6974885417,12.134833261370659,gaia_774288805679445888_src7,comparison,1961.8906668779914,1357.907918703676,1960.7894058113534,1358.843223718895,1.4448430393598184,9056.38028717041,106.25304622854736,1132.0475358963013,13.28163077856842,ok,27
light_V0399_V_8s_2026_05_20-0045_flat_0p3_late_bias_cal.fits,2461181.6974885417,12.134833261370659,gaia_774290626745586944_src8,comparison,1087.2575423948554,1439.3744427875909,1086.3507095902237,1440.440664317729,1.39970499995044,3253.7639350891113,69.89442090534746,406.7204918861389,8.736802613168432,ok,27
light_V0399_V_8s_2026_05_20-0045_flat_0p3_late_bias_cal.fits,2461181.6974885417,12.134833261370659,HD_103405,comparison,1173.525473541595,157.39189815035496,1172.8775685185067,155.88043651681306,1.6444747455075497,129104.09147644043,455.8324735579128,16138.011434555054,56.9790591947391,ok,27
light_V0399_V_8s_2026_05_20-0045_flat_0p3_late_bias_cal.fits,2461181.6974885417,12.134833261370659,TYC_3452_787_1,comparison,380.3266868644575,761.4759400145533,377.8889888176525,759.8936822576301,2.9061850210784343,171189.05577850342,557.572450945594,21398.631972312927,69.69655636819925,ok,27
light_V0399_V_8s_2026_05_20-0045_flat_0p3_late_bias_cal.fits,2461181.6974885417,12.134833261370659,HD_103187,comparison,83.98041503359686,1520.7426783518429,80.1064580835789,1520.0531475672215,3.934843726697801,640603.2048034668,1629.1687469329427,80075.40060043335,203.64609336661783,ok,27
light_V0399_V_8s_2026_05_20-0046_flat_0p3_late_bias_cal.fits,2461181.697679977,12.410499975085258,target,target,1946.1585709762467,639.589767931937,1946.1585709762467,639.589767931937,0.0,1879330.4868469238,4172.2814379313295,234916.31085586548,521.5351797414162,ok,27
light_V0399_V_8s_2026_05_20-0046_flat_0p3_late_bias_cal.fits,2461181.697679977,12.410499975085258,DN_UMa,check,1871.4756176145859,694.095961479415,1871.4756176145859,694.095961479415,0.0,2765247.6977539062,7578.025425924312,345655.9622192383,947.253178240539,saturated,27
light_V0399_V_8s_2026_05_20-0046_flat_0p3_late_bias_cal.fits,2461181.697679977,12.410499975085258,gaia_774272862760870784_src1,comparison,616.9703944728286,265.26799882402133,615.825113807633,263.47755111017483,2.1254107410308043,28574.755100250244,183.82228724671637,3571.8443875312805,22.977785905839546,ok,27
light_V0399_V_8s_2026_05_20-0046_flat_0p3_late_bias_cal.fits,2461181.697679977,12.410499975085258,gaia_774271076054448768_src2,comparison,1523.8751536554796,328.37610277387023,1523.886922647167,327.67074167129647,0.7054592789023403,19252.415298461914,150.0485078742204,2406.5519123077393,18.75606348427755,ok,27
light_V0399_V_8s_2026_05_20-0046_flat_0p3_late_bias_cal.fits,2461181.697679977,12.410499975085258,gaia_774384016513181696_src3,comparison,408.0783260974164,1262.3653559439247,405.6497352919571,1260.7821301428585,2.899078687708063,12710.312561035156,131.59113044139826,1588.7890701293945,16.448891305174783,ok,27
light_V0399_V_8s_2026_05_20-0046_flat_0p3_late_bias_cal.fits,2461181.697679977,12.410499975085258,gaia_774289041901756032_src4,comparison,2059.3087618012787,1449.5816835058683,2058.031818526083,1450.449223453048,1.5437647774256194,12200.719512939453,121.03887473850247,1525.0899391174316,15.129859342312809,ok,27
light_V0399_V_8s_2026_05_20-0046_flat_0p3_late_bias_cal.fits,2461181.697679977,12.410499975085258,gaia_774287774887292672_src5,comparison,2051.331121525688,1087.9176832490489,2050.801198404772,1088.432039701921,0.7384992042599234,11637.940925598145,117.82047413899359,1454.742615699768,14.727559267374199,ok,27
light_V0399_V_8s_2026_05_20-0046_flat_0p3_late_bias_cal.fits,2461181.697679977,12.410499975085258,gaia_774289488578357504_src6,comparison,957.8461942573762,1107.7627467600091,956.4406278585335,1107.133117806949,1.5401459411650207,10181.79411315918,110.79555011534623,1272.7242641448975,13.849443764418279,ok,27
light_V0399_V_8s_2026_05_20-0046_flat_0p3_late_bias_cal.fits,2461181.697679977,12.410499975085258,gaia_774288805679445888_src7,comparison,1962.5018990218425,1358.7913818084367,1961.2266038697423,1359.6435670736673,1.533817932887235,9264.309104919434,105.1758453683407,1158.0386381149292,13.146980671042588,ok,27
light_V0399_V_8s_2026_05_20-0046_flat_0p3_late_bias_cal.fits,2461181.697679977,12.410499975085258,gaia_774290626745586944_src8,comparison,1087.6756393239393,1440.7848407927859,1087.060822612375,1441.1318708414178,0.705995356551506,3252.099578857422,70.46476259017331,406.51244735717773,8.808095323771663,ok,27
light_V0399_V_8s_2026_05_20-0046_flat_0p3_late_bias_cal.fits,2461181.697679977,12.410499975085258,HD_103405,comparison,1173.9356862153568,158.42545027814623,1173.6817615223035,156.99213639528017,1.4556326585230104,131434.80810928345,461.6885874685633,16429.35101366043,57.71107343357041,ok,27
light_V0399_V_8s_2026_05_20-0046_flat_0p3_late_bias_cal.fits,2461181.697679977,12.410499975085258,TYC_3452_787_1,comparison,380.77287180620596,762.7638141530606,378.8910414350207,760.7361100300459,2.766382033705027,173047.36065673828,551.0904009036225,21630.920082092285,68.88630011295281,ok,27
light_V0399_V_8s_2026_05_20-0046_flat_0p3_late_bias_cal.fits,2461181.697679977,12.410499975085258,HD_103187,comparison,84.69736756537301,1521.9663775437182,81.131977963684,1520.6233514923438,3.8099503916065003,647068.5093383789,1598.665923818554,80883.56366729736,199.83324047731924,ok,27
light_V0399_V_8s_2026_05_20-0047_flat_0p3_late_bias_cal.fits,2461181.6978716436,12.686499953269958,target,target,1948.0334944277508,639.1275278662553,1948.0334944277508,639.1275278662553,0.0,1808837.2031860352,4360.626168728513,226104.6503982544,545.0782710910642,ok,27
light_V0399_V_8s_2026_05_20-0047_flat_0p3_late_bias_cal.fits,2461181.6978716436,12.686499953269958,DN_UMa,check,1873.3667096116671,693.6304522498988,1873.3667096116671,693.6304522498988,0.0,2734705.4967651367,7998.606128008594,341838.1870956421,999.8257660010743,ok,27
light_V0399_V_8s_2026_05_20-0047_flat_0p3_late_bias_cal.fits,2461181.6978716436,12.686499953269958,gaia_774272862760870784_src1,comparison,619.2050281651293,265.0838580776848,617.887651523595,263.17543123747345,2.3189597280029166,28597.320739746094,184.9027807941139,3574.6650924682617,23.11284759926424,ok,27
light_V0399_V_8s_2026_05_20-0047_flat_0p3_late_bias_cal.fits,2461181.6978716436,12.686499953269958,gaia_774271076054448768_src2,comparison,1525.9358598240817,328.02085645431566,1525.807048245712,327.29053637380485,0.7415927741823176,18520.670459747314,147.29691056954482,2315.0838074684143,18.412113821193103,ok,27
light_V0399_V_8s_2026_05_20-0047_flat_0p3_late_bias_cal.fits,2461181.6978716436,12.686499953269958,gaia_774384016513181696_src3,comparison,410.1195565447879,1262.0120895158745,407.8206735535134,1260.3340122789546,2.8461915291561235,12604.277038574219,130.97055807047326,1575.5346298217773,16.371319758809157,ok,27
light_V0399_V_8s_2026_05_20-0047_flat_0p3_late_bias_cal.fits,2461181.6978716436,12.686499953269958,gaia_774289041901756032_src4,comparison,2061.1644634384625,1448.9940586704727,2059.949042388713,1449.8472051485257,1.484960350038987,11504.230781555176,117.40436840420476,1438.028847694397,14.675546050525595,ok,27
light_V0399_V_8s_2026_05_20-0047_flat_0p3_late_bias_cal.fits,2461181.6978716436,12.686499953269958,gaia_774287774887292672_src5,comparison,2053.272527879372,1087.4159179369556,2052.692612458848,1087.8892431961335,0.7485577438896384,11549.718139648438,117.41297076032109,1443.7147674560547,14.676621345040136,ok,27
light_V0399_V_8s_2026_05_20-0047_flat_0p3_late_bias_cal.fits,2461181.6978716436,12.686499953269958,gaia_774289488578357504_src6,comparison,960.0136167360442,1107.273127323818,958.5108312893572,1106.6688548202103,1.619725086979528,10061.058506011963,110.66522136861128,1257.6323132514954,13.83315267107641,ok,27
light_V0399_V_8s_2026_05_20-0047_flat_0p3_late_bias_cal.fits,2461181.6978716436,12.686499953269958,gaia_774288805679445888_src7,comparison,1964.417437932649,1358.3552461506706,1963.1527518974335,1359.0634834340372,1.449493296714147,9170.231582641602,106.4356406161522,1146.2789478302002,13.304455077019025,ok,27
light_V0399_V_8s_2026_05_20-0047_flat_0p3_late_bias_cal.fits,2461181.6978716436,12.686499953269958,gaia_774290626745586944_src8,comparison,1089.8554831954084,1440.082077371491,1089.1347461640935,1440.6037313554225,0.8897104850793508,3131.2030334472656,70.17352477269091,391.4003791809082,8.771690596586364,ok,27
light_V0399_V_8s_2026_05_20-0047_flat_0p3_late_bias_cal.fits,2461181.6978716436,12.686499953269958,HD_103405,comparison,1175.9919122499434,158.21892445225043,1175.6459342511314,156.66569956821866,1.5912913988448212,128205.91994857788,461.53668990244256,16025.739993572235,57.69208623780532,ok,27
light_V0399_V_8s_2026_05_20-0047_flat_0p3_late_bias_cal.fits,2461181.6978716436,12.686499953269958,TYC_3452_787_1,comparison,382.8983186514749,762.5249974056815,381.02904780849576,760.3710438689445,2.851962363502264,173502.20538330078,558.2085448537779,21687.775672912598,69.77606810672224,ok,27
light_V0399_V_8s_2026_05_20-0047_flat_0p3_late_bias_cal.fits,2461181.6978716436,12.686499953269958,HD_103187,comparison,86.78059805751442,1521.6060468284118,83.37488696830769,1520.157300418324,3.7010450124104053,665146.2185058594,1633.7772613087036,83143.27731323242,204.22215766358795,ok,27
light_V0399_V_8s_2026_05_20-0048_flat_0p3_late_bias_cal.fits,2461181.6980633102,12.962499931454659,target,target,1947.7480165066177,639.6800270465964,1947.7480165066177,639.6800270465964,0.0,1874180.8063049316,4184.178163498972,234272.60078811646,523.0222704373715,ok,29
light_V0399_V_8s_2026_05_20-0048_flat_0p3_late_bias_cal.fits,2461181.6980633102,12.962499931454659,DN_UMa,check,1873.0509191088142,694.2158286663895,1873.0509191088142,694.2158286663895,0.0,2678930.081878662,7811.661853991785,334866.26023483276,976.4577317489732,ok,29
light_V0399_V_8s_2026_05_20-0048_flat_0p3_late_bias_cal.fits,2461181.6980633102,12.962499931454659,gaia_774272862760870784_src1,comparison,618.7327382970914,265.5429861485897,616.9356564853483,263.67447034576935,2.592461059203609,29282.56378173828,185.3997193782097,3660.320472717285,23.174964922276214,ok,29
light_V0399_V_8s_2026_05_20-0048_flat_0p3_late_bias_cal.fits,2461181.6980633102,12.962499931454659,gaia_774271076054448768_src2,comparison,1525.4329795932865,328.6005245442757,1525.2919168842914,327.73471791574127,0.8772227800753812,19634.13525390625,151.76153973239659,2454.2669067382812,18.970192466549573,ok,29
light_V0399_V_8s_2026_05_20-0048_flat_0p3_late_bias_cal.fits,2461181.6980633102,12.962499931454659,gaia_774384016513181696_src3,comparison,409.931316514469,1262.5498954344791,406.8626589386556,1261.3259718763156,3.3037324640207495,13135.938217163086,133.34232378612722,1641.9922771453857,16.667790473265903,ok,29
light_V0399_V_8s_2026_05_20-0048_flat_0p3_late_bias_cal.fits,2461181.6980633102,12.962499931454659,gaia_774289041901756032_src4,comparison,2060.9270726013333,1449.7074410428913,2059.792824919293,1450.7739082706141,1.5568783356514997,12132.948516845703,119.92550572948151,1516.618564605713,14.99068821618519,ok,29
light_V0399_V_8s_2026_05_20-0048_flat_0p3_late_bias_cal.fits,2461181.6980633102,12.962499931454659,gaia_774287774887292672_src5,comparison,2052.902643017091,1088.0941049649464,2052.4989521653397,1088.6448655306692,0.6828641918735681,11476.688129425049,117.39544718763207,1434.586016178131,14.674430898454009,ok,29
light_V0399_V_8s_2026_05_20-0048_flat_0p3_late_bias_cal.fits,2461181.6980633102,12.962499931454659,gaia_774289488578357504_src6,comparison,959.5537195786918,1107.8136178777552,957.7997054045763,1107.5361672904655,1.7758222184062629,10361.186611175537,110.70323884023057,1295.1483263969421,13.837904855028821,ok,29
light_V0399_V_8s_2026_05_20-0048_flat_0p3_late_bias_cal.fits,2461181.6980633102,12.962499931454659,gaia_774288805679445888_src7,comparison,1964.0900417314117,1358.9473346507316,1962.9420735367148,1359.9561985877276,1.5282792347626601,9148.700191497803,105.08019015119058,1143.5875239372253,13.135023768898822,ok,29
light_V0399_V_8s_2026_05_20-0048_flat_0p3_late_bias_cal.fits,2461181.6980633102,12.962499931454659,gaia_774290626745586944_src8,comparison,1089.692802243287,1440.452589403745,1088.516973263035,1441.6172384901142,1.6549867930533986,3283.591583251953,68.96650743486272,410.44894790649414,8.62081342935784,ok,29
light_V0399_V_8s_2026_05_20-0048_flat_0p3_late_bias_cal.fits,2461181.6980633102,12.962499931454659,HD_103405,comparison,1175.5368463318034,158.62892707701448,1174.9486114251802,157.0618046154006,1.673885633806805,130661.52233886719,453.37077675752903,16332.690292358398,56.67134709469113,ok,29
light_V0399_V_8s_2026_05_20-0048_flat_0p3_late_bias_cal.fits,2461181.6980633102,12.962499931454659,TYC_3452_787_1,comparison,382.5470281496523,762.8951810958645,380.0113571335196,761.1282691923487,3.0905671286741345,173343.10123443604,545.9027943750586,21667.887654304504,68.23784929688233,ok,29
light_V0399_V_8s_2026_05_20-0048_flat_0p3_late_bias_cal.fits,2461181.6980633102,12.962499931454659,HD_103187,comparison,86.35240128739724,1522.2635018189962,82.28731654803028,1521.3030315375167,4.177010545813777,675718.9896697998,1574.538587921034,84464.87370872498,196.81732349012924,ok,29
light_V0399_V_8s_2026_05_20-0049_flat_0p3_late_bias_cal.fits,2461181.698254977,13.238499909639359,target,target,1947.520528918169,639.4503419859393,1947.520528918169,639.4503419859393,0.0,1883957.6115722656,4289.3694307347505,235494.7014465332,536.1711788418438,ok,29
light_V0399_V_8s_2026_05_20-0049_flat_0p3_late_bias_cal.fits,2461181.698254977,13.238499909639359,DN_UMa,check,1872.7808178941575,693.9565297383278,1872.7808178941575,693.9565297383278,0.0,2689122.2165527344,7665.590391387434,336140.2770690918,958.1987989234292,ok,29
light_V0399_V_8s_2026_05_20-0049_flat_0p3_late_bias_cal.fits,2461181.698254977,13.238499909639359,gaia_774272862760870784_src1,comparison,618.4908567396808,265.32329023182785,616.6635959076011,262.67013289923324,3.221509891332492,29245.245147705078,185.21254999378087,3655.6556434631348,23.15156874922261,ok,29
light_V0399_V_8s_2026_05_20-0049_flat_0p3_late_bias_cal.fits,2461181.698254977,13.238499909639359,gaia_774271076054448768_src2,comparison,1525.2328385371613,328.3144499357575,1525.1524068395322,327.2238204039815,1.0935913466946778,19302.323806762695,150.86498393457313,2412.790475845337,18.85812299182164,ok,29
light_V0399_V_8s_2026_05_20-0049_flat_0p3_late_bias_cal.fits,2461181.698254977,13.238499909639359,gaia_774384016513181696_src3,comparison,409.4142289952474,1262.3305515945208,406.02303836119586,1260.393124955006,3.9056108229034523,12906.597381591797,132.5115235420681,1613.3246726989746,16.56394044275851,ok,29
light_V0399_V_8s_2026_05_20-0049_flat_0p3_late_bias_cal.fits,2461181.698254977,13.238499909639359,gaia_774289041901756032_src4,comparison,2060.630595006159,1449.4424700310271,2059.155758960163,1450.7523309858166,1.9725306292809686,11965.400466918945,119.00157191867989,1495.6750583648682,14.875196489834986,ok,29
light_V0399_V_8s_2026_05_20-0049_flat_0p3_late_bias_cal.fits,2461181.698254977,13.238499909639359,gaia_774287774887292672_src5,comparison,2052.6190039493795,1087.8096318272055,2052.052584112781,1088.553034267769,0.9346007810438834,11718.586524963379,118.06098873916505,1464.8233156204224,14.757623592395632,ok,29
light_V0399_V_8s_2026_05_20-0049_flat_0p3_late_bias_cal.fits,2461181.698254977,13.238499909639359,gaia_774289488578357504_src6,comparison,959.2161522654059,1107.6430072178855,957.1426373751126,1106.8672862476799,2.2138669842347434,10284.654663085938,111.26009765494202,1285.5818328857422,13.907512206867752,ok,29
light_V0399_V_8s_2026_05_20-0049_flat_0p3_late_bias_cal.fits,2461181.698254977,13.238499909639359,gaia_774288805679445888_src7,comparison,1963.8089192651214,1358.7260569710224,1962.3354128720916,1359.8666130360693,1.8633542947638393,9425.642761230469,106.76289497266961,1178.2053451538086,13.345361871583702,ok,29
light_V0399_V_8s_2026_05_20-0049_flat_0p3_late_bias_cal.fits,2461181.698254977,13.238499909639359,gaia_774290626745586944_src8,comparison,1089.394496865198,1440.5038088038639,1087.7067071863773,1441.0789203709037,1.7830836532470606,3234.117805480957,68.46791766527524,404.26472568511963,8.558489708159405,ok,29
light_V0399_V_8s_2026_05_20-0049_flat_0p3_late_bias_cal.fits,2461181.698254977,13.238499909639359,HD_103405,comparison,1175.3345719033323,158.35866883175882,1174.8353827861959,156.33383395142477,2.0854606367143167,134140.4605369568,463.88329740220155,16767.5575671196,57.985412175275194,ok,29
light_V0399_V_8s_2026_05_20-0049_flat_0p3_late_bias_cal.fits,2461181.698254977,13.238499909639359,TYC_3452_787_1,comparison,382.2302584602174,762.6970530384652,379.4320662110347,760.0894861278715,3.8248248399906504,172232.27825927734,553.0066743488072,21529.034782409668,69.1258342936009,ok,29
light_V0399_V_8s_2026_05_20-0049_flat_0p3_late_bias_cal.fits,2461181.698254977,13.238499909639359,HD_103187,comparison,85.95061405732493,1522.0109972129849,81.25032989887814,1520.2457235171091,5.0208427969312766,643500.5287399292,1627.9894457576174,80437.56609249115,203.49868071970218,ok,29
light_V0399_V_8s_2026_05_20-0050_flat_0p3_late_bias_cal.fits,2461181.698446412,13.514166623353958,target,target,1947.7027703701167,639.7312551254971,1947.7027703701167,639.7312551254971,0.0,1634677.7655944824,5065.519984758976,204334.7206993103,633.189998094872,ok,25
light_V0399_V_8s_2026_05_20-0050_flat_0p3_late_bias_cal.fits,2461181.698446412,13.514166623353958,DN_UMa,check,1872.950162876036,694.2487170505843,1872.950162876036,694.2487170505843,0.0,2330519.580871582,9011.881263802443,291314.94760894775,1126.4851579753054,ok,25
light_V0399_V_8s_2026_05_20-0050_flat_0p3_late_bias_cal.fits,2461181.698446412,13.514166623353958,gaia_774272862760870784_src1,comparison,618.3918945489183,265.67340774420444,616.5942003656044,262.9032722786631,3.3023256765756455,26065.93325805664,183.5368542248857,3258.24165725708,22.942106778110713,ok,25
light_V0399_V_8s_2026_05_20-0050_flat_0p3_late_bias_cal.fits,2461181.698446412,13.514166623353958,gaia_774271076054448768_src2,comparison,1525.3529871115795,328.6226686455612,1525.2516424068015,327.454036221827,1.1730185382121818,17269.15299987793,147.5568416013547,2158.644124984741,18.444605200169338,ok,25
light_V0399_V_8s_2026_05_20-0050_flat_0p3_late_bias_cal.fits,2461181.698446412,13.514166623353958,gaia_774384016513181696_src3,comparison,409.5327784678355,1262.3240314678462,405.9310763449546,1260.813740176306,3.905539395175386,11219.220664978027,125.18956420312774,1402.4025831222534,15.648695525390968,ok,25
light_V0399_V_8s_2026_05_20-0050_flat_0p3_late_bias_cal.fits,2461181.698446412,13.514166623353958,gaia_774289041901756032_src4,comparison,2060.7230378204295,1449.6807227468507,2059.3718367224155,1451.181072168678,2.0191069300191145,10425.990371704102,115.05390814090569,1303.2487964630127,14.381738517613211,ok,25
light_V0399_V_8s_2026_05_20-0050_flat_0p3_late_bias_cal.fits,2461181.698446412,13.514166623353958,gaia_774287774887292672_src5,comparison,2052.8156800907695,1088.0533675574509,2052.2614387907574,1088.9150811499876,1.0245651439521288,9880.92562866211,111.10217076227669,1235.1157035827637,13.887771345284586,ok,25
light_V0399_V_8s_2026_05_20-0050_flat_0p3_late_bias_cal.fits,2461181.698446412,13.514166623353958,gaia_774289488578357504_src6,comparison,959.4072191580681,1107.7717909636483,957.1498270352834,1107.2505855763711,2.316781010742549,9131.376693725586,107.15214931393272,1141.4220867156982,13.39401866424159,ok,25
light_V0399_V_8s_2026_05_20-0050_flat_0p3_late_bias_cal.fits,2461181.698446412,13.514166623353958,gaia_774288805679445888_src7,comparison,1963.9639580969224,1358.912341438183,1962.5321477302482,1360.2801702747392,1.9801607642387882,7841.100704193115,100.0597799478035,980.1375880241394,12.507472493475438,ok,25
light_V0399_V_8s_2026_05_20-0050_flat_0p3_late_bias_cal.fits,2461181.698446412,13.514166623353958,gaia_774290626745586944_src8,comparison,1089.390354451898,1440.5490699508962,1087.7434362840377,1441.521735993275,1.9126993181431164,2793.9920501708984,67.0951245017094,349.2490062713623,8.386890562713676,ok,25
light_V0399_V_8s_2026_05_20-0050_flat_0p3_late_bias_cal.fits,2461181.698446412,13.514166623353958,HD_103405,comparison,1175.3302610119272,158.72619713324937,1174.8672101098778,156.53824676145086,2.2364129688727004,116049.98846435547,481.78511562499455,14506.248558044434,60.22313945312432,ok,25
light_V0399_V_8s_2026_05_20-0050_flat_0p3_late_bias_cal.fits,2461181.698446412,13.514166623353958,TYC_3452_787_1,comparison,382.0993952525264,763.0499563358533,379.3270319124715,760.4182508473177,3.8225478764390073,149564.8399658203,590.2657413583225,18695.60499572754,73.78321766979032,ok,25
light_V0399_V_8s_2026_05_20-0050_flat_0p3_late_bias_cal.fits,2461181.698446412,13.514166623353958,HD_103187,comparison,85.89039629992968,1522.164672617371,81.10270328361389,1520.719572283505,5.001031832873975,574298.8050384521,1947.89478383968,71787.35062980652,243.48684797996,ok,25
light_V0399_V_8s_2026_05_20-0051_flat_0p3_late_bias_cal.fits,2461181.698638773,13.79116639494896,target,target,1948.0829378398525,640.2166789551022,1948.0829378398525,640.2166789551022,0.0,1889077.067993164,4052.8813473957953,236134.6334991455,506.6101684244744,ok,29
light_V0399_V_8s_2026_05_20-0051_flat_0p3_late_bias_cal.fits,2461181.698638773,13.79116639494896,DN_UMa,check,1873.3406078302191,694.7470259650913,1873.3406078302191,694.7470259650913,0.0,2772767.342651367,7179.21187949308,346595.9178314209,897.401484936635,ok,29
light_V0399_V_8s_2026_05_20-0051_flat_0p3_late_bias_cal.fits,2461181.698638773,13.79116639494896,gaia_774272862760870784_src1,comparison,619.1023152573463,266.04675737759453,616.917534406834,263.6284987987347,3.2590246883069813,28662.963165283203,182.6150325160057,3582.8703956604004,22.826879064500712,ok,29
light_V0399_V_8s_2026_05_20-0051_flat_0p3_late_bias_cal.fits,2461181.698638773,13.79116639494896,gaia_774271076054448768_src2,comparison,1525.8340438481125,329.04221820066664,1525.579479563499,328.0170470046776,1.056304386096362,19356.048225402832,150.45211523588358,2419.506028175354,18.806514404485448,ok,29
light_V0399_V_8s_2026_05_20-0051_flat_0p3_late_bias_cal.fits,2461181.698638773,13.79116639494896,gaia_774384016513181696_src3,comparison,410.07216397769884,1263.0520455078863,406.4336343002267,1261.568788209095,3.929242984120924,12622.82398223877,129.3157597655634,1577.8529977798462,16.164469970695425,ok,29
light_V0399_V_8s_2026_05_20-0051_flat_0p3_late_bias_cal.fits,2461181.698638773,13.79116639494896,gaia_774289041901756032_src4,comparison,2061.073855316339,1450.3760635092706,2059.8955645682986,1451.6403834518435,1.7282575051495077,12203.065826416016,120.12979531481926,1525.383228302002,15.016224414352408,ok,29
light_V0399_V_8s_2026_05_20-0051_flat_0p3_late_bias_cal.fits,2461181.698638773,13.79116639494896,gaia_774287774887292672_src5,comparison,2053.1130121513684,1088.659973618693,2052.7207465348056,1089.3784428700628,0.8185782669369124,11819.394012451172,116.98510860911408,1477.4242515563965,14.62313857613926,ok,29
light_V0399_V_8s_2026_05_20-0051_flat_0p3_late_bias_cal.fits,2461181.698638773,13.79116639494896,gaia_774289488578357504_src6,comparison,959.7198572626606,1108.519895934775,957.6208168402206,1107.9087102623246,2.1862110193770565,10530.261337280273,111.731583485655,1316.2826671600342,13.966447935706874,ok,29
light_V0399_V_8s_2026_05_20-0051_flat_0p3_late_bias_cal.fits,2461181.698638773,13.79116639494896,gaia_774288805679445888_src7,comparison,1964.2757504807698,1359.667511196096,1963.0404418335847,1360.7574155376456,1.6473854823746543,9662.808166503906,108.1045335945271,1207.8510208129883,13.513066699315887,ok,29
light_V0399_V_8s_2026_05_20-0051_flat_0p3_late_bias_cal.fits,2461181.698638773,13.79116639494896,gaia_774290626745586944_src8,comparison,1089.893832011356,1441.3479089032278,1088.2729144834034,1442.1540483692534,1.8103133626827628,3336.932029724121,69.34946083063666,417.11650371551514,8.668682603829582,ok,29
light_V0399_V_8s_2026_05_20-0051_flat_0p3_late_bias_cal.fits,2461181.698638773,13.79116639494896,HD_103405,comparison,1175.9170082944636,159.08974928032322,1175.1673219192521,157.16493160356066,2.0656603665548023,130344.4867553711,445.0372984253691,16293.060844421387,55.62966230317114,ok,29
light_V0399_V_8s_2026_05_20-0051_flat_0p3_late_bias_cal.fits,2461181.698638773,13.79116639494896,TYC_3452_787_1,comparison,382.83270365412596,763.4455703058036,379.74073584700955,761.1818806080162,3.832043315010046,176477.68452453613,537.3114054352594,22059.710565567017,67.16392567940743,ok,29
light_V0399_V_8s_2026_05_20-0051_flat_0p3_late_bias_cal.fits,2461181.698638773,13.79116639494896,HD_103187,comparison,86.69860335058375,1522.6340201536157,81.65401546864564,1521.5304340199586,5.1638909025072275,681475.5250244141,1535.4638355529796,85184.44062805176,191.93297944412245,ok,29
light_V0399_V_8s_2026_05_20-0052_flat_0p3_late_bias_cal.fits,2461181.6988304397,14.06716637313366,target,target,1948.8117696027325,639.8399658292915,1948.8117696027325,639.8399658292915,0.0,1828820.4206542969,4393.515238185545,228602.5525817871,549.1894047731931,ok,28
light_V0399_V_8s_2026_05_20-0052_flat_0p3_late_bias_cal.fits,2461181.6988304397,14.06716637313366,DN_UMa,check,1874.0590319876144,694.3972659157049,1874.0590319876144,694.3972659157049,0.0,2652370.72366333,7761.747344571984,331546.34045791626,970.218418071498,ok,28
light_V0399_V_8s_2026_05_20-0052_flat_0p3_late_bias_cal.fits,2461181.6988304397,14.06716637313366,gaia_774272862760870784_src1,comparison,619.7788813570411,265.54584733552764,617.2331735778955,263.377926859957,3.3437265565833636,28626.631622314453,185.8340350648479,3578.3289527893066,23.22925438310599,ok,28
light_V0399_V_8s_2026_05_20-0052_flat_0p3_late_bias_cal.fits,2461181.6988304397,14.06716637313366,gaia_774271076054448768_src2,comparison,1526.5258088847704,328.7164285895121,1526.1445965713501,327.6297788827403,1.1515773587260285,19311.136672973633,150.71068241617112,2413.892084121704,18.83883530202139,ok,28
light_V0399_V_8s_2026_05_20-0052_flat_0p3_late_bias_cal.fits,2461181.6988304397,14.06716637313366,gaia_774384016513181696_src3,comparison,410.68957763569995,1262.3232640176875,406.86270032512994,1261.6158329377736,3.89171539079925,12920.356239318848,131.78509798099535,1615.044529914856,16.473137247624418,ok,28
light_V0399_V_8s_2026_05_20-0052_flat_0p3_late_bias_cal.fits,2461181.6988304397,14.06716637313366,gaia_774289041901756032_src4,comparison,2061.827741292631,1449.898160646739,2060.7909213629546,1451.4578300651076,1.8728492361021762,11513.958015441895,116.9835391178771,1439.2447519302368,14.622942389734638,ok,28
light_V0399_V_8s_2026_05_20-0052_flat_0p3_late_bias_cal.fits,2461181.6988304397,14.06716637313366,gaia_774287774887292672_src5,comparison,2053.890755393562,1088.230410597806,2053.5529814769384,1089.1019808178896,0.9347330460018182,11360.721817016602,117.34271357029448,1420.0902271270752,14.66783919628681,ok,28
light_V0399_V_8s_2026_05_20-0052_flat_0p3_late_bias_cal.fits,2461181.6988304397,14.06716637313366,gaia_774289488578357504_src6,comparison,960.4536718237651,1107.9121339720673,958.1686365487302,1107.8222330075696,2.2868030941844633,10044.960327148438,110.9319215230323,1255.6200408935547,13.866490190379038,ok,28
light_V0399_V_8s_2026_05_20-0052_flat_0p3_late_bias_cal.fits,2461181.6988304397,14.06716637313366,gaia_774288805679445888_src7,comparison,1965.0099372144753,1359.0702222694533,1963.8950035899677,1360.5673711060972,1.866690018755568,8734.250099182129,103.64945685784353,1091.781262397766,12.956182107230442,ok,28
light_V0399_V_8s_2026_05_20-0052_flat_0p3_late_bias_cal.fits,2461181.6988304397,14.06716637313366,gaia_774290626745586944_src8,comparison,1090.490175173144,1440.6201204780548,1088.9115422766276,1442.1332502819996,2.186696967014379,3112.0202560424805,69.24895740420644,389.00253200531006,8.656119675525805,ok,28
light_V0399_V_8s_2026_05_20-0052_flat_0p3_late_bias_cal.fits,2461181.6988304397,14.06716637313366,HD_103405,comparison,1176.625964090679,158.84286823017473,1175.6115474975277,156.79203649683768,2.2880017095541896,128852.53631210327,457.93211546876415,16106.567039012909,57.24151443359552,ok,28
light_V0399_V_8s_2026_05_20-0052_flat_0p3_late_bias_cal.fits,2461181.6988304397,14.06716637313366,TYC_3452_787_1,comparison,383.4119076765667,762.9193345362185,380.078205942973,761.1020476814143,3.7968537977132777,169798.51671218872,561.6694199609232,21224.81458902359,70.2086774951154,ok,28
light_V0399_V_8s_2026_05_20-0052_flat_0p3_late_bias_cal.fits,2461181.6988304397,14.06716637313366,HD_103187,comparison,87.09183972289749,1522.0914101605715,82.04174670085354,1521.7006403833861,5.065189093218389,635609.1761932373,1640.6331125397269,79451.14702415466,205.07913906746586,ok,28
light_V0399_V_8s_2026_05_20-0053_flat_0p3_late_bias_cal.fits,2461181.6990222223,14.343333318829536,target,target,1948.3261227554208,640.0639000798832,1948.3261227554208,640.0639000798832,0.0,1835226.1204223633,4311.043154670339,229403.2650527954,538.8803943337924,ok,27
light_V0399_V_8s_2026_05_20-0053_flat_0p3_late_bias_cal.fits,2461181.6990222223,14.343333318829536,DN_UMa,check,1873.5912434365262,694.6252647483851,1873.5912434365262,694.6252647483851,0.0,2716994.2783203125,7403.8127073052865,339624.28479003906,925.4765884131608,ok,27
light_V0399_V_8s_2026_05_20-0053_flat_0p3_late_bias_cal.fits,2461181.6990222223,14.343333318829536,gaia_774272862760870784_src1,comparison,619.1547183408071,265.46871913728774,616.8644221796883,263.84951466553326,2.804867131788112,28510.613655090332,184.4919584279887,3563.8267068862915,23.061494803498586,ok,27
light_V0399_V_8s_2026_05_20-0053_flat_0p3_late_bias_cal.fits,2461181.6990222223,14.343333318829536,gaia_774271076054448768_src2,comparison,1525.981444666511,328.7323779730998,1525.6672942807604,327.9573717304054,0.8362566239393926,18881.05909729004,149.42531694309847,2360.132387161255,18.678164617887308,ok,27
light_V0399_V_8s_2026_05_20-0053_flat_0p3_late_bias_cal.fits,2461181.6990222223,14.343333318829536,gaia_774384016513181696_src3,comparison,410.0849666943021,1262.5434127471103,406.67026712988854,1261.9890656155594,3.4594036852418695,12868.117156982422,132.92823455478333,1608.5146446228027,16.616029319347916,ok,27
light_V0399_V_8s_2026_05_20-0053_flat_0p3_late_bias_cal.fits,2461181.6990222223,14.343333318829536,gaia_774289041901756032_src4,comparison,2061.43834188398,1450.2122401294296,2060.411843256733,1451.5595593209619,1.6938029506441519,12024.775634765625,119.70722070060954,1503.0969543457031,14.963402587576192,ok,27
light_V0399_V_8s_2026_05_20-0053_flat_0p3_late_bias_cal.fits,2461181.6990222223,14.343333318829536,gaia_774287774887292672_src5,comparison,2053.490717690617,1088.4818947468302,2053.1207671203597,1089.2518890040908,0.8542567416462861,11604.47380065918,118.34326977349494,1450.5592250823975,14.792908721686867,ok,27
light_V0399_V_8s_2026_05_20-0053_flat_0p3_late_bias_cal.fits,2461181.6990222223,14.343333318829536,gaia_774289488578357504_src6,comparison,959.9842730555803,1108.0176328150549,957.8815932425348,1108.1331802235527,2.105852226486834,9675.77900314331,108.05340725652104,1209.4723753929138,13.50667590706513,ok,27
light_V0399_V_8s_2026_05_20-0053_flat_0p3_late_bias_cal.fits,2461181.6990222223,14.343333318829536,gaia_774288805679445888_src7,comparison,1964.6202530179526,1359.4169465483062,1963.5149556944668,1360.6953747316907,1.6899884003674044,9229.092933654785,105.84517307378343,1153.6366167068481,13.230646634222929,ok,27
light_V0399_V_8s_2026_05_20-0053_flat_0p3_late_bias_cal.fits,2461181.6990222223,14.343333318829536,gaia_774290626745586944_src8,comparison,1090.2424049813624,1441.239628984192,1088.6573967950412,1442.3812322593722,1.9533327900301882,3141.75825881958,69.77986000537493,392.7197823524475,8.722482500671866,ok,27
light_V0399_V_8s_2026_05_20-0053_flat_0p3_late_bias_cal.fits,2461181.6990222223,14.343333318829536,HD_103405,comparison,1176.0557500322213,158.6087464872362,1175.1543118721313,157.19414734363937,1.6774031994518792,128737.77763366699,458.7410320122436,16092.222204208374,57.34262900153045,ok,27
light_V0399_V_8s_2026_05_20-0053_flat_0p3_late_bias_cal.fits,2461181.6990222223,14.343333318829536,TYC_3452_787_1,comparison,382.8749863368932,762.7528473097743,379.81455881828197,761.544334037534,3.2903982928900692,169126.66110229492,555.1623754238102,21140.832637786865,69.39529692797628,ok,27
light_V0399_V_8s_2026_05_20-0053_flat_0p3_late_bias_cal.fits,2461181.6990222223,14.343333318829536,HD_103187,comparison,86.51827499308645,1522.1420349821553,81.93034787720376,1522.0885428439612,4.588238946425987,651065.3229751587,1629.2163442060962,81383.16537189484,203.65204302576203,ok,27
light_V0399_V_8s_2026_05_20-0054_flat_0p3_late_bias_cal.fits,2461181.699213773,14.61916632950306,target,target,1949.4084192389519,640.6528432077589,1949.4084192389519,640.6528432077589,0.0,1914763.4716339111,4246.149705776726,239345.4339542389,530.7687132220907,ok,29
light_V0399_V_8s_2026_05_20-0054_flat_0p3_late_bias_cal.fits,2461181.699213773,14.61916632950306,DN_UMa,check,1874.7025050324503,695.2096331958315,1874.7025050324503,695.2096331958315,0.0,2718443.397338867,7418.591502291537,339805.4246673584,927.3239377864421,saturated,29
light_V0399_V_8s_2026_05_20-0054_flat_0p3_late_bias_cal.fits,2461181.699213773,14.61916632950306,gaia_774272862760870784_src1,comparison,620.5465490321973,266.2701254406787,618.267734677798,264.73712893883265,2.7464655716918305,29410.774238586426,186.25623150039698,3676.346779823303,23.282028937549622,ok,29
light_V0399_V_8s_2026_05_20-0054_flat_0p3_late_bias_cal.fits,2461181.699213773,14.61916632950306,gaia_774271076054448768_src2,comparison,1527.169212221523,329.50664037123164,1526.823623589754,328.6954554428438,0.8817326638224344,19506.666217803955,151.05003160749686,2438.3332772254944,18.881253950937108,ok,29
light_V0399_V_8s_2026_05_20-0054_flat_0p3_late_bias_cal.fits,2461181.699213773,14.61916632950306,gaia_774384016513181696_src3,comparison,411.5235538576174,1263.3331948303671,408.2772244178882,1262.6256370305355,3.3225431331068016,12903.399436950684,132.7260047573892,1612.9249296188354,16.59075059467365,ok,29
light_V0399_V_8s_2026_05_20-0054_flat_0p3_late_bias_cal.fits,2461181.699213773,14.61916632950306,gaia_774289041901756032_src4,comparison,2062.472145557909,1450.7114194322983,2061.5799137916206,1451.9034715142038,1.4889814272680322,12164.737243652344,120.09828614078954,1520.592155456543,15.012285767598692,ok,29
light_V0399_V_8s_2026_05_20-0054_flat_0p3_late_bias_cal.fits,2461181.699213773,14.61916632950306,gaia_774287774887292672_src5,comparison,2054.5193578951776,1089.0761886037187,2054.238487450539,1089.6990160849243,0.6832293011985592,11874.512268066406,119.80156040979648,1484.3140335083008,14.97519505122456,ok,29
light_V0399_V_8s_2026_05_20-0054_flat_0p3_late_bias_cal.fits,2461181.699213773,14.61916632950306,gaia_774289488578357504_src6,comparison,961.3732507080191,1108.7717571132684,959.3108703830943,1108.7334044514469,2.0627369030745726,10293.365585327148,111.16138186328541,1286.6706981658936,13.895172732910677,ok,29
light_V0399_V_8s_2026_05_20-0054_flat_0p3_late_bias_cal.fits,2461181.699213773,14.61916632950306,gaia_774288805679445888_src7,comparison,1965.6453602915708,1359.9729341962545,1964.6972052738215,1361.0789236657251,1.4567809184167126,9215.868579864502,105.8831857889785,1151.9835724830627,13.235398223622312,ok,29
light_V0399_V_8s_2026_05_20-0054_flat_0p3_late_bias_cal.fits,2461181.699213773,14.61916632950306,gaia_774290626745586944_src8,comparison,1091.2181707832206,1441.4370939381029,1090.0981463341227,1442.8682921222085,1.8173560489799765,3396.8805236816406,70.47186831029778,424.6100654602051,8.808983538787222,ok,29
light_V0399_V_8s_2026_05_20-0054_flat_0p3_late_bias_cal.fits,2461181.699213773,14.61916632950306,HD_103405,comparison,1177.3401347646334,159.58650810867894,1176.3847756027944,158.03108137053135,1.8253940576911198,132962.33239746094,462.8631533632363,16620.291549682617,57.857894170404535,ok,29
light_V0399_V_8s_2026_05_20-0054_flat_0p3_late_bias_cal.fits,2461181.699213773,14.61916632950306,TYC_3452_787_1,comparison,384.29513464982523,763.7482530834848,381.3567016938691,762.325900920768,3.2645786728816706,174332.20709228516,553.1454671861113,21791.525886535645,69.14318339826391,ok,29
light_V0399_V_8s_2026_05_20-0054_flat_0p3_late_bias_cal.fits,2461181.699213773,14.61916632950306,HD_103187,comparison,87.97075198859255,1523.0702844994182,83.6664945650009,1522.6987458214844,4.320263065803359,649229.5914611816,1592.0929398400415,81153.6989326477,199.01161748000519,ok,29
light_V0399_V_8s_2026_05_20-0055_flat_0p3_late_bias_cal.fits,2461181.699405208,14.894833043217659,target,target,1949.3600853592666,640.7534045837422,1949.3600853592666,640.7534045837422,0.0,1941990.305343628,3972.773464776631,242748.7881679535,496.5966830970789,ok,30
light_V0399_V_8s_2026_05_20-0055_flat_0p3_late_bias_cal.fits,2461181.699405208,14.894833043217659,DN_UMa,check,1874.5701990252455,695.3374871939459,1874.5701990252455,695.3374871939459,0.0,2823098.6060180664,7516.194535061928,352887.3257522583,939.524316882741,saturated,30
light_V0399_V_8s_2026_05_20-0055_flat_0p3_late_bias_cal.fits,2461181.699405208,14.894833043217659,gaia_774272862760870784_src1,comparison,620.384138417593,266.62213202832396,617.1236384664201,264.1012372698396,4.1213796615881915,31153.762664794922,189.709963046255,3894.2203330993652,23.713745380781877,ok,30
light_V0399_V_8s_2026_05_20-0055_flat_0p3_late_bias_cal.fits,2461181.699405208,14.894833043217659,gaia_774271076054448768_src2,comparison,1527.0998492428769,329.69345695878815,1526.4846535861163,328.38750227614844,1.4436008205891286,19976.89626312256,152.57408847922667,2497.11203289032,19.071761059903334,ok,30
light_V0399_V_8s_2026_05_20-0055_flat_0p3_late_bias_cal.fits,2461181.699405208,14.894833043217659,gaia_774384016513181696_src3,comparison,411.37201303960603,1263.4576628956847,406.6461877782765,1262.8325180748975,4.7669938585630085,13676.994041442871,134.86737679842767,1709.624255180359,16.85842209980346,ok,30
light_V0399_V_8s_2026_05_20-0055_flat_0p3_late_bias_cal.fits,2461181.699405208,14.894833043217659,gaia_774289041901756032_src4,comparison,2062.5462794995883,1450.775241416016,2061.392312724848,1452.7732225444188,2.3072858311571154,12715.49169921875,121.88854253079496,1589.4364624023438,15.23606781634937,ok,30
light_V0399_V_8s_2026_05_20-0055_flat_0p3_late_bias_cal.fits,2461181.699405208,14.894833043217659,gaia_774287774887292672_src5,comparison,2054.590315308671,1089.1537792003442,2054.1518347592046,1090.2380397170687,1.1695666122064612,12039.001686096191,119.02603744316637,1504.875210762024,14.878254680395797,ok,30
light_V0399_V_8s_2026_05_20-0055_flat_0p3_late_bias_cal.fits,2461181.699405208,14.894833043217659,gaia_774289488578357504_src6,comparison,961.107787927789,1108.9332284348734,958.2253821237717,1108.9644008174896,2.882574359226544,10576.848815917969,111.71272172257055,1322.106101989746,13.964090215321319,ok,30
light_V0399_V_8s_2026_05_20-0055_flat_0p3_late_bias_cal.fits,2461181.699405208,14.894833043217659,gaia_774288805679445888_src7,comparison,1965.680486710974,1360.0468716189832,1964.448707531871,1361.8375071322191,2.1733972226294664,9537.19896697998,106.1637236944577,1192.1498708724976,13.270465461807213,ok,30
light_V0399_V_8s_2026_05_20-0055_flat_0p3_late_bias_cal.fits,2461181.699405208,14.894833043217659,gaia_774290626745586944_src8,comparison,1091.005817118632,1441.7695910631312,1089.0320234575765,1443.4412293250184,2.586549032016959,3370.844078063965,69.8713913332151,421.3555097579956,8.733923916651888,ok,30
light_V0399_V_8s_2026_05_20-0055_flat_0p3_late_bias_cal.fits,2461181.699405208,14.894833043217659,HD_103405,comparison,1177.27344271189,159.77490800755842,1175.778634357552,157.46421080688015,2.7520489765666496,138288.23404693604,449.38599106632665,17286.029255867004,56.17324888329083,ok,30
light_V0399_V_8s_2026_05_20-0055_flat_0p3_late_bias_cal.fits,2461181.699405208,14.894833043217659,TYC_3452_787_1,comparison,384.19312831300726,764.0339403365049,379.8498805666886,762.0709751279369,4.76623891511434,181173.6542816162,544.7109847888639,22646.706785202026,68.08887309860799,ok,30
light_V0399_V_8s_2026_05_20-0055_flat_0p3_late_bias_cal.fits,2461181.699405208,14.894833043217659,HD_103187,comparison,88.00070872101327,1523.2196446925245,81.66374658143741,1523.04509363535,6.339365680411457,695005.531036377,1507.8958933884815,86875.69137954712,188.48698667356018,ok,30
light_V0399_V_8s_2026_05_20-0056_flat_0p3_late_bias_cal.fits,2461181.699596991,15.170999988913536,target,target,1949.8425662523614,641.5434502775605,1949.8425662523614,641.5434502775605,0.0,1960555.0212097168,3812.196425912396,245069.3776512146,476.5245532390495,ok,30
light_V0399_V_8s_2026_05_20-0056_flat_0p3_late_bias_cal.fits,2461181.699596991,15.170999988913536,DN_UMa,check,1875.161965793206,696.045068414806,1875.161965793206,696.045068414806,0.0,2811862.2822265625,6979.751554503615,351482.7852783203,872.4689443129519,saturated,30
light_V0399_V_8s_2026_05_20-0056_flat_0p3_late_bias_cal.fits,2461181.699596991,15.170999988913536,gaia_774272862760870784_src1,comparison,620.9176653403249,267.25695955595984,619.584657335233,265.41671851940544,2.272311029383484,30105.24501800537,187.28624053783952,3763.1556272506714,23.41078006722994,ok,30
light_V0399_V_8s_2026_05_20-0056_flat_0p3_late_bias_cal.fits,2461181.699596991,15.170999988913536,gaia_774271076054448768_src2,comparison,1527.5661244527516,330.375883805972,1527.59970591921,329.62939132336555,0.7472474432726192,20112.380661010742,152.8643917338494,2514.047582626343,19.108048966731175,ok,30
light_V0399_V_8s_2026_05_20-0056_flat_0p3_late_bias_cal.fits,2461181.699596991,15.170999988913536,gaia_774384016513181696_src3,comparison,412.0627149621237,1264.3384256862957,409.39482776380305,1262.6664540988281,3.1485093444775294,13378.897201538086,134.802643758693,1672.3621501922607,16.850330469836624,ok,30
light_V0399_V_8s_2026_05_20-0056_flat_0p3_late_bias_cal.fits,2461181.699596991,15.170999988913536,gaia_774289041901756032_src4,comparison,2063.029425944765,1451.485420620092,2061.69000305444,1452.365375777032,1.602614974768641,12774.945220947266,123.15321532595026,1596.8681526184082,15.394151915743782,ok,30
light_V0399_V_8s_2026_05_20-0056_flat_0p3_late_bias_cal.fits,2461181.699596991,15.170999988913536,gaia_774287774887292672_src5,comparison,2055.0793754830247,1089.796936095957,2054.468782166429,1090.3660143595823,0.834670155452,12265.953514099121,120.06737557982487,1533.2441892623901,15.008421947478109,ok,30
light_V0399_V_8s_2026_05_20-0056_flat_0p3_late_bias_cal.fits,2461181.699596991,15.170999988913536,gaia_774289488578357504_src6,comparison,961.7778684706178,1109.645529457031,960.1621665040391,1109.038836016128,1.7258533471998996,10752.788436889648,113.23488133405449,1344.098554611206,14.154360166756812,ok,30
light_V0399_V_8s_2026_05_20-0056_flat_0p3_late_bias_cal.fits,2461181.699596991,15.170999988913536,gaia_774288805679445888_src7,comparison,1966.3389718426608,1360.7792495397002,1964.8918698996272,1361.5618178548298,1.6451495984792608,9888.122245788574,108.8271100643335,1236.0152807235718,13.603388758041687,ok,30
light_V0399_V_8s_2026_05_20-0056_flat_0p3_late_bias_cal.fits,2461181.699596991,15.170999988913536,gaia_774290626745586944_src8,comparison,1091.6736404143194,1442.6527570369167,1090.7675255667805,1443.0242411240242,0.9793081965880683,3495.0525856018066,71.6145269492833,436.88157320022583,8.951815868660413,ok,30
light_V0399_V_8s_2026_05_20-0056_flat_0p3_late_bias_cal.fits,2461181.699596991,15.170999988913536,HD_103405,comparison,1177.7864059270048,160.38604216730425,1177.4162221612892,158.95052907570232,1.4824755837989207,138868.84930419922,452.0956059063479,17358.606163024902,56.511950738293486,ok,30
light_V0399_V_8s_2026_05_20-0056_flat_0p3_late_bias_cal.fits,2461181.699596991,15.170999988913536,TYC_3452_787_1,comparison,384.7823409565978,764.7994360802312,382.64995087323246,762.6446327849854,3.0315449376245205,181871.81498718262,542.213687555528,22733.976873397827,67.776710944441,ok,30
light_V0399_V_8s_2026_05_20-0056_flat_0p3_late_bias_cal.fits,2461181.699596991,15.170999988913536,HD_103187,comparison,88.61689281981364,1523.9202641031181,84.88672019703222,1522.4866504206543,3.996177672013039,688723.6393737793,1515.172191006984,86090.45492172241,189.396523875873,ok,30
light_V0399_V_8s_2026_05_20-0057_flat_0p3_late_bias_cal.fits,2461181.699788773,15.44716626405716,target,target,1951.3971631378943,641.1826451511607,1951.3971631378943,641.1826451511607,0.0,2023948.7044677734,3735.100119770483,252993.58805847168,466.8875149713104,ok,31
light_V0399_V_8s_2026_05_20-0057_flat_0p3_late_bias_cal.fits,2461181.699788773,15.44716626405716,DN_UMa,check,1876.6772905166765,695.7344626530619,1876.6772905166765,695.7344626530619,0.0,2953770.2763671875,6750.34767798441,369221.28454589844,843.7934597480513,saturated,31
light_V0399_V_8s_2026_05_20-0057_flat_0p3_late_bias_cal.fits,2461181.699788773,15.44716626405716,gaia_774272862760870784_src1,comparison,622.3921859449815,267.05511645855097,620.1862408648137,265.05679744969495,2.976486613084591,31036.09683227539,188.078024772561,3879.512104034424,23.509753096570126,ok,31
light_V0399_V_8s_2026_05_20-0057_flat_0p3_late_bias_cal.fits,2461181.699788773,15.44716626405716,gaia_774271076054448768_src2,comparison,1529.100870511722,330.07558299091033,1528.8155724904514,329.1411827436434,0.9769845357186568,20650.708518981934,153.46018112050078,2581.3385648727417,19.182522640062597,ok,31
light_V0399_V_8s_2026_05_20-0057_flat_0p3_late_bias_cal.fits,2461181.699788773,15.44716626405716,gaia_774384016513181696_src3,comparison,413.48918353291856,1263.9881794287453,410.0446786726909,1263.0074673961094,3.58139774712175,13831.373413085938,135.84792538530044,1728.9216766357422,16.980990673162555,ok,31
light_V0399_V_8s_2026_05_20-0057_flat_0p3_late_bias_cal.fits,2461181.699788773,15.44716626405716,gaia_774289041901756032_src4,comparison,2064.5755466305714,1451.073066672633,2063.4713610692656,1452.5212631790262,1.821125716397711,12944.862503051758,121.76183305605198,1618.1078128814697,15.220229132006498,ok,31
light_V0399_V_8s_2026_05_20-0057_flat_0p3_late_bias_cal.fits,2461181.699788773,15.44716626405716,gaia_774287774887292672_src5,comparison,2056.5742639056093,1089.4951270936056,2056.177228665548,1090.2831812322197,0.882420708753826,12732.15885925293,121.77884294757459,1591.5198574066162,15.222355368446824,ok,31
light_V0399_V_8s_2026_05_20-0057_flat_0p3_late_bias_cal.fits,2461181.699788773,15.44716626405716,gaia_774289488578357504_src6,comparison,963.0971488947699,1109.4014918736482,961.1483783358715,1109.1743174280273,1.9619671047121365,11132.96859741211,114.78080174826522,1391.6210746765137,14.347600218533152,ok,31
light_V0399_V_8s_2026_05_20-0057_flat_0p3_late_bias_cal.fits,2461181.699788773,15.44716626405716,gaia_774288805679445888_src7,comparison,1967.7112366202143,1360.3084571192874,1966.591943251921,1361.6756997978857,1.7669663795573696,10217.522354125977,110.22121550809358,1277.190294265747,13.777651938511697,ok,31
light_V0399_V_8s_2026_05_20-0057_flat_0p3_late_bias_cal.fits,2461181.699788773,15.44716626405716,gaia_774290626745586944_src8,comparison,1093.0594377089244,1442.234604946588,1091.903206005938,1443.3566452143677,1.6111629692585507,3537.0072631835938,71.0021047472423,442.1259078979492,8.875263093405287,ok,31
light_V0399_V_8s_2026_05_20-0057_flat_0p3_late_bias_cal.fits,2461181.699788773,15.44716626405716,HD_103405,comparison,1179.1682571522915,160.19377548723585,1178.367726648507,158.4150243993637,1.9505908130861203,143173.97608184814,449.6219002984433,17896.747010231018,56.20273753730541,ok,31
light_V0399_V_8s_2026_05_20-0057_flat_0p3_late_bias_cal.fits,2461181.699788773,15.44716626405716,TYC_3452_787_1,comparison,386.14485017685803,764.501126825809,383.1879685238339,762.6590625309576,3.48372644970256,188473.73907470703,539.6944109243251,23559.21738433838,67.46180136554064,ok,31
light_V0399_V_8s_2026_05_20-0057_flat_0p3_late_bias_cal.fits,2461181.699788773,15.44716626405716,HD_103187,comparison,89.99793323105246,1523.6429809579981,85.3702499335036,1523.0610446568694,4.664129346510884,702171.1600952148,1486.6323587566333,87771.39501190186,185.82904484457916,ok,31
light_V0399_V_8s_2026_05_20-0058_flat_0p3_late_bias_cal.fits,2461181.6999804396,15.72316624224186,target,target,1951.6610922203288,640.8205391313983,1951.6610922203288,640.8205391313983,0.0,1781864.5676269531,4821.718785421526,222733.07095336914,602.7148481776908,ok,27
light_V0399_V_8s_2026_05_20-0058_flat_0p3_late_bias_cal.fits,2461181.6999804396,15.72316624224186,DN_UMa,check,1876.9788282249835,695.3003107966098,1876.9788282249835,695.3003107966098,0.0,2561257.8085632324,8337.132925051892,320157.22607040405,1042.1416156314865,ok,27
light_V0399_V_8s_2026_05_20-0058_flat_0p3_late_bias_cal.fits,2461181.6999804396,15.72316624224186,gaia_774272862760870784_src1,comparison,622.5736174288958,266.73373634234343,621.6449334300471,264.4727142187175,2.444314835131409,27750.010147094727,185.1456055592802,3468.751268386841,23.143200694910025,ok,27
light_V0399_V_8s_2026_05_20-0058_flat_0p3_late_bias_cal.fits,2461181.6999804396,15.72316624224186,gaia_774271076054448768_src2,comparison,1529.3684229486125,329.7398572336118,1529.5337569564579,328.86032235398534,0.8949396284832626,18562.391174316406,149.85309935969414,2320.298896789551,18.731637419961768,ok,27
light_V0399_V_8s_2026_05_20-0058_flat_0p3_late_bias_cal.fits,2461181.6999804396,15.72316624224186,gaia_774384016513181696_src3,comparison,413.69336002727033,1263.5398599854086,411.28040221314563,1261.5556800145425,3.1239935290476426,11877.921417236328,128.79655761415222,1484.740177154541,16.099569701769028,ok,27
light_V0399_V_8s_2026_05_20-0058_flat_0p3_late_bias_cal.fits,2461181.6999804396,15.72316624224186,gaia_774289041901756032_src4,comparison,2064.8500795100367,1450.712458347294,2063.33121020349,1451.5638383342912,1.7412098818432606,11358.089065551758,117.79977444931679,1419.7611331939697,14.724971806164598,ok,27
light_V0399_V_8s_2026_05_20-0058_flat_0p3_late_bias_cal.fits,2461181.6999804396,15.72316624224186,gaia_774287774887292672_src5,comparison,2056.8298371514356,1089.0838865834282,2056.1838258476987,1089.608186437452,0.8319981619482999,11029.967811584473,116.46178784288038,1378.745976448059,14.557723480360048,ok,27
light_V0399_V_8s_2026_05_20-0058_flat_0p3_late_bias_cal.fits,2461181.6999804396,15.72316624224186,gaia_774289488578357504_src6,comparison,963.5022951758258,1108.8472540394605,962.0099779461628,1108.0581976444862,1.6880819613984142,9707.741966247559,108.95765474836115,1213.4677457809448,13.619706843545144,ok,27
light_V0399_V_8s_2026_05_20-0058_flat_0p3_late_bias_cal.fits,2461181.6999804396,15.72316624224186,gaia_774288805679445888_src7,comparison,1968.032847770037,1359.9652616996955,1966.5634490501664,1360.7521065425335,1.6668105485202735,8578.530033111572,103.14968445850207,1072.3162541389465,12.893710557312758,ok,27
light_V0399_V_8s_2026_05_20-0058_flat_0p3_late_bias_cal.fits,2461181.6999804396,15.72316624224186,gaia_774290626745586944_src8,comparison,1093.5505237344375,1441.5480989021241,1092.5317508389999,1442.028247782362,1.1262509310416686,3113.1143226623535,68.55420217835425,389.1392903327942,8.56927527229428,ok,27
light_V0399_V_8s_2026_05_20-0058_flat_0p3_late_bias_cal.fits,2461181.6999804396,15.72316624224186,HD_103405,comparison,1179.409945923465,159.87189766383565,1179.428351809957,158.13219974336323,1.7397952842658306,125958.76651000977,473.5377224292442,15744.84581375122,59.19221530365552,ok,27
light_V0399_V_8s_2026_05_20-0058_flat_0p3_late_bias_cal.fits,2461181.6999804396,15.72316624224186,TYC_3452_787_1,comparison,386.42891525901086,764.0463279368471,384.6396064495957,761.5908548176762,3.0382518418362405,161803.34267425537,584.1028203111962,20225.41783428192,73.01285253889952,ok,27
light_V0399_V_8s_2026_05_20-0058_flat_0p3_late_bias_cal.fits,2461181.6999804396,15.72316624224186,HD_103187,comparison,90.15489780231232,1523.4775781770045,86.76043300310266,1521.2780783044232,4.044773289389497,605102.8193359375,1868.483776491638,75637.85241699219,233.56047206145476,ok,27
light_V0399_V_8s_2026_05_20-0059_flat_0p3_late_bias_cal.fits,2461181.7001721063,15.99916622042656,target,target,1952.4936387023372,641.7405584977877,1952.4936387023372,641.7405584977877,0.0,1927950.1103515625,4053.059469165818,240993.7637939453,506.63243364572725,ok,29
light_V0399_V_8s_2026_05_20-0059_flat_0p3_late_bias_cal.fits,2461181.7001721063,15.99916622042656,DN_UMa,check,1877.7579503355255,696.3204260147852,1877.7579503355255,696.3204260147852,0.0,2777032.5615844727,7278.236011990367,347129.0701980591,909.7795014987959,saturated,29
light_V0399_V_8s_2026_05_20-0059_flat_0p3_late_bias_cal.fits,2461181.7001721063,15.99916622042656,gaia_774272862760870784_src1,comparison,623.4043643743099,267.7269353304737,620.8067290131705,265.6873259775553,3.3026831186103696,29699.751205444336,186.48761833437652,3712.468900680542,23.310952291797065,ok,29
light_V0399_V_8s_2026_05_20-0059_flat_0p3_late_bias_cal.fits,2461181.7001721063,15.99916622042656,gaia_774271076054448768_src2,comparison,1530.0971049964803,330.5734871381737,1529.7331951492051,329.66110754240003,0.9822763886645767,19736.155715942383,151.58160311258354,2467.019464492798,18.947700389072942,ok,29
light_V0399_V_8s_2026_05_20-0059_flat_0p3_late_bias_cal.fits,2461181.7001721063,15.99916622042656,gaia_774384016513181696_src3,comparison,414.6111773754011,1264.708738693418,410.7423607382141,1263.984475052967,3.9360259136665303,13303.246398925781,134.36432543629556,1662.9057998657227,16.795540679536945,ok,29
light_V0399_V_8s_2026_05_20-0059_flat_0p3_late_bias_cal.fits,2461181.7001721063,15.99916622042656,gaia_774289041901756032_src4,comparison,2065.670589518275,1451.8965724700329,2064.720239714632,1453.3201044964208,1.7116098210269932,12087.372573852539,119.32749641477176,1510.9215717315674,14.91593705184647,ok,29
light_V0399_V_8s_2026_05_20-0059_flat_0p3_late_bias_cal.fits,2461181.7001721063,15.99916622042656,gaia_774287774887292672_src5,comparison,2057.700684640723,1090.1083601484445,2057.3716073833,1090.9682973165343,0.9207517441825536,11942.100051879883,118.72862258903032,1492.7625064849854,14.84107782362879,ok,29
light_V0399_V_8s_2026_05_20-0059_flat_0p3_late_bias_cal.fits,2461181.7001721063,15.99916622042656,gaia_774289488578357504_src6,comparison,964.3319058837807,1110.02820895967,961.9985158891062,1110.023183416807,2.333395406554139,10227.850608825684,110.27842234670928,1278.4813261032104,13.78480279333866,ok,29
light_V0399_V_8s_2026_05_20-0059_flat_0p3_late_bias_cal.fits,2461181.7001721063,15.99916622042656,gaia_774288805679445888_src7,comparison,1968.8735929127797,1361.2270569900631,1967.7970369887355,1362.459714169138,1.6365868075721528,9377.163047790527,107.07171714902715,1172.145380973816,13.383964643628394,ok,29
light_V0399_V_8s_2026_05_20-0059_flat_0p3_late_bias_cal.fits,2461181.7001721063,15.99916622042656,gaia_774290626745586944_src8,comparison,1094.5022697296129,1442.8640024890644,1092.8429202644547,1444.2925595296365,2.189569790093152,3358.289375305176,71.1203244160377,419.786171913147,8.890040552004713,ok,29
light_V0399_V_8s_2026_05_20-0059_flat_0p3_late_bias_cal.fits,2461181.7001721063,15.99916622042656,HD_103405,comparison,1180.2313678013486,160.75085706281246,1179.1497119081278,158.93134425669393,2.1167442743441356,134384.3843536377,453.85696605516927,16798.048044204712,56.73212075689616,ok,29
light_V0399_V_8s_2026_05_20-0059_flat_0p3_late_bias_cal.fits,2461181.7001721063,15.99916622042656,TYC_3452_787_1,comparison,387.17720409592476,765.0371319247989,383.80505422398574,763.481402764488,3.713716195276639,174295.69269180298,544.0196433886852,21786.961586475372,68.00245542358564,ok,29
light_V0399_V_8s_2026_05_20-0059_flat_0p3_late_bias_cal.fits,2461181.7001721063,15.99916622042656,HD_103187,comparison,91.07765388205819,1524.3645760646443,86.0025247473584,1524.1672278469737,5.0789646634817665,669994.8919677734,1592.044588892636,83749.36149597168,199.0055736115795,ok,29
light_V0399_V_8s_2026_05_20-0060_flat_0p3_late_bias_cal.fits,2461181.7003641203,16.275666430592537,target,target,1953.1714427970157,641.8425306060794,1953.1714427970157,641.8425306060794,0.0,1731553.745513916,4894.968208354577,216444.2181892395,611.8710260443221,ok,30
light_V0399_V_8s_2026_05_20-0060_flat_0p3_late_bias_cal.fits,2461181.7003641203,16.275666430592537,DN_UMa,check,1878.4590244785368,696.3696088530794,1878.4590244785368,696.3696088530794,0.0,2491344.031616211,8231.915119592588,311418.00395202637,1028.9893899490735,ok,30
light_V0399_V_8s_2026_05_20-0060_flat_0p3_late_bias_cal.fits,2461181.7003641203,16.275666430592537,gaia_774272862760870784_src1,comparison,623.8813388078461,267.5976968317079,622.320418437303,265.57620722205274,2.553995427779757,26271.48349380493,181.22077636994882,3283.9354367256165,22.652597046243603,ok,30
light_V0399_V_8s_2026_05_20-0060_flat_0p3_late_bias_cal.fits,2461181.7003641203,16.275666430592537,gaia_774271076054448768_src2,comparison,1530.7980419353662,330.48481069430403,1530.736551988636,329.79938779805826,0.6881755301133772,17970.00855255127,149.10355421983277,2246.2510690689087,18.637944277479097,ok,30
light_V0399_V_8s_2026_05_20-0060_flat_0p3_late_bias_cal.fits,2461181.7003641203,16.275666430592537,gaia_774384016513181696_src3,comparison,415.0027462809006,1264.1810232750042,412.0575486680259,1263.2691770383738,3.083123827896008,11613.304977416992,127.5021684603053,1451.663122177124,15.937771057538162,ok,30
light_V0399_V_8s_2026_05_20-0060_flat_0p3_late_bias_cal.fits,2461181.7003641203,16.275666430592537,gaia_774289041901756032_src4,comparison,2066.357457251578,1451.9524787698285,2065.083995031099,1453.0192988115866,1.661267897867108,11127.062850952148,116.1480328550191,1390.8828563690186,14.518504106877387,ok,30
light_V0399_V_8s_2026_05_20-0060_flat_0p3_late_bias_cal.fits,2461181.7003641203,16.275666430592537,gaia_774287774887292672_src5,comparison,2058.3215810948313,1090.3522549188324,2057.8525111543936,1090.8606786161126,0.6917523147618605,10918.760440826416,116.16058043026015,1364.845055103302,14.52007255378252,ok,30
light_V0399_V_8s_2026_05_20-0060_flat_0p3_late_bias_cal.fits,2461181.7003641203,16.275666430592537,gaia_774289488578357504_src6,comparison,964.756180227947,1109.9417107229476,963.0644021198461,1109.5631348475536,1.7336184298973114,9300.8701171875,107.86976221372562,1162.6087646484375,13.483720276715703,ok,30
light_V0399_V_8s_2026_05_20-0060_flat_0p3_late_bias_cal.fits,2461181.7003641203,16.275666430592537,gaia_774288805679445888_src7,comparison,1969.515364478358,1361.292066715457,1968.241461758951,1362.1776511852217,1.5514792913865305,8799.71157836914,104.76065186416956,1099.9639472961426,13.095081483021195,ok,30
light_V0399_V_8s_2026_05_20-0060_flat_0p3_late_bias_cal.fits,2461181.7003641203,16.275666430592537,gaia_774290626745586944_src8,comparison,1095.0789588650325,1442.9399346488683,1093.7338060647987,1443.6930490181403,1.5416281358293795,2921.153594970703,66.28051301011588,365.1441993713379,8.285064126264485,ok,30
light_V0399_V_8s_2026_05_20-0060_flat_0p3_late_bias_cal.fits,2461181.7003641203,16.275666430592537,HD_103405,comparison,1180.9169107643345,160.51277512169807,1180.3955313919805,159.05222215307703,1.550822821622113,122072.62854003906,479.07465157478657,15259.078567504883,59.88433144684832,ok,30
light_V0399_V_8s_2026_05_20-0060_flat_0p3_late_bias_cal.fits,2461181.7003641203,16.275666430592537,TYC_3452_787_1,comparison,387.6485440244963,764.9215585748939,385.29111119999106,763.0277031945938,3.023934146694734,156476.6495513916,582.536039792073,19559.58119392395,72.81700497400912,ok,30
light_V0399_V_8s_2026_05_20-0060_flat_0p3_late_bias_cal.fits,2461181.7003641203,16.275666430592537,HD_103187,comparison,91.44891626984203,1524.1271847603489,87.411633550445,1523.210130289372,4.140125681556111,597208.4041595459,1813.7881739244997,74651.05051994324,226.72352174056246,ok,30
light_V0399_V_8s_2026_05_20-0061_flat_0p3_late_bias_cal.fits,2461181.70055544,16.551166847348213,target,target,1953.9750126293945,641.7648767780946,1953.9750126293945,641.7648767780946,0.0,1952542.267211914,3808.1976095627874,244067.78340148926,476.0247011953484,ok,29
light_V0399_V_8s_2026_05_20-0061_flat_0p3_late_bias_cal.fits,2461181.70055544,16.551166847348213,DN_UMa,check,1879.2210427106647,696.3848138165971,1879.2210427106647,696.3848138165971,0.0,2907242.271484375,7073.155732969901,363405.2839355469,884.1444666212376,saturated,29
light_V0399_V_8s_2026_05_20-0061_flat_0p3_late_bias_cal.fits,2461181.70055544,16.551166847348213,gaia_774272862760870784_src1,comparison,624.8849197478264,267.5370195999767,621.6479217813969,265.8661115276201,3.6428134210984773,30273.804573059082,186.23862653914134,3784.2255716323853,23.279828317392667,ok,29
light_V0399_V_8s_2026_05_20-0061_flat_0p3_late_bias_cal.fits,2461181.70055544,16.551166847348213,gaia_774271076054448768_src2,comparison,1531.703178402887,330.66980744311786,1530.9664077039283,329.65451551899355,1.2544515750064453,21017.044494628906,155.0126058639029,2627.1305618286133,19.376575732987863,ok,29
light_V0399_V_8s_2026_05_20-0061_flat_0p3_late_bias_cal.fits,2461181.70055544,16.551166847348213,gaia_774384016513181696_src3,comparison,415.92929850642014,1264.4498617492927,411.7291567384684,1264.626420918446,4.203851092879564,13810.201858520508,135.01476519648327,1726.2752323150635,16.87684564956041,ok,29
light_V0399_V_8s_2026_05_20-0061_flat_0p3_late_bias_cal.fits,2461181.70055544,16.551166847348213,gaia_774289041901756032_src4,comparison,2067.0583276705634,1451.8028298442118,2066.437398105436,1453.6549725649775,1.9534549349638162,12675.605529785156,121.67903319523715,1584.4506912231445,15.209879149404644,ok,29
light_V0399_V_8s_2026_05_20-0061_flat_0p3_late_bias_cal.fits,2461181.70055544,16.551166847348213,gaia_774287774887292672_src5,comparison,2059.060710538893,1090.1817861402847,2059.001233216775,1091.154542781626,0.9745732579546049,12222.975357055664,120.03783026219934,1527.871919631958,15.004728782774917,ok,29
light_V0399_V_8s_2026_05_20-0061_flat_0p3_late_bias_cal.fits,2461181.70055544,16.551166847348213,gaia_774289488578357504_src6,comparison,965.6470077848312,1109.9128440275542,963.1781256327113,1110.4727249108714,2.5315698063771386,10713.71859741211,111.76515477810557,1339.2148246765137,13.970644347263196,ok,29
light_V0399_V_8s_2026_05_20-0061_flat_0p3_late_bias_cal.fits,2461181.70055544,16.551166847348213,gaia_774288805679445888_src7,comparison,1970.2737047329563,1361.0419275360816,1969.4527985174045,1362.779483223916,1.9217145425523505,9793.251121520996,107.38120285438363,1224.1563901901245,13.422650356797954,ok,29
light_V0399_V_8s_2026_05_20-0061_flat_0p3_late_bias_cal.fits,2461181.70055544,16.551166847348213,gaia_774290626745586944_src8,comparison,1095.6414968029944,1442.6960329094536,1094.154752141646,1444.8502790172372,2.617477025868392,3484.437702178955,72.14856988633005,435.5547127723694,9.018571235791256,ok,29
light_V0399_V_8s_2026_05_20-0061_flat_0p3_late_bias_cal.fits,2461181.70055544,16.551166847348213,HD_103405,comparison,1181.7532635911066,160.7154683620975,1180.1976647657857,158.93565810282973,2.363813077283089,138955.4984664917,443.5221901706602,17369.437308311462,55.44027377133253,ok,29
light_V0399_V_8s_2026_05_20-0061_flat_0p3_late_bias_cal.fits,2461181.70055544,16.551166847348213,TYC_3452_787_1,comparison,388.6164182934462,764.9506574513505,384.6639800443022,763.9219756885009,4.08410997434151,181603.47384643555,529.5690731648244,22700.434230804443,66.19613414560305,ok,29
light_V0399_V_8s_2026_05_20-0061_flat_0p3_late_bias_cal.fits,2461181.70055544,16.551166847348213,HD_103187,comparison,92.48396890468288,1524.0061778416512,86.91525218277866,1524.9928351222725,5.655448569142752,697579.8021240234,1461.0553333651546,87197.47526550293,182.63191667064433,ok,29
light_V0399_V_8s_2026_05_20-0062_flat_0p3_late_bias_cal.fits,2461181.700747222,16.827333122491837,target,target,1954.3104070662978,641.896378621043,1954.3104070662978,641.896378621043,0.0,1866435.766784668,4196.309196045107,233304.4708480835,524.5386495056383,ok,30
light_V0399_V_8s_2026_05_20-0062_flat_0p3_late_bias_cal.fits,2461181.700747222,16.827333122491837,DN_UMa,check,1879.5700923773984,696.4338362030813,1879.5700923773984,696.4338362030813,0.0,2709558.7494506836,7598.886592287058,338694.84368133545,949.8608240358823,ok,30
light_V0399_V_8s_2026_05_20-0062_flat_0p3_late_bias_cal.fits,2461181.700747222,16.827333122491837,gaia_774272862760870784_src1,comparison,625.1342649783362,267.46341174721897,623.0799143093009,265.39750461895426,2.9134736885684855,29145.75164794922,183.39575815271334,3643.2189559936523,22.924469769089168,ok,30
light_V0399_V_8s_2026_05_20-0062_flat_0p3_late_bias_cal.fits,2461181.700747222,16.827333122491837,gaia_774271076054448768_src2,comparison,1531.9997730225843,330.67997837290574,1531.7718538147024,329.7197548173281,0.986902448070563,19084.182250976562,150.7034154867629,2385.5227813720703,18.837926935845363,ok,30
light_V0399_V_8s_2026_05_20-0062_flat_0p3_late_bias_cal.fits,2461181.700747222,16.827333122491837,gaia_774384016513181696_src3,comparison,415.9776010575372,1264.466374504168,412.6649545416035,1263.381207604777,3.485859167990217,12917.354484558105,131.84626247174114,1614.6693105697632,16.480782808967643,ok,30
light_V0399_V_8s_2026_05_20-0062_flat_0p3_late_bias_cal.fits,2461181.700747222,16.827333122491837,gaia_774289041901756032_src4,comparison,2067.345106431301,1451.817475624587,2066.1869270094758,1453.3341820683613,1.9083443111047251,11982.554206848145,119.13636613918091,1497.819275856018,14.892045767397613,ok,30
light_V0399_V_8s_2026_05_20-0062_flat_0p3_late_bias_cal.fits,2461181.700747222,16.827333122491837,gaia_774287774887292672_src5,comparison,2059.465927508915,1090.2232301790189,2058.984767724638,1091.0627443667713,0.9676253455976307,11932.657135009766,118.41029566834581,1491.5821418762207,14.801286958543226,ok,30
light_V0399_V_8s_2026_05_20-0062_flat_0p3_late_bias_cal.fits,2461181.700747222,16.827333122491837,gaia_774289488578357504_src6,comparison,965.8792224619195,1109.9429347819125,963.8558920292588,1109.6755755090585,2.040918180749055,10056.968055725098,109.59893076471573,1257.1210069656372,13.699866345589466,ok,30
light_V0399_V_8s_2026_05_20-0062_flat_0p3_late_bias_cal.fits,2461181.700747222,16.827333122491837,gaia_774288805679445888_src7,comparison,1970.499068761295,1361.0878392206182,1969.3223119632617,1362.4559535651244,1.8045756901169805,9531.403701782227,107.35369070929457,1191.4254627227783,13.419211338661821,ok,30
light_V0399_V_8s_2026_05_20-0062_flat_0p3_late_bias_cal.fits,2461181.700747222,16.827333122491837,gaia_774290626745586944_src8,comparison,1095.9393713933978,1442.7258112890052,1094.5366521109281,1443.9203831268117,1.8424503415540447,3189.312973022461,69.33748274202149,398.6641216278076,8.667185342752687,ok,30
light_V0399_V_8s_2026_05_20-0062_flat_0p3_late_bias_cal.fits,2461181.700747222,16.827333122491837,HD_103405,comparison,1182.2188614914628,160.6806732849496,1181.3371886070454,158.88916145681605,1.9967127248202947,132551.7464981079,455.79239229886514,16568.96831226349,56.97404903735814,ok,30
light_V0399_V_8s_2026_05_20-0062_flat_0p3_late_bias_cal.fits,2461181.700747222,16.827333122491837,TYC_3452_787_1,comparison,388.76956339764183,764.8724030703087,385.933825158726,762.9824392017507,3.4078401934515803,173987.88186645508,547.8914693259245,21748.485233306885,68.48643366574056,ok,30
light_V0399_V_8s_2026_05_20-0062_flat_0p3_late_bias_cal.fits,2461181.700747222,16.827333122491837,HD_103187,comparison,92.52881450496544,1524.037303527682,87.89581693001583,1523.3743885222927,4.680184059827062,677604.6807861328,1586.8820026812998,84700.5850982666,198.36025033516248,ok,30
light_V0399_V_8s_2026_05_20-0063_flat_0p3_late_bias_cal.fits,2461181.70093831,17.10249960422516,target,target,1954.2488917111946,641.9219040692299,1954.2488917111946,641.9219040692299,0.0,1859818.5725097656,4333.675300300789,232477.3215637207,541.7094125375986,ok,32
light_V0399_V_8s_2026_05_20-0063_flat_0p3_late_bias_cal.fits,2461181.70093831,17.10249960422516,DN_UMa,check,1879.505017738974,696.4953517199929,1879.505017738974,696.4953517199929,0.0,2755239.8178710938,7877.420949598399,344404.9772338867,984.6776186997998,ok,32
light_V0399_V_8s_2026_05_20-0063_flat_0p3_late_bias_cal.fits,2461181.70093831,17.10249960422516,gaia_774272862760870784_src1,comparison,624.8794894808275,267.8096212073518,622.5620270007321,265.7131231018909,3.1250498640583495,28438.42710876465,183.7622505142522,3554.803388595581,22.970281314281525,ok,32
light_V0399_V_8s_2026_05_20-0063_flat_0p3_late_bias_cal.fits,2461181.70093831,17.10249960422516,gaia_774271076054448768_src2,comparison,1531.8153624922595,330.84832342110457,1531.5093098794746,329.7871917676498,1.1043860682551747,19530.026329040527,152.42088993397678,2441.253291130066,19.052611241747098,ok,32
light_V0399_V_8s_2026_05_20-0063_flat_0p3_late_bias_cal.fits,2461181.70093831,17.10249960422516,gaia_774384016513181696_src3,comparison,416.11328909420723,1264.8022634937754,412.38324452137226,1264.018011040655,3.8115986705791842,12910.236236572266,131.4960385408841,1613.7795295715332,16.43700481761051,ok,32
light_V0399_V_8s_2026_05_20-0063_flat_0p3_late_bias_cal.fits,2461181.70093831,17.10249960422516,gaia_774289041901756032_src4,comparison,2067.4045185953987,1452.1423922342183,2066.3911145259053,1453.5383587911622,1.7250247639299505,12071.465957641602,119.53842766476616,1508.9332447052002,14.94230345809577,ok,32
light_V0399_V_8s_2026_05_20-0063_flat_0p3_late_bias_cal.fits,2461181.70093831,17.10249960422516,gaia_774287774887292672_src5,comparison,2059.489018150724,1090.4353977207131,2059.0814599965115,1091.1746986009823,0.844197512808371,11846.671409606934,119.08676626050563,1480.8339262008667,14.885845782563203,ok,32
light_V0399_V_8s_2026_05_20-0063_flat_0p3_late_bias_cal.fits,2461181.70093831,17.10249960422516,gaia_774289488578357504_src6,comparison,965.9648752908097,1110.1597283163815,963.6728792301247,1110.1116601472343,2.292500052580247,9991.153224945068,109.57148068382502,1248.8941531181335,13.696435085478127,ok,32
light_V0399_V_8s_2026_05_20-0063_flat_0p3_late_bias_cal.fits,2461181.70093831,17.10249960422516,gaia_774288805679445888_src7,comparison,1970.6076084995761,1361.393659087056,1969.4747839612508,1362.6647097427708,1.7026042417500338,9354.722385406494,105.75590394868654,1169.3402981758118,13.219487993585817,ok,32
light_V0399_V_8s_2026_05_20-0063_flat_0p3_late_bias_cal.fits,2461181.70093831,17.10249960422516,gaia_774290626745586944_src8,comparison,1095.8137152102663,1443.2403910100581,1094.4851127315858,1444.405393013736,1.7670354311472307,3273.126251220703,69.11392803456148,409.1407814025879,8.639241004320185,ok,32
light_V0399_V_8s_2026_05_20-0063_flat_0p3_late_bias_cal.fits,2461181.70093831,17.10249960422516,HD_103405,comparison,1181.7687499863252,160.86066726702663,1180.93359868313,159.0142894082448,2.026472032037103,129945.05699920654,457.3245075300954,16243.132124900818,57.165563441261924,ok,32
light_V0399_V_8s_2026_05_20-0063_flat_0p3_late_bias_cal.fits,2461181.70093831,17.10249960422516,TYC_3452_787_1,comparison,388.87307588483026,765.1468078209651,385.4992643047335,763.4967504898838,3.7557015022296767,169643.63777160645,552.6389909431073,21205.454721450806,69.07987386788841,ok,32
light_V0399_V_8s_2026_05_20-0063_flat_0p3_late_bias_cal.fits,2461181.70093831,17.10249960422516,HD_103187,comparison,92.79367466790114,1524.4328667064442,87.60534975465316,1524.1735709908091,5.194800253481974,662638.440826416,1599.337687365959,82829.805103302,199.91721092074488,ok,32
light_V0399_V_8s_2026_05_20-0064_flat_0p3_late_bias_cal.fits,2461181.7011302086,17.378833517432213,target,target,1954.5320422126174,641.3312203489054,1954.5320422126174,641.3312203489054,0.0,1891176.9705810547,4325.168732087364,236397.12132263184,540.6460915109205,ok,31
light_V0399_V_8s_2026_05_20-0064_flat_0p3_late_bias_cal.fits,2461181.7011302086,17.378833517432213,DN_UMa,check,1879.845625992311,695.8731043797286,1879.845625992311,695.8731043797286,0.0,2752401.0181884766,8188.180566943546,344050.12727355957,1023.5225708679433,ok,31
light_V0399_V_8s_2026_05_20-0064_flat_0p3_late_bias_cal.fits,2461181.7011302086,17.378833517432213,gaia_774272862760870784_src1,comparison,625.5658356947278,267.1403270584507,623.7466281290663,265.50746787683033,2.444533753901111,29161.478343963623,184.13322141823141,3645.184792995453,23.016652677278927,ok,31
light_V0399_V_8s_2026_05_20-0064_flat_0p3_late_bias_cal.fits,2461181.7011302086,17.378833517432213,gaia_774271076054448768_src2,comparison,1532.2511161947978,330.1395377455441,1532.0611522626295,329.45411858699106,0.7112564364814948,19312.904876708984,150.90640122078477,2414.113109588623,18.863300152598097,ok,31
light_V0399_V_8s_2026_05_20-0064_flat_0p3_late_bias_cal.fits,2461181.7011302086,17.378833517432213,gaia_774384016513181696_src3,comparison,416.53762624663966,1264.2428776037634,413.8060083437492,1263.1300658061318,2.949590897792369,13368.95346069336,135.64099435043798,1671.11918258667,16.955124293804747,ok,31
light_V0399_V_8s_2026_05_20-0064_flat_0p3_late_bias_cal.fits,2461181.7011302086,17.378833517432213,gaia_774289041901756032_src4,comparison,2067.8348608258134,1451.29759541136,2066.669060957612,1452.3673191951561,1.5822131039519864,12275.44564819336,119.81464233414643,1534.43070602417,14.976830291768303,ok,31
light_V0399_V_8s_2026_05_20-0064_flat_0p3_late_bias_cal.fits,2461181.7011302086,17.378833517432213,gaia_774287774887292672_src5,comparison,2059.8205117216985,1089.6984082662093,2059.3316904286917,1090.258894965723,0.7437012819866011,11844.190673828125,118.92934599196947,1480.5238342285156,14.866168248996184,ok,31
light_V0399_V_8s_2026_05_20-0064_flat_0p3_late_bias_cal.fits,2461181.7011302086,17.378833517432213,gaia_774289488578357504_src6,comparison,966.3194418833436,1109.497248296104,964.6943897027223,1109.2818605576247,1.6392640018097617,10366.736846923828,110.9592188979301,1295.8421058654785,13.869902362241262,ok,31
light_V0399_V_8s_2026_05_20-0064_flat_0p3_late_bias_cal.fits,2461181.7011302086,17.378833517432213,gaia_774288805679445888_src7,comparison,1971.1403246365892,1360.5278628195304,1969.81257908608,1361.5662983715442,1.6856027534930766,9596.165382385254,107.58215168387221,1199.5206727981567,13.447768960484026,ok,31
light_V0399_V_8s_2026_05_20-0064_flat_0p3_late_bias_cal.fits,2461181.7011302086,17.378833517432213,gaia_774290626745586944_src8,comparison,1096.380770795319,1442.4921867339335,1095.4450295034108,1443.3288810399201,1.2552565980916117,3278.3757934570312,70.93721519680939,409.7969741821289,8.867151899601174,ok,31
light_V0399_V_8s_2026_05_20-0064_flat_0p3_late_bias_cal.fits,2461181.7011302086,17.378833517432213,HD_103405,comparison,1182.3204631403771,160.1971629683087,1181.7162509060831,158.83297284195174,1.4920077496180584,132277.77880096436,461.8563720485787,16534.722350120544,57.73204650607234,ok,31
light_V0399_V_8s_2026_05_20-0064_flat_0p3_late_bias_cal.fits,2461181.7011302086,17.378833517432213,TYC_3452_787_1,comparison,389.27901295409947,764.645262204174,386.89553864368054,762.9628763897393,2.9174255461001595,178055.57348632812,558.2878384316845,22256.946685791016,69.78597980396056,ok,31
light_V0399_V_8s_2026_05_20-0064_flat_0p3_late_bias_cal.fits,2461181.7011302086,17.378833517432213,HD_103187,comparison,93.10337601340422,1523.8611055006072,89.27986680070558,1523.1323011067088,3.892348718210759,660438.3458099365,1639.530081807906,82554.79322624207,204.94126022598826,ok,31
light_V0399_V_8s_2026_05_20-0065_flat_0p3_late_bias_cal.fits,2461181.7013217593,17.654666528105736,target,target,1954.9937334674132,641.08597145997,1954.9937334674132,641.08597145997,0.0,1866524.4687194824,4036.9587763661766,233315.5585899353,504.6198470457721,ok,33
light_V0399_V_8s_2026_05_20-0065_flat_0p3_late_bias_cal.fits,2461181.7013217593,17.654666528105736,DN_UMa,check,1880.2480550193184,695.6470327294351,1880.2480550193184,695.6470327294351,0.0,2797308.4224243164,7229.646954432406,349663.55280303955,903.7058693040508,saturated,33
light_V0399_V_8s_2026_05_20-0065_flat_0p3_late_bias_cal.fits,2461181.7013217593,17.654666528105736,gaia_774272862760870784_src1,comparison,626.1464852131829,267.08950237814344,623.4359900401382,264.7417004943499,3.585938896390046,29615.76007080078,185.96453819087236,3701.9700088500977,23.245567273859045,ok,33
light_V0399_V_8s_2026_05_20-0065_flat_0p3_late_bias_cal.fits,2461181.7013217593,17.654666528105736,gaia_774271076054448768_src2,comparison,1532.671834406868,330.0424301922437,1532.3181868847435,328.9204227998523,1.1764213354431161,19865.50552368164,152.13305195661187,2483.188190460205,19.016631494576483,ok,33
light_V0399_V_8s_2026_05_20-0065_flat_0p3_late_bias_cal.fits,2461181.7013217593,17.654666528105736,gaia_774384016513181696_src3,comparison,417.18362970774893,1264.0597921264716,413.1510978571216,1262.9583844176875,4.180240670977315,12979.978820800781,132.96460386521832,1622.4973526000977,16.62057548315229,ok,33
light_V0399_V_8s_2026_05_20-0065_flat_0p3_late_bias_cal.fits,2461181.7013217593,17.654666528105736,gaia_774289041901756032_src4,comparison,2068.1631598355943,1450.9823997335495,2067.0318099090723,1452.6645629050302,2.027221150177544,12175.217933654785,119.97800528842497,1521.9022417068481,14.99725066105312,ok,33
light_V0399_V_8s_2026_05_20-0065_flat_0p3_late_bias_cal.fits,2461181.7013217593,17.654666528105736,gaia_774287774887292672_src5,comparison,2060.157032247974,1089.3590745274953,2059.7659524647834,1090.3229211250973,1.040165208286288,11911.311428070068,118.04393645397002,1488.9139285087585,14.755492056746252,ok,33
light_V0399_V_8s_2026_05_20-0065_flat_0p3_late_bias_cal.fits,2461181.7013217593,17.654666528105736,gaia_774289488578357504_src6,comparison,966.8591810576967,1109.2900822437873,964.4243102146769,1109.1276857309313,2.440280444861955,10414.508750915527,111.79606283345845,1301.813593864441,13.974507854182306,ok,33
light_V0399_V_8s_2026_05_20-0065_flat_0p3_late_bias_cal.fits,2461181.7013217593,17.654666528105736,gaia_774288805679445888_src7,comparison,1971.2946805010251,1360.2999175217315,1970.132469736505,1361.7850645791623,1.8858408319266375,9657.54680633545,107.51758266614658,1207.1933507919312,13.439697833268323,ok,33
light_V0399_V_8s_2026_05_20-0065_flat_0p3_late_bias_cal.fits,2461181.7013217593,17.654666528105736,gaia_774290626745586944_src8,comparison,1097.0034281750366,1442.2364975450116,1095.188301169531,1443.4159432736162,2.1646658570871664,3282.60888671875,69.21479042931556,410.32611083984375,8.651848803664445,ok,33
light_V0399_V_8s_2026_05_20-0065_flat_0p3_late_bias_cal.fits,2461181.7013217593,17.654666528105736,HD_103405,comparison,1182.8203857208316,160.1698467736908,1181.7850463890793,158.11638357281885,2.2997040351333555,135039.4253540039,458.1226633550633,16879.92816925049,57.265332919382914,ok,33
light_V0399_V_8s_2026_05_20-0065_flat_0p3_late_bias_cal.fits,2461181.7013217593,17.654666528105736,TYC_3452_787_1,comparison,389.91973741179373,764.5469744028765,386.32867369947894,762.465529574052,4.150680806969418,178600.50901794434,551.7031661914741,22325.063627243042,68.96289577393426,ok,33
light_V0399_V_8s_2026_05_20-0065_flat_0p3_late_bias_cal.fits,2461181.7013217593,17.654666528105736,HD_103187,comparison,93.71105179272523,1523.8049374031239,88.36260899670742,1523.0586684715258,5.400255332902624,677496.7583770752,1586.5130885399499,84687.0947971344,198.31413606749373,ok,33
light_V0399_V_8s_2026_05_20-0066_flat_0p3_late_bias_cal.fits,2461181.701513542,17.930833473801613,target,target,1955.7349118361947,639.9399334771679,1955.7349118361947,639.9399334771679,0.0,1905627.1670532227,4035.015757990226,238203.39588165283,504.37696974877827,ok,32
light_V0399_V_8s_2026_05_20-0066_flat_0p3_late_bias_cal.fits,2461181.701513542,17.930833473801613,DN_UMa,check,1881.0276795788407,694.5183140201392,1881.0276795788407,694.5183140201392,0.0,2776690.9116210938,7320.946715497554,347086.3639526367,915.1183394371942,ok,32
light_V0399_V_8s_2026_05_20-0066_flat_0p3_late_bias_cal.fits,2461181.701513542,17.930833473801613,gaia_774272862760870784_src1,comparison,626.6278573640698,265.8860171818458,624.3279860912769,264.2078636465328,2.847034801245197,29096.298023223877,184.6140855767655,3637.0372529029846,23.076760697095686,ok,32
light_V0399_V_8s_2026_05_20-0066_flat_0p3_late_bias_cal.fits,2461181.701513542,17.930833473801613,gaia_774271076054448768_src2,comparison,1533.4209419342883,328.83358524667176,1533.0309079553076,328.0121156076394,0.9093617941234955,19955.618621826172,152.71259055184115,2494.4523277282715,19.089073818980143,ok,32
light_V0399_V_8s_2026_05_20-0066_flat_0p3_late_bias_cal.fits,2461181.701513542,17.930833473801613,gaia_774384016513181696_src3,comparison,417.7136013564364,1262.8635653785007,414.4858561744104,1262.28302676817,3.2795371682871366,13012.796478271484,131.09614639211821,1626.5995597839355,16.387018299014777,ok,32
light_V0399_V_8s_2026_05_20-0066_flat_0p3_late_bias_cal.fits,2461181.701513542,17.930833473801613,gaia_774289041901756032_src4,comparison,2069.0208710602965,1449.8571944094417,2068.069228604592,1451.2913634708668,1.721181065503695,12126.686958312988,119.62380026575222,1515.8358697891235,14.952975033219028,ok,32
light_V0399_V_8s_2026_05_20-0066_flat_0p3_late_bias_cal.fits,2461181.701513542,17.930833473801613,gaia_774287774887292672_src5,comparison,2060.9082945497776,1088.2256496526359,2060.661480890902,1089.0342056596978,0.8453873661011597,11888.161636352539,118.380336115242,1486.0202045440674,14.79754201440525,ok,32
light_V0399_V_8s_2026_05_20-0066_flat_0p3_late_bias_cal.fits,2461181.701513542,17.930833473801613,gaia_774289488578357504_src6,comparison,967.5858466983558,1108.145815488006,965.5739781452069,1108.2686094320493,2.0156124200458914,10459.416847229004,111.63107142203613,1307.4271059036255,13.953883927754516,ok,32
light_V0399_V_8s_2026_05_20-0066_flat_0p3_late_bias_cal.fits,2461181.701513542,17.930833473801613,gaia_774288805679445888_src7,comparison,1972.296746698514,1359.1547769370818,1971.155713759434,1360.4707155242281,1.741737791174641,9635.917465209961,107.73155316213315,1204.4896831512451,13.466444145266644,ok,32
light_V0399_V_8s_2026_05_20-0066_flat_0p3_late_bias_cal.fits,2461181.701513542,17.930833473801613,gaia_774290626745586944_src8,comparison,1097.6240658634451,1441.1811317145323,1096.4409331641166,1442.4297824525815,1.7201545424325801,3355.6903381347656,70.8581484319608,419.4612922668457,8.8572685539951,ok,32
light_V0399_V_8s_2026_05_20-0066_flat_0p3_late_bias_cal.fits,2461181.701513542,17.930833473801613,HD_103405,comparison,1183.4180967878656,159.01039709945871,1182.5090569070571,157.38539376552876,1.861985322225636,132558.79820251465,450.19649949720184,16569.84977531433,56.27456243715023,ok,32
light_V0399_V_8s_2026_05_20-0066_flat_0p3_late_bias_cal.fits,2461181.701513542,17.930833473801613,TYC_3452_787_1,comparison,390.3504107636348,763.2884942212095,387.47122334469395,761.9135165742814,3.1906556885598016,178197.68334960938,540.6989989892196,22274.710418701172,67.58737487365245,ok,32
light_V0399_V_8s_2026_05_20-0066_flat_0p3_late_bias_cal.fits,2461181.701513542,17.930833473801613,HD_103187,comparison,94.21490107241294,1522.6288356713517,89.87354354548552,1522.453383069756,4.344901470921533,684012.0810546875,1555.2542992779875,85501.51013183594,194.40678740974843,ok,32
light_V0399_V_8s_2026_05_20-0067_flat_0p3_late_bias_cal.fits,2461181.70170544,18.207166716456413,target,target,1956.0020255096795,639.5010158610623,1956.0020255096795,639.5010158610623,0.0,2087956.716796875,3527.573192131295,260994.58959960938,440.94664901641187,ok,30
light_V0399_V_8s_2026_05_20-0067_flat_0p3_late_bias_cal.fits,2461181.70170544,18.207166716456413,DN_UMa,check,1881.2612595332375,694.0889847238113,1881.2612595332375,694.0889847238113,0.0,3000701.230102539,6423.88312388042,375087.6537628174,802.9853904850524,saturated,30
light_V0399_V_8s_2026_05_20-0067_flat_0p3_late_bias_cal.fits,2461181.70170544,18.207166716456413,gaia_774272862760870784_src1,comparison,626.9075624173304,265.34434804496937,624.1729402064175,263.4627571561004,3.3194190620487944,32102.20034790039,190.68691122831075,4012.775043487549,23.835863903538844,ok,30
light_V0399_V_8s_2026_05_20-0067_flat_0p3_late_bias_cal.fits,2461181.70170544,18.207166716456413,gaia_774271076054448768_src2,comparison,1533.574004313142,328.4059114142754,1533.189059329347,327.4078316122645,1.0697410582618412,21584.42286682129,155.96594228387147,2698.052858352661,19.495742785483934,ok,30
light_V0399_V_8s_2026_05_20-0067_flat_0p3_late_bias_cal.fits,2461181.70170544,18.207166716456413,gaia_774384016513181696_src3,comparison,418.1247358851523,1262.393389840042,414.12668953335196,1261.8637337839964,4.0329778289558655,14333.666954040527,138.5030283888313,1791.708369255066,17.312878548603912,ok,30
light_V0399_V_8s_2026_05_20-0067_flat_0p3_late_bias_cal.fits,2461181.70170544,18.207166716456413,gaia_774289041901756032_src4,comparison,2069.155221960712,1449.4023078907944,2068.270506030575,1451.1541207680616,1.9625418808264055,13601.002639770508,125.606994312912,1700.1253299713135,15.700874289114,ok,30
light_V0399_V_8s_2026_05_20-0067_flat_0p3_late_bias_cal.fits,2461181.70170544,18.207166716456413,gaia_774287774887292672_src5,comparison,2061.145256438537,1087.8195540870706,2060.9072775627924,1088.767832037735,0.9776834953178192,13202.962379455566,123.17922326756926,1650.3702974319458,15.397402908446157,ok,30
light_V0399_V_8s_2026_05_20-0067_flat_0p3_late_bias_cal.fits,2461181.70170544,18.207166716456413,gaia_774289488578357504_src6,comparison,967.899315319955,1107.7368126842598,965.4298287741382,1107.8665384624032,2.472891541795815,11426.732192993164,115.40948212287827,1428.3415241241455,14.426185265359784,ok,30
light_V0399_V_8s_2026_05_20-0067_flat_0p3_late_bias_cal.fits,2461181.70170544,18.207166716456413,gaia_774288805679445888_src7,comparison,1972.2807464078664,1358.6063811630172,1971.3345214718936,1360.288729135987,1.9301907500588218,10699.542640686035,111.41816993146897,1337.4428300857544,13.92727124143362,ok,30
light_V0399_V_8s_2026_05_20-0067_flat_0p3_late_bias_cal.fits,2461181.70170544,18.207166716456413,gaia_774290626745586944_src8,comparison,1098.0321729893492,1440.554133744547,1096.2996006412088,1442.1629676207772,2.3643505203007438,3693.0204162597656,72.87233087416543,461.6275520324707,9.109041359270678,ok,30
light_V0399_V_8s_2026_05_20-0067_flat_0p3_late_bias_cal.fits,2461181.70170544,18.207166716456413,HD_103405,comparison,1183.7423533227923,158.43383865933217,1182.5653967500182,156.67512884689063,2.1161963468861478,147749.38456726074,447.7086507554653,18468.673070907593,55.963581344433166,ok,30
light_V0399_V_8s_2026_05_20-0067_flat_0p3_late_bias_cal.fits,2461181.70170544,18.207166716456413,TYC_3452_787_1,comparison,390.7715470655984,762.8818757319195,387.1676114176921,761.3136769559407,3.930343439857547,191748.65802001953,527.8780692009974,23968.58225250244,65.98475865012468,ok,30
light_V0399_V_8s_2026_05_20-0067_flat_0p3_late_bias_cal.fits,2461181.70170544,18.207166716456413,HD_103187,comparison,94.77557571566997,1522.1269348329304,89.36567305773497,1522.0838971933426,5.410073844852169,734134.2252655029,1426.2672139839024,91766.77815818787,178.2834017479878,ok,30
light_V0399_V_8s_2026_05_20-0068_flat_0p3_late_bias_cal.fits,2461181.7018971066,18.483166694641113,target,target,1956.2688607218333,640.9391883045253,1956.2688607218333,640.9391883045253,0.0,1915495.527770996,4132.829451040259,239436.9409713745,516.6036813800324,ok,32
light_V0399_V_8s_2026_05_20-0068_flat_0p3_late_bias_cal.fits,2461181.7018971066,18.483166694641113,DN_UMa,check,1881.5557871021967,695.5258378982392,1881.5557871021967,695.5258378982392,0.0,2802904.236694336,7354.697821605178,350363.029586792,919.3372277006473,saturated,32
light_V0399_V_8s_2026_05_20-0068_flat_0p3_late_bias_cal.fits,2461181.7018971066,18.483166694641113,gaia_774272862760870784_src1,comparison,627.0304214328753,266.7851310022066,624.7107407598655,265.21465119536674,2.801307774670032,30057.702304840088,186.70223631537453,3757.212788105011,23.337779539421817,ok,32
light_V0399_V_8s_2026_05_20-0068_flat_0p3_late_bias_cal.fits,2461181.7018971066,18.483166694641113,gaia_774271076054448768_src2,comparison,1533.8185891021212,329.8737815486283,1533.510127059635,328.99378464946085,0.9324930960597866,20059.681983947754,152.54968375817705,2507.4602479934692,19.06871046977213,ok,32
light_V0399_V_8s_2026_05_20-0068_flat_0p3_late_bias_cal.fits,2461181.7018971066,18.483166694641113,gaia_774384016513181696_src3,comparison,418.417738134939,1263.8285866838128,414.88170584251475,1263.4006471968983,3.56183331692089,13481.986434936523,134.326973009529,1685.2483043670654,16.790871626191127,ok,32
light_V0399_V_8s_2026_05_20-0068_flat_0p3_late_bias_cal.fits,2461181.7018971066,18.483166694641113,gaia_774289041901756032_src4,comparison,2069.5471667829206,1450.9414774157353,2068.6431624027628,1452.3708355819685,1.6912388023937275,12621.959884643555,121.88694548706377,1577.7449855804443,15.235868185882971,ok,32
light_V0399_V_8s_2026_05_20-0068_flat_0p3_late_bias_cal.fits,2461181.7018971066,18.483166694641113,gaia_774287774887292672_src5,comparison,2061.4538323117804,1089.3649780602689,2061.2219951167276,1090.0763689494383,0.7482148636610215,11953.925048828125,118.69142527613009,1494.2406311035156,14.836428159516261,ok,32
light_V0399_V_8s_2026_05_20-0068_flat_0p3_late_bias_cal.fits,2461181.7018971066,18.483166694641113,gaia_774289488578357504_src6,comparison,968.058353968772,1109.1401898415425,966.0215991198723,1109.3510119106218,2.047636749847819,10603.200401306152,112.23380230778314,1325.400050163269,14.029225288472892,ok,32
light_V0399_V_8s_2026_05_20-0068_flat_0p3_late_bias_cal.fits,2461181.7018971066,18.483166694641113,gaia_774288805679445888_src7,comparison,1972.8391668744966,1360.1519534693373,1971.7164254427694,1361.5441537462812,1.7885105349534756,9637.660095214844,108.28223433928495,1204.7075119018555,13.53527929241062,ok,32
light_V0399_V_8s_2026_05_20-0068_flat_0p3_late_bias_cal.fits,2461181.7018971066,18.483166694641113,gaia_774290626745586944_src8,comparison,1098.1912264855569,1441.9254176171187,1096.9137957128642,1443.5422684337636,2.060591163309141,3276.652801513672,71.2435241333358,409.581600189209,8.905440516666975,ok,32
light_V0399_V_8s_2026_05_20-0068_flat_0p3_late_bias_cal.fits,2461181.7018971066,18.483166694641113,HD_103405,comparison,1183.823351289799,159.86312907814124,1182.945966566842,158.3616096473661,1.7390700253508082,134969.66522216797,451.6646133292361,16871.208152770996,56.45807666615451,ok,32
light_V0399_V_8s_2026_05_20-0068_flat_0p3_late_bias_cal.fits,2461181.7018971066,18.483166694641113,TYC_3452_787_1,comparison,390.92175296622844,764.1919326184681,387.8467967335589,762.9801901189685,3.3050984430008548,178594.12699890137,541.1957417032023,22324.26587486267,67.64946771290029,ok,32
light_V0399_V_8s_2026_05_20-0068_flat_0p3_late_bias_cal.fits,2461181.7018971066,18.483166694641113,HD_103187,comparison,94.87123999005713,1523.4750402692512,90.24481571903698,1523.609320874917,4.628372588344892,692158.8190307617,1508.4583366810518,86519.85237884521,188.55729208513148,ok,32
light_V0399_V_8s_2026_05_20-0069_flat_0p3_late_bias_cal.fits,2461181.7020890047,18.759499937295914,target,target,1956.0056525733423,640.7238140749677,1956.0056525733423,640.7238140749677,0.0,1641360.7181396484,5246.898788652923,205170.08976745605,655.8623485816154,ok,27
light_V0399_V_8s_2026_05_20-0069_flat_0p3_late_bias_cal.fits,2461181.7020890047,18.759499937295914,DN_UMa,check,1881.3317803241289,695.233884010616,1881.3317803241289,695.233884010616,0.0,2449365.8816223145,8824.82304523746,306170.7352027893,1103.1028806546824,ok,27
light_V0399_V_8s_2026_05_20-0069_flat_0p3_late_bias_cal.fits,2461181.7020890047,18.759499937295914,gaia_774272862760870784_src1,comparison,626.7033310588707,266.57162645658644,625.7103430681136,264.7542227072623,2.0709856440461887,26099.9022064209,183.09298824834056,3262.4877758026123,22.88662353104257,ok,27
light_V0399_V_8s_2026_05_20-0069_flat_0p3_late_bias_cal.fits,2461181.7020890047,18.759499937295914,gaia_774271076054448768_src2,comparison,1533.5354791070713,329.6151934600532,1533.7284444846114,328.8605759031879,0.7788987700969466,17323.519638061523,148.14121660196128,2165.4399547576904,18.51765207524516,ok,27
light_V0399_V_8s_2026_05_20-0069_flat_0p3_late_bias_cal.fits,2461181.7020890047,18.759499937295914,gaia_774384016513181696_src3,comparison,417.7845337744279,1263.5441782693754,415.6379651031091,1262.0236163916593,2.6305637199374283,11342.189105987549,124.3081099957429,1417.7736382484436,15.538513749467862,ok,27
light_V0399_V_8s_2026_05_20-0069_flat_0p3_late_bias_cal.fits,2461181.7020890047,18.759499937295914,gaia_774289041901756032_src4,comparison,2069.0683828131378,1450.8071628970486,2067.947200665881,1451.5287140751116,1.3332987324268508,10528.130187988281,115.58860020914908,1316.0162734985352,14.448575026143635,ok,27
light_V0399_V_8s_2026_05_20-0069_flat_0p3_late_bias_cal.fits,2461181.7020890047,18.759499937295914,gaia_774287774887292672_src5,comparison,2061.254004738289,1089.1379818441535,2060.6837538405944,1089.5319672335427,0.6931165655023137,10448.276245117188,113.70421231561875,1306.0345306396484,14.213026539452343,ok,27
light_V0399_V_8s_2026_05_20-0069_flat_0p3_late_bias_cal.fits,2461181.7020890047,18.759499937295914,gaia_774289488578357504_src6,comparison,967.6975427246437,1108.8743878569655,966.3846734029486,1108.3324513101152,1.420324285739065,8922.5220413208,106.08522478294101,1115.3152551651,13.260653097867626,ok,27
light_V0399_V_8s_2026_05_20-0069_flat_0p3_late_bias_cal.fits,2461181.7020890047,18.759499937295914,gaia_774288805679445888_src7,comparison,1972.2583275186737,1360.152103163789,1971.1389404424733,1360.7369011318938,1.2629394640535776,8255.785659790039,102.64515989866739,1031.9732074737549,12.830644987333423,ok,27
light_V0399_V_8s_2026_05_20-0069_flat_0p3_late_bias_cal.fits,2461181.7020890047,18.759499937295914,gaia_774290626745586944_src8,comparison,1097.7207451755446,1441.8790511174298,1097.0283841264275,1442.300974570356,0.8107917257001128,2941.945686340332,68.47684370120201,367.7432107925415,8.559605462650252,ok,27
light_V0399_V_8s_2026_05_20-0069_flat_0p3_late_bias_cal.fits,2461181.7020890047,18.759499937295914,HD_103405,comparison,1183.49156193532,159.60003498667425,1183.5267486998803,158.22343076112736,1.3770538486906576,116878.67665100098,488.1854424339827,14609.834581375122,61.02318030424784,ok,27
light_V0399_V_8s_2026_05_20-0069_flat_0p3_late_bias_cal.fits,2461181.7020890047,18.759499937295914,TYC_3452_787_1,comparison,390.56366806013517,764.0070456974345,388.83484451676713,762.007364374645,2.6433986148170323,154591.20259094238,597.5668602558183,19323.900323867798,74.69585753197728,ok,27
light_V0399_V_8s_2026_05_20-0069_flat_0p3_late_bias_cal.fits,2461181.7020890047,18.759499937295914,HD_103187,comparison,94.53767273063372,1523.3726428614948,91.1617780693939,1521.8804256084507,3.6909859243933836,578107.7727966309,1935.7017382652152,72263.47159957886,241.9627172831519,ok,27
light_V0399_V_8s_2026_05_20-0070_flat_0p3_late_bias_cal.fits,2461181.702280787,19.035666212439537,target,target,1959.2065734060009,642.6712463238083,1959.2065734060009,642.6712463238083,0.0,1656801.8554382324,4886.80555941817,207100.23192977905,610.8506949272712,ok,28
light_V0399_V_8s_2026_05_20-0070_flat_0p3_late_bias_cal.fits,2461181.702280787,19.035666212439537,DN_UMa,check,1884.5147657985226,697.1525043844293,1884.5147657985226,697.1525043844293,0.0,2415126.2135620117,8293.49785416134,301890.77669525146,1036.6872317701675,ok,28
light_V0399_V_8s_2026_05_20-0070_flat_0p3_late_bias_cal.fits,2461181.702280787,19.035666212439537,gaia_774272862760870784_src1,comparison,630.0877383850715,268.4482713159788,629.0848901422696,266.2248205308152,2.4391469804289034,25369.672607421875,180.69447231519453,3171.2090759277344,22.586809039399316,ok,28
light_V0399_V_8s_2026_05_20-0070_flat_0p3_late_bias_cal.fits,2461181.702280787,19.035666212439537,gaia_774271076054448768_src2,comparison,1536.8129287876761,331.5719921855698,1537.0549585541542,330.6618542082487,0.9417693696566714,17451.44992828369,146.85731563638083,2181.4312410354614,18.357164454547604,ok,28
light_V0399_V_8s_2026_05_20-0070_flat_0p3_late_bias_cal.fits,2461181.702280787,19.035666212439537,gaia_774384016513181696_src3,comparison,421.16304696813415,1265.0915778552767,418.6531066366506,1263.3903302708172,3.0321681700124974,10901.953750610352,123.55236434406349,1362.744218826294,15.444045543007936,ok,28
light_V0399_V_8s_2026_05_20-0070_flat_0p3_late_bias_cal.fits,2461181.702280787,19.035666212439537,gaia_774289041901756032_src4,comparison,2072.524450783417,1452.6620185605693,2070.8482670386447,1453.495192271834,1.8718360984286457,10390.08837890625,113.47904349328311,1298.7610473632812,14.18488043666039,ok,28
light_V0399_V_8s_2026_05_20-0070_flat_0p3_late_bias_cal.fits,2461181.702280787,19.035666212439537,gaia_774287774887292672_src5,comparison,2064.35095625919,1091.0915045100298,2063.7175394572587,1091.5055793900196,0.7567528336301609,10065.759094238281,112.50452318373617,1258.2198867797852,14.063065397967021,ok,28
light_V0399_V_8s_2026_05_20-0070_flat_0p3_late_bias_cal.fits,2461181.702280787,19.035666212439537,gaia_774289488578357504_src6,comparison,971.0659742960651,1110.725305550843,969.4411802274115,1109.9049448503717,1.820150390602241,8715.78970336914,105.17365592696557,1089.4737129211426,13.146706990870696,ok,28
light_V0399_V_8s_2026_05_20-0070_flat_0p3_late_bias_cal.fits,2461181.702280787,19.035666212439537,gaia_774288805679445888_src7,comparison,1975.5679807269746,1362.0114852419376,1974.07586356268,1362.6703951361155,1.6311271810094723,7986.849151611328,101.08270311522878,998.356143951416,12.635337889403598,ok,28
light_V0399_V_8s_2026_05_20-0070_flat_0p3_late_bias_cal.fits,2461181.702280787,19.035666212439537,gaia_774290626745586944_src8,comparison,1101.190128380803,1443.5912960467026,1099.9590947292568,1443.91226045463,1.272187880147894,2850.9793243408203,66.70283661884639,356.37241554260254,8.337854577355799,ok,28
light_V0399_V_8s_2026_05_20-0070_flat_0p3_late_bias_cal.fits,2461181.702280787,19.035666212439537,HD_103405,comparison,1186.8364233589432,161.67019945566466,1186.92520495251,159.90112055905297,1.7713052570895567,114882.69775390625,471.8511567836557,14360.337219238281,58.981394597956964,ok,28
light_V0399_V_8s_2026_05_20-0070_flat_0p3_late_bias_cal.fits,2461181.702280787,19.035666212439537,TYC_3452_787_1,comparison,393.8448552358285,765.7624629303937,392.0337612129131,763.3777927817738,2.994447073761485,147134.63494873047,595.2777626782171,18391.82936859131,74.40972033477713,ok,28
light_V0399_V_8s_2026_05_20-0070_flat_0p3_late_bias_cal.fits,2461181.702280787,19.035666212439537,HD_103187,comparison,97.6283076718251,1524.9171437238942,94.09056707054356,1523.121322723644,3.967440185673347,546486.725769043,1976.0741571854949,68310.84072113037,247.00926964818686,ok,28
light_V0399_V_8s_2026_05_20-0071_flat_0p3_late_bias_cal.fits,2461181.7024725694,19.311833158135414,target,target,1958.602561618809,642.6354791600914,1958.602561618809,642.6354791600914,0.0,1911621.6734313965,4355.803413845135,238952.70917892456,544.4754267306419,ok,31
light_V0399_V_8s_2026_05_20-0071_flat_0p3_late_bias_cal.fits,2461181.7024725694,19.311833158135414,DN_UMa,check,1883.8621610484875,697.1893928110337,1883.8621610484875,697.1893928110337,0.0,2698680.6505737305,7692.033657924726,337335.0813217163,961.5042072405907,saturated,31
light_V0399_V_8s_2026_05_20-0071_flat_0p3_late_bias_cal.fits,2461181.7024725694,19.311833158135414,gaia_774272862760870784_src1,comparison,629.4025897166937,268.2376379698151,627.177617411055,266.2873885572509,2.9587116338139507,29191.079803466797,187.5632969954081,3648.8849754333496,23.445412124426014,ok,31
light_V0399_V_8s_2026_05_20-0071_flat_0p3_late_bias_cal.fits,2461181.7024725694,19.311833158135414,gaia_774271076054448768_src2,comparison,1536.3697104903345,331.43714007318715,1535.9747113483415,330.4863703729254,1.0295568683229293,19483.758071899414,151.58019546941154,2435.4697589874268,18.947524433676442,ok,31
light_V0399_V_8s_2026_05_20-0071_flat_0p3_late_bias_cal.fits,2461181.7024725694,19.311833158135414,gaia_774384016513181696_src3,comparison,420.6781044740839,1265.1807675798725,416.88328044934997,1264.4065843161961,3.8729896855600474,12944.5943069458,132.71630589477977,1618.074288368225,16.58953823684747,ok,31
light_V0399_V_8s_2026_05_20-0071_flat_0p3_late_bias_cal.fits,2461181.7024725694,19.311833158135414,gaia_774289041901756032_src4,comparison,2071.6595732778665,1452.644746790481,2070.6070347503055,1454.1429489088382,1.8309688526707717,12103.013717651367,119.50416621922774,1512.876714706421,14.938020777403468,ok,31
light_V0399_V_8s_2026_05_20-0071_flat_0p3_late_bias_cal.fits,2461181.7024725694,19.311833158135414,gaia_774287774887292672_src5,comparison,2063.742371708964,1090.9506253892766,2063.3522634669007,1091.8342900929335,0.9659439678443403,11568.851406097412,117.57994828667879,1446.1064257621765,14.697493535834848,ok,31
light_V0399_V_8s_2026_05_20-0071_flat_0p3_late_bias_cal.fits,2461181.7024725694,19.311833158135414,gaia_774289488578357504_src6,comparison,970.3962747830471,1110.7182510959394,968.1104180230603,1110.60583118872,2.2886195321015324,10322.585083007812,111.4855628060515,1290.3231353759766,13.935695350756438,ok,31
light_V0399_V_8s_2026_05_20-0071_flat_0p3_late_bias_cal.fits,2461181.7024725694,19.311833158135414,gaia_774288805679445888_src7,comparison,1974.8476421521011,1361.8350582316655,1973.7191845418738,1363.2689887760994,1.824711863374725,9333.68416595459,106.99218765850149,1166.7105207443237,13.374023457312687,ok,31
light_V0399_V_8s_2026_05_20-0071_flat_0p3_late_bias_cal.fits,2461181.7024725694,19.311833158135414,gaia_774290626745586944_src8,comparison,1100.5885623999002,1443.6496268456283,1098.852816688167,1444.8672272495633,2.1202273273078154,3244.202579498291,70.53931136235903,405.5253224372864,8.817413920294879,ok,31
light_V0399_V_8s_2026_05_20-0071_flat_0p3_late_bias_cal.fits,2461181.7024725694,19.311833158135414,HD_103405,comparison,1186.3047590577014,161.55920342288934,1185.4785932218397,159.68789649007232,2.0455658447368923,131315.2960472107,461.85932405887814,16414.412005901337,57.73241550735977,ok,31
light_V0399_V_8s_2026_05_20-0071_flat_0p3_late_bias_cal.fits,2461181.7024725694,19.311833158135414,TYC_3452_787_1,comparison,393.15437668763235,765.6849212466575,390.07770700056903,763.9588052051932,3.5278000158589626,171659.97100830078,563.4645699613956,21457.496376037598,70.43307124517445,ok,31
light_V0399_V_8s_2026_05_20-0071_flat_0p3_late_bias_cal.fits,2461181.7024725694,19.311833158135414,HD_103187,comparison,97.1449337477564,1524.912434205266,92.11706327334082,1524.4737015697447,5.046976107826489,658589.5973510742,1704.8256858303714,82323.69966888428,213.10321072879643,ok,31
light_V0399_V_8s_2026_05_20-0072_flat_0p3_late_bias_cal.fits,2461181.7026641206,19.58766683936119,target,target,1958.591787663346,643.3308492225112,1958.591787663346,643.3308492225112,0.0,1960797.1166992188,3861.45420021539,245099.63958740234,482.68177502692373,ok,30
light_V0399_V_8s_2026_05_20-0072_flat_0p3_late_bias_cal.fits,2461181.7026641206,19.58766683936119,DN_UMa,check,1883.8928122519787,697.8409272524395,1883.8928122519787,697.8409272524395,0.0,2808855.969848633,7337.688479113823,351106.9962310791,917.2110598892278,saturated,30
light_V0399_V_8s_2026_05_20-0072_flat_0p3_late_bias_cal.fits,2461181.7026641206,19.58766683936119,gaia_774272862760870784_src1,comparison,629.4979477095592,269.23412949886324,628.0648263093356,267.0659120310558,2.59903904077723,29959.293014526367,186.7327354028296,3744.911626815796,23.3415919253537,ok,30
light_V0399_V_8s_2026_05_20-0072_flat_0p3_late_bias_cal.fits,2461181.7026641206,19.58766683936119,gaia_774271076054448768_src2,comparison,1536.1599235836602,332.2723864670393,1536.2718527767681,331.33162806443977,0.9473935382571806,20189.75079345703,152.7632902547397,2523.718849182129,19.095411281842463,ok,30
light_V0399_V_8s_2026_05_20-0072_flat_0p3_late_bias_cal.fits,2461181.7026641206,19.58766683936119,gaia_774384016513181696_src3,comparison,420.48205324081397,1266.2771692246893,417.7867843957756,1264.5204515911098,3.2172241126728176,13506.215927124023,134.85149739757153,1688.276990890503,16.856437174696442,ok,30
light_V0399_V_8s_2026_05_20-0072_flat_0p3_late_bias_cal.fits,2461181.7026641206,19.58766683936119,gaia_774289041901756032_src4,comparison,2071.782623100737,1453.4350292880915,2070.428146864289,1454.331520601798,1.62428524300812,12474.065170288086,121.30798469513788,1559.2581462860107,15.163498086892234,ok,30
light_V0399_V_8s_2026_05_20-0072_flat_0p3_late_bias_cal.fits,2461181.7026641206,19.58766683936119,gaia_774287774887292672_src5,comparison,2063.738450213698,1091.7430071262918,2063.2210331975675,1092.2542036806497,0.7273529306798775,12161.778224945068,120.01102725222697,1520.2222781181335,15.00137840652837,ok,30
light_V0399_V_8s_2026_05_20-0072_flat_0p3_late_bias_cal.fits,2461181.7026641206,19.58766683936119,gaia_774289488578357504_src6,comparison,970.3499626254916,1111.5332065902207,968.6788983246732,1110.8837028502467,1.7928499674288894,10489.37417602539,111.64180561897153,1311.1717720031738,13.955225702371441,ok,30
light_V0399_V_8s_2026_05_20-0072_flat_0p3_late_bias_cal.fits,2461181.7026641206,19.58766683936119,gaia_774288805679445888_src7,comparison,1974.9010690609805,1362.6825671376273,1973.6131791762323,1363.5043003293922,1.5277126017955402,9602.073829650879,107.5154415164516,1200.2592287063599,13.43943018955645,ok,30
light_V0399_V_8s_2026_05_20-0072_flat_0p3_late_bias_cal.fits,2461181.7026641206,19.58766683936119,gaia_774290626745586944_src8,comparison,1100.2451621217583,1444.471468063545,1099.2978257032737,1444.94639113036,1.0597160983868825,3427.754219055176,70.95753867024209,428.469277381897,8.869692333780261,ok,30
light_V0399_V_8s_2026_05_20-0072_flat_0p3_late_bias_cal.fits,2461181.7026641206,19.58766683936119,HD_103405,comparison,1186.3219157687377,162.3075609723834,1186.0206418118482,160.60101283681803,1.7329375453551394,138720.2724761963,453.2822329484218,17340.034059524536,56.66027911855272,ok,30
light_V0399_V_8s_2026_05_20-0072_flat_0p3_late_bias_cal.fits,2461181.7026641206,19.58766683936119,TYC_3452_787_1,comparison,393.1950014756258,766.6625989628961,391.0577965222137,764.3902267414643,3.1195064554548244,181235.09991455078,539.7430493296768,22654.387489318848,67.4678811662096,ok,30
light_V0399_V_8s_2026_05_20-0072_flat_0p3_late_bias_cal.fits,2461181.7026641206,19.58766683936119,HD_103187,comparison,97.14319403995617,1525.9242125864675,93.19783799415245,1524.3823406702095,4.2359418473705786,680939.8684387207,1544.4456417679364,85117.48355484009,193.05570522099205,ok,30
light_V0399_V_8s_2026_05_20-0073_flat_0p3_late_bias_cal.fits,2461181.7028560187,19.86400008201599,target,target,1958.8289421671266,643.2765335388864,1958.8289421671266,643.2765335388864,0.0,1943257.1006011963,4114.527507990024,242907.13757514954,514.315938498753,ok,32
light_V0399_V_8s_2026_05_20-0073_flat_0p3_late_bias_cal.fits,2461181.7028560187,19.86400008201599,DN_UMa,check,1884.1725528599993,697.8076161862731,1884.1725528599993,697.8076161862731,0.0,2815830.1181030273,7225.465448872202,351978.7647628784,903.1831811090252,saturated,32
light_V0399_V_8s_2026_05_20-0073_flat_0p3_late_bias_cal.fits,2461181.7028560187,19.86400008201599,gaia_774272862760870784_src1,comparison,629.4800813124627,269.31914546459694,628.4476158081959,267.706511402667,1.9148299233085102,29744.430988311768,187.74502413347184,3718.053873538971,23.46812801668398,ok,32
light_V0399_V_8s_2026_05_20-0073_flat_0p3_late_bias_cal.fits,2461181.7028560187,19.86400008201599,gaia_774271076054448768_src2,comparison,1536.3710839483444,332.1814327128016,1536.4676236790174,331.5437374097277,0.6449614090477768,20289.53500366211,154.15971167255384,2536.1918754577637,19.26996395906923,ok,32
light_V0399_V_8s_2026_05_20-0073_flat_0p3_late_bias_cal.fits,2461181.7028560187,19.86400008201599,gaia_774384016513181696_src3,comparison,420.7704843306927,1266.4809013467172,418.6734344310594,1265.0192094454715,2.5562005977073814,13228.842037200928,134.9496143853418,1653.605254650116,16.868701798167724,ok,32
light_V0399_V_8s_2026_05_20-0073_flat_0p3_late_bias_cal.fits,2461181.7028560187,19.86400008201599,gaia_774289041901756032_src4,comparison,2072.219731101725,1453.3524951679526,2071.0076352501596,1454.0332150595762,1.390163991849002,12272.565841674805,120.09795894491228,1534.0707302093506,15.012244868114035,ok,32
light_V0399_V_8s_2026_05_20-0073_flat_0p3_late_bias_cal.fits,2461181.7028560187,19.86400008201599,gaia_774287774887292672_src5,comparison,2064.162855200779,1091.6277853643237,2063.6375111296215,1092.0453924378185,0.6711051042372855,12055.590278625488,119.5704481454621,1506.948784828186,14.946306018182762,ok,32
light_V0399_V_8s_2026_05_20-0073_flat_0p3_late_bias_cal.fits,2461181.7028560187,19.86400008201599,gaia_774289488578357504_src6,comparison,970.606386684426,1111.7911900084396,969.3644767862423,1111.1684160727814,1.3893119052760043,10628.356628417969,112.68063535391339,1328.544578552246,14.085079419239174,ok,32
light_V0399_V_8s_2026_05_20-0073_flat_0p3_late_bias_cal.fits,2461181.7028560187,19.86400008201599,gaia_774288805679445888_src7,comparison,1975.3622814748196,1362.7014741476337,1974.1743987803065,1363.2716677911521,1.3176441427913925,9808.292991638184,108.1674381288861,1226.036623954773,13.520929766110763,ok,32
light_V0399_V_8s_2026_05_20-0073_flat_0p3_late_bias_cal.fits,2461181.7028560187,19.86400008201599,gaia_774290626745586944_src8,comparison,1100.8139573912229,1444.7483270953833,1100.1042834058585,1445.0921346796022,0.7885688432022706,3271.8600006103516,70.28254953162073,408.98250007629395,8.785318691452591,ok,32
light_V0399_V_8s_2026_05_20-0073_flat_0p3_late_bias_cal.fits,2461181.7028560187,19.86400008201599,HD_103405,comparison,1186.3583191804248,162.29114201900404,1186.2221385418197,161.01312170969447,1.2852552576584202,137677.64263916016,455.62797081755605,17209.70532989502,56.953496352194506,ok,32
light_V0399_V_8s_2026_05_20-0073_flat_0p3_late_bias_cal.fits,2461181.7028560187,19.86400008201599,TYC_3452_787_1,comparison,393.2712617250902,766.8670860125142,391.7232775466755,765.0202325809906,2.4097972143216717,178155.10638427734,559.0315685919719,22269.388298034668,69.87894607399649,ok,32
light_V0399_V_8s_2026_05_20-0073_flat_0p3_late_bias_cal.fits,2461181.7028560187,19.86400008201599,HD_103187,comparison,97.28971941087167,1526.1945052845529,94.2800007813305,1524.9668932289883,3.2504519051932856,672429.8151931763,1652.652114530242,84053.72689914703,206.58151431628025,ok,32
light_V0399_V_8s_2026_05_20-0074_flat_0p3_late_bias_cal.fits,2461181.7030475694,20.139833092689514,target,target,1959.6855399845351,643.5932120704991,1959.6855399845351,643.5932120704991,0.0,1526206.2646484375,5710.5583091815015,190775.7830810547,713.8197886476877,ok,25
light_V0399_V_8s_2026_05_20-0074_flat_0p3_late_bias_cal.fits,2461181.7030475694,20.139833092689514,DN_UMa,check,1884.982138020519,698.1082447530108,1884.982138020519,698.1082447530108,0.0,2162607.1884765625,9957.217884074264,270325.8985595703,1244.652235509283,ok,25
light_V0399_V_8s_2026_05_20-0074_flat_0p3_late_bias_cal.fits,2461181.7030475694,20.139833092689514,gaia_774272862760870784_src1,comparison,630.5142722436781,269.6281638918346,629.0594395931819,267.3218847730634,2.726804249415409,23015.598373413086,177.19290079685226,2876.9497966766357,22.149112599606532,ok,25
light_V0399_V_8s_2026_05_20-0074_flat_0p3_late_bias_cal.fits,2461181.7030475694,20.139833092689514,gaia_774271076054448768_src2,comparison,1537.157056765934,332.50406700644197,1537.3312367203607,331.5784344023063,0.9418781101411708,15750.163650512695,143.9010197135694,1968.770456314087,17.987627464196176,ok,25
light_V0399_V_8s_2026_05_20-0074_flat_0p3_late_bias_cal.fits,2461181.7030475694,20.139833092689514,gaia_774384016513181696_src3,comparison,421.6951186361853,1266.499081365369,418.781650969245,1264.8496642468494,3.3479651547129343,10229.884872436523,120.04963034243467,1278.7356090545654,15.006203792804333,ok,25
light_V0399_V_8s_2026_05_20-0074_flat_0p3_late_bias_cal.fits,2461181.7030475694,20.139833092689514,gaia_774289041901756032_src4,comparison,2072.9645765701384,1453.5933574162987,2071.541972651713,1454.6491724688417,1.7715945737938887,9554.530879974365,111.93058863977232,1194.3163599967957,13.99132357997154,ok,25
light_V0399_V_8s_2026_05_20-0074_flat_0p3_late_bias_cal.fits,2461181.7030475694,20.139833092689514,gaia_774287774887292672_src5,comparison,2064.835157040129,1091.9788448062516,2064.328898379325,1092.5465277753706,0.7606324901468576,9146.555992126465,108.64553312800535,1143.319499015808,13.58069164100067,ok,25
light_V0399_V_8s_2026_05_20-0074_flat_0p3_late_bias_cal.fits,2461181.7030475694,20.139833092689514,gaia_774289488578357504_src6,comparison,971.3997231597336,1111.9854111904929,969.7101513208453,1111.1938237655183,1.8658144736662254,7886.306198120117,102.82937427256313,985.7882747650146,12.853671784070391,ok,25
light_V0399_V_8s_2026_05_20-0074_flat_0p3_late_bias_cal.fits,2461181.7030475694,20.139833092689514,gaia_774288805679445888_src7,comparison,1976.047728327583,1362.8641614534097,1974.7188353905685,1363.817029893189,1.6352109043100438,7418.708915710449,98.62455905806752,927.3386144638062,12.32806988225844,ok,25
light_V0399_V_8s_2026_05_20-0074_flat_0p3_late_bias_cal.fits,2461181.7030475694,20.139833092689514,gaia_774290626745586944_src8,comparison,1101.5432391944344,1444.9119657789831,1100.3432871144491,1445.2780126950506,1.2545418841247922,2523.4785079956055,64.04296746450501,315.4348134994507,8.005370933063126,ok,25
light_V0399_V_8s_2026_05_20-0074_flat_0p3_late_bias_cal.fits,2461181.7030475694,20.139833092689514,HD_103405,comparison,1187.2221739898062,162.62975067779433,1187.0528483435896,160.84110130703294,1.7966462495415623,106195.84936523438,510.1119293088714,13274.481170654297,63.76399116360893,ok,25
light_V0399_V_8s_2026_05_20-0074_flat_0p3_late_bias_cal.fits,2461181.7030475694,20.139833092689514,TYC_3452_787_1,comparison,394.30589260400495,767.2103654802235,392.0432514406507,764.68470732814,3.390942956655378,138789.32208251953,638.8483138764573,17348.66526031494,79.85603923455716,ok,25
light_V0399_V_8s_2026_05_20-0074_flat_0p3_late_bias_cal.fits,2461181.7030475694,20.139833092689514,HD_103187,comparison,98.2550224464225,1526.4889515446387,94.17381636276673,1524.7346984931391,4.442256956318967,529114.1691894531,2167.3564026873996,66139.27114868164,270.91955033592495,ok,25
light_V0399_V_8s_2026_05_20-0075_flat_0p3_late_bias_cal.fits,2461181.7032395834,20.41633330285549,target,target,1960.8165759487783,643.7071434563917,1960.8165759487783,643.7071434563917,0.0,2033715.8474884033,3632.8995256450685,254214.48093605042,454.11244070563356,ok,30
light_V0399_V_8s_2026_05_20-0075_flat_0p3_late_bias_cal.fits,2461181.7032395834,20.41633330285549,DN_UMa,check,1886.1456413463322,698.2775080164556,1886.1456413463322,698.2775080164556,0.0,2924281.264892578,6682.573679232935,365535.15811157227,835.3217099041169,saturated,30
light_V0399_V_8s_2026_05_20-0075_flat_0p3_late_bias_cal.fits,2461181.7032395834,20.41633330285549,gaia_774272862760870784_src1,comparison,631.6245859196297,269.7543320431057,629.8388011936938,268.32829275977025,2.2853041646576715,31491.297088623047,188.92979118023132,3936.412136077881,23.616223897528915,ok,30
light_V0399_V_8s_2026_05_20-0075_flat_0p3_late_bias_cal.fits,2461181.7032395834,20.41633330285549,gaia_774271076054448768_src2,comparison,1538.428231222433,332.57896045728666,1538.2177157338083,331.96233907586793,0.651566342726212,20925.945266723633,154.54522423312852,2615.743158340454,19.318153029141065,ok,30
light_V0399_V_8s_2026_05_20-0075_flat_0p3_late_bias_cal.fits,2461181.7032395834,20.41633330285549,gaia_774384016513181696_src3,comparison,422.8249649694795,1266.8357192069132,420.23503530009816,1266.0701500467833,2.700709505164076,13994.775760650635,137.03906858960187,1749.3469700813293,17.129883573700234,ok,30
light_V0399_V_8s_2026_05_20-0075_flat_0p3_late_bias_cal.fits,2461181.7032395834,20.41633330285549,gaia_774289041901756032_src4,comparison,2074.122748769768,1453.768869402789,2073.2405775531643,1454.7419396995217,1.3134275228528314,13034.106216430664,122.70718104171216,1629.263277053833,15.33839763021402,ok,30
light_V0399_V_8s_2026_05_20-0075_flat_0p3_late_bias_cal.fits,2461181.7032395834,20.41633330285549,gaia_774287774887292672_src5,comparison,2066.0539162454106,1092.1654852865865,2065.7770599090973,1092.6192517667907,0.5315575693316378,12681.86930847168,120.69718836880404,1585.23366355896,15.087148546100504,ok,30
light_V0399_V_8s_2026_05_20-0075_flat_0p3_late_bias_cal.fits,2461181.7032395834,20.41633330285549,gaia_774289488578357504_src6,comparison,972.6752819890437,1112.1078158840028,971.0955436292477,1112.02340774372,1.5819917887135095,11079.216987609863,114.02922500172629,1384.902123451233,14.253653125215786,ok,30
light_V0399_V_8s_2026_05_20-0075_flat_0p3_late_bias_cal.fits,2461181.7032395834,20.41633330285549,gaia_774288805679445888_src7,comparison,1977.3603175876567,1363.0241440935365,1976.3480518033098,1363.9703535395283,1.3856386014555448,10139.82608795166,110.01543068015123,1267.4782609939575,13.751928835018903,ok,30
light_V0399_V_8s_2026_05_20-0075_flat_0p3_late_bias_cal.fits,2461181.7032395834,20.41633330285549,gaia_774290626745586944_src8,comparison,1102.6301254175746,1444.9565944501942,1101.9683113917185,1446.0405118540273,1.2699900563201576,3557.0199661254883,70.6807810151688,444.62749576568604,8.8350976268961,ok,30
light_V0399_V_8s_2026_05_20-0075_flat_0p3_late_bias_cal.fits,2461181.7032395834,20.41633330285549,HD_103405,comparison,1188.4777238427728,162.69072553078476,1187.7972691728928,161.45499075530125,1.410694507361791,141794.63555908203,447.3226116511628,17724.329444885254,55.91532645639535,ok,30
light_V0399_V_8s_2026_05_20-0075_flat_0p3_late_bias_cal.fits,2461181.7032395834,20.41633330285549,TYC_3452_787_1,comparison,395.5221832360478,767.3227818619578,393.14954427806447,765.8890870107158,2.772164596739871,187946.97773361206,533.4992818907157,23493.372216701508,66.68741023633946,ok,30
light_V0399_V_8s_2026_05_20-0075_flat_0p3_late_bias_cal.fits,2461181.7032395834,20.41633330285549,HD_103187,comparison,99.50155820134083,1526.5405061198608,95.78415775210078,1526.1972067215156,3.7332185278810344,729280.9041748047,1457.0534011298546,91160.11302185059,182.13167514123182,ok,30
light_V0399_V_8s_2026_05_20-0076_flat_0p3_late_bias_cal.fits,2461181.703431134,20.692166313529015,target,target,1960.0913004862234,644.6177677682358,1960.0913004862234,644.6177677682358,0.0,1769529.3521575928,4554.961845300732,221191.1690196991,569.3702306625916,ok,29
light_V0399_V_8s_2026_05_20-0076_flat_0p3_late_bias_cal.fits,2461181.703431134,20.692166313529015,DN_UMa,check,1885.3387388079268,699.1869305166396,1885.3387388079268,699.1869305166396,0.0,2574506.682373047,7817.479777862929,321813.33529663086,977.1849722328661,ok,29
light_V0399_V_8s_2026_05_20-0076_flat_0p3_late_bias_cal.fits,2461181.703431134,20.692166313529015,gaia_774272862760870784_src1,comparison,630.887399428071,270.6852380716609,628.3747244718461,268.2672228378273,3.4871669169529533,26995.213928222656,180.30960083417386,3374.401741027832,22.538700104271733,ok,29
light_V0399_V_8s_2026_05_20-0076_flat_0p3_late_bias_cal.fits,2461181.703431134,20.692166313529015,gaia_774271076054448768_src2,comparison,1537.7780008099605,333.4896677707728,1537.3601604552487,332.4287040652475,1.1402782758905081,18197.58283996582,148.13219216341915,2274.6978549957275,18.516524020427394,ok,29
light_V0399_V_8s_2026_05_20-0076_flat_0p3_late_bias_cal.fits,2461181.703431134,20.692166313529015,gaia_774384016513181696_src3,comparison,422.04059830542946,1267.5822263361074,418.09315358106915,1266.601047808822,4.067558377489635,11941.679077148438,128.3303745368292,1492.7098846435547,16.04129681710365,ok,29
light_V0399_V_8s_2026_05_20-0076_flat_0p3_late_bias_cal.fits,2461181.703431134,20.692166313529015,gaia_774289041901756032_src4,comparison,2073.2137958404646,1454.5266818576727,2072.16368690739,1456.2839976853147,2.0471657698888057,11286.206619262695,116.63636476746474,1410.775827407837,14.579545595933093,ok,29
light_V0399_V_8s_2026_05_20-0076_flat_0p3_late_bias_cal.fits,2461181.703431134,20.692166313529015,gaia_774287774887292672_src5,comparison,2065.2441735145744,1092.9788273289998,2064.8872866996326,1093.9020801173085,0.9898302429200041,10937.466415405273,115.83693275636071,1367.1833019256592,14.479616594545089,ok,29
light_V0399_V_8s_2026_05_20-0076_flat_0p3_late_bias_cal.fits,2461181.703431134,20.692166313529015,gaia_774289488578357504_src6,comparison,971.9065756497351,1112.9394172405857,969.423807792304,1112.7383620964324,2.4908953018711006,9435.156784057617,106.34558428451754,1179.3945980072021,13.293198035564693,ok,29
light_V0399_V_8s_2026_05_20-0076_flat_0p3_late_bias_cal.fits,2461181.703431134,20.692166313529015,gaia_774288805679445888_src7,comparison,1976.4918419616995,1363.90880030682,1975.2510830808005,1365.3969511560522,1.9375436899848433,8864.283416748047,104.1402587515198,1108.0354270935059,13.017532343939974,ok,29
light_V0399_V_8s_2026_05_20-0076_flat_0p3_late_bias_cal.fits,2461181.703431134,20.692166313529015,gaia_774290626745586944_src8,comparison,1101.7547741065528,1445.8873761559867,1100.2113819379508,1447.0604453435863,1.9385950337802305,3084.744529724121,67.72888552257399,385.59306621551514,8.466110690321749,ok,29
light_V0399_V_8s_2026_05_20-0076_flat_0p3_late_bias_cal.fits,2461181.703431134,20.692166313529015,HD_103405,comparison,1187.877211690482,163.6445323306399,1186.783280764991,161.61500135589029,2.305576033709027,123443.97421264648,461.5490997803138,15430.49677658081,57.69363747253922,ok,29
light_V0399_V_8s_2026_05_20-0076_flat_0p3_late_bias_cal.fits,2461181.703431134,20.692166313529015,TYC_3452_787_1,comparison,394.7552610044738,768.1005215561808,391.25429207891307,766.0530119128955,4.055746436488373,161958.04583740234,568.401119110122,20244.755729675293,71.05013988876524,ok,29
light_V0399_V_8s_2026_05_20-0076_flat_0p3_late_bias_cal.fits,2461181.703431134,20.692166313529015,HD_103187,comparison,98.67241336424198,1527.336892360839,93.27537358841005,1526.7391058454546,5.43004484879154,632603.8909454346,1718.9372919450277,79075.48636817932,214.86716149312846,ok,29
light_V0399_V_8s_2026_05_20-0077_flat_0p3_late_bias_cal.fits,2461181.703622338,20.967499762773514,target,target,1960.9800871198076,644.2790011405763,1960.9800871198076,644.2790011405763,0.0,2001638.0248260498,3734.704308102451,250204.75310325623,466.83803851280635,ok,32
light_V0399_V_8s_2026_05_20-0077_flat_0p3_late_bias_cal.fits,2461181.703622338,20.967499762773514,DN_UMa,check,1886.3363633171004,698.7792366613168,1886.3363633171004,698.7792366613168,0.0,2950681.1650390625,6634.540896396412,368835.1456298828,829.3176120495515,saturated,32
light_V0399_V_8s_2026_05_20-0077_flat_0p3_late_bias_cal.fits,2461181.703622338,20.967499762773514,gaia_774272862760870784_src1,comparison,631.7962967171936,270.39941841094287,631.0786068518844,268.57348985555603,1.9619107604946406,31234.720153808594,188.54591735825286,3904.340019226074,23.568239669781608,ok,32
light_V0399_V_8s_2026_05_20-0077_flat_0p3_late_bias_cal.fits,2461181.703622338,20.967499762773514,gaia_774271076054448768_src2,comparison,1538.5921845319103,333.2539565664931,1538.807418570085,332.5623711482772,0.7243038601843108,21115.427825927734,154.82194590580605,2639.428478240967,19.352743238225756,ok,32
light_V0399_V_8s_2026_05_20-0077_flat_0p3_late_bias_cal.fits,2461181.703622338,20.967499762773514,gaia_774384016513181696_src3,comparison,423.254200640929,1267.364234200693,421.180792501274,1265.5400120484485,2.7616675712922945,13977.599815368652,137.56152083623394,1747.1999769210815,17.195190104529242,ok,32
light_V0399_V_8s_2026_05_20-0077_flat_0p3_late_bias_cal.fits,2461181.703622338,20.967499762773514,gaia_774289041901756032_src4,comparison,2074.323598019996,1454.2908654683306,2072.971358877839,1454.8075904657767,1.4476033367491412,13206.408931732178,123.88852634093533,1650.8011164665222,15.486065792616916,ok,32
light_V0399_V_8s_2026_05_20-0077_flat_0p3_late_bias_cal.fits,2461181.703622338,20.967499762773514,gaia_774287774887292672_src5,comparison,2066.2499343865547,1092.5995005567784,2065.6717827638267,1092.929664270378,0.6657832805357312,12812.417831420898,122.19678336404577,1601.5522289276123,15.274597920505721,ok,32
light_V0399_V_8s_2026_05_20-0077_flat_0p3_late_bias_cal.fits,2461181.703622338,20.967499762773514,gaia_774289488578357504_src6,comparison,972.8084441939209,1112.6002157901696,971.731555833804,1111.8403948491139,1.3179591809392441,11081.929595947266,114.56803131678522,1385.2411994934082,14.321003914598153,ok,32
light_V0399_V_8s_2026_05_20-0077_flat_0p3_late_bias_cal.fits,2461181.703622338,20.967499762773514,gaia_774288805679445888_src7,comparison,1977.526763618549,1363.5076067257942,1976.1850125080095,1364.0556804379903,1.4493725665384747,10235.549453735352,111.05979409829649,1279.443681716919,13.882474262287062,ok,32
light_V0399_V_8s_2026_05_20-0077_flat_0p3_late_bias_cal.fits,2461181.703622338,20.967499762773514,gaia_774290626745586944_src8,comparison,1102.843863682756,1445.4620462572761,1102.3681804167468,1445.6861162049947,0.5258154724156775,3605.566246032715,71.48858144685447,450.69578075408936,8.936072680856809,ok,32
light_V0399_V_8s_2026_05_20-0077_flat_0p3_late_bias_cal.fits,2461181.703622338,20.967499762773514,HD_103405,comparison,1188.6529983227042,163.38061181459835,1188.7017775166796,162.0181148035673,1.363369911224919,143423.9887046814,450.52163638840545,17927.998588085175,56.31520454855068,ok,32
light_V0399_V_8s_2026_05_20-0077_flat_0p3_late_bias_cal.fits,2461181.703622338,20.967499762773514,TYC_3452_787_1,comparison,395.7391480352567,767.7920634806428,394.3332363615932,765.6896672587443,2.5291614238708386,185272.5803375244,531.7429277779966,23159.07254219055,66.46786597224957,ok,32
light_V0399_V_8s_2026_05_20-0077_flat_0p3_late_bias_cal.fits,2461181.703622338,20.967499762773514,HD_103187,comparison,99.7429729244007,1527.0975787387779,96.83805355160757,1525.3465888605751,3.3918316756580507,710371.8500976562,1480.3351834980458,88796.48126220703,185.04189793725573,ok,32
light_V0399_V_8s_2026_05_20-0078_flat_0p3_late_bias_cal.fits,2461181.703814236,21.243833005428314,target,target,1961.7595118364281,644.1050997660669,1961.7595118364281,644.1050997660669,0.0,1747997.7822265625,4877.174629628435,218499.7227783203,609.6468287035543,ok,29
light_V0399_V_8s_2026_05_20-0078_flat_0p3_late_bias_cal.fits,2461181.703814236,21.243833005428314,DN_UMa,check,1887.0625146966902,698.6509677030143,1887.0625146966902,698.6509677030143,0.0,2551088.628540039,8768.65714707853,318886.0785675049,1096.0821433848162,ok,29
light_V0399_V_8s_2026_05_20-0078_flat_0p3_late_bias_cal.fits,2461181.703814236,21.243833005428314,gaia_774272862760870784_src1,comparison,632.3635004120799,270.14455346837934,630.8296135989785,268.19357665266,2.481757298947809,27040.883277893066,183.88075369901418,3380.1104097366333,22.985094212376772,ok,29
light_V0399_V_8s_2026_05_20-0078_flat_0p3_late_bias_cal.fits,2461181.703814236,21.243833005428314,gaia_774271076054448768_src2,comparison,1539.1159689327776,333.137991463587,1539.2490482622848,332.1774495599915,0.9697168950291581,17898.9874420166,148.50121120609873,2237.373430252075,18.56265140076234,ok,29
light_V0399_V_8s_2026_05_20-0078_flat_0p3_late_bias_cal.fits,2461181.703814236,21.243833005428314,gaia_774384016513181696_src3,comparison,423.61204925468076,1267.1039818688776,420.8316542012533,1265.9268337617768,3.0193168629964537,11907.413368225098,129.0769272965813,1488.4266710281372,16.13461591207266,ok,29
light_V0399_V_8s_2026_05_20-0078_flat_0p3_late_bias_cal.fits,2461181.703814236,21.243833005428314,gaia_774289041901756032_src4,comparison,2074.8353140586246,1453.9573789243884,2073.8832309264353,1455.2404050864961,1.597691592032766,11023.841941833496,117.15545145507114,1377.980242729187,14.644431431883893,ok,29
light_V0399_V_8s_2026_05_20-0078_flat_0p3_late_bias_cal.fits,2461181.703814236,21.243833005428314,gaia_774287774887292672_src5,comparison,2067.000476577562,1092.402219140491,2066.5568319314925,1093.0890841605128,0.817682167908542,10772.194244384766,114.86975777943951,1346.5242805480957,14.358719722429939,ok,29
light_V0399_V_8s_2026_05_20-0078_flat_0p3_late_bias_cal.fits,2461181.703814236,21.243833005428314,gaia_774289488578357504_src6,comparison,973.5214226875502,1112.3865482291415,971.7899596509262,1112.0785113378154,1.7586503272717025,9551.940185546875,108.05423138118083,1193.9925231933594,13.506778922647603,ok,29
light_V0399_V_8s_2026_05_20-0078_flat_0p3_late_bias_cal.fits,2461181.703814236,21.243833005428314,gaia_774288805679445888_src7,comparison,1978.1788688445447,1363.3228984749946,1977.018307153772,1364.4255219248682,1.6008378775817413,8717.187328338623,104.551520206549,1089.6484160423279,13.068940025818625,ok,29
light_V0399_V_8s_2026_05_20-0078_flat_0p3_late_bias_cal.fits,2461181.703814236,21.243833005428314,gaia_774290626745586944_src8,comparison,1103.7065753812878,1445.13101396376,1102.5450833851921,1446.1691567345931,1.5578202943944714,3058.446823120117,68.74573314244029,382.30585289001465,8.593216642805036,ok,29
light_V0399_V_8s_2026_05_20-0078_flat_0p3_late_bias_cal.fits,2461181.703814236,21.243833005428314,HD_103405,comparison,1189.152681343741,163.35210738365691,1188.868452725375,161.52475302749258,1.8493268641565455,121360.19248962402,479.26136127596544,15170.024061203003,59.90767015949568,ok,29
light_V0399_V_8s_2026_05_20-0078_flat_0p3_late_bias_cal.fits,2461181.703814236,21.243833005428314,TYC_3452_787_1,comparison,396.2156083364194,767.6230208959264,393.93436289006513,765.6998443708177,2.983737376720895,163571.44860839844,597.1910235264078,20446.431076049805,74.64887794080097,ok,29
light_V0399_V_8s_2026_05_20-0078_flat_0p3_late_bias_cal.fits,2461181.703814236,21.243833005428314,HD_103187,comparison,100.28002120603045,1526.7409970267015,96.25878459494697,1525.9490902101707,4.0984704815804385,616194.2291946411,1881.3138228836801,77024.27864933014,235.16422786046002,ok,29
light_V0399_V_8s_2026_05_20-0079_flat_0p3_late_bias_cal.fits,2461181.7040060186,21.51999995112419,target,target,1961.2474965339209,645.3916249144576,1961.2474965339209,645.3916249144576,0.0,2144849.3251953125,3336.5728818202833,268106.16564941406,417.0716102275354,ok,33
light_V0399_V_8s_2026_05_20-0079_flat_0p3_late_bias_cal.fits,2461181.7040060186,21.51999995112419,DN_UMa,check,1886.5263083182,700.0062420730293,1886.5263083182,700.0062420730293,0.0,3036938.522338867,6084.452977933099,379617.3152923584,760.5566222416373,saturated,33
light_V0399_V_8s_2026_05_20-0079_flat_0p3_late_bias_cal.fits,2461181.7040060186,21.51999995112419,gaia_774272862760870784_src1,comparison,631.9652086686851,271.36006423744146,629.2853963963421,269.8295715627918,3.08606572226787,32343.413719177246,190.60132067543788,4042.9267148971558,23.825165084429734,ok,33
light_V0399_V_8s_2026_05_20-0079_flat_0p3_late_bias_cal.fits,2461181.7040060186,21.51999995112419,gaia_774271076054448768_src2,comparison,1538.8910955734232,334.21701375513527,1538.3234509183017,333.44981361162667,0.954367075441961,21854.87158203125,156.53528637111071,2731.8589477539062,19.56691079638884,ok,33
light_V0399_V_8s_2026_05_20-0079_flat_0p3_late_bias_cal.fits,2461181.7040060186,21.51999995112419,gaia_774384016513181696_src3,comparison,423.24832742749675,1268.4023143858908,419.5960594160654,1268.3045922906717,3.6535751306383304,14690.879348754883,140.33981928320028,1836.3599185943604,17.542477410400036,ok,33
light_V0399_V_8s_2026_05_20-0079_flat_0p3_late_bias_cal.fits,2461181.7040060186,21.51999995112419,gaia_774289041901756032_src4,comparison,2074.3698393707723,1455.4821485654536,2073.8058476208635,1457.0038061236141,1.6228149673552845,13475.31616973877,124.67431560064719,1684.4145212173462,15.584289450080899,ok,33
light_V0399_V_8s_2026_05_20-0079_flat_0p3_late_bias_cal.fits,2461181.7040060186,21.51999995112419,gaia_774287774887292672_src5,comparison,2066.3429806233517,1093.7508674282935,2066.313155118788,1094.6205110857397,0.8701549584176866,13292.706604003906,123.04066506702446,1661.5883255004883,15.380083133378058,ok,33
light_V0399_V_8s_2026_05_20-0079_flat_0p3_late_bias_cal.fits,2461181.7040060186,21.51999995112419,gaia_774289488578357504_src6,comparison,972.9908800649062,1113.656945760024,970.843627139351,1114.1105846274393,2.194648798403699,11358.940017700195,115.07225054662881,1419.8675022125244,14.384031318328601,ok,33
light_V0399_V_8s_2026_05_20-0079_flat_0p3_late_bias_cal.fits,2461181.7040060186,21.51999995112419,gaia_774288805679445888_src7,comparison,1977.582312540411,1364.721898882701,1976.8374962669714,1366.1731382737291,1.6312103025828217,10806.137565612793,112.46383203679383,1350.7671957015991,14.057979004599229,ok,33
light_V0399_V_8s_2026_05_20-0079_flat_0p3_late_bias_cal.fits,2461181.7040060186,21.51999995112419,gaia_774290626745586944_src8,comparison,1103.068323453622,1446.676808844146,1101.8327035328184,1448.3599224819332,2.087972247514703,3683.145820617676,72.55497345067154,460.3932275772095,9.069371681333942,ok,33
light_V0399_V_8s_2026_05_20-0079_flat_0p3_late_bias_cal.fits,2461181.7040060186,21.51999995112419,HD_103405,comparison,1189.001931922834,164.3704492247963,1187.6391410994931,162.8425507897972,2.0473574323636883,145602.92030334473,439.36013557959393,18200.36503791809,54.92001694744924,ok,33
light_V0399_V_8s_2026_05_20-0079_flat_0p3_late_bias_cal.fits,2461181.7040060186,21.51999995112419,TYC_3452_787_1,comparison,395.8927595707498,768.7310968369918,392.4581744925024,767.7646686510859,3.5679627377864986,194750.4107284546,528.2096456240974,24343.801341056824,66.02620570301218,ok,33
light_V0399_V_8s_2026_05_20-0079_flat_0p3_late_bias_cal.fits,2461181.7040060186,21.51999995112419,HD_103187,comparison,99.81978508256407,1527.9416287494964,94.92833829993197,1528.6405238970679,4.941123966732753,734764.2894744873,1392.6031902358761,91845.53618431091,174.07539877948452,ok,33
light_V0399_V_8s_2026_05_20-0080_flat_0p3_late_bias_cal.fits,2461181.7041976852,21.79599992930889,target,target,1963.5335899202446,646.1852098520089,1963.5335899202446,646.1852098520089,0.0,2094391.723739624,3398.6415656125905,261798.965467453,424.8301957015738,ok,34
light_V0399_V_8s_2026_05_20-0080_flat_0p3_late_bias_cal.fits,2461181.7041976852,21.79599992930889,DN_UMa,check,1888.848737510253,700.7304246635341,1888.848737510253,700.7304246635341,0.0,3001336.770629883,6432.590150585903,375167.09632873535,804.0737688232379,saturated,34
light_V0399_V_8s_2026_05_20-0080_flat_0p3_late_bias_cal.fits,2461181.7041976852,21.79599992930889,gaia_774272862760870784_src1,comparison,634.494827673718,272.0203922338197,632.7234032497038,270.4105844910642,2.3936218286583038,32157.715728759766,189.81079423076474,4019.7144660949707,23.726349278845593,ok,34
light_V0399_V_8s_2026_05_20-0080_flat_0p3_late_bias_cal.fits,2461181.7041976852,21.79599992930889,gaia_774271076054448768_src2,comparison,1541.2008834034646,335.050286435898,1541.0473143661634,334.32224338718436,0.7440632567180323,21459.186973571777,155.51691948920308,2682.398371696472,19.439614936150384,ok,34
light_V0399_V_8s_2026_05_20-0080_flat_0p3_late_bias_cal.fits,2461181.7041976852,21.79599992930889,gaia_774384016513181696_src3,comparison,425.5718864988778,1268.953696778954,422.8201561303865,1268.0489489992233,2.896651267551017,14221.004753112793,137.95528932392932,1777.6255941390991,17.244411165491165,ok,34
light_V0399_V_8s_2026_05_20-0080_flat_0p3_late_bias_cal.fits,2461181.7041976852,21.79599992930889,gaia_774289041901756032_src4,comparison,2076.7910506865696,1456.2377917738625,2075.7031365459793,1457.223080392106,1.4677707036648773,13141.079620361328,123.0155935059058,1642.634952545166,15.376949188238225,ok,34
light_V0399_V_8s_2026_05_20-0080_flat_0p3_late_bias_cal.fits,2461181.7041976852,21.79599992930889,gaia_774287774887292672_src5,comparison,2068.769883764635,1094.602656425892,2068.351567179195,1095.1121962333257,0.6592568399443497,13169.77018737793,123.2473072588072,1646.2212734222412,15.4059134073509,ok,34
light_V0399_V_8s_2026_05_20-0080_flat_0p3_late_bias_cal.fits,2461181.7041976852,21.79599992930889,gaia_774289488578357504_src6,comparison,975.3260752308371,1114.4162739747658,973.7067068706194,1114.1780603169666,1.6367955378837358,11464.287902832031,115.82924456758461,1433.035987854004,14.478655570948076,ok,34
light_V0399_V_8s_2026_05_20-0080_flat_0p3_late_bias_cal.fits,2461181.7041976852,21.79599992930889,gaia_774288805679445888_src7,comparison,1979.9922474418424,1365.3720457724605,1978.842373544769,1366.4251538714063,1.559245537827803,10199.29460144043,110.31570932992577,1274.9118251800537,13.78946366624072,ok,34
light_V0399_V_8s_2026_05_20-0080_flat_0p3_late_bias_cal.fits,2461181.7041976852,21.79599992930889,gaia_774290626745586944_src8,comparison,1105.3557547331243,1447.2208091758366,1104.471385552432,1448.2225076290974,1.3362292614007563,3655.55850982666,73.15023593613084,456.9448137283325,9.143779492016355,ok,34
light_V0399_V_8s_2026_05_20-0080_flat_0p3_late_bias_cal.fits,2461181.7041976852,21.79599992930889,HD_103405,comparison,1191.1967676637794,165.2609918633848,1190.6930916224876,163.71348724624067,1.627409012711221,146237.3002166748,439.689674615689,18279.66252708435,54.961209326961125,ok,34
light_V0399_V_8s_2026_05_20-0080_flat_0p3_late_bias_cal.fits,2461181.7041976852,21.79599992930889,TYC_3452_787_1,comparison,398.2402303762926,769.4949344632751,395.8899468528871,767.8790169922722,2.8521959809037543,193917.37353515625,526.6554404250826,24239.67169189453,65.83193005313532,ok,34
light_V0399_V_8s_2026_05_20-0080_flat_0p3_late_bias_cal.fits,2461181.7041976852,21.79599992930889,HD_103187,comparison,102.1190545578893,1528.7464656749846,98.30170826389826,1528.0658316600823,3.8775501789775975,723907.5769195557,1435.6099715629098,90488.44711494446,179.45124644536372,ok,34
light_V0399_V_8s_2026_05_20-0081_flat_0p3_late_bias_cal.fits,2461181.704389352,22.07199990749359,target,target,1963.3436744330938,645.7780818433697,1963.3436744330938,645.7780818433697,0.0,1998524.0490722656,3920.9297035497625,249815.5061340332,490.1162129437203,ok,31
light_V0399_V_8s_2026_05_20-0081_flat_0p3_late_bias_cal.fits,2461181.704389352,22.07199990749359,DN_UMa,check,1888.5921118396502,700.3403562946859,1888.5921118396502,700.3403562946859,0.0,2904353.5927734375,7076.62410330614,363044.1990966797,884.5780129132675,saturated,31
light_V0399_V_8s_2026_05_20-0081_flat_0p3_late_bias_cal.fits,2461181.704389352,22.07199990749359,gaia_774272862760870784_src1,comparison,634.2046005906135,271.6379479050715,631.7173774342157,269.3757553698712,3.362111553181652,31228.467071533203,190.117733259735,3903.5583839416504,23.764716657466874,ok,31
light_V0399_V_8s_2026_05_20-0081_flat_0p3_late_bias_cal.fits,2461181.704389352,22.07199990749359,gaia_774271076054448768_src2,comparison,1540.9293831726375,334.6997201769913,1540.6515505981629,333.5827185146085,1.1510359043944813,20661.50193786621,153.85683669489651,2582.6877422332764,19.232104586862064,ok,31
light_V0399_V_8s_2026_05_20-0081_flat_0p3_late_bias_cal.fits,2461181.704389352,22.07199990749359,gaia_774384016513181696_src3,comparison,425.13726608035984,1268.6693247474502,421.3932084235212,1267.6457638539578,3.8814487811150236,13780.185516357422,136.08442655599674,1722.5231895446777,17.010553319499593,ok,31
light_V0399_V_8s_2026_05_20-0081_flat_0p3_late_bias_cal.fits,2461181.704389352,22.07199990749359,gaia_774289041901756032_src4,comparison,2076.496315563694,1455.790522368354,2075.3665395247494,1457.4076404682403,1.9726796108728828,12882.597625732422,121.87380296333421,1610.3247032165527,15.234225370416777,ok,31
light_V0399_V_8s_2026_05_20-0081_flat_0p3_late_bias_cal.fits,2461181.704389352,22.07199990749359,gaia_774287774887292672_src5,comparison,2068.5247722239137,1094.141671872671,2068.109999679968,1095.0443937206935,0.9934500481194019,12417.7652053833,120.95189375990027,1552.2206506729126,15.118986719987534,ok,31
light_V0399_V_8s_2026_05_20-0081_flat_0p3_late_bias_cal.fits,2461181.704389352,22.07199990749359,gaia_774289488578357504_src6,comparison,974.9591066157537,1114.0012787691514,972.7031316268085,1113.820804975385,2.2631822597800015,10583.165027618408,111.7390626612441,1322.895628452301,13.967382832655513,ok,31
light_V0399_V_8s_2026_05_20-0081_flat_0p3_late_bias_cal.fits,2461181.704389352,22.07199990749359,gaia_774288805679445888_src7,comparison,1979.7071619792462,1365.0367208331036,1978.463918543854,1366.5201658144683,1.935526608543972,9680.941356658936,107.5702945098728,1210.117669582367,13.4462868137341,ok,31
light_V0399_V_8s_2026_05_20-0081_flat_0p3_late_bias_cal.fits,2461181.704389352,22.07199990749359,gaia_774290626745586944_src8,comparison,1105.0963090583186,1446.8368109324,1103.4658566909459,1448.1323319818075,2.082486425340887,3452.4725036621094,70.88714028852222,431.5590629577637,8.860892536065277,ok,31
light_V0399_V_8s_2026_05_20-0081_flat_0p3_late_bias_cal.fits,2461181.704389352,22.07199990749359,HD_103405,comparison,1190.941070880123,164.8229430022647,1190.1022929012577,162.75915779839426,2.2277248181820375,138458.07279968262,451.4556875545936,17307.259099960327,56.4319609443242,ok,31
light_V0399_V_8s_2026_05_20-0081_flat_0p3_late_bias_cal.fits,2461181.704389352,22.07199990749359,TYC_3452_787_1,comparison,397.8718078077165,769.1215595199978,394.582662573903,767.1226150966024,3.8489290948186605,184132.56644439697,541.1754242793928,23016.57080554962,67.6469280349241,ok,31
light_V0399_V_8s_2026_05_20-0081_flat_0p3_late_bias_cal.fits,2461181.704389352,22.07199990749359,HD_103187,comparison,101.69855743859026,1528.305276738313,96.5785322888446,1527.752679594223,5.149759328132185,723988.3725357056,1484.08715609499,90498.5465669632,185.51089451187374,ok,31
light_V0399_V_8s_2026_05_20-0082_flat_0p3_late_bias_cal.fits,2461181.704580671,22.347499653697014,target,target,1964.2648883076095,646.6424673181376,1964.2648883076095,646.6424673181376,0.0,2297888.494125366,2946.4755056567633,287236.0617656708,368.3094382070954,saturated,32
light_V0399_V_8s_2026_05_20-0082_flat_0p3_late_bias_cal.fits,2461181.704580671,22.347499653697014,DN_UMa,check,1889.5520543625737,701.2362837547258,1889.5520543625737,701.2362837547258,0.0,3180104.955078125,5329.880067676992,397513.1193847656,666.235008459624,saturated,32
light_V0399_V_8s_2026_05_20-0082_flat_0p3_late_bias_cal.fits,2461181.704580671,22.347499653697014,gaia_774272862760870784_src1,comparison,635.0222933512216,272.64140977848285,632.6246378966737,270.9868591549312,2.913123657625706,34629.72344970703,194.2014652783234,4328.715431213379,24.275183159790426,ok,32
light_V0399_V_8s_2026_05_20-0082_flat_0p3_late_bias_cal.fits,2461181.704580671,22.347499653697014,gaia_774271076054448768_src2,comparison,1541.7945174660103,335.5191644701895,1541.4677356881746,334.7105478981978,0.8721508417843378,23630.032070159912,161.5977795040397,2953.754008769989,20.19972243800496,ok,32
light_V0399_V_8s_2026_05_20-0082_flat_0p3_late_bias_cal.fits,2461181.704580671,22.347499653697014,gaia_774384016513181696_src3,comparison,401.60494424310406,1245.3234407474474,422.85040654216436,1269.22982128794,31.982568671819276,2161.946846008301,62.02333111317149,270.2433557510376,7.752916389146436,ok,32
light_V0399_V_8s_2026_05_20-0082_flat_0p3_late_bias_cal.fits,2461181.704580671,22.347499653697014,gaia_774289041901756032_src4,comparison,2077.4982664906292,1456.7173691355983,2076.6960770736127,1458.1022947621555,1.6004770700850028,14800.609786987305,129.45906771471468,1850.076223373413,16.182383464339335,ok,32
light_V0399_V_8s_2026_05_20-0082_flat_0p3_late_bias_cal.fits,2461181.704580671,22.347499653697014,gaia_774287774887292672_src5,comparison,2069.4354308484485,1095.0780687260444,2069.251374477156,1095.792506920551,0.7377660073378259,14304.825721740723,127.22160365553626,1788.1032152175903,15.902700456942032,ok,32
light_V0399_V_8s_2026_05_20-0082_flat_0p3_late_bias_cal.fits,2461181.704580671,22.347499653697014,gaia_774289488578357504_src6,comparison,976.0309940644861,1114.9174698493032,974.0044607251776,1115.1381583526197,2.038514358748737,12297.70230102539,118.35735178307618,1537.2127876281738,14.794668972884523,ok,32
light_V0399_V_8s_2026_05_20-0082_flat_0p3_late_bias_cal.fits,2461181.704580671,22.347499653697014,gaia_774288805679445888_src7,comparison,1980.6658120275792,1365.9568178441896,1979.7592947908554,1367.2778626937566,1.6021650960637372,11323.526321411133,114.1859816963645,1415.4407901763916,14.273247712045562,ok,32
light_V0399_V_8s_2026_05_20-0082_flat_0p3_late_bias_cal.fits,2461181.704580671,22.347499653697014,gaia_774290626745586944_src8,comparison,1106.225713037772,1447.823868842645,1104.9237756457653,1449.3356001076252,1.9950870633192663,3935.6001510620117,73.23885918231016,491.95001888275146,9.15485739778877,ok,32
light_V0399_V_8s_2026_05_20-0082_flat_0p3_late_bias_cal.fits,2461181.704580671,22.347499653697014,HD_103405,comparison,1191.993558529465,165.59519520070884,1190.8773578025157,164.093393223364,1.8711796391578763,157109.64630126953,438.8397711823073,19638.70578765869,54.85497139778841,ok,32
light_V0399_V_8s_2026_05_20-0082_flat_0p3_late_bias_cal.fits,2461181.704580671,22.347499653697014,TYC_3452_787_1,comparison,398.8915272836861,770.0334810826794,395.7822573770002,768.7892770926023,3.348970427093439,208295.0263671875,513.6630102967005,26036.878295898438,64.20787628708756,ok,32
light_V0399_V_8s_2026_05_20-0082_flat_0p3_late_bias_cal.fits,2461181.704580671,22.347499653697014,HD_103187,comparison,102.82428040197642,1529.1997949616339,98.21603291216957,1529.4706395827484,4.616199923757404,810078.8412628174,1280.5046487000388,101259.85515785217,160.06308108750486,ok,32
light_V0399_V_8s_2026_05_20-0083_flat_0p3_late_bias_cal.fits,2461181.704772338,22.623499631881714,target,target,1963.720210836995,645.3529226973137,1963.720210836995,645.3529226973137,0.0,1817600.740234375,4587.971489948659,227200.09252929688,573.4964362435824,ok,32
light_V0399_V_8s_2026_05_20-0083_flat_0p3_late_bias_cal.fits,2461181.704772338,22.623499631881714,DN_UMa,check,1888.9740424149395,699.8601553627682,1888.9740424149395,699.8601553627682,0.0,2583903.3508911133,7844.172312031294,322987.91886138916,980.5215390039117,saturated,32
light_V0399_V_8s_2026_05_20-0083_flat_0p3_late_bias_cal.fits,2461181.704772338,22.623499631881714,gaia_774272862760870784_src1,comparison,634.473034289657,271.3991363067578,632.7914166876662,268.5063597721943,3.3460415177110865,27579.044876098633,183.54822060531242,3447.380609512329,22.943527575664053,ok,32
light_V0399_V_8s_2026_05_20-0083_flat_0p3_late_bias_cal.fits,2461181.704772338,22.623499631881714,gaia_774271076054448768_src2,comparison,1541.2411772232597,334.3630813543157,1541.3354484022284,333.09319473414575,1.2733809654894142,18872.662887573242,149.2154663619238,2359.0828609466553,18.651933295240475,ok,32
light_V0399_V_8s_2026_05_20-0083_flat_0p3_late_bias_cal.fits,2461181.704772338,22.623499631881714,gaia_774384016513181696_src3,comparison,425.57664938482776,1268.389192971242,422.1056438293524,1266.2855238579418,4.058731735948296,12236.313262939453,128.55254086045395,1529.5391578674316,16.069067607556743,ok,32
light_V0399_V_8s_2026_05_20-0083_flat_0p3_late_bias_cal.fits,2461181.704772338,22.623499631881714,gaia_774289041901756032_src4,comparison,2077.0144098468004,1455.3772112245736,2075.336513961335,1456.709643199134,2.142594121454673,11402.200771331787,118.1507631816607,1425.2750964164734,14.768845397707587,ok,32
light_V0399_V_8s_2026_05_20-0083_flat_0p3_late_bias_cal.fits,2461181.704772338,22.623499631881714,gaia_774287774887292672_src5,comparison,2068.9008286060766,1093.7252511402228,2068.244483670378,1094.4872798205197,1.0057218224798765,10995.978591918945,115.41503527229288,1374.4973239898682,14.42687940903661,ok,32
light_V0399_V_8s_2026_05_20-0083_flat_0p3_late_bias_cal.fits,2461181.704772338,22.623499631881714,gaia_774289488578357504_src6,comparison,975.509616609159,1113.6056994768776,973.2649086809462,1112.7676432236017,2.396049241279583,9740.591903686523,108.66280395443337,1217.5739879608154,13.582850494304171,ok,32
light_V0399_V_8s_2026_05_20-0083_flat_0p3_late_bias_cal.fits,2461181.704772338,22.623499631881714,gaia_774288805679445888_src7,comparison,1980.1687284672855,1364.6400631268768,1978.5129715078622,1365.815095430589,2.030328058084719,9046.24732208252,105.5103410905386,1130.780915260315,13.188792636317325,ok,32
light_V0399_V_8s_2026_05_20-0083_flat_0p3_late_bias_cal.fits,2461181.704772338,22.623499631881714,gaia_774290626745586944_src8,comparison,1105.4668740757218,1446.7734949751302,1103.8265148157238,1447.0045306400343,1.6565494198238102,3121.6527786254883,69.04726238806147,390.20659732818604,8.630907798507684,ok,32
light_V0399_V_8s_2026_05_20-0083_flat_0p3_late_bias_cal.fits,2461181.704772338,22.623499631881714,HD_103405,comparison,1191.2898061948968,164.40373579759424,1191.0018037589616,162.1812202540545,2.2410981112794532,127618.8803100586,473.19453689444265,15952.360038757324,59.14931711180533,ok,32
light_V0399_V_8s_2026_05_20-0083_flat_0p3_late_bias_cal.fits,2461181.704772338,22.623499631881714,TYC_3452_787_1,comparison,398.3231844334703,768.7945276333193,395.5290075216583,765.9494861583706,3.9876917645025287,164484.49689483643,574.446444567328,20560.562111854553,71.805805570916,ok,32
light_V0399_V_8s_2026_05_20-0083_flat_0p3_late_bias_cal.fits,2461181.704772338,22.623499631881714,HD_103187,comparison,102.3136839774019,1528.1445115533695,97.30413928964117,1526.1441134320671,5.394175620276173,618828.9808807373,1808.6768427976267,77353.62261009216,226.08460534970334,ok,32
light_V0399_V_8s_2026_05_20-0084_flat_0p3_late_bias_cal.fits,2461181.704964236,22.899832874536514,target,target,1964.4299897041221,646.6084305135871,1964.4299897041221,646.6084305135871,0.0,1759995.175857544,4644.505409231634,219999.396982193,580.5631761539543,ok,30
light_V0399_V_8s_2026_05_20-0084_flat_0p3_late_bias_cal.fits,2461181.704964236,22.899832874536514,DN_UMa,check,1889.7012939564777,701.153965880614,1889.7012939564777,701.153965880614,0.0,2535535.494506836,8134.327264606903,316941.9368133545,1016.7909080758628,ok,30
light_V0399_V_8s_2026_05_20-0084_flat_0p3_late_bias_cal.fits,2461181.704964236,22.899832874536514,gaia_774272862760870784_src1,comparison,635.1449579251499,272.6975534334961,633.2116109300778,270.32080231488374,3.063784666581479,26712.000610351562,181.38135111819167,3339.0000762939453,22.67266888977396,ok,30
light_V0399_V_8s_2026_05_20-0084_flat_0p3_late_bias_cal.fits,2461181.704964236,22.899832874536514,gaia_774271076054448768_src2,comparison,1541.891744077638,335.5133707285943,1541.8674306384162,334.50848716526997,1.0051776555247118,18561.405075073242,149.4133532060976,2320.1756343841553,18.6766691507622,ok,30
light_V0399_V_8s_2026_05_20-0084_flat_0p3_late_bias_cal.fits,2461181.704964236,22.899832874536514,gaia_774384016513181696_src3,comparison,426.3962988445851,1269.704327928253,422.9514254272433,1268.285040139015,3.7257926257627094,11906.591323852539,129.1687182765333,1488.3239154815674,16.146089784566662,ok,30
light_V0399_V_8s_2026_05_20-0084_flat_0p3_late_bias_cal.fits,2461181.704964236,22.899832874536514,gaia_774289041901756032_src4,comparison,2077.599171716657,1456.684926693661,2076.4182103891044,1457.9895056986104,1.7597147602181766,11145.962265014648,117.80406408169338,1393.245283126831,14.725508010211673,ok,30
light_V0399_V_8s_2026_05_20-0084_flat_0p3_late_bias_cal.fits,2461181.704964236,22.899832874536514,gaia_774287774887292672_src5,comparison,2069.6119333159063,1094.929887427619,2069.1640451291114,1095.7372158209105,0.9232458840878204,10865.400802612305,115.1165457563691,1358.175100326538,14.389568219546138,ok,30
light_V0399_V_8s_2026_05_20-0084_flat_0p3_late_bias_cal.fits,2461181.704964236,22.899832874536514,gaia_774289488578357504_src6,comparison,976.1300401540427,1114.96822087068,974.092595748758,1114.5074163758065,2.0889041354551665,9362.369232177734,107.1514992533072,1170.2961540222168,13.3939374066634,ok,30
light_V0399_V_8s_2026_05_20-0084_flat_0p3_late_bias_cal.fits,2461181.704964236,22.899832874536514,gaia_774288805679445888_src7,comparison,1980.8581119462644,1365.7481136220074,1979.5453004016972,1367.1298210740554,1.9059353699939385,8598.866905212402,103.31506915921821,1074.8583631515503,12.914383644902276,ok,30
light_V0399_V_8s_2026_05_20-0084_flat_0p3_late_bias_cal.fits,2461181.704964236,22.899832874536514,gaia_774290626745586944_src8,comparison,1106.2155748398764,1447.9656257031245,1104.8151389782038,1448.7166282748622,1.5890958012074696,2893.072105407715,67.02279731127585,361.63401317596436,8.377849663909481,ok,30
light_V0399_V_8s_2026_05_20-0084_flat_0p3_late_bias_cal.fits,2461181.704964236,22.899832874536514,HD_103405,comparison,1191.9660797093802,165.7244299211141,1191.4255871952048,163.73708707693277,2.0595299799222255,122499.58754730225,465.80917893342894,15312.44844341278,58.22614736667862,ok,30
light_V0399_V_8s_2026_05_20-0084_flat_0p3_late_bias_cal.fits,2461181.704964236,22.899832874536514,TYC_3452_787_1,comparison,398.96125924702517,770.295420894669,396.14929999300625,767.915146220653,3.6841311553776546,156398.64220428467,578.2151160632587,19549.830275535583,72.27688950790734,ok,30
light_V0399_V_8s_2026_05_20-0084_flat_0p3_late_bias_cal.fits,2461181.704964236,22.899832874536514,HD_103187,comparison,102.97021057422205,1529.4494821519395,98.23610190074896,1528.3121713170087,4.868804870551296,592769.3597259521,1875.7226530237583,74096.16996574402,234.4653316279698,ok,30
light_V0399_V_8s_2026_05_20-0085_flat_0p3_late_bias_cal.fits,2461181.7051554397,23.175166323781013,target,target,1963.9325560969369,646.8922865311936,1963.9325560969369,646.8922865311936,0.0,1953796.3591308594,3765.471156719038,244224.54489135742,470.68389458987974,ok,32
light_V0399_V_8s_2026_05_20-0085_flat_0p3_late_bias_cal.fits,2461181.7051554397,23.175166323781013,DN_UMa,check,1889.2139578729702,701.4225301424009,1889.2139578729702,701.4225301424009,0.0,2905629.1845703125,6796.530897092291,363203.64807128906,849.5663621365363,saturated,32
light_V0399_V_8s_2026_05_20-0085_flat_0p3_late_bias_cal.fits,2461181.7051554397,23.175166323781013,gaia_774272862760870784_src1,comparison,634.8132142814263,273.01145973435894,632.9872762294015,270.5824343785585,3.038784946150976,30138.487979888916,186.95302508382875,3767.3109974861145,23.369128135478594,ok,32
light_V0399_V_8s_2026_05_20-0085_flat_0p3_late_bias_cal.fits,2461181.7051554397,23.175166323781013,gaia_774271076054448768_src2,comparison,1541.509296282259,335.8100235089162,1541.4700091783204,334.8210460684389,0.9897574724693432,20781.347328186035,153.2990678085269,2597.6684160232544,19.162383476065862,ok,32
light_V0399_V_8s_2026_05_20-0085_flat_0p3_late_bias_cal.fits,2461181.7051554397,23.175166323781013,gaia_774384016513181696_src3,comparison,426.0783479300176,1269.9605641547673,422.69709880853816,1268.3469077077725,3.7465627914708173,13257.80965423584,132.78535647550126,1657.22620677948,16.598169559437657,ok,32
light_V0399_V_8s_2026_05_20-0085_flat_0p3_late_bias_cal.fits,2461181.7051554397,23.175166323781013,gaia_774289041901756032_src4,comparison,2077.276555055211,1456.9206238392164,2075.8438787188607,1458.1305131223212,1.8752049386958771,12792.223663330078,121.88339368328893,1599.0279579162598,15.235424210411116,ok,32
light_V0399_V_8s_2026_05_20-0085_flat_0p3_late_bias_cal.fits,2461181.7051554397,23.175166323781013,gaia_774287774887292672_src5,comparison,2069.2945452902773,1095.2072097347032,2068.6161122218055,1095.9449560673756,1.0022679680443605,12284.665954589844,119.9657190715385,1535.5832443237305,14.995714883942313,ok,32
light_V0399_V_8s_2026_05_20-0085_flat_0p3_late_bias_cal.fits,2461181.7051554397,23.175166323781013,gaia_774289488578357504_src6,comparison,975.7600511319285,1115.2425703618155,973.7466114456189,1114.6359406937277,2.102840679797474,10867.58810043335,112.93066778782605,1358.4485125541687,14.116333473478257,ok,32
light_V0399_V_8s_2026_05_20-0085_flat_0p3_late_bias_cal.fits,2461181.7051554397,23.175166323781013,gaia_774288805679445888_src7,comparison,1980.541799535315,1366.1555690564326,1978.9952320788188,1367.2809927083954,1.912707320498979,9814.253337860107,108.19883050975092,1226.7816672325134,13.524853813718865,ok,32
light_V0399_V_8s_2026_05_20-0085_flat_0p3_late_bias_cal.fits,2461181.7051554397,23.175166323781013,gaia_774290626745586944_src8,comparison,1105.9122131149363,1448.1165815209547,1104.4217794017118,1448.7921633384162,1.6363995372771718,3438.1232376098633,70.1207233834917,429.7654047012329,8.765090422936462,ok,32
light_V0399_V_8s_2026_05_20-0085_flat_0p3_late_bias_cal.fits,2461181.7051554397,23.175166323781013,HD_103405,comparison,1191.55091486425,165.98558175258194,1191.1050182860236,164.05710577429954,1.9793542778609083,138224.79736328125,447.73200434929464,17278.099670410156,55.96650054366183,ok,32
light_V0399_V_8s_2026_05_20-0085_flat_0p3_late_bias_cal.fits,2461181.7051554397,23.175166323781013,TYC_3452_787_1,comparison,398.7296555533226,770.4242556122925,395.93455210111733,768.0680295373663,3.655735852696668,186807.23155975342,540.3273409308682,23350.903944969177,67.54091761635853,ok,32
light_V0399_V_8s_2026_05_20-0085_flat_0p3_late_bias_cal.fits,2461181.7051554397,23.175166323781013,HD_103187,comparison,102.69400336790048,1529.7719488372395,98.02406010562595,1528.3033210823958,4.8954302727299295,692652.9301605225,1489.4825041213667,86581.61627006531,186.18531301517083,ok,32
light_V0399_V_8s_2026_05_20-0086_flat_0p3_late_bias_cal.fits,2461181.705346875,23.450833037495613,target,target,1964.6451061560626,647.0334272210613,1964.6451061560626,647.0334272210613,0.0,1780989.2433776855,4355.117913424804,222623.6554222107,544.3897391781005,ok,30
light_V0399_V_8s_2026_05_20-0086_flat_0p3_late_bias_cal.fits,2461181.705346875,23.450833037495613,DN_UMa,check,1889.897762671578,701.5989879488214,1889.897762671578,701.5989879488214,0.0,2620851.1711730957,7619.237175298363,327606.39639663696,952.4046469122953,ok,30
light_V0399_V_8s_2026_05_20-0086_flat_0p3_late_bias_cal.fits,2461181.705346875,23.450833037495613,gaia_774272862760870784_src1,comparison,635.4057083109697,273.1903365041115,633.0190533140499,270.7110655818261,3.4413524057282943,27933.27138519287,181.71688552810667,3491.658923149109,22.714610691013334,ok,30
light_V0399_V_8s_2026_05_20-0086_flat_0p3_late_bias_cal.fits,2461181.705346875,23.450833037495613,gaia_774271076054448768_src2,comparison,1542.1708137586072,335.9895205226028,1541.9423526280618,334.866508638063,1.146014913073848,18509.156436920166,148.64894002117933,2313.6445546150208,18.581117502647416,ok,30
light_V0399_V_8s_2026_05_20-0086_flat_0p3_late_bias_cal.fits,2461181.705346875,23.450833037495613,gaia_774384016513181696_src3,comparison,426.47403897988954,1270.3195109238943,422.75368936235327,1268.9768990521065,3.955200110609795,12295.07006072998,129.87402211967185,1536.8837575912476,16.23425276495898,ok,30
light_V0399_V_8s_2026_05_20-0086_flat_0p3_late_bias_cal.fits,2461181.705346875,23.450833037495613,gaia_774289041901756032_src4,comparison,2077.9034232745144,1457.2253418569558,2076.711285194203,1458.6438667244092,1.8529452237215647,11396.209976196289,118.50362512335613,1424.5262470245361,14.812953140419516,ok,30
light_V0399_V_8s_2026_05_20-0086_flat_0p3_late_bias_cal.fits,2461181.705346875,23.450833037495613,gaia_774287774887292672_src5,comparison,2069.908539445051,1095.4872232710313,2069.4347279050235,1096.2867803794772,0.9294024667115292,11477.402267456055,117.58976700593219,1434.6752834320068,14.698720875741524,ok,30
light_V0399_V_8s_2026_05_20-0086_flat_0p3_late_bias_cal.fits,2461181.705346875,23.450833037495613,gaia_774289488578357504_src6,comparison,976.2228259957651,1115.5808503154935,974.0463069010725,1115.1237536193203,2.2239992714059023,9798.537200927734,107.82802839855722,1224.8171501159668,13.478503549819653,ok,30
light_V0399_V_8s_2026_05_20-0086_flat_0p3_late_bias_cal.fits,2461181.705346875,23.450833037495613,gaia_774288805679445888_src7,comparison,1981.0979003761527,1366.5242566328436,1979.8051541370094,1367.76321995751,1.7905929070248303,9037.519622802734,106.25242919055131,1129.6899528503418,13.281553648818914,ok,30
light_V0399_V_8s_2026_05_20-0086_flat_0p3_late_bias_cal.fits,2461181.705346875,23.450833037495613,gaia_774290626745586944_src8,comparison,1106.519102474031,1448.1211014826265,1104.8255286007957,1449.4227039620475,2.135968510662059,3237.6753158569336,70.52410963226406,404.7094144821167,8.815513704033007,ok,30
light_V0399_V_8s_2026_05_20-0086_flat_0p3_late_bias_cal.fits,2461181.705346875,23.450833037495613,HD_103405,comparison,1192.2001340886366,166.1072689460341,1191.3891735839252,164.06513832566202,2.197260660655224,125225.45896911621,455.94153154174495,15653.182371139526,56.99269144271812,ok,30
light_V0399_V_8s_2026_05_20-0086_flat_0p3_late_bias_cal.fits,2461181.705346875,23.450833037495613,TYC_3452_787_1,comparison,399.18404994299414,770.6648630877262,395.915760641647,768.4631921955531,3.9406940600282883,166498.31451416016,557.4309659919935,20812.28931427002,69.67887074899919,ok,30
light_V0399_V_8s_2026_05_20-0086_flat_0p3_late_bias_cal.fits,2461181.705346875,23.450833037495613,HD_103187,comparison,103.11518661414351,1530.0748828417982,97.95862530939735,1529.0977287648652,5.248328741577849,625683.564453125,1639.4335253157674,78210.44555664062,204.92919066447092,ok,30
light_V0399_V_8s_2026_05_20-0087_flat_0p3_late_bias_cal.fits,2461181.705539352,23.72799977660179,target,target,1965.4676059674161,647.2035910332594,1965.4676059674161,647.2035910332594,0.0,1755740.6451721191,4721.964778366114,219467.5806465149,590.2455972957642,ok,30
light_V0399_V_8s_2026_05_20-0087_flat_0p3_late_bias_cal.fits,2461181.705539352,23.72799977660179,DN_UMa,check,1890.7770160921732,701.7155767756021,1890.7770160921732,701.7155767756021,0.0,2503532.7169189453,7932.560801319884,312941.58961486816,991.5701001649855,ok,30
light_V0399_V_8s_2026_05_20-0087_flat_0p3_late_bias_cal.fits,2461181.705539352,23.72799977660179,gaia_774272862760870784_src1,comparison,636.3851618217032,273.31777739478713,634.9955440256051,271.05493411499356,2.6554655577015667,27117.62953186035,183.09589190273797,3389.703691482544,22.886986487842247,ok,30
light_V0399_V_8s_2026_05_20-0087_flat_0p3_late_bias_cal.fits,2461181.705539352,23.72799977660179,gaia_774271076054448768_src2,comparison,1543.1713600531016,336.10968728630183,1543.1515939614164,335.2530423265676,0.8568729692425726,17991.554275512695,147.68154923904487,2248.944284439087,18.46019365488061,ok,30
light_V0399_V_8s_2026_05_20-0087_flat_0p3_late_bias_cal.fits,2461181.705539352,23.72799977660179,gaia_774384016513181696_src3,comparison,427.47786617266337,1270.320741850531,424.8002877556353,1268.4632830930236,3.258769586082388,11828.887393951416,127.92019756133509,1478.610924243927,15.990024695166886,ok,30
light_V0399_V_8s_2026_05_20-0087_flat_0p3_late_bias_cal.fits,2461181.705539352,23.72799977660179,gaia_774289041901756032_src4,comparison,2078.680174116136,1457.2195171829392,2077.3539989143983,1458.14687630232,1.618250784644703,11060.881217956543,116.22667264273706,1382.6101522445679,14.528334080342132,ok,30
light_V0399_V_8s_2026_05_20-0087_flat_0p3_late_bias_cal.fits,2461181.705539352,23.72799977660179,gaia_774287774887292672_src5,comparison,2070.610371134547,1095.6300185709572,2070.1219373385334,1096.0921841767276,0.6724318703375595,11081.229290008545,117.84610041092509,1385.1536612510681,14.730762551365636,ok,30
light_V0399_V_8s_2026_05_20-0087_flat_0p3_late_bias_cal.fits,2461181.705539352,23.72799977660179,gaia_774289488578357504_src6,comparison,977.2687583906145,1115.683341849345,975.6479747422921,1114.7972925413546,1.8471662109456308,9539.503524780273,108.28862315769966,1192.4379405975342,13.536077894712458,ok,30
light_V0399_V_8s_2026_05_20-0087_flat_0p3_late_bias_cal.fits,2461181.705539352,23.72799977660179,gaia_774288805679445888_src7,comparison,1981.9931532507308,1366.5619085981807,1980.5385770534892,1367.3319931878164,1.6458499897548091,8564.710418701172,103.65812152917155,1070.5888023376465,12.957265191146444,ok,30
light_V0399_V_8s_2026_05_20-0087_flat_0p3_late_bias_cal.fits,2461181.705539352,23.72799977660179,gaia_774290626745586944_src8,comparison,1107.2214600717718,1448.8432700957578,1106.2823464195271,1448.8304140415516,0.9392016449954492,3074.736988067627,68.38636637149952,384.34212350845337,8.54829579643744,ok,30
light_V0399_V_8s_2026_05_20-0087_flat_0p3_late_bias_cal.fits,2461181.705539352,23.72799977660179,HD_103405,comparison,1193.2253386830982,166.21927424314833,1192.9098086647687,164.55741606932241,1.6915471564160092,122735.83003234863,477.4167161408267,15341.97875404358,59.677089517603335,ok,30
light_V0399_V_8s_2026_05_20-0087_flat_0p3_late_bias_cal.fits,2461181.705539352,23.72799977660179,TYC_3452_787_1,comparison,400.19791032137067,770.744579319216,398.03786455629415,768.365485583362,3.21339146560214,159473.1420135498,579.0873228696553,19934.142751693726,72.38591535870691,ok,30
light_V0399_V_8s_2026_05_20-0087_flat_0p3_late_bias_cal.fits,2461181.705539352,23.72799977660179,HD_103187,comparison,104.21837435006944,1530.030488189138,100.24939165772639,1528.3320566859493,4.317116304101889,590697.1702804565,1873.1112539533792,73837.14628505707,234.1389067441724,ok,30
light_V0399_V_8s_2026_05_20-0088_flat_0p3_late_bias_cal.fits,2461181.7057315973,24.00483325123787,target,target,1965.6946131360532,647.6275455023845,1965.6946131360532,647.6275455023845,0.0,2289727.4106445312,3094.4272728472633,286215.9263305664,386.8034091059079,saturated,33
light_V0399_V_8s_2026_05_20-0088_flat_0p3_late_bias_cal.fits,2461181.7057315973,24.00483325123787,DN_UMa,check,1891.0226867887964,702.2380301545973,1891.0226867887964,702.2380301545973,0.0,3093522.8367004395,5774.001832928866,386690.35458755493,721.7502291161082,saturated,33
light_V0399_V_8s_2026_05_20-0088_flat_0p3_late_bias_cal.fits,2461181.7057315973,24.00483325123787,gaia_774272862760870784_src1,comparison,636.4071033890112,273.9057619302694,634.2355467358286,272.6070994588115,2.530253448323887,35192.57091522217,197.2457758010127,4399.071364402771,24.65572197512659,ok,33
light_V0399_V_8s_2026_05_20-0088_flat_0p3_late_bias_cal.fits,2461181.7057315973,24.00483325123787,gaia_774271076054448768_src2,comparison,1543.3027208676135,336.660428501823,1542.8767154683642,335.94558458698646,0.8321552876527365,23636.614791870117,161.78449605424825,2954.5768489837646,20.22306200678103,ok,33
light_V0399_V_8s_2026_05_20-0088_flat_0p3_late_bias_cal.fits,2461181.7057315973,24.00483325123787,gaia_774384016513181696_src3,comparison,402.98021975084686,1246.565365420149,424.9194491008084,1270.6850579288125,32.60505100720889,2156.599899291992,61.34954304360508,269.574987411499,7.668692880450635,ok,33
light_V0399_V_8s_2026_05_20-0088_flat_0p3_late_bias_cal.fits,2461181.7057315973,24.00483325123787,gaia_774289041901756032_src4,comparison,2078.8571737496695,1457.667583747551,2078.42728585594,1458.8382893698265,1.2471388275579802,14532.907501220703,128.30646379899534,1816.613437652588,16.038307974874417,ok,33
light_V0399_V_8s_2026_05_20-0088_flat_0p3_late_bias_cal.fits,2461181.7057315973,24.00483325123787,gaia_774287774887292672_src5,comparison,2070.9105768163477,1095.9353043115336,2070.837256020307,1096.6223454368446,0.6909424339267625,13877.280517578125,125.56477550323662,1734.6600646972656,15.695596937904577,ok,33
light_V0399_V_8s_2026_05_20-0088_flat_0p3_late_bias_cal.fits,2461181.7057315973,24.00483325123787,gaia_774289488578357504_src6,comparison,977.4625486425124,1115.9469897769238,975.8727448342261,1116.4081068165697,1.6553262739089927,12544.993606567383,119.69313794422115,1568.1242008209229,14.961642243027644,ok,33
light_V0399_V_8s_2026_05_20-0088_flat_0p3_late_bias_cal.fits,2461181.7057315973,24.00483325123787,gaia_774288805679445888_src7,comparison,1982.1345469591563,1366.8794465807425,1981.4779038146955,1368.076005976259,1.3648936244873062,11393.874855041504,114.42076691010621,1424.234356880188,14.302595863763276,ok,33
light_V0399_V_8s_2026_05_20-0088_flat_0p3_late_bias_cal.fits,2461181.7057315973,24.00483325123787,gaia_774290626745586944_src8,comparison,1107.5936681744467,1448.8708519999636,1106.895014854208,1450.4685882455015,1.7438112203406153,3994.630199432373,74.45275344989557,499.32877492904663,9.306594181236946,ok,33
light_V0399_V_8s_2026_05_20-0088_flat_0p3_late_bias_cal.fits,2461181.7057315973,24.00483325123787,HD_103405,comparison,1193.2133685666417,166.76471641420994,1192.3049037086562,165.51363035086706,1.5461321858384298,160059.10942459106,443.8691647074511,20007.388678073883,55.483645588431386,ok,33
light_V0399_V_8s_2026_05_20-0088_flat_0p3_late_bias_cal.fits,2461181.7057315973,24.00483325123787,TYC_3452_787_1,comparison,400.2725099143102,771.2402146417179,397.65477412312475,770.3809548717504,2.7551529947968216,212166.64686965942,522.8258931285399,26520.830858707428,65.35323664106748,ok,33
light_V0399_V_8s_2026_05_20-0088_flat_0p3_late_bias_cal.fits,2461181.7057315973,24.00483325123787,HD_103187,comparison,104.30711617104004,1530.4670065467924,100.47217730164175,1530.9925294579125,3.8707790510611626,809838.88671875,1322.6527547150981,101229.86083984375,165.33159433938727,ok,33
light_V0399_V_8s_2026_05_20-0089_flat_0p3_late_bias_cal.fits,2461181.705923148,24.280666261911392,target,target,1965.8969611122056,648.1523408431104,1965.8969611122056,648.1523408431104,0.0,1897191.429260254,4046.8292704032324,237148.92865753174,505.85365880040405,ok,36
light_V0399_V_8s_2026_05_20-0089_flat_0p3_late_bias_cal.fits,2461181.705923148,24.280666261911392,DN_UMa,check,1891.2241638471642,702.7139053661482,1891.2241638471642,702.7139053661482,0.0,2761686.3974609375,7096.9433389024525,345210.7996826172,887.1179173628066,ok,36
light_V0399_V_8s_2026_05_20-0089_flat_0p3_late_bias_cal.fits,2461181.705923148,24.280666261911392,gaia_774272862760870784_src1,comparison,636.7717739040123,274.15837705792836,635.0055658899391,272.6703965493922,2.3094537758439553,29548.68519973755,184.72290798178432,3693.5856499671936,23.09036349772304,ok,36
light_V0399_V_8s_2026_05_20-0089_flat_0p3_late_bias_cal.fits,2461181.705923148,24.280666261911392,gaia_774271076054448768_src2,comparison,1543.576855959886,337.0321144688585,1543.3426081386383,336.3824827435647,0.6905747028869805,19766.274185180664,150.29615374616597,2470.784273147583,18.787019218270746,ok,36
light_V0399_V_8s_2026_05_20-0089_flat_0p3_late_bias_cal.fits,2461181.705923148,24.280666261911392,gaia_774384016513181696_src3,comparison,427.97775001661563,1271.094492559101,425.3216546938254,1270.3538693677672,2.7574200034252163,12604.753112792969,128.66656725250033,1575.594139099121,16.08332090656254,ok,36
light_V0399_V_8s_2026_05_20-0089_flat_0p3_late_bias_cal.fits,2461181.705923148,24.280666261911392,gaia_774289041901756032_src4,comparison,2079.169043267096,1458.1650629211624,2078.244536261022,1459.164764258096,1.3616592699156627,12101.733612060547,119.63223233490157,1512.7167015075684,14.954029041862697,ok,36
light_V0399_V_8s_2026_05_20-0089_flat_0p3_late_bias_cal.fits,2461181.705923148,24.280666261911392,gaia_774287774887292672_src5,comparison,2071.0726254252863,1096.538993138158,2070.813438349844,1097.0558563192924,0.5782088619941864,12122.731521606445,120.4468311234171,1515.3414402008057,15.055853890427137,ok,36
light_V0399_V_8s_2026_05_20-0089_flat_0p3_late_bias_cal.fits,2461181.705923148,24.280666261911392,gaia_774289488578357504_src6,comparison,977.6514707229685,1116.4632132009565,976.173858514053,1116.3621347555443,1.4810653908801934,10381.153831481934,111.13582820291155,1297.6442289352417,13.891978525363944,ok,36
light_V0399_V_8s_2026_05_20-0089_flat_0p3_late_bias_cal.fits,2461181.705923148,24.280666261911392,gaia_774288805679445888_src7,comparison,1982.3748875661117,1367.4734871108394,1981.3639266327039,1368.3882033705465,1.3633590299878933,9559.422981262207,107.11895798239505,1194.9278726577759,13.38986974779938,ok,36
light_V0399_V_8s_2026_05_20-0089_flat_0p3_late_bias_cal.fits,2461181.705923148,24.280666261911392,gaia_774290626745586944_src8,comparison,1107.584687112375,1449.231204094367,1107.0117778854137,1450.3775267801539,1.2815149949519677,3345.8396072387695,70.99232953509666,418.2299509048462,8.874041191887082,ok,36
light_V0399_V_8s_2026_05_20-0089_flat_0p3_late_bias_cal.fits,2461181.705923148,24.280666261911392,HD_103405,comparison,1193.6756837560913,167.11095842906113,1192.9512617642285,165.85085050600037,1.4534989508269,133591.46826171875,452.0105415198302,16698.933532714844,56.50131768997878,ok,36
light_V0399_V_8s_2026_05_20-0089_flat_0p3_late_bias_cal.fits,2461181.705923148,24.280666261911392,TYC_3452_787_1,comparison,400.7086746698322,771.5139735531409,398.2816124225815,770.1903517531609,2.764526328579971,177368.32373046875,547.606549296616,22171.040466308594,68.450818662077,ok,36
light_V0399_V_8s_2026_05_20-0089_flat_0p3_late_bias_cal.fits,2461181.705923148,24.280666261911392,HD_103187,comparison,104.67076915557706,1530.8265054008968,100.860642219292,1530.4417713506705,3.8295022600866235,663880.7177429199,1560.163621837265,82985.08971786499,195.02045272965813,ok,36
light_V0399_V_8s_2026_05_20-0090_flat_0p3_late_bias_cal.fits,2461181.7061149306,24.55683320760727,target,target,1967.4403789637176,648.6679642277126,1967.4403789637176,648.6679642277126,0.0,2015618.368560791,3686.8085886976046,251952.29607009888,460.8510735872006,ok,32
light_V0399_V_8s_2026_05_20-0090_flat_0p3_late_bias_cal.fits,2461181.7061149306,24.55683320760727,DN_UMa,check,1892.7377310783445,703.2229126321902,1892.7377310783445,703.2229126321902,0.0,2883774.9802246094,6590.748566824949,360471.8725280762,823.8435708531186,saturated,32
light_V0399_V_8s_2026_05_20-0090_flat_0p3_late_bias_cal.fits,2461181.7061149306,24.55683320760727,gaia_774272862760870784_src1,comparison,638.3741654730085,274.5582890108848,636.3514958332905,272.7737017325438,2.6973958229101433,30666.540035247803,187.33604815779628,3833.3175044059753,23.417006019724536,ok,32
light_V0399_V_8s_2026_05_20-0090_flat_0p3_late_bias_cal.fits,2461181.7061149306,24.55683320760727,gaia_774271076054448768_src2,comparison,1545.0122253110644,337.585062911543,1544.8711138517115,336.72514055785166,0.8714234896643286,20504.040462493896,152.63697533240097,2563.005057811737,19.07962191655012,ok,32
light_V0399_V_8s_2026_05_20-0090_flat_0p3_late_bias_cal.fits,2461181.7061149306,24.55683320760727,gaia_774384016513181696_src3,comparison,429.3891117071372,1271.4516847576194,426.374175942585,1270.6230360155175,3.126738940519829,13455.760650634766,134.02209591392077,1681.9700813293457,16.752761989240096,ok,32
light_V0399_V_8s_2026_05_20-0090_flat_0p3_late_bias_cal.fits,2461181.7061149306,24.55683320760727,gaia_774289041901756032_src4,comparison,2080.532018191268,1458.756522169512,2079.6112090577585,1459.8854026235642,1.4567980436202086,12859.764518737793,122.46428175621853,1607.4705648422241,15.308035219527316,ok,32
light_V0399_V_8s_2026_05_20-0090_flat_0p3_late_bias_cal.fits,2461181.7061149306,24.55683320760727,gaia_774287774887292672_src5,comparison,2072.577561097069,1097.0908750757674,2072.2683588342197,1097.6955628210478,0.6791563212129436,12319.519634246826,120.31450443017553,1539.9399542808533,15.039313053771941,ok,32
light_V0399_V_8s_2026_05_20-0090_flat_0p3_late_bias_cal.fits,2461181.7061149306,24.55683320760727,gaia_774289488578357504_src6,comparison,979.1914685248263,1116.8882700222441,977.3849091493735,1116.7343826634192,1.8131017887152943,10845.176162719727,112.29178557812706,1355.6470203399658,14.036473197265883,ok,32
light_V0399_V_8s_2026_05_20-0090_flat_0p3_late_bias_cal.fits,2461181.7061149306,24.55683320760727,gaia_774288805679445888_src7,comparison,1983.7687593816097,1367.931902964607,1982.7319694644152,1369.0649708871665,1.5358308010746546,9782.584732055664,107.79581874911652,1222.823091506958,13.474477343639565,ok,32
light_V0399_V_8s_2026_05_20-0090_flat_0p3_late_bias_cal.fits,2461181.7061149306,24.55683320760727,gaia_774290626745586944_src8,comparison,1109.184877976289,1449.7750605268195,1108.1685063410428,1450.8551986578686,1.4831418283763385,3381.4613723754883,70.32704042442325,422.68267154693604,8.790880053052906,ok,32
light_V0399_V_8s_2026_05_20-0090_flat_0p3_late_bias_cal.fits,2461181.7061149306,24.55683320760727,HD_103405,comparison,1195.1375970765355,167.73290550458645,1194.4455628501537,166.06930025511025,1.8018029294483442,139567.85891723633,444.8413027835246,17445.98236465454,55.605162847940576,ok,32
light_V0399_V_8s_2026_05_20-0090_flat_0p3_late_bias_cal.fits,2461181.7061149306,24.55683320760727,TYC_3452_787_1,comparison,402.06981022602156,772.0073466332007,399.45236195496636,770.3435675917108,3.101482895414837,177153.79722595215,525.7409930681218,22144.22465324402,65.71762413351523,ok,32
light_V0399_V_8s_2026_05_20-0090_flat_0p3_late_bias_cal.fits,2461181.7061149306,24.55683320760727,HD_103187,comparison,105.93899092106928,1531.2324695753473,101.77774809603306,1530.6872163496491,4.196813425570596,684952.7806091309,1548.4475001830306,85619.09757614136,193.55593752287882,ok,32
light_V0399_V_8s_2026_05_20-0091_flat_0p3_late_bias_cal.fits,2461181.706306713,24.833000153303146,target,target,1968.2205162487046,649.1574335146242,1968.2205162487046,649.1574335146242,0.0,1981231.712890625,3942.804945734799,247653.96411132812,492.85061821684985,ok,33
light_V0399_V_8s_2026_05_20-0091_flat_0p3_late_bias_cal.fits,2461181.706306713,24.833000153303146,DN_UMa,check,1893.4636690715542,703.7363834993124,1893.4636690715542,703.7363834993124,0.0,2901617.0693359375,6843.023747116345,362702.1336669922,855.3779683895431,saturated,33
light_V0399_V_8s_2026_05_20-0091_flat_0p3_late_bias_cal.fits,2461181.706306713,24.833000153303146,gaia_774272862760870784_src1,comparison,639.1704823864569,275.21597396077107,636.3492312139815,272.8467351551917,3.684121427973963,30480.606399536133,187.5418685028575,3810.0757999420166,23.44273356285719,ok,33
light_V0399_V_8s_2026_05_20-0091_flat_0p3_late_bias_cal.fits,2461181.706306713,24.833000153303146,gaia_774271076054448768_src2,comparison,1546.0020544289189,338.04922265963904,1545.4290670810765,336.961794312354,1.2291521107114902,19951.919273376465,151.70477031275004,2493.989909172058,18.963096289093755,ok,33
light_V0399_V_8s_2026_05_20-0091_flat_0p3_late_bias_cal.fits,2461181.706306713,24.833000153303146,gaia_774384016513181696_src3,comparison,430.1391513860604,1272.1598120077742,426.1046990373318,1271.2923637261524,4.126653883650837,13719.866619110107,135.42803205757843,1714.9833273887634,16.928504007197304,ok,33
light_V0399_V_8s_2026_05_20-0091_flat_0p3_late_bias_cal.fits,2461181.706306713,24.833000153303146,gaia_774289041901756032_src4,comparison,2081.344190454718,1459.1898742595652,2080.351248755267,1460.8981145632204,1.9758588394773022,12704.345153808594,122.61089522219274,1588.0431442260742,15.326361902774092,ok,33
light_V0399_V_8s_2026_05_20-0091_flat_0p3_late_bias_cal.fits,2461181.706306713,24.833000153303146,gaia_774287774887292672_src5,comparison,2073.3361481502134,1097.4941810943506,2073.0530642977797,1098.4804722032723,1.0261123812949158,12350.769836425781,120.71728853518978,1543.8462295532227,15.089661066898723,ok,33
light_V0399_V_8s_2026_05_20-0091_flat_0p3_late_bias_cal.fits,2461181.706306713,24.833000153303146,gaia_774289488578357504_src6,comparison,979.9337487658379,1117.5830975975293,977.4814073986903,1117.3822917402495,2.4605489577208672,10791.07105255127,113.49511120164969,1348.8838815689087,14.186888900206212,ok,33
light_V0399_V_8s_2026_05_20-0091_flat_0p3_late_bias_cal.fits,2461181.706306713,24.833000153303146,gaia_774288805679445888_src7,comparison,1984.5036990538156,1368.4184817510677,1983.4236963365986,1370.0076337444916,1.9214083187597741,9870.639694213867,108.79833539273379,1233.8299617767334,13.599791924091724,ok,33
light_V0399_V_8s_2026_05_20-0091_flat_0p3_late_bias_cal.fits,2461181.706306713,24.833000153303146,gaia_774290626745586944_src8,comparison,1109.815582448907,1450.3764616280207,1108.3014554567085,1451.7301234323977,2.031004881612366,3459.4487915039062,72.00727328727042,432.4310989379883,9.000909160908803,ok,33
light_V0399_V_8s_2026_05_20-0091_flat_0p3_late_bias_cal.fits,2461181.706306713,24.833000153303146,HD_103405,comparison,1196.0687782312762,168.22914928706902,1194.8072911328022,166.15142534319432,2.430696708058501,137904.39743041992,455.0074447411603,17238.04967880249,56.87593059264504,ok,33
light_V0399_V_8s_2026_05_20-0091_flat_0p3_late_bias_cal.fits,2461181.706306713,24.833000153303146,TYC_3452_787_1,comparison,402.96051382612825,772.6358275367769,399.234072936697,770.695957751425,4.201125621371799,181977.2102279663,545.6637640497842,22747.15127849579,68.20797050622302,ok,33
light_V0399_V_8s_2026_05_20-0091_flat_0p3_late_bias_cal.fits,2461181.706306713,24.833000153303146,HD_103187,comparison,106.82029908085984,1531.852821985008,101.26963535956475,1531.4752460926934,5.563490927588418,700260.827255249,1529.1687945631315,87532.60340690613,191.14609932039144,ok,33
light_V0399_V_8s_2026_05_20-0092_flat_0p3_late_bias_cal.fits,2461181.706498958,25.10983295738697,target,target,1967.7212777661016,649.5643567669067,1967.7212777661016,649.5643567669067,0.0,1823374.46484375,4395.856427906342,227921.80810546875,549.4820534882928,ok,31
light_V0399_V_8s_2026_05_20-0092_flat_0p3_late_bias_cal.fits,2461181.706498958,25.10983295738697,DN_UMa,check,1892.983550413128,704.1744718855967,1892.983550413128,704.1744718855967,0.0,2577010.016204834,8208.008015129391,322126.25202560425,1026.001001891174,ok,31
light_V0399_V_8s_2026_05_20-0092_flat_0p3_late_bias_cal.fits,2461181.706498958,25.10983295738697,gaia_774272862760870784_src1,comparison,638.654685486062,275.47887045106535,635.6595984819924,273.7661388650079,3.450216753745447,27462.447341918945,181.66383385145664,3432.805917739868,22.70797923143208,ok,31
light_V0399_V_8s_2026_05_20-0092_flat_0p3_late_bias_cal.fits,2461181.706498958,25.10983295738697,gaia_774271076054448768_src2,comparison,1545.37666556241,338.48892182576765,1544.7935004958867,337.52528961987684,1.1263518646688342,18623.234687805176,148.51619469634642,2327.904335975647,18.564524337043302,ok,31
light_V0399_V_8s_2026_05_20-0092_flat_0p3_late_bias_cal.fits,2461181.706498958,25.10983295738697,gaia_774384016513181696_src3,comparison,429.72300855131203,1272.5642648094013,425.8015287048099,1272.3262038581124,3.92869917441521,12345.140392303467,129.598728867698,1543.1425490379333,16.19984110846225,ok,31
light_V0399_V_8s_2026_05_20-0092_flat_0p3_late_bias_cal.fits,2461181.706498958,25.10983295738697,gaia_774289041901756032_src4,comparison,2081.022767749536,1459.59957208345,2080.17518005435,1461.2866228996286,1.8880003594805503,11054.14225769043,116.04210490526917,1381.7677822113037,14.505263113158646,ok,31
light_V0399_V_8s_2026_05_20-0092_flat_0p3_late_bias_cal.fits,2461181.706498958,25.10983295738697,gaia_774287774887292672_src5,comparison,2072.956209498156,1097.9872299983645,2072.734065887557,1098.860364031858,0.9009499565317667,10709.011306762695,113.47242351508591,1338.626413345337,14.184052939385738,ok,31
light_V0399_V_8s_2026_05_20-0092_flat_0p3_late_bias_cal.fits,2461181.706498958,25.10983295738697,gaia_774289488578357504_src6,comparison,979.6710069995531,1117.7657599393694,977.1351173687864,1118.1941532318629,2.5718197900482163,9580.698760986328,106.9462136683008,1197.587345123291,13.3682767085376,ok,31
light_V0399_V_8s_2026_05_20-0092_flat_0p3_late_bias_cal.fits,2461181.706498958,25.10983295738697,gaia_774288805679445888_src7,comparison,1984.321885251822,1368.8607504512959,1983.2087674237366,1370.4314247433936,1.9251101347866617,8617.676750183105,103.69908796568184,1077.2095937728882,12.96238599571023,ok,31
light_V0399_V_8s_2026_05_20-0092_flat_0p3_late_bias_cal.fits,2461181.706498958,25.10983295738697,gaia_774290626745586944_src8,comparison,1109.5469649784047,1450.7008801172124,1108.0909590677238,1452.5010760057899,2.3153095795571406,3103.457130432129,68.77063939201715,387.9321413040161,8.596329924002143,ok,31
light_V0399_V_8s_2026_05_20-0092_flat_0p3_late_bias_cal.fits,2461181.706498958,25.10983295738697,HD_103405,comparison,1195.451210137809,168.55486085134623,1194.0933535518357,166.84755909882313,2.1814338821609685,126920.3854560852,453.4408576560963,15865.04818201065,56.680107207012036,ok,31
light_V0399_V_8s_2026_05_20-0092_flat_0p3_late_bias_cal.fits,2461181.706498958,25.10983295738697,TYC_3452_787_1,comparison,402.42811512079777,772.8908965489464,398.73294586154066,771.7245070071447,3.8748858586780752,165403.9949951172,556.5352078661,20675.49937438965,69.5669009832625,ok,31
light_V0399_V_8s_2026_05_20-0092_flat_0p3_late_bias_cal.fits,2461181.706498958,25.10983295738697,HD_103187,comparison,106.26106627572764,1532.2459080348333,101.05861086240225,1532.6452356296525,5.217758604575606,617905.2908325195,1716.5781274447124,77238.16135406494,214.57226593058905,ok,31
light_V0399_V_8s_2026_05_20-0093_flat_0p3_late_bias_cal.fits,2461181.7066908563,25.38616620004177,target,target,1967.9766763189768,649.8790093546567,1967.9766763189768,649.8790093546567,0.0,2087706.2879333496,3382.0060824568604,260963.2859916687,422.75076030710756,ok,34
light_V0399_V_8s_2026_05_20-0093_flat_0p3_late_bias_cal.fits,2461181.7066908563,25.38616620004177,DN_UMa,check,1893.291557223867,704.4793555896487,1893.291557223867,704.4793555896487,0.0,3055475.3100585938,6076.028441923185,381934.4137573242,759.5035552403981,saturated,34
light_V0399_V_8s_2026_05_20-0093_flat_0p3_late_bias_cal.fits,2461181.7066908563,25.38616620004177,gaia_774272862760870784_src1,comparison,638.8225637777945,275.9419019769843,636.515228880274,274.6097888614887,2.664267194143871,31587.72682952881,188.57044992333567,3948.465853691101,23.57130624041696,ok,34
light_V0399_V_8s_2026_05_20-0093_flat_0p3_late_bias_cal.fits,2461181.7066908563,25.38616620004177,gaia_774271076054448768_src2,comparison,1545.6992165295924,338.80139359876557,1545.1912720248388,338.10833816724477,0.8592633188201761,21769.870918273926,156.73963449403075,2721.2338647842407,19.592454311753844,ok,34
light_V0399_V_8s_2026_05_20-0093_flat_0p3_late_bias_cal.fits,2461181.7066908563,25.38616620004177,gaia_774384016513181696_src3,comparison,430.1101101503718,1273.0067799154563,427.01626689098316,1272.701928643723,3.108826211215702,14074.585884094238,137.3518283805361,1759.3232355117798,17.16897854756701,ok,34
light_V0399_V_8s_2026_05_20-0093_flat_0p3_late_bias_cal.fits,2461181.7066908563,25.38616620004177,gaia_774289041901756032_src4,comparison,2081.281998053974,1459.9595793065575,2080.5749822608777,1461.1501131863247,1.3846451713564758,13258.497211456299,123.66288361078372,1657.3121514320374,15.457860451347965,ok,34
light_V0399_V_8s_2026_05_20-0093_flat_0p3_late_bias_cal.fits,2461181.7066908563,25.38616620004177,gaia_774287774887292672_src5,comparison,2073.2250053374414,1098.2555809242685,2073.047103983973,1098.9145976709117,0.6826067417788778,13190.061180114746,122.48090538842555,1648.7576475143433,15.310113173553194,ok,34
light_V0399_V_8s_2026_05_20-0093_flat_0p3_late_bias_cal.fits,2461181.7066908563,25.38616620004177,gaia_774289488578357504_src6,comparison,979.8562006804665,1118.2906309997525,978.0239739877086,1118.5123180984863,1.845589288926321,11310.288070678711,114.86617330411231,1413.7860088348389,14.358271663014039,ok,34
light_V0399_V_8s_2026_05_20-0093_flat_0p3_late_bias_cal.fits,2461181.7066908563,25.38616620004177,gaia_774288805679445888_src7,comparison,1984.3920181375206,1369.2112544896713,1983.6363820048823,1370.366516311724,1.3804404523342597,10366.49282836914,110.42807367148536,1295.8116035461426,13.80350920893567,ok,34
light_V0399_V_8s_2026_05_20-0093_flat_0p3_late_bias_cal.fits,2461181.7066908563,25.38616620004177,gaia_774290626745586944_src8,comparison,1109.8487930123438,1451.2022719525623,1108.9951761746142,1452.6122614131295,1.6482511897662808,3510.2659454345703,71.89760048789475,438.7832431793213,8.987200060986844,ok,34
light_V0399_V_8s_2026_05_20-0093_flat_0p3_late_bias_cal.fits,2461181.7066908563,25.38616620004177,HD_103405,comparison,1195.7486301722365,168.9493609870163,1194.631210055171,167.60726762978413,1.7463797689933271,145583.99884796143,438.6105709614943,18197.99985599518,54.82632137018679,ok,34
light_V0399_V_8s_2026_05_20-0093_flat_0p3_late_bias_cal.fits,2461181.7066908563,25.38616620004177,TYC_3452_787_1,comparison,402.7197851829216,773.3807666585036,399.8365915864647,772.3678955541271,3.055930821980596,191152.7381591797,521.3786706335122,23894.09226989746,65.17233382918903,ok,34
light_V0399_V_8s_2026_05_20-0093_flat_0p3_late_bias_cal.fits,2461181.7066908563,25.38616620004177,HD_103187,comparison,106.77914806751966,1532.657716485688,102.50769761473157,1532.9665099454014,4.282597619597865,725633.6479492188,1423.9635065729415,90704.20599365234,177.99543832161768,ok,34
light_V0399_V_8s_2026_05_20-0094_flat_0p3_late_bias_cal.fits,2461181.706882639,25.662333145737648,target,target,1968.5380456081512,648.4555114641776,1968.5380456081512,648.4555114641776,0.0,1765953.5658416748,4533.388792693481,220744.19573020935,566.6735990866852,ok,31
light_V0399_V_8s_2026_05_20-0094_flat_0p3_late_bias_cal.fits,2461181.706882639,25.662333145737648,DN_UMa,check,1893.7880588244636,703.020747337246,1893.7880588244636,703.020747337246,0.0,2537170.0259399414,8076.440323175364,317146.2532424927,1009.5550403969205,ok,31
light_V0399_V_8s_2026_05_20-0094_flat_0p3_late_bias_cal.fits,2461181.706882639,25.662333145737648,gaia_774272862760870784_src1,comparison,639.4242612164692,274.55131822412363,636.8914334189194,272.09904627343445,3.5254580372169717,26793.78126525879,180.8438450151098,3349.2226581573486,22.605480626888724,ok,31
light_V0399_V_8s_2026_05_20-0094_flat_0p3_late_bias_cal.fits,2461181.706882639,25.662333145737648,gaia_774271076054448768_src2,comparison,1546.1911896983693,337.3601674845113,1545.832557579321,336.27372041803943,1.144108484829282,18362.56932067871,148.64571960543643,2295.321165084839,18.580714950679553,ok,31
light_V0399_V_8s_2026_05_20-0094_flat_0p3_late_bias_cal.fits,2461181.706882639,25.662333145737648,gaia_774384016513181696_src3,comparison,430.68127903882805,1271.6646659601356,426.6020122169948,1270.3817059235494,4.276260546223402,12191.07335281372,131.04691228661068,1523.884169101715,16.380864035826335,ok,31
light_V0399_V_8s_2026_05_20-0094_flat_0p3_late_bias_cal.fits,2461181.706882639,25.662333145737648,gaia_774289041901756032_src4,comparison,2081.9336149744804,1458.513553530412,2080.59060888084,1460.0851995790233,2.067301784856334,11293.657287597656,117.82345147602693,1411.707160949707,14.727931434503367,ok,31
light_V0399_V_8s_2026_05_20-0094_flat_0p3_late_bias_cal.fits,2461181.706882639,25.662333145737648,gaia_774287774887292672_src5,comparison,2073.854185339649,1096.7899479332027,2073.3210284701895,1097.7203606544654,1.0723451307015661,10800.621932983398,114.9310091523476,1350.0777416229248,14.36637614404345,ok,31
light_V0399_V_8s_2026_05_20-0094_flat_0p3_late_bias_cal.fits,2461181.706882639,25.662333145737648,gaia_774289488578357504_src6,comparison,980.373758489484,1116.9283322920955,977.9092339529582,1116.536176765559,2.495529432431289,9510.052108764648,107.79959514675005,1188.756513595581,13.474949393343756,ok,31
light_V0399_V_8s_2026_05_20-0094_flat_0p3_late_bias_cal.fits,2461181.706882639,25.662333145737648,gaia_774288805679445888_src7,comparison,1985.0916805730608,1367.7845033263854,1983.6842309735575,1369.2007376308388,1.9966556989757702,8661.804885864258,104.04175011503261,1082.7256107330322,13.005218764379077,ok,31
light_V0399_V_8s_2026_05_20-0094_flat_0p3_late_bias_cal.fits,2461181.706882639,25.662333145737648,gaia_774290626745586944_src8,comparison,1110.268424591291,1450.0527834849488,1108.6846243665977,1450.8447204942959,1.7707589837445556,2987.0293502807617,67.64423512738944,373.3786687850952,8.45552939092368,ok,31
light_V0399_V_8s_2026_05_20-0094_flat_0p3_late_bias_cal.fits,2461181.706882639,25.662333145737648,HD_103405,comparison,1196.298894541349,167.43740853566533,1195.2753776695695,165.46186588760378,2.2249394466203727,124224.24890136719,467.77767692246505,15528.031112670898,58.47220961530813,ok,31
light_V0399_V_8s_2026_05_20-0094_flat_0p3_late_bias_cal.fits,2461181.706882639,25.662333145737648,TYC_3452_787_1,comparison,403.51255542771355,771.9617572958631,399.77336794017947,769.8569603466348,4.290884904586969,161843.6934814453,572.9441303154674,20230.461685180664,71.61801628943343,ok,31
light_V0399_V_8s_2026_05_20-0094_flat_0p3_late_bias_cal.fits,2461181.706882639,25.662333145737648,HD_103187,comparison,107.5868556472451,1531.1974883058233,101.79500945090467,1530.5016074883379,5.833500876335521,618019.216003418,1724.8065446573144,77252.40200042725,215.6008180821643,ok,31
light_V0399_V_8s_2026_05_20-0095_flat_0p3_late_bias_cal.fits,2461181.7070737267,25.93749962747097,target,target,1968.1473349178752,649.3377915309903,1968.1473349178752,649.3377915309903,0.0,2059983.097290039,3651.146408580975,257497.88716125488,456.39330107262185,ok,33
light_V0399_V_8s_2026_05_20-0095_flat_0p3_late_bias_cal.fits,2461181.7070737267,25.93749962747097,DN_UMa,check,1893.4382838282945,703.9459935469126,1893.4382838282945,703.9459935469126,0.0,2995874.5317993164,6974.274039879846,374484.31647491455,871.7842549849807,saturated,33
light_V0399_V_8s_2026_05_20-0095_flat_0p3_late_bias_cal.fits,2461181.7070737267,25.93749962747097,gaia_774272862760870784_src1,comparison,638.9903945070098,275.4884825607104,636.3726851149279,273.8593964501626,3.0832327218316804,31422.515686035156,189.53684683136956,3927.8144607543945,23.692105853921195,ok,33
light_V0399_V_8s_2026_05_20-0095_flat_0p3_late_bias_cal.fits,2461181.7070737267,25.93749962747097,gaia_774271076054448768_src2,comparison,1545.738985728893,338.3199507241184,1545.2786802067003,337.45082560960736,0.9834935884056729,21346.869415283203,155.4058903366661,2668.3586769104004,19.42573629208326,ok,33
light_V0399_V_8s_2026_05_20-0095_flat_0p3_late_bias_cal.fits,2461181.7070737267,25.93749962747097,gaia_774384016513181696_src3,comparison,430.40071135651135,1272.7416113725865,426.73551614137455,1272.192360168225,3.7061209978297183,14480.768524169922,140.0202402083849,1810.0960655212402,17.502530026048113,ok,33
light_V0399_V_8s_2026_05_20-0095_flat_0p3_late_bias_cal.fits,2461181.7070737267,25.93749962747097,gaia_774289041901756032_src4,comparison,2081.6332157143743,1459.4471860728286,2080.706553355908,1460.8284383840878,1.663298251654599,13303.905303955078,124.47478516766121,1662.9881629943848,15.559348145957651,ok,33
light_V0399_V_8s_2026_05_20-0095_flat_0p3_late_bias_cal.fits,2461181.7070737267,25.93749962747097,gaia_774287774887292672_src5,comparison,2073.5096426269715,1097.729181717962,2073.2071969158105,1098.4984920247214,0.8266267333480936,12979.287940979004,122.87915844508889,1622.4109926223755,15.359894805636111,ok,33
light_V0399_V_8s_2026_05_20-0095_flat_0p3_late_bias_cal.fits,2461181.7070737267,25.93749962747097,gaia_774289488578357504_src6,comparison,980.2275397299593,1117.8677274422646,977.8988720577973,1118.0091741786089,2.332959559571182,11228.318656921387,114.5354620172814,1403.5398321151733,14.316932752160175,ok,33
light_V0399_V_8s_2026_05_20-0095_flat_0p3_late_bias_cal.fits,2461181.7070737267,25.93749962747097,gaia_774288805679445888_src7,comparison,1984.8747201626468,1368.6029205304828,1983.7504884098346,1370.0131794824997,1.8035319087210269,10422.023277282715,110.76776806340926,1302.7529096603394,13.845971007926158,ok,33
light_V0399_V_8s_2026_05_20-0095_flat_0p3_late_bias_cal.fits,2461181.7070737267,25.93749962747097,gaia_774290626745586944_src8,comparison,1110.1886870286135,1450.7212183709844,1108.8758836906873,1452.2066468909952,1.9824102734125764,3559.84432220459,71.10376779651546,444.98054027557373,8.887970974564432,ok,33
light_V0399_V_8s_2026_05_20-0095_flat_0p3_late_bias_cal.fits,2461181.7070737267,25.93749962747097,HD_103405,comparison,1195.7896761094955,168.42311915092878,1194.6421863727792,166.8761163882176,1.9261231122919857,146079.23413085938,447.62702226697763,18259.904266357422,55.953377783372204,ok,33
light_V0399_V_8s_2026_05_20-0095_flat_0p3_late_bias_cal.fits,2461181.7070737267,25.93749962747097,TYC_3452_787_1,comparison,402.9027770807824,773.0231598775335,399.5908908133663,771.7264837743026,3.5566781643817373,187282.16081237793,525.1764428809483,23410.27010154724,65.64705536011854,ok,33
light_V0399_V_8s_2026_05_20-0095_flat_0p3_late_bias_cal.fits,2461181.7070737267,25.93749962747097,HD_103187,comparison,107.0592000643363,1532.377127596323,102.12102495724866,1532.4970370865854,4.939630722444233,737128.3453216553,1433.7624020930596,92141.04316520691,179.22030026163245,ok,33
light_V0399_V_8s_2026_05_20-0096_flat_0p3_late_bias_cal.fits,2461181.7072653933,26.21349960565567,target,target,1968.2510190501418,649.517260422481,1968.2510190501418,649.517260422481,0.0,2212599.123046875,3197.6793525982403,276574.8903808594,399.70991907478003,ok,31
light_V0399_V_8s_2026_05_20-0096_flat_0p3_late_bias_cal.fits,2461181.7072653933,26.21349960565567,DN_UMa,check,1893.5382051502718,704.147908175993,1893.5382051502718,704.147908175993,0.0,3113697.976837158,5884.742351336092,389212.2471046448,735.5927939170115,saturated,31
light_V0399_V_8s_2026_05_20-0096_flat_0p3_late_bias_cal.fits,2461181.7072653933,26.21349960565567,gaia_774272862760870784_src1,comparison,638.9653780154601,275.71033020177885,636.1775131024749,274.2016275966661,3.1699170846771545,33571.02852630615,192.95159280939134,4196.378565788269,24.118949101173918,ok,31
light_V0399_V_8s_2026_05_20-0096_flat_0p3_late_bias_cal.fits,2461181.7072653933,26.21349960565567,gaia_774271076054448768_src2,comparison,1545.853820447425,338.5334053331473,1545.2543663141098,337.6480739448964,1.069185168701385,22679.21849822998,158.01868693161364,2834.9023122787476,19.752335866451705,ok,31
light_V0399_V_8s_2026_05_20-0096_flat_0p3_late_bias_cal.fits,2461181.7072653933,26.21349960565567,gaia_774384016513181696_src3,comparison,430.4786366634946,1272.9151559378663,426.67499441068867,1272.746279296165,3.8073893559029472,15153.342559814453,142.6744955662423,1894.1678199768066,17.83431194578029,ok,31
light_V0399_V_8s_2026_05_20-0096_flat_0p3_late_bias_cal.fits,2461181.7072653933,26.21349960565567,gaia_774289041901756032_src4,comparison,2081.67958804035,1459.561022275035,2080.969477503358,1461.1313571315054,1.7234292953855928,14251.451354980469,127.36921406498784,1781.4314193725586,15.92115175812348,ok,31
light_V0399_V_8s_2026_05_20-0096_flat_0p3_late_bias_cal.fits,2461181.7072653933,26.21349960565567,gaia_774287774887292672_src5,comparison,2073.612229462436,1097.8828000325313,2073.406544282037,1098.7389435890057,0.880504504660982,13939.064701080322,125.4553348221867,1742.3830876350403,15.681916852773337,ok,31
light_V0399_V_8s_2026_05_20-0096_flat_0p3_late_bias_cal.fits,2461181.7072653933,26.21349960565567,gaia_774289488578357504_src6,comparison,980.1834450128868,1117.9861671456486,977.9088408431986,1118.4412597447613,2.3196839014248942,11940.84489440918,116.85226990764127,1492.6056118011475,14.606533738455159,ok,31
light_V0399_V_8s_2026_05_20-0096_flat_0p3_late_bias_cal.fits,2461181.7072653933,26.21349960565567,gaia_774288805679445888_src7,comparison,1984.8405437806343,1368.761840230385,1983.9807478263615,1370.31677776707,1.7768173305032195,11183.375942230225,113.89697679961061,1397.921992778778,14.237122099951327,ok,31
light_V0399_V_8s_2026_05_20-0096_flat_0p3_late_bias_cal.fits,2461181.7072653933,26.21349960565567,gaia_774290626745586944_src8,comparison,1110.217872316821,1450.8734968088436,1108.966322596245,1452.6750329400716,2.1936064221263654,3830.2059173583984,73.47099998094761,478.7757396697998,9.183874997618451,ok,31
light_V0399_V_8s_2026_05_20-0096_flat_0p3_late_bias_cal.fits,2461181.7072653933,26.21349960565567,HD_103405,comparison,1195.8371569224043,168.69334159530874,1194.5268653812668,167.10359828133244,2.060132939183516,152816.18257141113,437.5353453402227,19102.02282142639,54.69191816752784,ok,31
light_V0399_V_8s_2026_05_20-0096_flat_0p3_late_bias_cal.fits,2461181.7072653933,26.21349960565567,TYC_3452_787_1,comparison,402.9887034937979,773.1882723722013,399.43960036208796,772.1970047924815,3.684934796453919,200569.0492477417,518.5453154296767,25071.131155967712,64.8181644287096,ok,31
light_V0399_V_8s_2026_05_20-0096_flat_0p3_late_bias_cal.fits,2461181.7072653933,26.21349960565567,HD_103187,comparison,107.05228605455636,1532.581774300998,102.04811064154978,1533.152536302976,5.036619980407642,780701.7156829834,1333.1945278231042,97587.71446037292,166.64931597788802,ok,31
light_V0399_V_8s_2026_05_20-0097_flat_0p3_late_bias_cal.fits,2461181.707456597,26.48883305490017,target,target,1968.2041181864029,649.1348020957104,1968.2041181864029,649.1348020957104,0.0,1984187.984375,4083.6133143932266,248023.498046875,510.4516642991533,ok,32
light_V0399_V_8s_2026_05_20-0097_flat_0p3_late_bias_cal.fits,2461181.707456597,26.48883305490017,DN_UMa,check,1893.4821800667412,703.716275697665,1893.4821800667412,703.716275697665,0.0,2906711.1484375,7264.357091768445,363338.8935546875,908.0446364710556,saturated,32
light_V0399_V_8s_2026_05_20-0097_flat_0p3_late_bias_cal.fits,2461181.707456597,26.48883305490017,gaia_774272862760870784_src1,comparison,638.8767153115159,275.402466299222,636.6251427076359,273.25820087967236,3.109252865242642,30565.7693939209,188.5186248614982,3820.7211742401123,23.564828107687276,ok,32
light_V0399_V_8s_2026_05_20-0097_flat_0p3_late_bias_cal.fits,2461181.707456597,26.48883305490017,gaia_774271076054448768_src2,comparison,1545.8808471063926,338.18846008088735,1545.4583532118031,337.1325741346868,1.1372757899248453,20592.57093811035,154.3223279839741,2574.071367263794,19.290290997996763,ok,32
light_V0399_V_8s_2026_05_20-0097_flat_0p3_late_bias_cal.fits,2461181.707456597,26.48883305490017,gaia_774384016513181696_src3,comparison,430.2364752403028,1272.4648850192343,426.68530074324667,1271.467134780808,3.6886780622360726,13652.944808959961,136.45489311943354,1706.6181011199951,17.056861639929192,ok,32
light_V0399_V_8s_2026_05_20-0097_flat_0p3_late_bias_cal.fits,2461181.707456597,26.48883305490017,gaia_774289041901756032_src4,comparison,2081.4847723506687,1459.3095695709867,2080.500894104779,1460.6138669469533,1.6337711123924932,12772.291076660156,122.98487365284541,1596.5363845825195,15.373109206605676,ok,32
light_V0399_V_8s_2026_05_20-0097_flat_0p3_late_bias_cal.fits,2461181.707456597,26.48883305490017,gaia_774287774887292672_src5,comparison,2073.488999912406,1097.5078060900955,2073.1162374195515,1098.3025762195807,0.8778447669156224,12475.769134521484,121.3687482289476,1559.4711418151855,15.17109352861845,ok,32
light_V0399_V_8s_2026_05_20-0097_flat_0p3_late_bias_cal.fits,2461181.707456597,26.48883305490017,gaia_774289488578357504_src6,comparison,980.0393664935411,1117.6501535033558,977.8653041608738,1117.466709097937,2.1817879998300067,10641.713455200195,112.79369034480469,1330.2141819000244,14.099211293100586,ok,32
light_V0399_V_8s_2026_05_20-0097_flat_0p3_late_bias_cal.fits,2461181.707456597,26.48883305490017,gaia_774288805679445888_src7,comparison,1984.7003876956626,1368.4278202949995,1983.5790936586886,1369.7733005618784,1.7514615228185397,9935.411140441895,109.76865425257785,1241.9263925552368,13.72108178157223,ok,32
light_V0399_V_8s_2026_05_20-0097_flat_0p3_late_bias_cal.fits,2461181.707456597,26.48883305490017,gaia_774290626745586944_src8,comparison,1110.1075269400856,1450.3964342253846,1108.7293243417598,1451.6860983065178,1.8875051905086142,3464.5427055358887,70.79586536474774,433.0678381919861,8.849483170593468,ok,32
light_V0399_V_8s_2026_05_20-0097_flat_0p3_late_bias_cal.fits,2461181.707456597,26.48883305490017,HD_103405,comparison,1195.7396504286241,168.43458536398506,1194.8959942001618,166.4571838136581,2.1498541166922887,141946.27377319336,458.4501177520782,17743.28422164917,57.306264719009775,ok,32
light_V0399_V_8s_2026_05_20-0097_flat_0p3_late_bias_cal.fits,2461181.707456597,26.48883305490017,TYC_3452_787_1,comparison,402.7345796427626,772.9273886922888,399.7000775575773,771.0217326504717,3.5832565990601286,180990.30877685547,552.8729360514568,22623.788597106934,69.1091170064321,ok,32
light_V0399_V_8s_2026_05_20-0097_flat_0p3_late_bias_cal.fits,2461181.707456597,26.48883305490017,HD_103187,comparison,106.81929043480542,1532.2286137732347,102.00755222264547,1531.6543393771424,4.845886472500919,682814.8322906494,1577.0168844743043,85351.85403633118,197.12711055928804,ok,32
light_V0399_V_8s_2026_05_20-0098_flat_0p3_late_bias_cal.fits,2461181.7076488426,26.765666529536247,target,target,1968.541657566172,649.785559330741,1968.541657566172,649.785559330741,0.0,1908213.843887329,4082.036904460461,238526.73048591614,510.2546130575576,ok,34
light_V0399_V_8s_2026_05_20-0098_flat_0p3_late_bias_cal.fits,2461181.7076488426,26.765666529536247,DN_UMa,check,1893.8337242922437,704.3958863794865,1893.8337242922437,704.3958863794865,0.0,2756248.3626708984,7173.95683706938,344531.0453338623,896.7446046336725,saturated,34
light_V0399_V_8s_2026_05_20-0098_flat_0p3_late_bias_cal.fits,2461181.7076488426,26.765666529536247,gaia_774272862760870784_src1,comparison,639.284950840334,275.894655718688,636.7523107842158,274.3399207210049,2.971778350899548,28942.249084472656,184.03808683173568,3617.781135559082,23.00476085396696,ok,34
light_V0399_V_8s_2026_05_20-0098_flat_0p3_late_bias_cal.fits,2461181.7076488426,26.765666529536247,gaia_774271076054448768_src2,comparison,1546.0735590879801,338.7203521424316,1545.663391082273,337.90826238876866,0.9097953401233227,19647.246643066406,151.8812635919888,2455.905830383301,18.9851579489986,ok,34
light_V0399_V_8s_2026_05_20-0098_flat_0p3_late_bias_cal.fits,2461181.7076488426,26.765666529536247,gaia_774384016513181696_src3,comparison,430.6990295679464,1273.0253656333655,427.1399698059049,1272.6820579705443,3.5755791896047615,12993.650764465332,131.14157480824394,1624.2063455581665,16.392696851030493,ok,34
light_V0399_V_8s_2026_05_20-0098_flat_0p3_late_bias_cal.fits,2461181.7076488426,26.765666529536247,gaia_774289041901756032_src4,comparison,2081.8459604377963,1459.6823913237604,2081.1221323233835,1461.2764000076263,1.7506543986333494,12180.810195922852,119.37569657661646,1522.6012744903564,14.921962072077058,ok,34
light_V0399_V_8s_2026_05_20-0098_flat_0p3_late_bias_cal.fits,2461181.7076488426,26.765666529536247,gaia_774287774887292672_src5,comparison,2073.7546657509197,1098.0508130444869,2073.613447394517,1098.9452696212386,0.9055358589694099,11727.406520843506,117.87819128599249,1465.9258151054382,14.73477391074906,ok,34
light_V0399_V_8s_2026_05_20-0098_flat_0p3_late_bias_cal.fits,2461181.7076488426,26.765666529536247,gaia_774289488578357504_src6,comparison,980.4090592155427,1118.357238845016,978.3014621750922,1118.4841394044665,2.1114139899377027,10587.635761260986,112.41725625572481,1323.4544701576233,14.052157031965601,ok,34
light_V0399_V_8s_2026_05_20-0098_flat_0p3_late_bias_cal.fits,2461181.7076488426,26.765666529536247,gaia_774288805679445888_src7,comparison,1985.0777251460206,1369.0384129569634,1984.1633680608636,1370.463284684603,1.6930175189298637,9191.147830963135,105.29019880953183,1148.8934788703918,13.161274851191479,ok,34
light_V0399_V_8s_2026_05_20-0098_flat_0p3_late_bias_cal.fits,2461181.7076488426,26.765666529536247,gaia_774290626745586944_src8,comparison,1110.5061630760104,1451.0651707234551,1109.2875493141719,1452.6795199401076,2.0226573841974926,3300.3323135375977,70.01037235134847,412.5415391921997,8.751296543918558,ok,34
light_V0399_V_8s_2026_05_20-0098_flat_0p3_late_bias_cal.fits,2461181.7076488426,26.765666529536247,HD_103405,comparison,1196.0561821142553,168.91432869148738,1195.021186981351,167.34190500313696,1.882480061201438,129534.93739318848,449.2885274111108,16191.86717414856,56.16106592638885,ok,34
light_V0399_V_8s_2026_05_20-0098_flat_0p3_late_bias_cal.fits,2461181.7076488426,26.765666529536247,TYC_3452_787_1,comparison,403.2078126240838,773.5158350135762,399.9823957917979,772.2149770016057,3.477865050472898,176931.344745636,544.512256810829,22116.4180932045,68.06403210135362,ok,34
light_V0399_V_8s_2026_05_20-0098_flat_0p3_late_bias_cal.fits,2461181.7076488426,26.765666529536247,HD_103187,comparison,107.29502025380592,1532.7870512346576,102.530926685017,1532.996055750756,4.768675960885321,666159.2788696289,1539.459547860221,83269.90985870361,192.43244348252762,ok,34
light_V0399_V_8s_2026_05_20-0099_flat_0p3_late_bias_cal.fits,2461181.707839815,27.040666714310646,target,target,1968.6025370210598,650.0830035690423,1968.6025370210598,650.0830035690423,0.0,2205078.3268737793,3145.7925623744454,275634.7908592224,393.2240702968057,ok,35
light_V0399_V_8s_2026_05_20-0099_flat_0p3_late_bias_cal.fits,2461181.707839815,27.040666714310646,DN_UMa,check,1893.9758677194884,704.6441920661732,1893.9758677194884,704.6441920661732,0.0,3076653.877471924,5778.508569483716,384581.7346839905,722.3135711854645,saturated,35
light_V0399_V_8s_2026_05_20-0099_flat_0p3_late_bias_cal.fits,2461181.707839815,27.040666714310646,gaia_774272862760870784_src1,comparison,639.6909135474276,276.28551434311413,638.1410605382378,275.1404365088463,1.9269788780955588,34424.12683105469,194.46238979492603,4303.015853881836,24.307798724365753,ok,35
light_V0399_V_8s_2026_05_20-0099_flat_0p3_late_bias_cal.fits,2461181.707839815,27.040666714310646,gaia_774271076054448768_src2,comparison,1546.2635568678797,339.0443335813803,1546.1286526237996,338.56240503043074,0.5004540771051466,22638.01898956299,157.95519290325575,2829.7523736953735,19.74439911290697,ok,35
light_V0399_V_8s_2026_05_20-0099_flat_0p3_late_bias_cal.fits,2461181.707839815,27.040666714310646,gaia_774384016513181696_src3,comparison,431.07583927779956,1273.1903792527264,428.8324015566468,1272.4807374306918,2.352999006432376,15276.1996383667,141.13413924023072,1909.5249547958374,17.64176740502884,ok,35
light_V0399_V_8s_2026_05_20-0099_flat_0p3_late_bias_cal.fits,2461181.707839815,27.040666714310646,gaia_774289041901756032_src4,comparison,2082.1249490170812,1460.0883361675403,2081.140584520633,1460.7341758005373,1.1773199622095447,14103.292449951172,126.25482857086162,1762.9115562438965,15.781853571357702,ok,35
light_V0399_V_8s_2026_05_20-0099_flat_0p3_late_bias_cal.fits,2461181.707839815,27.040666714310646,gaia_774287774887292672_src5,comparison,2073.904517279512,1098.4297678232365,2073.607131282582,1098.774129104755,0.45499793777473996,13732.06746673584,125.68654208959228,1716.50843334198,15.710817761199035,ok,35
light_V0399_V_8s_2026_05_20-0099_flat_0p3_late_bias_cal.fits,2461181.707839815,27.040666714310646,gaia_774289488578357504_src6,comparison,980.6385723124381,1118.5016025265495,979.4166337553894,1118.391102493646,1.2269246490611934,12072.996772766113,118.60278676295428,1509.1245965957642,14.825348345369285,ok,35
light_V0399_V_8s_2026_05_20-0099_flat_0p3_late_bias_cal.fits,2461181.707839815,27.040666714310646,gaia_774288805679445888_src7,comparison,1985.2310747806887,1369.340533346325,1984.2728095265795,1370.0225808198334,1.17620621208703,11065.425735473633,113.10312531408773,1383.178216934204,14.137890664260967,ok,35
light_V0399_V_8s_2026_05_20-0099_flat_0p3_late_bias_cal.fits,2461181.707839815,27.040666714310646,gaia_774290626745586944_src8,comparison,1110.780817228783,1451.3805266613092,1110.2987388030128,1452.233105918896,0.9794340197584526,3884.1233978271484,74.57180850281209,485.51542472839355,9.321476062851511,ok,35
light_V0399_V_8s_2026_05_20-0099_flat_0p3_late_bias_cal.fits,2461181.707839815,27.040666714310646,HD_103405,comparison,1196.3982955076815,169.21910778177087,1195.8296371324395,168.20181550961695,1.1654423686810627,156850.42907714844,440.65743766225665,19606.303634643555,55.08217970778208,ok,35
light_V0399_V_8s_2026_05_20-0099_flat_0p3_late_bias_cal.fits,2461181.707839815,27.040666714310646,TYC_3452_787_1,comparison,403.66942105810494,773.6809119070292,401.6577771110901,772.5277160516819,2.3187436361856952,207501.74597930908,522.112163063388,25937.718247413635,65.2640203829235,ok,35
light_V0399_V_8s_2026_05_20-0099_flat_0p3_late_bias_cal.fits,2461181.707839815,27.040666714310646,HD_103187,comparison,107.72026352344409,1533.0657442228874,104.5785159173156,1532.557682722072,3.1825625695694963,784507.3303375244,1318.407097881305,98063.41629219055,164.80088723516312,ok,35
light_V0399_V_8s_2026_05_20-0100_flat_0p3_late_bias_cal.fits,2461181.7080314816,27.316666692495346,target,target,1969.9285619007603,650.3715413307643,1969.9285619007603,650.3715413307643,0.0,1833599.6913452148,4366.849831872829,229199.96141815186,545.8562289841036,ok,33
light_V0399_V_8s_2026_05_20-0100_flat_0p3_late_bias_cal.fits,2461181.7080314816,27.316666692495346,DN_UMa,check,1895.265970870281,704.8923719576186,1895.265970870281,704.8923719576186,0.0,2667733.535522461,7476.901426466763,333466.6919403076,934.6126783083454,ok,33
light_V0399_V_8s_2026_05_20-0100_flat_0p3_late_bias_cal.fits,2461181.7080314816,27.316666692495346,gaia_774272862760870784_src1,comparison,640.7260483326121,276.290180645107,639.6106780259825,274.63396902476325,1.9967693537994786,28171.172721862793,183.6657653030327,3521.396590232849,22.95822066287909,ok,33
light_V0399_V_8s_2026_05_20-0100_flat_0p3_late_bias_cal.fits,2461181.7080314816,27.316666692495346,gaia_774271076054448768_src2,comparison,1547.5773698466915,339.20101444387757,1547.6122390840064,338.5877157474293,0.6142891459045088,19169.016555786133,150.92613836085525,2396.1270694732666,18.865767295106906,ok,33
light_V0399_V_8s_2026_05_20-0100_flat_0p3_late_bias_cal.fits,2461181.7080314816,27.316666692495346,gaia_774384016513181696_src3,comparison,432.0581900860393,1273.2663560080498,429.710087065107,1271.9083742536393,2.7125084778159034,12500.701461791992,129.4941111545471,1562.587682723999,16.18676389431839,ok,33
light_V0399_V_8s_2026_05_20-0100_flat_0p3_late_bias_cal.fits,2461181.7080314816,27.316666692495346,gaia_774289041901756032_src4,comparison,2083.3184544606274,1460.277218650382,2082.001314223291,1461.1335952321224,1.571063096939051,11857.212997436523,118.69758817553007,1482.1516246795654,14.837198521941259,ok,33
light_V0399_V_8s_2026_05_20-0100_flat_0p3_late_bias_cal.fits,2461181.7080314816,27.316666692495346,gaia_774287774887292672_src5,comparison,2075.2277902917945,1098.642109137644,2074.6780106404203,1099.1488891234294,0.7477189438938683,11609.870681762695,117.72931305710091,1451.233835220337,14.716164132137614,ok,33
light_V0399_V_8s_2026_05_20-0100_flat_0p3_late_bias_cal.fits,2461181.7080314816,27.316666692495346,gaia_774289488578357504_src6,comparison,981.9582594978222,1118.5989310834009,980.4148049296552,1118.1304118361725,1.6129979197192958,10023.11143875122,109.77999972590418,1252.8889298439026,13.722499965738022,ok,33
light_V0399_V_8s_2026_05_20-0100_flat_0p3_late_bias_cal.fits,2461181.7080314816,27.316666692495346,gaia_774288805679445888_src7,comparison,1986.460664199421,1369.4912778623345,1985.1808845769988,1370.3605654316664,1.5470930030744776,9180.976364135742,107.09040659171374,1147.6220455169678,13.386300823964218,ok,33
light_V0399_V_8s_2026_05_20-0100_flat_0p3_late_bias_cal.fits,2461181.7080314816,27.316666692495346,gaia_774290626745586944_src8,comparison,1112.2201032129585,1451.5136849955084,1111.1100280255803,1452.0672580788096,1.2404475322191006,3116.0446548461914,68.64096615876329,389.5055818557739,8.580120769845411,ok,33
light_V0399_V_8s_2026_05_20-0100_flat_0p3_late_bias_cal.fits,2461181.7080314816,27.316666692495346,HD_103405,comparison,1197.5722687778616,169.3135873482451,1197.392707980293,168.0137948984102,1.3121366135701498,130985.70782470703,460.2259500629745,16373.213478088379,57.52824375787181,ok,33
light_V0399_V_8s_2026_05_20-0100_flat_0p3_late_bias_cal.fits,2461181.7080314816,27.316666692495346,TYC_3452_787_1,comparison,404.53354833964795,773.7111809838573,402.8247899409771,771.911536845083,2.481647495365288,170396.3575439453,565.6231478153896,21299.544692993164,70.7028934769237,ok,33
light_V0399_V_8s_2026_05_20-0100_flat_0p3_late_bias_cal.fits,2461181.7080314816,27.316666692495346,HD_103187,comparison,108.6205285634846,1532.960929700674,105.28673612495095,1531.8112529402388,3.5264612115701364,638458.0341491699,1681.087180308821,79807.25426864624,210.13589753860262,ok,33
light_V0399_V_8s_2026_05_20-0101_flat_0p3_late_bias_cal.fits,2461181.7082226854,27.592000141739845,target,target,1969.9235273656661,649.4313876510229,1969.9235273656661,649.4313876510229,0.0,2161317.4876098633,3607.8688391096944,270164.6859512329,450.9836048887118,ok,34
light_V0399_V_8s_2026_05_20-0101_flat_0p3_late_bias_cal.fits,2461181.7082226854,27.592000141739845,DN_UMa,check,1895.22192197236,704.0378472019081,1895.22192197236,704.0378472019081,0.0,3036199.8611297607,6272.813794257726,379524.9826412201,784.1017242822157,saturated,34
light_V0399_V_8s_2026_05_20-0101_flat_0p3_late_bias_cal.fits,2461181.7082226854,27.592000141739845,gaia_774272862760870784_src1,comparison,640.8542912625325,275.5563785879045,638.2380639337237,274.0245425980675,3.0316937404305606,33264.84906768799,192.9723639898475,4158.1061334609985,24.12154549873094,ok,34
light_V0399_V_8s_2026_05_20-0101_flat_0p3_late_bias_cal.fits,2461181.7082226854,27.592000141739845,gaia_774271076054448768_src2,comparison,1547.5569733171515,338.43350212390334,1547.0769724137217,337.58179618226603,0.9776522276932991,22399.085849761963,158.28146411454594,2799.8857312202454,19.785183014318243,ok,34
light_V0399_V_8s_2026_05_20-0101_flat_0p3_late_bias_cal.fits,2461181.7082226854,27.592000141739845,gaia_774384016513181696_src3,comparison,432.14167730679065,1272.4675010619312,428.6490666205857,1272.2883312747217,3.4972033423925675,14961.750305175781,142.40715024265327,1870.2187881469727,17.80089378033166,ok,34
light_V0399_V_8s_2026_05_20-0101_flat_0p3_late_bias_cal.fits,2461181.7082226854,27.592000141739845,gaia_774289041901756032_src4,comparison,2083.1571629988384,1459.3855138154324,2082.500377399775,1460.8566722414253,1.6111096913328766,13777.907218933105,125.69129991270404,1722.2384023666382,15.711412489088005,ok,34
light_V0399_V_8s_2026_05_20-0101_flat_0p3_late_bias_cal.fits,2461181.7082226854,27.592000141739845,gaia_774287774887292672_src5,comparison,2075.1431197072525,1097.806384920377,2074.9898959032407,1098.554529903202,0.7636743084862154,13366.125392913818,123.60938671806022,1670.7656741142273,15.451173339757528,ok,34
light_V0399_V_8s_2026_05_20-0101_flat_0p3_late_bias_cal.fits,2461181.7082226854,27.592000141739845,gaia_774289488578357504_src6,comparison,981.7060931589732,1117.7402099670228,979.7655194558561,1118.0990829824364,1.9734781829100083,11924.799049377441,117.64372761724174,1490.5998811721802,14.705465952155217,ok,34
light_V0399_V_8s_2026_05_20-0101_flat_0p3_late_bias_cal.fits,2461181.7082226854,27.592000141739845,gaia_774288805679445888_src7,comparison,1986.39691108042,1368.606477683443,1985.5487563770691,1370.0514511456408,1.6755043143102506,10795.651653289795,112.06985227139914,1349.4564566612244,14.008731533924893,ok,34
light_V0399_V_8s_2026_05_20-0101_flat_0p3_late_bias_cal.fits,2461181.7082226854,27.592000141739845,gaia_774290626745586944_src8,comparison,1111.7668525056172,1450.4568642285471,1110.743355287576,1452.2669059808245,2.0793743530989017,3895.080322265625,74.26992442604808,486.8850402832031,9.28374055325601,ok,34
light_V0399_V_8s_2026_05_20-0101_flat_0p3_late_bias_cal.fits,2461181.7082226854,27.592000141739845,HD_103405,comparison,1197.6246508075878,168.59695863642816,1196.461645104855,167.0313804232539,1.9502864933529398,153237.28485107422,445.0877548539755,19154.660606384277,55.63596935674694,ok,34
light_V0399_V_8s_2026_05_20-0101_flat_0p3_late_bias_cal.fits,2461181.7082226854,27.592000141739845,TYC_3452_787_1,comparison,404.72412242318507,772.9386144457635,401.49035178366785,771.8614008392815,3.408469114278959,200052.63778686523,529.0500679039104,25006.579723358154,66.1312584879888,ok,34
light_V0399_V_8s_2026_05_20-0101_flat_0p3_late_bias_cal.fits,2461181.7082226854,27.592000141739845,HD_103187,comparison,108.63992613332319,1532.0811550386165,104.06767070869023,1532.583685284509,4.599788725161443,765240.269744873,1389.0694811176893,95655.03371810913,173.63368513971116,ok,34
light_V0399_V_8s_2026_05_20-0102_flat_0p3_late_bias_cal.fits,2461181.7084144675,27.86816641688347,target,target,1971.6843813554967,650.0481401681247,1971.6843813554967,650.0481401681247,0.0,1841817.1394042969,4299.839725176367,230227.1424255371,537.4799656470459,ok,32
light_V0399_V_8s_2026_05_20-0102_flat_0p3_late_bias_cal.fits,2461181.7084144675,27.86816641688347,DN_UMa,check,1896.977574297939,704.6246879772941,1896.977574297939,704.6246879772941,0.0,2666655.4849853516,7754.284362331035,333331.93562316895,969.2855452913793,ok,32
light_V0399_V_8s_2026_05_20-0102_flat_0p3_late_bias_cal.fits,2461181.7084144675,27.86816641688347,gaia_774272862760870784_src1,comparison,642.6580344149736,276.1206638643832,640.3029458227163,274.30416869487254,2.9742388905795503,28304.861236572266,183.94657817870603,3538.107654571533,22.993322272338254,ok,32
light_V0399_V_8s_2026_05_20-0102_flat_0p3_late_bias_cal.fits,2461181.7084144675,27.86816641688347,gaia_774271076054448768_src2,comparison,1549.3274305059647,339.01927184606336,1548.9910293047492,338.11950962449714,0.9605924336246917,18760.11587524414,148.86841685109215,2345.0144844055176,18.60855210638652,ok,32
light_V0399_V_8s_2026_05_20-0102_flat_0p3_late_bias_cal.fits,2461181.7084144675,27.86816641688347,gaia_774384016513181696_src3,comparison,433.77250878093713,1273.0094451835744,430.45078816960836,1272.3611774332687,3.3843875215188843,12249.709506988525,128.7406915721471,1531.2136883735657,16.09258644651839,ok,32
light_V0399_V_8s_2026_05_20-0102_flat_0p3_late_bias_cal.fits,2461181.7084144675,27.86816641688347,gaia_774289041901756032_src4,comparison,2084.795287664724,1460.1626525027302,2084.006190476753,1461.388570494671,1.4579263681777768,11650.466125488281,119.28082495188391,1456.3082656860352,14.91010311898549,ok,32
light_V0399_V_8s_2026_05_20-0102_flat_0p3_late_bias_cal.fits,2461181.7084144675,27.86816641688347,gaia_774287774887292672_src5,comparison,2076.8290617215066,1098.442753017793,2076.60336908712,1099.1368917518168,0.7299080402959629,11600.570053100586,117.21884173463492,1450.0712566375732,14.652355216829365,ok,32
light_V0399_V_8s_2026_05_20-0102_flat_0p3_late_bias_cal.fits,2461181.7084144675,27.86816641688347,gaia_774289488578357504_src6,comparison,983.4659760063664,1118.3292820579557,981.5324712878178,1118.3564520983,1.93369560886459,10171.865882873535,111.34485781032346,1271.483235359192,13.918107226290433,ok,32
light_V0399_V_8s_2026_05_20-0102_flat_0p3_late_bias_cal.fits,2461181.7084144675,27.86816641688347,gaia_774288805679445888_src7,comparison,1988.0107932093943,1369.4336713674734,1987.0953742288295,1370.5680334517965,1.4576588243920612,9071.452163696289,105.93070342797228,1133.9315204620361,13.241337928496534,ok,32
light_V0399_V_8s_2026_05_20-0102_flat_0p3_late_bias_cal.fits,2461181.7084144675,27.86816641688347,gaia_774290626745586944_src8,comparison,1113.5502535196083,1451.2817368681042,1112.392972380007,1452.5142186770254,1.6906540288889864,3297.216567993164,70.53697774366397,412.1520709991455,8.817122217957996,ok,32
light_V0399_V_8s_2026_05_20-0102_flat_0p3_late_bias_cal.fits,2461181.7084144675,27.86816641688347,HD_103405,comparison,1199.4096961250116,169.16555666781633,1198.476841675737,167.49075845026817,1.917072375533565,130335.9440498352,462.19091402077396,16291.9930062294,57.773864252596745,ok,32
light_V0399_V_8s_2026_05_20-0102_flat_0p3_late_bias_cal.fits,2461181.7084144675,27.86816641688347,TYC_3452_787_1,comparison,406.46176079817167,773.6426233349315,403.44321824274607,771.9990122870581,3.4370127197330413,169540.85870361328,561.6671872484402,21192.60733795166,70.20839840605503,ok,32
light_V0399_V_8s_2026_05_20-0102_flat_0p3_late_bias_cal.fits,2461181.7084144675,27.86816641688347,HD_103187,comparison,110.4150841174594,1532.841671655924,105.84001728080466,1532.5232158432318,4.586136790861729,639797.4710388184,1756.2679892513934,79974.6838798523,219.53349865642417,ok,32
light_V0399_V_8s_2026_05_20-0103_flat_0p3_late_bias_cal.fits,2461181.7086069444,28.145333155989647,target,target,1970.6365628091883,650.5089753939283,1970.6365628091883,650.5089753939283,0.0,2035253.5750732422,3558.619197466376,254406.69688415527,444.827399683297,ok,31
light_V0399_V_8s_2026_05_20-0103_flat_0p3_late_bias_cal.fits,2461181.7086069444,28.145333155989647,DN_UMa,check,1895.979903693611,705.0436974128536,1895.979903693611,705.0436974128536,0.0,2884447.7553710938,6747.568759968393,360555.9694213867,843.4460949960492,saturated,31
light_V0399_V_8s_2026_05_20-0103_flat_0p3_late_bias_cal.fits,2461181.7086069444,28.145333155989647,gaia_774272862760870784_src1,comparison,641.4382286749901,276.57477982608646,640.2099186201419,274.96934837393115,2.0214241856697512,31725.666244506836,189.9957481777391,3965.7082805633545,23.749468522217388,ok,31
light_V0399_V_8s_2026_05_20-0103_flat_0p3_late_bias_cal.fits,2461181.7086069444,28.145333155989647,gaia_774271076054448768_src2,comparison,1548.265822675089,339.44018934761056,1548.2550692166697,338.78090560281413,0.6593714378260387,21794.403568267822,156.92254375872685,2724.300446033478,19.615317969840856,ok,31
light_V0399_V_8s_2026_05_20-0103_flat_0p3_late_bias_cal.fits,2461181.7086069444,28.145333155989647,gaia_774384016513181696_src3,comparison,432.66328053959484,1273.5358209267706,430.4603583342116,1272.3138607645747,2.5191373287227683,14102.935817718506,137.0892098672063,1762.8669772148132,17.13615123340079,ok,31
light_V0399_V_8s_2026_05_20-0103_flat_0p3_late_bias_cal.fits,2461181.7086069444,28.145333155989647,gaia_774289041901756032_src4,comparison,2083.99874337127,1460.485454167914,2082.842501997292,1461.283019777732,1.40463696977654,12936.897415161133,123.51812157281738,1617.1121768951416,15.439765196602172,ok,31
light_V0399_V_8s_2026_05_20-0103_flat_0p3_late_bias_cal.fits,2461181.7086069444,28.145333155989647,gaia_774287774887292672_src5,comparison,2075.944710930769,1098.8622867178701,2075.461305480918,1099.2861606288657,0.6429229513466965,12776.371662139893,121.21968238160989,1597.0464577674866,15.152460297701236,ok,31
light_V0399_V_8s_2026_05_20-0103_flat_0p3_late_bias_cal.fits,2461181.7086069444,28.145333155989647,gaia_774289488578357504_src6,comparison,982.6461315599505,1118.8183445052407,981.1608592117705,1118.4425748915241,1.5320694340861187,11067.224617004395,113.40209053564969,1383.4030771255493,14.175261316956211,ok,31
light_V0399_V_8s_2026_05_20-0103_flat_0p3_late_bias_cal.fits,2461181.7086069444,28.145333155989647,gaia_774288805679445888_src7,comparison,1987.2071543063669,1369.7486678635014,1986.004060010576,1370.5220626988762,1.4302361539091575,10284.946922302246,110.15623963532705,1285.6183652877808,13.769529954415882,ok,31
light_V0399_V_8s_2026_05_20-0103_flat_0p3_late_bias_cal.fits,2461181.7086069444,28.145333155989647,gaia_774290626745586944_src8,comparison,1112.6341289724855,1451.6997938571142,1111.9140497001408,1452.37090290373,0.9843279488615995,3724.266700744629,73.37985932152036,465.5333375930786,9.172482415190045,ok,31
light_V0399_V_8s_2026_05_20-0103_flat_0p3_late_bias_cal.fits,2461181.7086069444,28.145333155989647,HD_103405,comparison,1198.2769756167695,169.56752743581646,1197.9954989248731,168.25645928926969,1.3409432549405382,146233.9132232666,447.3765161657031,18279.239152908325,55.92206452071289,ok,31
light_V0399_V_8s_2026_05_20-0103_flat_0p3_late_bias_cal.fits,2461181.7086069444,28.145333155989647,TYC_3452_787_1,comparison,405.38037940093113,773.9651653659448,403.4944786935155,772.3029063420146,2.5139066293059433,186834.4114151001,530.581045090908,23354.301426887512,66.3226306363635,ok,31
light_V0399_V_8s_2026_05_20-0103_flat_0p3_late_bias_cal.fits,2461181.7086069444,28.145333155989647,HD_103187,comparison,109.37164634826544,1533.3168394719464,106.06644392092062,1532.2779464631212,3.464630105727304,721559.7221374512,1496.6326437870512,90194.9652671814,187.0790804733814,ok,31
light_V0399_V_8s_2026_05_20-0104_flat_0p3_late_bias_cal.fits,2461181.708799537,28.42266619205475,target,target,1971.0095555323376,650.8926915327894,1971.0095555323376,650.8926915327894,0.0,1749526.7761535645,4468.893838792511,218690.84701919556,558.6117298490639,ok,29
light_V0399_V_8s_2026_05_20-0104_flat_0p3_late_bias_cal.fits,2461181.708799537,28.42266619205475,DN_UMa,check,1896.2584800260977,705.4770385058283,1896.2584800260977,705.4770385058283,0.0,2619868.5859375,7961.858173800769,327483.5732421875,995.2322717250961,ok,29
light_V0399_V_8s_2026_05_20-0104_flat_0p3_late_bias_cal.fits,2461181.708799537,28.42266619205475,gaia_774272862760870784_src1,comparison,641.480287645926,277.08439294804384,639.1279963946056,274.6996985862928,3.3496330142279005,27756.151565551758,181.97158464220425,3469.5189456939697,22.74644808027553,ok,29
light_V0399_V_8s_2026_05_20-0104_flat_0p3_late_bias_cal.fits,2461181.708799537,28.42266619205475,gaia_774271076054448768_src2,comparison,1548.505781278579,339.86613666276645,1548.198681682521,338.73749695026504,1.1696742121352453,18633.19268798828,149.03503832177665,2329.149085998535,18.62937979022208,ok,29
light_V0399_V_8s_2026_05_20-0104_flat_0p3_late_bias_cal.fits,2461181.708799537,28.42266619205475,gaia_774384016513181696_src3,comparison,432.98429930865257,1274.0550380608024,428.9705544890908,1273.1470030338853,4.115176191448852,11652.163425445557,125.11717258203835,1456.5204281806946,15.639646572754794,ok,29
light_V0399_V_8s_2026_05_20-0104_flat_0p3_late_bias_cal.fits,2461181.708799537,28.42266619205475,gaia_774289041901756032_src4,comparison,2084.283387953778,1461.0327473834675,2083.2065694348175,1462.6109973822804,1.9106049255481965,10955.153526306152,115.0688846120659,1369.394190788269,14.383610576508238,ok,29
light_V0399_V_8s_2026_05_20-0104_flat_0p3_late_bias_cal.fits,2461181.708799537,28.42266619205475,gaia_774287774887292672_src5,comparison,2076.2240023288305,1099.3171528597695,2075.8781089483177,1100.1997585789993,0.9479636524148256,10990.573196411133,116.34915767765096,1373.8216495513916,14.54364470970637,ok,29
light_V0399_V_8s_2026_05_20-0104_flat_0p3_late_bias_cal.fits,2461181.708799537,28.42266619205475,gaia_774289488578357504_src6,comparison,982.7300316847746,1119.3827591363372,980.3255446813749,1119.1931516435018,2.411951233101002,9753.405792236328,109.35731069787946,1219.175724029541,13.669663837234932,ok,29
light_V0399_V_8s_2026_05_20-0104_flat_0p3_late_bias_cal.fits,2461181.708799537,28.42266619205475,gaia_774288805679445888_src7,comparison,1987.5259552105213,1370.2969741979366,1986.2729437886428,1371.7300974442626,1.9036490912239505,8854.763450622559,104.33994255250721,1106.8454313278198,13.042492819063401,ok,29
light_V0399_V_8s_2026_05_20-0104_flat_0p3_late_bias_cal.fits,2461181.708799537,28.42266619205475,gaia_774290626745586944_src8,comparison,1112.8272563656278,1452.3497595734034,1111.1715408995976,1453.524669691648,2.030223507499817,2989.3999633789062,67.33745028070904,373.6749954223633,8.41718128508863,ok,29
light_V0399_V_8s_2026_05_20-0104_flat_0p3_late_bias_cal.fits,2461181.708799537,28.42266619205475,HD_103405,comparison,1198.4788740917538,169.93556263835228,1197.5681844532285,167.9592610178545,2.1760339411184844,127682.3681640625,463.7579640757887,15960.296020507812,57.96974550947359,ok,29
light_V0399_V_8s_2026_05_20-0104_flat_0p3_late_bias_cal.fits,2461181.708799537,28.42266619205475,TYC_3452_787_1,comparison,405.44835516980163,774.5026107538873,402.05837734175725,772.5608501088739,3.9067101347752407,166012.67724609375,561.0413887135243,20751.58465576172,70.13017358919053,ok,29
light_V0399_V_8s_2026_05_20-0104_flat_0p3_late_bias_cal.fits,2461181.708799537,28.42266619205475,HD_103187,comparison,109.5791420750012,1533.8420775200182,104.16250091768461,1533.352968561238,5.438678975697598,631480.8250274658,1663.2088862344576,78935.10312843323,207.9011107793072,ok,29
light_V0399_V_8s_2026_05_20-0105_flat_0p3_late_bias_cal.fits,2461181.7089913194,28.698833137750626,target,target,1971.4716777363478,650.6992715401842,1971.4716777363478,650.6992715401842,0.0,1755728.8430175781,4664.543551608708,219466.10537719727,583.0679439510885,ok,30
light_V0399_V_8s_2026_05_20-0105_flat_0p3_late_bias_cal.fits,2461181.7089913194,28.698833137750626,DN_UMa,check,1896.7890858850412,705.2316569151782,1896.7890858850412,705.2316569151782,0.0,2533075.700073242,8011.23774190834,316634.4625091553,1001.4047177385424,ok,30
light_V0399_V_8s_2026_05_20-0105_flat_0p3_late_bias_cal.fits,2461181.7089913194,28.698833137750626,gaia_774272862760870784_src1,comparison,642.3633979587828,276.8648492065849,640.8333230298254,274.83290772596547,2.543602852036062,26814.021591186523,183.2967395403049,3351.7526988983154,22.912092442538114,ok,30
light_V0399_V_8s_2026_05_20-0105_flat_0p3_late_bias_cal.fits,2461181.7089913194,28.698833137750626,gaia_774271076054448768_src2,comparison,1549.0391260816796,339.6320223079323,1549.0587494743347,338.8267377736196,0.8055235929148988,17803.045150756836,146.8660637122566,2225.3806438446045,18.358257964032074,ok,30
light_V0399_V_8s_2026_05_20-0105_flat_0p3_late_bias_cal.fits,2461181.7089913194,28.698833137750626,gaia_774384016513181696_src3,comparison,433.60544100570894,1273.8164941054172,430.8540131461157,1272.3494668079175,3.1180962714700327,11962.1519241333,127.11990024626475,1495.2689905166626,15.889987530783094,ok,30
light_V0399_V_8s_2026_05_20-0105_flat_0p3_late_bias_cal.fits,2461181.7089913194,28.698833137750626,gaia_774289041901756032_src4,comparison,2084.7544572843717,1460.6564849751196,2083.5506671352528,1461.6657247869343,1.570883738813176,11063.72986984253,115.41381887767656,1382.9662337303162,14.42672735970957,ok,30
light_V0399_V_8s_2026_05_20-0105_flat_0p3_late_bias_cal.fits,2461181.7089913194,28.698833137750626,gaia_774287774887292672_src5,comparison,2076.73812184283,1098.914407312432,2076.235190132024,1099.590897767558,0.842958861161586,10743.723999023438,114.71433931135556,1342.9654998779297,14.339292413919445,ok,30
light_V0399_V_8s_2026_05_20-0105_flat_0p3_late_bias_cal.fits,2461181.7089913194,28.698833137750626,gaia_774289488578357504_src6,comparison,983.341343361613,1119.1723610333047,981.6996371427854,1118.5479769398241,1.7564324083575713,9362.855201721191,108.13439369777096,1170.356900215149,13.51679921222137,ok,30
light_V0399_V_8s_2026_05_20-0105_flat_0p3_late_bias_cal.fits,2461181.7089913194,28.698833137750626,gaia_774288805679445888_src7,comparison,1988.0014708710344,1369.8504177832403,1986.7086037937531,1370.8675647782711,1.645020756409436,8396.551620483398,101.5137429792129,1049.5689525604248,12.689217872401613,ok,30
light_V0399_V_8s_2026_05_20-0105_flat_0p3_late_bias_cal.fits,2461181.7089913194,28.698833137750626,gaia_774290626745586944_src8,comparison,1113.3088803463927,1452.5349105202938,1112.4184296268736,1452.5712638373377,0.8911924862520821,3062.061408996582,69.12107414268795,382.75767612457275,8.640134267835993,ok,30
light_V0399_V_8s_2026_05_20-0105_flat_0p3_late_bias_cal.fits,2461181.7089913194,28.698833137750626,HD_103405,comparison,1199.1493063854994,169.75759891988358,1198.7567606706534,168.20110987567887,1.6052259289499407,121458.97297668457,472.78623867385295,15182.371622085571,59.09827983423162,ok,30
light_V0399_V_8s_2026_05_20-0105_flat_0p3_late_bias_cal.fits,2461181.7089913194,28.698833137750626,TYC_3452_787_1,comparison,406.3189587151825,774.2685445120309,403.9753605605904,772.2277016620599,3.1076505351286183,160942.39208984375,579.3434158724111,20117.79901123047,72.41792698405139,ok,30
light_V0399_V_8s_2026_05_20-0105_flat_0p3_late_bias_cal.fits,2461181.7089913194,28.698833137750626,HD_103187,comparison,110.44689162646158,1533.5360023551352,106.34314191616431,1532.3082667003832,4.283467815066923,602753.7155532837,1789.207870803195,75344.21444416046,223.65098385039937,ok,30
light_V0399_V_8s_2026_05_20-0106_flat_0p3_late_bias_cal.fits,2461181.709182986,28.974833115935326,target,target,1971.1517876152193,650.6504254291274,1971.1517876152193,650.6504254291274,0.0,2101581.440307617,3470.096073764338,262697.68003845215,433.76200922054227,ok,30
light_V0399_V_8s_2026_05_20-0106_flat_0p3_late_bias_cal.fits,2461181.709182986,28.974833115935326,DN_UMa,check,1896.4657926025552,705.1860872553889,1896.4657926025552,705.1860872553889,0.0,3046264.738876343,6304.886342269963,380783.09235954285,788.1107927837454,saturated,30
light_V0399_V_8s_2026_05_20-0106_flat_0p3_late_bias_cal.fits,2461181.709182986,28.974833115935326,gaia_774272862760870784_src1,comparison,641.8530489822556,276.9697834721299,640.4434833434418,274.77423497670384,2.6090819239518237,32169.018745422363,189.47133958844185,4021.1273431777954,23.68391744855523,ok,30
light_V0399_V_8s_2026_05_20-0106_flat_0p3_late_bias_cal.fits,2461181.709182986,28.974833115935326,gaia_774271076054448768_src2,comparison,1548.7173813680292,339.6897939686757,1548.7153227297008,338.76502594137185,0.9247703186820129,22083.775833129883,157.2207377224377,2760.4719791412354,19.65259221530471,ok,30
light_V0399_V_8s_2026_05_20-0106_flat_0p3_late_bias_cal.fits,2461181.709182986,28.974833115935326,gaia_774384016513181696_src3,comparison,433.3151955631467,1273.9835300023535,430.46044059959104,1272.3427356814545,3.2926937157045066,14171.736743927002,136.77264120354604,1771.4670929908752,17.096580150443256,ok,30
light_V0399_V_8s_2026_05_20-0106_flat_0p3_late_bias_cal.fits,2461181.709182986,28.974833115935326,gaia_774289041901756032_src4,comparison,2084.5957919450448,1460.802669228366,2083.2420558573913,1461.657151656529,1.6008565254434028,13481.150184631348,123.80938102434558,1685.1437730789185,15.476172628043198,ok,30
light_V0399_V_8s_2026_05_20-0106_flat_0p3_late_bias_cal.fits,2461181.709182986,28.974833115935326,gaia_774287774887292672_src5,comparison,2076.4449912268838,1099.094523023154,2075.9237057030314,1099.5640484899704,0.7015645097689541,13094.459831237793,123.01710217157702,1636.8074789047241,15.377137771447128,ok,30
light_V0399_V_8s_2026_05_20-0106_flat_0p3_late_bias_cal.fits,2461181.709182986,28.974833115935326,gaia_774289488578357504_src6,comparison,982.9254494306028,1119.2246224518237,981.3328829363422,1118.5296532580937,1.737598981029644,11419.844383239746,115.74243988911608,1427.4805479049683,14.46780498613951,ok,30
light_V0399_V_8s_2026_05_20-0106_flat_0p3_late_bias_cal.fits,2461181.709182986,28.974833115935326,gaia_774288805679445888_src7,comparison,1987.8344481200659,1370.0087204140389,1986.394463125176,1370.8550652528866,1.6702863143043596,10346.828155517578,110.02170999697331,1293.3535194396973,13.752713749621664,ok,30
light_V0399_V_8s_2026_05_20-0106_flat_0p3_late_bias_cal.fits,2461181.709182986,28.974833115935326,gaia_774290626745586944_src8,comparison,1113.108722670272,1452.2988513625344,1112.0606008235682,1452.5689434153105,1.0823627499645558,3560.339942932129,72.5450778770678,445.0424928665161,9.068134734633475,ok,30
light_V0399_V_8s_2026_05_20-0106_flat_0p3_late_bias_cal.fits,2461181.709182986,28.974833115935326,HD_103405,comparison,1198.706854447717,169.86446042131783,1198.3944236381294,168.13318317804556,1.7592424232754242,148525.93231201172,442.2329422233566,18565.741539001465,55.27911777791957,ok,30
light_V0399_V_8s_2026_05_20-0106_flat_0p3_late_bias_cal.fits,2461181.709182986,28.974833115935326,TYC_3452_787_1,comparison,405.7661155025306,774.4896140769213,403.5769703957733,772.1958422608461,3.1707641732964444,193367.34057617188,529.7258247503117,24170.917572021484,66.21572809378897,ok,30
light_V0399_V_8s_2026_05_20-0106_flat_0p3_late_bias_cal.fits,2461181.709182986,28.974833115935326,HD_103187,comparison,109.97533139369855,1533.771305877482,105.93494097095663,1532.3169368112742,4.29417560760234,719333.7296218872,1485.1505524513339,89916.7162027359,185.64381905641673,ok,30
light_V0399_V_8s_2026_05_20-0107_flat_0p3_late_bias_cal.fits,2461181.7093744213,29.250499829649925,target,target,1972.076204549273,651.3677617849442,1972.076204549273,651.3677617849442,0.0,2080977.1271972656,3507.5736834484474,260122.1408996582,438.4467104310559,ok,36
light_V0399_V_8s_2026_05_20-0107_flat_0p3_late_bias_cal.fits,2461181.7093744213,29.250499829649925,DN_UMa,check,1897.3291863019192,705.9682530037545,1897.3291863019192,705.9682530037545,0.0,2972066.6282348633,6206.9795635648625,371508.3285293579,775.8724454456078,saturated,36
light_V0399_V_8s_2026_05_20-0107_flat_0p3_late_bias_cal.fits,2461181.7093744213,29.250499829649925,gaia_774272862760870784_src1,comparison,642.869291459924,277.6609691202627,640.0420807314702,275.3714334624725,3.6380068762136117,32051.769508361816,189.66716873106543,4006.471188545227,23.70839609138318,ok,36
light_V0399_V_8s_2026_05_20-0107_flat_0p3_late_bias_cal.fits,2461181.7093744213,29.250499829649925,gaia_774271076054448768_src2,comparison,1549.482997918163,340.4150131360388,1549.1847675751033,339.2619975489587,1.1909602350923436,21595.303756713867,156.0557402995982,2699.4129695892334,19.506967537449775,ok,36
light_V0399_V_8s_2026_05_20-0107_flat_0p3_late_bias_cal.fits,2461181.7093744213,29.250499829649925,gaia_774384016513181696_src3,comparison,434.18319707962405,1274.7294497441387,430.0369162003519,1273.9211288814704,4.224337551243094,14626.024738311768,140.30201246559608,1828.253092288971,17.53775155819951,ok,36
light_V0399_V_8s_2026_05_20-0107_flat_0p3_late_bias_cal.fits,2461181.7093744213,29.250499829649925,gaia_774289041901756032_src4,comparison,2085.4409673127225,1461.3096383160569,2084.4161115253823,1463.12212113087,2.0821679420348427,13591.266319274902,125.05422909785361,1698.9082899093628,15.631778637231701,ok,36
light_V0399_V_8s_2026_05_20-0107_flat_0p3_late_bias_cal.fits,2461181.7093744213,29.250499829649925,gaia_774287774887292672_src5,comparison,2077.3197854885516,1099.7675688638828,2077.026737861311,1100.6876559415914,0.9656278488100425,13051.515953063965,121.79177298005997,1631.4394941329956,15.223971622507497,ok,36
light_V0399_V_8s_2026_05_20-0107_flat_0p3_late_bias_cal.fits,2461181.7093744213,29.250499829649925,gaia_774289488578357504_src6,comparison,983.9570009372002,1119.8074210239843,981.4034344452456,1119.8649735635245,2.5542149720884577,11356.18920135498,113.73823200380444,1419.5236501693726,14.217279000475555,ok,36
light_V0399_V_8s_2026_05_20-0107_flat_0p3_late_bias_cal.fits,2461181.7093744213,29.250499829649925,gaia_774288805679445888_src7,comparison,1988.6230493977273,1370.5489242932679,1987.4607957080286,1372.2512505306272,2.061249198330991,10504.982604980469,110.44869617452319,1313.1228256225586,13.806087021815399,ok,36
light_V0399_V_8s_2026_05_20-0107_flat_0p3_late_bias_cal.fits,2461181.7093744213,29.250499829649925,gaia_774290626745586944_src8,comparison,1113.952938765347,1452.5381151623615,1112.313995026696,1454.197231723575,2.3321244268169887,3691.189971923828,73.09486485541468,461.3987464904785,9.136858106926836,ok,36
light_V0399_V_8s_2026_05_20-0107_flat_0p3_late_bias_cal.fits,2461181.7093744213,29.250499829649925,HD_103405,comparison,1199.6788224562945,170.56425173886953,1198.5021459154732,168.53069576996938,2.3494504805099785,147445.9376564026,442.63797024785964,18430.742207050323,55.329746280982455,ok,36
light_V0399_V_8s_2026_05_20-0107_flat_0p3_late_bias_cal.fits,2461181.7093744213,29.250499829649925,TYC_3452_787_1,comparison,406.86602142653385,775.1282318082783,403.0394691578133,773.3056932055148,4.238413526758993,193173.85235595703,528.4124247129469,24146.73154449463,66.05155308911836,ok,36
light_V0399_V_8s_2026_05_20-0107_flat_0p3_late_bias_cal.fits,2461181.7093744213,29.250499829649925,HD_103187,comparison,110.94365078422308,1534.5112217043131,105.25033100426526,1534.1987976624637,5.701885556443981,744764.7551269531,1426.7037713711404,93095.59439086914,178.33797142139255,ok,36
light_V0399_V_8s_2026_05_20-0108_flat_0p3_late_bias_cal.fits,2461181.7095659724,29.526333510875702,target,target,1972.8049029938877,652.0499399129695,1972.8049029938877,652.0499399129695,0.0,2121859.7490386963,3327.7943629882047,265232.46862983704,415.9742953735256,ok,30
light_V0399_V_8s_2026_05_20-0108_flat_0p3_late_bias_cal.fits,2461181.7095659724,29.526333510875702,DN_UMa,check,1898.0822822917542,706.6678683682892,1898.0822822917542,706.6678683682892,0.0,3074622.6815185547,6386.2953828489935,384327.83518981934,798.2869228561242,saturated,30
light_V0399_V_8s_2026_05_20-0108_flat_0p3_late_bias_cal.fits,2461181.7095659724,29.526333510875702,gaia_774272862760870784_src1,comparison,643.4637400862944,278.30254744392124,640.7906211206596,276.5015727558254,3.2232087787790404,33197.61502075195,191.47258563877153,4149.701877593994,23.93407320484644,ok,30
light_V0399_V_8s_2026_05_20-0108_flat_0p3_late_bias_cal.fits,2461181.7095659724,29.526333510875702,gaia_774271076054448768_src2,comparison,1550.27837779704,341.0141479969534,1549.8604827206386,340.10599829717927,0.9996860367537526,21985.36989593506,155.78337013279756,2748.1712369918823,19.472921266599695,ok,30
light_V0399_V_8s_2026_05_20-0108_flat_0p3_late_bias_cal.fits,2461181.7095659724,29.526333510875702,gaia_774384016513181696_src3,comparison,434.92120378208284,1275.4100175276953,431.11395812085334,1275.014291360022,3.8277563565007946,14757.594429016113,139.535831803081,1844.6993036270142,17.441978975385126,ok,30
light_V0399_V_8s_2026_05_20-0108_flat_0p3_late_bias_cal.fits,2461181.7095659724,29.526333510875702,gaia_774289041901756032_src4,comparison,2086.3185625673395,1462.1136459617155,2085.383067229601,1463.687174214825,1.8306126543496095,13896.260940551758,125.71711885874859,1737.0326175689697,15.714639857343574,ok,30
light_V0399_V_8s_2026_05_20-0108_flat_0p3_late_bias_cal.fits,2461181.7095659724,29.526333510875702,gaia_774287774887292672_src5,comparison,2078.082256419393,1100.5217747693205,2077.8829653989155,1101.2918483690244,0.7954434359550183,13507.270004272461,124.12046936388779,1688.4087505340576,15.515058670485974,ok,30
light_V0399_V_8s_2026_05_20-0108_flat_0p3_late_bias_cal.fits,2461181.7095659724,29.526333510875702,gaia_774289488578357504_src6,comparison,984.5860479884058,1120.6746511866183,982.3770063765022,1120.8042138004262,2.212837841781043,11758.810470581055,116.74239155643714,1469.8513088226318,14.592798944554643,ok,30
light_V0399_V_8s_2026_05_20-0108_flat_0p3_late_bias_cal.fits,2461181.7095659724,29.526333510875702,gaia_774288805679445888_src7,comparison,1989.4266951716422,1371.3634922697752,1988.4096629935584,1372.855369017726,1.80556104364655,10802.577674865723,112.0133013321587,1350.3222093582153,14.001662666519838,ok,30
light_V0399_V_8s_2026_05_20-0108_flat_0p3_late_bias_cal.fits,2461181.7095659724,29.526333510875702,gaia_774290626745586944_src8,comparison,1114.8856756573489,1453.5914309191205,1113.377086823312,1455.0621977445794,2.1068923382676554,3643.986572265625,71.56860681460816,455.4983215332031,8.94607585182602,ok,30
light_V0399_V_8s_2026_05_20-0108_flat_0p3_late_bias_cal.fits,2461181.7095659724,29.526333510875702,HD_103405,comparison,1200.3699945251503,171.17299030269345,1199.1610175733726,169.49992823966795,2.0641613155625214,150782.11267089844,443.32047721868753,18847.764083862305,55.41505965233594,ok,30
light_V0399_V_8s_2026_05_20-0108_flat_0p3_late_bias_cal.fits,2461181.7095659724,29.526333510875702,TYC_3452_787_1,comparison,407.39753286837464,775.8065260735673,403.96527487865524,774.4580818299564,3.6876410869443266,197046.59763336182,521.0157965690322,24630.824704170227,65.12697457112903,ok,30
light_V0399_V_8s_2026_05_20-0108_flat_0p3_late_bias_cal.fits,2461181.7095659724,29.526333510875702,HD_103187,comparison,111.64908486879719,1535.1317426013381,106.44046768951966,1535.3653847958806,5.213854773134322,747531.1039428711,1374.1747039451097,93441.38799285889,171.77183799313872,ok,30
light_V0399_V_8s_2026_05_20-0109_flat_0p3_late_bias_cal.fits,2461181.7097577546,29.802499786019325,target,target,1973.30273057508,652.3825601582595,1973.30273057508,652.3825601582595,0.0,2100416.4331054688,3425.7861756047355,262552.0541381836,428.22327195059194,ok,32
light_V0399_V_8s_2026_05_20-0109_flat_0p3_late_bias_cal.fits,2461181.7097577546,29.802499786019325,DN_UMa,check,1898.5771369873871,706.934656787685,1898.5771369873871,706.934656787685,0.0,3030622.9448242188,6417.90135399174,378827.86810302734,802.2376692489674,saturated,32
light_V0399_V_8s_2026_05_20-0109_flat_0p3_late_bias_cal.fits,2461181.7097577546,29.802499786019325,gaia_774272862760870784_src1,comparison,643.9274046510324,278.6516765069788,642.0357521172291,276.1919613758866,3.102990144162275,32124.068435668945,188.99521254652095,4015.508554458618,23.62440156831512,ok,32
light_V0399_V_8s_2026_05_20-0109_flat_0p3_late_bias_cal.fits,2461181.7097577546,29.802499786019325,gaia_774271076054448768_src2,comparison,1550.6785842930653,341.31196570563674,1550.7099003816868,340.31057893196555,1.0018763236498474,21946.444313049316,157.5576943331786,2743.3055391311646,19.694711791647325,ok,32
light_V0399_V_8s_2026_05_20-0109_flat_0p3_late_bias_cal.fits,2461181.7097577546,29.802499786019325,gaia_774384016513181696_src3,comparison,435.35686247450695,1275.7373594457565,431.84936381257717,1274.1870981099714,3.834821648091263,14341.477645874023,138.00210822013648,1792.684705734253,17.25026352751706,ok,32
light_V0399_V_8s_2026_05_20-0109_flat_0p3_late_bias_cal.fits,2461181.7097577546,29.802499786019325,gaia_774289041901756032_src4,comparison,2086.769152554661,1462.4720121185928,2085.355118206899,1463.766956724544,1.9173874593134594,13521.694473266602,124.48859407796955,1690.2118091583252,15.561074259746194,ok,32
light_V0399_V_8s_2026_05_20-0109_flat_0p3_late_bias_cal.fits,2461181.7097577546,29.802499786019325,gaia_774287774887292672_src5,comparison,2078.6583026860353,1100.8380397195808,2078.0729342759355,1101.5098904704196,0.8910890005747971,13004.231033325195,122.27629860026789,1625.5288791656494,15.284537325033487,ok,32
light_V0399_V_8s_2026_05_20-0109_flat_0p3_late_bias_cal.fits,2461181.7097577546,29.802499786019325,gaia_774289488578357504_src6,comparison,984.9774552808204,1120.9850021937614,982.9868027489554,1120.364743612234,2.0850463329574263,11044.712795257568,112.77263280870122,1380.589099407196,14.096579101087652,ok,32
light_V0399_V_8s_2026_05_20-0109_flat_0p3_late_bias_cal.fits,2461181.7097577546,29.802499786019325,gaia_774288805679445888_src7,comparison,1989.9220075179642,1371.6947280732418,1988.4737806463763,1372.913398038152,1.8927539604934425,10401.305046081543,110.46517351324093,1300.1631307601929,13.808146689155116,ok,32
light_V0399_V_8s_2026_05_20-0109_flat_0p3_late_bias_cal.fits,2461181.7097577546,29.802499786019325,gaia_774290626745586944_src8,comparison,1115.0638376302293,1453.8321863474716,1113.7370223717282,1454.5688055264645,1.5175791725808967,3555.3909912109375,71.37015508429933,444.4238739013672,8.921269385537416,ok,32
light_V0399_V_8s_2026_05_20-0109_flat_0p3_late_bias_cal.fits,2461181.7097577546,29.802499786019325,HD_103405,comparison,1200.728007661865,171.55211985989195,1200.249737495371,169.56366551823777,2.045163323796299,149261.48693466187,445.8218843037742,18657.685866832733,55.727735537971775,ok,32
light_V0399_V_8s_2026_05_20-0109_flat_0p3_late_bias_cal.fits,2461181.7097577546,29.802499786019325,TYC_3452_787_1,comparison,407.9321269474842,776.1312275655754,405.0082897290613,773.8118997807794,3.732037707896551,191802.46028900146,525.0597250913171,23975.307536125183,65.63246563641464,ok,32
light_V0399_V_8s_2026_05_20-0109_flat_0p3_late_bias_cal.fits,2461181.7097577546,29.802499786019325,HD_103187,comparison,112.1213674797641,1535.4572288868796,107.14929312109075,1534.24307859036,5.118171975492395,740881.3259429932,1384.6801876827062,92610.16574287415,173.08502346033828,ok,32
