sequence,file,jd,diff_flux,target_flux_rate,comparison_ensemble_flux_rate,n_comps,good,reject_reason,check_diff_flux,minutes_combined,diff_flux_norm,check_diff_flux_norm,target_x,target_y,raw_target_rate,raw_target_rate_err,n_sources,comp_x_med,comp_y_med,comp_match_dist_med,comp_match_dist_max,n_sep_sources,resid_const,minutes_centered,target_x_rel,target_y_rel,comp_x_med_rel,comp_y_med_rel,radius_rel,raw_target_norm,ensemble_norm,seq_named,target_x_rel_named_interaction,target_y_rel_named_interaction,minutes_centered_named_interaction
V_8 generic,light_V_8s_2026_05_20-0001_flat_0p3_late_bias_cal.fits,2461181.672184375,115.9404543027488,188007.7903671265,1621.5892157554626,4,True,ok,170.09982141638636,0.0,0.9733630473263188,0.97944167805172,1846.182855162854,714.9477537747637,188007.7903671265,693.1145262889149,19,1179.1715877076035,1151.7779987009812,0.05344351691019521,0.3003646755943414,19,-0.02747320880080739,-1.6960271082374205,-12.792095008763681,90.64004190532182,-40.26906441516212,-15.51018352171559,91.53827009132155,0.9064808199769168,0.9311050534251186,0.0,-0.0,0.0,-0.0
V_8 generic,light_V_8s_2026_05_20-0002_flat_0p3_late_bias_cal.fits,2461181.672376852,121.17583263624476,169939.37365722656,1402.419690132141,4,True,ok,174.18136235657377,0.2771667391061783,1.0173159871284272,1.002943356502682,1846.2800691734449,713.5418331515764,169939.37365722656,801.7164306733878,17,1179.465345189382,1150.1830574083178,0.49351851579413025,1.1276789933206093,17,0.016479731001300957,-1.678571652784982,-12.69488099817272,89.23412128213454,-39.975306933383536,-17.105124814378996,90.13261565356052,0.819363827841156,0.8052594626417654,0.0,-0.0,0.0,-0.0
V_8 generic,light_V_8s_2026_05_20-0003_flat_0p3_late_bias_cal.fits,2461181.6725682872,116.01758167440926,198252.70974731445,1708.8160853385923,4,True,ok,174.97177847511313,0.5528334528207779,0.9740105601721428,1.007494604605443,1846.9915506363493,713.3496788357897,198252.70974731445,618.5665699317643,20,1179.9278974647846,1150.159049838785,0.6620050500354742,1.1069487214799143,20,-0.02682569595498341,-1.6612106661944448,-11.98339953526829,89.0419669663479,-39.51275465798108,-17.129132383911838,89.84472018798911,0.9558767673587547,0.9811901047279965,0.0,-0.0,0.0,-0.0
V_8 generic,light_V_8s_2026_05_20-0004_flat_0p3_late_bias_cal.fits,2461181.6727600694,118.01104773893312,170249.80078125,1442.6598529815674,4,True,ok,174.93323687462603,0.8289997279644012,0.9907464459764176,1.007272680504985,1848.078894105372,714.3136277952666,170249.80078125,789.4168366971295,17,1181.2747203898002,1151.073505206511,0.4234602092283808,0.9236220805127144,17,-0.010089810150708645,-1.643818218136712,-10.896056066245592,90.00591592582475,-38.16593173296542,-16.21467701618576,90.66305167732554,0.8208605542979606,0.828365079413085,0.0,-0.0,0.0,-0.0
V_8 generic,light_V_8s_2026_05_20-0005_flat_0p3_late_bias_cal.fits,2461181.6729527777,118.60388701208788,195226.19681549072,1646.0354018211365,4,True,ok,173.41689105913304,1.10649973154068,0.995723551206537,0.9985414997332096,1849.3380563283936,714.9581307711196,195226.19681549072,648.6526896136845,21,1182.649064577288,1151.5582200976014,0.12939451897957435,0.5592688929748356,21,-0.005112704920589239,-1.6263417742960908,-9.636893843224016,90.65041890167777,-36.79158754547757,-15.729962125095426,91.16122075748672,0.941284414995307,0.9451418804843781,0.0,-0.0,0.0,-0.0
V_8 generic,light_V_8s_2026_05_20-0006_flat_0p3_late_bias_cal.fits,2461181.6731434027,116.7302783131929,188454.54767608643,1614.444430351257,4,True,ok,171.51075845778314,1.3809996843338013,0.9799939123706276,0.9875659108224776,1836.0633166775551,633.2956601566749,188454.54767608643,708.8327093263193,20,1195.3742057205823,1176.6878308768944,0.43254280290343805,0.610556044731178,20,-0.020842343756498627,-1.6090542681792719,-22.91163349406247,8.987948287233053,-24.066446402183374,9.399648654197563,24.611504703699463,0.9086348633331303,0.9270025682020687,0.0,-0.0,0.0,-0.0
V_8 generic,light_V_8s_2026_05_20-0007_flat_0p3_late_bias_cal.fits,2461181.6733350693,118.08671571023592,200988.49668884277,1702.041550397873,4,True,ok,166.53665975953106,1.6569996625185013,0.9913817066158142,0.958924848561247,1835.8303733601165,633.542843628741,200988.49668884277,615.404791502056,21,1195.2557069961638,1177.0351607382863,1.0539792465881344,1.888902224074306,21,-0.009454549511312083,-1.5916722932005518,-23.14457681150111,9.235131759299179,-24.18494512660186,9.74697851558949,24.9190508325476,0.9690673824135676,0.9773002147012118,0.0,-0.0,0.0,-0.0
V_8 generic,light_V_8s_2026_05_20-0008_flat_0p3_late_bias_cal.fits,2461181.6735259257,120.80932529473364,156232.16110992432,1293.212760925293,4,True,ok,176.91533666202994,1.931832879781723,1.0142390222765456,1.0186856915574107,1835.188559018229,632.2938711344638,156232.16110992432,819.6037312498909,15,1194.8003745328274,1175.7569521766263,0.8351956024698276,1.4850404338970635,15,0.013402766149419376,-1.5743637986955503,-23.78639115338865,7.986159265021911,-24.64027758993825,8.468769953929495,25.091256323833232,0.7532744107738459,0.7425536166324457,0.0,-0.0,0.0,-0.0
V_8 generic,light_V_8s_2026_05_20-0009_flat_0p3_late_bias_cal.fits,2461181.6737177083,119.69159477666648,200525.34380340576,1675.3502547740936,4,True,ok,174.26508038065893,2.2079998254776,1.0048552606749692,1.0034254082844556,1834.8841906583505,631.7515513319121,200525.34380340576,618.7632098092342,21,1194.1294078633216,1174.9427200891794,0.8244940010775267,1.5814113684978248,21,0.004019004547842986,-1.5569713084076602,-24.09075951326713,7.443839462470237,-25.311244259444038,7.654537866482542,25.214587838572733,0.9668342876756008,0.9619742616199398,0.0,-0.0,0.0,-0.0
V_8 generic,light_V_8s_2026_05_20-0010_flat_0p3_late_bias_cal.fits,2461181.6739096064,117.9761524062034,176289.25703430176,1494.2787456512451,4,True,ok,168.1027694111942,2.4843330681324005,0.990453486736198,0.9679425715221848,1835.7398028357868,629.6792331213811,176289.25703430176,713.8642152613102,19,1195.072509870404,1172.962618903417,0.6881412338425511,1.0454603761751309,19,-0.010382769390928193,-1.5395683450407573,-23.23514733583079,5.371521251939271,-24.368142252361622,5.674436680720191,23.847962434509995,0.8499798330565196,0.858004282332028,0.0,-0.0,0.0,-0.0
V_8 generic,light_V_8s_2026_05_20-0011_flat_0p3_late_bias_cal.fits,2461181.67410081,119.28216756469875,221924.2614517212,1860.4982285499573,4,True,ok,173.27716254230953,2.7596665173768997,1.0014179676171155,0.9977369372601294,1836.7125334539896,629.8931269736328,221924.2614517212,537.3336386838638,23,1196.0948372467274,1173.3432233007952,0.6519653140502584,1.0274178053207614,23,0.0005817114899893117,-1.5222283468384028,-22.262416717627957,5.585415104190929,-23.345814876038276,6.055041078098384,22.95238680389133,1.0700093123838066,1.0682849180668097,0.0,-0.0,0.0,-0.0
V_8 generic,light_V_8s_2026_05_20-0012_flat_0p3_late_bias_cal.fits,2461181.674292361,117.79789282346216,174590.44567871094,1482.118580341339,4,True,ok,169.64447757707808,3.0354995280504227,0.9889569315284784,0.9768197897372644,1836.839905278434,630.4152468959002,174590.44567871094,733.6762901682647,20,1196.299332305416,1173.8844495085896,0.3231271692276412,0.595295489268985,20,-0.011879324598647822,-1.5048568871688528,-22.135044893183704,6.107535026458322,-23.14131981734954,6.596267285892736,22.962190586324144,0.8417890027319092,0.8510220014556327,0.0,-0.0,0.0,-0.0
V_8 generic,light_V_8s_2026_05_20-0013_flat_0p3_late_bias_cal.fits,2461181.6744832178,118.52425250504652,187004.49365615845,1577.7740817070007,4,True,ok,175.66541381362234,3.310333415865898,0.995054990030783,1.0114885850473294,1838.0423133443512,629.7115337947264,187004.49365615845,690.5444224025815,21,1197.512508676617,1173.3873674308395,0.27159028028368637,0.3974564879862296,21,-0.005781266096343218,-1.487548350433694,-20.93263682726638,5.4038219252845465,-21.928143446148624,6.099185208142671,21.618893957425634,0.9016434181678613,0.9059467134875805,0.0,-0.0,0.0,-0.0
V_8 generic,light_V_8s_2026_05_20-0014_flat_0p3_late_bias_cal.fits,2461181.674675,117.05105625250124,156422.44482421875,1336.3608140945437,4,True,ok,174.46188878337483,3.5864996910095215,0.9826869619571412,1.0045586390580428,1839.0915497993944,629.3492986607052,156422.44482421875,800.7390666858046,18,1417.3142437256213,1095.9478929064064,0.5551319365932353,0.8598488808320606,18,-0.01814929416998501,-1.4701559023759612,-19.88340037222315,5.0415867912633985,197.87359160285564,-71.34028931629041,20.51261094390388,0.7541918649762759,0.7673289234493624,0.0,-0.0,0.0,-0.0
V_8 generic,light_V_8s_2026_05_20-0015_flat_0p3_late_bias_cal.fits,2461181.6748667825,120.36038682178352,170918.1307373047,1420.0530195236206,4,True,ok,176.70043108465563,3.8626666367053986,1.010470017551485,1.0174482565173648,1839.5291409708257,629.2553703645111,170918.1307373047,776.8678860616122,19,1198.6525941564184,1172.5905358351388,1.2670896612197946,2.0322092643723924,19,0.009633761424358678,-1.452763412088071,-19.445809200791928,4.947658495069277,-20.788057966347196,5.302353612441948,20.065363691132916,0.8240829116555817,0.8153843956060409,0.0,-0.0,0.0,-0.0
V_8 generic,light_V_8s_2026_05_20-0016_flat_0p3_late_bias_cal.fits,2461181.675058449,119.62846987050602,185470.78840637207,1550.3900418281555,4,True,ok,177.18130735020716,4.138666614890099,1.0043253037122155,1.0202171615787885,1840.668310328686,628.9336290406833,185470.78840637207,692.544713545109,23,1200.0927337491607,1172.4789725421156,0.4252565855044804,0.6551247083006926,23,0.0034890475850892777,-1.435381437109351,-18.306639842931645,4.62591717124144,-19.347918373604898,5.190790319418738,18.882059527869274,0.8942486480377809,0.8902229915568638,0.0,-0.0,0.0,-0.0
V_8 generic,light_V_8s_2026_05_20-0017_flat_0p3_late_bias_cal.fits,2461181.6752502313,120.253450658801,209430.39459228516,1741.574927330017,4,True,ok,171.5591894282655,4.414832890033722,1.0095722488641357,0.9878447783168932,1840.7743473286616,629.4291321704884,209430.39459228516,631.2210017222166,23,1200.2794631082825,1173.008837801743,0.33874978242856896,0.6604484958929572,23,0.008735992737009424,-1.4179889890516182,-18.20060284295596,5.121420301046555,-19.16118901448317,5.720655579046252,18.90742948544271,1.0097700496739552,1.0,0.0,-0.0,0.0,-0.0
V_8 generic,light_V_8s_2026_05_20-0018_flat_0p3_late_bias_cal.fits,2461181.67544213,118.92487029355858,127894.95864868164,1075.426513671875,4,True,ok,175.1578038424753,4.691166803240776,0.9984183247165432,1.008565746223654,1840.001409997533,629.4824966652319,127894.95864868164,915.6645877305812,16,1199.2124108932385,1173.1564565994047,0.6719745332691616,1.2938972192813512,16,-0.0024179314105829963,-1.400585983454558,-18.97354017408452,5.17478479579006,-20.228241229527157,5.868274376707859,19.666561072550003,0.616646399387938,0.6175022945011017,0.0,-0.0,0.0,-0.0
V_8 generic,light_V_8s_2026_05_20-0019_flat_0p3_late_bias_cal.fits,2461181.6756346063,118.34546213323148,219931.70593070984,1858.3873176574707,4,True,ok,173.71249826739944,4.968332871794701,0.9935539786522348,1.000243618040553,1840.4392982263391,629.3408666483862,219931.70593070984,564.9035571449704,24,1199.7891403212293,1172.9534816059013,0.4108989734075347,0.6432595549124741,24,-0.007282277474891408,-1.3831305702322767,-18.53565194527846,5.033154778944322,-19.651511801536344,5.665299383204456,19.206848780195966,1.0604021925989888,1.0670728479690144,0.0,-0.0,0.0,-0.0
V_8 generic,light_V_8s_2026_05_20-0020_flat_0p3_late_bias_cal.fits,2461181.6758256946,119.05036423935442,196556.83554077148,1651.0393462181091,4,True,ok,174.37813015105164,5.2435000240802765,0.99947189286267,1.0040763534523858,1842.1933139951416,628.6851398069822,196556.83554077148,682.5182789360294,23,1201.4719211137217,1172.1041137041439,0.7488632550946789,0.9833840736515186,23,-0.0013643632644562143,-1.365801045108935,-16.781636176476013,4.377427937540347,-17.96873100904395,4.8159314814470235,17.343159692165877,0.9477000985179428,0.948015109949529,0.0,-0.0,0.0,-0.0
V_8 generic,light_V_8s_2026_05_20-0021_flat_0p3_late_bias_cal.fits,2461181.676017361,121.1719501066232,203771.92554092407,1681.6757125854492,4,True,ok,175.74234722953457,5.5195000022649765,1.01728339185453,1.011931570779777,1843.5778912191363,628.1389658968611,203771.92554092407,606.1662246339781,23,1202.8827945605658,1171.5002385956104,0.4400542492426265,0.8975865276715879,23,0.01644713572740386,-1.348419070130215,-15.397058952481302,3.831254027419277,-16.557857562199843,4.212056372913594,15.866566478252345,0.9824877032590768,0.965606294736685,0.0,-0.0,0.0,-0.0
V_8 generic,light_V_8s_2026_05_20-0022_flat_0p3_late_bias_cal.fits,2461181.676209028,119.2547391320783,208552.9726257324,1748.8023884296415,4,True,ok,170.40874057797132,5.7954999804496765,1.0011876957683516,0.9812204471267588,1844.7863222394112,628.3283878238909,208552.9726257324,608.8162892719504,23,1204.004486519382,1171.9670984730712,0.2357712068828926,0.3595876725275951,23,0.00035143964122541504,-1.331037095151495,-14.188627932206373,4.020675954449075,-15.436165603383643,4.678916250374414,14.747304761524116,1.005539553787836,1.0041499570223515,0.0,-0.0,0.0,-0.0
V_8 generic,light_V_8s_2026_05_20-0023_flat_0p3_late_bias_cal.fits,2461181.6764001157,117.79591350005212,220583.2804965973,1872.5885639190672,4,True,ok,174.03960643096494,6.070666462182999,0.9889403143754958,1.0021271201274995,1845.068551454848,626.8479722580109,220583.2804965973,570.0886994224104,23,1204.4011008025398,1170.5241669571783,0.4554337651737227,0.8131806956102772,23,-0.011895941751630446,-1.3137076122583105,-13.906398716769672,2.540260388569095,-15.039551320225883,3.2359847344814625,14.136507634897184,1.0635437637307403,1.075227103085312,0.0,-0.0,0.0,-0.0
V_8 generic,light_V_8s_2026_05_20-0024_flat_0p3_late_bias_cal.fits,2461181.6765917824,123.41626210036964,158948.5138130188,1287.9057517051697,4,True,ok,176.9373650080691,6.346666440367699,1.0361252221244002,1.0188125316682914,1845.6086172746243,626.6291765236346,158948.5138130188,808.1224694597778,19,1205.164500320037,1170.131531716874,0.1976834695456518,0.6616014881636637,19,0.035288965997273936,-1.2963256372795904,-13.366332896993299,2.3214646541927095,-14.276151802728691,2.8433494941771187,13.566431117059171,0.7663713235179369,0.739506369490309,0.0,-0.0,0.0,-0.0
V_8 generic,light_V_8s_2026_05_20-0025_flat_0p3_late_bias_cal.fits,2461181.676783449,113.86468178708424,221125.41875839233,1942.00181555748,4,True,ok,172.68470524685384,6.622666418552399,0.9559361683861388,0.9943255440981422,1845.9597307060703,627.0296645873835,221125.41875839233,545.8957326567789,23,1205.2586068705236,1170.6290141275695,0.5166131765894124,0.6869367895048613,23,-0.044900087740987416,-1.2789436623008703,-13.015219465547261,2.72195271794169,-14.182045252242006,3.34083190487263,13.296802786199038,1.0661576869896288,1.1150837010123558,0.0,-0.0,0.0,-0.0
V_8 generic,light_V_8s_2026_05_20-0026_flat_0p3_late_bias_cal.fits,2461181.676976158,119.1530748912098,227065.96070480347,1905.6659755706785,4,True,ok,172.93173822466662,6.900167092680931,1.0003341868193745,0.9957479700143388,1846.6248831601135,626.432019296814,227065.96070480347,536.3617835698508,24,1205.9140225325136,1169.90872612057,0.49572445439889545,0.8418330691131163,24,-0.0005020693077517624,-1.2614671762300917,-12.350067011504052,2.124307427372173,-13.526629590252014,2.6205438978731763,12.531433965617392,1.0948000497564836,1.094219918802016,0.0,-0.0,0.0,-0.0
V_8 generic,light_V_8s_2026_05_20-0027_flat_0p3_late_bias_cal.fits,2461181.6771674766,119.4793399245862,197368.7423171997,1651.9068689346311,4,True,ok,175.3190334196579,7.1756661683321,1.0030733025924938,1.009494112675261,1848.6573164884296,625.8713059933059,197368.7423171997,645.0875054330216,24,1208.0053350149763,1169.4370497650773,0.46918357477355255,1.1977445965780469,24,0.002237046465367598,-1.2441167471788819,-10.317633683187978,1.5635941238640498,-11.435317107789388,2.148867542380458,10.435439205162249,0.9516147124762491,0.9485132353548206,0.0,-0.0,0.0,-0.0
V_8 generic,light_V_8s_2026_05_20-0028_flat_0p3_late_bias_cal.fits,2461181.677359375,122.9370233504942,172898.94860839844,1406.4025945663452,4,True,ok,177.15231811864882,7.452000081539154,1.0321018353541749,1.0200502404064642,1849.781887293159,624.4128923573826,172898.94860839844,761.7021622296106,19,1209.40179711047,1168.1283807914403,1.1385150959283392,2.0028988632695484,19,0.031265579227048645,-1.2267137415818217,-9.193062878458704,0.10518048794074275,-10.038855012295699,0.8401985687435172,9.193664558941602,0.8336334382827376,0.8075464181851081,0.0,-0.0,0.0,-0.0
V_8 generic,light_V_8s_2026_05_20-0029_flat_0p3_late_bias_cal.fits,2461181.677550463,117.35671403805556,224322.55504989624,1911.4590663909912,4,True,ok,174.9253313736978,7.727166563272476,0.9852530722538052,1.0072271603096636,1850.7519990538135,625.0266581551952,224322.55504989624,548.3015796636663,24,1209.879085271628,1168.8907521064195,0.5917930883780396,0.9078160365111274,24,-0.015583183873321027,-1.2093842586886374,-8.222951117804087,0.7189462857533044,-9.56156685113774,1.6025698837227083,8.254320616961394,1.0815727010241065,1.0975462705594992,0.0,-0.0,0.0,-0.0
V_8 generic,light_V_8s_2026_05_20-0030_flat_0p3_late_bias_cal.fits,2461181.677741667,118.62686843389056,193333.1411743164,1629.7584495544434,4,True,ok,169.1969961271503,8.002500012516975,0.9959164887527306,0.9742431733800878,1851.7030141717933,624.6071553749035,193333.1411743164,670.3106389642791,23,1211.0142810817347,1168.0737735191074,0.5151881695315269,0.9110254859098492,23,-0.004919767374395589,-1.1920442604862829,-7.271935999824336,0.2994435054616815,-8.426371041030961,0.78559129641053,7.27809862522516,0.9321570345472803,0.935795769667517,0.0,-0.0,0.0,-0.0
V_8 generic,light_V_8s_2026_05_20-0031_flat_0p3_late_bias_cal.fits,2461181.6779328706,118.3849605131994,207404.0467529297,1751.9459047317505,4,True,ok,173.27341515828925,8.277833461761475,0.9938855821785556,0.9977153596707904,1851.2453709518036,624.5238527037649,207404.0467529297,632.1888578481671,26,1210.7054340623408,1168.1155700840109,0.8079885410676123,1.8460677024093937,26,-0.006950673948570629,-1.1747042622839283,-7.729579219814013,0.21614083432302778,-8.735218060424813,0.8273878613140369,7.732600582963177,1.0,1.005954941839702,0.0,-0.0,0.0,-0.0
V_8 generic,light_V_8s_2026_05_20-0032_flat_0p3_late_bias_cal.fits,2461181.6781244213,117.50145326622858,153637.23175048828,1307.5347366333008,4,True,ok,177.54211607104403,8.553666472434998,0.9864682116721332,1.0222947128428022,1851.9018065870985,623.9284744840153,153637.23175048828,805.5570975430178,17,1211.0639100395297,1167.4351683463015,0.8220303888492508,1.5786843874406709,17,-0.014368044454993067,-1.1573328026143783,-7.07314358451913,-0.3792373854265634,-8.376742083235968,0.14698612360461993,7.083302983900188,0.7407629414941398,0.7507771937425989,0.0,-0.0,-0.0,-0.0
V_8 generic,light_V_8s_2026_05_20-0033_flat_0p3_late_bias_cal.fits,2461181.678316204,118.3558999975564,216752.25330352783,1831.3599348068235,4,True,ok,170.8034061852944,8.829833418130875,0.9936416083884468,0.9834929477178064,1852.8070034925852,625.9385217266729,216752.25330352783,580.1698451951029,25,1212.1861453639349,1169.7686290017477,0.22088577046950258,0.402154116101713,25,-0.007194647738679394,-1.1399403123264882,-6.167946679032411,1.6308098572310428,-7.2545067588307575,2.480446779050908,6.379898668931106,1.0450724404704321,1.0515539159802068,0.0,-0.0,0.0,-0.0
V_8 generic,light_V_8s_2026_05_20-0034_flat_0p3_late_bias_cal.fits,2461181.6785078705,117.64901483589972,197608.60961914065,1679.645255804062,4,True,ok,173.627879885069,9.105833396315576,0.9877070456924684,0.9997563819594468,1853.8798420264045,626.2283938106516,197608.60961914065,696.2275394164851,25,1213.1642351655164,1170.1376945640945,1.0696608422212013,1.5902876631093537,25,-0.013129210434657868,-1.1225583373477679,-5.095108145213089,1.9206819412097502,-6.276416957249239,2.8495123413977126,5.445102949504814,0.9527712342784813,0.9644404208201948,0.0,-0.0,0.0,-0.0
V_8 generic,light_V_8s_2026_05_20-0035_flat_0p3_late_bias_cal.fits,2461181.678699537,118.49573594174235,216168.37565612793,1824.271345615387,4,True,ok,173.25283466793823,9.381833374500276,0.994815582921988,0.9975968563717472,1853.9799147628576,625.2421550896304,216168.37565612793,576.4641196280683,27,1213.3990389434061,1169.016557253021,0.539271163743474,1.099693485097345,27,-0.006020673205138216,-1.1051763623690478,-4.995035408760032,0.9344432201885411,-6.041613179359501,1.7283750303240595,5.0816889777437995,1.0422572704844026,1.047483698224888,0.0,-0.0,0.0,-0.0
V_8 generic,light_V_8s_2026_05_20-0036_flat_0p3_late_bias_cal.fits,2461181.6788909724,118.7307310660291,213440.9463691711,1797.6891446113586,4,True,ok,171.70705415870606,9.657500088214874,0.9967884540104976,0.9886961894383242,1855.595569539936,625.1926241943427,213440.9463691711,614.8827051164839,24,1214.8352251297893,1168.9653174424716,1.0851751946778962,1.857884322042213,24,-0.004047802116628585,-1.087815375778511,-3.37938063168167,0.8849123249008244,-4.6054269929763905,1.6771352197747547,3.493319807367568,1.0291069519170613,1.0322203865023307,0.0,-0.0,0.0,-0.0
V_8 generic,light_V_8s_2026_05_20-0037_flat_0p3_late_bias_cal.fits,2461181.67908206,115.2014561985662,216479.81624603271,1879.1413180828097,4,True,ok,168.95275133664174,9.932666569948196,0.9671588845862172,0.972836801959594,1856.9468436787304,625.2413936189765,216479.81624603271,572.1989138722163,28,1216.2637009660657,1168.8817020861788,0.16994482253979803,0.4487115779902566,28,-0.033677371540908996,-1.0704858928853265,-2.0281064928872183,0.933681749534685,-3.1769511566999427,1.5935198634820154,2.2327063299738823,1.0437588833737392,1.0789896481592633,0.0,-0.0,0.0,-0.0
V_8 generic,light_V_8s_2026_05_20-0038_flat_0p3_late_bias_cal.fits,2461181.6792738424,120.5897972206298,178990.2028274536,1484.2897737026217,4,True,ok,175.5539951545921,10.20883284509182,1.012396002801864,1.01084703188485,1857.7752812991523,624.7275166038282,178990.2028274536,759.1641509319954,24,1217.0069614418387,1168.4465565144337,0.44651692755596184,0.6622850021576429,24,0.011559746674737692,-1.0530934448275937,-1.1996688724652813,0.4198047343863891,-2.4336906809269294,1.1583742917368909,1.271000164663776,0.8630024612811721,0.8522686853204556,0.0,-0.0,0.0,-0.0
V_8 generic,light_V_8s_2026_05_20-0039_flat_0p3_late_bias_cal.fits,2461181.6794653935,120.52708574893188,227040.60580444336,1883.7309837341309,4,True,ok,,10.484666526317596,1.011869516774521,,1857.918392345078,625.6809514288703,227040.60580444336,545.1740907045007,28,1217.2740267558204,1169.5910451211143,0.33497805064557995,0.5175581744897416,28,0.011033260647394849,-1.0357219429278863,-1.0565578265395743,1.373239559428498,-2.1666253669452544,2.3028628984175157,1.7326573026427947,1.094677800934645,1.081625001700071,0.0,-0.0,0.0,-0.0
V_8 generic,light_V_8s_2026_05_20-0040_flat_0p3_late_bias_cal.fits,2461181.679657176,118.55096946802456,213038.4981994629,1797.0202956199646,4,True,ok,171.0249727936096,10.760833472013474,0.9952792888284374,0.9847687372444588,1858.9749501716176,625.5002803037524,213038.4981994629,587.3103873358955,24,1218.4647859309207,1169.3468127319147,0.3158749503403471,0.6933995477729946,24,-0.00555696729868882,-1.0183294526399962,0.0,1.1925684343106013,-0.9758661918449434,2.058630509217892,1.1925684343106013,1.0271665453724017,1.0318363381442048,0.0,0.0,0.0,-0.0
V_8 generic,light_V_8s_2026_05_20-0041_flat_0p3_late_bias_cal.fits,2461181.679848843,119.66188889110016,198913.84814453125,1662.2990827560425,4,True,ok,174.5606230177201,11.036833450198174,1.0046058687653698,1.0051271547881773,1858.2795889060212,626.3976999128325,198913.84814453125,639.2670351760958,24,1217.754184565249,1170.228423020132,1.0144099133458,1.693343780005752,24,0.0037696126382436024,-1.0009474776612761,-0.6953612655963752,2.08998804339069,-1.6864675575166075,2.940240797435081,2.2026296355056694,0.9590644505672911,0.9544803709964341,0.0,-0.0,0.0,-0.0
V_8 generic,light_V_8s_2026_05_20-0042_flat_0p3_late_bias_cal.fits,2461181.6800405094,120.10807275965976,196983.48907470703,1640.0520343780518,4,True,ok,169.7514248026638,11.312833428382874,1.0083517475665256,0.9774355962044224,1858.7281285777535,624.4196237957163,196983.48907470703,650.5282259563813,27,1217.989749193825,1168.2482565389757,0.314568330368737,0.467784475753465,27,0.0075154914393993355,-0.983565502682556,-0.24682159386406965,0.11191192627450164,-1.4509029289406499,0.9600743162789058,0.27100770918936834,0.9497572113882804,0.9417062732364845,0.0,-0.0,0.0,-0.0
V_8 generic,light_V_8s_2026_05_20-0043_flat_0p3_late_bias_cal.fits,2461181.6802317128,118.2150312538355,192641.7296447754,1629.587435722351,4,True,ok,173.02966061008678,11.58816620707512,0.9924589631203582,0.9963118110854,1860.093866244015,623.7423407401877,192641.7296447754,667.3130298376335,25,1219.4406521227656,1167.0914433317637,0.659375095396864,1.113779501227781,25,-0.008377293006768038,-0.9662255467103588,1.1189160723974965,-0.5653711292541175,0.0,-0.19673889093314756,1.2536417713459915,0.9288233892285626,0.9356975747352125,0.0,0.0,-0.0,-0.0
V_8 generic,light_V_8s_2026_05_20-0044_flat_0p3_late_bias_cal.fits,2461181.6804236113,121.58123712747252,228688.0346069336,1880.9484095573423,4,True,ok,174.28456001783724,11.864500120282171,1.020719507956031,1.003537572826234,1861.200366586603,623.6165231832829,228688.0346069336,536.641848311158,27,1220.5273773762829,1167.2001956354989,0.2694882307070595,0.482347480180439,27,0.019883251828904713,-0.9488225411132989,2.225416414985375,-0.6911886861589664,1.0867252535172156,-0.08798658719797459,2.330283248869226,1.1026208899354721,1.080027267297076,0.0,0.0,-0.0,-0.0
V_8 generic,light_V_8s_2026_05_20-0045_flat_0p3_late_bias_cal.fits,2461181.680614699,118.03867831370724,160770.29280090332,1362.013664484024,4,True,ok,172.8997416176125,12.139666602015495,0.9909784148834162,0.9955637322518056,1861.054256863595,623.3714545638487,160770.29280090332,814.7690700792531,24,1220.4740382624516,1167.2471329382097,0.332651112881881,0.8483869545252324,24,-0.00985784124371003,-0.9314930582201143,2.079306691977308,-0.9362573055931307,1.0333861396859447,-0.04104928448714418,2.2803714744703605,0.7751550431049261,0.782058608625072,0.0,0.0,-0.0,-0.0
V_8 generic,light_V_8s_2026_05_20-0046_flat_0p3_late_bias_cal.fits,2461181.6808056715,121.01593026257912,210633.095703125,1740.540235042572,4,True,ok,171.45945763373555,12.414666786789894,1.0159735474886835,0.9872705185947124,1861.7111378801492,623.4293240615004,210633.095703125,591.2129845881113,27,1221.120356202848,1167.2881822226968,1.2142755526608402,2.016768536133503,27,0.015137291361557281,-0.9141740484059426,2.736187708531588,-0.878387807941408,1.6797040800822742,0.0,2.873723771948072,1.0155688811320154,0.9994058870099656,0.0,0.0,-0.0,-0.0
V_8 generic,light_V_8s_2026_05_20-0047_flat_0p3_late_bias_cal.fits,2461181.6809974536,119.91469130583188,217711.7915153503,1815.5556182861328,4,True,ok,171.27681056458792,12.690833061933516,1.006728238651313,0.9862188293547852,1863.3556526006353,622.7031958101727,217711.7915153503,583.4325409758932,29,1222.692624445966,1166.7631364468748,0.12955759103267145,0.3567409290845759,29,0.005891982524186767,-0.89678160034821,4.380702429017674,-1.6045160592691445,3.2519723232003344,-0.5250457758220364,4.6653001571232195,1.0496988603828918,1.04247918926436,0.0,0.0,-0.0,-0.0
V_8 generic,light_V_8s_2026_05_20-0048_flat_0p3_late_bias_cal.fits,2461181.6811891203,120.71972059276398,143570.20705413818,1189.285448551178,4,True,ok,173.16831648414788,12.966833040118216,1.0134867576223447,0.9971101972379032,1862.9140281749349,623.3984824692023,143570.20705413818,885.6994623061619,17,1440.99196131497,1090.2954916577853,0.8393657595085103,1.320220223539367,17,0.012650501495218514,-0.8793996253694899,3.939078003317263,-0.9092294002394965,221.55130919220437,-76.99269056491153,4.042651805248356,0.6922247145214402,0.6828792892502501,0.0,0.0,-0.0,-0.0
V_8 generic,light_V_8s_2026_05_20-0049_flat_0p3_late_bias_cal.fits,2461181.68138044,118.71350722165316,215837.9758834839,1818.1416835784912,4,True,ok,174.48566744079997,13.242333456873894,0.9966438534588674,1.00469555753295,1864.389319460398,622.9045335283035,215837.9758834839,583.0460882399734,27,1223.8355498808146,1166.693499140453,0.5324954583544861,1.0771781436412926,27,-0.004192402668258821,-0.8620491118579653,5.414369288780335,-1.4031783411383003,4.394897758048955,-0.5946830822438187,5.593237367779711,1.040664245768556,1.0439640896563993,0.0,0.0,-0.0,-0.0
V_8 generic,light_V_8s_2026_05_20-0050_flat_0p3_late_bias_cal.fits,2461181.6815721067,122.58032870172232,233171.63018798828,1902.1945254802704,4,True,ok,175.81247275902123,13.518333435058594,1.029107251691539,1.0123353564257744,1866.3701661034547,623.6357837299842,233171.63018798828,537.9382635341184,28,1225.7019443990507,1167.5007314535924,0.16864138888309724,0.4595154803209136,28,0.028270995564412704,-0.8446671368792452,7.395215931837129,-0.671928139457691,6.261292276285076,0.21254923089554723,7.425678831130037,1.12423857604743,1.0922266367238629,0.0,0.0,-0.0,-0.0
V_8 generic,light_V_8s_2026_05_20-0051_flat_0p3_late_bias_cal.fits,2461181.6817636574,118.90144548198292,217706.64297485352,1830.983989238739,4,True,ok,172.8144889677622,13.794166445732117,0.9982216647490154,0.995072844032568,1865.8659634698904,624.3077118694418,217706.64297485352,573.3186623318303,28,1225.459671155399,1168.3145711824673,0.3173629133939927,0.5802125687350692,28,-0.00261459137811082,-0.8272956772096952,6.89101329827281,0.0,6.019019032633423,1.0263889597704292,6.89101329827281,1.0496740366604167,1.0513380506951795,0.0,0.0,0.0,-0.0
V_8 generic,light_V_8s_2026_05_20-0052_flat_0p3_late_bias_cal.fits,2461181.681955324,116.38870566876594,205164.5902290344,1762.7534308433533,4,True,ok,176.2231307620307,14.070166423916817,0.9771262835342374,1.0146999418805025,1865.0588553233824,623.997471819856,205164.5902290344,592.2422017788185,25,1224.4277442999696,1168.033522893058,0.6387300239948681,1.1825386570424454,25,-0.023709972592888873,-0.8099137022309751,6.083905151764839,-0.3102400495859001,4.9870921772039765,0.7453406703612018,6.091810140183114,0.9892024453767624,1.0121605468596202,0.0,0.0,-0.0,-0.0
V_8 generic,light_V_8s_2026_05_20-0053_flat_0p3_late_bias_cal.fits,2461181.682147222,120.68158334110888,216429.93557929993,1793.3965530395508,4,True,ok,173.19909205138293,14.346499666571615,1.013166581272244,0.997287404203582,1866.8377426253485,623.7426887724816,216429.93557929993,583.3786639541779,26,1226.1907692868176,1167.7602212445654,0.31824750656754225,0.4677100746971881,26,0.012330325145117671,-0.7925107388640724,7.86279245373089,-0.5650230969602035,6.7501171640519715,0.47203902186856794,7.883067694149653,1.0435183834051336,1.0297556107959023,0.0,0.0,-0.0,-0.0
V_8 generic,light_V_8s_2026_05_20-0054_flat_0p3_late_bias_cal.fits,2461181.6823388888,119.52797126977404,220528.567987442,1844.9954905509949,4,True,ok,174.39407259228935,14.622499644756315,1.0034815807438282,1.0041681506763225,1867.025827284963,623.7299455466127,220528.567987442,562.5309060046732,27,1226.4339631277799,1167.6718286197536,0.6125308236214686,0.90191319180744,27,0.0026453246167019717,-0.7751287638853523,8.05087711334545,-0.5777663228291203,6.99331100501422,0.38364639705673653,8.071582014573417,1.0632799670015451,1.059383355604189,0.0,0.0,-0.0,-0.0
V_8 generic,light_V_8s_2026_05_20-0055_flat_0p3_late_bias_cal.fits,2461181.682530903,118.44652288919856,177449.37664031982,1498.1391797065735,4,True,ok,174.73997872415944,14.898999854922296,0.9944024211219904,1.0061598922279955,1867.3121472607288,622.1887638699909,177449.37664031982,729.3966969842973,24,1226.6815002717226,1165.8400522830048,0.6884186634871201,1.297565505798713,24,-0.006433835005135835,-0.7577152852092792,8.337197089111214,-2.1189479994509384,7.240848148956957,-1.4481299396920804,8.602255281439957,0.8555733575039961,0.8602209162504129,0.0,0.0,-0.0,-0.0
V_8 generic,light_V_8s_2026_05_20-0056_flat_0p3_late_bias_cal.fits,2461181.6827226854,120.26309196531152,245853.3204345703,2044.295688867569,4,True,ok,,15.175166800618172,1.009653191202526,,1868.8053440339784,623.3806248545446,245853.3204345703,490.20060032815735,28,1228.169068651493,1167.2425733578605,0.20954118297873006,0.5843693189545633,28,0.008816935075399712,-0.7403227949213892,9.83039386236078,-0.9270870148972108,8.728416528727394,-0.0456088648363675,9.874013055608723,1.185383430475893,1.173820119242098,0.0,0.0,-0.0,-0.0
V_8 generic,light_V_8s_2026_05_20-0057_flat_0p3_late_bias_cal.fits,2461181.682914352,116.9105227527438,197210.2832183838,1686.848014831543,4,True,ok,174.63517334892614,15.451166778802872,0.9815071311862684,1.0055564186221293,1869.5549333550384,621.9913931135951,197210.2832183838,653.8039538081558,25,1229.030588801764,1165.8897713948427,0.46271586248623553,0.733917768362142,25,-0.01932912494085781,-0.7229408199426691,10.579983183420836,-2.316318755846737,9.589936678998356,-1.3984108278541498,10.830576011466567,0.9508507008704163,0.9685761940875118,0.0,0.0,-0.0,-0.0
V_8 generic,light_V_8s_2026_05_20-0058_flat_0p3_late_bias_cal.fits,2461181.68310625,118.64166716795329,193859.68438339233,1633.9932589530945,4,True,ok,174.74312716907468,15.727500021457672,0.9960407296052484,1.0061780211016496,1870.9673536289724,622.7667043623134,193859.68438339233,684.6519033646763,24,1230.496936940198,1166.7469440380228,0.9058169751610061,1.6505372580151925,24,-0.004795526521877869,-0.7055378565757663,11.99240345735484,-1.5410075071284837,11.05628481743247,-0.5412381846740573,12.091006774499908,0.9346957661550737,0.9382273672589818,0.0,0.0,-0.0,-0.0
V_8 generic,light_V_8s_2026_05_20-0059_flat_0p3_late_bias_cal.fits,2461181.683298148,119.11326880676198,232460.90953826904,1951.5954172611237,4,True,ok,171.79493187869755,16.003833264112473,1.0,0.989202192918017,1871.655361654679,622.4731518883931,232460.90953826904,529.8054479064582,29,1231.141802770763,1166.3598173043492,0.3248397335944365,0.7453354644340247,29,-0.0008362561271262337,-0.6881348932088635,12.680411483061334,-1.8345599810487556,11.701150647997338,-0.9283649183475973,12.812433246804424,1.1208118316764974,1.1205922792268754,0.0,0.0,-0.0,-0.0
V_8 generic,light_V_8s_2026_05_20-0060_flat_0p3_late_bias_cal.fits,2461181.683489236,120.4355166071331,201666.83404541016,1674.4797525405884,4,True,ok,167.87203156359462,16.278999745845795,1.0111007599205106,0.9666139736273652,1871.696843998604,622.5420705749257,201666.83404541016,664.1229258004117,26,1231.1693649236774,1166.4695683649315,0.5064145907428443,0.8423261084266004,26,0.010264503793384394,-0.6708054103156791,12.721893826986388,-1.765641294516172,11.728712800911808,-0.8186138577652855,12.84383399635853,0.9723379905197608,0.9614744253970793,0.0,0.0,-0.0,-0.0
V_8 generic,light_V_8s_2026_05_20-0061_flat_0p3_late_bias_cal.fits,2461181.683680787,117.35757965613078,210210.9133338928,1791.2001419067385,4,True,ok,174.74111023654294,16.55483342707157,0.98526033943809,1.006166407522241,1872.3136162139117,621.087904393853,210210.9133338928,595.0446662358028,27,1231.5807099798535,1164.9322291904127,0.6018661746942995,0.8597038382063527,27,-0.01557591668903624,-0.6534339084159717,13.338666042294108,-3.219807475588823,12.140057857087868,-2.3559530322841056,13.72177728895596,1.0135333260122297,1.0284944470651063,0.0,0.0,-0.0,-0.0
V_8 generic,light_V_8s_2026_05_20-0062_flat_0p3_late_bias_cal.fits,2461181.683872454,118.86972739844148,218861.63068008423,1841.188967704773,4,True,ok,175.91433255753873,16.83083340525627,0.997955379692286,1.0129218692813158,1872.95618806119,620.7696485594145,218861.63068008423,574.9047157802084,27,1232.2654345120568,1164.6264815395748,0.46817622512584145,0.7139865860123696,27,-0.0028808764348402516,-0.6360519334372516,13.981237889572412,-3.5380633100273826,12.824782389291158,-2.661700683122035,14.42195912178984,1.0552428176138886,1.0571976771206006,0.0,0.0,-0.0,-0.0
V_8 generic,light_V_8s_2026_05_20-0063_flat_0p3_late_bias_cal.fits,2461181.6840641205,119.937328739026,192489.86711883545,1604.9204125404358,4,True,ok,173.24061449925676,17.10683338344097,1.0069182882857566,0.99752649214432,1873.8607022340063,618.8600585746583,192489.86711883545,733.2895515715871,22,1233.3577227906849,1162.8976864982192,0.35993222448934536,0.706342119901482,22,0.006082032158630346,-0.6186699584585316,14.885752062388747,-5.447653294783549,13.917070667919234,-4.39049572447766,15.851263069013678,0.9280911830430156,0.9215339445664366,0.0,0.0,-0.0,-0.0
V_8 generic,light_V_8s_2026_05_20-0064_flat_0p3_late_bias_cal.fits,2461181.684255671,120.9148323534734,217331.67095947263,1797.394634962082,4,True,ok,177.69687634358692,17.382666394114494,1.0151247931045708,1.023185828775629,1875.3894938920955,619.2592507228435,217331.67095947263,581.9959189552071,25,1235.0081252732984,1163.3046238709526,0.8133923981684186,1.6897012891555756,25,0.014288536977444588,-0.6012984987889816,16.414543720477923,-5.048461146598356,15.567473150532805,-3.98355835174425,17.17335743237747,1.047866106577801,1.0320512811456475,0.0,0.0,-0.0,-0.0
V_8 generic,light_V_8s_2026_05_20-0065_flat_0p3_late_bias_cal.fits,2461181.684446991,119.89564454415432,211296.21283721924,1762.334350347519,4,True,ok,177.6947264302711,17.65816681087017,1.0065683340338982,1.0231734494874665,1875.6300889271956,619.0690397917135,211296.21283721924,613.3891237115135,27,1235.2392441613438,1163.1348210193064,0.8722256039852083,1.6484854458054343,27,0.005732077906771993,-0.5839479852774571,16.655138755578037,-5.238672077728324,15.798592038578136,-4.153361203390432,17.459591407175825,1.018766104833654,1.011919913804299,0.0,0.0,-0.0,-0.0
V_8 generic,light_V_8s_2026_05_20-0066_flat_0p3_late_bias_cal.fits,2461181.684639352,120.23702666921892,184285.02447509769,1532.6811513900757,4,True,ok,174.25981270466002,17.935166582465172,1.009434363389691,1.003395076792177,1875.8593721661432,620.4191557793923,184285.02447509769,720.3448981299749,23,1235.3687633752995,1164.68842194359,0.5710358222063066,0.9292921910818512,23,0.008598107262564714,-0.5665030451341887,16.88442199452561,-3.8885560900495193,15.928111252533881,-2.599760279106931,17.32641262797009,0.888531479304391,0.8800546719742954,0.0,0.0,-0.0,-0.0
V_8 generic,light_V_8s_2026_05_20-0067_flat_0p3_late_bias_cal.fits,2461181.6848310186,116.66327048657732,227276.5429058075,1948.1413640975952,4,True,ok,169.4766101565938,18.211166560649872,0.9794313568527844,0.975853202314419,1877.2975541502,621.2477774509027,227276.5429058075,567.9524821609442,28,1236.7853978447529,1165.2513692510897,0.487137550577901,1.0116035495717346,28,-0.02140489927434186,-0.5491210701554686,18.322603978582492,-3.0599344185391146,17.344745721987238,-2.0368129716071053,18.576356348911034,1.0958153732484832,1.118608986341037,0.0,0.0,-0.0,-0.0
V_8 generic,light_V_8s_2026_05_20-0068_flat_0p3_late_bias_cal.fits,2461181.6850228007,118.9224063862296,226374.03174209595,1903.543988227844,4,True,ok,174.28698872186968,18.487332835793495,0.9983976393021166,1.003551557402662,1878.9840481273409,620.6721690904582,226374.03174209595,554.9100125767316,27,1238.360108851605,1164.6613205185897,0.6165985146663109,0.9150366392683914,27,-0.0024386168250096762,-0.5317286220977357,20.00909795572329,-3.6355427789836767,18.91945672883935,-2.626861704107114,20.336695215780523,1.0914639096302894,1.0930014886848074,0.0,0.0,-0.0,-0.0
V_8 generic,light_V_8s_2026_05_20-0069_flat_0p3_late_bias_cal.fits,2461181.685213773,120.17021899589132,224703.19215011597,1869.8742003440857,4,True,ok,168.8416139907237,18.762333020567898,1.0088734882328183,0.9721968686094364,1879.8279548004896,620.526114159961,224703.19215011597,561.9033116664598,27,1239.2497664682123,1164.6268963450984,0.5970215670874974,1.1400911423989506,27,0.008037232105692071,-0.5144096122835639,20.853004628871986,-3.7815977094808204,19.809114345446687,-2.6612858775984023,21.193118772094564,1.0834079453512009,1.073668534727221,0.0,0.0,-0.0,-0.0
V_8 generic,light_V_8s_2026_05_20-0070_flat_0p3_late_bias_cal.fits,2461181.685405671,119.38096539887964,205259.9503326416,1719.3691611289978,4,True,ok,173.15994174378667,19.038666263222694,1.0022474120205025,0.9970619751428752,1879.793665837265,620.8442272874411,205259.9503326416,636.2480541992622,26,1239.282673722656,1165.065603427301,0.5121472323288179,1.0107505659571991,26,0.0014111558933762591,-0.49700664891666124,20.81871566564746,-3.463484582000774,19.84202159989036,-2.222578795395748,21.104848907699672,0.9896622247547453,0.9872496061739574,0.0,0.0,-0.0,-0.0
V_8 generic,light_V_8s_2026_05_20-0071_flat_0p3_late_bias_cal.fits,2461181.6855980325,118.15203882773396,234139.21131896973,1981.6772832870483,4,True,ok,173.51690635839617,19.31566670536995,0.9919301183767576,0.9991173918871546,1881.1954526343077,620.8515212792871,234139.21131896973,525.6491333268727,28,1240.8253026692992,1165.051456546872,0.538144231206027,0.9868585418414382,28,-0.008906137750368637,-0.4795616665432355,22.220502462690092,-3.4561905901547334,21.38465054653352,-2.2367256758248004,22.487685142981938,1.1289037749484625,1.1378650738415996,0.0,0.0,-0.0,-0.0
V_8 generic,light_V_8s_2026_05_20-0072_flat_0p3_late_bias_cal.fits,2461181.6857905095,120.66253676974657,221500.51607322693,1835.7024641036987,4,True,ok,171.7017388259635,19.592833444476128,1.0130066782525964,0.9886655835365812,1881.7911595751032,620.4401051169779,221500.51607322693,556.1311872822494,24,1241.4124741722003,1164.7164187261208,0.8261855857120222,1.3027049756553315,24,0.012170422125470148,-0.4621062110907971,22.816209403485573,-3.8676067524639848,21.97182204943465,-2.571763496576068,23.141689513417305,1.0679662212043994,1.0540473655750127,0.0,0.0,-0.0,-0.0
V_8 generic,light_V_8s_2026_05_20-0073_flat_0p3_late_bias_cal.fits,2461181.68598206,120.96757053423217,194727.6637039185,1609.750967502594,4,True,ok,174.21981232239258,19.86866645514965,1.0155675496613097,1.0031647529669994,1882.575141211286,620.6188571794829,194727.6637039185,645.4708577889655,24,1242.0464145952167,1164.6001571510637,0.1941242375516441,0.6469139520177578,24,0.014731293534183454,-0.444734751421247,23.600191039668516,-3.68885468995893,22.605762472451033,-2.688025071633092,23.88674666070041,0.9388807342601566,0.9243076150450096,0.0,0.0,-0.0,-0.0
V_8 generic,light_V_8s_2026_05_20-0074_flat_0p3_late_bias_cal.fits,2461181.686173727,120.90867082142248,233022.48516845703,1927.2603328227997,4,True,ok,,20.14466643333435,1.0150730647613508,,1884.754643115058,620.4729121662314,233022.48516845703,538.97624733328,28,1244.1102101102945,1164.4562240358523,0.1482915102273868,0.3168675086538949,28,0.014236808634224607,-0.427352776442527,25.779692943440295,-3.8347997032104786,24.669557987528833,-2.831958186844531,26.06335084024709,1.1235194723372266,1.1066192459358921,0.0,0.0,-0.0,-0.0
V_8 generic,light_V_8s_2026_05_20-0075_flat_0p3_late_bias_cal.fits,2461181.686365625,124.26135738846143,226286.4430541992,1821.052399635315,4,True,ok,173.0773412910195,20.42099967598915,1.0432201100118512,0.9965863583821256,1884.872910612277,620.5027674703161,226286.4430541992,582.3373448912371,29,1244.2511692152411,1164.674306918931,0.28082645419870195,0.650620094562672,29,0.04238385388472499,-0.40994981307562417,25.897960440659517,-3.804944399125702,24.810517092475493,-2.6138753037657807,26.175980533046005,1.0910416001851844,1.0456354022201868,0.0,0.0,-0.0,-0.0
V_8 generic,light_V_8s_2026_05_20-0076_flat_0p3_late_bias_cal.fits,2461181.686557176,118.07780442377472,180922.75484848025,1532.2333924770355,4,True,ok,176.53599563150624,20.696833357214928,0.9913068930660688,1.0165014305017772,1884.966366862683,621.7914382446785,180922.75484848025,707.5610438817548,26,1244.4013888440204,1165.8994506457739,0.5885251561044413,1.2724272676761486,26,-0.00952936306105745,-0.39257831117591685,25.991416691065297,-2.5162736247633575,24.96073672125476,-1.3887315769229645,26.112935004768563,0.8723202737890872,0.8797975719747413,0.0,0.0,-0.0,-0.0
V_8 generic,light_V_8s_2026_05_20-0077_flat_0p3_late_bias_cal.fits,2461181.6867488427,118.95592429270944,228740.64950561523,1922.9025444984436,4,True,ok,171.57976930851163,20.972833335399628,0.9986790345388994,0.9879632781029276,1886.4029213463627,621.4655623738091,228740.64950561523,524.123447340663,28,1245.8799223009137,1165.6189384071135,0.8940107176019101,1.593745146503793,28,-0.002157221588226843,-0.3751963361971968,27.427971174745153,-2.842149495632725,26.439270178148035,-1.669243815583286,27.574833027929223,1.102874573021725,1.1041170347154785,0.0,0.0,-0.0,-0.0
V_8 generic,light_V_8s_2026_05_20-0078_flat_0p3_late_bias_cal.fits,2461181.6869399305,120.07936951801514,246467.4213256836,2052.537603378296,4,True,ok,,21.24799981713295,1.0081107732239345,,1887.2944745918408,620.618104960081,246467.4213256836,498.76721456649,29,1246.7828606199027,1164.7993855550685,0.5539184419538028,1.22327629947732,29,0.007274517096808264,-0.35786685330401236,28.31952442022316,-3.689606909360805,27.342208497137108,-2.4887966676283213,28.558863116959312,1.1883443220338328,1.1785525682348972,0.0,0.0,-0.0,-0.0
V_8 generic,light_V_8s_2026_05_20-0079_flat_0p3_late_bias_cal.fits,2461181.6871314817,120.79350238592886,216928.78143310547,1795.8646545410156,4,True,ok,172.38466263630946,21.523833498358727,1.0141061830978102,0.9925978865643976,1886.608028448659,620.2006128525936,216928.78143310547,596.663823192718,27,1246.2024332085534,1164.385238170556,0.8235675978444833,1.4386604501211244,27,0.013269926970683965,-0.34049535140430504,27.633078277041477,-4.107099016848224,26.76178108578779,-2.9029440521408105,27.936629671442066,1.0459235720290556,1.0311727772139148,0.0,0.0,-0.0,-0.0
V_8 generic,light_V_8s_2026_05_20-0080_flat_0p3_late_bias_cal.fits,2461181.687323264,121.1072742465674,233840.31356048584,1930.852750301361,4,True,ok,171.8122028850909,21.79999977350235,1.016740414059497,0.9893016400740616,1887.8329018761544,619.2377637512242,233840.31356048584,531.1422501175127,31,1247.2798959022534,1163.3504752861916,0.30959237935503386,0.7822134391635808,31,0.015904157932370877,-0.3231029033465722,28.857951704536845,-5.069948118217667,27.839243779487788,-3.937706936505265,29.299927482893192,1.1274626374047965,1.1086819866323656,0.0,0.0,-0.0,-0.0
V_8 generic,light_V_8s_2026_05_20-0081_flat_0p3_late_bias_cal.fits,2461181.6875149305,120.5932734100499,214302.12406158447,1777.0653204917908,4,True,ok,174.89859392145596,22.07599975168705,1.0124251866993,1.00707320497407,1887.8955833708235,619.7323880510914,214302.12406158447,594.1750702098831,27,1247.1258097884856,1163.8846093603458,0.29221247567460273,0.6495880994168081,27,0.011588930572173695,-0.30572092836785214,28.920633199205895,-4.575323818350398,27.68515766572,-3.403572862350984,29.28031100732666,1.033259125926661,1.0203783326257363,0.0,0.0,-0.0,-0.0
V_8 generic,light_V_8s_2026_05_20-0082_flat_0p3_late_bias_cal.fits,2461181.687706597,119.63393511450916,205812.27138137817,1720.3502600193024,4,True,ok,174.14678141763872,22.35199972987175,1.0043711864594351,1.0027442380522502,1888.186227677052,618.4769071611915,205812.27138137817,629.5713996062934,27,1247.6564160836792,1162.8361036785068,0.31030308753440505,0.4150411734342568,27,0.0035349303323088943,-0.2883389533891321,29.21127750543451,-5.830804708250298,28.21576396091359,-4.452078544190044,29.787531234482287,0.9923252443890465,0.9878129462145772,0.0,0.0,-0.0,-0.0
V_8 generic,light_V_8s_2026_05_20-0083_flat_0p3_late_bias_cal.fits,2461181.6878975695,118.9623193408778,245616.07037353516,2064.6543521881104,4,True,ok,,22.62699991464615,0.9987327233363978,,1888.7071274270452,619.4325309613733,245616.07037353516,501.3226825578703,30,1248.0939192131955,1163.7883309494819,0.7199804460816029,1.1025045953507877,30,-0.0021035327907283907,-0.2710199435749604,29.732177255427587,-4.875180908068501,28.653267090429836,-3.499851273214972,30.129217600770204,1.1842395277182107,1.1855099196641523,0.0,0.0,-0.0,-0.0
V0399 named,light_V0399_V_8s_2026_05_20-0001_flat_0p3_late_bias_cal.fits,2461181.689061574,127.1986663841372,213236.88902664185,1676.4082131385803,4,True,ok,188.24611902612307,24.303166642785072,0.975084285183306,0.9956242784522664,1919.0146393338243,634.6679345974002,213236.88902664185,579.916465055041,27,1060.6387317188412,1102.5646171895623,1.5566161754419503,3.715622381206386,27,-0.02338418214186444,-0.16545802172155885,-30.345446025442016,-5.395965482483007,-30.367085399790767,-5.581198298443724,30.821462294498012,0.9172373786498346,0.9395945773738215,1.0,-30.345446025442016,-5.395965482483007,-0.16545802172155885
V0399 named,light_V0399_V_8s_2026_05_20-0002_flat_0p3_late_bias_cal.fits,2461181.689252662,128.72587927026345,212825.65330696103,1653.32452583313,4,True,ok,187.35188422420416,24.57833312451839,0.9867916507377053,0.990894715452331,1919.444634629839,634.97337137281,212825.65330696103,633.7152045488845,25,1060.9237315842356,1102.9075373604976,2.707496339454333,6.4105716699421285,25,-0.011676816587465222,-0.14812853882837465,-29.915450729427448,-5.09052870707319,-30.082085534396356,-5.238278127508465,30.345472065241257,0.9154684503220532,0.9266566143836574,1.0,-29.915450729427448,-5.09052870707319,-0.14812853882837465
V0399 named,light_V0399_V_8s_2026_05_20-0003_flat_0p3_late_bias_cal.fits,2461181.68944375,132.88574396854509,207401.8688964844,1560.7533411979675,4,True,ok,192.267155930963,24.853499606251717,1.0186804968324712,1.0168913408901148,1919.198601345434,634.6099571578397,207401.8688964844,640.6488624192247,27,1060.7554446198772,1102.544640520634,1.794903416228294,4.359336567937971,27,0.02021202950730072,-0.13079905593519,-30.16148401383225,-5.453942922043439,-30.250372498754814,-5.601174967372117,30.650621711697237,0.8921380696466633,0.87477224491888,1.0,-30.16148401383225,-5.453942922043439,-0.13079905593519
V0399 named,light_V0399_V_8s_2026_05_20-0004_flat_0p3_late_bias_cal.fits,2461181.6896349536,132.98835514527357,213428.76544189453,1604.8680744171145,4,True,ok,193.58031784229243,25.128833055496216,1.0194670974215838,1.023836588352438,1919.5194189308377,635.2824076346991,213428.76544189453,591.9491964970663,26,1060.8308962117403,1103.1034234788565,1.9511384858432133,4.81884862928356,26,0.02099863009641334,-0.11345905773283552,-29.840666428428676,-4.781492445184085,-30.174920906891657,-5.04239200914958,30.221317689606167,0.9180627340606853,0.899497704857662,1.0,-29.840666428428676,-4.781492445184085,-0.11345905773283552
V0399 named,light_V0399_V_8s_2026_05_20-0005_flat_0p3_late_bias_cal.fits,2461181.6898260415,130.55210727969802,194213.26579284668,1487.6302638053894,4,True,ok,190.39495589272775,25.403999537229534,1.0007912175868063,1.0069893688238138,1921.0293067708824,634.5943794518819,194213.26579284668,697.8364836152898,24,1062.3620822290643,1102.3161867829542,2.3729712195225328,5.315189715272795,24,0.002322750261635864,-0.0961295748396513,-28.330778588383964,-5.469520628001305,-28.643734889567668,-5.829628705051846,28.853919514065453,0.8354073613998255,0.8337881657068598,1.0,-28.330778588383964,-5.469520628001305,-0.0961295748396513
V0399 named,light_V0399_V_8s_2026_05_20-0006_flat_0p3_late_bias_cal.fits,2461181.6900171298,127.99453983696856,216074.8966140747,1688.1571424007416,4,True,ok,188.0693935447545,25.67916668951511,0.9811853216085372,0.9946895862483476,1921.6609189726576,634.0633000606322,216074.8966140747,588.7808839344045,28,1063.0622525368697,1101.7885734933816,1.7601032562911867,4.104456567866125,28,-0.017283145716633252,-0.07880004971630956,-27.699166386608795,-6.00060001925101,-27.943564581762303,-6.357241994624474,28.341683420433476,0.9294450536537596,0.9461796263721246,1.0,-27.699166386608795,-6.00060001925101,-0.07880004971630956
V0399 named,light_V0399_V_8s_2026_05_20-0007_flat_0p3_late_bias_cal.fits,2461181.6902081016,131.36529811109293,215558.9920463562,1640.9127459526062,4,True,ok,192.04332230785067,25.95416620373726,1.0070250062190995,1.0157074960881212,1923.3300393374411,634.0935960854564,215558.9920463562,585.4616623847759,30,1064.9849212913705,1102.0059571074546,1.90022873212871,4.54629467374879,30,0.008556538893929044,-0.06148108213229496,-26.03004602182523,-5.970303994426786,-26.020895827261484,-6.139858380551459,26.705951128619404,0.9272258928158406,0.9197000503559353,1.0,-26.03004602182523,-5.970303994426786,-0.06148108213229496
V0399 named,light_V0399_V_8s_2026_05_20-0008_flat_0p3_late_bias_cal.fits,2461181.690400463,130.2287813990315,222153.91143798828,1705.8741474151611,4,True,ok,186.74932494695463,26.23116664588451,0.9983126539808104,0.9877078096678192,1923.6254164396016,633.8055430830517,222153.91143798828,575.0592172924474,29,1065.0899797556888,1101.6763078844235,1.842839154573532,4.2643036967736645,29,-0.00015581334436010064,-0.04403609975886945,-25.734668919664728,-6.2583569968314805,-25.915837362943194,-6.469507603582542,26.484716662719787,0.9555939045740303,0.9561096671034851,1.0,-25.734668919664728,-6.2583569968314805,-0.04403609975886945
V0399 named,light_V0399_V_8s_2026_05_20-0009_flat_0p3_late_bias_cal.fits,2461181.690591667,126.1674758724198,197853.26067352295,1568.1795907020569,4,True,ok,190.2314887535275,26.506500095129013,0.9671793464635152,1.0061247993263978,1923.9878547855772,634.9458174580328,197853.26067352295,632.2078640621687,26,1065.3364461509063,1102.943612088283,1.115074594273732,2.801574608113076,26,-0.03128912086165525,-0.026696101556514747,-25.372230573689194,-5.118082621850363,-25.669370967725627,-5.2022033997229755,25.88329295141048,0.8510647806104068,0.8789345150089338,1.0,-25.372230573689194,-5.118082621850363,-0.026696101556514747
V0399 named,light_V0399_V_8s_2026_05_20-0010_flat_0p3_late_bias_cal.fits,2461181.690783102,130.11776960307492,226050.49810028076,1737.2761521339417,4,True,ok,183.21847506916728,26.782166808843613,0.9974616556112176,0.969033321821366,1925.815376299542,635.4853790827393,226050.49810028076,528.4956653365308,29,1067.3640938538213,1103.4059297549588,1.9287539787381252,4.434764027330778,29,-0.0010068117139528932,-0.009335114965977479,-23.544709059724255,-4.578520997143869,-23.641723264810707,-4.739885733047231,23.98574950316018,0.9723550520101877,0.9737098870983476,1.0,-23.544709059724255,-4.578520997143869,-0.009335114965977479
V0399 named,light_V0399_V_8s_2026_05_20-0011_flat_0p3_late_bias_cal.fits,2461181.690974884,128.5694967439517,191763.0636291504,1491.5129053592682,4,True,ok,190.59748356634236,27.058333083987236,0.9855928477296348,1.0080605275279206,1926.1125344566017,634.6451547739161,191763.0636291504,692.3153582981939,27,1067.735406202845,1102.5851908650277,2.183988501198127,5.002969450288242,27,-0.012875619595535626,0.008057333091755318,-23.24755090266467,-5.418745305967036,-23.270410915786897,-5.5606246229783665,23.870723149140765,0.8248678294264898,0.8359643116606432,1.0,-23.24755090266467,-5.418745305967036,0.008057333091755318
V0399 named,light_V0399_V_8s_2026_05_20-0012_flat_0p3_late_bias_cal.fits,2461181.691166551,130.89213359097727,219161.3501586914,1674.3660917282104,4,True,ok,182.49982750385433,27.334333062171936,1.0033978039772324,0.9652324309059102,1926.682798516068,633.606016631159,219161.3501586914,552.2531733428359,29,1068.3805866212574,1101.1175672316024,1.3932660237377228,2.8706730792527586,29,0.004929336652061966,0.025439308070475376,-22.677286843198317,-6.4578834487241465,-22.62523049737456,-7.0282482564036854,23.578880321296023,0.9427214176614666,0.9384500075796123,1.0,-22.677286843198317,-6.4578834487241465,0.025439308070475376
V0399 named,light_V0399_V_8s_2026_05_20-0013_flat_0p3_late_bias_cal.fits,2461181.691357754,130.14214196617257,197522.26099777225,1517.7425084114077,4,True,ok,185.80519704498292,27.60966584086418,0.9976484901820892,0.9827143645650448,1925.5824439387916,633.6215483843831,197522.26099777225,675.0304341227024,24,1067.095683758405,1101.2176876596936,1.863631844492973,4.613526071488512,24,-0.0008199771430812408,0.04277926404267255,-23.777641420474765,-6.442351695500065,-23.910133360227064,-6.928127828312427,24.63493711965163,0.8496409872118753,0.8506654999519587,1.0,-23.777641420474765,-6.442351695500065,0.04277926404267255
V0399 named,light_V0399_V_8s_2026_05_20-0014_flat_0p3_late_bias_cal.fits,2461181.6915494213,128.19133782980796,221708.6342277527,1729.5133819580078,4,True,ok,190.7249453217722,27.885666489601135,0.9826939430086532,1.008734666357112,1928.0375702794815,633.2277578927191,221708.6342277527,555.1248789180901,30,1069.5340601619073,1101.014744245245,2.177457304433694,5.063200976272593,30,-0.01577452431651727,0.06016128125154992,-21.322515079784807,-6.836142187164114,-21.471756956724676,-7.1310712427609815,22.391571836983115,0.9536785469501532,0.9693590036407611,1.0,-21.322515079784807,-6.836142187164114,0.06016128125154992
V0399 named,light_V0399_V_8s_2026_05_20-0015_flat_0p3_late_bias_cal.fits,2461181.6917408565,131.79629902642418,159362.80712890625,1209.1599559783936,4,True,ok,187.2488874250115,28.161333203315735,1.010328989125414,0.9903499705491712,1928.8669260789552,632.5022732649987,159362.80712890625,826.4315555812278,19,1070.6238154467403,1100.4895828930798,0.4658325656662239,1.078283945460487,19,0.01186052180024344,0.07752226784208718,-20.493159280311147,-7.561626814884448,-20.382001671891658,-7.656232594926223,21.84371253646647,0.685498293153837,0.6777109112868261,1.0,-20.493159280311147,-7.561626814884448,0.07752226784208718
V0399 named,light_V0399_V_8s_2026_05_20-0016_flat_0p3_late_bias_cal.fits,2461181.691932523,128.60104470685638,221685.6000213623,1723.824254512787,4,True,ok,185.25483352892343,28.437333181500435,0.9858346892813772,0.9798035195425924,1928.919656047659,631.1781802484929,221685.6000213623,554.8120927971675,29,1070.196824535195,1099.320487294705,3.7535845537858865,8.269271807223928,29,-0.012633778043793287,0.09490424282080724,-20.44042931160743,-8.885719831390247,-20.808992583436975,-8.825328193301175,22.288274212347222,0.9535794654301346,0.9661703570714926,1.0,-20.44042931160743,-8.885719831390247,0.09490424282080724
V0399 named,light_V0399_V_8s_2026_05_20-0017_flat_0p3_late_bias_cal.fits,2461181.692123727,128.7590991062638,223261.77835083008,1733.9495220184326,4,True,ok,188.2869228611779,28.712666630744938,0.9870463085966366,0.9958400878885764,1929.80193975652,633.2828369683298,223261.77835083008,549.1983824615295,28,1071.3041967676097,1101.347166867204,2.0340435768204457,4.568317441546346,28,-0.011422158728533915,0.11224424102316194,-19.558145602746436,-6.781063111553408,-19.701620351022257,-6.798648620802169,20.700335174607684,0.9603593883872036,0.9718453748673983,1.0,-19.558145602746436,-6.781063111553408,0.11224424102316194
V0399 named,light_V0399_V_8s_2026_05_20-0018_flat_0p3_late_bias_cal.fits,2461181.6923153936,131.1625042139926,232005.79425048828,1768.8423657417295,4,True,ok,190.4174705564319,28.98866660892963,1.0054704211922691,1.0071084477504926,1930.2276795150583,634.5990360075258,232005.79425048828,532.0753213319317,29,1071.885328916777,1102.6843401188069,2.0184694883609553,4.938112702103409,29,0.007001953867098676,0.12962621600188157,-19.13240584420805,-5.464864072357386,-19.12048820185487,-5.461475369199206,19.897580071878814,0.9979717276934337,0.9914021430188626,1.0,-19.13240584420805,-5.464864072357386,0.12962621600188157
V0399 named,light_V0399_V_8s_2026_05_20-0019_flat_0p3_late_bias_cal.fits,2461181.6925069443,129.3336341737793,223778.26028060913,1730.240255832672,4,True,ok,188.24132475103264,29.264499619603157,0.9914506009649956,0.9955989217718616,1930.927503675967,634.7619213512645,223778.26028060913,576.4211791794208,27,1071.999328484178,1102.857444862725,1.403539005633227,3.664863370714553,27,-0.007017866360174874,0.1469976756714318,-18.432581683299304,-5.301978728618678,-19.006488634453945,-5.288370625281004,19.1799647014854,0.962581032745049,0.9697664024745991,1.0,-18.432581683299304,-5.301978728618678,0.1469976756714318
V0399 named,light_V0399_V_8s_2026_05_20-0020_flat_0p3_late_bias_cal.fits,2461181.692698148,131.06268939152775,234296.61059570312,1787.6682653427124,4,True,ok,186.50492873018692,29.539833068847656,1.0047052570000603,0.9864152103396912,1931.6458480274557,634.4177149927939,234296.61059570312,508.3148484989737,28,1073.0888858305434,1102.3440674830872,2.6955754621814183,5.95105647436091,28,0.006236789674889831,0.16433767387378628,-17.714237331810637,-5.646185087089293,-17.916931288088563,-5.801748004918863,18.592299757840156,1.0078256623904012,1.0019536978493837,1.0,-17.714237331810637,-5.646185087089293,0.16433767387378628
V0399 named,light_V0399_V_8s_2026_05_20-0021_flat_0p3_late_bias_cal.fits,2461181.6928898147,130.8195741458423,228764.4548339844,1748.7020297050476,4,True,ok,186.44223196834815,29.815833047032356,1.0028415750740216,0.9860836103120788,1934.0445934882348,635.5189592918846,228764.4548339844,550.9586810635324,27,1075.7188436067288,1103.3996384276722,1.7677078332125975,4.430936400466913,27,0.004373107748851135,0.18171964885250633,-15.315491871031554,-4.544940787998598,-15.28697351190317,-4.746177060333821,15.975630754935684,0.984029122906431,0.9801138718339323,1.0,-15.315491871031554,-4.544940787998598,0.18171964885250633
V0399 named,light_V0399_V_8s_2026_05_20-0022_flat_0p3_late_bias_cal.fits,2461181.6930810185,129.2445047890222,220096.73046875,1702.9484605789185,4,True,ok,189.7843012207706,30.091166496276855,0.990767349600062,1.0037596469028722,1933.1997140474505,635.3570925409663,220096.73046875,571.9759078003144,27,1074.4423592978812,1103.4031082584938,1.316523546275714,3.1228061641838663,27,-0.007701117725108508,0.19905964705486082,-16.16037131181588,-4.706807538916905,-16.563457820750727,-4.742707229512234,16.831863775119103,0.9467449512421483,0.9544698758731135,1.0,-16.16037131181588,-4.706807538916905,0.19905964705486082
V0399 named,light_V0399_V_8s_2026_05_20-0023_flat_0p3_late_bias_cal.fits,2461181.693271991,132.39612849632968,213253.86248779297,1610.7258188724518,4,True,ok,189.2005860745996,30.366166681051254,1.014927184267872,1.0006724067821473,1934.4025391596635,636.323445722175,213253.86248779297,624.498124392512,26,1076.1875669888998,1104.35536446387,1.6723101385301309,4.105912106426274,26,0.016458716942701512,0.2163786568690325,-14.957546199602803,-3.7404543577081313,-14.818250129732178,-3.7904510241360185,15.418144736489861,0.9173103899054571,0.9027808580197263,1.0,-14.957546199602803,-3.7404543577081313,0.2163786568690325
V0399 named,light_V0399_V_8s_2026_05_20-0024_flat_0p3_late_bias_cal.fits,2461181.6934636575,127.56355987738748,200717.47729492188,1573.470335006714,4,True,ok,191.34205387791135,30.64216665923595,0.9778814993455952,1.0119985225476746,1934.0068503200864,635.3182672826825,200717.47729492188,613.9556377232877,25,1075.768827479036,1103.420462004398,1.6590113282468086,4.035225913770876,25,-0.020586967979575266,0.23376063184775234,-15.353235039179935,-4.745632797200642,-15.236989639596004,-4.72535348360816,16.069936428442052,0.863385193638797,0.8818998754861533,1.0,-15.353235039179935,-4.745632797200642,0.23376063184775234
V0399 named,light_V0399_V_8s_2026_05_20-0025_flat_0p3_late_bias_cal.fits,2461181.6936555556,128.43566494613333,232114.9378585815,1807.2467484474184,4,True,ok,188.56181830717108,30.918499901890755,0.9845669149378836,0.9972939961098068,1935.8732000410423,635.8641914855987,232114.9378585815,528.8325143956937,26,1077.2454759886657,1103.9844889678288,2.549356290286738,5.785100524953508,26,-0.013901552387286853,0.2511635952146554,-13.48688531822404,-4.199708594284516,-13.760341129966264,-4.1613265201772265,14.12563725514125,0.9984412083608772,1.0129270612666066,1.0,-13.48688531822404,-4.199708594284516,0.2511635952146554
V0399 named,light_V0399_V_8s_2026_05_20-0026_flat_0p3_late_bias_cal.fits,2461181.6938471063,131.39018069043615,215924.53985214233,1643.3841457366943,4,True,ok,190.4182315727816,31.19433291256428,1.0072157520247134,1.0071124727277825,1935.9244470348804,636.2045517355597,215924.53985214233,578.0717792270668,25,1077.649996746621,1104.0795911220744,1.814329381463797,4.335313060055145,25,0.00874728469954289,0.26853505488420565,-13.435638324385991,-3.8593483443235073,-13.355820372011067,-4.066224365931703,13.978946556394806,0.9287982948175814,0.9210852224264685,1.0,-13.435638324385991,-3.8593483443235073,0.26853505488420565
V0399 named,light_V0399_V_8s_2026_05_20-0027_flat_0p3_late_bias_cal.fits,2461181.6940381946,128.1767046316413,224973.28406524655,1755.1807460784912,4,True,ok,189.87984513093764,31.469500064849857,0.9825817672918796,1.0042649738499174,1937.2787986754445,635.8591686320643,224973.28406524655,545.077881965885,29,1078.855521828762,1103.6280454197986,1.6540987845665551,3.81197498620023,29,-0.015886700033290846,0.2858645800075474,-12.081286683821872,-4.204731447818858,-12.150295289869973,-4.517770068207483,12.792077801708704,0.9677214213928504,0.9837450678189685,1.0,-12.081286683821872,-4.204731447818858,0.2858645800075474
V0399 named,light_V0399_V_8s_2026_05_20-0028_flat_0p3_late_bias_cal.fits,2461181.6942291665,130.84356779176943,222195.4062194824,1698.175997257233,4,True,ok,192.92038068724497,31.744499579072,1.0030255064606697,1.0203462138511352,1936.9218034895143,636.2120608119387,222195.4062194824,562.3741953486538,24,1078.4235628710487,1104.0616540609017,1.9707112499584327,4.468358248248855,24,0.004557039135499208,0.3031835475915615,-12.438281869752018,-3.851839267944456,-12.58225424758325,-4.084161427104391,13.021041495114,0.9557723941626707,0.9517950019237811,1.0,-12.438281869752018,-3.851839267944456,0.3031835475915615
V0399 named,light_V0399_V_8s_2026_05_20-0029_flat_0p3_late_bias_cal.fits,2461181.694420139,130.56939289922414,227051.23852348328,1738.9315633773804,4,True,ok,189.22061816450787,32.0194997638464,1.000923726334254,1.0007783555005805,1938.4830478984777,637.8195173250559,227051.23852348328,557.5607952290476,27,1080.1593669883289,1105.653497629413,1.7704857963321436,4.321574444614513,27,0.00245525900908361,0.32050255740573325,-10.877037460788642,-2.2443827548272566,-10.846450130303083,-2.492317858592969,11.106178364926679,0.9766597317805463,0.9746377132778355,1.0,-10.877037460788642,-2.2443827548272566,0.32050255740573325
V0399 named,light_V0399_V_8s_2026_05_20-0030_flat_0p3_late_bias_cal.fits,2461181.6946113426,129.42894469320015,241749.15566825867,1867.813696861267,4,True,ok,,32.2948332130909,0.9921812359027808,,1938.0225814191424,637.2684319256508,241749.15566825867,492.38106871002,27,1079.599020129177,1105.2222972623613,1.7939414575486536,4.347588994648904,27,-0.0062872314223896275,0.33784255560808774,-11.337503940123952,-2.795468154232367,-11.40679698945496,-2.9235182256447843,11.677056041385322,1.0398827465929688,1.0468736715562257,1.0,-11.337503940123952,-2.795468154232367,0.33784255560808774
V0399 named,light_V0399_V_8s_2026_05_20-0031_flat_0p3_late_bias_cal.fits,2461181.6948032407,130.62628769174196,238632.84550857544,1826.8363108634949,4,True,ok,,32.5711664557457,1.00135987255866,,1939.75334724078,638.2659032281854,238632.84550857544,487.1957295202173,29,1081.5957854032988,1106.2375927847231,1.5425098305643354,3.677410777923384,29,0.00289140523348963,0.35524551897499057,-9.606738118486419,-1.7979968516978033,-9.410031715333162,-1.908222703282945,9.773546436984642,1.0264779545095006,1.0239066344248715,1.0,-9.606738118486419,-1.7979968516978033,0.35524551897499057
V0399 named,light_V0399_V_8s_2026_05_20-0032_flat_0p3_late_bias_cal.fits,2461181.6949944445,130.91614969886524,233578.3048057556,1784.182511806488,4,True,ok,187.69777166987868,32.846499904990196,1.0035819075536183,0.9927240967979172,1940.5360680954236,637.4055619111557,233578.3048057556,523.4965688860727,30,1082.2296751852502,1105.432988822639,1.7968799960422044,4.016009244007201,30,0.005113440228447841,0.37258551717734506,-8.824017263842734,-2.6583381687274823,-8.776141933381723,-2.7128266653671744,9.215749697767839,1.004735873738691,1.0,1.0,-8.824017263842734,-2.6583381687274823,0.37258551717734506
V0399 named,light_V0399_V_8s_2026_05_20-0033_flat_0p3_late_bias_cal.fits,2461181.695186111,124.00960437197364,205907.8310699463,1660.4184176921844,4,True,ok,188.11221302121547,33.122499883174896,0.9506374545605324,0.9949160563109216,1940.998652073333,636.9046684589154,205907.8310699463,617.7407021631566,27,1082.61336889972,1105.022661341191,1.856398845591684,4.307367703114661,27,-0.04783101276463808,0.3899674921560651,-8.361433285933344,-3.15923162096783,-8.392448218912023,-3.123154146815068,8.938361764330034,0.885711473639411,0.9306326044026784,1.0,-8.361433285933344,-3.15923162096783,0.3899674921560651
V0399 named,light_V0399_V_8s_2026_05_20-0034_flat_0p3_late_bias_cal.fits,2461181.695378125,127.07579228788336,241943.8330478668,1903.933303833008,4,True,ok,,33.399000093340874,0.9741423523492668,,1940.955209722115,637.7014801974939,241943.8330478668,506.18067169757745,30,1082.5373706957062,1105.723916442137,1.5397411484794832,3.54594297843869,30,-0.024326114975903645,0.407380970832138,-8.404875637151463,-2.362419882389304,-8.468446422925808,-2.421899045869168,8.730576279759,1.0407201503375518,1.0671180169260106,1.0,-8.404875637151463,-2.362419882389304,0.407380970832138
V0399 named,light_V0399_V_8s_2026_05_20-0035_flat_0p3_late_bias_cal.fits,2461181.695569792,128.9183325029067,239898.8376083374,1860.8589868545532,4,True,ok,,33.675000071525574,0.9882669659129166,,1942.338881239374,636.8485427331002,239898.8376083374,489.61798765302433,29,1083.7986621640557,1104.7668988013877,1.817578944159658,4.393573608211667,29,-0.010201501412253844,0.42476294581085805,-7.021204119892445,-3.21535734678298,-7.207154954576254,-3.3789166866183677,7.722423852697153,1.0319236129988814,1.0429756902899077,1.0,-7.021204119892445,-3.21535734678298,0.42476294581085805
V0399 named,light_V0399_V_8s_2026_05_20-0036_flat_0p3_late_bias_cal.fits,2461181.695762153,130.96443614960677,250873.67641448975,1915.586275100708,4,True,ok,,33.951999843120575,1.00395206363028,,1942.1922601753809,636.9149216970915,250873.67641448975,468.86380426272984,28,1083.684838924597,1104.8656038681406,1.594865251156394,3.931313084687493,28,0.005483596305109417,0.44220788595412647,-7.167825183885498,-3.148978382791711,-7.3209781940349785,-3.2802116198654403,7.829034597064485,1.0791318255347617,1.073649283313047,1.0,-7.167825183885498,-3.148978382791711,0.44220788595412647
V0399 named,light_V0399_V_8s_2026_05_20-0037_flat_0p3_late_bias_cal.fits,2461181.6959542823,131.37556698090555,182873.85451507568,1391.9928851127625,4,True,ok,187.87681525259197,34.228666350245476,1.0071037257046536,0.9936710493235396,1941.7423712519665,635.6771845303023,182873.85451507568,757.843562157345,22,1083.3171267401983,1103.7149346858787,2.3325081329769453,5.821870096139206,22,0.00863525837948309,0.4596318377092121,-7.617714107299889,-4.386715549580913,-7.688690378433648,-4.430880802127376,8.790497229024687,0.7866309422570967,0.7801852534152277,1.0,-7.617714107299889,-4.386715549580913,0.4596318377092121
V0399 named,light_V0399_V_8s_2026_05_20-0038_flat_0p3_late_bias_cal.fits,2461181.69614699,133.72319364191014,239068.60704612732,1787.787148475647,4,True,ok,189.0140644848301,34.5061656832695,1.025100249801139,0.9996859034524068,1941.6735217277144,637.3544710690259,239068.60704612732,507.2860672663588,25,1083.152436498249,1105.55061591113,1.6743357477455212,4.215165058865766,25,0.026631782475968535,0.47710823931967605,-7.686563631551962,-2.7094290108573205,-7.85338062038295,-2.5951995768759843,8.150108344480616,1.0283523805163937,1.002020329560068,1.0,-7.686563631551962,-2.7094290108573205,0.47710823931967605
V0399 named,light_V0399_V_8s_2026_05_20-0039_flat_0p3_late_bias_cal.fits,2461181.696338542,131.0421795065615,238322.09629440308,1818.6670672893524,4,True,ok,,34.78200003504753,1.0045480315582378,,1942.2595565760191,637.1601461061133,238322.09629440308,489.6194169038054,27,1083.9371263986343,1105.2992403636688,2.0423277153828177,4.9768445471114395,27,0.006079564233067325,0.4944797834495407,-7.100528783247228,-2.9037539737698808,-7.068690719997676,-2.846575124337278,7.671329489854203,1.0251412683670322,1.0193279304413474,1.0,-7.100528783247228,-2.9037539737698808,0.4944797834495407
V0399 named,light_V0399_V_8s_2026_05_20-0040_flat_0p3_late_bias_cal.fits,2461181.6965310187,132.357767070729,267027.10497283936,2017.464565038681,4,True,ok,,35.05916677415371,1.0146331118194434,,1943.4279895774696,636.7327176588018,267027.10497283936,455.41126800095776,28,1084.9655006373737,1104.858430857003,1.5095948592271948,3.5036268190207926,28,0.016164644494272906,0.5119352389019791,-5.932095781796761,-3.331182421081394,-6.040316481258287,-3.2873846310030785,6.803420954705994,1.1486157151877232,1.1307501063868148,1.0,-5.932095781796761,-3.331182421081394,0.5119352389019791
V0399 named,light_V0399_V_8s_2026_05_20-0041_flat_0p3_late_bias_cal.fits,2461181.696722801,130.69176809196992,253016.7399291992,1935.980694293976,4,True,ok,,35.33533304929733,1.0018618346551569,,1943.622703724922,637.288284700387,253016.7399291992,476.83848572871113,28,1085.4223291349963,1105.555734526028,1.045769120169211,2.794708339624425,28,0.0033933673299864076,0.529327686959712,-5.737381634344274,-2.77561537949623,-5.583487983635678,-2.590080961978174,6.373506786142694,1.0883502021931577,1.0850799632229284,1.0,-5.737381634344274,-2.77561537949623,0.529327686959712
V0399 named,light_V0399_V_8s_2026_05_20-0042_flat_0p3_late_bias_cal.fits,2461181.696914352,130.43097438622408,222051.34427261353,1702.443344593048,4,True,ok,189.132839121736,35.61116673052311,0.9998626325300376,1.0003140965475934,1944.763384039896,638.1035561115207,222051.34427261353,560.1401196325339,27,1086.2547881374703,1106.3279278027144,2.120602662175098,5.00292643092611,27,0.001394165204867126,0.5466991888594193,-4.596701319370368,-1.9603439683625083,-4.751028981161653,-1.81788768529168,4.997260398838202,0.9551527124410306,0.9541867680730269,1.0,-4.596701319370368,-1.9603439683625083,0.5466991888594193
V0399 named,light_V0399_V_8s_2026_05_20-0043_flat_0p3_late_bias_cal.fits,2461181.697106134,129.52598868456576,244107.74700927737,1884.623692035675,4,True,ok,,35.88733300566673,0.9929251593545118,,1945.059820502258,637.2917856912591,244107.74700927737,501.2204360175046,28,1086.5403261996012,1105.1963485485971,1.2873788743424643,3.3912585059712304,28,-0.005543307970658717,0.564091636917152,-4.300264857008415,-2.772114388624118,-4.465490919030799,-2.9494669394089215,5.116336191459516,1.0500282150849232,1.0562953507079778,1.0,-4.300264857008415,-2.772114388624118,0.564091636917152
V0399 named,light_V0399_V_8s_2026_05_20-0044_flat_0p3_late_bias_cal.fits,2461181.6972972224,130.86065651998527,238742.98565673828,1824.4061431884768,4,True,ok,187.55316253689512,36.16250015795231,1.0031565058713607,0.9919592663491982,1945.652566851542,638.2297021289658,238742.98565673828,524.3420886620861,28,1087.176864286904,1106.2167984101925,1.9772977640082523,4.874544360771902,28,0.004688038546190265,0.5814211620404938,-3.707518507724444,-1.834197950917428,-3.8289528317279746,-1.929017077813569,4.136420627579959,1.0269517217889153,1.022544572158855,1.0,-3.707518507724444,-1.834197950917428,0.5814211620404938
V0399 named,light_V0399_V_8s_2026_05_20-0045_flat_0p3_late_bias_cal.fits,2461181.6974885417,131.97446245706348,230200.0648803711,1744.2773442268372,4,True,ok,186.3015646972843,36.43799990415573,1.011694761002975,0.985339628173274,1945.6481884133912,638.5596825024047,230200.0648803711,535.1232005215869,27,1087.2575423948554,1106.5815555914703,1.6444747455075497,3.934843726697801,27,0.01322629367780448,0.598771633321861,-3.7118969458751963,-1.504217577478471,-3.7482747237766034,-1.5642598965357593,4.005102927165893,0.990204392118629,0.9776339206804315,1.0,-3.7118969458751963,-1.504217577478471,0.598771633321861
V0399 named,light_V0399_V_8s_2026_05_20-0046_flat_0p3_late_bias_cal.fits,2461181.697679977,131.8054949273265,234916.31085586548,1782.2952752113342,4,True,ok,,36.71366661787033,1.0103994834058403,,1946.158570976247,639.589767931937,234916.31085586548,521.5351797414162,27,1087.675639323939,1107.7627467600091,1.540145941165021,3.8099503916065,27,0.01193101608066982,0.6161326199123983,-3.2015143830194575,-0.47413214794619307,-3.3301777946928723,-0.38306872799694247,3.2364325480993,1.010491299864173,0.9989422401673229,1.0,-3.2015143830194575,-0.47413214794619307,0.6161326199123983
V0399 named,light_V0399_V_8s_2026_05_20-0047_flat_0p3_late_bias_cal.fits,2461181.6978716436,130.64487393130696,226104.6503982544,1730.6813776493073,4,True,ok,197.51653395609003,36.98966659605503,1.0015023516477546,1.0446550378822692,1948.0334944277508,639.1275278662553,226104.6503982544,545.0782710910642,27,1089.8554831954084,1107.273127323818,1.5912913988448212,3.7010450124104057,27,0.0030338843225841128,0.6335145948911184,-1.3265909315155113,-0.9363722136279193,-1.1503339232235703,-0.8726881641880482,1.6237722814587154,0.9725879878406996,0.9700136427730083,1.0,-1.3265909315155113,-0.9363722136279193,0.6335145948911184
V0399 named,light_V0399_V_8s_2026_05_20-0048_flat_0p3_late_bias_cal.fits,2461181.6980633102,130.22906029254284,234272.60078811648,1798.9272153377533,4,True,ok,186.1477537166287,37.26566657423973,0.9983147919331008,0.9845261296139116,1947.7480165066177,639.6800270465964,234272.60078811648,523.0222704373715,29,1089.692802243287,1107.8136178777552,1.673885633806805,4.177010545813777,29,-0.0001536753920696743,0.6508965698698385,-1.6120688526486902,-0.3838730332868181,-1.3130148753450612,-0.332197610250887,1.657143473379685,1.0077223843268674,1.008264122887482,1.0,-1.6120688526486902,-0.3838730332868181,0.6508965698698385
V0399 named,light_V0399_V_8s_2026_05_20-0049_flat_0p3_late_bias_cal.fits,2461181.698254977,131.15843804073825,235494.7014465332,1795.4979104995728,4,True,ok,187.2128478142118,37.54166655242443,1.0054392505695429,0.9901593588559062,1947.520528918169,639.4503419859393,235494.7014465332,536.1711788418438,29,1089.394496865198,1107.6430072178855,2.0854606367143167,5.0208427969312766,29,0.006970783244372392,0.6682785448485584,-1.8395564410973293,-0.6135580939438796,-1.6113202534338598,-0.5028082701205676,1.9391806090786692,1.0129792440076157,1.0063420634482219,1.0,-1.8395564410973293,-0.6135580939438796,0.6682785448485584
V0399 named,light_V0399_V_8s_2026_05_20-0050_flat_0p3_late_bias_cal.fits,2461181.698446412,130.20001986913078,204334.7206993103,1569.3908565044403,4,True,ok,185.6229417939925,37.81733326613903,0.9980921727712092,0.9817504256870472,1947.7027703701167,639.7312551254971,204334.7206993103,633.189998094872,25,1089.390354451898,1107.7717909636483,2.2364129688727004,5.001031832873975,25,-0.000376294553961265,0.6856395314390957,-1.6573149891496541,-0.332644954386069,-1.6154626667339471,-0.3740245243577647,1.6903684920568736,0.8789447474914379,0.8796134062066493,1.0,-1.6573149891496541,-0.332644954386069,0.6856395314390957
V0399 named,light_V0399_V_8s_2026_05_20-0051_flat_0p3_late_bias_cal.fits,2461181.698638773,130.19652066785247,236134.6334991455,1813.6785244941711,4,True,ok,191.10107615575663,38.09433303773403,0.998065348463422,1.010724003466035,1948.0829378398523,640.2166789551022,236134.6334991455,506.6101684244744,29,1089.893832011356,1108.519895934775,2.0656603665548023,5.1638909025072275,29,-0.000403118861748486,0.7030844715823642,-1.2771475194140294,0.15277887521904177,-1.1119851072760412,0.37408044676885766,1.2862531520111444,1.0157319084322913,1.0165319481008803,1.0,-1.2771475194140294,0.15277887521904177,0.7030844715823642
V0399 named,light_V0399_V_8s_2026_05_20-0052_flat_0p3_late_bias_cal.fits,2461181.6988304397,130.4186271711539,228602.5525817871,1752.836673259735,4,True,ok,189.14845034668429,38.37033301591873,0.9997679807878224,1.000396663533066,1948.8117696027325,639.8399658292915,228602.5525817871,549.1894047731931,28,1090.490175173144,1107.9121339720673,2.2868030941844633,5.065189093218389,28,0.0012995134626518912,0.7204664465610842,-0.5483157565338388,-0.22393425059169658,-0.5156419454879142,-0.23368151593876973,0.5922809446971435,0.9833327012034094,0.98243126006486,1.0,-0.5483157565338388,-0.22393425059169658,0.7204664465610842
V0399 named,light_V0399_V_8s_2026_05_20-0053_flat_0p3_late_bias_cal.fits,2461181.6990222223,130.57390215478523,229403.2650527954,1756.8845019340515,4,True,ok,193.3105360176873,38.64649996161461,1.000958293553868,1.022409725818158,1948.3261227554208,640.0639000798832,229403.2650527954,538.8803943337924,27,1090.2424049813624,1108.0176328150549,1.953332790030188,4.588238946425987,27,0.0024898262286974226,0.7378589368489743,-1.0339626038455663,0.0,-0.7634121372695972,-0.12818267295119767,1.0339626038455663,0.9867769617687947,0.984699990224208,1.0,-1.0339626038455663,0.0,0.7378589368489743
V0399 named,light_V0399_V_8s_2026_05_20-0054_flat_0p3_late_bias_cal.fits,2461181.699213773,133.3283072070186,239345.4339542389,1795.1584248542786,4,True,ok,,38.92233297228813,1.0220731146271589,,1949.408419238952,640.6528432077589,239345.4339542389,530.7687132220907,29,1091.2181707832206,1108.7717571132684,1.82539405769112,4.320263065803359,29,0.023604647301988413,0.7552303965185243,0.04833387968574243,0.5889431278757229,0.21235366458859062,0.6259416252623851,0.5909231521928345,1.0295431500342527,1.0061517882700675,1.0,0.04833387968574243,0.5889431278757229,0.7552303965185243
V0399 named,light_V0399_V_8s_2026_05_20-0055_flat_0p3_late_bias_cal.fits,2461181.699405208,131.59748182711823,242748.7881679535,1844.6309518814087,4,True,ok,,39.19799968600273,1.0088048888169885,,1949.3600853592663,640.7534045837422,242748.7881679535,496.5966830970789,30,1091.005817118632,1108.9332284348734,2.7520489765666496,6.339365680411457,30,0.010336421491818015,0.7725913831090616,0.0,0.6895045038589842,0.0,0.7874129468673345,0.6895045038589842,1.0441826606360718,1.0338801886437707,1.0,0.0,0.6895045038589842,0.7725913831090616
V0399 named,light_V0399_V_8s_2026_05_20-0056_flat_0p3_late_bias_cal.fits,2461181.699596991,130.70147705859802,245069.3776512146,1875.0314316749573,4,True,ok,,39.47416663169861,1.0019362620139771,,1949.8425662523616,641.5434502775605,245069.3776512146,476.5245532390495,30,1091.6736404143194,1109.645529457031,1.6451495984792608,3.996177672013039,30,0.003467794688806647,0.7899838733969518,0.4824808930952713,1.4795501976773267,0.6678232956874126,1.4997139690249242,1.5562315379303386,1.0541646643328282,1.0509190731706504,1.0,0.4824808930952713,1.4795501976773267,0.7899838733969518
V0399 named,light_V0399_V_8s_2026_05_20-0057_flat_0p3_late_bias_cal.fits,2461181.699788773,131.13473932391875,252993.58805847168,1929.2644295692444,4,True,ok,,39.75033290684223,1.0052575800614585,,1951.3971631378945,641.1826451511607,252993.58805847168,466.8875149713104,31,1093.0594377089244,1109.4014918736482,1.9505908130861205,4.664129346510884,31,0.006789112736288017,0.8073763214546845,2.037077778628145,1.1187450712775444,2.0536205902924394,1.2556763856421185,2.3240646313492177,1.0882506145405997,1.0813156259534573,1.0,2.037077778628145,1.1187450712775444,0.8073763214546845
V0399 named,light_V0399_V_8s_2026_05_20-0058_flat_0p3_late_bias_cal.fits,2461181.6999804396,131.30464909490905,222733.0709533691,1696.3075754642489,4,True,ok,188.73772109564672,40.02633288502693,1.006560080726767,0.9982243371322927,1951.6610922203288,640.8205391313983,222733.0709533691,602.7148481776908,27,1093.5505237344375,1108.8472540394605,1.7397952842658306,4.044773289389497,27,0.008091613401596476,0.8247582964334046,2.301006861062433,0.7566390515150943,2.5447066158055804,0.7014385514544301,2.422217006986379,0.9580851562431618,0.9507477874260377,1.0,2.301006861062433,0.7566390515150943,0.8247582964334046
V0399 named,light_V0399_V_8s_2026_05_20-0059_flat_0p3_late_bias_cal.fits,2461181.7001721063,132.44454374973228,240993.7637939453,1819.5824227333069,4,True,ok,,40.30233286321163,1.0152983277247811,,1952.4936387023372,641.7405584977877,240993.7637939453,506.6324336457273,29,1094.5022697296129,1110.02820895967,2.189569790093152,5.0789646634817665,29,0.016829860399610652,0.8421402714121247,3.1335533430708438,1.6766584179044912,3.4964526109808958,1.8823934716640451,3.5539189642140765,1.0366334323405835,1.0198409695715358,1.0,3.1335533430708438,1.6766584179044912,0.8421402714121247
V0399 named,light_V0399_V_8s_2026_05_20-0060_flat_0p3_late_bias_cal.fits,2461181.7003641203,129.36659307946084,216444.2181892395,1673.1075081825256,4,True,ok,186.13149628998772,40.57883307337761,0.9917032585745484,0.984440144900109,1953.1714427970155,641.8425306060794,216444.2181892395,611.8710260443221,30,1095.0789588650323,1109.9417107229476,1.661267897867108,4.140125681556111,30,-0.0067652087506220315,0.8595537500881976,3.811357437749166,1.7786305261962525,4.073141746400324,1.795895234941554,4.20594484830734,0.9310336885050242,0.9377445956963794,1.0,3.811357437749166,1.7786305261962525,0.8595537500881976
V0399 named,light_V0399_V_8s_2026_05_20-0061_flat_0p3_late_bias_cal.fits,2461181.70055544,126.74609108186849,244067.7834014893,1925.643476009369,4,True,ok,,40.854333490133286,0.97161491653622,,1953.9750126293943,641.7648767780946,244067.7834014893,476.0247011953484,29,1095.6414968029944,1109.9128440275542,2.5315698063771386,5.655448569142752,29,-0.026853550788950464,0.8769042635997221,4.614927270127964,1.7009766982114343,4.635679684362458,1.7670285395481642,4.918422047407991,1.0498563118320843,1.079286151089807,1.0,4.614927270127964,1.7009766982114343,0.8769042635997221
V0399 named,light_V0399_V_8s_2026_05_20-0062_flat_0p3_late_bias_cal.fits,2461181.700747222,130.44889382072762,233304.4708480835,1788.4741220474243,4,True,ok,189.37642960894595,41.13049976527691,1.0,1.0016024344125167,1954.3104070662976,641.896378621043,233304.4708480835,524.5386495056383,30,1095.9393713933978,1109.9429347819123,1.9967127248202947,4.680184059827062,30,0.0015315326748295277,0.8942967116574548,4.9503217070312076,1.832478541159844,4.933554274765811,1.7971192939062348,5.278604229047266,1.0035579783817152,1.0024053650411533,1.0,4.9503217070312076,1.832478541159844,0.8942967116574548
V0399 named,light_V0399_V_8s_2026_05_20-0063_flat_0p3_late_bias_cal.fits,2461181.70093831,128.77512564819767,232477.3215637207,1805.2967946529388,4,True,ok,190.77471264224852,41.40566624701023,0.9871691654600754,1.0089978832180817,1954.2488917111943,641.9219040692299,232477.3215637207,541.7094125375986,32,1095.8137152102663,1110.1597283163817,2.026472032037103,5.194800253481974,32,-0.01129930186509509,0.9116261945506393,4.888806351927997,1.8580039893466846,4.807898091634343,2.0139128283756236,5.229971928326167,1.0,1.0118341496493386,1.0,4.888806351927997,1.8580039893466846,0.9116261945506393
V0399 named,light_V0399_V_8s_2026_05_20-0064_flat_0p3_late_bias_cal.fits,2461181.701130209,130.8362360761932,236397.12132263184,1806.81689119339,4,True,ok,190.4178165205866,41.68200083076954,1.002969302721707,1.007110277537548,1954.5320422126176,641.3312203489054,236397.12132263184,540.6460915109205,31,1096.380770795319,1109.497248296104,1.6392640018097615,3.892348718210759,31,0.004500835396536562,0.9290292423778568,5.171956853351276,1.267320269022207,5.374953676687028,1.351432808098025,5.324963695388143,1.0168609984515704,1.0126861345389966,1.0,5.171956853351276,1.267320269022207,0.9290292423778568
V0399 named,light_V0399_V_8s_2026_05_20-0065_flat_0p3_late_bias_cal.fits,2461181.7013217593,126.4452230653484,233315.5585899353,1845.190770626068,4,True,ok,,41.95783317089081,0.9693085112635652,,1954.9937334674132,641.08597145997,233315.5585899353,504.6198470457721,33,1097.0034281750366,1109.2900822437873,2.2997040351333555,5.400255332902624,33,-0.029159956061605263,0.9464006598172494,5.633648108146872,1.0220713800867998,5.997611056404594,1.1442667557812456,5.725610964117223,1.00360567224612,1.0341939562885911,1.0,5.633648108146872,1.0220713800867998,0.9464006598172494
V0399 named,light_V0399_V_8s_2026_05_20-0066_flat_0p3_late_bias_cal.fits,2461181.701513542,128.7954205181032,238203.39588165283,1849.4710054397583,4,True,ok,187.66791311232703,42.234000116586685,0.9873247426314192,0.9925661763851524,1955.734911836195,639.9399334771679,238203.39588165283,504.37696974877827,32,1097.6240658634451,1108.145815488006,1.861985322225636,4.344901470921533,32,-0.011143724693751245,0.9637931501051396,6.374826476928547,-0.12396660271531346,6.618248744813172,0.0,6.376031707068121,1.0246306791536337,1.0365929456214462,1.0,6.374826476928547,-0.12396660271531346,0.9637931501051396
V0399 named,light_V0399_V_8s_2026_05_20-0067_flat_0p3_late_bias_cal.fits,2461181.70170544,129.34945778648787,260994.58959960935,2017.747844219208,4,True,ok,,42.510333359241486,0.9915719022060036,,1956.0020255096797,639.5010158610623,260994.58959960935,440.94664901641187,30,1098.0321729893492,1107.7368126842598,2.364350520300744,5.410073844852169,30,-0.00689656511916692,0.9811961134720424,6.6419401504133475,-0.5628842188208409,7.026355870717225,-0.40900280374626163,6.665748840563259,1.122666881414806,1.1309088789219408,1.0,6.6419401504133475,-0.5628842188208409,0.9811961134720424
V0399 named,light_V0399_V_8s_2026_05_20-0068_flat_0p3_late_bias_cal.fits,2461181.7018971066,129.00114243658328,239436.9409713745,1856.0838799476624,4,True,ok,,42.786333337426186,0.9889017733938475,,1956.268860721833,640.9391883045253,239436.9409713745,516.6036813800324,32,1098.1912264855569,1109.1401898415425,2.047636749847819,4.628372588344892,32,-0.009566693931322923,0.9985780884507625,6.908775362566757,0.8752882246420768,7.185409366924887,0.9943743535363865,6.964000752915418,1.0299367669966304,1.040299334661886,1.0,6.908775362566757,0.8752882246420768,0.9985780884507625
V0399 named,light_V0399_V_8s_2026_05_20-0069_flat_0p3_late_bias_cal.fits,2461181.7020890047,128.33505046577696,205170.08976745603,1598.7065811157229,4,True,ok,191.51152489102503,43.062666580080986,0.9837956206983582,1.0128948462329797,1956.0056525733423,640.7238140749677,205170.08976745603,655.8623485816154,27,1097.7207451755446,1108.8743878569655,1.3770538486906576,3.690985924393384,27,-0.01467284662681223,1.0159810518176653,6.645567214075982,0.6599139950844801,6.71492805691264,0.7285723689594761,6.678252022626127,0.8825380832307124,0.896044306306438,1.0,6.645567214075982,0.6599139950844801,1.0159810518176653
V0399 named,light_V0399_V_8s_2026_05_20-0070_flat_0p3_late_bias_cal.fits,2461181.702280787,130.2604274157366,207100.23192977905,1589.8936924934387,4,True,ok,189.88110847952012,43.33883285522461,0.9985552471970364,1.004271655637183,1959.2065734060009,642.6712463238083,207100.23192977905,610.8506949272712,28,1101.190128380803,1110.725305550843,1.820150390602241,3.967440185673347,28,8.677987186589409e-05,1.033373499875398,9.846488046734521,2.6073462439251216,10.184311262170922,2.5794900628368396,10.185852015918758,0.8908405797896896,0.8911048516464095,1.0,9.846488046734521,2.6073462439251216,1.033373499875398
V0399 named,light_V0399_V_8s_2026_05_20-0071_flat_0p3_late_bias_cal.fits,2461181.7024725694,132.67115503542706,238952.70917892456,1801.0901398658752,4,True,ok,,43.61499980092049,1.017035492978219,,1958.602561618809,642.6354791600914,238952.70917892456,544.4754267306419,31,1100.5885623999002,1110.7182510959394,2.1202273273078154,5.046976107826489,31,0.018567025653048574,1.0507659901632882,9.242476259542627,2.5715790802082665,9.582745281268217,2.5724356079333575,9.593559629979577,1.027853846438217,1.0094764005069572,1.0,9.242476259542627,2.5715790802082665,1.0507659901632882
V0399 named,light_V0399_V_8s_2026_05_20-0072_flat_0p3_late_bias_cal.fits,2461181.7026641206,131.63323438594185,245099.63958740231,1861.9890389442444,4,True,ok,,43.89083348214626,1.0090789621170866,,1958.591787663346,643.3308492225112,245099.63958740231,482.6817750269238,30,1100.2451621217583,1111.5332065902207,1.7329375453551394,4.2359418473705786,30,0.010610494791916114,1.0681374920629956,9.23170230407959,3.26694914262805,9.239345003126346,3.3873911022146785,9.792715871078185,1.0542948358953022,1.0436090627628545,1.0,9.23170230407959,3.26694914262805,1.0681374920629956
V0399 named,light_V0399_V_8s_2026_05_20-0073_flat_0p3_late_bias_cal.fits,2461181.7028560187,129.12939105802792,242907.1375751495,1881.1142497062683,4,True,ok,,44.16716672480106,0.9898849064637294,,1958.8289421671263,643.2765335388864,242907.1375751495,514.315938498753,32,1100.8139573912229,1111.7911900084396,1.3893119052760043,3.2504519051932856,32,-0.008583560861441075,1.0855404554298984,9.468856807859993,3.2126334590032,9.80814027259089,3.6453745204335064,9.999013100784667,1.0448637997946395,1.054328375745392,1.0,9.468856807859993,3.2126334590032,1.0855404554298984
V0399 named,light_V0399_V_8s_2026_05_20-0074_flat_0p3_late_bias_cal.fits,2461181.7030475694,131.74626950760003,190775.7830810547,1448.0545353889463,4,True,ok,186.68212553677128,44.44299973547459,1.0099454709723743,0.9873523953590282,1959.6855399845351,643.5932120704991,190775.7830810547,713.8197886476877,25,1101.5432391944344,1111.9854111904929,1.7966462495415625,4.442256956318967,25,0.011477003647203832,1.1029119150994484,10.325454625268776,3.529311990615952,10.537422075802397,3.839595702486804,10.911968490863135,0.8206210472395009,0.8116067307053629,1.0,10.325454625268776,3.529311990615952,1.1029119150994484
V0399 named,light_V0399_V_8s_2026_05_20-0075_flat_0p3_late_bias_cal.fits,2461181.7032395834,130.92968619833326,254214.4809360504,1941.6107096672056,4,True,ok,,44.71949994564056,1.0036856761565671,,1960.8165759487783,643.7071434563917,254214.4809360504,454.1124407056336,30,1102.6301254175746,1112.1078158840028,1.410694507361791,3.7332185278810344,30,0.005217208831396647,1.1203253937755209,11.456490589511986,3.643243376508508,11.624308298942651,3.9620003959967107,12.021830098951234,1.093502278958301,1.0882354786121746,1.0,11.456490589511986,3.643243376508508,1.1203253937755209
V0399 named,light_V0399_V_8s_2026_05_20-0076_flat_0p3_late_bias_cal.fits,2461181.703431134,130.77659429482875,221191.1690196991,1691.3666410446167,4,True,ok,190.2682289499771,44.99533295631409,1.002512098527654,1.006319116382014,1960.0913004862232,644.6177677682358,221191.1690196991,569.3702306625916,29,1101.7547741065528,1112.9394172405855,2.305576033709027,5.43004484879154,29,0.004043631202483633,1.1376968534450713,10.73121512695684,4.553867688352625,10.748956987920792,4.793601752579434,11.657473526628719,0.9514526730258799,0.9479784886648759,1.0,10.73121512695684,4.553867688352625,1.1376968534450713
V0399 named,light_V0399_V_8s_2026_05_20-0077_flat_0p3_late_bias_cal.fits,2461181.703622338,127.6922251558954,250204.75310325623,1959.4360799789429,4,True,ok,,45.270666405558586,0.9788678264407468,,1960.9800871198076,644.2790011405763,250204.75310325623,466.8380385128063,32,1102.843863682756,1112.6002157901696,1.4476033367491412,3.3918316756580507,32,-0.019600640884423703,1.1550368516474256,11.6200017605413,4.215101060693087,11.838046564123943,4.454400302163549,12.360886613299181,1.0762544553606126,1.0982262560095437,1.0,11.6200017605413,4.215101060693087,1.1550368516474256
V0399 named,light_V0399_V_8s_2026_05_20-0078_flat_0p3_late_bias_cal.fits,2461181.703814236,131.3485350399383,218499.7227783203,1663.5109231472015,4,True,ok,191.69461055548905,45.54699964821339,1.0068965032424655,1.013863177126174,1961.759511836428,644.1050997660669,218499.7227783203,609.6468287035543,29,1103.7065753812878,1112.3865482291417,1.7586503272717025,4.0984704815804385,29,0.008428035917295018,1.1724398150143287,12.399426477161569,4.041199686183745,12.700758262655881,4.240732741135616,13.041360046641874,0.9398754308963027,0.9323658942620695,1.0,12.399426477161569,4.041199686183745,1.1724398150143287
V0399 named,light_V0399_V_8s_2026_05_20-0079_flat_0p3_late_bias_cal.fits,2461181.7040060186,131.3400523235228,268106.16564941406,2041.313071727753,4,True,ok,,45.823166593909264,1.0068314761183017,,1961.2474965339209,645.3916249144576,268106.16564941406,417.0716102275354,33,1103.068323453622,1113.656945760024,2.087972247514703,4.941123966732753,33,0.008363008793131232,1.1898323053022186,11.887411174654517,5.327724834574383,12.062506334990076,5.511130272017908,13.026710879889892,1.153257289124125,1.14411673593915,1.0,11.887411174654517,5.327724834574383,1.1898323053022186
V0399 named,light_V0399_V_8s_2026_05_20-0080_flat_0p3_late_bias_cal.fits,2461181.7041976852,132.31157146795763,261798.965467453,1978.655098438263,4,True,ok,,46.09916657209397,1.014278983843204,,1963.5335899202448,646.1852098520089,261798.965467453,424.8301957015738,34,1105.3557547331245,1114.4162739747658,1.627409012711221,3.8775501789775975,34,0.015810516518033557,1.2072142802809391,14.173504560978472,6.121309772125755,14.349937614492546,6.270458486759708,15.43886863945671,1.1261269000627891,1.1089981464031227,1.0,14.173504560978472,6.121309772125755,1.2072142802809391
V0399 named,light_V0399_V_8s_2026_05_20-0081_flat_0p3_late_bias_cal.fits,2461181.704389352,131.731253786861,249815.5061340332,1896.4027059078217,4,True,ok,,46.375166550278664,1.0098303628997858,,1963.3436744330936,645.7780818433697,249815.5061340332,490.1162129437203,31,1105.0963090583186,1114.0012787691514,2.2277248181820375,5.149759328132185,31,0.01136189557461531,1.2245962552596588,13.983589073827261,5.714181763486522,14.090491939686672,5.855463281145376,15.106046359382825,1.0745801115295464,1.0628972615518524,1.0,13.983589073827261,5.714181763486522,1.2245962552596588
V0399 named,light_V0399_V_8s_2026_05_20-0083_flat_0p3_late_bias_cal.fits,2461181.704772338,130.2057083593297,227200.09252929688,1744.931888103485,4,True,ok,,46.926666274666786,0.9981357798117312,,1963.720210836995,645.3529226973137,227200.09252929688,573.4964362435824,32,1105.4668740757218,1113.6056994768776,2.2410981112794532,5.394175620276173,32,-0.00033268751343928926,1.259328701519746,14.360125477728616,5.289022617430533,14.461056957089795,5.459883988871525,15.303168429570468,0.9773000265190281,0.9780007799408024,1.0,14.360125477728616,5.289022617430533,1.259328701519746
V0399 named,light_V0399_V_8s_2026_05_20-0084_flat_0p3_late_bias_cal.fits,2461181.704964236,129.600703346052,219999.396982193,1697.5169987678528,4,True,ok,186.70913872639133,47.20299951732159,0.993497909795684,0.9874952667635666,1964.429989704122,646.6084305135871,219999.396982193,580.5631761539543,30,1106.2155748398764,1114.96822087068,2.0595299799222255,4.868804870551296,30,-0.004970557529486497,1.276731664886649,15.069904344855559,6.544530433703926,15.209757721244387,6.822405382673878,16.429634675207275,0.9463262717515971,0.9514256459386062,1.0,15.069904344855559,6.544530433703926,1.276731664886649
V0399 named,light_V0399_V_8s_2026_05_20-0085_flat_0p3_late_bias_cal.fits,2461181.7051554397,127.717470263567,244224.54489135745,1912.225041627884,4,True,ok,,47.478332966566086,0.9790613513295534,,1963.9325560969369,646.8922865311936,244224.54489135745,470.68389458987974,32,1105.9122131149363,1115.2425703618155,1.9793542778609083,4.8954302727299295,32,-0.019407115995617064,1.2940716630890035,14.572470737670528,6.828386451310394,14.906395996304354,7.096754873809459,16.0929725324038,1.050530620572454,1.0717653765655133,1.0,14.572470737670528,6.828386451310394,1.2940716630890035
V0399 named,light_V0399_V_8s_2026_05_20-0086_flat_0p3_late_bias_cal.fits,2461181.705346875,129.30701617257853,222623.6554222107,1721.6672537326813,4,True,ok,190.2843860719114,47.753999680280685,0.991246551697722,1.0064045705892557,1964.6451061560624,647.0334272210613,222623.6554222107,544.3897391781005,30,1106.519102474031,1115.5808503154935,2.197260660655224,5.248328741577849,30,-0.00722191562744845,1.3114326496795408,15.285020796796061,6.969527141178105,15.51328535539892,7.4350348274874705,16.798993104650837,0.9576145059000554,0.9649613995989065,1.0,15.285020796796061,6.969527141178105,1.3114326496795408
V0399 named,light_V0399_V_8s_2026_05_20-0087_flat_0p3_late_bias_cal.fits,2461181.705539352,132.2279820139512,219467.5806465149,1659.7665433883667,4,True,ok,188.54554627665087,48.031166419386864,1.0136382006862283,0.9972079341568196,1965.467605967416,647.2035910332594,219467.5806465149,590.2455972957642,30,1107.2214600717718,1115.683341849345,1.6915471564160092,4.317116304101889,30,0.015169733361057869,1.3288881051319792,16.10752060814957,7.139690953376203,16.215642953139877,7.537526361338905,17.61895022558623,0.9440386665258447,0.9302672413865609,1.0,16.10752060814957,7.139690953376203,1.3288881051319792
V0399 named,light_V0399_V_8s_2026_05_20-0089_flat_0p3_late_bias_cal.fits,2461181.705923148,129.38764377824873,237148.92865753177,1832.8560729026792,4,True,ok,188.3458307426778,48.583832904696465,0.991864629807154,0.9961516487181804,1965.8969611122056,648.1523408431104,237148.92865753177,505.8536588004041,36,1107.584687112375,1116.4632132009565,1.4534989508269,3.829502260086623,36,-0.00660383751801652,1.3636940318657849,16.536875752939295,8.088440763227254,16.578869993742956,8.317397712950424,18.40899599783725,1.0200948938261516,1.0272805953281703,1.0,16.536875752939295,8.088440763227254,1.3636940318657849
V0399 named,light_V0399_V_8s_2026_05_20-0090_flat_0p3_late_bias_cal.fits,2461181.7061149306,133.1028700367399,251952.29607009888,1892.9140746593475,4,True,ok,,48.85999985039234,1.0203449499515078,,1967.4403789637176,648.6679642277126,251952.29607009888,460.8510735872006,32,1109.184877976289,1116.888270022244,1.801802929448344,4.196813425570596,32,0.021876482626337346,1.381086522153675,18.0802936044513,8.604064147829376,18.179060857657078,8.742454534237822,20.02316000742953,1.0837715024217542,1.0609419508000717,1.0,18.0802936044513,8.604064147829376,1.381086522153675
V0399 named,light_V0399_V_8s_2026_05_20-0091_flat_0p3_late_bias_cal.fits,2461181.706306713,132.8679886285901,247653.96411132812,1863.909935474396,4,True,ok,,49.13616679608822,1.018544387284625,,1968.2205162487048,649.1574335146242,247653.96411132812,492.85061821684985,33,1109.815582448907,1117.583097597529,2.430696708058501,5.563490927588418,33,0.020075919959454458,1.3984790124415651,18.860430889438476,9.093533434741062,18.809765330275013,9.43728210952304,20.938199628049173,1.0652822496642864,1.0446856883420428,1.0,18.860430889438476,9.093533434741062,1.3984790124415651
V0399 named,light_V0399_V_8s_2026_05_20-0092_flat_0p3_late_bias_cal.fits,2461181.706498958,133.8702979152892,227921.80810546875,1702.5569648742676,4,True,ok,189.2014532679046,49.41299960017204,1.0262279272315142,1.0006769933240272,1967.7212777661016,649.5643567669067,227921.80810546875,549.4820534882928,31,1109.5469649784047,1117.7657599393694,2.315309579557141,5.217758604575606,31,0.027759459906343764,1.4159134372756634,18.361192406835244,9.50045668702353,18.541147859772764,9.61994445136338,20.673462793224417,0.9804044823486006,0.9542504500564942,1.0,18.361192406835244,9.50045668702353,1.4159134372756634
V0399 named,light_V0399_V_8s_2026_05_20-0093_flat_0p3_late_bias_cal.fits,2461181.7066908563,129.92797221194195,260963.2859916687,2008.5227341651917,4,True,ok,,49.68933284282684,0.9960066996850004,,1967.9766763189768,649.8790093546567,260963.2859916687,422.7507603071075,34,1109.8487930123438,1118.2906309997525,1.7463797689933271,4.282597619597865,34,-0.0024617676401700317,1.4333164006425663,18.616590959710493,9.815109274773476,18.84297589371181,10.144815511746401,21.045518027288345,1.122532229106658,1.1257383820736808,1.0,18.616590959710493,9.815109274773476,1.4333164006425663
V0399 named,light_V0399_V_8s_2026_05_20-0094_flat_0p3_late_bias_cal.fits,2461181.706882639,130.69339199825862,220744.19573020935,1689.0233879089355,4,True,ok,187.7690122663901,49.96549978852272,1.0018742832566063,0.9931008847384344,1968.5380456081512,648.4555114641776,220744.19573020935,566.6735990866852,31,1110.268424591291,1116.9283322920955,2.2249394466203727,5.833500876335521,31,0.0034058159314358516,1.4507088909304564,19.1779602488848,8.391611384294379,19.262607472659056,8.782516804089482,20.933544872592044,0.9495300197258365,0.9466651403273739,1.0,19.1779602488848,8.391611384294379,1.4507088909304564
V0399 named,light_V0399_V_8s_2026_05_20-0095_flat_0p3_late_bias_cal.fits,2461181.7070737267,129.6855459977732,257497.88716125488,1985.55579328537,4,True,ok,,50.24066627025604,0.9941482997624844,,1968.1473349178752,649.3377915309903,257497.88716125488,456.39330107262185,33,1110.1886870286137,1117.8677274422646,1.9824102734125764,4.939630722444233,33,-0.00432016756268605,1.4680383738236409,18.78724955860889,9.273891451107147,19.18286990998172,9.72191195425853,20.951510891207064,1.1076258339060234,1.1128658532108306,1.0,18.78724955860889,9.273891451107147,1.4680383738236409
V0399 named,light_V0399_V_8s_2026_05_20-0096_flat_0p3_late_bias_cal.fits,2461181.7072653933,130.68101600645133,276574.8903808594,2116.412152528763,4,True,ok,,50.51666624844074,1.0017794109166054,,1968.2510190501416,649.517260422481,276574.8903808594,399.70991907478,31,1110.217872316821,1117.9861671456486,2.193606422126366,5.036619980407642,31,0.0033109435914349117,1.485420348802361,18.890933690875272,9.453360342597762,19.21205519818909,9.840351657642486,21.124237204690882,1.1896854648897517,1.1862083270762986,1.0,18.890933690875272,9.453360342597762,1.485420348802361
V0399 named,light_V0399_V_8s_2026_05_20-0097_flat_0p3_late_bias_cal.fits,2461181.707456597,129.99142748901258,248023.498046875,1907.9988799095152,4,True,ok,,50.79199969768524,0.9964931375167986,,1968.2041181864029,649.1348020957104,248023.498046875,510.4516642991533,32,1110.1075269400856,1117.6501535033558,2.1498541166922887,4.845886472500919,32,-0.001975329808371895,1.5027603470047153,18.844032827136516,9.070902015827187,19.101709821453596,9.504338015349731,20.913604102854592,1.0668717979826396,1.0693966941631228,1.0,18.844032827136516,9.070902015827187,1.5027603470047153
V0399 named,light_V0399_V_8s_2026_05_20-0098_flat_0p3_late_bias_cal.fits,2461181.7076488426,132.33842442967995,238526.73048591617,1802.3996546268463,4,True,ok,,51.06883317232132,1.014484834279615,,1968.541657566172,649.785559330741,238526.73048591617,510.2546130575576,34,1110.5061630760104,1118.357238845016,2.0226573841974926,4.768675960885321,34,0.01601636695444464,1.520194814068971,19.181572206905685,9.721659250857783,19.500345957378386,10.211423357009835,21.504496527901445,1.0260215012866851,1.0102103583572923,1.0,19.181572206905685,9.721659250857783,1.520194814068971
V0399 named,light_V0399_V_8s_2026_05_20-0099_flat_0p3_late_bias_cal.fits,2461181.707839815,130.85180727747604,275634.7908592224,2106.465295314789,4,True,ok,,51.34383335709572,1.0030886690177852,,1968.60253702106,650.0830035690423,275634.7908592224,393.2240702968057,35,1110.780817228783,1118.5016025265495,1.1773199622095447,3.1825625695694963,35,0.004620201692614678,1.5375138238831427,19.242451661793666,10.019103489159079,19.77500011015104,10.35578703854344,21.69457030417854,1.1856416316447989,1.1806333048192412,1.0,19.242451661793666,10.019103489159079,1.5375138238831427
V0399 named,light_V0399_V_8s_2026_05_20-0100_flat_0p3_late_bias_cal.fits,2461181.7080314816,129.354507884672,229199.96141815183,1771.8745574951172,4,True,ok,188.19994368660412,51.61983333528042,0.9916106154371872,0.9953800593983564,1969.9285619007603,650.3715413307643,229199.96141815183,545.8562289841036,33,1112.2201032129583,1118.5989310834009,1.571063096939051,3.5264612115701364,33,-0.006857851887983268,1.5548957988618628,20.568476541493965,10.307641250881147,21.214286094326326,10.45311559539482,23.006731523509682,0.9859024522326554,0.9931016282079186,1.0,20.568476541493965,10.307641250881147,1.5548957988618628
V0399 named,light_V0399_V_8s_2026_05_20-0101_flat_0p3_late_bias_cal.fits,2461181.7082226854,130.22048976354534,270164.6859512329,2074.671093940735,4,True,ok,,51.89516678452492,0.9982490916519678,,1969.923527365666,649.4313876510229,270164.6859512329,450.9836048887118,34,1111.7668525056172,1117.7402099670228,1.9734781829100083,4.599788725161443,34,-0.0002193756732026264,1.5722357970642173,20.563442006399555,9.36748757113969,20.761035386985213,9.594394479016728,22.596569884520402,1.1621120035881964,1.16281326613841,1.0,20.563442006399555,9.36748757113969,1.5722357970642173
V0399 named,light_V0399_V_8s_2026_05_20-0102_flat_0p3_late_bias_cal.fits,2461181.7084144675,132.35453617470102,230227.1424255371,1739.4730024337769,4,True,ok,191.62811676685345,52.17133305966854,1.0146083442960605,1.013511494814345,1971.6843813554967,650.0481401681247,230227.1424255371,537.4799656470459,32,1113.5502535196083,1118.3292820579557,1.917072375533565,4.586136790861729,32,0.016139876970890032,1.5896282451219501,22.324295996230376,9.984240088241563,22.544436400976338,10.183466569949587,24.455249781324202,0.9903208660395426,0.9749411794607029,1.0,22.324295996230376,9.984240088241563,1.5896282451219501
V0399 named,light_V0399_V_8s_2026_05_20-0103_flat_0p3_late_bias_cal.fits,2461181.7086069444,126.88870216817628,254406.69688415527,2004.9594056606293,4,True,ok,,52.44849979877472,0.9727081499254104,,1970.6365628091885,650.5089753939283,254406.69688415527,444.827399683297,31,1112.6341289724855,1118.8183445052407,1.4302361539091577,3.464630105727304,31,-0.025760317399760035,1.6070837005743885,21.27647744992214,10.445075314045084,21.628311853853575,10.672529017234638,23.702069339893498,1.0943290948679647,1.1237412049457902,1.0,21.27647744992214,10.445075314045084,1.6070837005743885
V0399 named,light_V0399_V_8s_2026_05_20-0104_flat_0p3_late_bias_cal.fits,2461181.708799537,127.29406052100754,218690.84701919556,1717.9972586631775,4,True,ok,190.6193805553635,52.72583283483982,0.9758155611188573,1.008176339604192,1971.0095555323376,650.8926915327894,218690.84701919556,558.6117298490639,29,1112.8272563656278,1119.3827591363372,2.1760339411184844,5.438678975697598,29,-0.022652906206313217,1.6245496291058397,21.649470173071222,10.828791452906216,21.82143924699585,11.236943648331135,24.206657826003887,0.9406975508329471,0.9629044379118491,1.0,21.649470173071222,10.828791452906216,1.6245496291058397
V0399 named,light_V0399_V_8s_2026_05_20-0105_flat_0p3_late_bias_cal.fits,2461181.7089913194,134.02716525354109,219466.10537719727,1637.4747982025146,4,True,ok,193.3675332632481,53.0019997805357,1.0274304467290538,1.0227111813901444,1971.471677736348,650.6992715401842,219466.10537719727,583.0679439510885,30,1113.3088803463927,1119.1723610333047,1.645020756409436,4.283467815066923,30,0.028961979403883342,1.6419421193937298,22.111592377081706,10.63537146030103,22.30306322776073,11.026545545298632,24.536373887532843,0.9440323206624818,0.9177731467306943,1.0,22.111592377081706,10.63537146030103,1.6419421193937298
V0399 named,light_V0399_V_8s_2026_05_20-0106_flat_0p3_late_bias_cal.fits,2461181.709182986,129.604828885906,262697.68003845215,2026.9127492904663,4,True,ok,,53.2779997587204,0.993529535513106,,1971.1517876152193,650.6504254291274,262697.68003845215,433.76200922054227,30,1113.108722670272,1119.2246224518235,1.737598981029644,4.29417560760234,30,-0.0049389318120645065,1.6593240943724499,21.79170225595294,10.586525349244198,22.102905551640106,11.078806963817442,24.22710891093476,1.1299927161559638,1.1360456320347034,1.0,21.79170225595294,10.586525349244198,1.6593240943724499
V0399 named,light_V0399_V_8s_2026_05_20-0107_flat_0p3_late_bias_cal.fits,2461181.7093744213,129.65473913531943,260122.1408996582,2006.267897605896,4,True,ok,,53.553666472435,0.9939121393662442,,1972.076204549273,651.3677617849442,260122.1408996582,438.4467104310559,36,1113.952938765347,1119.8074210239845,2.3494504805099785,5.701885556443981,36,-0.004556327958926243,1.6766850809629872,22.716119190006566,11.303861705060967,22.947121646715004,11.661605535978424,25.373201621035694,1.1189140478305115,1.124474589527585,1.0,22.716119190006566,11.303861705060967,1.6766850809629872
V0399 named,light_V0399_V_8s_2026_05_20-0108_flat_0p3_late_bias_cal.fits,2461181.7095659724,129.42925106591989,265232.46862983704,2049.246723175049,4,True,ok,,53.829500153660774,0.9921835845062128,,1972.8049029938877,652.0499399129695,265232.46862983704,415.9742953735256,30,1114.8856756573489,1120.6746511866183,2.106892338267655,5.213854773134322,30,-0.006284882818957671,1.6940565828626946,23.44481763462136,11.986039833086352,23.879858538716917,12.528835698612284,26.331058178527222,1.1408960962118548,1.1485633950644336,1.0,23.44481763462136,11.986039833086352,1.6940565828626946
V0399 named,light_V0399_V_8s_2026_05_20-0109_flat_0p3_late_bias_cal.fits,2461181.7097577546,129.86476491988645,262552.0541381836,2021.734334945679,4,True,ok,,54.1056664288044,0.9955221628659886,,1973.30273057508,652.3825601582595,262552.0541381836,428.22327195059194,32,1115.0638376302293,1120.9850021937614,2.045163323796299,5.118171975492395,32,-0.00294630445918187,1.7114490309204273,23.942645215813627,12.318660078376297,24.058020511597306,12.83918670575531,26.925817463113447,1.129366307096839,1.1331432303406388,1.0,23.942645215813627,12.318660078376297,1.7114490309204273
